Speaker_ID,gloss1,data_type,degree,threshold
Adeline_1,au revoir3031,iter,1,0.25
Adeline_1,au revoir3037,iter,1,0.25
Adeline_1,bisou3039,iter,1,0.25
Adeline_1,bisou3041,iter,1,0.25
Adeline_1,bobo3130,iter,1,0.25
Adeline_1,chapeau3043,iter,1,0.25
Adeline_1,chapeau3047,iter,1,0.25
Adeline_1,encore3053,iter,1,0.25
Adeline_1,encore3055,iter,1,0.25
Adeline_1,encore3057,iter,1,0.25
Adeline_1,encore3060,iter,1,0.25
Adeline_1,encore3061,iter,1,0.25
Adeline_1,encore3064,iter,1,0.25
Adeline_1,maman2613,iter,1,0.25
Adeline_1,papa2615,iter,1,0.25
Adeline_1,vachou3068,iter,1,0.25
Adeline_1,voilà2616,iter,1,0.25
Adeline_1,voilà3069,iter,1,0.25
Adeline_10,au revoir3035,iter,1,0.25
Adeline_10,au revoir3036,iter,1,0.25
Adeline_10,chapeau3045,iter,1,0.25
Adeline_10,coucou2604,iter,1,0.25
Adeline_10,coucou2606,iter,1,0.25
Adeline_10,coucou3134,iter,1,0.25
Adeline_10,dodo2610,iter,1,0.25
Adeline_10,encore1956,iter,1,0.25
Adeline_10,encore3054,iter,1,0.25
Adeline_10,encore3059,iter,1,0.25
Adeline_10,encore3062,iter,1,0.25
Adeline_10,encore3063,iter,1,0.25
Adeline_10,maman2613,iter,1,0.25
Adeline_10,papa2614,iter,1,0.25
Adeline_10,parti3067,iter,1,0.25
Adeline_10,voilà3069,iter,1,0.25
Adeline_10,voiture3070,iter,1,0.25
Adeline_10,voiture3071,iter,1,0.25
Adeline_100,au revoir1955,iter,1,0.25
Adeline_100,au revoir3031,iter,1,0.25
Adeline_100,bisou3039,iter,1,0.25
Adeline_100,encore1956,iter,1,0.25
Adeline_100,encore3055,iter,1,0.25
Adeline_100,encore3056,iter,1,0.25
Adeline_100,encore3059,iter,1,0.25
Adeline_100,encore3062,iter,1,0.25
Adeline_100,encore3064,iter,1,0.25
Adeline_100,maman2612,iter,1,0.25
Adeline_100,papa2614,iter,1,0.25
Adeline_100,papa2615,iter,1,0.25
Adeline_100,vachou3068,iter,1,0.25
Adeline_100,voilà2616,iter,1,0.25
Adeline_100,voilà3069,iter,1,0.25
Adeline_100,voiture3070,iter,1,0.25
Adeline_11,au revoir3033,iter,1,0.25
Adeline_11,au revoir3037,iter,1,0.25
Adeline_11,bisou3038,iter,1,0.25
Adeline_11,bisou3039,iter,1,0.25
Adeline_11,bisou3041,iter,1,0.25
Adeline_11,bobo3131,iter,1,0.25
Adeline_11,bobo3132,iter,1,0.25
Adeline_11,chapeau3043,iter,1,0.25
Adeline_11,coucou2606,iter,1,0.25
Adeline_11,coucou3052,iter,1,0.25
Adeline_11,encore3053,iter,1,0.25
Adeline_11,encore3054,iter,1,0.25
Adeline_11,encore3059,iter,1,0.25
Adeline_11,encore3060,iter,1,0.25
Adeline_11,encore3061,iter,1,0.25
Adeline_11,encore3064,iter,1,0.25
Adeline_11,maman2611,iter,1,0.25
Adeline_11,maman2612,iter,1,0.25
Adeline_11,oiseau3066,iter,1,0.25
Adeline_11,papa2615,iter,1,0.25
Adeline_12,au revoir3033,iter,1,0.25
Adeline_12,au revoir3036,iter,1,0.25
Adeline_12,bisou3038,iter,1,0.25
Adeline_12,bisou3039,iter,1,0.25
Adeline_12,bisou3041,iter,1,0.25
Adeline_12,bobo3130,iter,1,0.25
Adeline_12,bobo3131,iter,1,0.25
Adeline_12,bobo3132,iter,1,0.25
Adeline_12,chapeau3049,iter,1,0.25
Adeline_12,chapeau3050,iter,1,0.25
Adeline_12,coucou2604,iter,1,0.25
Adeline_12,dodo2610,iter,1,0.25
Adeline_12,encore3057,iter,1,0.25
Adeline_12,encore3059,iter,1,0.25
Adeline_12,encore3061,iter,1,0.25
Adeline_12,encore3065,iter,1,0.25
Adeline_12,maman2613,iter,1,0.25
Adeline_12,voilà2616,iter,1,0.25
Adeline_12,voiture3070,iter,1,0.25
Adeline_13,au revoir1955,iter,1,0.25
Adeline_13,au revoir3031,iter,1,0.25
Adeline_13,au revoir3032,iter,1,0.25
Adeline_13,au revoir3035,iter,1,0.25
Adeline_13,bobo3132,iter,1,0.25
Adeline_13,chapeau3043,iter,1,0.25
Adeline_13,chapeau3044,iter,1,0.25
Adeline_13,dodo2610,iter,1,0.25
Adeline_13,encore3053,iter,1,0.25
Adeline_13,encore3055,iter,1,0.25
Adeline_13,encore3057,iter,1,0.25
Adeline_13,encore3062,iter,1,0.25
Adeline_13,encore3064,iter,1,0.25
Adeline_13,maman2612,iter,1,0.25
Adeline_13,maman2613,iter,1,0.25
Adeline_13,oiseau3066,iter,1,0.25
Adeline_13,papa3135,iter,1,0.25
Adeline_13,vachou3068,iter,1,0.25
Adeline_13,voilà3069,iter,1,0.25
Adeline_13,voiture3070,iter,1,0.25
Adeline_14,au revoir3035,iter,1,0.25
Adeline_14,au revoir3037,iter,1,0.25
Adeline_14,bisou3039,iter,1,0.25
Adeline_14,bobo3130,iter,1,0.25
Adeline_14,bobo3132,iter,1,0.25
Adeline_14,chapeau3043,iter,1,0.25
Adeline_14,coucou2604,iter,1,0.25
Adeline_14,coucou2605,iter,1,0.25
Adeline_14,coucou3134,iter,1,0.25
Adeline_14,encore3054,iter,1,0.25
Adeline_14,encore3064,iter,1,0.25
Adeline_14,maman2611,iter,1,0.25
Adeline_14,maman2612,iter,1,0.25
Adeline_14,maman2613,iter,1,0.25
Adeline_14,oiseau3066,iter,1,0.25
Adeline_14,vachou3068,iter,1,0.25
Adeline_14,voilà2616,iter,1,0.25
Adeline_14,voilà3069,iter,1,0.25
Adeline_14,voiture3071,iter,1,0.25
Adeline_15,au revoir3031,iter,1,0.25
Adeline_15,au revoir3032,iter,1,0.25
Adeline_15,au revoir3033,iter,1,0.25
Adeline_15,bisou3041,iter,1,0.25
Adeline_15,chapeau3045,iter,1,0.25
Adeline_15,chapeau3046,iter,1,0.25
Adeline_15,chapeau3047,iter,1,0.25
Adeline_15,coucou2604,iter,1,0.25
Adeline_15,coucou2605,iter,1,0.25
Adeline_15,coucou2608,iter,1,0.25
Adeline_15,coucou2609,iter,1,0.25
Adeline_15,coucou3052,iter,1,0.25
Adeline_15,dodo2610,iter,1,0.25
Adeline_15,encore3060,iter,1,0.25
Adeline_15,encore3062,iter,1,0.25
Adeline_15,encore3064,iter,1,0.25
Adeline_15,maman2611,iter,1,0.25
Adeline_15,maman2612,iter,1,0.25
Adeline_15,vachou3068,iter,1,0.25
Adeline_16,bisou3039,iter,1,0.25
Adeline_16,bisou3041,iter,1,0.25
Adeline_16,chapeau3045,iter,1,0.25
Adeline_16,coucou2603,iter,1,0.25
Adeline_16,coucou2605,iter,1,0.25
Adeline_16,coucou2608,iter,1,0.25
Adeline_16,coucou2609,iter,1,0.25
Adeline_16,encore1956,iter,1,0.25
Adeline_16,encore3055,iter,1,0.25
Adeline_16,encore3063,iter,1,0.25
Adeline_16,encore3065,iter,1,0.25
Adeline_16,maman2612,iter,1,0.25
Adeline_16,maman2613,iter,1,0.25
Adeline_16,papa2614,iter,1,0.25
Adeline_16,papa2615,iter,1,0.25
Adeline_16,papa3135,iter,1,0.25
Adeline_16,vachou3068,iter,1,0.25
Adeline_16,voilà2616,iter,1,0.25
Adeline_16,voiture3071,iter,1,0.25
Adeline_17,au revoir1955,iter,1,0.25
Adeline_17,au revoir3031,iter,1,0.25
Adeline_17,au revoir3033,iter,1,0.25
Adeline_17,bisou3038,iter,1,0.25
Adeline_17,bobo3130,iter,1,0.25
Adeline_17,chapeau3043,iter,1,0.25
Adeline_17,chapeau3047,iter,1,0.25
Adeline_17,chapeau3049,iter,1,0.25
Adeline_17,coucou2606,iter,1,0.25
Adeline_17,coucou2609,iter,1,0.25
Adeline_17,coucou3052,iter,1,0.25
Adeline_17,encore3054,iter,1,0.25
Adeline_17,encore3056,iter,1,0.25
Adeline_17,encore3058,iter,1,0.25
Adeline_17,encore3061,iter,1,0.25
Adeline_17,encore3064,iter,1,0.25
Adeline_17,encore3065,iter,1,0.25
Adeline_17,maman2612,iter,1,0.25
Adeline_17,papa2614,iter,1,0.25
Adeline_17,papa3135,iter,1,0.25
Adeline_18,encore3065,iter,1,0.25
Adeline_19,au revoir3031,iter,1,0.25
Adeline_19,au revoir3033,iter,1,0.25
Adeline_19,au revoir3035,iter,1,0.25
Adeline_19,bisou3039,iter,1,0.25
Adeline_19,bisou3040,iter,1,0.25
Adeline_19,bisou3042,iter,1,0.25
Adeline_19,chapeau3044,iter,1,0.25
Adeline_19,chapeau3049,iter,1,0.25
Adeline_19,chapeau3050,iter,1,0.25
Adeline_19,coucou2605,iter,1,0.25
Adeline_19,coucou3052,iter,1,0.25
Adeline_19,coucou3134,iter,1,0.25
Adeline_19,encore1956,iter,1,0.25
Adeline_19,encore3053,iter,1,0.25
Adeline_19,encore3056,iter,1,0.25
Adeline_19,encore3061,iter,1,0.25
Adeline_19,encore3062,iter,1,0.25
Adeline_19,maman2612,iter,1,0.25
Adeline_19,papa2615,iter,1,0.25
Adeline_19,voilà2616,iter,1,0.25
Adeline_2,au revoir3032,iter,1,0.25
Adeline_2,au revoir3033,iter,1,0.25
Adeline_2,bobo3131,iter,1,0.25
Adeline_2,chapeau3043,iter,1,0.25
Adeline_2,chapeau3044,iter,1,0.25
Adeline_2,chapeau3049,iter,1,0.25
Adeline_2,chapeau3050,iter,1,0.25
Adeline_2,chapeau3051,iter,1,0.25
Adeline_2,coucou2604,iter,1,0.25
Adeline_2,coucou3052,iter,1,0.25
Adeline_2,dodo2610,iter,1,0.25
Adeline_2,encore3055,iter,1,0.25
Adeline_2,encore3058,iter,1,0.25
Adeline_2,encore3060,iter,1,0.25
Adeline_2,encore3061,iter,1,0.25
Adeline_2,encore3065,iter,1,0.25
Adeline_2,papa2615,iter,1,0.25
Adeline_2,voilà2616,iter,1,0.25
Adeline_2,voilà3069,iter,1,0.25
Adeline_2,voiture3071,iter,1,0.25
Adeline_20,au revoir3031,iter,1,0.25
Adeline_20,au revoir3032,iter,1,0.25
Adeline_20,au revoir3034,iter,1,0.25
Adeline_20,au revoir3035,iter,1,0.25
Adeline_20,bisou3038,iter,1,0.25
Adeline_20,chapeau3043,iter,1,0.25
Adeline_20,chapeau3048,iter,1,0.25
Adeline_20,chapeau3051,iter,1,0.25
Adeline_20,coucou3052,iter,1,0.25
Adeline_20,coucou3133,iter,1,0.25
Adeline_20,encore3055,iter,1,0.25
Adeline_20,encore3057,iter,1,0.25
Adeline_20,encore3058,iter,1,0.25
Adeline_20,encore3065,iter,1,0.25
Adeline_20,oiseau3066,iter,1,0.25
Adeline_21,au revoir3031,iter,1,0.25
Adeline_21,au revoir3036,iter,1,0.25
Adeline_21,bisou3040,iter,1,0.25
Adeline_21,bobo3130,iter,1,0.25
Adeline_21,chapeau3043,iter,1,0.25
Adeline_21,chapeau3049,iter,1,0.25
Adeline_21,coucou2604,iter,1,0.25
Adeline_21,coucou3134,iter,1,0.25
Adeline_21,dodo2610,iter,1,0.25
Adeline_21,encore3053,iter,1,0.25
Adeline_21,encore3054,iter,1,0.25
Adeline_21,encore3059,iter,1,0.25
Adeline_21,encore3064,iter,1,0.25
Adeline_21,encore3065,iter,1,0.25
Adeline_21,maman2611,iter,1,0.25
Adeline_21,maman2612,iter,1,0.25
Adeline_21,oiseau3066,iter,1,0.25
Adeline_21,vachou3068,iter,1,0.25
Adeline_21,voilà3069,iter,1,0.25
Adeline_21,voiture3071,iter,1,0.25
Adeline_22,au revoir3031,iter,1,0.25
Adeline_22,bisou3038,iter,1,0.25
Adeline_22,bisou3039,iter,1,0.25
Adeline_22,bisou3041,iter,1,0.25
Adeline_22,bobo3131,iter,1,0.25
Adeline_22,bobo3132,iter,1,0.25
Adeline_22,chapeau3047,iter,1,0.25
Adeline_22,chapeau3048,iter,1,0.25
Adeline_22,chapeau3049,iter,1,0.25
Adeline_22,chapeau3050,iter,1,0.25
Adeline_22,coucou2606,iter,1,0.25
Adeline_22,encore3054,iter,1,0.25
Adeline_22,encore3061,iter,1,0.25
Adeline_22,encore3063,iter,1,0.25
Adeline_22,maman2612,iter,1,0.25
Adeline_22,papa3135,iter,1,0.25
Adeline_22,voilà2616,iter,1,0.25
Adeline_22,voilà3069,iter,1,0.25
Adeline_23,au revoir3033,iter,1,0.25
Adeline_23,au revoir3035,iter,1,0.25
Adeline_23,bisou3041,iter,1,0.25
Adeline_23,bobo3131,iter,1,0.25
Adeline_23,bobo3132,iter,1,0.25
Adeline_23,chapeau3043,iter,1,0.25
Adeline_23,chapeau3046,iter,1,0.25
Adeline_23,coucou2603,iter,1,0.25
Adeline_23,coucou2606,iter,1,0.25
Adeline_23,coucou2607,iter,1,0.25
Adeline_23,coucou2608,iter,1,0.25
Adeline_23,coucou3052,iter,1,0.25
Adeline_23,encore3059,iter,1,0.25
Adeline_23,encore3065,iter,1,0.25
Adeline_23,papa2615,iter,1,0.25
Adeline_23,papa3135,iter,1,0.25
Adeline_23,parti3067,iter,1,0.25
Adeline_23,voilà2616,iter,1,0.25
Adeline_23,voiture3070,iter,1,0.25
Adeline_24,au revoir3032,iter,1,0.25
Adeline_24,au revoir3034,iter,1,0.25
Adeline_24,au revoir3035,iter,1,0.25
Adeline_24,au revoir3037,iter,1,0.25
Adeline_24,chapeau3047,iter,1,0.25
Adeline_24,coucou2606,iter,1,0.25
Adeline_24,coucou3052,iter,1,0.25
Adeline_24,encore1956,iter,1,0.25
Adeline_24,encore3055,iter,1,0.25
Adeline_24,encore3058,iter,1,0.25
Adeline_24,encore3059,iter,1,0.25
Adeline_24,encore3062,iter,1,0.25
Adeline_24,maman2611,iter,1,0.25
Adeline_24,maman2613,iter,1,0.25
Adeline_24,oiseau3066,iter,1,0.25
Adeline_24,papa2614,iter,1,0.25
Adeline_24,papa3135,iter,1,0.25
Adeline_24,vachou3068,iter,1,0.25
Adeline_24,voilà3069,iter,1,0.25
Adeline_25,au revoir3032,iter,1,0.25
Adeline_25,vachou3068,iter,1,0.25
Adeline_26,au revoir3032,iter,1,0.25
Adeline_26,au revoir3035,iter,1,0.25
Adeline_26,bisou3042,iter,1,0.25
Adeline_26,chapeau3049,iter,1,0.25
Adeline_26,chapeau3050,iter,1,0.25
Adeline_26,coucou2603,iter,1,0.25
Adeline_26,coucou2604,iter,1,0.25
Adeline_26,coucou2608,iter,1,0.25
Adeline_26,encore1956,iter,1,0.25
Adeline_26,encore3055,iter,1,0.25
Adeline_26,encore3057,iter,1,0.25
Adeline_26,encore3059,iter,1,0.25
Adeline_26,encore3061,iter,1,0.25
Adeline_26,oiseau3066,iter,1,0.25
Adeline_26,parti3067,iter,1,0.25
Adeline_26,voilà3069,iter,1,0.25
Adeline_26,voiture3070,iter,1,0.25
Adeline_26,voiture3071,iter,1,0.25
Adeline_27,au revoir3031,iter,1,0.25
Adeline_27,au revoir3032,iter,1,0.25
Adeline_27,au revoir3034,iter,1,0.25
Adeline_27,au revoir3035,iter,1,0.25
Adeline_27,au revoir3036,iter,1,0.25
Adeline_27,bobo3131,iter,1,0.25
Adeline_27,chapeau3044,iter,1,0.25
Adeline_27,chapeau3045,iter,1,0.25
Adeline_27,chapeau3046,iter,1,0.25
Adeline_27,coucou2603,iter,1,0.25
Adeline_27,coucou2604,iter,1,0.25
Adeline_27,coucou2606,iter,1,0.25
Adeline_27,coucou2609,iter,1,0.25
Adeline_27,dodo2610,iter,1,0.25
Adeline_27,encore3058,iter,1,0.25
Adeline_27,encore3062,iter,1,0.25
Adeline_27,papa2614,iter,1,0.25
Adeline_27,voilà3069,iter,1,0.25
Adeline_27,voiture3070,iter,1,0.25
Adeline_27,voiture3071,iter,1,0.25
Adeline_28,bisou3041,iter,1,0.25
Adeline_28,bisou3042,iter,1,0.25
Adeline_28,bobo3132,iter,1,0.25
Adeline_28,chapeau3043,iter,1,0.25
Adeline_28,chapeau3048,iter,1,0.25
Adeline_28,chapeau3051,iter,1,0.25
Adeline_28,coucou2604,iter,1,0.25
Adeline_28,coucou2605,iter,1,0.25
Adeline_28,coucou2607,iter,1,0.25
Adeline_28,coucou3052,iter,1,0.25
Adeline_28,coucou3134,iter,1,0.25
Adeline_28,dodo2610,iter,1,0.25
Adeline_28,encore3055,iter,1,0.25
Adeline_28,encore3062,iter,1,0.25
Adeline_28,encore3063,iter,1,0.25
Adeline_28,maman2613,iter,1,0.25
Adeline_28,papa2615,iter,1,0.25
Adeline_28,papa3135,iter,1,0.25
Adeline_28,vachou3068,iter,1,0.25
Adeline_28,voiture3070,iter,1,0.25
Adeline_29,au revoir3031,iter,1,0.25
Adeline_29,au revoir3034,iter,1,0.25
Adeline_29,au revoir3036,iter,1,0.25
Adeline_29,au revoir3037,iter,1,0.25
Adeline_29,bisou3038,iter,1,0.25
Adeline_29,bisou3040,iter,1,0.25
Adeline_29,bobo3132,iter,1,0.25
Adeline_29,chapeau3050,iter,1,0.25
Adeline_29,coucou2603,iter,1,0.25
Adeline_29,coucou2605,iter,1,0.25
Adeline_29,coucou3052,iter,1,0.25
Adeline_29,encore1956,iter,1,0.25
Adeline_29,encore3056,iter,1,0.25
Adeline_29,encore3057,iter,1,0.25
Adeline_29,encore3062,iter,1,0.25
Adeline_29,encore3063,iter,1,0.25
Adeline_29,papa2614,iter,1,0.25
Adeline_29,papa2615,iter,1,0.25
Adeline_29,papa3135,iter,1,0.25
Adeline_29,voilà2616,iter,1,0.25
Adeline_3,au revoir1955,iter,1,0.25
Adeline_3,au revoir3031,iter,1,0.25
Adeline_3,au revoir3033,iter,1,0.25
Adeline_3,au revoir3037,iter,1,0.25
Adeline_3,bisou3042,iter,1,0.25
Adeline_3,bobo3130,iter,1,0.25
Adeline_3,chapeau3043,iter,1,0.25
Adeline_3,chapeau3044,iter,1,0.25
Adeline_3,chapeau3051,iter,1,0.25
Adeline_3,coucou2606,iter,1,0.25
Adeline_3,coucou3052,iter,1,0.25
Adeline_3,encore1956,iter,1,0.25
Adeline_3,encore3054,iter,1,0.25
Adeline_3,encore3055,iter,1,0.25
Adeline_3,encore3059,iter,1,0.25
Adeline_3,encore3060,iter,1,0.25
Adeline_3,maman2611,iter,1,0.25
Adeline_3,maman2613,iter,1,0.25
Adeline_3,papa2615,iter,1,0.25
Adeline_3,voiture3070,iter,1,0.25
Adeline_30,au revoir1955,iter,1,0.25
Adeline_30,au revoir3031,iter,1,0.25
Adeline_30,au revoir3037,iter,1,0.25
Adeline_30,bisou3039,iter,1,0.25
Adeline_30,bisou3042,iter,1,0.25
Adeline_30,bobo3131,iter,1,0.25
Adeline_30,chapeau3045,iter,1,0.25
Adeline_30,chapeau3047,iter,1,0.25
Adeline_30,chapeau3048,iter,1,0.25
Adeline_30,coucou2604,iter,1,0.25
Adeline_30,encore3054,iter,1,0.25
Adeline_30,encore3058,iter,1,0.25
Adeline_30,encore3059,iter,1,0.25
Adeline_30,encore3062,iter,1,0.25
Adeline_30,encore3063,iter,1,0.25
Adeline_30,maman2611,iter,1,0.25
Adeline_30,maman2613,iter,1,0.25
Adeline_30,oiseau3066,iter,1,0.25
Adeline_30,voilà3069,iter,1,0.25
Adeline_30,voiture3070,iter,1,0.25
Adeline_31,au revoir3032,iter,1,0.25
Adeline_31,au revoir3034,iter,1,0.25
Adeline_31,au revoir3036,iter,1,0.25
Adeline_31,bisou3039,iter,1,0.25
Adeline_31,bisou3040,iter,1,0.25
Adeline_31,bobo3131,iter,1,0.25
Adeline_31,chapeau3043,iter,1,0.25
Adeline_31,chapeau3045,iter,1,0.25
Adeline_31,chapeau3049,iter,1,0.25
Adeline_31,coucou2604,iter,1,0.25
Adeline_31,coucou2607,iter,1,0.25
Adeline_31,dodo2610,iter,1,0.25
Adeline_31,encore3054,iter,1,0.25
Adeline_31,encore3055,iter,1,0.25
Adeline_31,encore3056,iter,1,0.25
Adeline_31,encore3064,iter,1,0.25
Adeline_31,encore3065,iter,1,0.25
Adeline_31,maman2613,iter,1,0.25
Adeline_31,papa2614,iter,1,0.25
Adeline_31,voilà2616,iter,1,0.25
Adeline_32,au revoir3032,iter,1,0.25
Adeline_32,au revoir3033,iter,1,0.25
Adeline_32,bobo3130,iter,1,0.25
Adeline_32,chapeau3043,iter,1,0.25
Adeline_32,chapeau3048,iter,1,0.25
Adeline_32,coucou2605,iter,1,0.25
Adeline_32,coucou2607,iter,1,0.25
Adeline_32,coucou2609,iter,1,0.25
Adeline_32,encore3056,iter,1,0.25
Adeline_32,encore3059,iter,1,0.25
Adeline_32,encore3061,iter,1,0.25
Adeline_32,encore3062,iter,1,0.25
Adeline_32,encore3063,iter,1,0.25
Adeline_32,encore3064,iter,1,0.25
Adeline_32,encore3065,iter,1,0.25
Adeline_32,maman2612,iter,1,0.25
Adeline_32,oiseau3066,iter,1,0.25
Adeline_32,papa2615,iter,1,0.25
Adeline_33,au revoir3036,iter,1,0.25
Adeline_33,chapeau3043,iter,1,0.25
Adeline_33,chapeau3046,iter,1,0.25
Adeline_33,chapeau3050,iter,1,0.25
Adeline_33,chapeau3051,iter,1,0.25
Adeline_33,coucou2608,iter,1,0.25
Adeline_33,encore3054,iter,1,0.25
Adeline_33,encore3055,iter,1,0.25
Adeline_33,encore3058,iter,1,0.25
Adeline_33,encore3062,iter,1,0.25
Adeline_33,papa2615,iter,1,0.25
Adeline_33,vachou3068,iter,1,0.25
Adeline_33,voilà3069,iter,1,0.25
Adeline_34,au revoir3035,iter,1,0.25
Adeline_34,au revoir3036,iter,1,0.25
Adeline_34,bisou3038,iter,1,0.25
Adeline_34,chapeau3048,iter,1,0.25
Adeline_34,chapeau3051,iter,1,0.25
Adeline_34,coucou2604,iter,1,0.25
Adeline_34,coucou2605,iter,1,0.25
Adeline_34,coucou2609,iter,1,0.25
Adeline_34,encore1956,iter,1,0.25
Adeline_34,encore3053,iter,1,0.25
Adeline_34,encore3054,iter,1,0.25
Adeline_34,encore3056,iter,1,0.25
Adeline_34,encore3058,iter,1,0.25
Adeline_34,encore3062,iter,1,0.25
Adeline_34,encore3063,iter,1,0.25
Adeline_34,maman2613,iter,1,0.25
Adeline_34,parti3067,iter,1,0.25
Adeline_34,voilà3069,iter,1,0.25
Adeline_34,voiture3071,iter,1,0.25
Adeline_35,au revoir3031,iter,1,0.25
Adeline_35,au revoir3036,iter,1,0.25
Adeline_35,bisou3041,iter,1,0.25
Adeline_35,chapeau3044,iter,1,0.25
Adeline_35,chapeau3045,iter,1,0.25
Adeline_35,coucou2605,iter,1,0.25
Adeline_35,coucou2607,iter,1,0.25
Adeline_35,coucou2609,iter,1,0.25
Adeline_35,coucou3134,iter,1,0.25
Adeline_35,encore1956,iter,1,0.25
Adeline_35,encore3055,iter,1,0.25
Adeline_35,encore3056,iter,1,0.25
Adeline_35,encore3058,iter,1,0.25
Adeline_35,encore3060,iter,1,0.25
Adeline_35,encore3061,iter,1,0.25
Adeline_35,maman2611,iter,1,0.25
Adeline_35,maman2613,iter,1,0.25
Adeline_35,parti3067,iter,1,0.25
Adeline_35,voilà2616,iter,1,0.25
Adeline_36,au revoir3032,iter,1,0.25
Adeline_36,au revoir3036,iter,1,0.25
Adeline_36,bisou3041,iter,1,0.25
Adeline_36,bobo3130,iter,1,0.25
Adeline_36,chapeau3043,iter,1,0.25
Adeline_36,chapeau3047,iter,1,0.25
Adeline_36,chapeau3049,iter,1,0.25
Adeline_36,coucou3052,iter,1,0.25
Adeline_36,encore3053,iter,1,0.25
Adeline_36,encore3054,iter,1,0.25
Adeline_36,encore3056,iter,1,0.25
Adeline_36,encore3057,iter,1,0.25
Adeline_36,encore3063,iter,1,0.25
Adeline_36,maman2611,iter,1,0.25
Adeline_36,maman2613,iter,1,0.25
Adeline_36,papa2614,iter,1,0.25
Adeline_36,papa2615,iter,1,0.25
Adeline_36,papa3135,iter,1,0.25
Adeline_37,au revoir3033,iter,1,0.25
Adeline_37,au revoir3035,iter,1,0.25
Adeline_37,bisou3041,iter,1,0.25
Adeline_37,bisou3042,iter,1,0.25
Adeline_37,chapeau3046,iter,1,0.25
Adeline_37,chapeau3050,iter,1,0.25
Adeline_37,chapeau3051,iter,1,0.25
Adeline_37,coucou2603,iter,1,0.25
Adeline_37,coucou2604,iter,1,0.25
Adeline_37,coucou2607,iter,1,0.25
Adeline_37,coucou2608,iter,1,0.25
Adeline_37,encore3053,iter,1,0.25
Adeline_37,encore3057,iter,1,0.25
Adeline_37,encore3059,iter,1,0.25
Adeline_37,encore3062,iter,1,0.25
Adeline_37,encore3063,iter,1,0.25
Adeline_37,parti3067,iter,1,0.25
Adeline_37,vachou3068,iter,1,0.25
Adeline_38,au revoir3031,iter,1,0.25
Adeline_38,au revoir3036,iter,1,0.25
Adeline_38,bisou3039,iter,1,0.25
Adeline_38,chapeau3044,iter,1,0.25
Adeline_38,chapeau3046,iter,1,0.25
Adeline_38,chapeau3050,iter,1,0.25
Adeline_38,chapeau3051,iter,1,0.25
Adeline_38,coucou2603,iter,1,0.25
Adeline_38,coucou2605,iter,1,0.25
Adeline_38,coucou2606,iter,1,0.25
Adeline_38,coucou2607,iter,1,0.25
Adeline_38,coucou2608,iter,1,0.25
Adeline_38,coucou3052,iter,1,0.25
Adeline_38,dodo2610,iter,1,0.25
Adeline_38,encore3060,iter,1,0.25
Adeline_38,encore3062,iter,1,0.25
Adeline_38,papa2614,iter,1,0.25
Adeline_39,au revoir3032,iter,1,0.25
Adeline_39,bisou3038,iter,1,0.25
Adeline_39,bobo3132,iter,1,0.25
Adeline_39,chapeau3045,iter,1,0.25
Adeline_39,chapeau3048,iter,1,0.25
Adeline_39,chapeau3049,iter,1,0.25
Adeline_39,coucou2604,iter,1,0.25
Adeline_39,coucou2605,iter,1,0.25
Adeline_39,coucou2607,iter,1,0.25
Adeline_39,coucou2608,iter,1,0.25
Adeline_39,coucou3134,iter,1,0.25
Adeline_39,encore3058,iter,1,0.25
Adeline_39,encore3059,iter,1,0.25
Adeline_39,encore3062,iter,1,0.25
Adeline_39,encore3063,iter,1,0.25
Adeline_39,encore3065,iter,1,0.25
Adeline_39,maman2613,iter,1,0.25
Adeline_39,papa2615,iter,1,0.25
Adeline_39,vachou3068,iter,1,0.25
Adeline_39,voilà3069,iter,1,0.25
Adeline_4,au revoir3032,iter,1,0.25
Adeline_4,au revoir3033,iter,1,0.25
Adeline_4,au revoir3035,iter,1,0.25
Adeline_4,au revoir3036,iter,1,0.25
Adeline_4,bisou3038,iter,1,0.25
Adeline_4,chapeau3043,iter,1,0.25
Adeline_4,chapeau3045,iter,1,0.25
Adeline_4,chapeau3047,iter,1,0.25
Adeline_4,chapeau3050,iter,1,0.25
Adeline_4,coucou2605,iter,1,0.25
Adeline_4,coucou3052,iter,1,0.25
Adeline_4,encore3053,iter,1,0.25
Adeline_4,encore3057,iter,1,0.25
Adeline_4,encore3058,iter,1,0.25
Adeline_4,encore3060,iter,1,0.25
Adeline_4,encore3062,iter,1,0.25
Adeline_40,au revoir3031,iter,1,0.25
Adeline_40,chapeau3045,iter,1,0.25
Adeline_40,chapeau3047,iter,1,0.25
Adeline_40,chapeau3049,iter,1,0.25
Adeline_40,coucou3052,iter,1,0.25
Adeline_40,encore3054,iter,1,0.25
Adeline_40,encore3055,iter,1,0.25
Adeline_40,encore3056,iter,1,0.25
Adeline_40,encore3058,iter,1,0.25
Adeline_40,encore3064,iter,1,0.25
Adeline_40,oiseau3066,iter,1,0.25
Adeline_40,parti3067,iter,1,0.25
Adeline_40,vachou3068,iter,1,0.25
Adeline_40,voilà3069,iter,1,0.25
Adeline_40,voiture3071,iter,1,0.25
Adeline_41,au revoir3035,iter,1,0.25
Adeline_41,au revoir3036,iter,1,0.25
Adeline_41,bisou3040,iter,1,0.25
Adeline_41,chapeau3045,iter,1,0.25
Adeline_41,chapeau3046,iter,1,0.25
Adeline_41,chapeau3049,iter,1,0.25
Adeline_41,chapeau3051,iter,1,0.25
Adeline_41,coucou2609,iter,1,0.25
Adeline_41,dodo2610,iter,1,0.25
Adeline_41,encore3056,iter,1,0.25
Adeline_41,encore3060,iter,1,0.25
Adeline_41,encore3062,iter,1,0.25
Adeline_41,maman2611,iter,1,0.25
Adeline_41,oiseau3066,iter,1,0.25
Adeline_41,papa3135,iter,1,0.25
Adeline_41,parti3067,iter,1,0.25
Adeline_41,vachou3068,iter,1,0.25
Adeline_41,voiture3071,iter,1,0.25
Adeline_42,au revoir3032,iter,1,0.25
Adeline_42,au revoir3033,iter,1,0.25
Adeline_42,bisou3039,iter,1,0.25
Adeline_42,bisou3042,iter,1,0.25
Adeline_42,bobo3130,iter,1,0.25
Adeline_42,chapeau3047,iter,1,0.25
Adeline_42,coucou2603,iter,1,0.25
Adeline_42,coucou2606,iter,1,0.25
Adeline_42,encore1956,iter,1,0.25
Adeline_42,encore3054,iter,1,0.25
Adeline_42,encore3061,iter,1,0.25
Adeline_42,encore3063,iter,1,0.25
Adeline_42,encore3064,iter,1,0.25
Adeline_42,encore3065,iter,1,0.25
Adeline_42,maman2613,iter,1,0.25
Adeline_42,oiseau3066,iter,1,0.25
Adeline_42,papa2615,iter,1,0.25
Adeline_42,voilà3069,iter,1,0.25
Adeline_42,voiture3071,iter,1,0.25
Adeline_43,au revoir3032,iter,1,0.25
Adeline_43,bisou3038,iter,1,0.25
Adeline_43,bisou3039,iter,1,0.25
Adeline_43,chapeau3044,iter,1,0.25
Adeline_43,chapeau3045,iter,1,0.25
Adeline_43,chapeau3048,iter,1,0.25
Adeline_43,coucou2604,iter,1,0.25
Adeline_43,coucou2605,iter,1,0.25
Adeline_43,coucou2607,iter,1,0.25
Adeline_43,coucou3052,iter,1,0.25
Adeline_43,encore3057,iter,1,0.25
Adeline_43,encore3059,iter,1,0.25
Adeline_43,encore3064,iter,1,0.25
Adeline_43,oiseau3066,iter,1,0.25
Adeline_43,voilà3069,iter,1,0.25
Adeline_43,voiture3071,iter,1,0.25
Adeline_44,au revoir3034,iter,1,0.25
Adeline_44,au revoir3035,iter,1,0.25
Adeline_44,au revoir3036,iter,1,0.25
Adeline_44,bisou3040,iter,1,0.25
Adeline_44,bisou3041,iter,1,0.25
Adeline_44,bisou3042,iter,1,0.25
Adeline_44,chapeau3044,iter,1,0.25
Adeline_44,chapeau3045,iter,1,0.25
Adeline_44,chapeau3046,iter,1,0.25
Adeline_44,coucou2606,iter,1,0.25
Adeline_44,coucou2608,iter,1,0.25
Adeline_44,encore1956,iter,1,0.25
Adeline_44,encore3061,iter,1,0.25
Adeline_44,maman2612,iter,1,0.25
Adeline_44,oiseau3066,iter,1,0.25
Adeline_44,papa2615,iter,1,0.25
Adeline_44,parti3067,iter,1,0.25
Adeline_44,vachou3068,iter,1,0.25
Adeline_44,voiture3071,iter,1,0.25
Adeline_45,au revoir3036,iter,1,0.25
Adeline_45,bisou3042,iter,1,0.25
Adeline_45,chapeau3045,iter,1,0.25
Adeline_45,chapeau3046,iter,1,0.25
Adeline_45,chapeau3049,iter,1,0.25
Adeline_45,chapeau3050,iter,1,0.25
Adeline_45,coucou2609,iter,1,0.25
Adeline_45,encore3053,iter,1,0.25
Adeline_45,encore3056,iter,1,0.25
Adeline_45,encore3059,iter,1,0.25
Adeline_45,papa2614,iter,1,0.25
Adeline_45,vachou3068,iter,1,0.25
Adeline_45,voilà2616,iter,1,0.25
Adeline_45,voiture3071,iter,1,0.25
Adeline_46,au revoir3031,iter,1,0.25
Adeline_46,au revoir3032,iter,1,0.25
Adeline_46,au revoir3033,iter,1,0.25
Adeline_46,bisou3038,iter,1,0.25
Adeline_46,bisou3041,iter,1,0.25
Adeline_46,chapeau3047,iter,1,0.25
Adeline_46,chapeau3050,iter,1,0.25
Adeline_46,coucou2603,iter,1,0.25
Adeline_46,coucou2605,iter,1,0.25
Adeline_46,coucou3052,iter,1,0.25
Adeline_46,dodo2610,iter,1,0.25
Adeline_46,encore3053,iter,1,0.25
Adeline_46,encore3056,iter,1,0.25
Adeline_46,encore3058,iter,1,0.25
Adeline_46,encore3059,iter,1,0.25
Adeline_46,encore3060,iter,1,0.25
Adeline_46,encore3062,iter,1,0.25
Adeline_46,papa2615,iter,1,0.25
Adeline_46,voiture3071,iter,1,0.25
Adeline_47,au revoir3032,iter,1,0.25
Adeline_47,au revoir3033,iter,1,0.25
Adeline_47,au revoir3034,iter,1,0.25
Adeline_47,au revoir3035,iter,1,0.25
Adeline_47,au revoir3037,iter,1,0.25
Adeline_47,bisou3038,iter,1,0.25
Adeline_47,bisou3039,iter,1,0.25
Adeline_47,bisou3041,iter,1,0.25
Adeline_47,bobo3131,iter,1,0.25
Adeline_47,chapeau3049,iter,1,0.25
Adeline_47,chapeau3050,iter,1,0.25
Adeline_47,coucou2606,iter,1,0.25
Adeline_47,coucou2608,iter,1,0.25
Adeline_47,coucou3052,iter,1,0.25
Adeline_47,coucou3134,iter,1,0.25
Adeline_47,encore3061,iter,1,0.25
Adeline_47,maman2612,iter,1,0.25
Adeline_47,oiseau3066,iter,1,0.25
Adeline_47,vachou3068,iter,1,0.25
Adeline_47,voilà3069,iter,1,0.25
Adeline_48,au revoir3032,iter,1,0.25
Adeline_48,bisou3042,iter,1,0.25
Adeline_48,chapeau3043,iter,1,0.25
Adeline_48,chapeau3045,iter,1,0.25
Adeline_48,chapeau3049,iter,1,0.25
Adeline_48,coucou2604,iter,1,0.25
Adeline_48,coucou2607,iter,1,0.25
Adeline_48,coucou2608,iter,1,0.25
Adeline_48,encore1956,iter,1,0.25
Adeline_48,encore3053,iter,1,0.25
Adeline_48,encore3054,iter,1,0.25
Adeline_48,encore3055,iter,1,0.25
Adeline_48,encore3059,iter,1,0.25
Adeline_48,encore3063,iter,1,0.25
Adeline_48,maman2611,iter,1,0.25
Adeline_48,maman2612,iter,1,0.25
Adeline_48,maman2613,iter,1,0.25
Adeline_48,papa2614,iter,1,0.25
Adeline_48,parti3067,iter,1,0.25
Adeline_48,voiture3071,iter,1,0.25
Adeline_49,au revoir3035,iter,1,0.25
Adeline_49,au revoir3036,iter,1,0.25
Adeline_49,au revoir3037,iter,1,0.25
Adeline_49,bisou3038,iter,1,0.25
Adeline_49,bisou3041,iter,1,0.25
Adeline_49,chapeau3043,iter,1,0.25
Adeline_49,chapeau3044,iter,1,0.25
Adeline_49,chapeau3046,iter,1,0.25
Adeline_49,chapeau3049,iter,1,0.25
Adeline_49,coucou2604,iter,1,0.25
Adeline_49,encore3054,iter,1,0.25
Adeline_49,encore3055,iter,1,0.25
Adeline_49,encore3063,iter,1,0.25
Adeline_49,encore3064,iter,1,0.25
Adeline_49,maman2611,iter,1,0.25
Adeline_49,maman2612,iter,1,0.25
Adeline_49,vachou3068,iter,1,0.25
Adeline_49,voilà3069,iter,1,0.25
Adeline_49,voiture3071,iter,1,0.25
Adeline_5,au revoir1955,iter,1,0.25
Adeline_5,bisou3042,iter,1,0.25
Adeline_5,chapeau3044,iter,1,0.25
Adeline_5,chapeau3047,iter,1,0.25
Adeline_5,chapeau3048,iter,1,0.25
Adeline_5,chapeau3049,iter,1,0.25
Adeline_5,encore3055,iter,1,0.25
Adeline_5,encore3056,iter,1,0.25
Adeline_5,encore3058,iter,1,0.25
Adeline_5,encore3060,iter,1,0.25
Adeline_5,encore3062,iter,1,0.25
Adeline_5,maman2611,iter,1,0.25
Adeline_5,maman2612,iter,1,0.25
Adeline_5,papa2615,iter,1,0.25
Adeline_5,parti3067,iter,1,0.25
Adeline_5,voilà2616,iter,1,0.25
Adeline_5,voiture3070,iter,1,0.25
Adeline_50,au revoir3033,iter,1,0.25
Adeline_50,au revoir3035,iter,1,0.25
Adeline_50,au revoir3037,iter,1,0.25
Adeline_50,bisou3040,iter,1,0.25
Adeline_50,chapeau3047,iter,1,0.25
Adeline_50,chapeau3049,iter,1,0.25
Adeline_50,chapeau3050,iter,1,0.25
Adeline_50,coucou2604,iter,1,0.25
Adeline_50,coucou2605,iter,1,0.25
Adeline_50,coucou2606,iter,1,0.25
Adeline_50,encore3053,iter,1,0.25
Adeline_50,encore3055,iter,1,0.25
Adeline_50,encore3056,iter,1,0.25
Adeline_50,encore3057,iter,1,0.25
Adeline_50,encore3061,iter,1,0.25
Adeline_50,encore3062,iter,1,0.25
Adeline_50,encore3064,iter,1,0.25
Adeline_50,papa2615,iter,1,0.25
Adeline_50,parti3067,iter,1,0.25
Adeline_50,voilà3069,iter,1,0.25
Adeline_51,au revoir3032,iter,1,0.25
Adeline_51,au revoir3034,iter,1,0.25
Adeline_51,au revoir3037,iter,1,0.25
Adeline_51,bisou3040,iter,1,0.25
Adeline_51,bisou3042,iter,1,0.25
Adeline_51,bobo3130,iter,1,0.25
Adeline_51,bobo3131,iter,1,0.25
Adeline_51,chapeau3047,iter,1,0.25
Adeline_51,chapeau3051,iter,1,0.25
Adeline_51,coucou2607,iter,1,0.25
Adeline_51,coucou2609,iter,1,0.25
Adeline_51,dodo2610,iter,1,0.25
Adeline_51,encore3055,iter,1,0.25
Adeline_51,encore3057,iter,1,0.25
Adeline_51,encore3063,iter,1,0.25
Adeline_51,encore3065,iter,1,0.25
Adeline_51,maman2612,iter,1,0.25
Adeline_51,papa2614,iter,1,0.25
Adeline_51,vachou3068,iter,1,0.25
Adeline_51,voiture3071,iter,1,0.25
Adeline_52,au revoir3031,iter,1,0.25
Adeline_52,au revoir3032,iter,1,0.25
Adeline_52,au revoir3033,iter,1,0.25
Adeline_52,au revoir3035,iter,1,0.25
Adeline_52,bisou3039,iter,1,0.25
Adeline_52,bisou3040,iter,1,0.25
Adeline_52,bisou3042,iter,1,0.25
Adeline_52,bobo3130,iter,1,0.25
Adeline_52,chapeau3044,iter,1,0.25
Adeline_52,chapeau3050,iter,1,0.25
Adeline_52,chapeau3051,iter,1,0.25
Adeline_52,encore3053,iter,1,0.25
Adeline_52,encore3055,iter,1,0.25
Adeline_52,encore3056,iter,1,0.25
Adeline_52,encore3057,iter,1,0.25
Adeline_52,encore3061,iter,1,0.25
Adeline_52,vachou3068,iter,1,0.25
Adeline_53,au revoir3032,iter,1,0.25
Adeline_53,au revoir3036,iter,1,0.25
Adeline_53,bisou3040,iter,1,0.25
Adeline_53,bobo3131,iter,1,0.25
Adeline_53,bobo3132,iter,1,0.25
Adeline_53,chapeau3044,iter,1,0.25
Adeline_53,chapeau3046,iter,1,0.25
Adeline_53,chapeau3049,iter,1,0.25
Adeline_53,encore3055,iter,1,0.25
Adeline_53,encore3056,iter,1,0.25
Adeline_53,encore3060,iter,1,0.25
Adeline_53,papa2615,iter,1,0.25
Adeline_53,parti3067,iter,1,0.25
Adeline_54,au revoir3031,iter,1,0.25
Adeline_54,bisou3042,iter,1,0.25
Adeline_54,chapeau3044,iter,1,0.25
Adeline_54,chapeau3049,iter,1,0.25
Adeline_54,chapeau3050,iter,1,0.25
Adeline_54,coucou2605,iter,1,0.25
Adeline_54,coucou2606,iter,1,0.25
Adeline_54,coucou2607,iter,1,0.25
Adeline_54,encore3054,iter,1,0.25
Adeline_54,encore3059,iter,1,0.25
Adeline_54,encore3060,iter,1,0.25
Adeline_54,encore3063,iter,1,0.25
Adeline_54,oiseau3066,iter,1,0.25
Adeline_54,voilà3069,iter,1,0.25
Adeline_54,voiture3070,iter,1,0.25
Adeline_55,au revoir3031,iter,1,0.25
Adeline_55,au revoir3035,iter,1,0.25
Adeline_55,au revoir3036,iter,1,0.25
Adeline_55,au revoir3037,iter,1,0.25
Adeline_55,bisou3040,iter,1,0.25
Adeline_55,chapeau3045,iter,1,0.25
Adeline_55,chapeau3047,iter,1,0.25
Adeline_55,chapeau3050,iter,1,0.25
Adeline_55,chapeau3051,iter,1,0.25
Adeline_55,coucou2604,iter,1,0.25
Adeline_55,coucou2605,iter,1,0.25
Adeline_55,coucou2606,iter,1,0.25
Adeline_55,coucou2609,iter,1,0.25
Adeline_55,dodo2610,iter,1,0.25
Adeline_55,encore3053,iter,1,0.25
Adeline_55,encore3058,iter,1,0.25
Adeline_55,encore3064,iter,1,0.25
Adeline_55,papa2615,iter,1,0.25
Adeline_56,au revoir3031,iter,1,0.25
Adeline_56,au revoir3034,iter,1,0.25
Adeline_56,bisou3041,iter,1,0.25
Adeline_56,chapeau3045,iter,1,0.25
Adeline_56,chapeau3048,iter,1,0.25
Adeline_56,chapeau3049,iter,1,0.25
Adeline_56,chapeau3051,iter,1,0.25
Adeline_56,encore3055,iter,1,0.25
Adeline_56,encore3056,iter,1,0.25
Adeline_56,encore3057,iter,1,0.25
Adeline_56,encore3062,iter,1,0.25
Adeline_56,encore3065,iter,1,0.25
Adeline_56,oiseau3066,iter,1,0.25
Adeline_56,voiture3070,iter,1,0.25
Adeline_57,au revoir3032,iter,1,0.25
Adeline_57,au revoir3034,iter,1,0.25
Adeline_57,au revoir3037,iter,1,0.25
Adeline_57,bisou3038,iter,1,0.25
Adeline_57,bisou3039,iter,1,0.25
Adeline_57,bisou3040,iter,1,0.25
Adeline_57,bobo3130,iter,1,0.25
Adeline_57,bobo3131,iter,1,0.25
Adeline_57,chapeau3044,iter,1,0.25
Adeline_57,chapeau3050,iter,1,0.25
Adeline_57,coucou2604,iter,1,0.25
Adeline_57,coucou2608,iter,1,0.25
Adeline_57,coucou2609,iter,1,0.25
Adeline_57,coucou3052,iter,1,0.25
Adeline_57,dodo2610,iter,1,0.25
Adeline_57,encore3058,iter,1,0.25
Adeline_57,encore3061,iter,1,0.25
Adeline_57,maman2613,iter,1,0.25
Adeline_57,papa3135,iter,1,0.25
Adeline_57,vachou3068,iter,1,0.25
Adeline_58,au revoir3033,iter,1,0.25
Adeline_58,bisou3038,iter,1,0.25
Adeline_58,bisou3040,iter,1,0.25
Adeline_58,chapeau3045,iter,1,0.25
Adeline_58,coucou2603,iter,1,0.25
Adeline_58,coucou2605,iter,1,0.25
Adeline_58,coucou2606,iter,1,0.25
Adeline_58,coucou3052,iter,1,0.25
Adeline_58,encore3053,iter,1,0.25
Adeline_58,encore3054,iter,1,0.25
Adeline_58,encore3055,iter,1,0.25
Adeline_58,encore3058,iter,1,0.25
Adeline_58,encore3059,iter,1,0.25
Adeline_58,encore3062,iter,1,0.25
Adeline_58,encore3064,iter,1,0.25
Adeline_58,voiture3070,iter,1,0.25
Adeline_59,au revoir3034,iter,1,0.25
Adeline_59,au revoir3036,iter,1,0.25
Adeline_59,bisou3040,iter,1,0.25
Adeline_59,bisou3041,iter,1,0.25
Adeline_59,bobo3130,iter,1,0.25
Adeline_59,bobo3132,iter,1,0.25
Adeline_59,chapeau3043,iter,1,0.25
Adeline_59,chapeau3046,iter,1,0.25
Adeline_59,chapeau3047,iter,1,0.25
Adeline_59,chapeau3048,iter,1,0.25
Adeline_59,chapeau3051,iter,1,0.25
Adeline_59,encore3055,iter,1,0.25
Adeline_59,encore3057,iter,1,0.25
Adeline_59,encore3059,iter,1,0.25
Adeline_59,maman2612,iter,1,0.25
Adeline_59,papa2614,iter,1,0.25
Adeline_6,au revoir3031,iter,1,0.25
Adeline_6,au revoir3032,iter,1,0.25
Adeline_6,au revoir3033,iter,1,0.25
Adeline_6,bisou3038,iter,1,0.25
Adeline_6,bisou3040,iter,1,0.25
Adeline_6,bisou3042,iter,1,0.25
Adeline_6,chapeau3050,iter,1,0.25
Adeline_6,coucou2609,iter,1,0.25
Adeline_6,coucou3052,iter,1,0.25
Adeline_6,encore1956,iter,1,0.25
Adeline_6,encore3054,iter,1,0.25
Adeline_6,encore3061,iter,1,0.25
Adeline_6,encore3065,iter,1,0.25
Adeline_6,maman2611,iter,1,0.25
Adeline_6,maman2613,iter,1,0.25
Adeline_6,papa2614,iter,1,0.25
Adeline_6,voilà2616,iter,1,0.25
Adeline_6,voiture3071,iter,1,0.25
Adeline_60,au revoir3031,iter,1,0.25
Adeline_60,au revoir3032,iter,1,0.25
Adeline_60,au revoir3035,iter,1,0.25
Adeline_60,bisou3041,iter,1,0.25
Adeline_60,bisou3042,iter,1,0.25
Adeline_60,bobo3130,iter,1,0.25
Adeline_60,chapeau3049,iter,1,0.25
Adeline_60,chapeau3051,iter,1,0.25
Adeline_60,coucou2605,iter,1,0.25
Adeline_60,coucou2607,iter,1,0.25
Adeline_60,coucou3052,iter,1,0.25
Adeline_60,coucou3134,iter,1,0.25
Adeline_60,dodo2610,iter,1,0.25
Adeline_60,encore3055,iter,1,0.25
Adeline_60,encore3058,iter,1,0.25
Adeline_60,encore3061,iter,1,0.25
Adeline_60,encore3063,iter,1,0.25
Adeline_60,maman2613,iter,1,0.25
Adeline_60,papa3135,iter,1,0.25
Adeline_60,parti3067,iter,1,0.25
Adeline_61,au revoir3031,iter,1,0.25
Adeline_61,au revoir3033,iter,1,0.25
Adeline_61,au revoir3034,iter,1,0.25
Adeline_61,au revoir3035,iter,1,0.25
Adeline_61,au revoir3036,iter,1,0.25
Adeline_61,bisou3039,iter,1,0.25
Adeline_61,bisou3040,iter,1,0.25
Adeline_61,bobo3132,iter,1,0.25
Adeline_61,chapeau3050,iter,1,0.25
Adeline_61,chapeau3051,iter,1,0.25
Adeline_61,coucou2603,iter,1,0.25
Adeline_61,coucou2608,iter,1,0.25
Adeline_61,encore3056,iter,1,0.25
Adeline_61,encore3058,iter,1,0.25
Adeline_61,encore3060,iter,1,0.25
Adeline_61,encore3063,iter,1,0.25
Adeline_61,maman2612,iter,1,0.25
Adeline_61,papa3135,iter,1,0.25
Adeline_61,parti3067,iter,1,0.25
Adeline_61,voilà3069,iter,1,0.25
Adeline_62,au revoir3031,iter,1,0.25
Adeline_62,au revoir3033,iter,1,0.25
Adeline_62,au revoir3034,iter,1,0.25
Adeline_62,au revoir3036,iter,1,0.25
Adeline_62,bisou3039,iter,1,0.25
Adeline_62,bisou3040,iter,1,0.25
Adeline_62,bisou3041,iter,1,0.25
Adeline_62,bobo3130,iter,1,0.25
Adeline_62,chapeau3047,iter,1,0.25
Adeline_62,coucou2608,iter,1,0.25
Adeline_62,coucou3052,iter,1,0.25
Adeline_62,encore3053,iter,1,0.25
Adeline_62,encore3054,iter,1,0.25
Adeline_62,encore3055,iter,1,0.25
Adeline_62,encore3057,iter,1,0.25
Adeline_62,encore3060,iter,1,0.25
Adeline_62,encore3063,iter,1,0.25
Adeline_62,encore3064,iter,1,0.25
Adeline_62,voilà2616,iter,1,0.25
Adeline_62,voilà3069,iter,1,0.25
Adeline_63,au revoir3036,iter,1,0.25
Adeline_63,bisou3038,iter,1,0.25
Adeline_63,bisou3039,iter,1,0.25
Adeline_63,bisou3040,iter,1,0.25
Adeline_63,bisou3042,iter,1,0.25
Adeline_63,chapeau3044,iter,1,0.25
Adeline_63,chapeau3045,iter,1,0.25
Adeline_63,chapeau3047,iter,1,0.25
Adeline_63,chapeau3051,iter,1,0.25
Adeline_63,coucou2603,iter,1,0.25
Adeline_63,dodo2610,iter,1,0.25
Adeline_63,encore3053,iter,1,0.25
Adeline_63,encore3056,iter,1,0.25
Adeline_63,encore3060,iter,1,0.25
Adeline_63,encore3063,iter,1,0.25
Adeline_63,papa3135,iter,1,0.25
Adeline_63,parti3067,iter,1,0.25
Adeline_64,au revoir3033,iter,1,0.25
Adeline_64,bisou3038,iter,1,0.25
Adeline_64,bobo3130,iter,1,0.25
Adeline_64,chapeau3045,iter,1,0.25
Adeline_64,chapeau3048,iter,1,0.25
Adeline_64,coucou2609,iter,1,0.25
Adeline_64,dodo2610,iter,1,0.25
Adeline_64,encore3057,iter,1,0.25
Adeline_64,encore3058,iter,1,0.25
Adeline_64,encore3059,iter,1,0.25
Adeline_64,encore3060,iter,1,0.25
Adeline_64,encore3064,iter,1,0.25
Adeline_64,maman2613,iter,1,0.25
Adeline_64,oiseau3066,iter,1,0.25
Adeline_64,papa2614,iter,1,0.25
Adeline_64,papa2615,iter,1,0.25
Adeline_64,papa3135,iter,1,0.25
Adeline_64,vachou3068,iter,1,0.25
Adeline_64,voiture3071,iter,1,0.25
Adeline_65,au revoir3032,iter,1,0.25
Adeline_65,au revoir3033,iter,1,0.25
Adeline_65,au revoir3034,iter,1,0.25
Adeline_65,bisou3039,iter,1,0.25
Adeline_65,bisou3041,iter,1,0.25
Adeline_65,bobo3130,iter,1,0.25
Adeline_65,bobo3132,iter,1,0.25
Adeline_65,coucou2606,iter,1,0.25
Adeline_65,coucou2609,iter,1,0.25
Adeline_65,dodo2610,iter,1,0.25
Adeline_65,encore3053,iter,1,0.25
Adeline_65,encore3058,iter,1,0.25
Adeline_65,encore3059,iter,1,0.25
Adeline_65,encore3061,iter,1,0.25
Adeline_65,encore3064,iter,1,0.25
Adeline_65,maman2613,iter,1,0.25
Adeline_65,oiseau3066,iter,1,0.25
Adeline_65,papa2615,iter,1,0.25
Adeline_65,parti3067,iter,1,0.25
Adeline_65,voilà2616,iter,1,0.25
Adeline_66,au revoir3031,iter,1,0.25
Adeline_66,au revoir3032,iter,1,0.25
Adeline_66,au revoir3033,iter,1,0.25
Adeline_66,bisou3041,iter,1,0.25
Adeline_66,chapeau3043,iter,1,0.25
Adeline_66,chapeau3049,iter,1,0.25
Adeline_66,chapeau3050,iter,1,0.25
Adeline_66,coucou2603,iter,1,0.25
Adeline_66,coucou2605,iter,1,0.25
Adeline_66,encore1956,iter,1,0.25
Adeline_66,encore3053,iter,1,0.25
Adeline_66,encore3054,iter,1,0.25
Adeline_66,encore3055,iter,1,0.25
Adeline_66,encore3056,iter,1,0.25
Adeline_66,encore3061,iter,1,0.25
Adeline_66,encore3064,iter,1,0.25
Adeline_66,papa2614,iter,1,0.25
Adeline_66,papa2615,iter,1,0.25
Adeline_66,voilà3069,iter,1,0.25
Adeline_67,au revoir3031,iter,1,0.25
Adeline_67,au revoir3033,iter,1,0.25
Adeline_67,au revoir3037,iter,1,0.25
Adeline_67,bisou3038,iter,1,0.25
Adeline_67,bisou3040,iter,1,0.25
Adeline_67,bobo3132,iter,1,0.25
Adeline_67,chapeau3044,iter,1,0.25
Adeline_67,chapeau3048,iter,1,0.25
Adeline_67,coucou2605,iter,1,0.25
Adeline_67,coucou2607,iter,1,0.25
Adeline_67,coucou2609,iter,1,0.25
Adeline_67,coucou3134,iter,1,0.25
Adeline_67,encore3053,iter,1,0.25
Adeline_67,encore3055,iter,1,0.25
Adeline_67,encore3056,iter,1,0.25
Adeline_67,encore3058,iter,1,0.25
Adeline_67,encore3059,iter,1,0.25
Adeline_67,encore3064,iter,1,0.25
Adeline_67,oiseau3066,iter,1,0.25
Adeline_67,voiture3070,iter,1,0.25
Adeline_68,au revoir3031,iter,1,0.25
Adeline_68,au revoir3035,iter,1,0.25
Adeline_68,bisou3040,iter,1,0.25
Adeline_68,chapeau3043,iter,1,0.25
Adeline_68,chapeau3049,iter,1,0.25
Adeline_68,encore3054,iter,1,0.25
Adeline_68,encore3058,iter,1,0.25
Adeline_68,encore3062,iter,1,0.25
Adeline_68,encore3064,iter,1,0.25
Adeline_68,encore3065,iter,1,0.25
Adeline_68,parti3067,iter,1,0.25
Adeline_68,vachou3068,iter,1,0.25
Adeline_68,voiture3070,iter,1,0.25
Adeline_68,voiture3071,iter,1,0.25
Adeline_69,au revoir3031,iter,1,0.25
Adeline_69,bobo3132,iter,1,0.25
Adeline_69,chapeau3043,iter,1,0.25
Adeline_69,chapeau3045,iter,1,0.25
Adeline_69,chapeau3047,iter,1,0.25
Adeline_69,chapeau3048,iter,1,0.25
Adeline_69,chapeau3050,iter,1,0.25
Adeline_69,coucou2605,iter,1,0.25
Adeline_69,coucou2609,iter,1,0.25
Adeline_69,coucou3134,iter,1,0.25
Adeline_69,encore3056,iter,1,0.25
Adeline_69,encore3061,iter,1,0.25
Adeline_69,encore3062,iter,1,0.25
Adeline_69,encore3064,iter,1,0.25
Adeline_69,maman2612,iter,1,0.25
Adeline_69,papa2614,iter,1,0.25
Adeline_69,papa2615,iter,1,0.25
Adeline_69,voilà2616,iter,1,0.25
Adeline_69,voiture3071,iter,1,0.25
Adeline_7,au revoir3031,iter,1,0.25
Adeline_7,au revoir3032,iter,1,0.25
Adeline_7,au revoir3036,iter,1,0.25
Adeline_7,bisou3038,iter,1,0.25
Adeline_7,bisou3042,iter,1,0.25
Adeline_7,chapeau3050,iter,1,0.25
Adeline_7,coucou2603,iter,1,0.25
Adeline_7,coucou2606,iter,1,0.25
Adeline_7,coucou2609,iter,1,0.25
Adeline_7,dodo2610,iter,1,0.25
Adeline_7,encore3055,iter,1,0.25
Adeline_7,encore3056,iter,1,0.25
Adeline_7,encore3058,iter,1,0.25
Adeline_7,encore3064,iter,1,0.25
Adeline_7,maman2611,iter,1,0.25
Adeline_7,maman2613,iter,1,0.25
Adeline_7,vachou3068,iter,1,0.25
Adeline_7,voilà2616,iter,1,0.25
Adeline_7,voiture3071,iter,1,0.25
Adeline_70,au revoir3031,iter,1,0.25
Adeline_70,au revoir3034,iter,1,0.25
Adeline_70,bisou3038,iter,1,0.25
Adeline_70,bisou3040,iter,1,0.25
Adeline_70,bisou3042,iter,1,0.25
Adeline_70,bobo3130,iter,1,0.25
Adeline_70,chapeau3046,iter,1,0.25
Adeline_70,coucou2605,iter,1,0.25
Adeline_70,coucou2606,iter,1,0.25
Adeline_70,coucou2608,iter,1,0.25
Adeline_70,encore1956,iter,1,0.25
Adeline_70,encore3053,iter,1,0.25
Adeline_70,encore3054,iter,1,0.25
Adeline_70,encore3055,iter,1,0.25
Adeline_70,encore3057,iter,1,0.25
Adeline_70,encore3061,iter,1,0.25
Adeline_70,encore3064,iter,1,0.25
Adeline_70,maman2613,iter,1,0.25
Adeline_70,papa3135,iter,1,0.25
Adeline_71,au revoir3035,iter,1,0.25
Adeline_71,bisou3039,iter,1,0.25
Adeline_71,bobo3130,iter,1,0.25
Adeline_71,bobo3132,iter,1,0.25
Adeline_71,chapeau3044,iter,1,0.25
Adeline_71,chapeau3046,iter,1,0.25
Adeline_71,chapeau3047,iter,1,0.25
Adeline_71,coucou3052,iter,1,0.25
Adeline_71,encore3053,iter,1,0.25
Adeline_71,encore3057,iter,1,0.25
Adeline_71,encore3061,iter,1,0.25
Adeline_71,encore3062,iter,1,0.25
Adeline_71,encore3064,iter,1,0.25
Adeline_71,papa3135,iter,1,0.25
Adeline_71,parti3067,iter,1,0.25
Adeline_71,voiture3070,iter,1,0.25
Adeline_71,voiture3071,iter,1,0.25
Adeline_72,au revoir3033,iter,1,0.25
Adeline_72,bisou3042,iter,1,0.25
Adeline_72,bobo3130,iter,1,0.25
Adeline_72,chapeau3049,iter,1,0.25
Adeline_72,chapeau3050,iter,1,0.25
Adeline_72,coucou2604,iter,1,0.25
Adeline_72,coucou2607,iter,1,0.25
Adeline_72,coucou2609,iter,1,0.25
Adeline_72,coucou3052,iter,1,0.25
Adeline_72,encore3054,iter,1,0.25
Adeline_72,encore3056,iter,1,0.25
Adeline_72,encore3058,iter,1,0.25
Adeline_72,encore3059,iter,1,0.25
Adeline_72,encore3060,iter,1,0.25
Adeline_72,encore3062,iter,1,0.25
Adeline_72,encore3063,iter,1,0.25
Adeline_72,encore3064,iter,1,0.25
Adeline_72,oiseau3066,iter,1,0.25
Adeline_72,parti3067,iter,1,0.25
Adeline_72,voiture3070,iter,1,0.25
Adeline_73,au revoir3037,iter,1,0.25
Adeline_73,bisou3040,iter,1,0.25
Adeline_73,chapeau3043,iter,1,0.25
Adeline_73,chapeau3046,iter,1,0.25
Adeline_73,chapeau3048,iter,1,0.25
Adeline_73,chapeau3049,iter,1,0.25
Adeline_73,chapeau3050,iter,1,0.25
Adeline_73,encore1956,iter,1,0.25
Adeline_73,encore3053,iter,1,0.25
Adeline_73,encore3055,iter,1,0.25
Adeline_73,encore3061,iter,1,0.25
Adeline_73,encore3062,iter,1,0.25
Adeline_73,maman2611,iter,1,0.25
Adeline_73,maman2613,iter,1,0.25
Adeline_73,papa2615,iter,1,0.25
Adeline_73,voilà3069,iter,1,0.25
Adeline_74,au revoir3033,iter,1,0.25
Adeline_74,bobo3131,iter,1,0.25
Adeline_74,bobo3132,iter,1,0.25
Adeline_74,chapeau3048,iter,1,0.25
Adeline_74,chapeau3051,iter,1,0.25
Adeline_74,coucou2604,iter,1,0.25
Adeline_74,coucou2607,iter,1,0.25
Adeline_74,coucou2609,iter,1,0.25
Adeline_74,coucou3052,iter,1,0.25
Adeline_74,encore3054,iter,1,0.25
Adeline_74,encore3056,iter,1,0.25
Adeline_74,encore3057,iter,1,0.25
Adeline_74,encore3058,iter,1,0.25
Adeline_74,encore3061,iter,1,0.25
Adeline_74,encore3065,iter,1,0.25
Adeline_74,maman2612,iter,1,0.25
Adeline_74,oiseau3066,iter,1,0.25
Adeline_74,parti3067,iter,1,0.25
Adeline_74,voilà3069,iter,1,0.25
Adeline_74,voiture3071,iter,1,0.25
Adeline_75,au revoir3031,iter,1,0.25
Adeline_75,au revoir3033,iter,1,0.25
Adeline_75,au revoir3035,iter,1,0.25
Adeline_75,bisou3040,iter,1,0.25
Adeline_75,chapeau3044,iter,1,0.25
Adeline_75,chapeau3049,iter,1,0.25
Adeline_75,coucou2605,iter,1,0.25
Adeline_75,coucou2608,iter,1,0.25
Adeline_75,coucou2609,iter,1,0.25
Adeline_75,encore1956,iter,1,0.25
Adeline_75,encore3053,iter,1,0.25
Adeline_75,encore3055,iter,1,0.25
Adeline_75,encore3064,iter,1,0.25
Adeline_75,maman2611,iter,1,0.25
Adeline_75,maman2612,iter,1,0.25
Adeline_75,maman2613,iter,1,0.25
Adeline_75,oiseau3066,iter,1,0.25
Adeline_75,vachou3068,iter,1,0.25
Adeline_75,voilà3069,iter,1,0.25
Adeline_76,au revoir3031,iter,1,0.25
Adeline_76,au revoir3033,iter,1,0.25
Adeline_76,au revoir3037,iter,1,0.25
Adeline_76,bisou3040,iter,1,0.25
Adeline_76,chapeau3044,iter,1,0.25
Adeline_76,chapeau3045,iter,1,0.25
Adeline_76,chapeau3048,iter,1,0.25
Adeline_76,chapeau3050,iter,1,0.25
Adeline_76,coucou2607,iter,1,0.25
Adeline_76,coucou3134,iter,1,0.25
Adeline_76,encore3053,iter,1,0.25
Adeline_76,encore3054,iter,1,0.25
Adeline_76,encore3057,iter,1,0.25
Adeline_76,encore3060,iter,1,0.25
Adeline_76,encore3063,iter,1,0.25
Adeline_76,maman2613,iter,1,0.25
Adeline_76,voilà2616,iter,1,0.25
Adeline_76,voilà3069,iter,1,0.25
Adeline_76,voiture3070,iter,1,0.25
Adeline_77,au revoir3031,iter,1,0.25
Adeline_77,au revoir3034,iter,1,0.25
Adeline_77,au revoir3036,iter,1,0.25
Adeline_77,bisou3041,iter,1,0.25
Adeline_77,bisou3042,iter,1,0.25
Adeline_77,bobo3131,iter,1,0.25
Adeline_77,chapeau3046,iter,1,0.25
Adeline_77,chapeau3047,iter,1,0.25
Adeline_77,chapeau3048,iter,1,0.25
Adeline_77,coucou2603,iter,1,0.25
Adeline_77,coucou2605,iter,1,0.25
Adeline_77,encore3061,iter,1,0.25
Adeline_77,encore3064,iter,1,0.25
Adeline_77,maman2611,iter,1,0.25
Adeline_77,maman2613,iter,1,0.25
Adeline_77,oiseau3066,iter,1,0.25
Adeline_77,papa2614,iter,1,0.25
Adeline_77,papa2615,iter,1,0.25
Adeline_77,vachou3068,iter,1,0.25
Adeline_77,voiture3070,iter,1,0.25
Adeline_78,au revoir3031,iter,1,0.25
Adeline_78,au revoir3032,iter,1,0.25
Adeline_78,bisou3038,iter,1,0.25
Adeline_78,bisou3039,iter,1,0.25
Adeline_78,chapeau3043,iter,1,0.25
Adeline_78,chapeau3045,iter,1,0.25
Adeline_78,chapeau3051,iter,1,0.25
Adeline_78,coucou2606,iter,1,0.25
Adeline_78,encore3053,iter,1,0.25
Adeline_78,encore3054,iter,1,0.25
Adeline_78,encore3062,iter,1,0.25
Adeline_78,encore3065,iter,1,0.25
Adeline_78,maman2611,iter,1,0.25
Adeline_78,maman2612,iter,1,0.25
Adeline_78,parti3067,iter,1,0.25
Adeline_78,vachou3068,iter,1,0.25
Adeline_78,voilà2616,iter,1,0.25
Adeline_78,voilà3069,iter,1,0.25
Adeline_78,voiture3070,iter,1,0.25
Adeline_79,au revoir3031,iter,1,0.25
Adeline_79,au revoir3033,iter,1,0.25
Adeline_79,bisou3040,iter,1,0.25
Adeline_79,chapeau3043,iter,1,0.25
Adeline_79,chapeau3044,iter,1,0.25
Adeline_79,chapeau3046,iter,1,0.25
Adeline_79,chapeau3050,iter,1,0.25
Adeline_79,coucou2603,iter,1,0.25
Adeline_79,coucou2605,iter,1,0.25
Adeline_79,coucou2606,iter,1,0.25
Adeline_79,encore1956,iter,1,0.25
Adeline_79,encore3057,iter,1,0.25
Adeline_79,encore3058,iter,1,0.25
Adeline_79,encore3063,iter,1,0.25
Adeline_79,oiseau3066,iter,1,0.25
Adeline_79,papa2614,iter,1,0.25
Adeline_79,parti3067,iter,1,0.25
Adeline_8,au revoir3032,iter,1,0.25
Adeline_8,bisou3041,iter,1,0.25
Adeline_8,chapeau3046,iter,1,0.25
Adeline_8,chapeau3048,iter,1,0.25
Adeline_8,chapeau3051,iter,1,0.25
Adeline_8,coucou2603,iter,1,0.25
Adeline_8,coucou2607,iter,1,0.25
Adeline_8,coucou2608,iter,1,0.25
Adeline_8,coucou3052,iter,1,0.25
Adeline_8,encore3057,iter,1,0.25
Adeline_8,encore3058,iter,1,0.25
Adeline_8,encore3061,iter,1,0.25
Adeline_8,encore3063,iter,1,0.25
Adeline_8,oiseau3066,iter,1,0.25
Adeline_8,parti3067,iter,1,0.25
Adeline_8,vachou3068,iter,1,0.25
Adeline_80,au revoir3031,iter,1,0.25
Adeline_80,au revoir3032,iter,1,0.25
Adeline_80,au revoir3037,iter,1,0.25
Adeline_80,bisou3039,iter,1,0.25
Adeline_80,bisou3042,iter,1,0.25
Adeline_80,bobo3131,iter,1,0.25
Adeline_80,chapeau3047,iter,1,0.25
Adeline_80,chapeau3048,iter,1,0.25
Adeline_80,chapeau3049,iter,1,0.25
Adeline_80,chapeau3051,iter,1,0.25
Adeline_80,coucou2608,iter,1,0.25
Adeline_80,encore3053,iter,1,0.25
Adeline_80,encore3054,iter,1,0.25
Adeline_80,encore3058,iter,1,0.25
Adeline_80,encore3060,iter,1,0.25
Adeline_80,maman2613,iter,1,0.25
Adeline_80,papa2614,iter,1,0.25
Adeline_80,papa2615,iter,1,0.25
Adeline_80,parti3067,iter,1,0.25
Adeline_80,voiture3071,iter,1,0.25
Adeline_82,bisou3038,iter,1,0.25
Adeline_82,bisou3039,iter,1,0.25
Adeline_82,bisou3040,iter,1,0.25
Adeline_82,bisou3041,iter,1,0.25
Adeline_82,bisou3042,iter,1,0.25
Adeline_82,bobo3130,iter,1,0.25
Adeline_82,chapeau3045,iter,1,0.25
Adeline_82,chapeau3048,iter,1,0.25
Adeline_82,coucou2604,iter,1,0.25
Adeline_82,coucou3134,iter,1,0.25
Adeline_82,encore1956,iter,1,0.25
Adeline_82,encore3053,iter,1,0.25
Adeline_82,encore3056,iter,1,0.25
Adeline_82,encore3057,iter,1,0.25
Adeline_82,encore3058,iter,1,0.25
Adeline_82,maman2611,iter,1,0.25
Adeline_82,maman2612,iter,1,0.25
Adeline_82,vachou3068,iter,1,0.25
Adeline_82,voilà3069,iter,1,0.25
Adeline_83,au revoir3031,iter,1,0.25
Adeline_83,au revoir3033,iter,1,0.25
Adeline_83,au revoir3036,iter,1,0.25
Adeline_83,bisou3038,iter,1,0.25
Adeline_83,bisou3039,iter,1,0.25
Adeline_83,bisou3040,iter,1,0.25
Adeline_83,bobo3131,iter,1,0.25
Adeline_83,coucou2603,iter,1,0.25
Adeline_83,coucou2604,iter,1,0.25
Adeline_83,coucou2607,iter,1,0.25
Adeline_83,coucou2609,iter,1,0.25
Adeline_83,coucou3052,iter,1,0.25
Adeline_83,encore3056,iter,1,0.25
Adeline_83,encore3060,iter,1,0.25
Adeline_83,papa2614,iter,1,0.25
Adeline_83,papa2615,iter,1,0.25
Adeline_83,parti3067,iter,1,0.25
Adeline_83,vachou3068,iter,1,0.25
Adeline_83,voiture3070,iter,1,0.25
Adeline_84,au revoir3034,iter,1,0.25
Adeline_84,au revoir3035,iter,1,0.25
Adeline_84,bisou3040,iter,1,0.25
Adeline_84,bisou3041,iter,1,0.25
Adeline_84,chapeau3044,iter,1,0.25
Adeline_84,chapeau3046,iter,1,0.25
Adeline_84,chapeau3047,iter,1,0.25
Adeline_84,chapeau3049,iter,1,0.25
Adeline_84,coucou2604,iter,1,0.25
Adeline_84,coucou2607,iter,1,0.25
Adeline_84,coucou2608,iter,1,0.25
Adeline_84,dodo2610,iter,1,0.25
Adeline_84,encore3056,iter,1,0.25
Adeline_84,encore3057,iter,1,0.25
Adeline_84,encore3059,iter,1,0.25
Adeline_84,encore3064,iter,1,0.25
Adeline_84,maman2611,iter,1,0.25
Adeline_84,maman2612,iter,1,0.25
Adeline_84,maman2613,iter,1,0.25
Adeline_84,voiture3071,iter,1,0.25
Adeline_85,au revoir3031,iter,1,0.25
Adeline_85,au revoir3033,iter,1,0.25
Adeline_85,au revoir3034,iter,1,0.25
Adeline_85,au revoir3036,iter,1,0.25
Adeline_85,bisou3038,iter,1,0.25
Adeline_85,bisou3041,iter,1,0.25
Adeline_85,chapeau3044,iter,1,0.25
Adeline_85,chapeau3049,iter,1,0.25
Adeline_85,encore3053,iter,1,0.25
Adeline_85,encore3055,iter,1,0.25
Adeline_85,encore3056,iter,1,0.25
Adeline_85,encore3065,iter,1,0.25
Adeline_85,voilà3069,iter,1,0.25
Adeline_85,voiture3070,iter,1,0.25
Adeline_86,au revoir3032,iter,1,0.25
Adeline_86,au revoir3035,iter,1,0.25
Adeline_86,bisou3039,iter,1,0.25
Adeline_86,bisou3042,iter,1,0.25
Adeline_86,bobo3132,iter,1,0.25
Adeline_86,chapeau3049,iter,1,0.25
Adeline_86,chapeau3050,iter,1,0.25
Adeline_86,chapeau3051,iter,1,0.25
Adeline_86,coucou2607,iter,1,0.25
Adeline_86,encore3057,iter,1,0.25
Adeline_86,encore3060,iter,1,0.25
Adeline_86,maman2611,iter,1,0.25
Adeline_86,maman2613,iter,1,0.25
Adeline_86,papa2615,iter,1,0.25
Adeline_86,vachou3068,iter,1,0.25
Adeline_86,voilà3069,iter,1,0.25
Adeline_86,voiture3070,iter,1,0.25
Adeline_86,voiture3071,iter,1,0.25
Adeline_87,au revoir1955,iter,1,0.25
Adeline_87,bobo3130,iter,1,0.25
Adeline_87,chapeau3044,iter,1,0.25
Adeline_87,chapeau3045,iter,1,0.25
Adeline_87,chapeau3049,iter,1,0.25
Adeline_87,encore3056,iter,1,0.25
Adeline_87,encore3059,iter,1,0.25
Adeline_87,encore3060,iter,1,0.25
Adeline_87,encore3063,iter,1,0.25
Adeline_87,encore3064,iter,1,0.25
Adeline_87,maman2613,iter,1,0.25
Adeline_87,papa2614,iter,1,0.25
Adeline_87,voilà2616,iter,1,0.25
Adeline_88,au revoir3032,iter,1,0.25
Adeline_88,au revoir3036,iter,1,0.25
Adeline_88,bisou3038,iter,1,0.25
Adeline_88,bisou3039,iter,1,0.25
Adeline_88,bisou3041,iter,1,0.25
Adeline_88,chapeau3043,iter,1,0.25
Adeline_88,chapeau3044,iter,1,0.25
Adeline_88,chapeau3046,iter,1,0.25
Adeline_88,chapeau3047,iter,1,0.25
Adeline_88,chapeau3048,iter,1,0.25
Adeline_88,chapeau3049,iter,1,0.25
Adeline_88,coucou2604,iter,1,0.25
Adeline_88,encore1956,iter,1,0.25
Adeline_88,encore3054,iter,1,0.25
Adeline_88,encore3056,iter,1,0.25
Adeline_88,encore3059,iter,1,0.25
Adeline_88,encore3061,iter,1,0.25
Adeline_88,encore3065,iter,1,0.25
Adeline_88,maman2612,iter,1,0.25
Adeline_88,voiture3071,iter,1,0.25
Adeline_89,au revoir3034,iter,1,0.25
Adeline_89,au revoir3037,iter,1,0.25
Adeline_89,bisou3038,iter,1,0.25
Adeline_89,bisou3039,iter,1,0.25
Adeline_89,bisou3040,iter,1,0.25
Adeline_89,chapeau3045,iter,1,0.25
Adeline_89,chapeau3048,iter,1,0.25
Adeline_89,coucou2605,iter,1,0.25
Adeline_89,coucou2606,iter,1,0.25
Adeline_89,coucou2608,iter,1,0.25
Adeline_89,coucou2609,iter,1,0.25
Adeline_89,coucou3134,iter,1,0.25
Adeline_89,encore3053,iter,1,0.25
Adeline_89,encore3056,iter,1,0.25
Adeline_89,encore3057,iter,1,0.25
Adeline_89,encore3061,iter,1,0.25
Adeline_89,encore3062,iter,1,0.25
Adeline_89,voilà3069,iter,1,0.25
Adeline_89,voiture3070,iter,1,0.25
Adeline_89,voiture3071,iter,1,0.25
Adeline_9,au revoir3033,iter,1,0.25
Adeline_9,au revoir3035,iter,1,0.25
Adeline_9,bisou3038,iter,1,0.25
Adeline_9,chapeau3045,iter,1,0.25
Adeline_9,chapeau3049,iter,1,0.25
Adeline_9,coucou2603,iter,1,0.25
Adeline_9,coucou2604,iter,1,0.25
Adeline_9,coucou2607,iter,1,0.25
Adeline_9,coucou3134,iter,1,0.25
Adeline_9,encore3053,iter,1,0.25
Adeline_9,encore3058,iter,1,0.25
Adeline_9,encore3059,iter,1,0.25
Adeline_9,encore3060,iter,1,0.25
Adeline_9,encore3061,iter,1,0.25
Adeline_9,papa2614,iter,1,0.25
Adeline_9,papa2615,iter,1,0.25
Adeline_9,papa3135,iter,1,0.25
Adeline_9,parti3067,iter,1,0.25
Adeline_9,vachou3068,iter,1,0.25
Adeline_9,voiture3070,iter,1,0.25
Adeline_90,au revoir3036,iter,1,0.25
Adeline_90,bobo3132,iter,1,0.25
Adeline_90,chapeau3044,iter,1,0.25
Adeline_90,chapeau3047,iter,1,0.25
Adeline_90,chapeau3048,iter,1,0.25
Adeline_90,coucou2604,iter,1,0.25
Adeline_90,coucou3052,iter,1,0.25
Adeline_90,encore1956,iter,1,0.25
Adeline_90,encore3053,iter,1,0.25
Adeline_90,encore3055,iter,1,0.25
Adeline_90,encore3056,iter,1,0.25
Adeline_90,encore3057,iter,1,0.25
Adeline_90,encore3060,iter,1,0.25
Adeline_90,encore3063,iter,1,0.25
Adeline_90,encore3065,iter,1,0.25
Adeline_90,maman2613,iter,1,0.25
Adeline_90,papa2615,iter,1,0.25
Adeline_90,parti3067,iter,1,0.25
Adeline_90,vachou3068,iter,1,0.25
Adeline_91,au revoir3032,iter,1,0.25
Adeline_91,au revoir3034,iter,1,0.25
Adeline_91,au revoir3035,iter,1,0.25
Adeline_91,bisou3038,iter,1,0.25
Adeline_91,bisou3040,iter,1,0.25
Adeline_91,bisou3041,iter,1,0.25
Adeline_91,chapeau3043,iter,1,0.25
Adeline_91,chapeau3047,iter,1,0.25
Adeline_91,chapeau3049,iter,1,0.25
Adeline_91,coucou2608,iter,1,0.25
Adeline_91,coucou3134,iter,1,0.25
Adeline_91,encore3055,iter,1,0.25
Adeline_91,encore3059,iter,1,0.25
Adeline_91,encore3063,iter,1,0.25
Adeline_91,maman2612,iter,1,0.25
Adeline_91,oiseau3066,iter,1,0.25
Adeline_91,vachou3068,iter,1,0.25
Adeline_91,voilà2616,iter,1,0.25
Adeline_91,voiture3070,iter,1,0.25
Adeline_92,au revoir3031,iter,1,0.25
Adeline_92,au revoir3032,iter,1,0.25
Adeline_92,au revoir3036,iter,1,0.25
Adeline_92,bisou3040,iter,1,0.25
Adeline_92,bisou3041,iter,1,0.25
Adeline_92,chapeau3050,iter,1,0.25
Adeline_92,chapeau3051,iter,1,0.25
Adeline_92,coucou2603,iter,1,0.25
Adeline_92,coucou2605,iter,1,0.25
Adeline_92,coucou2607,iter,1,0.25
Adeline_92,encore3060,iter,1,0.25
Adeline_92,encore3061,iter,1,0.25
Adeline_92,encore3062,iter,1,0.25
Adeline_92,encore3063,iter,1,0.25
Adeline_92,maman2612,iter,1,0.25
Adeline_92,maman2613,iter,1,0.25
Adeline_92,vachou3068,iter,1,0.25
Adeline_92,voiture3071,iter,1,0.25
Adeline_93,au revoir3034,iter,1,0.25
Adeline_93,bisou3038,iter,1,0.25
Adeline_93,bisou3041,iter,1,0.25
Adeline_93,bobo3130,iter,1,0.25
Adeline_93,bobo3131,iter,1,0.25
Adeline_93,chapeau3043,iter,1,0.25
Adeline_93,chapeau3046,iter,1,0.25
Adeline_93,coucou2603,iter,1,0.25
Adeline_93,coucou2606,iter,1,0.25
Adeline_93,coucou2607,iter,1,0.25
Adeline_93,coucou2609,iter,1,0.25
Adeline_93,coucou3134,iter,1,0.25
Adeline_93,encore3059,iter,1,0.25
Adeline_93,encore3061,iter,1,0.25
Adeline_93,encore3062,iter,1,0.25
Adeline_93,encore3064,iter,1,0.25
Adeline_93,vachou3068,iter,1,0.25
Adeline_93,voilà2616,iter,1,0.25
Adeline_94,au revoir3032,iter,1,0.25
Adeline_94,au revoir3033,iter,1,0.25
Adeline_94,au revoir3035,iter,1,0.25
Adeline_94,au revoir3036,iter,1,0.25
Adeline_94,bisou3040,iter,1,0.25
Adeline_94,bisou3041,iter,1,0.25
Adeline_94,bobo3131,iter,1,0.25
Adeline_94,chapeau3043,iter,1,0.25
Adeline_94,chapeau3044,iter,1,0.25
Adeline_94,chapeau3045,iter,1,0.25
Adeline_94,chapeau3049,iter,1,0.25
Adeline_94,chapeau3050,iter,1,0.25
Adeline_94,chapeau3051,iter,1,0.25
Adeline_94,coucou2604,iter,1,0.25
Adeline_94,coucou2607,iter,1,0.25
Adeline_94,dodo2610,iter,1,0.25
Adeline_94,encore3058,iter,1,0.25
Adeline_94,encore3064,iter,1,0.25
Adeline_94,encore3065,iter,1,0.25
Adeline_94,oiseau3066,iter,1,0.25
Adeline_95,bisou3042,iter,1,0.25
Adeline_95,chapeau3043,iter,1,0.25
Adeline_95,chapeau3044,iter,1,0.25
Adeline_95,chapeau3047,iter,1,0.25
Adeline_95,chapeau3048,iter,1,0.25
Adeline_95,chapeau3051,iter,1,0.25
Adeline_95,coucou2604,iter,1,0.25
Adeline_95,coucou2606,iter,1,0.25
Adeline_95,coucou3134,iter,1,0.25
Adeline_95,encore3053,iter,1,0.25
Adeline_95,encore3056,iter,1,0.25
Adeline_95,encore3057,iter,1,0.25
Adeline_95,encore3060,iter,1,0.25
Adeline_95,encore3063,iter,1,0.25
Adeline_95,encore3064,iter,1,0.25
Adeline_95,maman2611,iter,1,0.25
Adeline_95,papa2615,iter,1,0.25
Adeline_95,voilà3069,iter,1,0.25
Adeline_96,au revoir3032,iter,1,0.25
Adeline_96,au revoir3037,iter,1,0.25
Adeline_96,bisou3039,iter,1,0.25
Adeline_96,bisou3042,iter,1,0.25
Adeline_96,bobo3132,iter,1,0.25
Adeline_96,chapeau3045,iter,1,0.25
Adeline_96,coucou2606,iter,1,0.25
Adeline_96,coucou2607,iter,1,0.25
Adeline_96,coucou2608,iter,1,0.25
Adeline_96,coucou2609,iter,1,0.25
Adeline_96,dodo2610,iter,1,0.25
Adeline_96,encore1956,iter,1,0.25
Adeline_96,encore3053,iter,1,0.25
Adeline_96,encore3056,iter,1,0.25
Adeline_96,encore3060,iter,1,0.25
Adeline_96,encore3064,iter,1,0.25
Adeline_96,maman2611,iter,1,0.25
Adeline_96,maman2613,iter,1,0.25
Adeline_96,voilà3069,iter,1,0.25
Adeline_97,au revoir3031,iter,1,0.25
Adeline_97,au revoir3033,iter,1,0.25
Adeline_97,au revoir3034,iter,1,0.25
Adeline_97,bisou3041,iter,1,0.25
Adeline_97,bobo3130,iter,1,0.25
Adeline_97,bobo3132,iter,1,0.25
Adeline_97,chapeau3046,iter,1,0.25
Adeline_97,chapeau3048,iter,1,0.25
Adeline_97,chapeau3051,iter,1,0.25
Adeline_97,coucou2603,iter,1,0.25
Adeline_97,coucou2604,iter,1,0.25
Adeline_97,coucou2605,iter,1,0.25
Adeline_97,coucou2606,iter,1,0.25
Adeline_97,coucou2608,iter,1,0.25
Adeline_97,encore3057,iter,1,0.25
Adeline_97,encore3062,iter,1,0.25
Adeline_97,encore3063,iter,1,0.25
Adeline_97,maman2613,iter,1,0.25
Adeline_97,voilà3069,iter,1,0.25
Adeline_97,voiture3070,iter,1,0.25
Adeline_98,au revoir3031,iter,1,0.25
Adeline_98,au revoir3032,iter,1,0.25
Adeline_98,au revoir3034,iter,1,0.25
Adeline_98,bisou3039,iter,1,0.25
Adeline_98,bisou3041,iter,1,0.25
Adeline_98,bisou3042,iter,1,0.25
Adeline_98,chapeau3043,iter,1,0.25
Adeline_98,chapeau3047,iter,1,0.25
Adeline_98,chapeau3049,iter,1,0.25
Adeline_98,chapeau3051,iter,1,0.25
Adeline_98,coucou2605,iter,1,0.25
Adeline_98,encore3055,iter,1,0.25
Adeline_98,encore3056,iter,1,0.25
Adeline_98,encore3058,iter,1,0.25
Adeline_98,encore3064,iter,1,0.25
Adeline_98,maman2612,iter,1,0.25
Adeline_98,papa2615,iter,1,0.25
Adeline_98,vachou3068,iter,1,0.25
Adeline_98,voilà2616,iter,1,0.25
Adeline_99,au revoir3032,iter,1,0.25
Adeline_99,bisou3038,iter,1,0.25
Adeline_99,bobo3130,iter,1,0.25
Adeline_99,bobo3132,iter,1,0.25
Adeline_99,chapeau3044,iter,1,0.25
Adeline_99,chapeau3046,iter,1,0.25
Adeline_99,chapeau3047,iter,1,0.25
Adeline_99,chapeau3050,iter,1,0.25
Adeline_99,coucou2606,iter,1,0.25
Adeline_99,coucou2608,iter,1,0.25
Adeline_99,dodo2610,iter,1,0.25
Adeline_99,encore3054,iter,1,0.25
Adeline_99,encore3056,iter,1,0.25
Adeline_99,encore3064,iter,1,0.25
Adeline_99,maman2611,iter,1,0.25
Adeline_99,maman2613,iter,1,0.25
Adeline_99,oiseau3066,iter,1,0.25
Adeline_99,parti3067,iter,1,0.25
Adeline_99,voilà3069,iter,1,0.25
Adeline_99,voiture3070,iter,1,0.25
Afan_1,Durrain3359,iter,1,0.25
Afan_1,baba2696,iter,1,0.25
Afan_1,baba2697,iter,1,0.25
Afan_1,dada3365,iter,1,0.25
Afan_1,dawaye1889,iter,1,0.25
Afan_1,dawaye1890,iter,1,0.25
Afan_1,dawaye1891,iter,1,0.25
Afan_1,mama1879,iter,1,0.25
Afan_1,na/ nahin1882,iter,1,0.25
Afan_1,na/ nahin1887,iter,1,0.25
Afan_1,pani2388,iter,1,0.25
Afan_10,Rabia2390,iter,1,0.25
Afan_10,UNCLE2945,iter,1,0.25
Afan_10,UNCLE2946,iter,1,0.25
Afan_10,UNCLE2951,iter,1,0.25
Afan_10,baba2693,iter,1,0.25
Afan_10,baba2694,iter,1,0.25
Afan_100,Rabia2390,iter,1,0.25
Afan_100,ajao2692,iter,1,0.25
Afan_100,anda2944,iter,1,0.25
Afan_100,baba2694,iter,1,0.25
Afan_100,dawaye1889,iter,1,0.25
Afan_100,dawaye1890,iter,1,0.25
Afan_100,mama1879,iter,1,0.25
Afan_100,na/ nahin1881,iter,1,0.25
Afan_100,na/ nahin1883,iter,1,0.25
Afan_100,na/ nahin1887,iter,1,0.25
Afan_100,pani2388,iter,1,0.25
Afan_100,yay hai1892,iter,1,0.25
Afan_11,Rabia2390,iter,1,0.25
Afan_11,UNCLE2947,iter,1,0.25
Afan_11,anda2943,iter,1,0.25
Afan_11,baba2693,iter,1,0.25
Afan_11,baba2694,iter,1,0.25
Afan_11,baba2697,iter,1,0.25
Afan_11,baba2698,iter,1,0.25
Afan_11,bhow bhow2383,iter,1,0.25
Afan_11,idhar3557,iter,1,0.25
Afan_11,na/ nahin1882,iter,1,0.25
Afan_11,na/ nahin1884,iter,1,0.25
Afan_11,na/ nahin1887,iter,1,0.25
Afan_11,pani2388,iter,1,0.25
Afan_11,udhar3559,iter,1,0.25
Afan_12,Bazil2382,iter,1,0.25
Afan_12,JUICE do3366,iter,1,0.25
Afan_12,dada3364,iter,1,0.25
Afan_12,dada3365,iter,1,0.25
Afan_12,dawaye1889,iter,1,0.25
Afan_12,dawaye1890,iter,1,0.25
Afan_12,dawaye1891,iter,1,0.25
Afan_12,ganda3361,iter,1,0.25
Afan_12,idhar3557,iter,1,0.25
Afan_13,DOGGY BT2387,iter,1,0.25
Afan_13,ajao2692,iter,1,0.25
Afan_13,baba2694,iter,1,0.25
Afan_13,baba2698,iter,1,0.25
Afan_13,chacha2389,iter,1,0.25
Afan_13,dawaye1889,iter,1,0.25
Afan_13,dawaye1890,iter,1,0.25
Afan_13,dawaye1891,iter,1,0.25
Afan_13,mama1880,iter,1,0.25
Afan_13,na/ nahin1882,iter,1,0.25
Afan_13,na/ nahin1886,iter,1,0.25
Afan_14,UNCLE2945,iter,1,0.25
Afan_14,UNCLE2950,iter,1,0.25
Afan_14,UNCLE2951,iter,1,0.25
Afan_14,anda2943,iter,1,0.25
Afan_14,anda2944,iter,1,0.25
Afan_14,baba2693,iter,1,0.25
Afan_14,baba2695,iter,1,0.25
Afan_14,baba2696,iter,1,0.25
Afan_14,bhow bhow2383,iter,1,0.25
Afan_14,dawaye1889,iter,1,0.25
Afan_14,idhar3557,iter,1,0.25
Afan_14,mama1879,iter,1,0.25
Afan_14,ooper3560,iter,1,0.25
Afan_15,Rabia2390,iter,1,0.25
Afan_15,UNCLE2947,iter,1,0.25
Afan_15,baba2696,iter,1,0.25
Afan_15,baba2698,iter,1,0.25
Afan_15,bhow bhow2383,iter,1,0.25
Afan_15,chacha2389,iter,1,0.25
Afan_15,ganda3361,iter,1,0.25
Afan_15,idhar1888,iter,1,0.25
Afan_15,mama1879,iter,1,0.25
Afan_15,na/ nahin1881,iter,1,0.25
Afan_15,na/ nahin1885,iter,1,0.25
Afan_16,ajao2692,iter,1,0.25
Afan_16,baba2695,iter,1,0.25
Afan_16,baba2697,iter,1,0.25
Afan_16,chacha2389,iter,1,0.25
Afan_16,dada3364,iter,1,0.25
Afan_16,dada3365,iter,1,0.25
Afan_16,ooper3560,iter,1,0.25
Afan_17,DOGGY BT2387,iter,1,0.25
Afan_17,baba2693,iter,1,0.25
Afan_17,baba2695,iter,1,0.25
Afan_17,dawaye1890,iter,1,0.25
Afan_17,na/ nahin1884,iter,1,0.25
Afan_17,na/ nahin1887,iter,1,0.25
Afan_17,yay hai1892,iter,1,0.25
Afan_18,Bazil3358,iter,1,0.25
Afan_18,Durrain3359,iter,1,0.25
Afan_18,Durrain3360,iter,1,0.25
Afan_18,ajao2692,iter,1,0.25
Afan_18,baba2694,iter,1,0.25
Afan_18,baba2696,iter,1,0.25
Afan_18,baba2697,iter,1,0.25
Afan_18,baba2698,iter,1,0.25
Afan_18,dada3365,iter,1,0.25
Afan_18,ganda3361,iter,1,0.25
Afan_18,ooper3560,iter,1,0.25
Afan_19,Bazil2382,iter,1,0.25
Afan_19,ajao2692,iter,1,0.25
Afan_19,baba2694,iter,1,0.25
Afan_19,baba2698,iter,1,0.25
Afan_19,bhow bhow2383,iter,1,0.25
Afan_19,dawaye1890,iter,1,0.25
Afan_19,mama1880,iter,1,0.25
Afan_19,na/ nahin1881,iter,1,0.25
Afan_19,na/ nahin1883,iter,1,0.25
Afan_19,pani2388,iter,1,0.25
Afan_19,yay hai1892,iter,1,0.25
Afan_2,AUNTI2942,iter,1,0.25
Afan_2,DOGGY BT2387,iter,1,0.25
Afan_2,UNCLE2945,iter,1,0.25
Afan_2,UNCLE2947,iter,1,0.25
Afan_2,UNCLE2949,iter,1,0.25
Afan_2,anda2943,iter,1,0.25
Afan_2,baba2693,iter,1,0.25
Afan_2,chunti2385,iter,1,0.25
Afan_20,mama1879,iter,1,0.25
Afan_20,mama3354,iter,1,0.25
Afan_21,mama1880,iter,1,0.25
Afan_21,mama3352,iter,1,0.25
Afan_22,Bazil2382,iter,1,0.25
Afan_22,JUICE do3366,iter,1,0.25
Afan_22,baba3357,iter,1,0.25
Afan_22,bhow bhow2383,iter,1,0.25
Afan_22,dada3364,iter,1,0.25
Afan_22,pani3362,iter,1,0.25
Afan_22,udhar3559,iter,1,0.25
Afan_23,AUNTI3556,iter,1,0.25
Afan_23,UNCLE2945,iter,1,0.25
Afan_23,UNCLE2948,iter,1,0.25
Afan_23,anda2943,iter,1,0.25
Afan_23,baba2693,iter,1,0.25
Afan_23,baba2694,iter,1,0.25
Afan_23,baba2696,iter,1,0.25
Afan_23,baba2697,iter,1,0.25
Afan_23,chacha2389,iter,1,0.25
Afan_23,ganda3361,iter,1,0.25
Afan_23,idhar1888,iter,1,0.25
Afan_23,idhar3558,iter,1,0.25
Afan_23,mama1879,iter,1,0.25
Afan_23,na/ nahin1881,iter,1,0.25
Afan_23,na/ nahin1884,iter,1,0.25
Afan_24,ajao2692,iter,1,0.25
Afan_24,baba2694,iter,1,0.25
Afan_24,baba2697,iter,1,0.25
Afan_24,chacha2389,iter,1,0.25
Afan_24,na/ nahin1885,iter,1,0.25
Afan_24,na/ nahin1886,iter,1,0.25
Afan_24,na/ nahin1887,iter,1,0.25
Afan_24,pani2388,iter,1,0.25
Afan_24,yay hai1892,iter,1,0.25
Afan_25,baba2693,iter,1,0.25
Afan_25,baba2694,iter,1,0.25
Afan_25,baba2697,iter,1,0.25
Afan_25,chacha2389,iter,1,0.25
Afan_25,chunti2384,iter,1,0.25
Afan_25,chunti2385,iter,1,0.25
Afan_25,dada3365,iter,1,0.25
Afan_25,dawaye1890,iter,1,0.25
Afan_25,idhar1888,iter,1,0.25
Afan_25,na/ nahin1884,iter,1,0.25
Afan_26,mama3355,iter,1,0.25
Afan_27,mama1879,iter,1,0.25
Afan_27,mama1880,iter,1,0.25
Afan_27,mama3349,iter,1,0.25
Afan_27,mama3352,iter,1,0.25
Afan_27,mama3353,iter,1,0.25
Afan_28,baba2694,iter,1,0.25
Afan_28,baba2696,iter,1,0.25
Afan_28,dawaye1891,iter,1,0.25
Afan_28,idhar1888,iter,1,0.25
Afan_28,mama3352,iter,1,0.25
Afan_28,na/ nahin1882,iter,1,0.25
Afan_28,na/ nahin1885,iter,1,0.25
Afan_28,yay hai1892,iter,1,0.25
Afan_29,JUICE do3366,iter,1,0.25
Afan_29,ajao2692,iter,1,0.25
Afan_29,baba2695,iter,1,0.25
Afan_29,baba2697,iter,1,0.25
Afan_29,ganda3361,iter,1,0.25
Afan_3,Bazil2382,iter,1,0.25
Afan_3,bhow bhow2383,iter,1,0.25
Afan_3,chunti2384,iter,1,0.25
Afan_3,dada3365,iter,1,0.25
Afan_3,dawaye1889,iter,1,0.25
Afan_3,dawaye1890,iter,1,0.25
Afan_3,mama1880,iter,1,0.25
Afan_3,na/ nahin1881,iter,1,0.25
Afan_3,na/ nahin1884,iter,1,0.25
Afan_3,na/ nahin1885,iter,1,0.25
Afan_3,na/ nahin1887,iter,1,0.25
Afan_30,AUNTI2942,iter,1,0.25
Afan_30,DOGGY BT2387,iter,1,0.25
Afan_30,UNCLE2951,iter,1,0.25
Afan_30,anda2943,iter,1,0.25
Afan_30,baba2693,iter,1,0.25
Afan_30,baba2694,iter,1,0.25
Afan_30,baba2696,iter,1,0.25
Afan_31,UNCLE2945,iter,1,0.25
Afan_31,UNCLE2946,iter,1,0.25
Afan_31,UNCLE2947,iter,1,0.25
Afan_31,UNCLE2949,iter,1,0.25
Afan_31,UNCLE2951,iter,1,0.25
Afan_32,baba2694,iter,1,0.25
Afan_32,baba2698,iter,1,0.25
Afan_32,bhow bhow2383,iter,1,0.25
Afan_32,dawaye1889,iter,1,0.25
Afan_32,mama1879,iter,1,0.25
Afan_32,mama3350,iter,1,0.25
Afan_32,mama3353,iter,1,0.25
Afan_32,na/ nahin1882,iter,1,0.25
Afan_32,na/ nahin1884,iter,1,0.25
Afan_32,na/ nahin1885,iter,1,0.25
Afan_32,pani2388,iter,1,0.25
Afan_32,yay hai1892,iter,1,0.25
Afan_33,mama3350,iter,1,0.25
Afan_34,mama1880,iter,1,0.25
Afan_34,mama3351,iter,1,0.25
Afan_34,mama3352,iter,1,0.25
Afan_34,mama3354,iter,1,0.25
Afan_35,AUNTI3556,iter,1,0.25
Afan_35,Bazil3358,iter,1,0.25
Afan_35,DOGGY BT2387,iter,1,0.25
Afan_35,Durrain3360,iter,1,0.25
Afan_35,dada3365,iter,1,0.25
Afan_35,dawaye1890,iter,1,0.25
Afan_35,ganda3361,iter,1,0.25
Afan_35,idhar3558,iter,1,0.25
Afan_36,AUNTI2942,iter,1,0.25
Afan_36,DOGGY BT2387,iter,1,0.25
Afan_36,UNCLE2945,iter,1,0.25
Afan_36,UNCLE2950,iter,1,0.25
Afan_36,UNCLE2951,iter,1,0.25
Afan_36,anda2944,iter,1,0.25
Afan_36,chunti2385,iter,1,0.25
Afan_36,dawaye1891,iter,1,0.25
Afan_36,idhar1888,iter,1,0.25
Afan_37,Bazil2382,iter,1,0.25
Afan_37,DOGGY BT2387,iter,1,0.25
Afan_37,ajao2692,iter,1,0.25
Afan_37,baba2694,iter,1,0.25
Afan_37,baba2696,iter,1,0.25
Afan_37,dawaye1889,iter,1,0.25
Afan_37,idhar1888,iter,1,0.25
Afan_37,na/ nahin1884,iter,1,0.25
Afan_38,AUNTI2942,iter,1,0.25
Afan_38,UNCLE2950,iter,1,0.25
Afan_38,UNCLE2951,iter,1,0.25
Afan_38,chunti2385,iter,1,0.25
Afan_38,chunti2386,iter,1,0.25
Afan_38,idhar1888,iter,1,0.25
Afan_39,AUNTI2942,iter,1,0.25
Afan_39,UNCLE2949,iter,1,0.25
Afan_39,ajao2692,iter,1,0.25
Afan_39,baba2697,iter,1,0.25
Afan_39,chunti2384,iter,1,0.25
Afan_39,chunti2385,iter,1,0.25
Afan_4,Bazil3358,iter,1,0.25
Afan_4,chacha2389,iter,1,0.25
Afan_4,dawaye1889,iter,1,0.25
Afan_4,dawaye1890,iter,1,0.25
Afan_4,dawaye1891,iter,1,0.25
Afan_4,ganda3361,iter,1,0.25
Afan_4,idhar3558,iter,1,0.25
Afan_4,udhar3559,iter,1,0.25
Afan_40,UNCLE2945,iter,1,0.25
Afan_40,UNCLE2947,iter,1,0.25
Afan_40,anda2943,iter,1,0.25
Afan_40,anda2944,iter,1,0.25
Afan_40,baba2694,iter,1,0.25
Afan_40,baba2696,iter,1,0.25
Afan_40,chunti2386,iter,1,0.25
Afan_40,pani2388,iter,1,0.25
Afan_41,DOGGY BT2387,iter,1,0.25
Afan_41,Durrain3359,iter,1,0.25
Afan_41,JUICE do3366,iter,1,0.25
Afan_41,UNCLE2948,iter,1,0.25
Afan_41,UNCLE2949,iter,1,0.25
Afan_41,chunti2384,iter,1,0.25
Afan_41,dawaye1891,iter,1,0.25
Afan_41,na/ nahin1881,iter,1,0.25
Afan_41,na/ nahin1882,iter,1,0.25
Afan_41,na/ nahin1884,iter,1,0.25
Afan_42,mama3350,iter,1,0.25
Afan_42,mama3353,iter,1,0.25
Afan_42,mama3354,iter,1,0.25
Afan_43,AUNTI2942,iter,1,0.25
Afan_43,Rabia2390,iter,1,0.25
Afan_43,UNCLE2950,iter,1,0.25
Afan_43,UNCLE2951,iter,1,0.25
Afan_43,chacha2389,iter,1,0.25
Afan_43,dawaye1889,iter,1,0.25
Afan_43,dawaye1891,iter,1,0.25
Afan_43,ganda3361,iter,1,0.25
Afan_43,mama1879,iter,1,0.25
Afan_44,AUNTI2942,iter,1,0.25
Afan_44,UNCLE2945,iter,1,0.25
Afan_44,UNCLE2946,iter,1,0.25
Afan_44,ajao2692,iter,1,0.25
Afan_44,baba2693,iter,1,0.25
Afan_44,baba2695,iter,1,0.25
Afan_44,baba2696,iter,1,0.25
Afan_44,baba2697,iter,1,0.25
Afan_44,chunti2384,iter,1,0.25
Afan_44,chunti2385,iter,1,0.25
Afan_45,DOGGY BT2387,iter,1,0.25
Afan_45,Rabia2390,iter,1,0.25
Afan_45,baba2695,iter,1,0.25
Afan_45,baba2697,iter,1,0.25
Afan_45,dawaye1890,iter,1,0.25
Afan_45,mama1880,iter,1,0.25
Afan_45,na/ nahin1881,iter,1,0.25
Afan_45,na/ nahin1882,iter,1,0.25
Afan_45,na/ nahin1883,iter,1,0.25
Afan_45,na/ nahin1886,iter,1,0.25
Afan_46,AUNTI2942,iter,1,0.25
Afan_46,anda2944,iter,1,0.25
Afan_46,baba2693,iter,1,0.25
Afan_46,baba2695,iter,1,0.25
Afan_46,baba2698,iter,1,0.25
Afan_46,dawaye1889,iter,1,0.25
Afan_46,idhar1888,iter,1,0.25
Afan_46,idhar3558,iter,1,0.25
Afan_46,na/ nahin1882,iter,1,0.25
Afan_46,ooper3560,iter,1,0.25
Afan_47,UNCLE2946,iter,1,0.25
Afan_47,UNCLE2947,iter,1,0.25
Afan_47,UNCLE2948,iter,1,0.25
Afan_47,UNCLE2949,iter,1,0.25
Afan_47,UNCLE2951,iter,1,0.25
Afan_47,anda2943,iter,1,0.25
Afan_47,anda2944,iter,1,0.25
Afan_47,baba2696,iter,1,0.25
Afan_48,UNCLE2948,iter,1,0.25
Afan_48,ajao2692,iter,1,0.25
Afan_48,baba2693,iter,1,0.25
Afan_48,baba2695,iter,1,0.25
Afan_48,baba2698,iter,1,0.25
Afan_48,chunti2385,iter,1,0.25
Afan_48,mama1879,iter,1,0.25
Afan_48,mama1880,iter,1,0.25
Afan_48,na/ nahin1882,iter,1,0.25
Afan_48,pani2388,iter,1,0.25
Afan_48,yay hai1892,iter,1,0.25
Afan_49,Bazil2382,iter,1,0.25
Afan_49,ajao2692,iter,1,0.25
Afan_49,baba2694,iter,1,0.25
Afan_49,baba2695,iter,1,0.25
Afan_49,bhow bhow2383,iter,1,0.25
Afan_49,na/ nahin1881,iter,1,0.25
Afan_49,na/ nahin1884,iter,1,0.25
Afan_49,yay hai1892,iter,1,0.25
Afan_5,UNCLE2945,iter,1,0.25
Afan_5,UNCLE2946,iter,1,0.25
Afan_5,UNCLE2950,iter,1,0.25
Afan_5,ajao2692,iter,1,0.25
Afan_5,baba2693,iter,1,0.25
Afan_5,baba2694,iter,1,0.25
Afan_5,chunti2385,iter,1,0.25
Afan_50,AUNTI3556,iter,1,0.25
Afan_50,Rabia2390,iter,1,0.25
Afan_50,UNCLE2948,iter,1,0.25
Afan_50,UNCLE2950,iter,1,0.25
Afan_50,ajao2692,iter,1,0.25
Afan_50,anda2943,iter,1,0.25
Afan_50,baba2693,iter,1,0.25
Afan_50,baba2695,iter,1,0.25
Afan_50,chacha2389,iter,1,0.25
Afan_50,dawaye1890,iter,1,0.25
Afan_50,idhar1888,iter,1,0.25
Afan_50,idhar3557,iter,1,0.25
Afan_50,mama1880,iter,1,0.25
Afan_50,na/ nahin1886,iter,1,0.25
Afan_51,AUNTI3556,iter,1,0.25
Afan_51,ajao2692,iter,1,0.25
Afan_51,baba2697,iter,1,0.25
Afan_51,baba2698,iter,1,0.25
Afan_51,ooper3560,iter,1,0.25
Afan_52,DOGGY BT2387,iter,1,0.25
Afan_52,UNCLE2949,iter,1,0.25
Afan_52,UNCLE2951,iter,1,0.25
Afan_52,anda2943,iter,1,0.25
Afan_52,anda2944,iter,1,0.25
Afan_52,baba2696,iter,1,0.25
Afan_52,chunti2386,iter,1,0.25
Afan_52,pani2388,iter,1,0.25
Afan_53,UNCLE2947,iter,1,0.25
Afan_53,anda2943,iter,1,0.25
Afan_53,anda2944,iter,1,0.25
Afan_53,baba2695,iter,1,0.25
Afan_53,chunti2384,iter,1,0.25
Afan_53,chunti2385,iter,1,0.25
Afan_54,AUNTI2942,iter,1,0.25
Afan_54,Rabia2390,iter,1,0.25
Afan_54,UNCLE2945,iter,1,0.25
Afan_54,UNCLE2946,iter,1,0.25
Afan_54,UNCLE2947,iter,1,0.25
Afan_54,baba2693,iter,1,0.25
Afan_54,baba2696,iter,1,0.25
Afan_54,chunti2385,iter,1,0.25
Afan_55,Bazil2382,iter,1,0.25
Afan_55,Bazil3358,iter,1,0.25
Afan_55,Rabia2390,iter,1,0.25
Afan_56,Durrain3360,iter,1,0.25
Afan_56,ajao2692,iter,1,0.25
Afan_56,baba2697,iter,1,0.25
Afan_56,baba2698,iter,1,0.25
Afan_56,chacha2389,iter,1,0.25
Afan_56,dada3364,iter,1,0.25
Afan_56,idhar1888,iter,1,0.25
Afan_56,na/ nahin1887,iter,1,0.25
Afan_57,AUNTI3556,iter,1,0.25
Afan_57,baba2693,iter,1,0.25
Afan_57,baba2694,iter,1,0.25
Afan_57,baba2697,iter,1,0.25
Afan_57,baba2698,iter,1,0.25
Afan_58,Rabia2390,iter,1,0.25
Afan_58,baba2695,iter,1,0.25
Afan_58,baba2696,iter,1,0.25
Afan_58,bhow bhow2383,iter,1,0.25
Afan_58,mama1879,iter,1,0.25
Afan_58,na/ nahin1885,iter,1,0.25
Afan_58,pani2388,iter,1,0.25
Afan_59,AUNTI3556,iter,1,0.25
Afan_59,UNCLE2950,iter,1,0.25
Afan_59,UNCLE2951,iter,1,0.25
Afan_59,baba2693,iter,1,0.25
Afan_59,baba2695,iter,1,0.25
Afan_59,baba2697,iter,1,0.25
Afan_59,dawaye1890,iter,1,0.25
Afan_59,ganda3361,iter,1,0.25
Afan_59,idhar3558,iter,1,0.25
Afan_59,na/ nahin1881,iter,1,0.25
Afan_59,na/ nahin1884,iter,1,0.25
Afan_59,na/ nahin1886,iter,1,0.25
Afan_59,pani2388,iter,1,0.25
Afan_6,DOGGY BT2387,iter,1,0.25
Afan_6,baba2693,iter,1,0.25
Afan_6,baba2695,iter,1,0.25
Afan_6,bhow bhow2383,iter,1,0.25
Afan_6,chacha2389,iter,1,0.25
Afan_6,dawaye1891,iter,1,0.25
Afan_6,idhar1888,iter,1,0.25
Afan_6,na/ nahin1885,iter,1,0.25
Afan_6,na/ nahin1887,iter,1,0.25
Afan_60,Bazil2382,iter,1,0.25
Afan_60,baba2697,iter,1,0.25
Afan_60,baba2698,iter,1,0.25
Afan_60,bhow bhow2383,iter,1,0.25
Afan_60,chunti2385,iter,1,0.25
Afan_60,chunti2386,iter,1,0.25
Afan_60,dawaye1890,iter,1,0.25
Afan_60,dawaye1891,iter,1,0.25
Afan_60,na/ nahin1881,iter,1,0.25
Afan_60,na/ nahin1886,iter,1,0.25
Afan_61,Bazil2382,iter,1,0.25
Afan_61,JUICE do3366,iter,1,0.25
Afan_61,dada3364,iter,1,0.25
Afan_61,dawaye1891,iter,1,0.25
Afan_61,ganda3361,iter,1,0.25
Afan_61,idhar3557,iter,1,0.25
Afan_61,idhar3558,iter,1,0.25
Afan_61,udhar3559,iter,1,0.25
Afan_62,AUNTI2942,iter,1,0.25
Afan_62,UNCLE2945,iter,1,0.25
Afan_62,UNCLE2947,iter,1,0.25
Afan_62,UNCLE2948,iter,1,0.25
Afan_62,UNCLE2950,iter,1,0.25
Afan_62,baba2693,iter,1,0.25
Afan_63,Rabia2390,iter,1,0.25
Afan_63,ajao2692,iter,1,0.25
Afan_63,baba2695,iter,1,0.25
Afan_63,baba2696,iter,1,0.25
Afan_63,baba2697,iter,1,0.25
Afan_63,bhow bhow2383,iter,1,0.25
Afan_63,chacha2389,iter,1,0.25
Afan_63,dada3365,iter,1,0.25
Afan_63,dawaye1890,iter,1,0.25
Afan_63,na/ nahin1884,iter,1,0.25
Afan_63,yay hai1892,iter,1,0.25
Afan_64,AUNTI2942,iter,1,0.25
Afan_64,AUNTI3556,iter,1,0.25
Afan_64,Rabia2390,iter,1,0.25
Afan_64,UNCLE2948,iter,1,0.25
Afan_64,anda2944,iter,1,0.25
Afan_64,baba2696,iter,1,0.25
Afan_64,baba2698,iter,1,0.25
Afan_64,dawaye1891,iter,1,0.25
Afan_64,na/ nahin1883,iter,1,0.25
Afan_64,na/ nahin1885,iter,1,0.25
Afan_64,na/ nahin1887,iter,1,0.25
Afan_64,ooper3560,iter,1,0.25
Afan_64,udhar3559,iter,1,0.25
Afan_65,AUNTI2942,iter,1,0.25
Afan_65,DOGGY BT2387,iter,1,0.25
Afan_65,UNCLE2945,iter,1,0.25
Afan_65,anda2944,iter,1,0.25
Afan_65,chunti2386,iter,1,0.25
Afan_65,dawaye1889,iter,1,0.25
Afan_65,dawaye1890,iter,1,0.25
Afan_65,dawaye1891,iter,1,0.25
Afan_66,bhow bhow2383,iter,1,0.25
Afan_66,chacha2389,iter,1,0.25
Afan_66,dawaye1889,iter,1,0.25
Afan_66,dawaye1890,iter,1,0.25
Afan_66,idhar1888,iter,1,0.25
Afan_66,mama1879,iter,1,0.25
Afan_66,na/ nahin1882,iter,1,0.25
Afan_66,na/ nahin1885,iter,1,0.25
Afan_66,pani2388,iter,1,0.25
Afan_66,yay hai1892,iter,1,0.25
Afan_67,mama3350,iter,1,0.25
Afan_67,mama3351,iter,1,0.25
Afan_68,mama3355,iter,1,0.25
Afan_69,Rabia2390,iter,1,0.25
Afan_69,ajao2692,iter,1,0.25
Afan_69,baba2694,iter,1,0.25
Afan_69,baba2697,iter,1,0.25
Afan_69,chacha2389,iter,1,0.25
Afan_69,dawaye1889,iter,1,0.25
Afan_69,na/ nahin1881,iter,1,0.25
Afan_69,na/ nahin1882,iter,1,0.25
Afan_69,na/ nahin1885,iter,1,0.25
Afan_69,na/ nahin1886,iter,1,0.25
Afan_69,yay hai1892,iter,1,0.25
Afan_7,Bazil3358,iter,1,0.25
Afan_7,JUICE do3366,iter,1,0.25
Afan_7,ajao2692,iter,1,0.25
Afan_7,dada3365,iter,1,0.25
Afan_7,ganda3361,iter,1,0.25
Afan_7,idhar3557,iter,1,0.25
Afan_70,Bazil3358,iter,1,0.25
Afan_70,ganda3361,iter,1,0.25
Afan_70,mama1879,iter,1,0.25
Afan_70,mama1880,iter,1,0.25
Afan_71,AUNTI2942,iter,1,0.25
Afan_71,UNCLE2950,iter,1,0.25
Afan_71,UNCLE2951,iter,1,0.25
Afan_71,chunti2384,iter,1,0.25
Afan_71,chunti2385,iter,1,0.25
Afan_71,dawaye1890,iter,1,0.25
Afan_71,na/ nahin1883,iter,1,0.25
Afan_71,na/ nahin1884,iter,1,0.25
Afan_71,na/ nahin1887,iter,1,0.25
Afan_72,DOGGY BT2387,iter,1,0.25
Afan_72,UNCLE2945,iter,1,0.25
Afan_72,UNCLE2948,iter,1,0.25
Afan_72,baba2696,iter,1,0.25
Afan_72,baba2698,iter,1,0.25
Afan_72,chunti2384,iter,1,0.25
Afan_72,chunti2385,iter,1,0.25
Afan_73,AUNTI3556,iter,1,0.25
Afan_73,Bazil2382,iter,1,0.25
Afan_73,Bazil3358,iter,1,0.25
Afan_73,ajao2692,iter,1,0.25
Afan_73,baba2695,iter,1,0.25
Afan_73,baba2698,iter,1,0.25
Afan_73,idhar3558,iter,1,0.25
Afan_73,mama1880,iter,1,0.25
Afan_73,na/ nahin1882,iter,1,0.25
Afan_73,na/ nahin1884,iter,1,0.25
Afan_73,pani2388,iter,1,0.25
Afan_73,pani3363,iter,1,0.25
Afan_73,yay hai1892,iter,1,0.25
Afan_74,baba2693,iter,1,0.25
Afan_74,baba2696,iter,1,0.25
Afan_74,baba2697,iter,1,0.25
Afan_74,dada3364,iter,1,0.25
Afan_74,dada3365,iter,1,0.25
Afan_74,ganda3361,iter,1,0.25
Afan_75,mama1880,iter,1,0.25
Afan_75,mama3349,iter,1,0.25
Afan_75,mama3350,iter,1,0.25
Afan_76,Bazil2382,iter,1,0.25
Afan_76,Durrain3359,iter,1,0.25
Afan_76,baba2693,iter,1,0.25
Afan_76,baba2695,iter,1,0.25
Afan_76,baba2697,iter,1,0.25
Afan_76,chacha2389,iter,1,0.25
Afan_76,dawaye1890,iter,1,0.25
Afan_76,idhar3558,iter,1,0.25
Afan_76,na/ nahin1885,iter,1,0.25
Afan_76,na/ nahin1886,iter,1,0.25
Afan_76,pani3363,iter,1,0.25
Afan_76,udhar3559,iter,1,0.25
Afan_77,Bazil2382,iter,1,0.25
Afan_77,Rabia2390,iter,1,0.25
Afan_77,baba2694,iter,1,0.25
Afan_77,baba2698,iter,1,0.25
Afan_77,na/ nahin1885,iter,1,0.25
Afan_77,na/ nahin1887,iter,1,0.25
Afan_77,ooper3560,iter,1,0.25
Afan_77,pani2388,iter,1,0.25
Afan_78,Rabia2390,iter,1,0.25
Afan_78,ganda3361,iter,1,0.25
Afan_78,mama1879,iter,1,0.25
Afan_78,mama1880,iter,1,0.25
Afan_79,baba2695,iter,1,0.25
Afan_79,baba2696,iter,1,0.25
Afan_79,baba2697,iter,1,0.25
Afan_79,ganda3361,iter,1,0.25
Afan_79,pani3363,iter,1,0.25
Afan_8,mama3350,iter,1,0.25
Afan_80,JUICE do3366,iter,1,0.25
Afan_80,baba3357,iter,1,0.25
Afan_80,dada3365,iter,1,0.25
Afan_80,ganda3361,iter,1,0.25
Afan_80,pani3363,iter,1,0.25
Afan_82,DOGGY BT2387,iter,1,0.25
Afan_82,chacha2389,iter,1,0.25
Afan_82,dawaye1891,iter,1,0.25
Afan_82,mama1879,iter,1,0.25
Afan_82,na/ nahin1884,iter,1,0.25
Afan_83,Durrain3359,iter,1,0.25
Afan_83,baba2697,iter,1,0.25
Afan_83,baba2698,iter,1,0.25
Afan_83,chunti2385,iter,1,0.25
Afan_83,dada3364,iter,1,0.25
Afan_83,dawaye1890,iter,1,0.25
Afan_83,idhar1888,iter,1,0.25
Afan_83,mama1880,iter,1,0.25
Afan_83,na/ nahin1881,iter,1,0.25
Afan_83,na/ nahin1883,iter,1,0.25
Afan_83,na/ nahin1885,iter,1,0.25
Afan_83,na/ nahin1886,iter,1,0.25
Afan_84,mama1879,iter,1,0.25
Afan_84,mama3349,iter,1,0.25
Afan_84,mama3350,iter,1,0.25
Afan_84,mama3351,iter,1,0.25
Afan_85,Bazil2382,iter,1,0.25
Afan_85,DOGGY BT2387,iter,1,0.25
Afan_85,Rabia2390,iter,1,0.25
Afan_85,baba2697,iter,1,0.25
Afan_85,chacha2389,iter,1,0.25
Afan_85,mama1880,iter,1,0.25
Afan_85,na/ nahin1884,iter,1,0.25
Afan_85,na/ nahin1885,iter,1,0.25
Afan_85,yay hai1892,iter,1,0.25
Afan_86,UNCLE2945,iter,1,0.25
Afan_86,UNCLE2946,iter,1,0.25
Afan_86,UNCLE2948,iter,1,0.25
Afan_86,UNCLE2951,iter,1,0.25
Afan_86,anda2943,iter,1,0.25
Afan_86,baba2695,iter,1,0.25
Afan_86,chunti2384,iter,1,0.25
Afan_87,Rabia2390,iter,1,0.25
Afan_87,bhow bhow2383,iter,1,0.25
Afan_87,dawaye1889,iter,1,0.25
Afan_87,idhar3557,iter,1,0.25
Afan_87,mama1879,iter,1,0.25
Afan_87,na/ nahin1882,iter,1,0.25
Afan_87,na/ nahin1885,iter,1,0.25
Afan_87,na/ nahin1886,iter,1,0.25
Afan_87,na/ nahin1887,iter,1,0.25
Afan_87,pani2388,iter,1,0.25
Afan_88,DOGGY BT2387,iter,1,0.25
Afan_88,Rabia2390,iter,1,0.25
Afan_88,ajao2692,iter,1,0.25
Afan_88,chunti2384,iter,1,0.25
Afan_88,chunti2385,iter,1,0.25
Afan_88,dada3365,iter,1,0.25
Afan_88,mama1879,iter,1,0.25
Afan_88,na/ nahin1881,iter,1,0.25
Afan_88,na/ nahin1883,iter,1,0.25
Afan_88,na/ nahin1885,iter,1,0.25
Afan_88,na/ nahin1886,iter,1,0.25
Afan_88,yay hai1892,iter,1,0.25
Afan_89,Rabia2390,iter,1,0.25
Afan_89,bhow bhow2383,iter,1,0.25
Afan_89,pani3362,iter,1,0.25
Afan_9,idhar3557,iter,1,0.25
Afan_9,mama1880,iter,1,0.25
Afan_9,pani3363,iter,1,0.25
Afan_90,Rabia2390,iter,1,0.25
Afan_90,UNCLE2948,iter,1,0.25
Afan_90,UNCLE2949,iter,1,0.25
Afan_90,UNCLE2951,iter,1,0.25
Afan_90,anda2943,iter,1,0.25
Afan_90,baba2694,iter,1,0.25
Afan_90,baba2695,iter,1,0.25
Afan_90,baba2698,iter,1,0.25
Afan_90,idhar3558,iter,1,0.25
Afan_90,na/ nahin1881,iter,1,0.25
Afan_90,na/ nahin1883,iter,1,0.25
Afan_90,na/ nahin1885,iter,1,0.25
Afan_90,pani2388,iter,1,0.25
Afan_90,yay hai1892,iter,1,0.25
Afan_91,Bazil2382,iter,1,0.25
Afan_91,DOGGY BT2387,iter,1,0.25
Afan_91,Rabia2390,iter,1,0.25
Afan_91,baba2694,iter,1,0.25
Afan_91,dawaye1889,iter,1,0.25
Afan_91,dawaye1891,iter,1,0.25
Afan_91,na/ nahin1881,iter,1,0.25
Afan_91,na/ nahin1882,iter,1,0.25
Afan_91,na/ nahin1884,iter,1,0.25
Afan_93,DOGGY BT2387,iter,1,0.25
Afan_93,baba2696,iter,1,0.25
Afan_93,baba2697,iter,1,0.25
Afan_93,chunti2384,iter,1,0.25
Afan_93,chunti2385,iter,1,0.25
Afan_93,chunti2386,iter,1,0.25
Afan_93,pani2388,iter,1,0.25
Afan_94,baba2697,iter,1,0.25
Afan_94,chacha2389,iter,1,0.25
Afan_94,dawaye1889,iter,1,0.25
Afan_94,dawaye1890,iter,1,0.25
Afan_94,dawaye1891,iter,1,0.25
Afan_94,idhar1888,iter,1,0.25
Afan_94,na/ nahin1881,iter,1,0.25
Afan_94,na/ nahin1882,iter,1,0.25
Afan_94,na/ nahin1884,iter,1,0.25
Afan_94,na/ nahin1885,iter,1,0.25
Afan_94,na/ nahin1886,iter,1,0.25
Afan_94,yay hai1892,iter,1,0.25
Afan_95,Bazil2382,iter,1,0.25
Afan_95,Rabia2390,iter,1,0.25
Afan_95,baba2693,iter,1,0.25
Afan_95,baba2698,iter,1,0.25
Afan_95,dawaye1889,iter,1,0.25
Afan_95,dawaye1890,iter,1,0.25
Afan_96,baba2694,iter,1,0.25
Afan_96,bhow bhow2383,iter,1,0.25
Afan_96,dawaye1890,iter,1,0.25
Afan_96,dawaye1891,iter,1,0.25
Afan_96,mama1880,iter,1,0.25
Afan_96,mama3351,iter,1,0.25
Afan_96,na/ nahin1884,iter,1,0.25
Afan_96,na/ nahin1885,iter,1,0.25
Afan_96,na/ nahin1887,iter,1,0.25
Afan_96,pani3363,iter,1,0.25
Afan_97,baba2693,iter,1,0.25
Afan_97,dawaye1889,iter,1,0.25
Afan_97,dawaye1890,iter,1,0.25
Afan_97,na/ nahin1881,iter,1,0.25
Afan_97,na/ nahin1886,iter,1,0.25
Afan_97,yay hai1892,iter,1,0.25
Afan_98,Bazil2382,iter,1,0.25
Afan_98,bhow bhow2383,iter,1,0.25
Afan_98,chacha2389,iter,1,0.25
Afan_98,dawaye1889,iter,1,0.25
Afan_98,mama1879,iter,1,0.25
Afan_98,mama1880,iter,1,0.25
Afan_98,na/ nahin1884,iter,1,0.25
Afan_99,mama1880,iter,1,0.25
Afan_99,mama3353,iter,1,0.25
Afan_99,mama3354,iter,1,0.25
Atte_1,Atti3463,iter,1,0.25
Atte_1,Atti3464,iter,1,0.25
Atte_1,Atti3468,iter,1,0.25
Atte_1,aja3454,iter,1,0.25
Atte_1,ankka3456,iter,1,0.25
Atte_1,auto2830,iter,1,0.25
Atte_1,auto2836,iter,1,0.25
Atte_1,auto2841,iter,1,0.25
Atte_1,auto2842,iter,1,0.25
Atte_1,auto2843,iter,1,0.25
Atte_1,auto2847,iter,1,0.25
Atte_1,auto2850,iter,1,0.25
Atte_1,auto3471,iter,1,0.25
Atte_1,auto3475,iter,1,0.25
Atte_1,isi2852,iter,1,0.25
Atte_1,isi2855,iter,1,0.25
Atte_1,pallo3491,iter,1,0.25
Atte_1,ukko3493,iter,1,0.25
Atte_1,ukko3496,iter,1,0.25
Atte_1,äiti3452,iter,1,0.25
Atte_10,aja3455,iter,1,0.25
Atte_10,ankka3459,iter,1,0.25
Atte_10,auto2845,iter,1,0.25
Atte_10,auto2846,iter,1,0.25
Atte_10,auto3471,iter,1,0.25
Atte_10,auto3475,iter,1,0.25
Atte_10,auto3476,iter,1,0.25
Atte_10,heppa3480,iter,1,0.25
Atte_10,isi2852,iter,1,0.25
Atte_10,isi2857,iter,1,0.25
Atte_10,loppu3487,iter,1,0.25
Atte_10,ukko3495,iter,1,0.25
Atte_10,ukko3498,iter,1,0.25
Atte_10,äiti2828,iter,1,0.25
Atte_10,äiti3447,iter,1,0.25
Atte_10,äiti3452,iter,1,0.25
Atte_10,äiti3453,iter,1,0.25
Atte_100,Atti3462,iter,1,0.25
Atte_100,Atti3463,iter,1,0.25
Atte_100,ankka3458,iter,1,0.25
Atte_100,auto2843,iter,1,0.25
Atte_100,auto2846,iter,1,0.25
Atte_100,auto2847,iter,1,0.25
Atte_100,auto2849,iter,1,0.25
Atte_100,auto3469,iter,1,0.25
Atte_100,isi2852,iter,1,0.25
Atte_100,kello3481,iter,1,0.25
Atte_100,loppu3484,iter,1,0.25
Atte_100,nalle3488,iter,1,0.25
Atte_100,pallo3491,iter,1,0.25
Atte_100,ukko3492,iter,1,0.25
Atte_100,ukko3493,iter,1,0.25
Atte_100,ukko3498,iter,1,0.25
Atte_100,äiti3447,iter,1,0.25
Atte_100,äiti3449,iter,1,0.25
Atte_100,äiti3452,iter,1,0.25
Atte_11,Atti3461,iter,1,0.25
Atte_11,Atti3465,iter,1,0.25
Atte_11,Atti3468,iter,1,0.25
Atte_11,aja3455,iter,1,0.25
Atte_11,auto2836,iter,1,0.25
Atte_11,auto2837,iter,1,0.25
Atte_11,auto2844,iter,1,0.25
Atte_11,auto2846,iter,1,0.25
Atte_11,auto2849,iter,1,0.25
Atte_11,auto3470,iter,1,0.25
Atte_11,auto3477,iter,1,0.25
Atte_11,auto3478,iter,1,0.25
Atte_11,isi2852,iter,1,0.25
Atte_11,äiti3450,iter,1,0.25
Atte_11,äiti3453,iter,1,0.25
Atte_12,Atti3460,iter,1,0.25
Atte_12,Atti3462,iter,1,0.25
Atte_12,aja3454,iter,1,0.25
Atte_12,aja3455,iter,1,0.25
Atte_12,ankka3456,iter,1,0.25
Atte_12,auto2831,iter,1,0.25
Atte_12,auto2834,iter,1,0.25
Atte_12,auto2841,iter,1,0.25
Atte_12,auto3469,iter,1,0.25
Atte_12,auto3472,iter,1,0.25
Atte_12,auto3474,iter,1,0.25
Atte_12,isi2851,iter,1,0.25
Atte_12,isi2854,iter,1,0.25
Atte_12,isi2855,iter,1,0.25
Atte_12,isi2858,iter,1,0.25
Atte_12,loppu3486,iter,1,0.25
Atte_12,loppu3487,iter,1,0.25
Atte_13,Atti3460,iter,1,0.25
Atte_13,Atti3465,iter,1,0.25
Atte_13,aja3455,iter,1,0.25
Atte_13,ankka3456,iter,1,0.25
Atte_13,auto2676,iter,1,0.25
Atte_13,auto2829,iter,1,0.25
Atte_13,auto2831,iter,1,0.25
Atte_13,auto2840,iter,1,0.25
Atte_13,auto2841,iter,1,0.25
Atte_13,auto2842,iter,1,0.25
Atte_13,auto2846,iter,1,0.25
Atte_13,auto3470,iter,1,0.25
Atte_13,auto3472,iter,1,0.25
Atte_13,auto3476,iter,1,0.25
Atte_13,heppa3480,iter,1,0.25
Atte_13,isi2858,iter,1,0.25
Atte_13,loppu3485,iter,1,0.25
Atte_13,äiti3453,iter,1,0.25
Atte_13,ääni2825,iter,1,0.25
Atte_14,Atti3465,iter,1,0.25
Atte_14,Atti3466,iter,1,0.25
Atte_14,Atti3468,iter,1,0.25
Atte_14,auto2833,iter,1,0.25
Atte_14,auto2835,iter,1,0.25
Atte_14,auto2842,iter,1,0.25
Atte_14,auto2845,iter,1,0.25
Atte_14,auto2848,iter,1,0.25
Atte_14,auto3473,iter,1,0.25
Atte_14,auto3474,iter,1,0.25
Atte_14,isi2855,iter,1,0.25
Atte_14,kello3481,iter,1,0.25
Atte_14,loppu3487,iter,1,0.25
Atte_14,nalle3488,iter,1,0.25
Atte_14,ukko3492,iter,1,0.25
Atte_14,ukko3497,iter,1,0.25
Atte_14,äiti3448,iter,1,0.25
Atte_14,äiti3453,iter,1,0.25
Atte_15,Atti3463,iter,1,0.25
Atte_15,aja3454,iter,1,0.25
Atte_15,auto2830,iter,1,0.25
Atte_15,auto2832,iter,1,0.25
Atte_15,auto2833,iter,1,0.25
Atte_15,auto3469,iter,1,0.25
Atte_15,auto3474,iter,1,0.25
Atte_15,auto3478,iter,1,0.25
Atte_15,isi2853,iter,1,0.25
Atte_15,isi2856,iter,1,0.25
Atte_15,isi2858,iter,1,0.25
Atte_15,kello3481,iter,1,0.25
Atte_15,loppu3486,iter,1,0.25
Atte_15,loppu3487,iter,1,0.25
Atte_15,äiti2828,iter,1,0.25
Atte_15,äiti3450,iter,1,0.25
Atte_15,äiti3453,iter,1,0.25
Atte_16,Atti3461,iter,1,0.25
Atte_16,Atti3467,iter,1,0.25
Atte_16,aja3455,iter,1,0.25
Atte_16,auto2831,iter,1,0.25
Atte_16,isi2852,iter,1,0.25
Atte_16,isi2857,iter,1,0.25
Atte_16,isi2858,iter,1,0.25
Atte_16,kello3483,iter,1,0.25
Atte_16,matto3570,iter,1,0.25
Atte_16,nalle3489,iter,1,0.25
Atte_16,pupu2133,iter,1,0.25
Atte_16,ukko3495,iter,1,0.25
Atte_16,ukko3497,iter,1,0.25
Atte_16,äiti2827,iter,1,0.25
Atte_16,äiti2828,iter,1,0.25
Atte_16,äiti3451,iter,1,0.25
Atte_16,äiti3453,iter,1,0.25
Atte_18,aja3455,iter,1,0.25
Atte_18,ankka3459,iter,1,0.25
Atte_18,auto2829,iter,1,0.25
Atte_18,auto2830,iter,1,0.25
Atte_18,auto2838,iter,1,0.25
Atte_18,auto2844,iter,1,0.25
Atte_18,auto3476,iter,1,0.25
Atte_18,auto3478,iter,1,0.25
Atte_18,isi2851,iter,1,0.25
Atte_18,isi2855,iter,1,0.25
Atte_18,äiti2826,iter,1,0.25
Atte_18,äiti2828,iter,1,0.25
Atte_18,äiti3448,iter,1,0.25
Atte_18,ääni2825,iter,1,0.25
Atte_19,Atti3461,iter,1,0.25
Atte_19,auto2831,iter,1,0.25
Atte_19,auto2841,iter,1,0.25
Atte_19,auto2843,iter,1,0.25
Atte_19,auto2846,iter,1,0.25
Atte_19,auto2848,iter,1,0.25
Atte_19,auto3479,iter,1,0.25
Atte_19,isi2853,iter,1,0.25
Atte_19,isi2858,iter,1,0.25
Atte_19,loppu3485,iter,1,0.25
Atte_19,matto3162,iter,1,0.25
Atte_19,nalle3489,iter,1,0.25
Atte_19,äiti2826,iter,1,0.25
Atte_19,äiti3448,iter,1,0.25
Atte_19,äiti3449,iter,1,0.25
Atte_19,äiti3451,iter,1,0.25
Atte_2,Atti3462,iter,1,0.25
Atte_2,Atti3464,iter,1,0.25
Atte_2,ankka3459,iter,1,0.25
Atte_2,auto2838,iter,1,0.25
Atte_2,auto2839,iter,1,0.25
Atte_2,auto2840,iter,1,0.25
Atte_2,auto2842,iter,1,0.25
Atte_2,auto2847,iter,1,0.25
Atte_2,auto3472,iter,1,0.25
Atte_2,auto3479,iter,1,0.25
Atte_2,kaksi2132,iter,1,0.25
Atte_2,kello3481,iter,1,0.25
Atte_2,loppu3487,iter,1,0.25
Atte_2,ukko3492,iter,1,0.25
Atte_2,ukko3495,iter,1,0.25
Atte_2,äiti2827,iter,1,0.25
Atte_2,äiti3450,iter,1,0.25
Atte_20,Atti3463,iter,1,0.25
Atte_20,Atti3468,iter,1,0.25
Atte_20,auto2839,iter,1,0.25
Atte_20,auto2845,iter,1,0.25
Atte_20,auto2846,iter,1,0.25
Atte_20,auto2850,iter,1,0.25
Atte_20,auto3469,iter,1,0.25
Atte_20,auto3471,iter,1,0.25
Atte_20,auto3478,iter,1,0.25
Atte_20,kala2859,iter,1,0.25
Atte_20,loppu3485,iter,1,0.25
Atte_20,loppu3486,iter,1,0.25
Atte_20,matto3160,iter,1,0.25
Atte_20,pallo3490,iter,1,0.25
Atte_20,äiti3451,iter,1,0.25
Atte_21,Atti3461,iter,1,0.25
Atte_21,Atti3462,iter,1,0.25
Atte_21,Atti3464,iter,1,0.25
Atte_21,ankka3458,iter,1,0.25
Atte_21,auto2834,iter,1,0.25
Atte_21,auto2837,iter,1,0.25
Atte_21,auto2841,iter,1,0.25
Atte_21,auto2842,iter,1,0.25
Atte_21,auto2844,iter,1,0.25
Atte_21,auto2850,iter,1,0.25
Atte_21,auto3475,iter,1,0.25
Atte_21,isi2854,iter,1,0.25
Atte_21,isi2856,iter,1,0.25
Atte_21,isi2857,iter,1,0.25
Atte_21,nalle3488,iter,1,0.25
Atte_21,ukko3493,iter,1,0.25
Atte_21,äiti3453,iter,1,0.25
Atte_22,Atti3460,iter,1,0.25
Atte_22,Atti3467,iter,1,0.25
Atte_22,aja3455,iter,1,0.25
Atte_22,auto2839,iter,1,0.25
Atte_22,auto2840,iter,1,0.25
Atte_22,auto3473,iter,1,0.25
Atte_22,kala2859,iter,1,0.25
Atte_22,kello3481,iter,1,0.25
Atte_22,kello3482,iter,1,0.25
Atte_22,loppu3487,iter,1,0.25
Atte_22,ukko3495,iter,1,0.25
Atte_22,äiti3450,iter,1,0.25
Atte_23,ankka3458,iter,1,0.25
Atte_23,ankka3459,iter,1,0.25
Atte_23,auto2840,iter,1,0.25
Atte_23,auto2843,iter,1,0.25
Atte_23,auto2846,iter,1,0.25
Atte_23,auto3471,iter,1,0.25
Atte_23,auto3475,iter,1,0.25
Atte_23,auto3476,iter,1,0.25
Atte_23,auto3479,iter,1,0.25
Atte_23,isi2854,iter,1,0.25
Atte_23,kello3481,iter,1,0.25
Atte_23,loppu3487,iter,1,0.25
Atte_23,matto3161,iter,1,0.25
Atte_23,pallo3490,iter,1,0.25
Atte_23,ukko3496,iter,1,0.25
Atte_23,ukko3498,iter,1,0.25
Atte_24,Atti3460,iter,1,0.25
Atte_24,Atti3461,iter,1,0.25
Atte_24,Atti3462,iter,1,0.25
Atte_24,Atti3463,iter,1,0.25
Atte_24,aja3455,iter,1,0.25
Atte_24,ankka3456,iter,1,0.25
Atte_24,auto2833,iter,1,0.25
Atte_24,auto2837,iter,1,0.25
Atte_24,auto2839,iter,1,0.25
Atte_24,auto3469,iter,1,0.25
Atte_24,auto3479,iter,1,0.25
Atte_24,isi2858,iter,1,0.25
Atte_24,loppu3486,iter,1,0.25
Atte_24,nalle3488,iter,1,0.25
Atte_24,nalle3489,iter,1,0.25
Atte_24,pallo3491,iter,1,0.25
Atte_24,pupu2133,iter,1,0.25
Atte_24,ukko3495,iter,1,0.25
Atte_24,äiti2827,iter,1,0.25
Atte_24,äiti2828,iter,1,0.25
Atte_25,auto2830,iter,1,0.25
Atte_25,auto2846,iter,1,0.25
Atte_25,auto2849,iter,1,0.25
Atte_25,isi2851,iter,1,0.25
Atte_25,isi2858,iter,1,0.25
Atte_25,kala2859,iter,1,0.25
Atte_25,kippaa3159,iter,1,0.25
Atte_25,pappa3168,iter,1,0.25
Atte_26,Atti3466,iter,1,0.25
Atte_26,Atti3467,iter,1,0.25
Atte_26,auto2834,iter,1,0.25
Atte_26,auto2841,iter,1,0.25
Atte_26,auto2843,iter,1,0.25
Atte_26,auto2844,iter,1,0.25
Atte_26,auto2846,iter,1,0.25
Atte_26,auto2850,iter,1,0.25
Atte_26,auto3470,iter,1,0.25
Atte_26,auto3475,iter,1,0.25
Atte_26,auto3476,iter,1,0.25
Atte_26,isi2851,iter,1,0.25
Atte_26,isi2857,iter,1,0.25
Atte_26,kaksi2132,iter,1,0.25
Atte_26,kala2859,iter,1,0.25
Atte_26,kello3482,iter,1,0.25
Atte_26,matto3162,iter,1,0.25
Atte_26,nalle3489,iter,1,0.25
Atte_26,ääni2825,iter,1,0.25
Atte_27,Atti3467,iter,1,0.25
Atte_27,auto2832,iter,1,0.25
Atte_27,auto2836,iter,1,0.25
Atte_27,auto2840,iter,1,0.25
Atte_27,auto2841,iter,1,0.25
Atte_27,auto3471,iter,1,0.25
Atte_27,auto3477,iter,1,0.25
Atte_27,isi2852,iter,1,0.25
Atte_27,isi2854,iter,1,0.25
Atte_27,isi2857,iter,1,0.25
Atte_27,kippaa3158,iter,1,0.25
Atte_27,loppu3484,iter,1,0.25
Atte_27,pappa3168,iter,1,0.25
Atte_27,äiti3452,iter,1,0.25
Atte_28,Atti3466,iter,1,0.25
Atte_28,aja3455,iter,1,0.25
Atte_28,auto2829,iter,1,0.25
Atte_28,auto2831,iter,1,0.25
Atte_28,auto2839,iter,1,0.25
Atte_28,auto3475,iter,1,0.25
Atte_28,isi2852,iter,1,0.25
Atte_28,pallo3490,iter,1,0.25
Atte_28,pupu2133,iter,1,0.25
Atte_28,ukko3493,iter,1,0.25
Atte_28,ukko3495,iter,1,0.25
Atte_28,ukko3498,iter,1,0.25
Atte_28,äiti2827,iter,1,0.25
Atte_28,äiti3448,iter,1,0.25
Atte_28,äiti3449,iter,1,0.25
Atte_28,äiti3452,iter,1,0.25
Atte_28,ääni2825,iter,1,0.25
Atte_29,aja3455,iter,1,0.25
Atte_29,ankka3458,iter,1,0.25
Atte_29,auto2835,iter,1,0.25
Atte_29,auto2836,iter,1,0.25
Atte_29,auto2837,iter,1,0.25
Atte_29,auto2843,iter,1,0.25
Atte_29,auto2849,iter,1,0.25
Atte_29,auto3470,iter,1,0.25
Atte_29,auto3474,iter,1,0.25
Atte_29,heppa3480,iter,1,0.25
Atte_29,isi2851,iter,1,0.25
Atte_29,isi2853,iter,1,0.25
Atte_29,kaksi2132,iter,1,0.25
Atte_29,kala2859,iter,1,0.25
Atte_29,loppu3487,iter,1,0.25
Atte_29,matto3162,iter,1,0.25
Atte_29,matto3570,iter,1,0.25
Atte_29,äiti2826,iter,1,0.25
Atte_29,ääni2825,iter,1,0.25
Atte_3,aja3454,iter,1,0.25
Atte_3,ankka3458,iter,1,0.25
Atte_3,auto2830,iter,1,0.25
Atte_3,auto2832,iter,1,0.25
Atte_3,auto2834,iter,1,0.25
Atte_3,auto2837,iter,1,0.25
Atte_3,auto2843,iter,1,0.25
Atte_3,auto2847,iter,1,0.25
Atte_3,auto2848,iter,1,0.25
Atte_3,auto3478,iter,1,0.25
Atte_3,heppa3480,iter,1,0.25
Atte_3,isi2853,iter,1,0.25
Atte_3,isi2854,iter,1,0.25
Atte_3,ukko3496,iter,1,0.25
Atte_30,aja3455,iter,1,0.25
Atte_30,kello3483,iter,1,0.25
Atte_30,nalle3489,iter,1,0.25
Atte_30,ääni2825,iter,1,0.25
Atte_31,Atti3460,iter,1,0.25
Atte_31,Atti3467,iter,1,0.25
Atte_31,auto2831,iter,1,0.25
Atte_31,auto2835,iter,1,0.25
Atte_31,auto2837,iter,1,0.25
Atte_31,auto2839,iter,1,0.25
Atte_31,auto2845,iter,1,0.25
Atte_31,auto2847,iter,1,0.25
Atte_31,auto2848,iter,1,0.25
Atte_31,auto3469,iter,1,0.25
Atte_31,isi2854,iter,1,0.25
Atte_31,ukko3494,iter,1,0.25
Atte_31,ukko3498,iter,1,0.25
Atte_31,äiti3451,iter,1,0.25
Atte_31,äiti3452,iter,1,0.25
Atte_32,Atti3466,iter,1,0.25
Atte_32,auto2844,iter,1,0.25
Atte_32,auto2847,iter,1,0.25
Atte_32,auto3470,iter,1,0.25
Atte_32,auto3471,iter,1,0.25
Atte_32,auto3474,iter,1,0.25
Atte_32,auto3477,iter,1,0.25
Atte_32,auto3478,iter,1,0.25
Atte_32,isi2851,iter,1,0.25
Atte_32,isi2855,iter,1,0.25
Atte_32,kello3482,iter,1,0.25
Atte_32,loppu3484,iter,1,0.25
Atte_32,loppu3485,iter,1,0.25
Atte_32,nalle3489,iter,1,0.25
Atte_32,ukko3498,iter,1,0.25
Atte_32,äiti2826,iter,1,0.25
Atte_32,äiti2828,iter,1,0.25
Atte_32,äiti3452,iter,1,0.25
Atte_32,ääni2825,iter,1,0.25
Atte_33,Atti3465,iter,1,0.25
Atte_33,Atti3466,iter,1,0.25
Atte_33,auto2832,iter,1,0.25
Atte_33,auto2835,iter,1,0.25
Atte_33,auto2837,iter,1,0.25
Atte_33,auto2838,iter,1,0.25
Atte_33,isi2855,iter,1,0.25
Atte_33,kala2859,iter,1,0.25
Atte_33,kello3482,iter,1,0.25
Atte_33,loppu3484,iter,1,0.25
Atte_33,loppu3486,iter,1,0.25
Atte_33,matto3160,iter,1,0.25
Atte_33,matto3161,iter,1,0.25
Atte_33,matto3162,iter,1,0.25
Atte_33,pallo3490,iter,1,0.25
Atte_33,pallo3491,iter,1,0.25
Atte_33,ukko3495,iter,1,0.25
Atte_33,äiti3448,iter,1,0.25
Atte_33,äiti3453,iter,1,0.25
Atte_34,Atti3460,iter,1,0.25
Atte_34,Atti3463,iter,1,0.25
Atte_34,aja3454,iter,1,0.25
Atte_34,ankka3459,iter,1,0.25
Atte_34,auto2676,iter,1,0.25
Atte_34,auto2836,iter,1,0.25
Atte_34,auto2841,iter,1,0.25
Atte_34,auto2843,iter,1,0.25
Atte_34,auto2850,iter,1,0.25
Atte_34,auto3470,iter,1,0.25
Atte_34,auto3474,iter,1,0.25
Atte_34,auto3477,iter,1,0.25
Atte_34,heppa3480,iter,1,0.25
Atte_34,isi2852,iter,1,0.25
Atte_34,isi2855,iter,1,0.25
Atte_34,isi2857,iter,1,0.25
Atte_34,loppu3486,iter,1,0.25
Atte_34,loppu3487,iter,1,0.25
Atte_34,ukko3497,iter,1,0.25
Atte_35,kello3483,iter,1,0.25
Atte_35,pallo3490,iter,1,0.25
Atte_36,heppa3480,iter,1,0.25
Atte_36,loppu3485,iter,1,0.25
Atte_37,Atti3460,iter,1,0.25
Atte_37,Atti3462,iter,1,0.25
Atte_37,Atti3467,iter,1,0.25
Atte_37,auto2830,iter,1,0.25
Atte_37,auto2831,iter,1,0.25
Atte_37,auto2832,iter,1,0.25
Atte_37,auto2839,iter,1,0.25
Atte_37,auto2844,iter,1,0.25
Atte_37,auto2848,iter,1,0.25
Atte_37,auto3470,iter,1,0.25
Atte_37,isi2853,iter,1,0.25
Atte_37,loppu3484,iter,1,0.25
Atte_37,loppu3486,iter,1,0.25
Atte_37,ukko3492,iter,1,0.25
Atte_38,Atti3460,iter,1,0.25
Atte_38,Atti3466,iter,1,0.25
Atte_38,ankka3456,iter,1,0.25
Atte_38,auto2833,iter,1,0.25
Atte_38,auto2834,iter,1,0.25
Atte_38,auto2844,iter,1,0.25
Atte_38,auto2846,iter,1,0.25
Atte_38,auto2848,iter,1,0.25
Atte_38,auto2850,iter,1,0.25
Atte_38,auto3473,iter,1,0.25
Atte_38,auto3476,iter,1,0.25
Atte_38,isi2851,iter,1,0.25
Atte_38,isi2857,iter,1,0.25
Atte_38,ukko3497,iter,1,0.25
Atte_38,äiti2827,iter,1,0.25
Atte_38,äiti3449,iter,1,0.25
Atte_38,äiti3453,iter,1,0.25
Atte_39,Atti3460,iter,1,0.25
Atte_39,Atti3462,iter,1,0.25
Atte_39,aja3455,iter,1,0.25
Atte_39,ankka3456,iter,1,0.25
Atte_39,ankka3458,iter,1,0.25
Atte_39,auto2830,iter,1,0.25
Atte_39,auto2841,iter,1,0.25
Atte_39,auto2842,iter,1,0.25
Atte_39,auto2844,iter,1,0.25
Atte_39,auto2850,iter,1,0.25
Atte_39,auto3477,iter,1,0.25
Atte_39,isi2855,iter,1,0.25
Atte_39,isi2856,iter,1,0.25
Atte_39,matto3162,iter,1,0.25
Atte_39,ukko3497,iter,1,0.25
Atte_39,äiti2828,iter,1,0.25
Atte_4,Atti3464,iter,1,0.25
Atte_4,Atti3466,iter,1,0.25
Atte_4,ankka3456,iter,1,0.25
Atte_4,auto2676,iter,1,0.25
Atte_4,auto2831,iter,1,0.25
Atte_4,auto2841,iter,1,0.25
Atte_4,auto2842,iter,1,0.25
Atte_4,auto2848,iter,1,0.25
Atte_4,auto2849,iter,1,0.25
Atte_4,auto2850,iter,1,0.25
Atte_4,auto3469,iter,1,0.25
Atte_4,auto3476,iter,1,0.25
Atte_4,auto3477,iter,1,0.25
Atte_4,auto3479,iter,1,0.25
Atte_4,isi2852,iter,1,0.25
Atte_4,isi2858,iter,1,0.25
Atte_4,pallo3491,iter,1,0.25
Atte_40,Atti3460,iter,1,0.25
Atte_40,Atti3463,iter,1,0.25
Atte_40,Atti3464,iter,1,0.25
Atte_40,Atti3467,iter,1,0.25
Atte_40,ankka3459,iter,1,0.25
Atte_40,auto2676,iter,1,0.25
Atte_40,auto2833,iter,1,0.25
Atte_40,auto2841,iter,1,0.25
Atte_40,auto2843,iter,1,0.25
Atte_40,auto3470,iter,1,0.25
Atte_40,auto3473,iter,1,0.25
Atte_40,auto3478,iter,1,0.25
Atte_40,loppu3486,iter,1,0.25
Atte_40,loppu3487,iter,1,0.25
Atte_40,ukko3495,iter,1,0.25
Atte_40,ukko3497,iter,1,0.25
Atte_40,äiti3453,iter,1,0.25
Atte_41,kala2859,iter,1,0.25
Atte_41,pallo3167,iter,1,0.25
Atte_42,Atti3461,iter,1,0.25
Atte_42,Atti3462,iter,1,0.25
Atte_42,Atti3468,iter,1,0.25
Atte_42,auto2837,iter,1,0.25
Atte_42,auto2838,iter,1,0.25
Atte_42,auto2843,iter,1,0.25
Atte_42,auto3474,iter,1,0.25
Atte_42,auto3479,iter,1,0.25
Atte_42,isi2857,iter,1,0.25
Atte_42,isi2858,iter,1,0.25
Atte_42,kippaa3158,iter,1,0.25
Atte_42,pupu2133,iter,1,0.25
Atte_42,ukko3496,iter,1,0.25
Atte_43,Atti3460,iter,1,0.25
Atte_43,Atti3462,iter,1,0.25
Atte_43,Atti3466,iter,1,0.25
Atte_43,auto2829,iter,1,0.25
Atte_43,auto2842,iter,1,0.25
Atte_43,auto2847,iter,1,0.25
Atte_43,auto3474,iter,1,0.25
Atte_43,kaksi2132,iter,1,0.25
Atte_43,matto3160,iter,1,0.25
Atte_43,ukko3492,iter,1,0.25
Atte_43,ukko3497,iter,1,0.25
Atte_43,äiti2826,iter,1,0.25
Atte_43,äiti2827,iter,1,0.25
Atte_43,äiti3447,iter,1,0.25
Atte_43,ääni2825,iter,1,0.25
Atte_44,Atti3460,iter,1,0.25
Atte_44,Atti3462,iter,1,0.25
Atte_44,Atti3465,iter,1,0.25
Atte_44,ankka3458,iter,1,0.25
Atte_44,auto2829,iter,1,0.25
Atte_44,auto2834,iter,1,0.25
Atte_44,auto2837,iter,1,0.25
Atte_44,auto2838,iter,1,0.25
Atte_44,auto2843,iter,1,0.25
Atte_44,auto2849,iter,1,0.25
Atte_44,auto2850,iter,1,0.25
Atte_44,auto3469,iter,1,0.25
Atte_44,auto3470,iter,1,0.25
Atte_44,isi2856,iter,1,0.25
Atte_44,kaksi2132,iter,1,0.25
Atte_44,loppu3485,iter,1,0.25
Atte_44,ukko3493,iter,1,0.25
Atte_44,ukko3498,iter,1,0.25
Atte_45,Atti3467,iter,1,0.25
Atte_45,Atti3468,iter,1,0.25
Atte_45,auto2834,iter,1,0.25
Atte_45,auto2838,iter,1,0.25
Atte_45,auto2845,iter,1,0.25
Atte_45,auto2846,iter,1,0.25
Atte_45,auto2847,iter,1,0.25
Atte_45,auto3469,iter,1,0.25
Atte_45,auto3472,iter,1,0.25
Atte_45,isi2854,iter,1,0.25
Atte_45,isi2855,iter,1,0.25
Atte_45,loppu3487,iter,1,0.25
Atte_45,nalle3488,iter,1,0.25
Atte_45,pallo3491,iter,1,0.25
Atte_45,ukko3497,iter,1,0.25
Atte_45,äiti2828,iter,1,0.25
Atte_45,äiti3447,iter,1,0.25
Atte_45,äiti3451,iter,1,0.25
Atte_46,ankka3458,iter,1,0.25
Atte_46,auto2833,iter,1,0.25
Atte_46,auto2834,iter,1,0.25
Atte_46,auto2836,iter,1,0.25
Atte_46,auto2837,iter,1,0.25
Atte_46,auto2838,iter,1,0.25
Atte_46,auto2843,iter,1,0.25
Atte_46,auto2848,iter,1,0.25
Atte_46,auto2849,iter,1,0.25
Atte_46,auto3474,iter,1,0.25
Atte_46,auto3476,iter,1,0.25
Atte_46,isi2858,iter,1,0.25
Atte_46,loppu3484,iter,1,0.25
Atte_46,loppu3486,iter,1,0.25
Atte_46,loppu3487,iter,1,0.25
Atte_46,äiti2826,iter,1,0.25
Atte_46,äiti2827,iter,1,0.25
Atte_46,äiti3448,iter,1,0.25
Atte_47,Atti3460,iter,1,0.25
Atte_47,aja3455,iter,1,0.25
Atte_47,ankka3459,iter,1,0.25
Atte_47,auto2676,iter,1,0.25
Atte_47,auto2836,iter,1,0.25
Atte_47,auto2839,iter,1,0.25
Atte_47,auto2840,iter,1,0.25
Atte_47,auto2848,iter,1,0.25
Atte_47,auto3471,iter,1,0.25
Atte_47,auto3473,iter,1,0.25
Atte_47,isi2852,iter,1,0.25
Atte_47,isi2853,iter,1,0.25
Atte_47,loppu3484,iter,1,0.25
Atte_47,ukko3497,iter,1,0.25
Atte_47,ukko3498,iter,1,0.25
Atte_47,äiti2827,iter,1,0.25
Atte_47,äiti3450,iter,1,0.25
Atte_47,äiti3451,iter,1,0.25
Atte_47,äiti3453,iter,1,0.25
Atte_48,ankka3458,iter,1,0.25
Atte_48,auto2836,iter,1,0.25
Atte_48,auto2839,iter,1,0.25
Atte_48,auto2849,iter,1,0.25
Atte_48,auto3469,iter,1,0.25
Atte_48,auto3475,iter,1,0.25
Atte_48,isi2851,iter,1,0.25
Atte_48,isi2855,iter,1,0.25
Atte_48,kala2859,iter,1,0.25
Atte_48,loppu3485,iter,1,0.25
Atte_48,loppu3486,iter,1,0.25
Atte_48,matto3160,iter,1,0.25
Atte_48,matto3161,iter,1,0.25
Atte_48,matto3162,iter,1,0.25
Atte_48,nalle3488,iter,1,0.25
Atte_48,nalle3489,iter,1,0.25
Atte_48,äiti3450,iter,1,0.25
Atte_48,äiti3453,iter,1,0.25
Atte_49,Atti3463,iter,1,0.25
Atte_49,Atti3465,iter,1,0.25
Atte_49,Atti3466,iter,1,0.25
Atte_49,Minni3166,iter,1,0.25
Atte_49,aja3454,iter,1,0.25
Atte_49,aja3455,iter,1,0.25
Atte_49,auto2832,iter,1,0.25
Atte_49,auto2835,iter,1,0.25
Atte_49,auto2839,iter,1,0.25
Atte_49,auto2842,iter,1,0.25
Atte_49,auto2846,iter,1,0.25
Atte_49,auto3476,iter,1,0.25
Atte_49,isi2853,iter,1,0.25
Atte_49,isi2856,iter,1,0.25
Atte_49,isi2858,iter,1,0.25
Atte_49,pallo3167,iter,1,0.25
Atte_49,pallo3490,iter,1,0.25
Atte_49,äiti3447,iter,1,0.25
Atte_49,äiti3453,iter,1,0.25
Atte_5,Atti3462,iter,1,0.25
Atte_5,Atti3463,iter,1,0.25
Atte_5,Atti3465,iter,1,0.25
Atte_5,ankka3458,iter,1,0.25
Atte_5,ankka3459,iter,1,0.25
Atte_5,auto2829,iter,1,0.25
Atte_5,auto2834,iter,1,0.25
Atte_5,auto2845,iter,1,0.25
Atte_5,auto2849,iter,1,0.25
Atte_5,isi2853,iter,1,0.25
Atte_5,kaksi2132,iter,1,0.25
Atte_5,kello3481,iter,1,0.25
Atte_5,nalle3489,iter,1,0.25
Atte_5,pallo3490,iter,1,0.25
Atte_5,pallo3491,iter,1,0.25
Atte_5,ukko3492,iter,1,0.25
Atte_5,ukko3497,iter,1,0.25
Atte_5,äiti2828,iter,1,0.25
Atte_5,äiti3451,iter,1,0.25
Atte_50,auto2832,iter,1,0.25
Atte_50,auto2833,iter,1,0.25
Atte_50,auto2834,iter,1,0.25
Atte_50,auto2837,iter,1,0.25
Atte_50,auto2844,iter,1,0.25
Atte_51,Atti3461,iter,1,0.25
Atte_51,Atti3463,iter,1,0.25
Atte_51,auto2829,iter,1,0.25
Atte_51,auto2831,iter,1,0.25
Atte_51,auto2839,iter,1,0.25
Atte_51,auto2844,iter,1,0.25
Atte_51,auto2850,iter,1,0.25
Atte_51,auto3470,iter,1,0.25
Atte_51,auto3472,iter,1,0.25
Atte_51,auto3475,iter,1,0.25
Atte_51,auto3478,iter,1,0.25
Atte_51,kaksi2132,iter,1,0.25
Atte_51,matto3162,iter,1,0.25
Atte_52,Atti3466,iter,1,0.25
Atte_52,aja3454,iter,1,0.25
Atte_52,auto2829,iter,1,0.25
Atte_52,auto2830,iter,1,0.25
Atte_52,auto2833,iter,1,0.25
Atte_52,auto2836,iter,1,0.25
Atte_52,auto2839,iter,1,0.25
Atte_52,auto2845,iter,1,0.25
Atte_52,auto2850,iter,1,0.25
Atte_52,auto3471,iter,1,0.25
Atte_52,auto3476,iter,1,0.25
Atte_52,isi2858,iter,1,0.25
Atte_52,kaksi2132,iter,1,0.25
Atte_52,kello3481,iter,1,0.25
Atte_52,pupu2133,iter,1,0.25
Atte_52,ukko3495,iter,1,0.25
Atte_52,äiti2827,iter,1,0.25
Atte_52,äiti3451,iter,1,0.25
Atte_53,Atti3461,iter,1,0.25
Atte_53,Atti3462,iter,1,0.25
Atte_53,Atti3463,iter,1,0.25
Atte_53,Atti3464,iter,1,0.25
Atte_53,Atti3465,iter,1,0.25
Atte_53,Atti3467,iter,1,0.25
Atte_53,auto2845,iter,1,0.25
Atte_53,auto2850,iter,1,0.25
Atte_53,auto3470,iter,1,0.25
Atte_53,kello3481,iter,1,0.25
Atte_53,kello3482,iter,1,0.25
Atte_53,loppu3486,iter,1,0.25
Atte_53,matto3160,iter,1,0.25
Atte_53,pallo3491,iter,1,0.25
Atte_53,ukko3493,iter,1,0.25
Atte_53,ukko3495,iter,1,0.25
Atte_53,äiti2826,iter,1,0.25
Atte_53,äiti2827,iter,1,0.25
Atte_54,heppa3480,iter,1,0.25
Atte_54,kippaa3158,iter,1,0.25
Atte_55,Atti3461,iter,1,0.25
Atte_55,Atti3467,iter,1,0.25
Atte_55,aja3454,iter,1,0.25
Atte_55,aja3455,iter,1,0.25
Atte_55,auto2836,iter,1,0.25
Atte_55,auto2838,iter,1,0.25
Atte_55,auto2843,iter,1,0.25
Atte_55,auto3472,iter,1,0.25
Atte_55,auto3474,iter,1,0.25
Atte_55,auto3478,iter,1,0.25
Atte_55,isi2851,iter,1,0.25
Atte_55,isi2858,iter,1,0.25
Atte_55,kello3483,iter,1,0.25
Atte_55,loppu3484,iter,1,0.25
Atte_55,ukko3495,iter,1,0.25
Atte_55,äiti3447,iter,1,0.25
Atte_55,äiti3453,iter,1,0.25
Atte_55,ääni2825,iter,1,0.25
Atte_56,Atti3468,iter,1,0.25
Atte_56,auto2833,iter,1,0.25
Atte_56,auto2838,iter,1,0.25
Atte_56,auto2842,iter,1,0.25
Atte_56,auto2847,iter,1,0.25
Atte_56,auto3477,iter,1,0.25
Atte_56,auto3478,iter,1,0.25
Atte_56,isi2851,iter,1,0.25
Atte_56,isi2853,iter,1,0.25
Atte_56,isi2855,iter,1,0.25
Atte_56,isi2857,iter,1,0.25
Atte_56,kippaa3159,iter,1,0.25
Atte_56,ukko3495,iter,1,0.25
Atte_56,äiti3450,iter,1,0.25
Atte_56,äiti3452,iter,1,0.25
Atte_56,ääni2825,iter,1,0.25
Atte_57,Atti3461,iter,1,0.25
Atte_57,Atti3468,iter,1,0.25
Atte_57,auto2831,iter,1,0.25
Atte_57,auto2833,iter,1,0.25
Atte_57,auto2841,iter,1,0.25
Atte_57,auto2845,iter,1,0.25
Atte_57,auto2848,iter,1,0.25
Atte_57,auto2849,iter,1,0.25
Atte_57,auto2850,iter,1,0.25
Atte_57,auto3476,iter,1,0.25
Atte_57,isi2854,iter,1,0.25
Atte_57,isi2855,iter,1,0.25
Atte_57,matto3161,iter,1,0.25
Atte_57,matto3162,iter,1,0.25
Atte_57,ukko3493,iter,1,0.25
Atte_57,äiti2828,iter,1,0.25
Atte_57,äiti3449,iter,1,0.25
Atte_57,äiti3453,iter,1,0.25
Atte_58,Atti3465,iter,1,0.25
Atte_58,auto2831,iter,1,0.25
Atte_58,auto2838,iter,1,0.25
Atte_58,auto2839,iter,1,0.25
Atte_58,auto2840,iter,1,0.25
Atte_58,auto2841,iter,1,0.25
Atte_58,auto2842,iter,1,0.25
Atte_58,auto2846,iter,1,0.25
Atte_58,auto2848,iter,1,0.25
Atte_58,auto3469,iter,1,0.25
Atte_58,auto3476,iter,1,0.25
Atte_58,kippaa3159,iter,1,0.25
Atte_58,loppu3485,iter,1,0.25
Atte_58,loppu3486,iter,1,0.25
Atte_58,äiti3450,iter,1,0.25
Atte_58,äiti3452,iter,1,0.25
Atte_59,Atti3466,iter,1,0.25
Atte_59,Atti3468,iter,1,0.25
Atte_59,ankka3458,iter,1,0.25
Atte_59,auto2833,iter,1,0.25
Atte_59,auto2840,iter,1,0.25
Atte_59,auto2841,iter,1,0.25
Atte_59,auto2845,iter,1,0.25
Atte_59,auto3470,iter,1,0.25
Atte_59,auto3472,iter,1,0.25
Atte_59,auto3475,iter,1,0.25
Atte_59,auto3479,iter,1,0.25
Atte_59,isi2857,iter,1,0.25
Atte_59,loppu3487,iter,1,0.25
Atte_59,ukko3492,iter,1,0.25
Atte_59,ukko3494,iter,1,0.25
Atte_59,äiti2826,iter,1,0.25
Atte_59,äiti2828,iter,1,0.25
Atte_59,äiti3452,iter,1,0.25
Atte_6,pallo3491,iter,1,0.25
Atte_60,Atti3461,iter,1,0.25
Atte_60,Atti3463,iter,1,0.25
Atte_60,Atti3465,iter,1,0.25
Atte_60,Atti3468,iter,1,0.25
Atte_60,ankka3458,iter,1,0.25
Atte_60,auto2837,iter,1,0.25
Atte_60,auto2841,iter,1,0.25
Atte_60,auto3475,iter,1,0.25
Atte_60,auto3477,iter,1,0.25
Atte_60,isi2854,iter,1,0.25
Atte_60,kello3483,iter,1,0.25
Atte_60,loppu3485,iter,1,0.25
Atte_60,ukko3492,iter,1,0.25
Atte_60,ukko3496,iter,1,0.25
Atte_60,äiti2828,iter,1,0.25
Atte_60,äiti3447,iter,1,0.25
Atte_60,äiti3448,iter,1,0.25
Atte_60,äiti3451,iter,1,0.25
Atte_61,Atti3463,iter,1,0.25
Atte_61,ankka3456,iter,1,0.25
Atte_61,ankka3458,iter,1,0.25
Atte_61,auto2832,iter,1,0.25
Atte_61,auto2847,iter,1,0.25
Atte_61,auto3472,iter,1,0.25
Atte_61,isi2858,iter,1,0.25
Atte_61,kaksi2132,iter,1,0.25
Atte_61,kello3483,iter,1,0.25
Atte_61,loppu3485,iter,1,0.25
Atte_61,loppu3487,iter,1,0.25
Atte_61,ukko3496,iter,1,0.25
Atte_61,äiti2826,iter,1,0.25
Atte_61,äiti3447,iter,1,0.25
Atte_61,äiti3449,iter,1,0.25
Atte_61,äiti3452,iter,1,0.25
Atte_62,Atti3461,iter,1,0.25
Atte_62,Atti3465,iter,1,0.25
Atte_62,aja3454,iter,1,0.25
Atte_62,ankka3459,iter,1,0.25
Atte_62,auto2831,iter,1,0.25
Atte_62,auto2834,iter,1,0.25
Atte_62,auto2839,iter,1,0.25
Atte_62,auto2845,iter,1,0.25
Atte_62,auto2847,iter,1,0.25
Atte_62,auto3469,iter,1,0.25
Atte_62,auto3471,iter,1,0.25
Atte_62,auto3473,iter,1,0.25
Atte_62,auto3475,iter,1,0.25
Atte_62,isi2856,iter,1,0.25
Atte_62,kaksi2132,iter,1,0.25
Atte_62,matto3162,iter,1,0.25
Atte_62,äiti2828,iter,1,0.25
Atte_62,äiti3448,iter,1,0.25
Atte_62,äiti3449,iter,1,0.25
Atte_63,Atti3460,iter,1,0.25
Atte_63,Atti3467,iter,1,0.25
Atte_63,ankka3459,iter,1,0.25
Atte_63,auto2829,iter,1,0.25
Atte_63,auto2832,iter,1,0.25
Atte_63,auto2833,iter,1,0.25
Atte_63,auto2846,iter,1,0.25
Atte_63,isi2851,iter,1,0.25
Atte_63,isi2853,iter,1,0.25
Atte_63,isi2858,iter,1,0.25
Atte_63,kala2859,iter,1,0.25
Atte_63,kello3481,iter,1,0.25
Atte_63,kello3483,iter,1,0.25
Atte_63,ukko3493,iter,1,0.25
Atte_63,ukko3497,iter,1,0.25
Atte_63,äiti2826,iter,1,0.25
Atte_63,äiti2827,iter,1,0.25
Atte_63,äiti3447,iter,1,0.25
Atte_64,Atti3463,iter,1,0.25
Atte_64,Atti3468,iter,1,0.25
Atte_64,aja3454,iter,1,0.25
Atte_64,ankka3457,iter,1,0.25
Atte_64,ankka3458,iter,1,0.25
Atte_64,auto2831,iter,1,0.25
Atte_64,auto2849,iter,1,0.25
Atte_64,auto3477,iter,1,0.25
Atte_64,isi2852,iter,1,0.25
Atte_64,isi2853,iter,1,0.25
Atte_64,ukko3493,iter,1,0.25
Atte_64,ukko3494,iter,1,0.25
Atte_64,ukko3495,iter,1,0.25
Atte_64,ukko3497,iter,1,0.25
Atte_64,äiti3451,iter,1,0.25
Atte_64,ääni2825,iter,1,0.25
Atte_65,Atti3460,iter,1,0.25
Atte_65,Atti3463,iter,1,0.25
Atte_65,ankka3459,iter,1,0.25
Atte_65,auto2833,iter,1,0.25
Atte_65,auto3471,iter,1,0.25
Atte_65,auto3473,iter,1,0.25
Atte_65,auto3475,iter,1,0.25
Atte_65,isi2852,iter,1,0.25
Atte_65,isi2857,iter,1,0.25
Atte_65,kaksi2132,iter,1,0.25
Atte_65,kala2859,iter,1,0.25
Atte_65,pallo3491,iter,1,0.25
Atte_65,äiti3449,iter,1,0.25
Atte_65,äiti3451,iter,1,0.25
Atte_65,äiti3452,iter,1,0.25
Atte_65,äiti3453,iter,1,0.25
Atte_66,Atti3467,iter,1,0.25
Atte_66,aja3455,iter,1,0.25
Atte_66,auto2831,iter,1,0.25
Atte_66,auto2842,iter,1,0.25
Atte_66,auto2844,iter,1,0.25
Atte_66,auto2845,iter,1,0.25
Atte_66,auto3472,iter,1,0.25
Atte_66,auto3476,iter,1,0.25
Atte_66,isi2852,iter,1,0.25
Atte_66,isi2856,iter,1,0.25
Atte_66,isi2857,iter,1,0.25
Atte_66,kaksi2132,iter,1,0.25
Atte_66,kala2859,iter,1,0.25
Atte_66,kello3481,iter,1,0.25
Atte_66,kello3482,iter,1,0.25
Atte_66,nalle3489,iter,1,0.25
Atte_66,pallo3491,iter,1,0.25
Atte_66,ukko3495,iter,1,0.25
Atte_66,äiti2827,iter,1,0.25
Atte_67,Atti3460,iter,1,0.25
Atte_67,Minni3163,iter,1,0.25
Atte_67,Minni3164,iter,1,0.25
Atte_67,aja3454,iter,1,0.25
Atte_67,ankka3456,iter,1,0.25
Atte_67,ankka3459,iter,1,0.25
Atte_67,auto2839,iter,1,0.25
Atte_67,auto3477,iter,1,0.25
Atte_67,auto3479,iter,1,0.25
Atte_67,isi2854,iter,1,0.25
Atte_67,isi2855,iter,1,0.25
Atte_67,nalle3488,iter,1,0.25
Atte_67,pallo3167,iter,1,0.25
Atte_67,ukko3493,iter,1,0.25
Atte_67,ukko3496,iter,1,0.25
Atte_67,ukko3498,iter,1,0.25
Atte_68,auto2831,iter,1,0.25
Atte_68,auto2832,iter,1,0.25
Atte_68,auto2837,iter,1,0.25
Atte_68,auto2845,iter,1,0.25
Atte_68,auto2850,iter,1,0.25
Atte_68,auto3470,iter,1,0.25
Atte_68,auto3474,iter,1,0.25
Atte_68,auto3477,iter,1,0.25
Atte_68,auto3478,iter,1,0.25
Atte_68,isi2854,iter,1,0.25
Atte_68,isi2857,iter,1,0.25
Atte_68,ukko3492,iter,1,0.25
Atte_68,ukko3495,iter,1,0.25
Atte_68,ääni2825,iter,1,0.25
Atte_69,Atti3464,iter,1,0.25
Atte_69,auto2835,iter,1,0.25
Atte_69,auto2842,iter,1,0.25
Atte_69,auto2846,iter,1,0.25
Atte_69,auto2848,iter,1,0.25
Atte_69,auto3469,iter,1,0.25
Atte_69,auto3477,iter,1,0.25
Atte_69,auto3479,iter,1,0.25
Atte_69,isi2851,iter,1,0.25
Atte_69,isi2852,iter,1,0.25
Atte_69,kaksi2132,iter,1,0.25
Atte_69,kala2859,iter,1,0.25
Atte_69,kello3483,iter,1,0.25
Atte_69,matto3161,iter,1,0.25
Atte_69,ukko3496,iter,1,0.25
Atte_69,äiti3447,iter,1,0.25
Atte_69,äiti3448,iter,1,0.25
Atte_69,äiti3453,iter,1,0.25
Atte_7,Atti3463,iter,1,0.25
Atte_7,Atti3464,iter,1,0.25
Atte_7,Atti3468,iter,1,0.25
Atte_7,aja3454,iter,1,0.25
Atte_7,aja3455,iter,1,0.25
Atte_7,auto2829,iter,1,0.25
Atte_7,auto2834,iter,1,0.25
Atte_7,auto2838,iter,1,0.25
Atte_7,auto2840,iter,1,0.25
Atte_7,auto2841,iter,1,0.25
Atte_7,auto3471,iter,1,0.25
Atte_7,isi2857,iter,1,0.25
Atte_7,matto3162,iter,1,0.25
Atte_7,nalle3488,iter,1,0.25
Atte_7,pallo3491,iter,1,0.25
Atte_7,ukko3495,iter,1,0.25
Atte_7,ukko3496,iter,1,0.25
Atte_7,äiti2826,iter,1,0.25
Atte_7,äiti3451,iter,1,0.25
Atte_71,aja3455,iter,1,0.25
Atte_71,auto2835,iter,1,0.25
Atte_71,auto2838,iter,1,0.25
Atte_71,auto2842,iter,1,0.25
Atte_71,auto2843,iter,1,0.25
Atte_71,auto2845,iter,1,0.25
Atte_71,auto2849,iter,1,0.25
Atte_71,auto2850,iter,1,0.25
Atte_71,auto3472,iter,1,0.25
Atte_71,auto3474,iter,1,0.25
Atte_71,auto3476,iter,1,0.25
Atte_71,isi2854,iter,1,0.25
Atte_71,isi2855,iter,1,0.25
Atte_71,isi2858,iter,1,0.25
Atte_71,kala2859,iter,1,0.25
Atte_71,pupu2133,iter,1,0.25
Atte_71,ukko3495,iter,1,0.25
Atte_71,äiti2827,iter,1,0.25
Atte_71,äiti2828,iter,1,0.25
Atte_71,äiti3447,iter,1,0.25
Atte_72,aja3455,iter,1,0.25
Atte_72,auto2676,iter,1,0.25
Atte_72,auto2831,iter,1,0.25
Atte_72,auto2837,iter,1,0.25
Atte_72,auto2840,iter,1,0.25
Atte_72,auto2841,iter,1,0.25
Atte_72,auto2844,iter,1,0.25
Atte_72,auto2845,iter,1,0.25
Atte_72,auto3473,iter,1,0.25
Atte_72,auto3474,iter,1,0.25
Atte_72,isi2852,iter,1,0.25
Atte_72,isi2856,iter,1,0.25
Atte_72,loppu3486,iter,1,0.25
Atte_72,pupu2133,iter,1,0.25
Atte_72,ukko3495,iter,1,0.25
Atte_72,ukko3496,iter,1,0.25
Atte_72,äiti2828,iter,1,0.25
Atte_72,äiti3447,iter,1,0.25
Atte_73,Atti3465,iter,1,0.25
Atte_73,Atti3468,iter,1,0.25
Atte_73,auto2829,iter,1,0.25
Atte_73,auto2831,iter,1,0.25
Atte_73,auto2833,iter,1,0.25
Atte_73,auto2837,iter,1,0.25
Atte_73,auto2842,iter,1,0.25
Atte_73,auto2848,iter,1,0.25
Atte_73,auto3469,iter,1,0.25
Atte_73,auto3471,iter,1,0.25
Atte_73,auto3477,iter,1,0.25
Atte_73,heppa3480,iter,1,0.25
Atte_73,isi2856,iter,1,0.25
Atte_73,loppu3487,iter,1,0.25
Atte_73,matto3161,iter,1,0.25
Atte_73,nalle3489,iter,1,0.25
Atte_73,ukko3496,iter,1,0.25
Atte_73,äiti3453,iter,1,0.25
Atte_74,Atti3464,iter,1,0.25
Atte_74,ankka3456,iter,1,0.25
Atte_74,ankka3458,iter,1,0.25
Atte_74,auto2835,iter,1,0.25
Atte_74,auto2837,iter,1,0.25
Atte_74,auto2839,iter,1,0.25
Atte_74,auto2843,iter,1,0.25
Atte_74,auto2846,iter,1,0.25
Atte_74,auto2847,iter,1,0.25
Atte_74,auto3476,iter,1,0.25
Atte_74,auto3478,iter,1,0.25
Atte_74,kello3482,iter,1,0.25
Atte_74,loppu3484,iter,1,0.25
Atte_74,loppu3486,iter,1,0.25
Atte_74,pallo3490,iter,1,0.25
Atte_74,ukko3496,iter,1,0.25
Atte_74,äiti3447,iter,1,0.25
Atte_74,äiti3450,iter,1,0.25
Atte_74,äiti3452,iter,1,0.25
Atte_74,ääni2825,iter,1,0.25
Atte_76,ankka3456,iter,1,0.25
Atte_76,auto2834,iter,1,0.25
Atte_76,auto2842,iter,1,0.25
Atte_76,auto2843,iter,1,0.25
Atte_76,auto3469,iter,1,0.25
Atte_76,auto3471,iter,1,0.25
Atte_76,auto3472,iter,1,0.25
Atte_76,auto3476,iter,1,0.25
Atte_76,ukko3496,iter,1,0.25
Atte_76,ukko3498,iter,1,0.25
Atte_76,äiti2826,iter,1,0.25
Atte_76,äiti2827,iter,1,0.25
Atte_76,äiti3447,iter,1,0.25
Atte_77,Atti3461,iter,1,0.25
Atte_77,aja3454,iter,1,0.25
Atte_77,ankka3458,iter,1,0.25
Atte_77,auto2830,iter,1,0.25
Atte_77,auto2833,iter,1,0.25
Atte_77,auto2838,iter,1,0.25
Atte_77,auto2841,iter,1,0.25
Atte_77,auto2842,iter,1,0.25
Atte_77,auto3469,iter,1,0.25
Atte_77,auto3471,iter,1,0.25
Atte_77,auto3474,iter,1,0.25
Atte_77,isi2852,iter,1,0.25
Atte_77,isi2854,iter,1,0.25
Atte_77,kaksi2132,iter,1,0.25
Atte_77,matto3160,iter,1,0.25
Atte_77,nalle3488,iter,1,0.25
Atte_77,pallo3490,iter,1,0.25
Atte_78,Atti3467,iter,1,0.25
Atte_78,aja3455,iter,1,0.25
Atte_78,ankka3458,iter,1,0.25
Atte_78,auto2829,iter,1,0.25
Atte_78,auto2835,iter,1,0.25
Atte_78,auto2838,iter,1,0.25
Atte_78,auto2845,iter,1,0.25
Atte_78,auto3473,iter,1,0.25
Atte_78,auto3479,iter,1,0.25
Atte_78,heppa3480,iter,1,0.25
Atte_78,isi2852,iter,1,0.25
Atte_78,isi2853,iter,1,0.25
Atte_78,ukko3492,iter,1,0.25
Atte_78,ukko3496,iter,1,0.25
Atte_78,äiti2828,iter,1,0.25
Atte_79,ankka3456,iter,1,0.25
Atte_79,ankka3458,iter,1,0.25
Atte_79,ankka3459,iter,1,0.25
Atte_79,auto2834,iter,1,0.25
Atte_79,auto2836,iter,1,0.25
Atte_79,auto2837,iter,1,0.25
Atte_79,auto2843,iter,1,0.25
Atte_79,auto2850,iter,1,0.25
Atte_79,auto3473,iter,1,0.25
Atte_79,isi2851,iter,1,0.25
Atte_79,isi2854,iter,1,0.25
Atte_79,kaksi2132,iter,1,0.25
Atte_79,kello3481,iter,1,0.25
Atte_79,loppu3484,iter,1,0.25
Atte_79,matto3160,iter,1,0.25
Atte_79,ukko3498,iter,1,0.25
Atte_79,äiti2827,iter,1,0.25
Atte_79,äiti3451,iter,1,0.25
Atte_79,äiti3452,iter,1,0.25
Atte_79,äiti3453,iter,1,0.25
Atte_8,Atti3460,iter,1,0.25
Atte_8,ankka3456,iter,1,0.25
Atte_8,auto2829,iter,1,0.25
Atte_8,auto2830,iter,1,0.25
Atte_8,auto2833,iter,1,0.25
Atte_8,auto3469,iter,1,0.25
Atte_8,auto3476,iter,1,0.25
Atte_8,auto3478,iter,1,0.25
Atte_8,isi2851,iter,1,0.25
Atte_8,isi2856,iter,1,0.25
Atte_8,isi2857,iter,1,0.25
Atte_8,loppu3486,iter,1,0.25
Atte_8,ukko3493,iter,1,0.25
Atte_8,äiti3448,iter,1,0.25
Atte_8,äiti3450,iter,1,0.25
Atte_80,Atti3460,iter,1,0.25
Atte_80,Atti3462,iter,1,0.25
Atte_80,Atti3465,iter,1,0.25
Atte_80,Atti3468,iter,1,0.25
Atte_80,auto2676,iter,1,0.25
Atte_80,auto2831,iter,1,0.25
Atte_80,auto2841,iter,1,0.25
Atte_80,auto2848,iter,1,0.25
Atte_80,auto2849,iter,1,0.25
Atte_80,auto3470,iter,1,0.25
Atte_80,isi2853,iter,1,0.25
Atte_80,isi2855,iter,1,0.25
Atte_80,isi2856,iter,1,0.25
Atte_80,matto3161,iter,1,0.25
Atte_80,nalle3488,iter,1,0.25
Atte_80,nalle3489,iter,1,0.25
Atte_80,ukko3495,iter,1,0.25
Atte_80,ukko3497,iter,1,0.25
Atte_80,äiti3450,iter,1,0.25
Atte_81,Atti3467,iter,1,0.25
Atte_81,auto2835,iter,1,0.25
Atte_81,auto2840,iter,1,0.25
Atte_81,auto2847,iter,1,0.25
Atte_81,auto2848,iter,1,0.25
Atte_81,auto2850,iter,1,0.25
Atte_81,auto3471,iter,1,0.25
Atte_81,isi2852,iter,1,0.25
Atte_81,isi2855,iter,1,0.25
Atte_81,kello3481,iter,1,0.25
Atte_81,ukko3493,iter,1,0.25
Atte_81,ukko3496,iter,1,0.25
Atte_81,äiti2828,iter,1,0.25
Atte_81,äiti3451,iter,1,0.25
Atte_81,äiti3452,iter,1,0.25
Atte_81,äiti3453,iter,1,0.25
Atte_81,ääni2825,iter,1,0.25
Atte_82,Atti3460,iter,1,0.25
Atte_82,Atti3465,iter,1,0.25
Atte_82,Atti3466,iter,1,0.25
Atte_82,auto2836,iter,1,0.25
Atte_82,auto3471,iter,1,0.25
Atte_82,auto3473,iter,1,0.25
Atte_82,isi2853,iter,1,0.25
Atte_82,isi2855,iter,1,0.25
Atte_82,isi2856,iter,1,0.25
Atte_82,loppu3486,iter,1,0.25
Atte_82,matto3160,iter,1,0.25
Atte_82,pallo3490,iter,1,0.25
Atte_82,ukko3493,iter,1,0.25
Atte_82,äiti3449,iter,1,0.25
Atte_83,Atti3462,iter,1,0.25
Atte_83,Atti3468,iter,1,0.25
Atte_83,aja3454,iter,1,0.25
Atte_83,auto2838,iter,1,0.25
Atte_83,auto2841,iter,1,0.25
Atte_83,auto3470,iter,1,0.25
Atte_83,auto3471,iter,1,0.25
Atte_83,auto3472,iter,1,0.25
Atte_83,auto3475,iter,1,0.25
Atte_83,auto3479,iter,1,0.25
Atte_83,isi2857,iter,1,0.25
Atte_83,loppu3484,iter,1,0.25
Atte_83,matto3160,iter,1,0.25
Atte_83,nalle3488,iter,1,0.25
Atte_83,ukko3496,iter,1,0.25
Atte_83,äiti2827,iter,1,0.25
Atte_83,äiti3447,iter,1,0.25
Atte_83,äiti3449,iter,1,0.25
Atte_84,Atti3460,iter,1,0.25
Atte_84,Atti3464,iter,1,0.25
Atte_84,auto2839,iter,1,0.25
Atte_84,auto2850,iter,1,0.25
Atte_84,auto3475,iter,1,0.25
Atte_84,auto3478,iter,1,0.25
Atte_84,isi2855,iter,1,0.25
Atte_84,loppu3485,iter,1,0.25
Atte_84,loppu3486,iter,1,0.25
Atte_84,loppu3487,iter,1,0.25
Atte_84,ukko3493,iter,1,0.25
Atte_84,ukko3496,iter,1,0.25
Atte_84,äiti3447,iter,1,0.25
Atte_85,Atti3460,iter,1,0.25
Atte_85,Atti3465,iter,1,0.25
Atte_85,auto2829,iter,1,0.25
Atte_85,auto2835,iter,1,0.25
Atte_85,auto2841,iter,1,0.25
Atte_85,auto2846,iter,1,0.25
Atte_85,isi2854,iter,1,0.25
Atte_85,isi2858,iter,1,0.25
Atte_85,loppu3486,iter,1,0.25
Atte_85,ukko3492,iter,1,0.25
Atte_85,ukko3495,iter,1,0.25
Atte_85,äiti2826,iter,1,0.25
Atte_85,äiti3447,iter,1,0.25
Atte_85,äiti3451,iter,1,0.25
Atte_86,Atti3467,iter,1,0.25
Atte_86,aja3455,iter,1,0.25
Atte_86,ankka3458,iter,1,0.25
Atte_86,auto2830,iter,1,0.25
Atte_86,auto2831,iter,1,0.25
Atte_86,auto2845,iter,1,0.25
Atte_86,auto2847,iter,1,0.25
Atte_86,auto2850,iter,1,0.25
Atte_86,auto3476,iter,1,0.25
Atte_86,auto3478,iter,1,0.25
Atte_86,isi2852,iter,1,0.25
Atte_86,isi2853,iter,1,0.25
Atte_86,isi2854,iter,1,0.25
Atte_86,loppu3486,iter,1,0.25
Atte_86,loppu3487,iter,1,0.25
Atte_86,äiti2828,iter,1,0.25
Atte_86,äiti3452,iter,1,0.25
Atte_87,Atti3463,iter,1,0.25
Atte_87,auto2676,iter,1,0.25
Atte_87,auto2833,iter,1,0.25
Atte_87,auto2834,iter,1,0.25
Atte_87,auto2839,iter,1,0.25
Atte_87,auto2842,iter,1,0.25
Atte_87,auto2848,iter,1,0.25
Atte_87,auto3472,iter,1,0.25
Atte_87,auto3473,iter,1,0.25
Atte_87,auto3479,iter,1,0.25
Atte_87,nalle3488,iter,1,0.25
Atte_87,ukko3492,iter,1,0.25
Atte_87,ukko3493,iter,1,0.25
Atte_87,ukko3497,iter,1,0.25
Atte_87,ukko3498,iter,1,0.25
Atte_87,äiti3448,iter,1,0.25
Atte_87,äiti3452,iter,1,0.25
Atte_88,ankka3458,iter,1,0.25
Atte_89,Atti3463,iter,1,0.25
Atte_89,Atti3465,iter,1,0.25
Atte_89,Atti3466,iter,1,0.25
Atte_89,auto2831,iter,1,0.25
Atte_89,auto2832,iter,1,0.25
Atte_89,auto2835,iter,1,0.25
Atte_89,auto2839,iter,1,0.25
Atte_89,auto2840,iter,1,0.25
Atte_89,auto2841,iter,1,0.25
Atte_89,auto3472,iter,1,0.25
Atte_89,auto3477,iter,1,0.25
Atte_89,heppa3480,iter,1,0.25
Atte_89,isi2852,iter,1,0.25
Atte_89,isi2856,iter,1,0.25
Atte_89,matto3161,iter,1,0.25
Atte_89,nalle3488,iter,1,0.25
Atte_89,äiti2827,iter,1,0.25
Atte_9,Atti3467,iter,1,0.25
Atte_9,auto2839,iter,1,0.25
Atte_9,auto2842,iter,1,0.25
Atte_9,auto2845,iter,1,0.25
Atte_9,auto2849,iter,1,0.25
Atte_9,auto3476,iter,1,0.25
Atte_9,isi2851,iter,1,0.25
Atte_9,isi2853,iter,1,0.25
Atte_9,isi2857,iter,1,0.25
Atte_9,kala2859,iter,1,0.25
Atte_9,kello3482,iter,1,0.25
Atte_9,pallo3490,iter,1,0.25
Atte_9,pallo3491,iter,1,0.25
Atte_9,äiti3451,iter,1,0.25
Atte_9,äiti3452,iter,1,0.25
Atte_90,Atti3461,iter,1,0.25
Atte_90,Atti3466,iter,1,0.25
Atte_90,Minni3165,iter,1,0.25
Atte_90,auto2831,iter,1,0.25
Atte_90,auto2835,iter,1,0.25
Atte_90,auto3472,iter,1,0.25
Atte_90,auto3473,iter,1,0.25
Atte_90,auto3477,iter,1,0.25
Atte_90,auto3479,iter,1,0.25
Atte_90,isi2853,iter,1,0.25
Atte_90,kello3481,iter,1,0.25
Atte_90,nalle3488,iter,1,0.25
Atte_90,äiti2826,iter,1,0.25
Atte_91,Atti3461,iter,1,0.25
Atte_91,Atti3464,iter,1,0.25
Atte_91,Atti3468,iter,1,0.25
Atte_91,auto2830,iter,1,0.25
Atte_91,auto2833,iter,1,0.25
Atte_91,auto2843,iter,1,0.25
Atte_91,auto3469,iter,1,0.25
Atte_91,auto3471,iter,1,0.25
Atte_91,auto3472,iter,1,0.25
Atte_91,auto3476,iter,1,0.25
Atte_91,auto3478,iter,1,0.25
Atte_91,heppa3480,iter,1,0.25
Atte_91,isi2855,iter,1,0.25
Atte_91,isi2856,iter,1,0.25
Atte_91,kello3483,iter,1,0.25
Atte_91,matto3162,iter,1,0.25
Atte_91,pallo3490,iter,1,0.25
Atte_91,äiti3448,iter,1,0.25
Atte_92,Atti3463,iter,1,0.25
Atte_92,Atti3468,iter,1,0.25
Atte_92,auto2676,iter,1,0.25
Atte_92,auto2832,iter,1,0.25
Atte_92,auto2840,iter,1,0.25
Atte_92,auto2844,iter,1,0.25
Atte_92,auto2845,iter,1,0.25
Atte_92,auto3470,iter,1,0.25
Atte_92,auto3473,iter,1,0.25
Atte_92,isi2854,iter,1,0.25
Atte_92,kello3482,iter,1,0.25
Atte_92,kello3483,iter,1,0.25
Atte_92,loppu3485,iter,1,0.25
Atte_92,loppu3487,iter,1,0.25
Atte_92,äiti2828,iter,1,0.25
Atte_92,äiti3449,iter,1,0.25
Atte_92,äiti3451,iter,1,0.25
Atte_92,äiti3452,iter,1,0.25
Atte_92,ääni2825,iter,1,0.25
Atte_93,ankka3459,iter,1,0.25
Atte_94,Atti3464,iter,1,0.25
Atte_94,auto2832,iter,1,0.25
Atte_94,auto2837,iter,1,0.25
Atte_94,auto2841,iter,1,0.25
Atte_94,auto2842,iter,1,0.25
Atte_94,auto2844,iter,1,0.25
Atte_94,auto3469,iter,1,0.25
Atte_94,auto3471,iter,1,0.25
Atte_94,heppa3480,iter,1,0.25
Atte_94,isi2855,iter,1,0.25
Atte_94,isi2857,iter,1,0.25
Atte_94,isi2858,iter,1,0.25
Atte_94,kello3483,iter,1,0.25
Atte_94,ukko3492,iter,1,0.25
Atte_94,ukko3495,iter,1,0.25
Atte_94,äiti3447,iter,1,0.25
Atte_94,ääni2825,iter,1,0.25
Atte_95,Atti3466,iter,1,0.25
Atte_95,aja3454,iter,1,0.25
Atte_95,ankka3456,iter,1,0.25
Atte_95,auto2840,iter,1,0.25
Atte_95,auto2849,iter,1,0.25
Atte_95,auto2850,iter,1,0.25
Atte_95,auto3471,iter,1,0.25
Atte_95,auto3475,iter,1,0.25
Atte_95,loppu3484,iter,1,0.25
Atte_95,nalle3488,iter,1,0.25
Atte_95,pallo3491,iter,1,0.25
Atte_95,ukko3492,iter,1,0.25
Atte_95,ukko3498,iter,1,0.25
Atte_95,äiti2826,iter,1,0.25
Atte_95,äiti2828,iter,1,0.25
Atte_95,äiti3448,iter,1,0.25
Atte_95,äiti3451,iter,1,0.25
Atte_96,Atti3461,iter,1,0.25
Atte_96,aja3455,iter,1,0.25
Atte_96,ankka3459,iter,1,0.25
Atte_96,auto2836,iter,1,0.25
Atte_96,auto2843,iter,1,0.25
Atte_96,auto3469,iter,1,0.25
Atte_96,auto3475,iter,1,0.25
Atte_96,auto3476,iter,1,0.25
Atte_96,isi2853,iter,1,0.25
Atte_96,isi2856,iter,1,0.25
Atte_96,kello3483,iter,1,0.25
Atte_96,loppu3487,iter,1,0.25
Atte_96,nalle3489,iter,1,0.25
Atte_96,äiti2828,iter,1,0.25
Atte_96,äiti3449,iter,1,0.25
Atte_96,äiti3452,iter,1,0.25
Atte_97,pupu2133,iter,1,0.25
Atte_98,Atti3461,iter,1,0.25
Atte_98,Atti3464,iter,1,0.25
Atte_98,Atti3465,iter,1,0.25
Atte_98,Atti3467,iter,1,0.25
Atte_98,auto2839,iter,1,0.25
Atte_98,auto2841,iter,1,0.25
Atte_98,auto2846,iter,1,0.25
Atte_98,auto3470,iter,1,0.25
Atte_98,auto3478,iter,1,0.25
Atte_98,isi2854,iter,1,0.25
Atte_98,isi2856,iter,1,0.25
Atte_98,nalle3488,iter,1,0.25
Atte_98,äiti2827,iter,1,0.25
Atte_98,äiti3449,iter,1,0.25
Atte_98,äiti3453,iter,1,0.25
Atte_99,Atti3462,iter,1,0.25
Atte_99,Atti3466,iter,1,0.25
Atte_99,ankka3458,iter,1,0.25
Atte_99,auto2676,iter,1,0.25
Atte_99,auto2832,iter,1,0.25
Atte_99,auto2836,iter,1,0.25
Atte_99,auto2846,iter,1,0.25
Atte_99,auto2847,iter,1,0.25
Atte_99,auto3470,iter,1,0.25
Atte_99,auto3472,iter,1,0.25
Atte_99,isi2852,iter,1,0.25
Atte_99,isi2854,iter,1,0.25
Atte_99,kala2859,iter,1,0.25
Atte_99,kello3481,iter,1,0.25
Atte_99,pallo3490,iter,1,0.25
Atte_99,äiti3450,iter,1,0.25
Basile_1,canard/coin-coin2423,iter,1,0.25
Basile_1,coucou2426,iter,1,0.25
Basile_1,encore1899,iter,1,0.25
Basile_1,encore2959,iter,1,0.25
Basile_1,lequel2963,iter,1,0.25
Basile_1,livre1901,iter,1,0.25
Basile_1,livre1905,iter,1,0.25
Basile_1,livre1907,iter,1,0.25
Basile_1,maman2430,iter,1,0.25
Basile_1,maman2431,iter,1,0.25
Basile_1,maman3109,iter,1,0.25
Basile_1,maman3110,iter,1,0.25
Basile_1,mouton2968,iter,1,0.25
Basile_1,musique2439,iter,1,0.25
Basile_1,nonnon2705,iter,1,0.25
Basile_1,papa2443,iter,1,0.25
Basile_1,papa2445,iter,1,0.25
Basile_1,pin pon1909,iter,1,0.25
Basile_1,pin pon2969,iter,1,0.25
Basile_1,voiture2448,iter,1,0.25
Basile_10,bravo2421,iter,1,0.25
Basile_10,encore2959,iter,1,0.25
Basile_10,est là2962,iter,1,0.25
Basile_10,lequel2963,iter,1,0.25
Basile_10,livre1902,iter,1,0.25
Basile_10,livre1904,iter,1,0.25
Basile_10,livre1905,iter,1,0.25
Basile_10,livre1906,iter,1,0.25
Basile_10,livre1907,iter,1,0.25
Basile_10,maman2429,iter,1,0.25
Basile_10,maman2432,iter,1,0.25
Basile_10,maman2433,iter,1,0.25
Basile_10,maman2967,iter,1,0.25
Basile_10,musique2440,iter,1,0.25
Basile_10,nonnon2441,iter,1,0.25
Basile_10,papa2442,iter,1,0.25
Basile_10,pin pon1908,iter,1,0.25
Basile_10,pin pon2446,iter,1,0.25
Basile_10,pin pon2969,iter,1,0.25
Basile_10,teuton2447,iter,1,0.25
Basile_100,bravo2421,iter,1,0.25
Basile_100,divan2427,iter,1,0.25
Basile_100,est là1900,iter,1,0.25
Basile_100,livre1902,iter,1,0.25
Basile_100,livre1903,iter,1,0.25
Basile_100,livre1904,iter,1,0.25
Basile_100,livre1906,iter,1,0.25
Basile_100,livre2964,iter,1,0.25
Basile_100,maman2430,iter,1,0.25
Basile_100,maman2431,iter,1,0.25
Basile_100,maman2432,iter,1,0.25
Basile_100,nonnon2441,iter,1,0.25
Basile_100,papa2443,iter,1,0.25
Basile_100,pin pon1908,iter,1,0.25
Basile_100,pin pon1910,iter,1,0.25
Basile_100,pin pon2969,iter,1,0.25
Basile_11,bravo2421,iter,1,0.25
Basile_11,canard/coin-coin2957,iter,1,0.25
Basile_11,encore1899,iter,1,0.25
Basile_11,encore2960,iter,1,0.25
Basile_11,lequel2963,iter,1,0.25
Basile_11,livre1901,iter,1,0.25
Basile_11,livre1903,iter,1,0.25
Basile_11,livre2428,iter,1,0.25
Basile_11,maman2429,iter,1,0.25
Basile_11,maman2432,iter,1,0.25
Basile_11,maman2435,iter,1,0.25
Basile_11,mouton2968,iter,1,0.25
Basile_11,nonnon2441,iter,1,0.25
Basile_11,papa2442,iter,1,0.25
Basile_11,papa2444,iter,1,0.25
Basile_11,pin pon1909,iter,1,0.25
Basile_11,pin pon1912,iter,1,0.25
Basile_11,voiture2448,iter,1,0.25
Basile_11,voiture2970,iter,1,0.25
Basile_12,bisou1897,iter,1,0.25
Basile_12,bravo2422,iter,1,0.25
Basile_12,coucou2426,iter,1,0.25
Basile_12,est là1900,iter,1,0.25
Basile_12,lequel2963,iter,1,0.25
Basile_12,livre1901,iter,1,0.25
Basile_12,livre1902,iter,1,0.25
Basile_12,livre1906,iter,1,0.25
Basile_12,maman2429,iter,1,0.25
Basile_12,maman2432,iter,1,0.25
Basile_12,mouton2968,iter,1,0.25
Basile_12,musique2439,iter,1,0.25
Basile_12,musique2440,iter,1,0.25
Basile_12,papa2442,iter,1,0.25
Basile_12,papa2443,iter,1,0.25
Basile_12,papa2444,iter,1,0.25
Basile_12,pin pon2969,iter,1,0.25
Basile_13,bravo2422,iter,1,0.25
Basile_13,divan2427,iter,1,0.25
Basile_13,encore2959,iter,1,0.25
Basile_13,encore2960,iter,1,0.25
Basile_13,est là2962,iter,1,0.25
Basile_13,lequel2963,iter,1,0.25
Basile_13,livre1901,iter,1,0.25
Basile_13,livre1904,iter,1,0.25
Basile_13,livre1905,iter,1,0.25
Basile_13,livre1907,iter,1,0.25
Basile_13,livre2428,iter,1,0.25
Basile_13,livre2965,iter,1,0.25
Basile_13,maman2429,iter,1,0.25
Basile_13,musique2437,iter,1,0.25
Basile_13,musique2439,iter,1,0.25
Basile_13,nonnon2441,iter,1,0.25
Basile_13,papa2443,iter,1,0.25
Basile_13,papa2444,iter,1,0.25
Basile_13,pin pon2969,iter,1,0.25
Basile_13,teuton2447,iter,1,0.25
Basile_14,bisou1897,iter,1,0.25
Basile_14,bravo2422,iter,1,0.25
Basile_14,canard/coin-coin2424,iter,1,0.25
Basile_14,canard/coin-coin2956,iter,1,0.25
Basile_14,canard/coin-coin2957,iter,1,0.25
Basile_14,encore1899,iter,1,0.25
Basile_14,encore2959,iter,1,0.25
Basile_14,est là2961,iter,1,0.25
Basile_14,est là2962,iter,1,0.25
Basile_14,livre1903,iter,1,0.25
Basile_14,livre1905,iter,1,0.25
Basile_14,livre1906,iter,1,0.25
Basile_14,maman2429,iter,1,0.25
Basile_14,maman2431,iter,1,0.25
Basile_14,maman2432,iter,1,0.25
Basile_14,nonnon2441,iter,1,0.25
Basile_14,pin pon1908,iter,1,0.25
Basile_14,pin pon1911,iter,1,0.25
Basile_14,pin pon1912,iter,1,0.25
Basile_14,voiture2448,iter,1,0.25
Basile_15,bisou1897,iter,1,0.25
Basile_15,canard/coin-coin1898,iter,1,0.25
Basile_15,canard/coin-coin2424,iter,1,0.25
Basile_15,canard/coin-coin2957,iter,1,0.25
Basile_15,coucou2425,iter,1,0.25
Basile_15,coucou2426,iter,1,0.25
Basile_15,est là2962,iter,1,0.25
Basile_15,lequel2963,iter,1,0.25
Basile_15,livre1902,iter,1,0.25
Basile_15,livre1905,iter,1,0.25
Basile_15,maman2430,iter,1,0.25
Basile_15,maman2432,iter,1,0.25
Basile_15,musique2436,iter,1,0.25
Basile_15,musique2437,iter,1,0.25
Basile_15,papa2443,iter,1,0.25
Basile_15,papa2444,iter,1,0.25
Basile_15,pin pon1909,iter,1,0.25
Basile_15,pin pon2969,iter,1,0.25
Basile_15,voiture2448,iter,1,0.25
Basile_16,canard/coin-coin1898,iter,1,0.25
Basile_16,canard/coin-coin2423,iter,1,0.25
Basile_16,canard/coin-coin2957,iter,1,0.25
Basile_16,cassé2958,iter,1,0.25
Basile_16,coucou2425,iter,1,0.25
Basile_16,encore2960,iter,1,0.25
Basile_16,est là1900,iter,1,0.25
Basile_16,est là2962,iter,1,0.25
Basile_16,livre1902,iter,1,0.25
Basile_16,livre2964,iter,1,0.25
Basile_16,maman2432,iter,1,0.25
Basile_16,maman2434,iter,1,0.25
Basile_16,maman2966,iter,1,0.25
Basile_16,maman2967,iter,1,0.25
Basile_16,maman3109,iter,1,0.25
Basile_16,mouton2968,iter,1,0.25
Basile_16,musique2436,iter,1,0.25
Basile_16,musique2439,iter,1,0.25
Basile_16,pin pon2969,iter,1,0.25
Basile_16,teuton2447,iter,1,0.25
Basile_17,bravo2422,iter,1,0.25
Basile_17,canard/coin-coin1898,iter,1,0.25
Basile_17,canard/coin-coin2424,iter,1,0.25
Basile_17,canard/coin-coin2956,iter,1,0.25
Basile_17,canard/coin-coin2957,iter,1,0.25
Basile_17,cassé2958,iter,1,0.25
Basile_17,est là1900,iter,1,0.25
Basile_17,est là2962,iter,1,0.25
Basile_17,livre1901,iter,1,0.25
Basile_17,livre1906,iter,1,0.25
Basile_17,livre2965,iter,1,0.25
Basile_17,maman2966,iter,1,0.25
Basile_17,maman2967,iter,1,0.25
Basile_17,maman3109,iter,1,0.25
Basile_17,musique2439,iter,1,0.25
Basile_17,nonnon2705,iter,1,0.25
Basile_17,pin pon1908,iter,1,0.25
Basile_17,pin pon1910,iter,1,0.25
Basile_17,pin pon1912,iter,1,0.25
Basile_17,pin pon2446,iter,1,0.25
Basile_18,canard/coin-coin1898,iter,1,0.25
Basile_18,canard/coin-coin2424,iter,1,0.25
Basile_18,cassé2958,iter,1,0.25
Basile_18,encore1899,iter,1,0.25
Basile_18,encore2960,iter,1,0.25
Basile_18,est là2962,iter,1,0.25
Basile_18,livre1902,iter,1,0.25
Basile_18,livre1903,iter,1,0.25
Basile_18,livre2965,iter,1,0.25
Basile_18,maman2431,iter,1,0.25
Basile_18,maman2434,iter,1,0.25
Basile_18,maman2435,iter,1,0.25
Basile_18,mouton2968,iter,1,0.25
Basile_18,musique2436,iter,1,0.25
Basile_18,musique2439,iter,1,0.25
Basile_18,papa2443,iter,1,0.25
Basile_18,pin pon1908,iter,1,0.25
Basile_18,pin pon1910,iter,1,0.25
Basile_18,teuton2447,iter,1,0.25
Basile_18,voiture2448,iter,1,0.25
Basile_19,bisou1897,iter,1,0.25
Basile_19,bravo2421,iter,1,0.25
Basile_19,canard/coin-coin1898,iter,1,0.25
Basile_19,cassé2958,iter,1,0.25
Basile_19,divan2427,iter,1,0.25
Basile_19,encore1899,iter,1,0.25
Basile_19,est là1900,iter,1,0.25
Basile_19,est là2962,iter,1,0.25
Basile_19,livre1905,iter,1,0.25
Basile_19,livre2965,iter,1,0.25
Basile_19,maman2429,iter,1,0.25
Basile_19,maman2430,iter,1,0.25
Basile_19,maman2431,iter,1,0.25
Basile_19,maman2433,iter,1,0.25
Basile_19,musique2436,iter,1,0.25
Basile_19,musique2438,iter,1,0.25
Basile_19,musique2440,iter,1,0.25
Basile_19,papa2443,iter,1,0.25
Basile_19,pin pon1909,iter,1,0.25
Basile_19,voiture2970,iter,1,0.25
Basile_2,bravo2421,iter,1,0.25
Basile_2,bravo2422,iter,1,0.25
Basile_2,canard/coin-coin1898,iter,1,0.25
Basile_2,coucou2426,iter,1,0.25
Basile_2,encore2959,iter,1,0.25
Basile_2,lequel2963,iter,1,0.25
Basile_2,livre1906,iter,1,0.25
Basile_2,livre2428,iter,1,0.25
Basile_2,livre2964,iter,1,0.25
Basile_2,maman2430,iter,1,0.25
Basile_2,maman2434,iter,1,0.25
Basile_2,maman2967,iter,1,0.25
Basile_2,mouton2968,iter,1,0.25
Basile_2,musique2436,iter,1,0.25
Basile_2,musique2437,iter,1,0.25
Basile_2,musique2438,iter,1,0.25
Basile_2,musique2440,iter,1,0.25
Basile_2,nonnon2441,iter,1,0.25
Basile_2,papa2444,iter,1,0.25
Basile_2,pin pon2446,iter,1,0.25
Basile_20,bravo2421,iter,1,0.25
Basile_20,canard/coin-coin2423,iter,1,0.25
Basile_20,canard/coin-coin2424,iter,1,0.25
Basile_20,divan2427,iter,1,0.25
Basile_20,est là1900,iter,1,0.25
Basile_20,est là2962,iter,1,0.25
Basile_20,livre1901,iter,1,0.25
Basile_20,livre1903,iter,1,0.25
Basile_20,livre1907,iter,1,0.25
Basile_20,maman2430,iter,1,0.25
Basile_20,maman2432,iter,1,0.25
Basile_20,maman2433,iter,1,0.25
Basile_20,maman3110,iter,1,0.25
Basile_20,mouton2968,iter,1,0.25
Basile_20,musique2440,iter,1,0.25
Basile_20,nonnon2441,iter,1,0.25
Basile_20,pin pon1909,iter,1,0.25
Basile_20,pin pon1910,iter,1,0.25
Basile_20,teuton2447,iter,1,0.25
Basile_21,bisou1897,iter,1,0.25
Basile_21,canard/coin-coin2424,iter,1,0.25
Basile_21,canard/coin-coin2956,iter,1,0.25
Basile_21,canard/coin-coin2957,iter,1,0.25
Basile_21,encore1899,iter,1,0.25
Basile_21,est là2962,iter,1,0.25
Basile_21,livre1904,iter,1,0.25
Basile_21,livre2428,iter,1,0.25
Basile_21,maman2429,iter,1,0.25
Basile_21,maman2966,iter,1,0.25
Basile_21,maman3109,iter,1,0.25
Basile_21,maman3110,iter,1,0.25
Basile_21,musique2437,iter,1,0.25
Basile_21,nonnon2705,iter,1,0.25
Basile_21,papa2442,iter,1,0.25
Basile_21,papa2443,iter,1,0.25
Basile_21,papa2444,iter,1,0.25
Basile_21,papa2445,iter,1,0.25
Basile_21,pin pon1910,iter,1,0.25
Basile_21,teuton2447,iter,1,0.25
Basile_22,canard/coin-coin1898,iter,1,0.25
Basile_22,canard/coin-coin2424,iter,1,0.25
Basile_22,coucou2425,iter,1,0.25
Basile_22,est là2962,iter,1,0.25
Basile_22,livre1902,iter,1,0.25
Basile_22,livre1903,iter,1,0.25
Basile_22,livre1907,iter,1,0.25
Basile_22,livre2964,iter,1,0.25
Basile_22,maman2429,iter,1,0.25
Basile_22,maman2431,iter,1,0.25
Basile_22,maman2433,iter,1,0.25
Basile_22,maman2435,iter,1,0.25
Basile_22,maman2967,iter,1,0.25
Basile_22,mouton2968,iter,1,0.25
Basile_22,musique2437,iter,1,0.25
Basile_22,musique2438,iter,1,0.25
Basile_22,nonnon2441,iter,1,0.25
Basile_22,nonnon2705,iter,1,0.25
Basile_22,pin pon1910,iter,1,0.25
Basile_22,pin pon1912,iter,1,0.25
Basile_23,bisou1897,iter,1,0.25
Basile_23,canard/coin-coin2423,iter,1,0.25
Basile_23,encore1899,iter,1,0.25
Basile_23,est là1900,iter,1,0.25
Basile_23,est là2961,iter,1,0.25
Basile_23,est là2962,iter,1,0.25
Basile_23,livre1901,iter,1,0.25
Basile_23,livre1905,iter,1,0.25
Basile_23,livre2965,iter,1,0.25
Basile_23,mouton2968,iter,1,0.25
Basile_23,musique2438,iter,1,0.25
Basile_23,musique2440,iter,1,0.25
Basile_23,papa2442,iter,1,0.25
Basile_23,papa2445,iter,1,0.25
Basile_23,pin pon1910,iter,1,0.25
Basile_23,teuton2447,iter,1,0.25
Basile_24,bravo2421,iter,1,0.25
Basile_24,canard/coin-coin2423,iter,1,0.25
Basile_24,encore2959,iter,1,0.25
Basile_24,est là1900,iter,1,0.25
Basile_24,est là2961,iter,1,0.25
Basile_24,est là2962,iter,1,0.25
Basile_24,lequel2963,iter,1,0.25
Basile_24,livre2964,iter,1,0.25
Basile_24,maman2429,iter,1,0.25
Basile_24,maman2431,iter,1,0.25
Basile_24,maman2433,iter,1,0.25
Basile_24,musique2439,iter,1,0.25
Basile_24,nonnon2705,iter,1,0.25
Basile_24,papa2442,iter,1,0.25
Basile_24,papa2443,iter,1,0.25
Basile_24,pin pon1908,iter,1,0.25
Basile_24,pin pon1910,iter,1,0.25
Basile_24,pin pon1912,iter,1,0.25
Basile_24,pin pon2969,iter,1,0.25
Basile_25,bravo2421,iter,1,0.25
Basile_25,bravo2422,iter,1,0.25
Basile_25,canard/coin-coin2423,iter,1,0.25
Basile_25,coucou2426,iter,1,0.25
Basile_25,divan2427,iter,1,0.25
Basile_25,encore2959,iter,1,0.25
Basile_25,est là2962,iter,1,0.25
Basile_25,livre1902,iter,1,0.25
Basile_25,livre1905,iter,1,0.25
Basile_25,livre1907,iter,1,0.25
Basile_25,livre2428,iter,1,0.25
Basile_25,livre2965,iter,1,0.25
Basile_25,maman2966,iter,1,0.25
Basile_25,musique2438,iter,1,0.25
Basile_25,musique2439,iter,1,0.25
Basile_25,papa2443,iter,1,0.25
Basile_25,papa2444,iter,1,0.25
Basile_25,pin pon1912,iter,1,0.25
Basile_25,pin pon2446,iter,1,0.25
Basile_25,teuton2447,iter,1,0.25
Basile_26,canard/coin-coin1898,iter,1,0.25
Basile_26,divan2427,iter,1,0.25
Basile_26,est là1900,iter,1,0.25
Basile_26,est là2961,iter,1,0.25
Basile_26,livre1901,iter,1,0.25
Basile_26,livre1904,iter,1,0.25
Basile_26,maman2430,iter,1,0.25
Basile_26,maman2966,iter,1,0.25
Basile_26,maman3110,iter,1,0.25
Basile_26,nonnon2441,iter,1,0.25
Basile_26,nonnon2705,iter,1,0.25
Basile_26,papa2444,iter,1,0.25
Basile_26,pin pon1909,iter,1,0.25
Basile_26,pin pon1910,iter,1,0.25
Basile_26,pin pon1911,iter,1,0.25
Basile_26,teuton2447,iter,1,0.25
Basile_26,voiture2448,iter,1,0.25
Basile_27,bravo2422,iter,1,0.25
Basile_27,canard/coin-coin2423,iter,1,0.25
Basile_27,canard/coin-coin2956,iter,1,0.25
Basile_27,canard/coin-coin2957,iter,1,0.25
Basile_27,divan2427,iter,1,0.25
Basile_27,encore2959,iter,1,0.25
Basile_27,lequel2963,iter,1,0.25
Basile_27,maman2429,iter,1,0.25
Basile_27,musique2436,iter,1,0.25
Basile_27,musique2439,iter,1,0.25
Basile_27,nonnon2705,iter,1,0.25
Basile_27,papa2442,iter,1,0.25
Basile_27,papa2443,iter,1,0.25
Basile_27,pin pon1908,iter,1,0.25
Basile_27,pin pon1911,iter,1,0.25
Basile_27,pin pon2446,iter,1,0.25
Basile_27,pin pon2969,iter,1,0.25
Basile_27,teuton2447,iter,1,0.25
Basile_28,bravo2422,iter,1,0.25
Basile_28,canard/coin-coin2956,iter,1,0.25
Basile_28,coucou2426,iter,1,0.25
Basile_28,encore1899,iter,1,0.25
Basile_28,encore2959,iter,1,0.25
Basile_28,encore2960,iter,1,0.25
Basile_28,est là1900,iter,1,0.25
Basile_28,lequel2963,iter,1,0.25
Basile_28,livre1902,iter,1,0.25
Basile_28,livre1903,iter,1,0.25
Basile_28,livre2964,iter,1,0.25
Basile_28,maman2430,iter,1,0.25
Basile_28,maman2431,iter,1,0.25
Basile_28,maman2966,iter,1,0.25
Basile_28,musique2437,iter,1,0.25
Basile_28,musique2439,iter,1,0.25
Basile_28,papa2443,iter,1,0.25
Basile_28,papa2445,iter,1,0.25
Basile_28,pin pon1911,iter,1,0.25
Basile_28,voiture2970,iter,1,0.25
Basile_29,bravo2422,iter,1,0.25
Basile_29,coucou2425,iter,1,0.25
Basile_29,encore2959,iter,1,0.25
Basile_29,encore2960,iter,1,0.25
Basile_29,est là2961,iter,1,0.25
Basile_29,livre1902,iter,1,0.25
Basile_29,livre1903,iter,1,0.25
Basile_29,livre2964,iter,1,0.25
Basile_29,musique2439,iter,1,0.25
Basile_29,nonnon2705,iter,1,0.25
Basile_29,papa2442,iter,1,0.25
Basile_29,papa2444,iter,1,0.25
Basile_29,papa2445,iter,1,0.25
Basile_29,pin pon1908,iter,1,0.25
Basile_29,pin pon2969,iter,1,0.25
Basile_29,teuton2447,iter,1,0.25
Basile_3,bravo2422,iter,1,0.25
Basile_3,canard/coin-coin1898,iter,1,0.25
Basile_3,coucou2425,iter,1,0.25
Basile_3,divan2427,iter,1,0.25
Basile_3,est là1900,iter,1,0.25
Basile_3,est là2962,iter,1,0.25
Basile_3,lequel2963,iter,1,0.25
Basile_3,livre1902,iter,1,0.25
Basile_3,livre1903,iter,1,0.25
Basile_3,maman2429,iter,1,0.25
Basile_3,maman2430,iter,1,0.25
Basile_3,maman2431,iter,1,0.25
Basile_3,maman2433,iter,1,0.25
Basile_3,maman3109,iter,1,0.25
Basile_3,musique2436,iter,1,0.25
Basile_3,musique2437,iter,1,0.25
Basile_3,nonnon2705,iter,1,0.25
Basile_3,pin pon1911,iter,1,0.25
Basile_3,voiture2448,iter,1,0.25
Basile_3,voiture2970,iter,1,0.25
Basile_30,bravo2421,iter,1,0.25
Basile_30,canard/coin-coin1898,iter,1,0.25
Basile_30,encore2959,iter,1,0.25
Basile_30,encore2960,iter,1,0.25
Basile_30,est là2961,iter,1,0.25
Basile_30,livre1907,iter,1,0.25
Basile_30,maman2430,iter,1,0.25
Basile_30,maman2432,iter,1,0.25
Basile_30,maman2433,iter,1,0.25
Basile_30,maman2966,iter,1,0.25
Basile_30,maman3110,iter,1,0.25
Basile_30,nonnon2441,iter,1,0.25
Basile_30,pin pon1909,iter,1,0.25
Basile_30,pin pon1910,iter,1,0.25
Basile_30,pin pon2446,iter,1,0.25
Basile_30,voiture2970,iter,1,0.25
Basile_31,bravo2421,iter,1,0.25
Basile_31,bravo2422,iter,1,0.25
Basile_31,canard/coin-coin1898,iter,1,0.25
Basile_31,canard/coin-coin2956,iter,1,0.25
Basile_31,coucou2426,iter,1,0.25
Basile_31,divan2427,iter,1,0.25
Basile_31,encore2960,iter,1,0.25
Basile_31,livre1903,iter,1,0.25
Basile_31,livre1905,iter,1,0.25
Basile_31,mouton2968,iter,1,0.25
Basile_31,musique2436,iter,1,0.25
Basile_31,musique2439,iter,1,0.25
Basile_31,papa2442,iter,1,0.25
Basile_31,papa2443,iter,1,0.25
Basile_31,papa2444,iter,1,0.25
Basile_31,pin pon1909,iter,1,0.25
Basile_31,pin pon1910,iter,1,0.25
Basile_32,bravo2422,iter,1,0.25
Basile_32,canard/coin-coin1898,iter,1,0.25
Basile_32,canard/coin-coin2956,iter,1,0.25
Basile_32,divan2427,iter,1,0.25
Basile_32,encore2960,iter,1,0.25
Basile_32,livre1902,iter,1,0.25
Basile_32,maman2432,iter,1,0.25
Basile_32,maman2433,iter,1,0.25
Basile_32,maman2967,iter,1,0.25
Basile_32,papa2444,iter,1,0.25
Basile_32,pin pon1908,iter,1,0.25
Basile_32,pin pon1911,iter,1,0.25
Basile_32,pin pon1912,iter,1,0.25
Basile_32,pin pon2446,iter,1,0.25
Basile_33,canard/coin-coin2424,iter,1,0.25
Basile_33,canard/coin-coin2957,iter,1,0.25
Basile_33,coucou2425,iter,1,0.25
Basile_33,divan2427,iter,1,0.25
Basile_33,encore2959,iter,1,0.25
Basile_33,livre1903,iter,1,0.25
Basile_33,livre1904,iter,1,0.25
Basile_33,livre1906,iter,1,0.25
Basile_33,livre1907,iter,1,0.25
Basile_33,livre2964,iter,1,0.25
Basile_33,maman2430,iter,1,0.25
Basile_33,maman2434,iter,1,0.25
Basile_33,maman2966,iter,1,0.25
Basile_33,musique2436,iter,1,0.25
Basile_33,musique2438,iter,1,0.25
Basile_33,nonnon2441,iter,1,0.25
Basile_33,pin pon1910,iter,1,0.25
Basile_33,pin pon2446,iter,1,0.25
Basile_33,voiture2448,iter,1,0.25
Basile_33,voiture2970,iter,1,0.25
Basile_34,canard/coin-coin2957,iter,1,0.25
Basile_34,cassé2958,iter,1,0.25
Basile_34,encore1899,iter,1,0.25
Basile_34,lequel2963,iter,1,0.25
Basile_34,livre1902,iter,1,0.25
Basile_34,livre1905,iter,1,0.25
Basile_34,livre2428,iter,1,0.25
Basile_34,livre2964,iter,1,0.25
Basile_34,maman2430,iter,1,0.25
Basile_34,maman2433,iter,1,0.25
Basile_34,maman2966,iter,1,0.25
Basile_34,maman2967,iter,1,0.25
Basile_34,mouton2968,iter,1,0.25
Basile_34,papa2443,iter,1,0.25
Basile_34,papa2444,iter,1,0.25
Basile_34,pin pon1909,iter,1,0.25
Basile_34,pin pon1910,iter,1,0.25
Basile_34,teuton2447,iter,1,0.25
Basile_34,voiture2448,iter,1,0.25
Basile_34,voiture2970,iter,1,0.25
Basile_35,canard/coin-coin1898,iter,1,0.25
Basile_35,canard/coin-coin2957,iter,1,0.25
Basile_35,cassé2958,iter,1,0.25
Basile_35,encore2959,iter,1,0.25
Basile_35,lequel2963,iter,1,0.25
Basile_35,livre1901,iter,1,0.25
Basile_35,livre1903,iter,1,0.25
Basile_35,livre1905,iter,1,0.25
Basile_35,livre1906,iter,1,0.25
Basile_35,livre2428,iter,1,0.25
Basile_35,livre2965,iter,1,0.25
Basile_35,maman3109,iter,1,0.25
Basile_35,musique2437,iter,1,0.25
Basile_35,musique2438,iter,1,0.25
Basile_35,musique2439,iter,1,0.25
Basile_35,pin pon1908,iter,1,0.25
Basile_35,pin pon1909,iter,1,0.25
Basile_35,pin pon1911,iter,1,0.25
Basile_35,voiture2448,iter,1,0.25
Basile_35,voiture2970,iter,1,0.25
Basile_36,bravo2422,iter,1,0.25
Basile_36,canard/coin-coin2424,iter,1,0.25
Basile_36,coucou2426,iter,1,0.25
Basile_36,encore2959,iter,1,0.25
Basile_36,encore2960,iter,1,0.25
Basile_36,lequel2963,iter,1,0.25
Basile_36,livre1905,iter,1,0.25
Basile_36,musique2437,iter,1,0.25
Basile_36,musique2439,iter,1,0.25
Basile_36,nonnon2705,iter,1,0.25
Basile_36,papa2443,iter,1,0.25
Basile_36,pin pon1912,iter,1,0.25
Basile_37,encore1899,iter,1,0.25
Basile_37,encore2960,iter,1,0.25
Basile_37,est là2961,iter,1,0.25
Basile_37,lequel2963,iter,1,0.25
Basile_37,livre1907,iter,1,0.25
Basile_37,livre2428,iter,1,0.25
Basile_37,maman2430,iter,1,0.25
Basile_37,pin pon1910,iter,1,0.25
Basile_37,pin pon1911,iter,1,0.25
Basile_37,pin pon1912,iter,1,0.25
Basile_37,pin pon2969,iter,1,0.25
Basile_37,voiture2448,iter,1,0.25
Basile_37,voiture2970,iter,1,0.25
Basile_38,bisou1897,iter,1,0.25
Basile_38,bravo2422,iter,1,0.25
Basile_38,canard/coin-coin1898,iter,1,0.25
Basile_38,canard/coin-coin2424,iter,1,0.25
Basile_38,coucou2425,iter,1,0.25
Basile_38,lequel2963,iter,1,0.25
Basile_38,livre1901,iter,1,0.25
Basile_38,livre1902,iter,1,0.25
Basile_38,livre1903,iter,1,0.25
Basile_38,livre2964,iter,1,0.25
Basile_38,musique2436,iter,1,0.25
Basile_38,musique2439,iter,1,0.25
Basile_38,papa2444,iter,1,0.25
Basile_38,pin pon1912,iter,1,0.25
Basile_38,pin pon2446,iter,1,0.25
Basile_38,pin pon2969,iter,1,0.25
Basile_38,voiture2448,iter,1,0.25
Basile_38,voiture2970,iter,1,0.25
Basile_39,canard/coin-coin2423,iter,1,0.25
Basile_39,coucou2426,iter,1,0.25
Basile_39,encore2960,iter,1,0.25
Basile_39,est là1900,iter,1,0.25
Basile_39,est là2961,iter,1,0.25
Basile_39,est là2962,iter,1,0.25
Basile_39,livre1906,iter,1,0.25
Basile_39,maman2433,iter,1,0.25
Basile_39,maman2966,iter,1,0.25
Basile_39,mouton2968,iter,1,0.25
Basile_39,musique2437,iter,1,0.25
Basile_39,musique2438,iter,1,0.25
Basile_39,papa2443,iter,1,0.25
Basile_39,pin pon1910,iter,1,0.25
Basile_39,pin pon1911,iter,1,0.25
Basile_39,teuton2447,iter,1,0.25
Basile_39,voiture2970,iter,1,0.25
Basile_4,canard/coin-coin1898,iter,1,0.25
Basile_4,canard/coin-coin2957,iter,1,0.25
Basile_4,est là2962,iter,1,0.25
Basile_4,lequel2963,iter,1,0.25
Basile_4,livre1902,iter,1,0.25
Basile_4,livre1903,iter,1,0.25
Basile_4,livre1905,iter,1,0.25
Basile_4,maman2432,iter,1,0.25
Basile_4,maman2433,iter,1,0.25
Basile_4,maman2435,iter,1,0.25
Basile_4,maman2967,iter,1,0.25
Basile_4,maman3109,iter,1,0.25
Basile_4,mouton2968,iter,1,0.25
Basile_4,nonnon2441,iter,1,0.25
Basile_4,nonnon2705,iter,1,0.25
Basile_4,pin pon1909,iter,1,0.25
Basile_4,pin pon1910,iter,1,0.25
Basile_4,pin pon1912,iter,1,0.25
Basile_40,bisou1897,iter,1,0.25
Basile_40,bravo2422,iter,1,0.25
Basile_40,canard/coin-coin1898,iter,1,0.25
Basile_40,coucou2425,iter,1,0.25
Basile_40,divan2427,iter,1,0.25
Basile_40,livre1903,iter,1,0.25
Basile_40,livre1904,iter,1,0.25
Basile_40,livre1905,iter,1,0.25
Basile_40,livre2964,iter,1,0.25
Basile_40,maman2430,iter,1,0.25
Basile_40,maman2431,iter,1,0.25
Basile_40,maman2966,iter,1,0.25
Basile_40,maman2967,iter,1,0.25
Basile_40,musique2438,iter,1,0.25
Basile_40,papa2444,iter,1,0.25
Basile_40,pin pon1910,iter,1,0.25
Basile_40,pin pon1911,iter,1,0.25
Basile_40,pin pon1912,iter,1,0.25
Basile_40,pin pon2969,iter,1,0.25
Basile_41,bisou1897,iter,1,0.25
Basile_41,bravo2422,iter,1,0.25
Basile_41,canard/coin-coin2424,iter,1,0.25
Basile_41,canard/coin-coin2956,iter,1,0.25
Basile_41,coucou2426,iter,1,0.25
Basile_41,encore2960,iter,1,0.25
Basile_41,livre1902,iter,1,0.25
Basile_41,livre2964,iter,1,0.25
Basile_41,maman2429,iter,1,0.25
Basile_41,maman2430,iter,1,0.25
Basile_41,maman2432,iter,1,0.25
Basile_41,maman2967,iter,1,0.25
Basile_41,maman3110,iter,1,0.25
Basile_41,musique2436,iter,1,0.25
Basile_41,musique2437,iter,1,0.25
Basile_41,papa2443,iter,1,0.25
Basile_41,pin pon1909,iter,1,0.25
Basile_41,pin pon2446,iter,1,0.25
Basile_41,teuton2447,iter,1,0.25
Basile_41,voiture2448,iter,1,0.25
Basile_42,bisou1897,iter,1,0.25
Basile_42,bravo2422,iter,1,0.25
Basile_42,canard/coin-coin1898,iter,1,0.25
Basile_42,coucou2426,iter,1,0.25
Basile_42,encore1899,iter,1,0.25
Basile_42,est là1900,iter,1,0.25
Basile_42,livre1903,iter,1,0.25
Basile_42,livre1905,iter,1,0.25
Basile_42,livre1907,iter,1,0.25
Basile_42,maman2431,iter,1,0.25
Basile_42,maman2432,iter,1,0.25
Basile_42,maman2434,iter,1,0.25
Basile_42,maman2435,iter,1,0.25
Basile_42,mouton2968,iter,1,0.25
Basile_42,musique2440,iter,1,0.25
Basile_42,papa2442,iter,1,0.25
Basile_42,pin pon2446,iter,1,0.25
Basile_42,pin pon2969,iter,1,0.25
Basile_42,teuton2447,iter,1,0.25
Basile_42,voiture2448,iter,1,0.25
Basile_43,bravo2422,iter,1,0.25
Basile_43,canard/coin-coin2424,iter,1,0.25
Basile_43,divan2427,iter,1,0.25
Basile_43,encore2959,iter,1,0.25
Basile_43,est là2961,iter,1,0.25
Basile_43,livre1902,iter,1,0.25
Basile_43,livre1903,iter,1,0.25
Basile_43,livre1906,iter,1,0.25
Basile_43,livre1907,iter,1,0.25
Basile_43,livre2964,iter,1,0.25
Basile_43,livre2965,iter,1,0.25
Basile_43,maman2433,iter,1,0.25
Basile_43,maman2435,iter,1,0.25
Basile_43,maman2966,iter,1,0.25
Basile_43,maman3110,iter,1,0.25
Basile_43,musique2436,iter,1,0.25
Basile_43,musique2437,iter,1,0.25
Basile_43,nonnon2705,iter,1,0.25
Basile_43,pin pon2969,iter,1,0.25
Basile_43,teuton2447,iter,1,0.25
Basile_44,canard/coin-coin2957,iter,1,0.25
Basile_44,est là2962,iter,1,0.25
Basile_44,livre1901,iter,1,0.25
Basile_44,livre1902,iter,1,0.25
Basile_44,livre1906,iter,1,0.25
Basile_44,livre1907,iter,1,0.25
Basile_44,livre2965,iter,1,0.25
Basile_44,maman2433,iter,1,0.25
Basile_44,maman2966,iter,1,0.25
Basile_44,maman3109,iter,1,0.25
Basile_44,pin pon1908,iter,1,0.25
Basile_44,voiture2970,iter,1,0.25
Basile_45,bisou1897,iter,1,0.25
Basile_45,canard/coin-coin2424,iter,1,0.25
Basile_45,canard/coin-coin2957,iter,1,0.25
Basile_45,cassé2958,iter,1,0.25
Basile_45,coucou2425,iter,1,0.25
Basile_45,encore1899,iter,1,0.25
Basile_45,lequel2963,iter,1,0.25
Basile_45,livre1901,iter,1,0.25
Basile_45,livre1903,iter,1,0.25
Basile_45,maman2431,iter,1,0.25
Basile_45,maman2433,iter,1,0.25
Basile_45,maman2434,iter,1,0.25
Basile_45,musique2437,iter,1,0.25
Basile_45,musique2440,iter,1,0.25
Basile_45,nonnon2705,iter,1,0.25
Basile_45,papa2444,iter,1,0.25
Basile_45,pin pon1911,iter,1,0.25
Basile_45,pin pon2969,iter,1,0.25
Basile_45,teuton2447,iter,1,0.25
Basile_45,voiture2970,iter,1,0.25
Basile_46,bravo2421,iter,1,0.25
Basile_46,canard/coin-coin2423,iter,1,0.25
Basile_46,canard/coin-coin2957,iter,1,0.25
Basile_46,encore1899,iter,1,0.25
Basile_46,encore2959,iter,1,0.25
Basile_46,est là1900,iter,1,0.25
Basile_46,est là2961,iter,1,0.25
Basile_46,est là2962,iter,1,0.25
Basile_46,livre1904,iter,1,0.25
Basile_46,livre1906,iter,1,0.25
Basile_46,livre2964,iter,1,0.25
Basile_46,livre2965,iter,1,0.25
Basile_46,maman2431,iter,1,0.25
Basile_46,maman2434,iter,1,0.25
Basile_46,maman2435,iter,1,0.25
Basile_46,nonnon2441,iter,1,0.25
Basile_46,papa2442,iter,1,0.25
Basile_46,pin pon1910,iter,1,0.25
Basile_46,pin pon1912,iter,1,0.25
Basile_47,bisou1897,iter,1,0.25
Basile_47,bravo2422,iter,1,0.25
Basile_47,canard/coin-coin2423,iter,1,0.25
Basile_47,coucou2426,iter,1,0.25
Basile_47,encore2960,iter,1,0.25
Basile_47,livre1903,iter,1,0.25
Basile_47,livre2965,iter,1,0.25
Basile_47,maman2431,iter,1,0.25
Basile_47,maman2966,iter,1,0.25
Basile_47,maman2967,iter,1,0.25
Basile_47,mouton2968,iter,1,0.25
Basile_47,musique2437,iter,1,0.25
Basile_47,nonnon2441,iter,1,0.25
Basile_47,papa2443,iter,1,0.25
Basile_47,papa2444,iter,1,0.25
Basile_47,papa2445,iter,1,0.25
Basile_47,pin pon1908,iter,1,0.25
Basile_47,pin pon2969,iter,1,0.25
Basile_47,teuton2447,iter,1,0.25
Basile_47,voiture2970,iter,1,0.25
Basile_48,bisou1897,iter,1,0.25
Basile_48,canard/coin-coin2956,iter,1,0.25
Basile_48,encore2959,iter,1,0.25
Basile_48,encore2960,iter,1,0.25
Basile_48,est là2961,iter,1,0.25
Basile_48,livre1901,iter,1,0.25
Basile_48,livre1902,iter,1,0.25
Basile_48,maman2431,iter,1,0.25
Basile_48,maman2432,iter,1,0.25
Basile_48,maman2433,iter,1,0.25
Basile_48,maman2435,iter,1,0.25
Basile_48,maman3110,iter,1,0.25
Basile_48,musique2437,iter,1,0.25
Basile_48,musique2438,iter,1,0.25
Basile_48,papa2443,iter,1,0.25
Basile_48,papa2444,iter,1,0.25
Basile_48,pin pon1911,iter,1,0.25
Basile_48,teuton2447,iter,1,0.25
Basile_48,voiture2448,iter,1,0.25
Basile_48,voiture2970,iter,1,0.25
Basile_49,bravo2421,iter,1,0.25
Basile_49,bravo2422,iter,1,0.25
Basile_49,cassé2958,iter,1,0.25
Basile_49,divan2427,iter,1,0.25
Basile_49,encore1899,iter,1,0.25
Basile_49,est là1900,iter,1,0.25
Basile_49,livre1902,iter,1,0.25
Basile_49,livre1905,iter,1,0.25
Basile_49,livre1906,iter,1,0.25
Basile_49,maman2429,iter,1,0.25
Basile_49,maman2431,iter,1,0.25
Basile_49,maman2433,iter,1,0.25
Basile_49,maman2434,iter,1,0.25
Basile_49,maman2966,iter,1,0.25
Basile_49,maman2967,iter,1,0.25
Basile_49,musique2437,iter,1,0.25
Basile_49,musique2439,iter,1,0.25
Basile_49,papa2443,iter,1,0.25
Basile_49,voiture2448,iter,1,0.25
Basile_49,voiture2970,iter,1,0.25
Basile_5,bravo2422,iter,1,0.25
Basile_5,coucou2426,iter,1,0.25
Basile_5,encore1899,iter,1,0.25
Basile_5,encore2959,iter,1,0.25
Basile_5,encore2960,iter,1,0.25
Basile_5,est là2961,iter,1,0.25
Basile_5,livre1903,iter,1,0.25
Basile_5,livre1907,iter,1,0.25
Basile_5,livre2428,iter,1,0.25
Basile_5,maman2431,iter,1,0.25
Basile_5,maman2433,iter,1,0.25
Basile_5,maman2434,iter,1,0.25
Basile_5,maman2966,iter,1,0.25
Basile_5,musique2437,iter,1,0.25
Basile_5,nonnon2441,iter,1,0.25
Basile_5,papa2444,iter,1,0.25
Basile_5,pin pon2969,iter,1,0.25
Basile_5,voiture2448,iter,1,0.25
Basile_50,bisou1897,iter,1,0.25
Basile_50,canard/coin-coin2957,iter,1,0.25
Basile_50,encore2959,iter,1,0.25
Basile_50,est là2961,iter,1,0.25
Basile_50,livre1901,iter,1,0.25
Basile_50,livre1902,iter,1,0.25
Basile_50,livre1904,iter,1,0.25
Basile_50,livre2965,iter,1,0.25
Basile_50,maman2432,iter,1,0.25
Basile_50,maman2433,iter,1,0.25
Basile_50,maman2435,iter,1,0.25
Basile_50,maman2967,iter,1,0.25
Basile_50,maman3109,iter,1,0.25
Basile_50,nonnon2705,iter,1,0.25
Basile_50,pin pon1910,iter,1,0.25
Basile_51,canard/coin-coin2957,iter,1,0.25
Basile_51,livre1901,iter,1,0.25
Basile_51,livre1905,iter,1,0.25
Basile_51,livre1907,iter,1,0.25
Basile_51,maman2430,iter,1,0.25
Basile_51,maman2433,iter,1,0.25
Basile_51,maman2434,iter,1,0.25
Basile_51,maman2966,iter,1,0.25
Basile_51,maman2967,iter,1,0.25
Basile_52,bravo2421,iter,1,0.25
Basile_52,canard/coin-coin1898,iter,1,0.25
Basile_52,canard/coin-coin2957,iter,1,0.25
Basile_52,encore1899,iter,1,0.25
Basile_52,encore2959,iter,1,0.25
Basile_52,livre1903,iter,1,0.25
Basile_52,maman2433,iter,1,0.25
Basile_52,maman2434,iter,1,0.25
Basile_52,musique2436,iter,1,0.25
Basile_52,musique2439,iter,1,0.25
Basile_52,musique2440,iter,1,0.25
Basile_52,papa2442,iter,1,0.25
Basile_52,papa2445,iter,1,0.25
Basile_52,pin pon1909,iter,1,0.25
Basile_52,pin pon2969,iter,1,0.25
Basile_52,voiture2448,iter,1,0.25
Basile_52,voiture2970,iter,1,0.25
Basile_53,canard/coin-coin1898,iter,1,0.25
Basile_53,canard/coin-coin2423,iter,1,0.25
Basile_53,canard/coin-coin2957,iter,1,0.25
Basile_53,coucou2426,iter,1,0.25
Basile_53,est là1900,iter,1,0.25
Basile_53,est là2962,iter,1,0.25
Basile_53,lequel2963,iter,1,0.25
Basile_53,livre1906,iter,1,0.25
Basile_53,livre1907,iter,1,0.25
Basile_53,livre2428,iter,1,0.25
Basile_53,livre2965,iter,1,0.25
Basile_53,maman2430,iter,1,0.25
Basile_53,maman2435,iter,1,0.25
Basile_53,maman3109,iter,1,0.25
Basile_53,musique2439,iter,1,0.25
Basile_53,papa2444,iter,1,0.25
Basile_53,papa2445,iter,1,0.25
Basile_53,pin pon1912,iter,1,0.25
Basile_53,pin pon2969,iter,1,0.25
Basile_53,voiture2970,iter,1,0.25
Basile_54,bisou1897,iter,1,0.25
Basile_54,canard/coin-coin1898,iter,1,0.25
Basile_54,canard/coin-coin2423,iter,1,0.25
Basile_54,canard/coin-coin2424,iter,1,0.25
Basile_54,est là2961,iter,1,0.25
Basile_54,livre1901,iter,1,0.25
Basile_54,livre2964,iter,1,0.25
Basile_54,maman2433,iter,1,0.25
Basile_54,maman2967,iter,1,0.25
Basile_54,mouton2968,iter,1,0.25
Basile_54,musique2437,iter,1,0.25
Basile_54,musique2438,iter,1,0.25
Basile_54,musique2439,iter,1,0.25
Basile_54,nonnon2705,iter,1,0.25
Basile_54,papa2443,iter,1,0.25
Basile_54,papa2445,iter,1,0.25
Basile_54,voiture2448,iter,1,0.25
Basile_54,voiture2970,iter,1,0.25
Basile_55,bravo2421,iter,1,0.25
Basile_55,bravo2422,iter,1,0.25
Basile_55,canard/coin-coin2424,iter,1,0.25
Basile_55,encore2960,iter,1,0.25
Basile_55,est là1900,iter,1,0.25
Basile_55,lequel2963,iter,1,0.25
Basile_55,livre1901,iter,1,0.25
Basile_55,livre1902,iter,1,0.25
Basile_55,livre1903,iter,1,0.25
Basile_55,livre1904,iter,1,0.25
Basile_55,livre1905,iter,1,0.25
Basile_55,livre2965,iter,1,0.25
Basile_55,maman2434,iter,1,0.25
Basile_55,maman2435,iter,1,0.25
Basile_55,musique2437,iter,1,0.25
Basile_55,musique2438,iter,1,0.25
Basile_55,papa2442,iter,1,0.25
Basile_55,papa2443,iter,1,0.25
Basile_55,papa2445,iter,1,0.25
Basile_56,canard/coin-coin1898,iter,1,0.25
Basile_56,canard/coin-coin2424,iter,1,0.25
Basile_56,coucou2426,iter,1,0.25
Basile_56,divan2427,iter,1,0.25
Basile_56,encore2960,iter,1,0.25
Basile_56,lequel2963,iter,1,0.25
Basile_56,livre1901,iter,1,0.25
Basile_56,livre2428,iter,1,0.25
Basile_56,livre2964,iter,1,0.25
Basile_56,maman2430,iter,1,0.25
Basile_56,maman2432,iter,1,0.25
Basile_56,maman2434,iter,1,0.25
Basile_56,maman2966,iter,1,0.25
Basile_56,musique2437,iter,1,0.25
Basile_56,nonnon2705,iter,1,0.25
Basile_56,papa2442,iter,1,0.25
Basile_56,papa2443,iter,1,0.25
Basile_56,pin pon1908,iter,1,0.25
Basile_56,pin pon1909,iter,1,0.25
Basile_56,pin pon1910,iter,1,0.25
Basile_57,canard/coin-coin2956,iter,1,0.25
Basile_57,canard/coin-coin2957,iter,1,0.25
Basile_57,coucou2425,iter,1,0.25
Basile_57,divan2427,iter,1,0.25
Basile_57,encore1899,iter,1,0.25
Basile_57,encore2960,iter,1,0.25
Basile_57,est là1900,iter,1,0.25
Basile_57,livre1903,iter,1,0.25
Basile_57,maman2966,iter,1,0.25
Basile_57,maman2967,iter,1,0.25
Basile_57,musique2436,iter,1,0.25
Basile_57,musique2437,iter,1,0.25
Basile_57,musique2439,iter,1,0.25
Basile_57,nonnon2705,iter,1,0.25
Basile_57,papa2445,iter,1,0.25
Basile_57,pin pon2969,iter,1,0.25
Basile_57,teuton2447,iter,1,0.25
Basile_57,voiture2970,iter,1,0.25
Basile_58,bravo2421,iter,1,0.25
Basile_58,canard/coin-coin2956,iter,1,0.25
Basile_58,canard/coin-coin2957,iter,1,0.25
Basile_58,divan2427,iter,1,0.25
Basile_58,livre1905,iter,1,0.25
Basile_58,maman2429,iter,1,0.25
Basile_58,maman2431,iter,1,0.25
Basile_58,maman2432,iter,1,0.25
Basile_58,maman2434,iter,1,0.25
Basile_58,mouton2968,iter,1,0.25
Basile_58,musique2438,iter,1,0.25
Basile_58,papa2443,iter,1,0.25
Basile_58,papa2445,iter,1,0.25
Basile_58,pin pon1908,iter,1,0.25
Basile_58,pin pon1909,iter,1,0.25
Basile_58,pin pon1912,iter,1,0.25
Basile_58,pin pon2969,iter,1,0.25
Basile_58,teuton2447,iter,1,0.25
Basile_58,voiture2970,iter,1,0.25
Basile_59,canard/coin-coin2424,iter,1,0.25
Basile_59,coucou2425,iter,1,0.25
Basile_59,est là1900,iter,1,0.25
Basile_59,livre1902,iter,1,0.25
Basile_59,livre1903,iter,1,0.25
Basile_59,livre2428,iter,1,0.25
Basile_59,livre2965,iter,1,0.25
Basile_59,maman2429,iter,1,0.25
Basile_59,maman2430,iter,1,0.25
Basile_59,maman2434,iter,1,0.25
Basile_59,maman2967,iter,1,0.25
Basile_59,musique2437,iter,1,0.25
Basile_59,musique2440,iter,1,0.25
Basile_59,nonnon2441,iter,1,0.25
Basile_59,nonnon2705,iter,1,0.25
Basile_59,papa2444,iter,1,0.25
Basile_59,pin pon1909,iter,1,0.25
Basile_59,pin pon1911,iter,1,0.25
Basile_59,pin pon1912,iter,1,0.25
Basile_59,pin pon2446,iter,1,0.25
Basile_6,bisou1897,iter,1,0.25
Basile_6,cassé2958,iter,1,0.25
Basile_6,divan2427,iter,1,0.25
Basile_6,est là2962,iter,1,0.25
Basile_6,lequel2963,iter,1,0.25
Basile_6,livre1903,iter,1,0.25
Basile_6,livre1904,iter,1,0.25
Basile_6,livre1905,iter,1,0.25
Basile_6,livre2428,iter,1,0.25
Basile_6,livre2965,iter,1,0.25
Basile_6,maman2430,iter,1,0.25
Basile_6,maman2966,iter,1,0.25
Basile_6,maman3110,iter,1,0.25
Basile_6,musique2437,iter,1,0.25
Basile_6,nonnon2441,iter,1,0.25
Basile_6,nonnon2705,iter,1,0.25
Basile_6,papa2443,iter,1,0.25
Basile_6,pin pon1909,iter,1,0.25
Basile_6,pin pon1910,iter,1,0.25
Basile_6,pin pon2969,iter,1,0.25
Basile_60,bravo2421,iter,1,0.25
Basile_60,canard/coin-coin1898,iter,1,0.25
Basile_60,coucou2425,iter,1,0.25
Basile_60,coucou2426,iter,1,0.25
Basile_60,encore1899,iter,1,0.25
Basile_60,est là1900,iter,1,0.25
Basile_60,livre1902,iter,1,0.25
Basile_60,livre2428,iter,1,0.25
Basile_60,maman2430,iter,1,0.25
Basile_60,maman2967,iter,1,0.25
Basile_60,mouton2968,iter,1,0.25
Basile_60,musique2437,iter,1,0.25
Basile_60,musique2439,iter,1,0.25
Basile_60,musique2440,iter,1,0.25
Basile_60,nonnon2705,iter,1,0.25
Basile_60,papa2444,iter,1,0.25
Basile_60,papa2445,iter,1,0.25
Basile_60,pin pon1910,iter,1,0.25
Basile_60,voiture2448,iter,1,0.25
Basile_60,voiture2970,iter,1,0.25
Basile_61,bravo2422,iter,1,0.25
Basile_61,canard/coin-coin2424,iter,1,0.25
Basile_61,canard/coin-coin2956,iter,1,0.25
Basile_61,canard/coin-coin2957,iter,1,0.25
Basile_61,divan2427,iter,1,0.25
Basile_61,encore1899,iter,1,0.25
Basile_61,est là2962,iter,1,0.25
Basile_61,livre1901,iter,1,0.25
Basile_61,livre1902,iter,1,0.25
Basile_61,livre2964,iter,1,0.25
Basile_61,livre2965,iter,1,0.25
Basile_61,maman2966,iter,1,0.25
Basile_61,maman2967,iter,1,0.25
Basile_61,musique2436,iter,1,0.25
Basile_61,musique2437,iter,1,0.25
Basile_61,musique2440,iter,1,0.25
Basile_61,papa2445,iter,1,0.25
Basile_61,pin pon1912,iter,1,0.25
Basile_61,pin pon2446,iter,1,0.25
Basile_61,teuton2447,iter,1,0.25
Basile_62,canard/coin-coin2423,iter,1,0.25
Basile_62,canard/coin-coin2424,iter,1,0.25
Basile_62,coucou2425,iter,1,0.25
Basile_62,coucou2426,iter,1,0.25
Basile_62,divan2427,iter,1,0.25
Basile_62,lequel2963,iter,1,0.25
Basile_62,livre1903,iter,1,0.25
Basile_62,livre1904,iter,1,0.25
Basile_62,livre1907,iter,1,0.25
Basile_62,maman2966,iter,1,0.25
Basile_62,maman2967,iter,1,0.25
Basile_62,musique2437,iter,1,0.25
Basile_62,musique2439,iter,1,0.25
Basile_62,pin pon1908,iter,1,0.25
Basile_62,pin pon1910,iter,1,0.25
Basile_62,voiture2970,iter,1,0.25
Basile_63,canard/coin-coin1898,iter,1,0.25
Basile_63,coucou2425,iter,1,0.25
Basile_63,coucou2426,iter,1,0.25
Basile_63,lequel2963,iter,1,0.25
Basile_63,livre1901,iter,1,0.25
Basile_63,livre1903,iter,1,0.25
Basile_63,livre1904,iter,1,0.25
Basile_63,livre2964,iter,1,0.25
Basile_63,musique2437,iter,1,0.25
Basile_63,musique2440,iter,1,0.25
Basile_63,papa2443,iter,1,0.25
Basile_63,papa2444,iter,1,0.25
Basile_63,pin pon1908,iter,1,0.25
Basile_63,pin pon1910,iter,1,0.25
Basile_63,pin pon2969,iter,1,0.25
Basile_63,teuton2447,iter,1,0.25
Basile_63,voiture2448,iter,1,0.25
Basile_64,bisou1897,iter,1,0.25
Basile_64,bravo2421,iter,1,0.25
Basile_64,encore1899,iter,1,0.25
Basile_64,encore2959,iter,1,0.25
Basile_64,est là2962,iter,1,0.25
Basile_64,livre1904,iter,1,0.25
Basile_64,livre1905,iter,1,0.25
Basile_64,livre1906,iter,1,0.25
Basile_64,livre1907,iter,1,0.25
Basile_64,livre2964,iter,1,0.25
Basile_64,livre2965,iter,1,0.25
Basile_64,maman2434,iter,1,0.25
Basile_64,maman2435,iter,1,0.25
Basile_64,maman2967,iter,1,0.25
Basile_64,papa2445,iter,1,0.25
Basile_64,pin pon2446,iter,1,0.25
Basile_64,voiture2448,iter,1,0.25
Basile_65,bravo2421,iter,1,0.25
Basile_65,canard/coin-coin2957,iter,1,0.25
Basile_65,cassé2958,iter,1,0.25
Basile_65,est là2961,iter,1,0.25
Basile_65,lequel2963,iter,1,0.25
Basile_65,livre1903,iter,1,0.25
Basile_65,livre2964,iter,1,0.25
Basile_65,livre2965,iter,1,0.25
Basile_65,maman2431,iter,1,0.25
Basile_65,maman2435,iter,1,0.25
Basile_65,musique2437,iter,1,0.25
Basile_65,musique2438,iter,1,0.25
Basile_65,musique2439,iter,1,0.25
Basile_65,musique2440,iter,1,0.25
Basile_65,nonnon2441,iter,1,0.25
Basile_65,papa2444,iter,1,0.25
Basile_65,pin pon1909,iter,1,0.25
Basile_65,pin pon1911,iter,1,0.25
Basile_65,pin pon2446,iter,1,0.25
Basile_65,pin pon2969,iter,1,0.25
Basile_66,bisou1897,iter,1,0.25
Basile_66,canard/coin-coin1898,iter,1,0.25
Basile_66,encore2959,iter,1,0.25
Basile_66,encore2960,iter,1,0.25
Basile_66,est là2961,iter,1,0.25
Basile_66,est là2962,iter,1,0.25
Basile_66,livre1904,iter,1,0.25
Basile_66,livre1907,iter,1,0.25
Basile_66,livre2964,iter,1,0.25
Basile_66,livre2965,iter,1,0.25
Basile_66,maman2429,iter,1,0.25
Basile_66,maman2430,iter,1,0.25
Basile_66,musique2440,iter,1,0.25
Basile_66,nonnon2705,iter,1,0.25
Basile_66,papa2442,iter,1,0.25
Basile_66,papa2443,iter,1,0.25
Basile_66,papa2444,iter,1,0.25
Basile_66,papa2445,iter,1,0.25
Basile_66,teuton2447,iter,1,0.25
Basile_67,bravo2422,iter,1,0.25
Basile_67,canard/coin-coin1898,iter,1,0.25
Basile_67,canard/coin-coin2423,iter,1,0.25
Basile_67,encore2960,iter,1,0.25
Basile_67,lequel2963,iter,1,0.25
Basile_67,maman2967,iter,1,0.25
Basile_67,musique2436,iter,1,0.25
Basile_67,musique2437,iter,1,0.25
Basile_67,musique2440,iter,1,0.25
Basile_67,nonnon2705,iter,1,0.25
Basile_67,papa2442,iter,1,0.25
Basile_67,papa2443,iter,1,0.25
Basile_67,papa2444,iter,1,0.25
Basile_67,pin pon1909,iter,1,0.25
Basile_67,pin pon1911,iter,1,0.25
Basile_67,pin pon2969,iter,1,0.25
Basile_68,bravo2421,iter,1,0.25
Basile_68,canard/coin-coin2423,iter,1,0.25
Basile_68,canard/coin-coin2957,iter,1,0.25
Basile_68,coucou2426,iter,1,0.25
Basile_68,encore2959,iter,1,0.25
Basile_68,est là2962,iter,1,0.25
Basile_68,lequel2963,iter,1,0.25
Basile_68,livre1902,iter,1,0.25
Basile_68,livre1904,iter,1,0.25
Basile_68,livre1907,iter,1,0.25
Basile_68,livre2965,iter,1,0.25
Basile_68,maman2432,iter,1,0.25
Basile_68,maman2966,iter,1,0.25
Basile_68,maman2967,iter,1,0.25
Basile_68,musique2436,iter,1,0.25
Basile_68,musique2437,iter,1,0.25
Basile_68,nonnon2705,iter,1,0.25
Basile_68,papa2444,iter,1,0.25
Basile_68,papa2445,iter,1,0.25
Basile_68,voiture2970,iter,1,0.25
Basile_69,canard/coin-coin2424,iter,1,0.25
Basile_69,coucou2426,iter,1,0.25
Basile_69,encore2959,iter,1,0.25
Basile_69,est là1900,iter,1,0.25
Basile_69,est là2961,iter,1,0.25
Basile_69,livre1904,iter,1,0.25
Basile_69,livre1905,iter,1,0.25
Basile_69,livre2965,iter,1,0.25
Basile_69,maman2966,iter,1,0.25
Basile_69,maman2967,iter,1,0.25
Basile_69,mouton2968,iter,1,0.25
Basile_69,musique2436,iter,1,0.25
Basile_69,musique2440,iter,1,0.25
Basile_69,papa2443,iter,1,0.25
Basile_69,pin pon1910,iter,1,0.25
Basile_69,pin pon1911,iter,1,0.25
Basile_69,teuton2447,iter,1,0.25
Basile_7,bravo2421,iter,1,0.25
Basile_7,encore1899,iter,1,0.25
Basile_7,est là2961,iter,1,0.25
Basile_7,est là2962,iter,1,0.25
Basile_7,livre1902,iter,1,0.25
Basile_7,livre1904,iter,1,0.25
Basile_7,livre1905,iter,1,0.25
Basile_7,livre2965,iter,1,0.25
Basile_7,maman2435,iter,1,0.25
Basile_7,maman3110,iter,1,0.25
Basile_7,musique2436,iter,1,0.25
Basile_7,musique2437,iter,1,0.25
Basile_7,musique2438,iter,1,0.25
Basile_7,musique2439,iter,1,0.25
Basile_7,papa2443,iter,1,0.25
Basile_7,papa2445,iter,1,0.25
Basile_7,pin pon1908,iter,1,0.25
Basile_7,pin pon1911,iter,1,0.25
Basile_7,pin pon2969,iter,1,0.25
Basile_7,voiture2448,iter,1,0.25
Basile_70,canard/coin-coin2957,iter,1,0.25
Basile_70,encore1899,iter,1,0.25
Basile_70,est là1900,iter,1,0.25
Basile_70,lequel2963,iter,1,0.25
Basile_70,maman2429,iter,1,0.25
Basile_70,maman2431,iter,1,0.25
Basile_70,maman2432,iter,1,0.25
Basile_70,maman2433,iter,1,0.25
Basile_70,mouton2968,iter,1,0.25
Basile_70,nonnon2441,iter,1,0.25
Basile_70,pin pon1909,iter,1,0.25
Basile_70,pin pon1910,iter,1,0.25
Basile_70,pin pon2969,iter,1,0.25
Basile_71,canard/coin-coin2956,iter,1,0.25
Basile_71,canard/coin-coin2957,iter,1,0.25
Basile_71,divan2427,iter,1,0.25
Basile_71,encore2959,iter,1,0.25
Basile_71,est là2962,iter,1,0.25
Basile_71,lequel2963,iter,1,0.25
Basile_71,livre1901,iter,1,0.25
Basile_71,livre1903,iter,1,0.25
Basile_71,livre1904,iter,1,0.25
Basile_71,livre1905,iter,1,0.25
Basile_71,maman2430,iter,1,0.25
Basile_71,maman2431,iter,1,0.25
Basile_71,maman2432,iter,1,0.25
Basile_71,mouton2968,iter,1,0.25
Basile_71,pin pon1910,iter,1,0.25
Basile_71,pin pon1911,iter,1,0.25
Basile_71,pin pon2969,iter,1,0.25
Basile_71,voiture2970,iter,1,0.25
Basile_72,bravo2421,iter,1,0.25
Basile_72,canard/coin-coin2423,iter,1,0.25
Basile_72,canard/coin-coin2424,iter,1,0.25
Basile_72,coucou2425,iter,1,0.25
Basile_72,coucou2426,iter,1,0.25
Basile_72,encore1899,iter,1,0.25
Basile_72,livre1903,iter,1,0.25
Basile_72,livre1905,iter,1,0.25
Basile_72,livre1907,iter,1,0.25
Basile_72,mouton2968,iter,1,0.25
Basile_72,musique2439,iter,1,0.25
Basile_72,pin pon1908,iter,1,0.25
Basile_72,pin pon1911,iter,1,0.25
Basile_72,pin pon1912,iter,1,0.25
Basile_72,teuton2447,iter,1,0.25
Basile_73,bisou1897,iter,1,0.25
Basile_73,divan2427,iter,1,0.25
Basile_73,encore1899,iter,1,0.25
Basile_73,lequel2963,iter,1,0.25
Basile_73,livre1901,iter,1,0.25
Basile_73,livre1903,iter,1,0.25
Basile_73,livre1904,iter,1,0.25
Basile_73,maman2429,iter,1,0.25
Basile_73,maman2432,iter,1,0.25
Basile_73,maman2435,iter,1,0.25
Basile_73,musique2436,iter,1,0.25
Basile_73,musique2438,iter,1,0.25
Basile_73,musique2439,iter,1,0.25
Basile_73,pin pon1909,iter,1,0.25
Basile_73,pin pon1911,iter,1,0.25
Basile_73,pin pon1912,iter,1,0.25
Basile_73,pin pon2446,iter,1,0.25
Basile_73,pin pon2969,iter,1,0.25
Basile_73,teuton2447,iter,1,0.25
Basile_74,canard/coin-coin2424,iter,1,0.25
Basile_74,canard/coin-coin2956,iter,1,0.25
Basile_74,canard/coin-coin2957,iter,1,0.25
Basile_74,coucou2425,iter,1,0.25
Basile_74,encore2959,iter,1,0.25
Basile_74,encore2960,iter,1,0.25
Basile_74,livre1902,iter,1,0.25
Basile_74,livre1904,iter,1,0.25
Basile_74,livre2428,iter,1,0.25
Basile_74,livre2965,iter,1,0.25
Basile_74,maman2434,iter,1,0.25
Basile_74,maman2966,iter,1,0.25
Basile_74,maman2967,iter,1,0.25
Basile_74,musique2436,iter,1,0.25
Basile_74,musique2438,iter,1,0.25
Basile_74,nonnon2705,iter,1,0.25
Basile_74,papa2442,iter,1,0.25
Basile_74,papa2443,iter,1,0.25
Basile_74,pin pon2969,iter,1,0.25
Basile_74,voiture2970,iter,1,0.25
Basile_75,bravo2421,iter,1,0.25
Basile_75,canard/coin-coin2423,iter,1,0.25
Basile_75,canard/coin-coin2956,iter,1,0.25
Basile_75,canard/coin-coin2957,iter,1,0.25
Basile_75,divan2427,iter,1,0.25
Basile_75,encore2960,iter,1,0.25
Basile_75,livre1906,iter,1,0.25
Basile_75,livre2965,iter,1,0.25
Basile_75,maman2429,iter,1,0.25
Basile_75,maman2431,iter,1,0.25
Basile_75,maman2432,iter,1,0.25
Basile_75,mouton2968,iter,1,0.25
Basile_75,papa2444,iter,1,0.25
Basile_75,pin pon1911,iter,1,0.25
Basile_75,pin pon2446,iter,1,0.25
Basile_75,voiture2448,iter,1,0.25
Basile_75,voiture2970,iter,1,0.25
Basile_76,bravo2421,iter,1,0.25
Basile_76,canard/coin-coin2423,iter,1,0.25
Basile_76,canard/coin-coin2424,iter,1,0.25
Basile_76,canard/coin-coin2957,iter,1,0.25
Basile_76,coucou2425,iter,1,0.25
Basile_76,encore1899,iter,1,0.25
Basile_76,est là2962,iter,1,0.25
Basile_76,livre1902,iter,1,0.25
Basile_76,livre1903,iter,1,0.25
Basile_76,livre2428,iter,1,0.25
Basile_76,maman2967,iter,1,0.25
Basile_76,mouton2968,iter,1,0.25
Basile_76,musique2437,iter,1,0.25
Basile_76,musique2438,iter,1,0.25
Basile_76,musique2440,iter,1,0.25
Basile_76,teuton2447,iter,1,0.25
Basile_76,voiture2970,iter,1,0.25
Basile_77,bisou1897,iter,1,0.25
Basile_77,canard/coin-coin1898,iter,1,0.25
Basile_77,canard/coin-coin2424,iter,1,0.25
Basile_77,cassé2958,iter,1,0.25
Basile_77,encore1899,iter,1,0.25
Basile_77,encore2960,iter,1,0.25
Basile_77,livre1907,iter,1,0.25
Basile_77,livre2965,iter,1,0.25
Basile_77,maman2429,iter,1,0.25
Basile_77,maman2433,iter,1,0.25
Basile_77,maman2966,iter,1,0.25
Basile_77,maman2967,iter,1,0.25
Basile_77,musique2440,iter,1,0.25
Basile_77,nonnon2441,iter,1,0.25
Basile_77,papa2442,iter,1,0.25
Basile_77,papa2445,iter,1,0.25
Basile_77,pin pon1909,iter,1,0.25
Basile_77,teuton2447,iter,1,0.25
Basile_77,voiture2448,iter,1,0.25
Basile_77,voiture2970,iter,1,0.25
Basile_78,bravo2421,iter,1,0.25
Basile_78,canard/coin-coin1898,iter,1,0.25
Basile_78,canard/coin-coin2957,iter,1,0.25
Basile_78,encore1899,iter,1,0.25
Basile_78,encore2960,iter,1,0.25
Basile_78,est là1900,iter,1,0.25
Basile_78,livre2428,iter,1,0.25
Basile_78,livre2964,iter,1,0.25
Basile_78,livre2965,iter,1,0.25
Basile_78,maman2431,iter,1,0.25
Basile_78,maman2434,iter,1,0.25
Basile_78,nonnon2441,iter,1,0.25
Basile_78,nonnon2705,iter,1,0.25
Basile_78,papa2445,iter,1,0.25
Basile_78,pin pon1910,iter,1,0.25
Basile_78,pin pon1912,iter,1,0.25
Basile_78,pin pon2446,iter,1,0.25
Basile_78,voiture2970,iter,1,0.25
Basile_79,bisou1897,iter,1,0.25
Basile_79,canard/coin-coin2957,iter,1,0.25
Basile_79,encore1899,iter,1,0.25
Basile_79,encore2960,iter,1,0.25
Basile_79,est là2962,iter,1,0.25
Basile_79,lequel2963,iter,1,0.25
Basile_79,musique2438,iter,1,0.25
Basile_79,nonnon2705,iter,1,0.25
Basile_79,papa2443,iter,1,0.25
Basile_79,pin pon1909,iter,1,0.25
Basile_79,pin pon1911,iter,1,0.25
Basile_79,pin pon2969,iter,1,0.25
Basile_79,teuton2447,iter,1,0.25
Basile_79,voiture2448,iter,1,0.25
Basile_79,voiture2970,iter,1,0.25
Basile_8,bisou1897,iter,1,0.25
Basile_8,bravo2422,iter,1,0.25
Basile_8,cassé2958,iter,1,0.25
Basile_8,coucou2426,iter,1,0.25
Basile_8,divan2427,iter,1,0.25
Basile_8,encore2959,iter,1,0.25
Basile_8,livre1902,iter,1,0.25
Basile_8,livre1903,iter,1,0.25
Basile_8,livre1906,iter,1,0.25
Basile_8,maman2429,iter,1,0.25
Basile_8,maman2435,iter,1,0.25
Basile_8,maman2966,iter,1,0.25
Basile_8,maman2967,iter,1,0.25
Basile_8,mouton2968,iter,1,0.25
Basile_8,musique2439,iter,1,0.25
Basile_8,musique2440,iter,1,0.25
Basile_8,papa2444,iter,1,0.25
Basile_8,pin pon1909,iter,1,0.25
Basile_8,pin pon1911,iter,1,0.25
Basile_8,teuton2447,iter,1,0.25
Basile_80,est là1900,iter,1,0.25
Basile_80,est là2962,iter,1,0.25
Basile_80,livre1902,iter,1,0.25
Basile_80,livre1904,iter,1,0.25
Basile_80,livre1907,iter,1,0.25
Basile_80,livre2428,iter,1,0.25
Basile_80,maman2429,iter,1,0.25
Basile_80,maman2430,iter,1,0.25
Basile_80,maman2432,iter,1,0.25
Basile_80,mouton2968,iter,1,0.25
Basile_80,papa2442,iter,1,0.25
Basile_80,papa2443,iter,1,0.25
Basile_80,pin pon2446,iter,1,0.25
Basile_80,pin pon2969,iter,1,0.25
Basile_80,voiture2448,iter,1,0.25
Basile_81,bisou1897,iter,1,0.25
Basile_81,canard/coin-coin2423,iter,1,0.25
Basile_81,canard/coin-coin2424,iter,1,0.25
Basile_81,canard/coin-coin2956,iter,1,0.25
Basile_81,coucou2426,iter,1,0.25
Basile_81,est là2961,iter,1,0.25
Basile_81,est là2962,iter,1,0.25
Basile_81,livre1902,iter,1,0.25
Basile_81,livre1905,iter,1,0.25
Basile_81,livre2964,iter,1,0.25
Basile_81,mouton2968,iter,1,0.25
Basile_81,musique2436,iter,1,0.25
Basile_81,musique2437,iter,1,0.25
Basile_81,nonnon2705,iter,1,0.25
Basile_81,papa2445,iter,1,0.25
Basile_81,pin pon2969,iter,1,0.25
Basile_81,voiture2970,iter,1,0.25
Basile_82,bisou1897,iter,1,0.25
Basile_82,canard/coin-coin1898,iter,1,0.25
Basile_82,divan2427,iter,1,0.25
Basile_82,encore2959,iter,1,0.25
Basile_82,encore2960,iter,1,0.25
Basile_82,est là2961,iter,1,0.25
Basile_82,est là2962,iter,1,0.25
Basile_82,livre1902,iter,1,0.25
Basile_82,livre1904,iter,1,0.25
Basile_82,livre2964,iter,1,0.25
Basile_82,maman2429,iter,1,0.25
Basile_82,maman2433,iter,1,0.25
Basile_82,maman2966,iter,1,0.25
Basile_82,musique2437,iter,1,0.25
Basile_82,musique2438,iter,1,0.25
Basile_82,papa2442,iter,1,0.25
Basile_82,pin pon1909,iter,1,0.25
Basile_82,pin pon1911,iter,1,0.25
Basile_82,pin pon2969,iter,1,0.25
Basile_82,voiture2970,iter,1,0.25
Basile_83,canard/coin-coin1898,iter,1,0.25
Basile_83,canard/coin-coin2424,iter,1,0.25
Basile_83,coucou2426,iter,1,0.25
Basile_83,encore1899,iter,1,0.25
Basile_83,livre1901,iter,1,0.25
Basile_83,livre1902,iter,1,0.25
Basile_83,maman2430,iter,1,0.25
Basile_83,maman2432,iter,1,0.25
Basile_83,maman2966,iter,1,0.25
Basile_83,maman2967,iter,1,0.25
Basile_83,musique2440,iter,1,0.25
Basile_83,nonnon2705,iter,1,0.25
Basile_83,pin pon1909,iter,1,0.25
Basile_83,pin pon1910,iter,1,0.25
Basile_83,pin pon1912,iter,1,0.25
Basile_83,pin pon2446,iter,1,0.25
Basile_83,teuton2447,iter,1,0.25
Basile_83,voiture2448,iter,1,0.25
Basile_83,voiture2970,iter,1,0.25
Basile_84,coucou2425,iter,1,0.25
Basile_84,encore2959,iter,1,0.25
Basile_84,encore2960,iter,1,0.25
Basile_84,livre1905,iter,1,0.25
Basile_84,maman2432,iter,1,0.25
Basile_84,maman2435,iter,1,0.25
Basile_84,maman2967,iter,1,0.25
Basile_84,maman3109,iter,1,0.25
Basile_84,mouton2968,iter,1,0.25
Basile_84,musique2439,iter,1,0.25
Basile_84,musique2440,iter,1,0.25
Basile_84,papa2445,iter,1,0.25
Basile_84,pin pon1909,iter,1,0.25
Basile_84,pin pon1910,iter,1,0.25
Basile_84,pin pon1912,iter,1,0.25
Basile_84,pin pon2446,iter,1,0.25
Basile_84,pin pon2969,iter,1,0.25
Basile_84,teuton2447,iter,1,0.25
Basile_84,voiture2970,iter,1,0.25
Basile_85,bravo2421,iter,1,0.25
Basile_85,bravo2422,iter,1,0.25
Basile_85,canard/coin-coin2957,iter,1,0.25
Basile_85,divan2427,iter,1,0.25
Basile_85,encore2960,iter,1,0.25
Basile_85,est là2962,iter,1,0.25
Basile_85,livre1904,iter,1,0.25
Basile_85,livre2428,iter,1,0.25
Basile_85,livre2964,iter,1,0.25
Basile_85,maman2429,iter,1,0.25
Basile_85,maman3110,iter,1,0.25
Basile_85,musique2436,iter,1,0.25
Basile_85,musique2439,iter,1,0.25
Basile_85,musique2440,iter,1,0.25
Basile_85,nonnon2441,iter,1,0.25
Basile_85,papa2445,iter,1,0.25
Basile_85,pin pon1908,iter,1,0.25
Basile_85,pin pon1909,iter,1,0.25
Basile_85,pin pon2969,iter,1,0.25
Basile_85,voiture2970,iter,1,0.25
Basile_86,bisou1897,iter,1,0.25
Basile_86,bravo2421,iter,1,0.25
Basile_86,canard/coin-coin2423,iter,1,0.25
Basile_86,canard/coin-coin2424,iter,1,0.25
Basile_86,canard/coin-coin2956,iter,1,0.25
Basile_86,coucou2425,iter,1,0.25
Basile_86,encore2959,iter,1,0.25
Basile_86,est là2962,iter,1,0.25
Basile_86,livre1901,iter,1,0.25
Basile_86,livre1903,iter,1,0.25
Basile_86,maman2432,iter,1,0.25
Basile_86,maman2967,iter,1,0.25
Basile_86,maman3110,iter,1,0.25
Basile_86,mouton2968,iter,1,0.25
Basile_86,musique2439,iter,1,0.25
Basile_86,papa2444,iter,1,0.25
Basile_86,pin pon1909,iter,1,0.25
Basile_86,pin pon1910,iter,1,0.25
Basile_86,pin pon1911,iter,1,0.25
Basile_86,voiture2970,iter,1,0.25
Basile_87,bisou1897,iter,1,0.25
Basile_87,canard/coin-coin2423,iter,1,0.25
Basile_87,canard/coin-coin2424,iter,1,0.25
Basile_87,canard/coin-coin2956,iter,1,0.25
Basile_87,divan2427,iter,1,0.25
Basile_87,encore1899,iter,1,0.25
Basile_87,encore2959,iter,1,0.25
Basile_87,livre1901,iter,1,0.25
Basile_87,livre1904,iter,1,0.25
Basile_87,livre1905,iter,1,0.25
Basile_87,livre1907,iter,1,0.25
Basile_87,livre2964,iter,1,0.25
Basile_87,mouton2968,iter,1,0.25
Basile_87,musique2436,iter,1,0.25
Basile_87,musique2438,iter,1,0.25
Basile_87,musique2439,iter,1,0.25
Basile_87,pin pon1908,iter,1,0.25
Basile_87,pin pon1912,iter,1,0.25
Basile_87,pin pon2969,iter,1,0.25
Basile_87,voiture2970,iter,1,0.25
Basile_88,bravo2422,iter,1,0.25
Basile_88,canard/coin-coin2957,iter,1,0.25
Basile_88,lequel2963,iter,1,0.25
Basile_88,livre1901,iter,1,0.25
Basile_88,livre1903,iter,1,0.25
Basile_88,livre2965,iter,1,0.25
Basile_88,maman2429,iter,1,0.25
Basile_88,maman2431,iter,1,0.25
Basile_88,maman2433,iter,1,0.25
Basile_88,maman2434,iter,1,0.25
Basile_88,maman2967,iter,1,0.25
Basile_88,maman3110,iter,1,0.25
Basile_88,mouton2968,iter,1,0.25
Basile_88,papa2442,iter,1,0.25
Basile_88,papa2443,iter,1,0.25
Basile_88,pin pon1909,iter,1,0.25
Basile_88,pin pon1911,iter,1,0.25
Basile_88,voiture2970,iter,1,0.25
Basile_89,bisou1897,iter,1,0.25
Basile_89,canard/coin-coin2424,iter,1,0.25
Basile_89,canard/coin-coin2956,iter,1,0.25
Basile_89,canard/coin-coin2957,iter,1,0.25
Basile_89,coucou2425,iter,1,0.25
Basile_89,encore1899,iter,1,0.25
Basile_89,est là2961,iter,1,0.25
Basile_89,lequel2963,iter,1,0.25
Basile_89,livre1905,iter,1,0.25
Basile_89,livre2428,iter,1,0.25
Basile_89,livre2964,iter,1,0.25
Basile_89,maman2429,iter,1,0.25
Basile_89,maman2430,iter,1,0.25
Basile_89,maman2434,iter,1,0.25
Basile_89,maman2966,iter,1,0.25
Basile_89,maman2967,iter,1,0.25
Basile_89,musique2436,iter,1,0.25
Basile_89,pin pon1908,iter,1,0.25
Basile_89,teuton2447,iter,1,0.25
Basile_9,bravo2422,iter,1,0.25
Basile_9,canard/coin-coin2424,iter,1,0.25
Basile_9,canard/coin-coin2957,iter,1,0.25
Basile_9,encore1899,iter,1,0.25
Basile_9,livre1903,iter,1,0.25
Basile_9,livre1904,iter,1,0.25
Basile_9,livre1905,iter,1,0.25
Basile_9,livre1906,iter,1,0.25
Basile_9,maman2430,iter,1,0.25
Basile_9,maman2433,iter,1,0.25
Basile_9,maman2967,iter,1,0.25
Basile_9,musique2436,iter,1,0.25
Basile_9,musique2438,iter,1,0.25
Basile_9,papa2443,iter,1,0.25
Basile_9,pin pon1911,iter,1,0.25
Basile_9,pin pon1912,iter,1,0.25
Basile_9,pin pon2969,iter,1,0.25
Basile_9,teuton2447,iter,1,0.25
Basile_9,voiture2448,iter,1,0.25
Basile_9,voiture2970,iter,1,0.25
Basile_90,bisou1897,iter,1,0.25
Basile_90,canard/coin-coin1898,iter,1,0.25
Basile_90,canard/coin-coin2956,iter,1,0.25
Basile_90,coucou2425,iter,1,0.25
Basile_90,coucou2426,iter,1,0.25
Basile_90,lequel2963,iter,1,0.25
Basile_90,livre1902,iter,1,0.25
Basile_90,livre1905,iter,1,0.25
Basile_90,livre1906,iter,1,0.25
Basile_90,livre1907,iter,1,0.25
Basile_90,livre2965,iter,1,0.25
Basile_90,musique2437,iter,1,0.25
Basile_90,musique2438,iter,1,0.25
Basile_90,musique2439,iter,1,0.25
Basile_90,musique2440,iter,1,0.25
Basile_90,pin pon1909,iter,1,0.25
Basile_90,teuton2447,iter,1,0.25
Basile_90,voiture2448,iter,1,0.25
Basile_90,voiture2970,iter,1,0.25
Basile_91,canard/coin-coin2956,iter,1,0.25
Basile_91,coucou2425,iter,1,0.25
Basile_91,coucou2426,iter,1,0.25
Basile_91,encore2959,iter,1,0.25
Basile_91,est là2961,iter,1,0.25
Basile_91,lequel2963,iter,1,0.25
Basile_91,livre1901,iter,1,0.25
Basile_91,livre1902,iter,1,0.25
Basile_91,livre1906,iter,1,0.25
Basile_91,livre2964,iter,1,0.25
Basile_91,maman2429,iter,1,0.25
Basile_91,maman2430,iter,1,0.25
Basile_91,maman2432,iter,1,0.25
Basile_91,maman2434,iter,1,0.25
Basile_91,maman2435,iter,1,0.25
Basile_91,maman2966,iter,1,0.25
Basile_91,musique2439,iter,1,0.25
Basile_91,musique2440,iter,1,0.25
Basile_91,papa2444,iter,1,0.25
Basile_91,papa2445,iter,1,0.25
Basile_92,canard/coin-coin1898,iter,1,0.25
Basile_92,cassé2958,iter,1,0.25
Basile_92,encore1899,iter,1,0.25
Basile_92,est là2962,iter,1,0.25
Basile_92,lequel2963,iter,1,0.25
Basile_92,livre1902,iter,1,0.25
Basile_92,livre1904,iter,1,0.25
Basile_92,livre1905,iter,1,0.25
Basile_92,livre1906,iter,1,0.25
Basile_92,maman2429,iter,1,0.25
Basile_92,maman2431,iter,1,0.25
Basile_92,maman2433,iter,1,0.25
Basile_92,mouton2968,iter,1,0.25
Basile_92,musique2437,iter,1,0.25
Basile_92,musique2438,iter,1,0.25
Basile_92,musique2439,iter,1,0.25
Basile_92,musique2440,iter,1,0.25
Basile_92,nonnon2705,iter,1,0.25
Basile_92,pin pon1909,iter,1,0.25
Basile_92,voiture2448,iter,1,0.25
Basile_93,bravo2421,iter,1,0.25
Basile_93,coucou2425,iter,1,0.25
Basile_93,coucou2426,iter,1,0.25
Basile_93,encore1899,iter,1,0.25
Basile_93,encore2959,iter,1,0.25
Basile_93,est là1900,iter,1,0.25
Basile_93,est là2961,iter,1,0.25
Basile_93,lequel2963,iter,1,0.25
Basile_93,livre1905,iter,1,0.25
Basile_93,maman2966,iter,1,0.25
Basile_93,mouton2968,iter,1,0.25
Basile_93,musique2437,iter,1,0.25
Basile_93,musique2440,iter,1,0.25
Basile_93,papa2443,iter,1,0.25
Basile_93,pin pon1911,iter,1,0.25
Basile_93,pin pon2969,iter,1,0.25
Basile_94,canard/coin-coin2956,iter,1,0.25
Basile_94,canard/coin-coin2957,iter,1,0.25
Basile_94,divan2427,iter,1,0.25
Basile_94,encore1899,iter,1,0.25
Basile_94,encore2959,iter,1,0.25
Basile_94,encore2960,iter,1,0.25
Basile_94,lequel2963,iter,1,0.25
Basile_94,livre1904,iter,1,0.25
Basile_94,maman2429,iter,1,0.25
Basile_94,maman2435,iter,1,0.25
Basile_94,maman3109,iter,1,0.25
Basile_94,mouton2968,iter,1,0.25
Basile_94,musique2438,iter,1,0.25
Basile_94,nonnon2705,iter,1,0.25
Basile_94,papa2442,iter,1,0.25
Basile_94,papa2444,iter,1,0.25
Basile_94,papa2445,iter,1,0.25
Basile_94,pin pon1910,iter,1,0.25
Basile_94,teuton2447,iter,1,0.25
Basile_94,voiture2970,iter,1,0.25
Basile_95,bravo2421,iter,1,0.25
Basile_95,bravo2422,iter,1,0.25
Basile_95,canard/coin-coin2957,iter,1,0.25
Basile_95,encore1899,iter,1,0.25
Basile_95,est là1900,iter,1,0.25
Basile_95,est là2961,iter,1,0.25
Basile_95,est là2962,iter,1,0.25
Basile_95,lequel2963,iter,1,0.25
Basile_95,livre1901,iter,1,0.25
Basile_95,livre2964,iter,1,0.25
Basile_95,livre2965,iter,1,0.25
Basile_95,maman2432,iter,1,0.25
Basile_95,papa2444,iter,1,0.25
Basile_95,pin pon1912,iter,1,0.25
Basile_95,pin pon2446,iter,1,0.25
Basile_95,voiture2970,iter,1,0.25
Basile_96,canard/coin-coin2957,iter,1,0.25
Basile_96,livre1902,iter,1,0.25
Basile_96,livre1906,iter,1,0.25
Basile_96,livre2965,iter,1,0.25
Basile_96,maman2432,iter,1,0.25
Basile_96,maman2966,iter,1,0.25
Basile_96,maman3109,iter,1,0.25
Basile_96,nonnon2705,iter,1,0.25
Basile_96,pin pon1910,iter,1,0.25
Basile_96,pin pon1911,iter,1,0.25
Basile_97,bisou1897,iter,1,0.25
Basile_97,bravo2421,iter,1,0.25
Basile_97,canard/coin-coin2956,iter,1,0.25
Basile_97,canard/coin-coin2957,iter,1,0.25
Basile_97,cassé2958,iter,1,0.25
Basile_97,coucou2425,iter,1,0.25
Basile_97,encore2959,iter,1,0.25
Basile_97,encore2960,iter,1,0.25
Basile_97,est là1900,iter,1,0.25
Basile_97,livre1904,iter,1,0.25
Basile_97,livre2964,iter,1,0.25
Basile_97,maman2435,iter,1,0.25
Basile_97,maman2966,iter,1,0.25
Basile_97,mouton2968,iter,1,0.25
Basile_97,musique2436,iter,1,0.25
Basile_97,musique2437,iter,1,0.25
Basile_97,musique2440,iter,1,0.25
Basile_97,nonnon2441,iter,1,0.25
Basile_97,papa2444,iter,1,0.25
Basile_97,voiture2970,iter,1,0.25
Basile_98,bravo2422,iter,1,0.25
Basile_98,est là2961,iter,1,0.25
Basile_98,est là2962,iter,1,0.25
Basile_98,livre1901,iter,1,0.25
Basile_98,livre1903,iter,1,0.25
Basile_98,livre1906,iter,1,0.25
Basile_98,livre1907,iter,1,0.25
Basile_98,maman2429,iter,1,0.25
Basile_98,maman2431,iter,1,0.25
Basile_98,maman2432,iter,1,0.25
Basile_98,maman2433,iter,1,0.25
Basile_98,maman2434,iter,1,0.25
Basile_98,maman2967,iter,1,0.25
Basile_98,maman3110,iter,1,0.25
Basile_98,papa2444,iter,1,0.25
Basile_98,pin pon1910,iter,1,0.25
Basile_98,pin pon2446,iter,1,0.25
Basile_98,voiture2970,iter,1,0.25
Basile_99,bisou1897,iter,1,0.25
Basile_99,bravo2421,iter,1,0.25
Basile_99,bravo2422,iter,1,0.25
Basile_99,canard/coin-coin2423,iter,1,0.25
Basile_99,coucou2425,iter,1,0.25
Basile_99,est là2962,iter,1,0.25
Basile_99,livre1901,iter,1,0.25
Basile_99,livre1905,iter,1,0.25
Basile_99,livre2428,iter,1,0.25
Basile_99,maman3109,iter,1,0.25
Basile_99,musique2437,iter,1,0.25
Basile_99,nonnon2441,iter,1,0.25
Basile_99,papa2444,iter,1,0.25
Basile_99,papa2445,iter,1,0.25
Basile_99,pin pon1908,iter,1,0.25
Basile_99,pin pon1911,iter,1,0.25
Basile_99,pin pon1912,iter,1,0.25
Basile_99,teuton2447,iter,1,0.25
Basile_99,voiture2448,iter,1,0.25
Basile_99,voiture2970,iter,1,0.25
Carys_1,La-La2716,iter,1,0.25
Carys_1,Meira1946,iter,1,0.25
Carys_1,Meira2553,iter,1,0.25
Carys_1,eira2545,iter,1,0.25
Carys_1,eisio2547,iter,1,0.25
Carys_1,eisio3021,iter,1,0.25
Carys_1,hiya2549,iter,1,0.25
Carys_1,hiya2715,iter,1,0.25
Carys_1,hwnna2550,iter,1,0.25
Carys_1,hwnna3022,iter,1,0.25
Carys_1,lorry2551,iter,1,0.25
Carys_1,tata2554,iter,1,0.25
Carys_1,tata2555,iter,1,0.25
Carys_1,tata3023,iter,1,0.25
Carys_1,tedi2556,iter,1,0.25
Carys_10,eisio2547,iter,1,0.25
Carys_10,eisio3021,iter,1,0.25
Carys_10,tata2554,iter,1,0.25
Carys_10,tata2555,iter,1,0.25
Carys_10,tata3023,iter,1,0.25
Carys_10,tedi2556,iter,1,0.25
Carys_100,La-La2716,iter,1,0.25
Carys_100,Meira1946,iter,1,0.25
Carys_100,Meira2553,iter,1,0.25
Carys_100,eira2545,iter,1,0.25
Carys_100,eira2546,iter,1,0.25
Carys_100,eisio2547,iter,1,0.25
Carys_100,eisio3021,iter,1,0.25
Carys_100,hiya2549,iter,1,0.25
Carys_100,hiya2715,iter,1,0.25
Carys_100,lorry2551,iter,1,0.25
Carys_100,tata2554,iter,1,0.25
Carys_100,tata2555,iter,1,0.25
Carys_100,tata3023,iter,1,0.25
Carys_100,tedi2556,iter,1,0.25
Carys_11,La-La2716,iter,1,0.25
Carys_11,Meira1945,iter,1,0.25
Carys_11,Meira1946,iter,1,0.25
Carys_11,Meira2553,iter,1,0.25
Carys_11,eira2546,iter,1,0.25
Carys_11,eisio2547,iter,1,0.25
Carys_11,eisio3021,iter,1,0.25
Carys_11,hiya2549,iter,1,0.25
Carys_11,hiya2715,iter,1,0.25
Carys_11,hwnna2550,iter,1,0.25
Carys_11,lorry2551,iter,1,0.25
Carys_11,tata2554,iter,1,0.25
Carys_11,tata2555,iter,1,0.25
Carys_11,tata3023,iter,1,0.25
Carys_11,tedi2556,iter,1,0.25
Carys_12,La-La2716,iter,1,0.25
Carys_12,Meira1946,iter,1,0.25
Carys_12,Meira2553,iter,1,0.25
Carys_12,eira2545,iter,1,0.25
Carys_12,eira2546,iter,1,0.25
Carys_12,eisio2547,iter,1,0.25
Carys_12,eisio3021,iter,1,0.25
Carys_12,hiya2549,iter,1,0.25
Carys_12,hiya2715,iter,1,0.25
Carys_12,hwnna2550,iter,1,0.25
Carys_12,hwnna3022,iter,1,0.25
Carys_12,lorry2551,iter,1,0.25
Carys_12,tata2554,iter,1,0.25
Carys_12,tata2555,iter,1,0.25
Carys_12,tata3023,iter,1,0.25
Carys_12,tedi2556,iter,1,0.25
Carys_13,eisio2547,iter,1,0.25
Carys_13,eisio3021,iter,1,0.25
Carys_13,tata2554,iter,1,0.25
Carys_13,tata3023,iter,1,0.25
Carys_13,tedi2556,iter,1,0.25
Carys_14,La-La2716,iter,1,0.25
Carys_14,Meira1946,iter,1,0.25
Carys_14,Meira2553,iter,1,0.25
Carys_14,eira2545,iter,1,0.25
Carys_14,eisio2547,iter,1,0.25
Carys_14,eisio3021,iter,1,0.25
Carys_14,hiya2549,iter,1,0.25
Carys_14,hiya2715,iter,1,0.25
Carys_14,hwnna2550,iter,1,0.25
Carys_14,hwnna3022,iter,1,0.25
Carys_14,lorry2551,iter,1,0.25
Carys_14,tata2554,iter,1,0.25
Carys_14,tata2555,iter,1,0.25
Carys_14,tata3023,iter,1,0.25
Carys_14,tedi2556,iter,1,0.25
Carys_14,tractor2717,iter,1,0.25
Carys_15,La-La2716,iter,1,0.25
Carys_15,Meira1946,iter,1,0.25
Carys_15,Meira2553,iter,1,0.25
Carys_15,eira2545,iter,1,0.25
Carys_15,eira2546,iter,1,0.25
Carys_15,eisio2547,iter,1,0.25
Carys_15,eisio3021,iter,1,0.25
Carys_15,hiya2549,iter,1,0.25
Carys_15,hiya2715,iter,1,0.25
Carys_15,hwnna3022,iter,1,0.25
Carys_15,lorry2551,iter,1,0.25
Carys_15,tata2554,iter,1,0.25
Carys_15,tata2555,iter,1,0.25
Carys_15,tata3023,iter,1,0.25
Carys_16,La-La2716,iter,1,0.25
Carys_16,Lucy2552,iter,1,0.25
Carys_16,Meira1946,iter,1,0.25
Carys_16,Meira2553,iter,1,0.25
Carys_16,eira2545,iter,1,0.25
Carys_16,eira2546,iter,1,0.25
Carys_16,eisio2547,iter,1,0.25
Carys_16,eisio3021,iter,1,0.25
Carys_16,hiya2715,iter,1,0.25
Carys_16,hwnna2550,iter,1,0.25
Carys_16,hwnna3022,iter,1,0.25
Carys_16,lorry2551,iter,1,0.25
Carys_16,tata2554,iter,1,0.25
Carys_16,tata2555,iter,1,0.25
Carys_16,tata3023,iter,1,0.25
Carys_17,La-La2716,iter,1,0.25
Carys_17,Meira1946,iter,1,0.25
Carys_17,hiya2715,iter,1,0.25
Carys_17,hwnna3022,iter,1,0.25
Carys_17,tata3023,iter,1,0.25
Carys_17,tractor2717,iter,1,0.25
Carys_18,La-La2716,iter,1,0.25
Carys_18,Lucy2552,iter,1,0.25
Carys_18,Meira1946,iter,1,0.25
Carys_18,eira2545,iter,1,0.25
Carys_18,eira2546,iter,1,0.25
Carys_18,eisio3021,iter,1,0.25
Carys_18,gaggag2548,iter,1,0.25
Carys_18,hiya2549,iter,1,0.25
Carys_18,hiya2715,iter,1,0.25
Carys_18,hwnna2550,iter,1,0.25
Carys_18,hwnna3022,iter,1,0.25
Carys_18,lorry2551,iter,1,0.25
Carys_18,tata2554,iter,1,0.25
Carys_18,tata2555,iter,1,0.25
Carys_18,tata3023,iter,1,0.25
Carys_18,tedi2556,iter,1,0.25
Carys_18,tractor2717,iter,1,0.25
Carys_19,Meira2553,iter,1,0.25
Carys_19,eira2545,iter,1,0.25
Carys_19,eira2546,iter,1,0.25
Carys_19,eisio2547,iter,1,0.25
Carys_19,eisio3021,iter,1,0.25
Carys_19,gaggag2548,iter,1,0.25
Carys_19,hiya2549,iter,1,0.25
Carys_19,hiya2715,iter,1,0.25
Carys_19,hwnna2550,iter,1,0.25
Carys_19,hwnna3022,iter,1,0.25
Carys_19,lorry2551,iter,1,0.25
Carys_19,tata2554,iter,1,0.25
Carys_19,tata2555,iter,1,0.25
Carys_19,tata3023,iter,1,0.25
Carys_19,tedi2556,iter,1,0.25
Carys_19,tractor2717,iter,1,0.25
Carys_2,La-La2716,iter,1,0.25
Carys_2,Meira1946,iter,1,0.25
Carys_2,eira2545,iter,1,0.25
Carys_2,eira2546,iter,1,0.25
Carys_2,eisio2547,iter,1,0.25
Carys_2,eisio3021,iter,1,0.25
Carys_2,gaggag2548,iter,1,0.25
Carys_2,hiya2549,iter,1,0.25
Carys_2,hiya2715,iter,1,0.25
Carys_2,hwnna2550,iter,1,0.25
Carys_2,hwnna3022,iter,1,0.25
Carys_2,lorry2551,iter,1,0.25
Carys_2,tata2554,iter,1,0.25
Carys_2,tata3023,iter,1,0.25
Carys_2,tedi2556,iter,1,0.25
Carys_2,tractor2717,iter,1,0.25
Carys_20,La-La2716,iter,1,0.25
Carys_20,Meira1946,iter,1,0.25
Carys_20,Meira2553,iter,1,0.25
Carys_20,eira2545,iter,1,0.25
Carys_20,eira2546,iter,1,0.25
Carys_20,eisio2547,iter,1,0.25
Carys_20,eisio3021,iter,1,0.25
Carys_20,hiya2549,iter,1,0.25
Carys_20,hiya2715,iter,1,0.25
Carys_20,hwnna3022,iter,1,0.25
Carys_20,lorry2551,iter,1,0.25
Carys_20,tata2554,iter,1,0.25
Carys_20,tata3023,iter,1,0.25
Carys_20,tedi2556,iter,1,0.25
Carys_21,eisio2547,iter,1,0.25
Carys_21,eisio3021,iter,1,0.25
Carys_21,tata2554,iter,1,0.25
Carys_21,tata2555,iter,1,0.25
Carys_21,tata3023,iter,1,0.25
Carys_22,Lucy2552,iter,1,0.25
Carys_22,Meira1946,iter,1,0.25
Carys_22,Meira2553,iter,1,0.25
Carys_22,eira2545,iter,1,0.25
Carys_22,eira2546,iter,1,0.25
Carys_22,eisio2547,iter,1,0.25
Carys_22,eisio3021,iter,1,0.25
Carys_22,hiya2549,iter,1,0.25
Carys_22,hwnna2550,iter,1,0.25
Carys_22,hwnna3022,iter,1,0.25
Carys_22,lorry2551,iter,1,0.25
Carys_22,tata2554,iter,1,0.25
Carys_22,tata2555,iter,1,0.25
Carys_22,tata3023,iter,1,0.25
Carys_22,tedi2556,iter,1,0.25
Carys_22,tedi3427,iter,1,0.25
Carys_23,La-La2716,iter,1,0.25
Carys_23,Meira1946,iter,1,0.25
Carys_23,eisio3021,iter,1,0.25
Carys_23,gaggag2548,iter,1,0.25
Carys_23,hiya2715,iter,1,0.25
Carys_24,tedi3427,iter,1,0.25
Carys_25,La-La2716,iter,1,0.25
Carys_25,Lucy2552,iter,1,0.25
Carys_25,Meira1946,iter,1,0.25
Carys_25,eira2545,iter,1,0.25
Carys_25,eira2546,iter,1,0.25
Carys_25,eisio2547,iter,1,0.25
Carys_25,eisio3021,iter,1,0.25
Carys_25,hiya2549,iter,1,0.25
Carys_25,hwnna2550,iter,1,0.25
Carys_25,hwnna3022,iter,1,0.25
Carys_25,lorry2551,iter,1,0.25
Carys_25,tata2554,iter,1,0.25
Carys_25,tata2555,iter,1,0.25
Carys_25,tata3023,iter,1,0.25
Carys_25,tedi2556,iter,1,0.25
Carys_25,tedi3427,iter,1,0.25
Carys_26,La-La2716,iter,1,0.25
Carys_26,Meira1946,iter,1,0.25
Carys_26,Meira2553,iter,1,0.25
Carys_26,hiya2715,iter,1,0.25
Carys_27,Lucy2552,iter,1,0.25
Carys_27,eisio2547,iter,1,0.25
Carys_27,eisio3021,iter,1,0.25
Carys_27,tata2554,iter,1,0.25
Carys_27,tata2555,iter,1,0.25
Carys_27,tedi2556,iter,1,0.25
Carys_28,La-La2716,iter,1,0.25
Carys_28,Meira1946,iter,1,0.25
Carys_28,Meira2553,iter,1,0.25
Carys_29,La-La2716,iter,1,0.25
Carys_29,Meira1946,iter,1,0.25
Carys_29,Meira2553,iter,1,0.25
Carys_29,eira2545,iter,1,0.25
Carys_29,eira2546,iter,1,0.25
Carys_29,eisio2547,iter,1,0.25
Carys_29,eisio3021,iter,1,0.25
Carys_29,hiya2549,iter,1,0.25
Carys_29,hiya2715,iter,1,0.25
Carys_29,hwnna2550,iter,1,0.25
Carys_29,hwnna3022,iter,1,0.25
Carys_29,lorry2551,iter,1,0.25
Carys_29,tata2554,iter,1,0.25
Carys_29,tata2555,iter,1,0.25
Carys_29,tata3023,iter,1,0.25
Carys_29,tedi2556,iter,1,0.25
Carys_3,La-La2716,iter,1,0.25
Carys_3,Meira1945,iter,1,0.25
Carys_3,Meira1946,iter,1,0.25
Carys_3,Meira2553,iter,1,0.25
Carys_3,eira2545,iter,1,0.25
Carys_3,eira2546,iter,1,0.25
Carys_3,eisio2547,iter,1,0.25
Carys_3,eisio3021,iter,1,0.25
Carys_3,gaggag2548,iter,1,0.25
Carys_3,hwnna2550,iter,1,0.25
Carys_3,hwnna3022,iter,1,0.25
Carys_3,lorry2551,iter,1,0.25
Carys_3,tata2554,iter,1,0.25
Carys_3,tata2555,iter,1,0.25
Carys_3,tata3023,iter,1,0.25
Carys_3,tedi2556,iter,1,0.25
Carys_3,tractor2717,iter,1,0.25
Carys_30,La-La2716,iter,1,0.25
Carys_30,Meira1945,iter,1,0.25
Carys_30,eira2545,iter,1,0.25
Carys_30,eira2546,iter,1,0.25
Carys_30,eisio2547,iter,1,0.25
Carys_30,eisio3021,iter,1,0.25
Carys_30,hiya2549,iter,1,0.25
Carys_30,hiya2715,iter,1,0.25
Carys_30,hwnna2550,iter,1,0.25
Carys_30,hwnna3022,iter,1,0.25
Carys_30,lorry2551,iter,1,0.25
Carys_30,tata2554,iter,1,0.25
Carys_30,tata3023,iter,1,0.25
Carys_30,tedi2556,iter,1,0.25
Carys_31,tata2554,iter,1,0.25
Carys_31,tedi2556,iter,1,0.25
Carys_31,tedi3426,iter,1,0.25
Carys_32,La-La2716,iter,1,0.25
Carys_32,Meira1946,iter,1,0.25
Carys_32,Meira2553,iter,1,0.25
Carys_32,eira2545,iter,1,0.25
Carys_32,eira2546,iter,1,0.25
Carys_32,eisio2547,iter,1,0.25
Carys_32,eisio3021,iter,1,0.25
Carys_32,hiya2549,iter,1,0.25
Carys_32,hiya2715,iter,1,0.25
Carys_32,hwnna2550,iter,1,0.25
Carys_32,lorry2551,iter,1,0.25
Carys_32,tata2554,iter,1,0.25
Carys_32,tata2555,iter,1,0.25
Carys_32,tata3023,iter,1,0.25
Carys_32,tedi2556,iter,1,0.25
Carys_33,La-La2716,iter,1,0.25
Carys_33,Lucy2552,iter,1,0.25
Carys_33,Meira1946,iter,1,0.25
Carys_33,Meira2553,iter,1,0.25
Carys_33,eira2545,iter,1,0.25
Carys_33,eira2546,iter,1,0.25
Carys_33,eisio2547,iter,1,0.25
Carys_33,eisio3021,iter,1,0.25
Carys_33,gaggag2548,iter,1,0.25
Carys_33,hiya2549,iter,1,0.25
Carys_33,hiya2715,iter,1,0.25
Carys_33,hwnna3022,iter,1,0.25
Carys_33,lorry2551,iter,1,0.25
Carys_33,tata2555,iter,1,0.25
Carys_33,tata3023,iter,1,0.25
Carys_33,tedi2556,iter,1,0.25
Carys_33,tractor2717,iter,1,0.25
Carys_34,La-La2716,iter,1,0.25
Carys_34,Meira1946,iter,1,0.25
Carys_34,Meira2553,iter,1,0.25
Carys_34,eira2545,iter,1,0.25
Carys_34,eira2546,iter,1,0.25
Carys_34,eisio2547,iter,1,0.25
Carys_34,hiya2549,iter,1,0.25
Carys_34,hiya2715,iter,1,0.25
Carys_34,hwnna2550,iter,1,0.25
Carys_34,hwnna3022,iter,1,0.25
Carys_34,lorry2551,iter,1,0.25
Carys_34,tata2554,iter,1,0.25
Carys_34,tata3023,iter,1,0.25
Carys_34,tedi2556,iter,1,0.25
Carys_35,La-La2716,iter,1,0.25
Carys_35,Lucy2552,iter,1,0.25
Carys_35,Meira1946,iter,1,0.25
Carys_35,Meira2553,iter,1,0.25
Carys_35,eira2545,iter,1,0.25
Carys_35,eira2546,iter,1,0.25
Carys_35,eisio2547,iter,1,0.25
Carys_35,eisio3021,iter,1,0.25
Carys_35,gaggag2548,iter,1,0.25
Carys_35,hiya2715,iter,1,0.25
Carys_35,hwnna2550,iter,1,0.25
Carys_35,hwnna3022,iter,1,0.25
Carys_35,lorry2551,iter,1,0.25
Carys_35,tata2554,iter,1,0.25
Carys_35,tata3023,iter,1,0.25
Carys_35,tedi2556,iter,1,0.25
Carys_36,La-La2716,iter,1,0.25
Carys_36,Meira1945,iter,1,0.25
Carys_36,Meira2553,iter,1,0.25
Carys_36,eira2545,iter,1,0.25
Carys_36,eira2546,iter,1,0.25
Carys_36,eisio2547,iter,1,0.25
Carys_36,eisio3021,iter,1,0.25
Carys_36,gaggag2548,iter,1,0.25
Carys_36,hiya2549,iter,1,0.25
Carys_36,hiya2715,iter,1,0.25
Carys_36,hwnna2550,iter,1,0.25
Carys_36,hwnna3022,iter,1,0.25
Carys_36,lorry2551,iter,1,0.25
Carys_36,tata2554,iter,1,0.25
Carys_36,tata3023,iter,1,0.25
Carys_36,tedi2556,iter,1,0.25
Carys_36,tractor2717,iter,1,0.25
Carys_37,tedi3427,iter,1,0.25
Carys_38,La-La2716,iter,1,0.25
Carys_38,Lucy2552,iter,1,0.25
Carys_38,Meira1946,iter,1,0.25
Carys_38,Meira2553,iter,1,0.25
Carys_38,eira2545,iter,1,0.25
Carys_38,eira2546,iter,1,0.25
Carys_38,eisio2547,iter,1,0.25
Carys_38,eisio3021,iter,1,0.25
Carys_38,hiya2549,iter,1,0.25
Carys_38,hiya2715,iter,1,0.25
Carys_38,hwnna3022,iter,1,0.25
Carys_38,lorry2551,iter,1,0.25
Carys_38,tata2555,iter,1,0.25
Carys_38,tata3023,iter,1,0.25
Carys_38,tedi3427,iter,1,0.25
Carys_39,La-La2716,iter,1,0.25
Carys_39,Lucy2552,iter,1,0.25
Carys_39,Meira2553,iter,1,0.25
Carys_39,eira2546,iter,1,0.25
Carys_39,eisio2547,iter,1,0.25
Carys_39,eisio3021,iter,1,0.25
Carys_39,hiya2549,iter,1,0.25
Carys_39,hiya2715,iter,1,0.25
Carys_39,hwnna2550,iter,1,0.25
Carys_39,hwnna3022,iter,1,0.25
Carys_39,lorry2551,iter,1,0.25
Carys_39,tata2554,iter,1,0.25
Carys_39,tata2555,iter,1,0.25
Carys_39,tata3023,iter,1,0.25
Carys_39,tedi3427,iter,1,0.25
Carys_4,La-La2716,iter,1,0.25
Carys_4,Meira1946,iter,1,0.25
Carys_4,eira2545,iter,1,0.25
Carys_4,eira2546,iter,1,0.25
Carys_4,eisio2547,iter,1,0.25
Carys_4,eisio3021,iter,1,0.25
Carys_4,hiya2549,iter,1,0.25
Carys_4,hiya2715,iter,1,0.25
Carys_4,hwnna2550,iter,1,0.25
Carys_4,hwnna3022,iter,1,0.25
Carys_4,lorry2551,iter,1,0.25
Carys_4,tata2555,iter,1,0.25
Carys_4,tata3023,iter,1,0.25
Carys_4,tedi2556,iter,1,0.25
Carys_40,eisio2547,iter,1,0.25
Carys_40,eisio3021,iter,1,0.25
Carys_40,tata2554,iter,1,0.25
Carys_40,tata2555,iter,1,0.25
Carys_40,tedi2556,iter,1,0.25
Carys_41,La-La2716,iter,1,0.25
Carys_41,Lucy2552,iter,1,0.25
Carys_41,Meira1946,iter,1,0.25
Carys_41,Meira2553,iter,1,0.25
Carys_41,eira2546,iter,1,0.25
Carys_41,eisio2547,iter,1,0.25
Carys_41,eisio3021,iter,1,0.25
Carys_41,hiya2715,iter,1,0.25
Carys_41,hwnna2550,iter,1,0.25
Carys_41,hwnna3022,iter,1,0.25
Carys_41,lorry2551,iter,1,0.25
Carys_41,tata2554,iter,1,0.25
Carys_41,tata2555,iter,1,0.25
Carys_41,tata3023,iter,1,0.25
Carys_41,tedi2556,iter,1,0.25
Carys_42,La-La2716,iter,1,0.25
Carys_42,Meira1946,iter,1,0.25
Carys_42,Meira2553,iter,1,0.25
Carys_42,eira2546,iter,1,0.25
Carys_42,eisio2547,iter,1,0.25
Carys_42,eisio3021,iter,1,0.25
Carys_42,gaggag2548,iter,1,0.25
Carys_42,hiya2549,iter,1,0.25
Carys_42,hiya2715,iter,1,0.25
Carys_42,hwnna3022,iter,1,0.25
Carys_42,lorry2551,iter,1,0.25
Carys_42,tata2554,iter,1,0.25
Carys_42,tata2555,iter,1,0.25
Carys_42,tata3023,iter,1,0.25
Carys_42,tedi2556,iter,1,0.25
Carys_42,tractor2717,iter,1,0.25
Carys_43,La-La2716,iter,1,0.25
Carys_43,Meira1946,iter,1,0.25
Carys_43,Meira2553,iter,1,0.25
Carys_43,eira2545,iter,1,0.25
Carys_43,eira2546,iter,1,0.25
Carys_43,eisio2547,iter,1,0.25
Carys_43,eisio3021,iter,1,0.25
Carys_43,hiya2549,iter,1,0.25
Carys_43,hiya2715,iter,1,0.25
Carys_43,hwnna2550,iter,1,0.25
Carys_43,hwnna3022,iter,1,0.25
Carys_43,lorry2551,iter,1,0.25
Carys_43,tata2554,iter,1,0.25
Carys_43,tata2555,iter,1,0.25
Carys_43,tata3023,iter,1,0.25
Carys_43,tedi2556,iter,1,0.25
Carys_44,La-La2716,iter,1,0.25
Carys_44,Lucy2552,iter,1,0.25
Carys_44,Meira1946,iter,1,0.25
Carys_44,Meira2553,iter,1,0.25
Carys_44,eira2545,iter,1,0.25
Carys_44,eira2546,iter,1,0.25
Carys_44,eisio2547,iter,1,0.25
Carys_44,eisio3021,iter,1,0.25
Carys_44,gaggag2548,iter,1,0.25
Carys_44,hiya2549,iter,1,0.25
Carys_44,hwnna2550,iter,1,0.25
Carys_44,hwnna3022,iter,1,0.25
Carys_44,lorry2551,iter,1,0.25
Carys_44,tata2554,iter,1,0.25
Carys_44,tata2555,iter,1,0.25
Carys_45,tata2554,iter,1,0.25
Carys_45,tedi2556,iter,1,0.25
Carys_45,tedi3426,iter,1,0.25
Carys_45,tedi3427,iter,1,0.25
Carys_46,La-La2716,iter,1,0.25
Carys_46,Lucy2552,iter,1,0.25
Carys_46,Meira1946,iter,1,0.25
Carys_46,Meira2553,iter,1,0.25
Carys_46,eira2546,iter,1,0.25
Carys_46,eisio2547,iter,1,0.25
Carys_46,eisio3021,iter,1,0.25
Carys_46,hiya2549,iter,1,0.25
Carys_46,hiya2715,iter,1,0.25
Carys_46,hwnna2550,iter,1,0.25
Carys_46,hwnna3022,iter,1,0.25
Carys_46,lorry2551,iter,1,0.25
Carys_46,tata2554,iter,1,0.25
Carys_46,tata2555,iter,1,0.25
Carys_46,tata3023,iter,1,0.25
Carys_46,tedi2556,iter,1,0.25
Carys_46,tedi3427,iter,1,0.25
Carys_47,eisio3021,iter,1,0.25
Carys_47,tata2554,iter,1,0.25
Carys_47,tata2555,iter,1,0.25
Carys_47,tata3023,iter,1,0.25
Carys_47,tedi2556,iter,1,0.25
Carys_48,La-La2716,iter,1,0.25
Carys_48,Lucy2552,iter,1,0.25
Carys_48,Meira1946,iter,1,0.25
Carys_48,Meira2553,iter,1,0.25
Carys_48,eira2545,iter,1,0.25
Carys_48,eira2546,iter,1,0.25
Carys_48,eisio2547,iter,1,0.25
Carys_48,eisio3021,iter,1,0.25
Carys_48,gaggag2548,iter,1,0.25
Carys_48,hiya2549,iter,1,0.25
Carys_48,hiya2715,iter,1,0.25
Carys_48,hwnna3022,iter,1,0.25
Carys_48,lorry2551,iter,1,0.25
Carys_48,tata2555,iter,1,0.25
Carys_48,tata3023,iter,1,0.25
Carys_48,tedi2556,iter,1,0.25
Carys_49,La-La2716,iter,1,0.25
Carys_49,Meira1945,iter,1,0.25
Carys_49,Meira1946,iter,1,0.25
Carys_49,Meira2553,iter,1,0.25
Carys_49,eira2545,iter,1,0.25
Carys_49,eira2546,iter,1,0.25
Carys_49,eisio2547,iter,1,0.25
Carys_49,eisio3021,iter,1,0.25
Carys_49,gaggag2548,iter,1,0.25
Carys_49,hiya2549,iter,1,0.25
Carys_49,hiya2715,iter,1,0.25
Carys_49,hwnna2550,iter,1,0.25
Carys_49,hwnna3022,iter,1,0.25
Carys_49,lorry2551,iter,1,0.25
Carys_49,tata2554,iter,1,0.25
Carys_49,tata2555,iter,1,0.25
Carys_49,tedi2556,iter,1,0.25
Carys_5,La-La2716,iter,1,0.25
Carys_5,Meira1946,iter,1,0.25
Carys_5,Meira2553,iter,1,0.25
Carys_5,eira2545,iter,1,0.25
Carys_5,eira2546,iter,1,0.25
Carys_5,eisio2547,iter,1,0.25
Carys_5,eisio3021,iter,1,0.25
Carys_5,hiya2549,iter,1,0.25
Carys_5,hiya2715,iter,1,0.25
Carys_5,hwnna2550,iter,1,0.25
Carys_5,hwnna3022,iter,1,0.25
Carys_5,lorry2551,iter,1,0.25
Carys_5,tata2555,iter,1,0.25
Carys_5,tata3023,iter,1,0.25
Carys_5,tedi2556,iter,1,0.25
Carys_50,tedi3427,iter,1,0.25
Carys_51,La-La2716,iter,1,0.25
Carys_51,Meira1945,iter,1,0.25
Carys_51,Meira1946,iter,1,0.25
Carys_51,Meira2553,iter,1,0.25
Carys_51,eira2545,iter,1,0.25
Carys_51,eira2546,iter,1,0.25
Carys_51,eisio2547,iter,1,0.25
Carys_51,eisio3021,iter,1,0.25
Carys_51,gaggag2548,iter,1,0.25
Carys_51,hiya2549,iter,1,0.25
Carys_51,hiya2715,iter,1,0.25
Carys_51,hwnna2550,iter,1,0.25
Carys_51,hwnna3022,iter,1,0.25
Carys_51,lorry2551,iter,1,0.25
Carys_51,tata2554,iter,1,0.25
Carys_51,tata2555,iter,1,0.25
Carys_51,tata3023,iter,1,0.25
Carys_51,tractor2717,iter,1,0.25
Carys_52,La-La2716,iter,1,0.25
Carys_52,Meira1945,iter,1,0.25
Carys_52,Meira1946,iter,1,0.25
Carys_52,Meira2553,iter,1,0.25
Carys_52,eira2545,iter,1,0.25
Carys_52,eisio2547,iter,1,0.25
Carys_52,eisio3021,iter,1,0.25
Carys_52,gaggag2548,iter,1,0.25
Carys_52,hiya2549,iter,1,0.25
Carys_52,hiya2715,iter,1,0.25
Carys_52,hwnna2550,iter,1,0.25
Carys_52,hwnna3022,iter,1,0.25
Carys_52,lorry2551,iter,1,0.25
Carys_52,tata2554,iter,1,0.25
Carys_52,tata2555,iter,1,0.25
Carys_52,tata3023,iter,1,0.25
Carys_52,tedi2556,iter,1,0.25
Carys_52,tractor2717,iter,1,0.25
Carys_53,La-La2716,iter,1,0.25
Carys_53,Meira1946,iter,1,0.25
Carys_53,Meira2553,iter,1,0.25
Carys_53,eira2545,iter,1,0.25
Carys_53,eira2546,iter,1,0.25
Carys_53,eisio2547,iter,1,0.25
Carys_53,eisio3021,iter,1,0.25
Carys_53,hiya2549,iter,1,0.25
Carys_53,hiya2715,iter,1,0.25
Carys_53,hwnna3022,iter,1,0.25
Carys_53,lorry2551,iter,1,0.25
Carys_53,tata2554,iter,1,0.25
Carys_53,tata3023,iter,1,0.25
Carys_53,tedi2556,iter,1,0.25
Carys_54,La-La2716,iter,1,0.25
Carys_54,Lucy2552,iter,1,0.25
Carys_54,Meira1946,iter,1,0.25
Carys_54,Meira2553,iter,1,0.25
Carys_54,eira2545,iter,1,0.25
Carys_54,eira2546,iter,1,0.25
Carys_54,hiya2549,iter,1,0.25
Carys_54,hiya2715,iter,1,0.25
Carys_54,hwnna2550,iter,1,0.25
Carys_54,hwnna3022,iter,1,0.25
Carys_54,lorry2551,iter,1,0.25
Carys_54,tata2554,iter,1,0.25
Carys_54,tata2555,iter,1,0.25
Carys_54,tata3023,iter,1,0.25
Carys_54,tedi2556,iter,1,0.25
Carys_54,tedi3427,iter,1,0.25
Carys_55,La-La2716,iter,1,0.25
Carys_55,Meira1946,iter,1,0.25
Carys_55,Meira2553,iter,1,0.25
Carys_55,eira2545,iter,1,0.25
Carys_55,eisio2547,iter,1,0.25
Carys_55,eisio3021,iter,1,0.25
Carys_55,hiya2549,iter,1,0.25
Carys_55,hiya2715,iter,1,0.25
Carys_55,hwnna2550,iter,1,0.25
Carys_55,hwnna3022,iter,1,0.25
Carys_55,lorry2551,iter,1,0.25
Carys_55,tata2554,iter,1,0.25
Carys_55,tata2555,iter,1,0.25
Carys_55,tedi2556,iter,1,0.25
Carys_56,La-La2716,iter,1,0.25
Carys_56,Meira1946,iter,1,0.25
Carys_56,Meira2553,iter,1,0.25
Carys_56,eira2545,iter,1,0.25
Carys_56,eira2546,iter,1,0.25
Carys_56,eisio2547,iter,1,0.25
Carys_56,eisio3021,iter,1,0.25
Carys_56,gaggag2548,iter,1,0.25
Carys_56,hiya2549,iter,1,0.25
Carys_56,hiya2715,iter,1,0.25
Carys_56,hwnna2550,iter,1,0.25
Carys_56,hwnna3022,iter,1,0.25
Carys_56,lorry2551,iter,1,0.25
Carys_56,tata2554,iter,1,0.25
Carys_56,tata2555,iter,1,0.25
Carys_56,tata3023,iter,1,0.25
Carys_56,tedi2556,iter,1,0.25
Carys_56,tractor2717,iter,1,0.25
Carys_57,La-La2716,iter,1,0.25
Carys_57,Meira1946,iter,1,0.25
Carys_57,eira2545,iter,1,0.25
Carys_57,eisio2547,iter,1,0.25
Carys_57,eisio3021,iter,1,0.25
Carys_57,hiya2549,iter,1,0.25
Carys_57,hiya2715,iter,1,0.25
Carys_57,hwnna2550,iter,1,0.25
Carys_57,hwnna3022,iter,1,0.25
Carys_57,lorry2551,iter,1,0.25
Carys_57,tata2554,iter,1,0.25
Carys_57,tata2555,iter,1,0.25
Carys_57,tata3023,iter,1,0.25
Carys_57,tedi2556,iter,1,0.25
Carys_58,La-La2716,iter,1,0.25
Carys_58,Meira1946,iter,1,0.25
Carys_58,Meira2553,iter,1,0.25
Carys_58,eira2545,iter,1,0.25
Carys_58,eira2546,iter,1,0.25
Carys_58,eisio2547,iter,1,0.25
Carys_58,gaggag2548,iter,1,0.25
Carys_58,hiya2549,iter,1,0.25
Carys_58,hiya2715,iter,1,0.25
Carys_58,hwnna2550,iter,1,0.25
Carys_58,lorry2551,iter,1,0.25
Carys_58,tata2554,iter,1,0.25
Carys_58,tata2555,iter,1,0.25
Carys_58,tata3023,iter,1,0.25
Carys_58,tedi2556,iter,1,0.25
Carys_58,tractor2717,iter,1,0.25
Carys_59,La-La2716,iter,1,0.25
Carys_59,Meira1945,iter,1,0.25
Carys_59,Meira1946,iter,1,0.25
Carys_59,Meira2553,iter,1,0.25
Carys_59,eira2545,iter,1,0.25
Carys_59,eira2546,iter,1,0.25
Carys_59,eisio3021,iter,1,0.25
Carys_59,hiya2549,iter,1,0.25
Carys_59,hiya2715,iter,1,0.25
Carys_59,hwnna2550,iter,1,0.25
Carys_59,hwnna3022,iter,1,0.25
Carys_59,lorry2551,iter,1,0.25
Carys_59,tata2554,iter,1,0.25
Carys_59,tata2555,iter,1,0.25
Carys_59,tata3023,iter,1,0.25
Carys_59,tedi2556,iter,1,0.25
Carys_59,tractor2717,iter,1,0.25
Carys_6,La-La2716,iter,1,0.25
Carys_6,Lucy2552,iter,1,0.25
Carys_6,Meira2553,iter,1,0.25
Carys_6,eira2545,iter,1,0.25
Carys_6,eira2546,iter,1,0.25
Carys_6,eisio2547,iter,1,0.25
Carys_6,eisio3021,iter,1,0.25
Carys_6,hiya2549,iter,1,0.25
Carys_6,hiya2715,iter,1,0.25
Carys_6,hwnna2550,iter,1,0.25
Carys_6,hwnna3022,iter,1,0.25
Carys_6,tata2554,iter,1,0.25
Carys_6,tata2555,iter,1,0.25
Carys_6,tata3023,iter,1,0.25
Carys_6,tedi2556,iter,1,0.25
Carys_60,La-La2716,iter,1,0.25
Carys_60,Meira1946,iter,1,0.25
Carys_60,gaggag2548,iter,1,0.25
Carys_60,hiya2715,iter,1,0.25
Carys_60,hwnna3022,iter,1,0.25
Carys_60,tata3023,iter,1,0.25
Carys_60,tractor2717,iter,1,0.25
Carys_61,La-La2716,iter,1,0.25
Carys_61,Meira1946,iter,1,0.25
Carys_61,eisio3021,iter,1,0.25
Carys_61,gaggag2548,iter,1,0.25
Carys_61,hiya2715,iter,1,0.25
Carys_61,hwnna3022,iter,1,0.25
Carys_62,La-La2716,iter,1,0.25
Carys_62,Lucy2552,iter,1,0.25
Carys_62,Meira1946,iter,1,0.25
Carys_62,Meira2553,iter,1,0.25
Carys_62,eira2545,iter,1,0.25
Carys_62,eira2546,iter,1,0.25
Carys_62,eisio2547,iter,1,0.25
Carys_62,eisio3021,iter,1,0.25
Carys_62,gaggag2548,iter,1,0.25
Carys_62,hiya2549,iter,1,0.25
Carys_62,hiya2715,iter,1,0.25
Carys_62,hwnna2550,iter,1,0.25
Carys_62,hwnna3022,iter,1,0.25
Carys_62,lorry2551,iter,1,0.25
Carys_62,tata2555,iter,1,0.25
Carys_62,tata3023,iter,1,0.25
Carys_62,tedi2556,iter,1,0.25
Carys_62,tractor2717,iter,1,0.25
Carys_63,La-La2716,iter,1,0.25
Carys_63,Meira2553,iter,1,0.25
Carys_63,eira2545,iter,1,0.25
Carys_63,eisio2547,iter,1,0.25
Carys_63,eisio3021,iter,1,0.25
Carys_63,hiya2549,iter,1,0.25
Carys_63,hiya2715,iter,1,0.25
Carys_63,hwnna2550,iter,1,0.25
Carys_63,hwnna3022,iter,1,0.25
Carys_63,lorry2551,iter,1,0.25
Carys_63,tata2555,iter,1,0.25
Carys_63,tata3023,iter,1,0.25
Carys_63,tedi2556,iter,1,0.25
Carys_64,La-La2716,iter,1,0.25
Carys_64,Lucy2552,iter,1,0.25
Carys_64,Meira1946,iter,1,0.25
Carys_64,Meira2553,iter,1,0.25
Carys_64,eira2545,iter,1,0.25
Carys_64,eira2546,iter,1,0.25
Carys_64,eisio2547,iter,1,0.25
Carys_64,eisio3021,iter,1,0.25
Carys_64,hiya2549,iter,1,0.25
Carys_64,hiya2715,iter,1,0.25
Carys_64,hwnna2550,iter,1,0.25
Carys_64,hwnna3022,iter,1,0.25
Carys_64,lorry2551,iter,1,0.25
Carys_64,tata2554,iter,1,0.25
Carys_64,tata2555,iter,1,0.25
Carys_64,tata3023,iter,1,0.25
Carys_64,tedi2556,iter,1,0.25
Carys_64,tedi3427,iter,1,0.25
Carys_65,La-La2716,iter,1,0.25
Carys_65,Meira1946,iter,1,0.25
Carys_65,Meira2553,iter,1,0.25
Carys_65,eira2545,iter,1,0.25
Carys_65,eira2546,iter,1,0.25
Carys_65,eisio2547,iter,1,0.25
Carys_65,eisio3021,iter,1,0.25
Carys_65,hiya2549,iter,1,0.25
Carys_65,hwnna2550,iter,1,0.25
Carys_65,hwnna3022,iter,1,0.25
Carys_65,lorry2551,iter,1,0.25
Carys_65,tata2554,iter,1,0.25
Carys_65,tata2555,iter,1,0.25
Carys_65,tata3023,iter,1,0.25
Carys_65,tedi2556,iter,1,0.25
Carys_66,La-La2716,iter,1,0.25
Carys_66,Lucy2552,iter,1,0.25
Carys_66,Meira1946,iter,1,0.25
Carys_66,eira2545,iter,1,0.25
Carys_66,eira2546,iter,1,0.25
Carys_66,eisio2547,iter,1,0.25
Carys_66,eisio3021,iter,1,0.25
Carys_66,hiya2549,iter,1,0.25
Carys_66,hiya2715,iter,1,0.25
Carys_66,hwnna2550,iter,1,0.25
Carys_66,hwnna3022,iter,1,0.25
Carys_66,lorry2551,iter,1,0.25
Carys_66,tata2554,iter,1,0.25
Carys_66,tata3023,iter,1,0.25
Carys_66,tedi2556,iter,1,0.25
Carys_66,tedi3427,iter,1,0.25
Carys_67,tedi3427,iter,1,0.25
Carys_68,La-La2716,iter,1,0.25
Carys_68,Meira1946,iter,1,0.25
Carys_68,Meira2553,iter,1,0.25
Carys_68,eira2545,iter,1,0.25
Carys_68,eira2546,iter,1,0.25
Carys_68,eisio2547,iter,1,0.25
Carys_68,eisio3021,iter,1,0.25
Carys_68,hiya2549,iter,1,0.25
Carys_68,hwnna2550,iter,1,0.25
Carys_68,hwnna3022,iter,1,0.25
Carys_68,lorry2551,iter,1,0.25
Carys_68,tata2554,iter,1,0.25
Carys_68,tata2555,iter,1,0.25
Carys_68,tata3023,iter,1,0.25
Carys_68,tedi2556,iter,1,0.25
Carys_69,La-La2716,iter,1,0.25
Carys_69,Meira1946,iter,1,0.25
Carys_69,Meira2553,iter,1,0.25
Carys_69,eira2545,iter,1,0.25
Carys_69,eisio2547,iter,1,0.25
Carys_69,eisio3021,iter,1,0.25
Carys_69,hiya2549,iter,1,0.25
Carys_69,hiya2715,iter,1,0.25
Carys_69,hwnna2550,iter,1,0.25
Carys_69,lorry2551,iter,1,0.25
Carys_69,tata2554,iter,1,0.25
Carys_69,tata2555,iter,1,0.25
Carys_69,tedi2556,iter,1,0.25
Carys_7,La-La2716,iter,1,0.25
Carys_7,Lucy2552,iter,1,0.25
Carys_7,Meira2553,iter,1,0.25
Carys_7,eira2545,iter,1,0.25
Carys_7,eira2546,iter,1,0.25
Carys_7,eisio3021,iter,1,0.25
Carys_7,hiya2549,iter,1,0.25
Carys_7,hiya2715,iter,1,0.25
Carys_7,hwnna3022,iter,1,0.25
Carys_7,lorry2551,iter,1,0.25
Carys_7,tata2554,iter,1,0.25
Carys_7,tata2555,iter,1,0.25
Carys_7,tata3023,iter,1,0.25
Carys_7,tedi2556,iter,1,0.25
Carys_70,La-La2716,iter,1,0.25
Carys_70,Lucy2552,iter,1,0.25
Carys_70,Meira1946,iter,1,0.25
Carys_70,Meira2553,iter,1,0.25
Carys_70,eira2545,iter,1,0.25
Carys_70,eira2546,iter,1,0.25
Carys_70,eisio2547,iter,1,0.25
Carys_70,eisio3021,iter,1,0.25
Carys_70,hiya2549,iter,1,0.25
Carys_70,hiya2715,iter,1,0.25
Carys_70,hwnna2550,iter,1,0.25
Carys_70,hwnna3022,iter,1,0.25
Carys_70,lorry2551,iter,1,0.25
Carys_70,tata2554,iter,1,0.25
Carys_70,tata2555,iter,1,0.25
Carys_70,tata3023,iter,1,0.25
Carys_70,tedi2556,iter,1,0.25
Carys_71,La-La2716,iter,1,0.25
Carys_71,Meira1946,iter,1,0.25
Carys_71,eira2545,iter,1,0.25
Carys_71,eira2546,iter,1,0.25
Carys_71,eisio2547,iter,1,0.25
Carys_71,eisio3021,iter,1,0.25
Carys_71,hiya2549,iter,1,0.25
Carys_71,hiya2715,iter,1,0.25
Carys_71,hwnna2550,iter,1,0.25
Carys_71,hwnna3022,iter,1,0.25
Carys_71,lorry2551,iter,1,0.25
Carys_71,tata2555,iter,1,0.25
Carys_71,tata3023,iter,1,0.25
Carys_71,tedi2556,iter,1,0.25
Carys_72,La-La2716,iter,1,0.25
Carys_72,Lucy2552,iter,1,0.25
Carys_72,Meira1946,iter,1,0.25
Carys_72,Meira2553,iter,1,0.25
Carys_72,eira2545,iter,1,0.25
Carys_72,eira2546,iter,1,0.25
Carys_72,eisio2547,iter,1,0.25
Carys_72,eisio3021,iter,1,0.25
Carys_72,hiya2715,iter,1,0.25
Carys_72,hwnna2550,iter,1,0.25
Carys_72,hwnna3022,iter,1,0.25
Carys_72,lorry2551,iter,1,0.25
Carys_72,tata2554,iter,1,0.25
Carys_72,tata2555,iter,1,0.25
Carys_72,tata3023,iter,1,0.25
Carys_72,tedi2556,iter,1,0.25
Carys_73,La-La2716,iter,1,0.25
Carys_73,Meira1945,iter,1,0.25
Carys_73,Meira1946,iter,1,0.25
Carys_73,Meira2553,iter,1,0.25
Carys_73,hiya2715,iter,1,0.25
Carys_74,La-La2716,iter,1,0.25
Carys_74,Meira1946,iter,1,0.25
Carys_74,Meira2553,iter,1,0.25
Carys_74,eira2545,iter,1,0.25
Carys_74,eira2546,iter,1,0.25
Carys_74,eisio2547,iter,1,0.25
Carys_74,hiya2549,iter,1,0.25
Carys_74,hiya2715,iter,1,0.25
Carys_74,hwnna3022,iter,1,0.25
Carys_74,lorry2551,iter,1,0.25
Carys_74,tata2554,iter,1,0.25
Carys_74,tata2555,iter,1,0.25
Carys_74,tata3023,iter,1,0.25
Carys_74,tedi2556,iter,1,0.25
Carys_75,Lucy2552,iter,1,0.25
Carys_75,Meira1946,iter,1,0.25
Carys_75,Meira2553,iter,1,0.25
Carys_75,eira2545,iter,1,0.25
Carys_75,eira2546,iter,1,0.25
Carys_75,eisio2547,iter,1,0.25
Carys_75,eisio3021,iter,1,0.25
Carys_75,gaggag2548,iter,1,0.25
Carys_75,hiya2549,iter,1,0.25
Carys_75,hwnna2550,iter,1,0.25
Carys_75,hwnna3022,iter,1,0.25
Carys_75,lorry2551,iter,1,0.25
Carys_75,tata2554,iter,1,0.25
Carys_75,tata2555,iter,1,0.25
Carys_75,tata3023,iter,1,0.25
Carys_75,tedi2556,iter,1,0.25
Carys_76,La-La2716,iter,1,0.25
Carys_76,Meira2553,iter,1,0.25
Carys_76,eisio2547,iter,1,0.25
Carys_76,eisio3021,iter,1,0.25
Carys_76,hiya2549,iter,1,0.25
Carys_76,hiya2715,iter,1,0.25
Carys_76,hwnna2550,iter,1,0.25
Carys_76,hwnna3022,iter,1,0.25
Carys_76,lorry2551,iter,1,0.25
Carys_76,tata2554,iter,1,0.25
Carys_76,tata2555,iter,1,0.25
Carys_76,tata3023,iter,1,0.25
Carys_76,tedi2556,iter,1,0.25
Carys_77,La-La2716,iter,1,0.25
Carys_77,Lucy2552,iter,1,0.25
Carys_77,Meira1946,iter,1,0.25
Carys_77,Meira2553,iter,1,0.25
Carys_77,eira2545,iter,1,0.25
Carys_77,eira2546,iter,1,0.25
Carys_77,eisio2547,iter,1,0.25
Carys_77,gaggag2548,iter,1,0.25
Carys_77,hiya2549,iter,1,0.25
Carys_77,hwnna2550,iter,1,0.25
Carys_77,hwnna3022,iter,1,0.25
Carys_77,lorry2551,iter,1,0.25
Carys_77,tata2554,iter,1,0.25
Carys_77,tata2555,iter,1,0.25
Carys_77,tedi2556,iter,1,0.25
Carys_78,La-La2716,iter,1,0.25
Carys_78,Lucy2552,iter,1,0.25
Carys_78,Meira1946,iter,1,0.25
Carys_78,Meira2553,iter,1,0.25
Carys_78,eira2546,iter,1,0.25
Carys_78,eisio2547,iter,1,0.25
Carys_78,eisio3021,iter,1,0.25
Carys_78,hiya2549,iter,1,0.25
Carys_78,hiya2715,iter,1,0.25
Carys_78,hwnna2550,iter,1,0.25
Carys_78,lorry2551,iter,1,0.25
Carys_78,tata2555,iter,1,0.25
Carys_78,tata3023,iter,1,0.25
Carys_78,tedi2556,iter,1,0.25
Carys_78,tedi3427,iter,1,0.25
Carys_79,tata2554,iter,1,0.25
Carys_79,tedi2556,iter,1,0.25
Carys_79,tedi3426,iter,1,0.25
Carys_8,Lucy2552,iter,1,0.25
Carys_8,eisio2547,iter,1,0.25
Carys_8,eisio3021,iter,1,0.25
Carys_8,tata2554,iter,1,0.25
Carys_8,tata3023,iter,1,0.25
Carys_80,tedi3427,iter,1,0.25
Carys_81,La-La2716,iter,1,0.25
Carys_81,Meira1946,iter,1,0.25
Carys_81,eisio3021,iter,1,0.25
Carys_81,hiya2715,iter,1,0.25
Carys_81,hwnna3022,iter,1,0.25
Carys_81,tata3023,iter,1,0.25
Carys_81,tractor2717,iter,1,0.25
Carys_82,La-La2716,iter,1,0.25
Carys_82,Meira1945,iter,1,0.25
Carys_82,Meira2553,iter,1,0.25
Carys_82,eira2545,iter,1,0.25
Carys_82,eira2546,iter,1,0.25
Carys_82,eisio2547,iter,1,0.25
Carys_82,eisio3021,iter,1,0.25
Carys_82,gaggag2548,iter,1,0.25
Carys_82,hiya2549,iter,1,0.25
Carys_82,hiya2715,iter,1,0.25
Carys_82,hwnna2550,iter,1,0.25
Carys_82,lorry2551,iter,1,0.25
Carys_82,tata2554,iter,1,0.25
Carys_82,tata2555,iter,1,0.25
Carys_82,tata3023,iter,1,0.25
Carys_82,tedi2556,iter,1,0.25
Carys_82,tractor2717,iter,1,0.25
Carys_83,tata2554,iter,1,0.25
Carys_83,tedi2556,iter,1,0.25
Carys_83,tedi3426,iter,1,0.25
Carys_83,tedi3427,iter,1,0.25
Carys_84,La-La2716,iter,1,0.25
Carys_84,Meira1946,iter,1,0.25
Carys_84,Meira2553,iter,1,0.25
Carys_84,eira2545,iter,1,0.25
Carys_84,eira2546,iter,1,0.25
Carys_84,eisio3021,iter,1,0.25
Carys_84,hiya2549,iter,1,0.25
Carys_84,hiya2715,iter,1,0.25
Carys_84,hwnna2550,iter,1,0.25
Carys_84,hwnna3022,iter,1,0.25
Carys_84,lorry2551,iter,1,0.25
Carys_84,tata2554,iter,1,0.25
Carys_84,tata2555,iter,1,0.25
Carys_84,tedi2556,iter,1,0.25
Carys_85,La-La2716,iter,1,0.25
Carys_85,Meira1946,iter,1,0.25
Carys_85,Meira2553,iter,1,0.25
Carys_85,eira2546,iter,1,0.25
Carys_85,eisio2547,iter,1,0.25
Carys_85,eisio3021,iter,1,0.25
Carys_85,hiya2549,iter,1,0.25
Carys_85,hiya2715,iter,1,0.25
Carys_85,hwnna2550,iter,1,0.25
Carys_85,hwnna3022,iter,1,0.25
Carys_85,lorry2551,iter,1,0.25
Carys_85,tata2554,iter,1,0.25
Carys_85,tata3023,iter,1,0.25
Carys_85,tedi2556,iter,1,0.25
Carys_86,La-La2716,iter,1,0.25
Carys_86,Meira1946,iter,1,0.25
Carys_86,Meira2553,iter,1,0.25
Carys_86,eira2545,iter,1,0.25
Carys_86,eisio2547,iter,1,0.25
Carys_86,eisio3021,iter,1,0.25
Carys_86,hiya2549,iter,1,0.25
Carys_86,hiya2715,iter,1,0.25
Carys_86,hwnna2550,iter,1,0.25
Carys_86,hwnna3022,iter,1,0.25
Carys_86,lorry2551,iter,1,0.25
Carys_86,tata2554,iter,1,0.25
Carys_86,tata2555,iter,1,0.25
Carys_86,tata3023,iter,1,0.25
Carys_87,La-La2716,iter,1,0.25
Carys_87,Meira1945,iter,1,0.25
Carys_87,Meira2553,iter,1,0.25
Carys_87,eira2545,iter,1,0.25
Carys_87,eira2546,iter,1,0.25
Carys_87,eisio2547,iter,1,0.25
Carys_87,gaggag2548,iter,1,0.25
Carys_87,hiya2549,iter,1,0.25
Carys_87,hiya2715,iter,1,0.25
Carys_87,hwnna2550,iter,1,0.25
Carys_87,hwnna3022,iter,1,0.25
Carys_87,lorry2551,iter,1,0.25
Carys_87,tata2554,iter,1,0.25
Carys_87,tata2555,iter,1,0.25
Carys_87,tata3023,iter,1,0.25
Carys_87,tractor2717,iter,1,0.25
Carys_88,tata2554,iter,1,0.25
Carys_88,tedi2556,iter,1,0.25
Carys_88,tedi3426,iter,1,0.25
Carys_89,La-La2716,iter,1,0.25
Carys_89,Meira1946,iter,1,0.25
Carys_89,Meira2553,iter,1,0.25
Carys_89,eira2545,iter,1,0.25
Carys_89,eira2546,iter,1,0.25
Carys_89,eisio3021,iter,1,0.25
Carys_89,hiya2549,iter,1,0.25
Carys_89,hiya2715,iter,1,0.25
Carys_89,hwnna2550,iter,1,0.25
Carys_89,hwnna3022,iter,1,0.25
Carys_89,lorry2551,iter,1,0.25
Carys_89,tata2554,iter,1,0.25
Carys_89,tata2555,iter,1,0.25
Carys_89,tata3023,iter,1,0.25
Carys_89,tedi2556,iter,1,0.25
Carys_9,La-La2716,iter,1,0.25
Carys_9,Lucy2552,iter,1,0.25
Carys_9,Meira1946,iter,1,0.25
Carys_9,Meira2553,iter,1,0.25
Carys_9,eira2545,iter,1,0.25
Carys_9,eira2546,iter,1,0.25
Carys_9,eisio2547,iter,1,0.25
Carys_9,gaggag2548,iter,1,0.25
Carys_9,hiya2549,iter,1,0.25
Carys_9,hiya2715,iter,1,0.25
Carys_9,hwnna2550,iter,1,0.25
Carys_9,hwnna3022,iter,1,0.25
Carys_9,lorry2551,iter,1,0.25
Carys_9,tata2554,iter,1,0.25
Carys_9,tata3023,iter,1,0.25
Carys_9,tedi2556,iter,1,0.25
Carys_90,La-La2716,iter,1,0.25
Carys_90,Meira1946,iter,1,0.25
Carys_90,Meira2553,iter,1,0.25
Carys_90,eira2545,iter,1,0.25
Carys_90,eisio2547,iter,1,0.25
Carys_90,eisio3021,iter,1,0.25
Carys_90,gaggag2548,iter,1,0.25
Carys_90,hiya2549,iter,1,0.25
Carys_90,hiya2715,iter,1,0.25
Carys_90,hwnna2550,iter,1,0.25
Carys_90,hwnna3022,iter,1,0.25
Carys_90,lorry2551,iter,1,0.25
Carys_90,tata2554,iter,1,0.25
Carys_90,tata2555,iter,1,0.25
Carys_90,tata3023,iter,1,0.25
Carys_90,tractor2717,iter,1,0.25
Carys_91,La-La2716,iter,1,0.25
Carys_91,Meira1945,iter,1,0.25
Carys_91,Meira2553,iter,1,0.25
Carys_91,eira2545,iter,1,0.25
Carys_91,eira2546,iter,1,0.25
Carys_91,eisio2547,iter,1,0.25
Carys_91,eisio3021,iter,1,0.25
Carys_91,gaggag2548,iter,1,0.25
Carys_91,hiya2549,iter,1,0.25
Carys_91,hwnna2550,iter,1,0.25
Carys_91,hwnna3022,iter,1,0.25
Carys_91,lorry2551,iter,1,0.25
Carys_91,tata2554,iter,1,0.25
Carys_91,tata2555,iter,1,0.25
Carys_91,tata3023,iter,1,0.25
Carys_91,tedi2556,iter,1,0.25
Carys_91,tractor2717,iter,1,0.25
Carys_92,Lucy2552,iter,1,0.25
Carys_92,eisio2547,iter,1,0.25
Carys_92,eisio3021,iter,1,0.25
Carys_92,tata2554,iter,1,0.25
Carys_92,tata2555,iter,1,0.25
Carys_92,tata3023,iter,1,0.25
Carys_92,tedi2556,iter,1,0.25
Carys_93,La-La2716,iter,1,0.25
Carys_93,Meira1946,iter,1,0.25
Carys_93,hiya2715,iter,1,0.25
Carys_94,La-La2716,iter,1,0.25
Carys_94,Lucy2552,iter,1,0.25
Carys_94,Meira1946,iter,1,0.25
Carys_94,Meira2553,iter,1,0.25
Carys_94,eira2545,iter,1,0.25
Carys_94,eira2546,iter,1,0.25
Carys_94,eisio2547,iter,1,0.25
Carys_94,hiya2549,iter,1,0.25
Carys_94,hiya2715,iter,1,0.25
Carys_94,hwnna2550,iter,1,0.25
Carys_94,hwnna3022,iter,1,0.25
Carys_94,lorry2551,iter,1,0.25
Carys_94,tata2554,iter,1,0.25
Carys_94,tata2555,iter,1,0.25
Carys_94,tata3023,iter,1,0.25
Carys_94,tedi2556,iter,1,0.25
Carys_95,Meira1946,iter,1,0.25
Carys_95,Meira2553,iter,1,0.25
Carys_95,eira2545,iter,1,0.25
Carys_95,eira2546,iter,1,0.25
Carys_95,eisio2547,iter,1,0.25
Carys_95,eisio3021,iter,1,0.25
Carys_95,hiya2549,iter,1,0.25
Carys_95,hiya2715,iter,1,0.25
Carys_95,hwnna2550,iter,1,0.25
Carys_95,hwnna3022,iter,1,0.25
Carys_95,lorry2551,iter,1,0.25
Carys_95,tata2554,iter,1,0.25
Carys_95,tata3023,iter,1,0.25
Carys_95,tedi2556,iter,1,0.25
Carys_96,La-La2716,iter,1,0.25
Carys_96,Lucy2552,iter,1,0.25
Carys_96,Meira1946,iter,1,0.25
Carys_96,Meira2553,iter,1,0.25
Carys_96,eira2545,iter,1,0.25
Carys_96,eira2546,iter,1,0.25
Carys_96,eisio2547,iter,1,0.25
Carys_96,eisio3021,iter,1,0.25
Carys_96,gaggag2548,iter,1,0.25
Carys_96,hiya2549,iter,1,0.25
Carys_96,hiya2715,iter,1,0.25
Carys_96,hwnna2550,iter,1,0.25
Carys_96,hwnna3022,iter,1,0.25
Carys_96,tata2554,iter,1,0.25
Carys_96,tata2555,iter,1,0.25
Carys_96,tata3023,iter,1,0.25
Carys_96,tedi2556,iter,1,0.25
Carys_97,tedi3427,iter,1,0.25
Carys_98,tata2554,iter,1,0.25
Carys_98,tedi2556,iter,1,0.25
Carys_98,tedi3426,iter,1,0.25
Carys_99,La-La2716,iter,1,0.25
Carys_99,Meira1946,iter,1,0.25
Carys_99,eisio3021,iter,1,0.25
Carys_99,gaggag2548,iter,1,0.25
Carys_99,hiya2715,iter,1,0.25
Carys_99,hwnna3022,iter,1,0.25
Carys_99,tata3023,iter,1,0.25
Carys_99,tractor2717,iter,1,0.25
Eelis_1,heppa3172,iter,1,0.25
Eelis_1,heppa3180,iter,1,0.25
Eelis_1,heppa3181,iter,1,0.25
Eelis_1,heppa3510,iter,1,0.25
Eelis_1,pappa3200,iter,1,0.25
Eelis_1,pipi2134,iter,1,0.25
Eelis_10,ankka3499,iter,1,0.25
Eelis_10,ankka3503,iter,1,0.25
Eelis_10,ankka3504,iter,1,0.25
Eelis_10,kakka3184,iter,1,0.25
Eelis_10,kakka3185,iter,1,0.25
Eelis_10,kiinni1808,iter,1,0.25
Eelis_10,kiinni1812,iter,1,0.25
Eelis_100,Eetu2861,iter,1,0.25
Eelis_100,ankka3501,iter,1,0.25
Eelis_100,ankka3502,iter,1,0.25
Eelis_100,ankka3505,iter,1,0.25
Eelis_100,itkee3519,iter,1,0.25
Eelis_100,kiikkaa3188,iter,1,0.25
Eelis_100,kiikkaa3195,iter,1,0.25
Eelis_100,kiitos1816,iter,1,0.25
Eelis_11,ankka3501,iter,1,0.25
Eelis_11,ankka3502,iter,1,0.25
Eelis_11,itkee3519,iter,1,0.25
Eelis_11,kakka3182,iter,1,0.25
Eelis_11,kiikkaa1807,iter,1,0.25
Eelis_11,kiikkaa3188,iter,1,0.25
Eelis_11,kiikkaa3191,iter,1,0.25
Eelis_11,kiinni1808,iter,1,0.25
Eelis_11,kiinni1809,iter,1,0.25
Eelis_11,rikki3524,iter,1,0.25
Eelis_12,mamma3198,iter,1,0.25
Eelis_12,mamma3199,iter,1,0.25
Eelis_13,kiinni1809,iter,1,0.25
Eelis_13,kiinni1815,iter,1,0.25
Eelis_13,loppu1817,iter,1,0.25
Eelis_13,omppu1819,iter,1,0.25
Eelis_14,Hippi3512,iter,1,0.25
Eelis_14,Hippi3513,iter,1,0.25
Eelis_14,ankka3505,iter,1,0.25
Eelis_14,heppa3173,iter,1,0.25
Eelis_14,heppa3174,iter,1,0.25
Eelis_14,heppa3175,iter,1,0.25
Eelis_14,heppa3508,iter,1,0.25
Eelis_14,istuu3514,iter,1,0.25
Eelis_14,istuu3518,iter,1,0.25
Eelis_14,nappi3521,iter,1,0.25
Eelis_14,omppu3522,iter,1,0.25
Eelis_14,pappa3200,iter,1,0.25
Eelis_15,heppa3176,iter,1,0.25
Eelis_15,heppa3179,iter,1,0.25
Eelis_15,heppa3180,iter,1,0.25
Eelis_15,heppa3181,iter,1,0.25
Eelis_15,nappi3521,iter,1,0.25
Eelis_15,räppäa2862,iter,1,0.25
Eelis_16,heppa3178,iter,1,0.25
Eelis_16,heppa3510,iter,1,0.25
Eelis_16,loppu3520,iter,1,0.25
Eelis_16,nappi3521,iter,1,0.25
Eelis_16,räppäa2862,iter,1,0.25
Eelis_17,Hippi3511,iter,1,0.25
Eelis_17,Hippi3512,iter,1,0.25
Eelis_17,ankka3500,iter,1,0.25
Eelis_17,ankka3501,iter,1,0.25
Eelis_17,ankka3503,iter,1,0.25
Eelis_17,ankka3505,iter,1,0.25
Eelis_17,istuu3514,iter,1,0.25
Eelis_17,istuu3516,iter,1,0.25
Eelis_17,kakka3182,iter,1,0.25
Eelis_17,kiikkaa3190,iter,1,0.25
Eelis_17,omppu3522,iter,1,0.25
Eelis_18,Eetu2861,iter,1,0.25
Eelis_18,Eetu3507,iter,1,0.25
Eelis_18,Hippi3512,iter,1,0.25
Eelis_18,ankka3505,iter,1,0.25
Eelis_18,heppa3169,iter,1,0.25
Eelis_18,heppa3172,iter,1,0.25
Eelis_18,heppa3180,iter,1,0.25
Eelis_18,heppa3181,iter,1,0.25
Eelis_18,kiinni1810,iter,1,0.25
Eelis_18,pipi2134,iter,1,0.25
Eelis_18,rikki3524,iter,1,0.25
Eelis_19,ankka3502,iter,1,0.25
Eelis_19,heppa3169,iter,1,0.25
Eelis_19,heppa3170,iter,1,0.25
Eelis_19,heppa3171,iter,1,0.25
Eelis_19,heppa3176,iter,1,0.25
Eelis_19,heppa3179,iter,1,0.25
Eelis_19,heppa3181,iter,1,0.25
Eelis_19,kiikkaa3188,iter,1,0.25
Eelis_19,kiikkaa3195,iter,1,0.25
Eelis_19,nappi3521,iter,1,0.25
Eelis_19,pipi2134,iter,1,0.25
Eelis_2,heppa3174,iter,1,0.25
Eelis_2,heppa3175,iter,1,0.25
Eelis_2,heppa3179,iter,1,0.25
Eelis_2,pappa3200,iter,1,0.25
Eelis_2,pipi2134,iter,1,0.25
Eelis_2,pipi3201,iter,1,0.25
Eelis_20,Eetu2860,iter,1,0.25
Eelis_20,Eetu2861,iter,1,0.25
Eelis_20,kakka3182,iter,1,0.25
Eelis_20,kakka3185,iter,1,0.25
Eelis_20,kiikkaa3194,iter,1,0.25
Eelis_20,kiinni1810,iter,1,0.25
Eelis_20,kiinni1813,iter,1,0.25
Eelis_20,kiitos1816,iter,1,0.25
Eelis_20,poppa2135,iter,1,0.25
Eelis_21,kakka3185,iter,1,0.25
Eelis_21,kiikkaa3189,iter,1,0.25
Eelis_21,kiinni1809,iter,1,0.25
Eelis_21,kiinni1810,iter,1,0.25
Eelis_21,kiinni1812,iter,1,0.25
Eelis_21,kiinni1813,iter,1,0.25
Eelis_21,kukka3197,iter,1,0.25
Eelis_21,pipi2134,iter,1,0.25
Eelis_21,poppa2135,iter,1,0.25
Eelis_22,kakka3184,iter,1,0.25
Eelis_22,kiikkaa1807,iter,1,0.25
Eelis_22,kiikkaa3186,iter,1,0.25
Eelis_22,kiikkaa3192,iter,1,0.25
Eelis_22,kiikkaa3193,iter,1,0.25
Eelis_22,kiinni1815,iter,1,0.25
Eelis_22,rikki3523,iter,1,0.25
Eelis_23,Hippi3512,iter,1,0.25
Eelis_23,heppa3169,iter,1,0.25
Eelis_23,heppa3172,iter,1,0.25
Eelis_24,Eetu2861,iter,1,0.25
Eelis_24,ankka3504,iter,1,0.25
Eelis_24,istuu3516,iter,1,0.25
Eelis_24,kiinni1808,iter,1,0.25
Eelis_24,kiinni1809,iter,1,0.25
Eelis_24,kiitos1816,iter,1,0.25
Eelis_24,omppu3522,iter,1,0.25
Eelis_25,Eetu2860,iter,1,0.25
Eelis_25,Eetu3507,iter,1,0.25
Eelis_25,Hippi3511,iter,1,0.25
Eelis_25,ankka3501,iter,1,0.25
Eelis_25,ankka3504,iter,1,0.25
Eelis_25,ankka3505,iter,1,0.25
Eelis_25,istuu3514,iter,1,0.25
Eelis_25,itkee3519,iter,1,0.25
Eelis_25,kiikkaa3188,iter,1,0.25
Eelis_25,kiikkaa3189,iter,1,0.25
Eelis_25,kiikkaa3190,iter,1,0.25
Eelis_25,kiikkaa3191,iter,1,0.25
Eelis_25,kiinni1810,iter,1,0.25
Eelis_25,omppu3522,iter,1,0.25
Eelis_26,ankka3499,iter,1,0.25
Eelis_26,ankka3503,iter,1,0.25
Eelis_26,kakka3182,iter,1,0.25
Eelis_26,kakka3184,iter,1,0.25
Eelis_26,kiikkaa3189,iter,1,0.25
Eelis_26,kiikkaa3194,iter,1,0.25
Eelis_26,kiinni1809,iter,1,0.25
Eelis_26,kiinni1815,iter,1,0.25
Eelis_27,Hippi3511,iter,1,0.25
Eelis_27,ankka3501,iter,1,0.25
Eelis_27,ankka3504,iter,1,0.25
Eelis_27,heppa3174,iter,1,0.25
Eelis_27,heppa3180,iter,1,0.25
Eelis_27,istuu3516,iter,1,0.25
Eelis_27,istuu3517,iter,1,0.25
Eelis_27,istuu3518,iter,1,0.25
Eelis_27,itkee3519,iter,1,0.25
Eelis_27,kiikkaa3188,iter,1,0.25
Eelis_27,loppu3520,iter,1,0.25
Eelis_27,nappi3521,iter,1,0.25
Eelis_27,rikki3523,iter,1,0.25
Eelis_27,rikki3524,iter,1,0.25
Eelis_28,Eetu2860,iter,1,0.25
Eelis_28,Eetu3507,iter,1,0.25
Eelis_28,Hippi3513,iter,1,0.25
Eelis_28,ankka3504,iter,1,0.25
Eelis_28,istuu3518,iter,1,0.25
Eelis_28,kiikkaa3188,iter,1,0.25
Eelis_28,kiitos1816,iter,1,0.25
Eelis_28,loppu3520,iter,1,0.25
Eelis_29,ankka3505,iter,1,0.25
Eelis_29,itkee3519,iter,1,0.25
Eelis_29,kakka3182,iter,1,0.25
Eelis_29,kiikkaa3186,iter,1,0.25
Eelis_29,kiikkaa3193,iter,1,0.25
Eelis_29,kiinni1809,iter,1,0.25
Eelis_29,kiinni1814,iter,1,0.25
Eelis_3,Eetu2860,iter,1,0.25
Eelis_3,kakka3182,iter,1,0.25
Eelis_3,kakka3185,iter,1,0.25
Eelis_3,kiikkaa1807,iter,1,0.25
Eelis_3,kiikkaa3191,iter,1,0.25
Eelis_3,kiikkaa3193,iter,1,0.25
Eelis_3,kiinni1808,iter,1,0.25
Eelis_3,kiinni1811,iter,1,0.25
Eelis_3,kukka3196,iter,1,0.25
Eelis_3,loppu1817,iter,1,0.25
Eelis_3,pipi2134,iter,1,0.25
Eelis_30,Hippi3511,iter,1,0.25
Eelis_30,heppa3169,iter,1,0.25
Eelis_30,heppa3171,iter,1,0.25
Eelis_30,heppa3173,iter,1,0.25
Eelis_30,heppa3177,iter,1,0.25
Eelis_30,heppa3178,iter,1,0.25
Eelis_30,heppa3509,iter,1,0.25
Eelis_30,heppa3510,iter,1,0.25
Eelis_30,omppu3522,iter,1,0.25
Eelis_31,ankka3499,iter,1,0.25
Eelis_31,ankka3501,iter,1,0.25
Eelis_31,kakka3182,iter,1,0.25
Eelis_31,kakka3183,iter,1,0.25
Eelis_31,kakka3184,iter,1,0.25
Eelis_31,kiikkaa3190,iter,1,0.25
Eelis_31,kiikkaa3195,iter,1,0.25
Eelis_31,kiinni1808,iter,1,0.25
Eelis_31,kiinni1812,iter,1,0.25
Eelis_31,kukka3196,iter,1,0.25
Eelis_31,kukka3197,iter,1,0.25
Eelis_32,kiikkaa1807,iter,1,0.25
Eelis_32,kiikkaa3191,iter,1,0.25
Eelis_32,kiikkaa3192,iter,1,0.25
Eelis_32,kiinni1810,iter,1,0.25
Eelis_32,kiinni1811,iter,1,0.25
Eelis_32,kiinni1814,iter,1,0.25
Eelis_32,kiinni1815,iter,1,0.25
Eelis_32,poppa2135,iter,1,0.25
Eelis_33,Eetu2861,iter,1,0.25
Eelis_33,Hippi3512,iter,1,0.25
Eelis_33,ankka3500,iter,1,0.25
Eelis_33,heppa3509,iter,1,0.25
Eelis_33,kiinni1810,iter,1,0.25
Eelis_33,kiitos1816,iter,1,0.25
Eelis_33,nappi3521,iter,1,0.25
Eelis_33,omppu3522,iter,1,0.25
Eelis_33,räppäa2862,iter,1,0.25
Eelis_34,Eetu2860,iter,1,0.25
Eelis_34,Hippi3511,iter,1,0.25
Eelis_34,Hippi3513,iter,1,0.25
Eelis_34,kakka3182,iter,1,0.25
Eelis_34,kiikkaa3187,iter,1,0.25
Eelis_34,kiikkaa3189,iter,1,0.25
Eelis_34,kiikkaa3195,iter,1,0.25
Eelis_34,kiitos1816,iter,1,0.25
Eelis_34,nappi3521,iter,1,0.25
Eelis_34,rikki3523,iter,1,0.25
Eelis_35,Eetu2860,iter,1,0.25
Eelis_35,kakka3183,iter,1,0.25
Eelis_35,kakka3185,iter,1,0.25
Eelis_35,kiinni1809,iter,1,0.25
Eelis_35,kiinni1810,iter,1,0.25
Eelis_35,kiinni1812,iter,1,0.25
Eelis_35,kiinni1815,iter,1,0.25
Eelis_35,loppu1818,iter,1,0.25
Eelis_35,pipi2134,iter,1,0.25
Eelis_36,Eetu2860,iter,1,0.25
Eelis_36,Eetu2861,iter,1,0.25
Eelis_36,Hippi3512,iter,1,0.25
Eelis_36,ankka3505,iter,1,0.25
Eelis_36,heppa3171,iter,1,0.25
Eelis_36,heppa3173,iter,1,0.25
Eelis_36,heppa3175,iter,1,0.25
Eelis_36,heppa3180,iter,1,0.25
Eelis_36,heppa3510,iter,1,0.25
Eelis_36,kiikkaa3195,iter,1,0.25
Eelis_36,nappi3521,iter,1,0.25
Eelis_36,poppa2135,iter,1,0.25
Eelis_37,ankka3499,iter,1,0.25
Eelis_37,ankka3500,iter,1,0.25
Eelis_37,ankka3501,iter,1,0.25
Eelis_37,kakka3184,iter,1,0.25
Eelis_37,kiikkaa3189,iter,1,0.25
Eelis_37,kiikkaa3191,iter,1,0.25
Eelis_37,kiikkaa3193,iter,1,0.25
Eelis_37,kiinni1811,iter,1,0.25
Eelis_37,kiinni1815,iter,1,0.25
Eelis_38,Hippi3512,iter,1,0.25
Eelis_38,heppa3509,iter,1,0.25
Eelis_38,kiikkaa3192,iter,1,0.25
Eelis_38,kiikkaa3193,iter,1,0.25
Eelis_38,kiikkaa3194,iter,1,0.25
Eelis_38,kiinni1810,iter,1,0.25
Eelis_38,omppu3522,iter,1,0.25
Eelis_39,heppa3171,iter,1,0.25
Eelis_39,heppa3172,iter,1,0.25
Eelis_39,heppa3176,iter,1,0.25
Eelis_39,pipi2134,iter,1,0.25
Eelis_39,pipi3201,iter,1,0.25
Eelis_4,Eetu3507,iter,1,0.25
Eelis_4,Hippi3512,iter,1,0.25
Eelis_4,ankka3504,iter,1,0.25
Eelis_4,anna3506,iter,1,0.25
Eelis_4,istuu3514,iter,1,0.25
Eelis_4,istuu3516,iter,1,0.25
Eelis_4,kiikkaa3195,iter,1,0.25
Eelis_4,omppu3522,iter,1,0.25
Eelis_40,Eetu2860,iter,1,0.25
Eelis_40,Hippi3513,iter,1,0.25
Eelis_40,ankka3500,iter,1,0.25
Eelis_40,heppa3509,iter,1,0.25
Eelis_40,istuu3516,iter,1,0.25
Eelis_40,istuu3517,iter,1,0.25
Eelis_40,kiikkaa3188,iter,1,0.25
Eelis_40,nappi3521,iter,1,0.25
Eelis_40,pipi2134,iter,1,0.25
Eelis_40,räppäa2862,iter,1,0.25
Eelis_41,ankka3499,iter,1,0.25
Eelis_41,ankka3503,iter,1,0.25
Eelis_41,heppa3174,iter,1,0.25
Eelis_41,heppa3176,iter,1,0.25
Eelis_41,heppa3177,iter,1,0.25
Eelis_41,heppa3508,iter,1,0.25
Eelis_41,omppu3522,iter,1,0.25
Eelis_41,pipi3201,iter,1,0.25
Eelis_41,poppa2135,iter,1,0.25
Eelis_41,rikki3524,iter,1,0.25
Eelis_42,kakka3183,iter,1,0.25
Eelis_42,kiikkaa3186,iter,1,0.25
Eelis_42,kiikkaa3187,iter,1,0.25
Eelis_42,kiikkaa3189,iter,1,0.25
Eelis_42,kiikkaa3193,iter,1,0.25
Eelis_42,kiikkaa3194,iter,1,0.25
Eelis_42,kiinni1808,iter,1,0.25
Eelis_42,kiinni1812,iter,1,0.25
Eelis_42,kiinni1815,iter,1,0.25
Eelis_43,Hippi3511,iter,1,0.25
Eelis_43,heppa3172,iter,1,0.25
Eelis_43,heppa3176,iter,1,0.25
Eelis_43,heppa3178,iter,1,0.25
Eelis_43,kiinni1810,iter,1,0.25
Eelis_43,kiinni1812,iter,1,0.25
Eelis_43,loppu3520,iter,1,0.25
Eelis_43,omppu3522,iter,1,0.25
Eelis_43,poppa2135,iter,1,0.25
Eelis_44,Eetu2860,iter,1,0.25
Eelis_44,kakka3182,iter,1,0.25
Eelis_44,kakka3184,iter,1,0.25
Eelis_44,kiikkaa1807,iter,1,0.25
Eelis_44,kiikkaa3186,iter,1,0.25
Eelis_44,kiikkaa3192,iter,1,0.25
Eelis_44,kiinni1808,iter,1,0.25
Eelis_44,kukka3197,iter,1,0.25
Eelis_45,heppa3175,iter,1,0.25
Eelis_45,heppa3181,iter,1,0.25
Eelis_45,heppa3508,iter,1,0.25
Eelis_45,loppu3520,iter,1,0.25
Eelis_45,pappa3200,iter,1,0.25
Eelis_45,pipi2134,iter,1,0.25
Eelis_46,Eetu2860,iter,1,0.25
Eelis_46,Hippi3512,iter,1,0.25
Eelis_46,ankka3501,iter,1,0.25
Eelis_46,istuu3514,iter,1,0.25
Eelis_46,istuu3515,iter,1,0.25
Eelis_46,istuu3517,iter,1,0.25
Eelis_46,itkee3519,iter,1,0.25
Eelis_46,kiikkaa3195,iter,1,0.25
Eelis_46,kiinni1810,iter,1,0.25
Eelis_46,kiinni1812,iter,1,0.25
Eelis_46,kiitos1816,iter,1,0.25
Eelis_48,ankka3501,iter,1,0.25
Eelis_48,ankka3502,iter,1,0.25
Eelis_48,ankka3504,iter,1,0.25
Eelis_48,kakka3185,iter,1,0.25
Eelis_48,kiikkaa3186,iter,1,0.25
Eelis_48,kiikkaa3189,iter,1,0.25
Eelis_48,kiikkaa3190,iter,1,0.25
Eelis_48,kiikkaa3193,iter,1,0.25
Eelis_48,kiinni1808,iter,1,0.25
Eelis_48,kiinni1813,iter,1,0.25
Eelis_49,Eetu3507,iter,1,0.25
Eelis_49,Hippi3511,iter,1,0.25
Eelis_49,ankka3499,iter,1,0.25
Eelis_49,ankka3501,iter,1,0.25
Eelis_49,ankka3503,iter,1,0.25
Eelis_49,ankka3504,iter,1,0.25
Eelis_49,heppa3510,iter,1,0.25
Eelis_49,istuu3515,iter,1,0.25
Eelis_49,istuu3517,iter,1,0.25
Eelis_49,itkee3519,iter,1,0.25
Eelis_49,kiikkaa3187,iter,1,0.25
Eelis_49,kukka3197,iter,1,0.25
Eelis_49,loppu3520,iter,1,0.25
Eelis_49,rikki3524,iter,1,0.25
Eelis_5,kakka3183,iter,1,0.25
Eelis_5,kiikkaa3186,iter,1,0.25
Eelis_5,kiikkaa3190,iter,1,0.25
Eelis_5,kiikkaa3193,iter,1,0.25
Eelis_5,kiikkaa3194,iter,1,0.25
Eelis_5,kiinni1808,iter,1,0.25
Eelis_5,kiinni1811,iter,1,0.25
Eelis_5,kukka3196,iter,1,0.25
Eelis_50,ankka3499,iter,1,0.25
Eelis_50,ankka3504,iter,1,0.25
Eelis_50,kiikkaa3186,iter,1,0.25
Eelis_50,kiikkaa3187,iter,1,0.25
Eelis_50,kiikkaa3189,iter,1,0.25
Eelis_50,kiikkaa3190,iter,1,0.25
Eelis_50,kiikkaa3191,iter,1,0.25
Eelis_50,kiinni1808,iter,1,0.25
Eelis_50,kiinni1814,iter,1,0.25
Eelis_50,kukka3196,iter,1,0.25
Eelis_50,rikki3523,iter,1,0.25
Eelis_51,ankka3502,iter,1,0.25
Eelis_51,ankka3503,iter,1,0.25
Eelis_51,kakka3184,iter,1,0.25
Eelis_51,kiikkaa3189,iter,1,0.25
Eelis_51,kiinni1808,iter,1,0.25
Eelis_51,kiinni1811,iter,1,0.25
Eelis_51,kiinni1815,iter,1,0.25
Eelis_51,kukka3197,iter,1,0.25
Eelis_52,Hippi3511,iter,1,0.25
Eelis_52,Hippi3512,iter,1,0.25
Eelis_52,Hippi3513,iter,1,0.25
Eelis_52,ankka3504,iter,1,0.25
Eelis_52,heppa3180,iter,1,0.25
Eelis_52,istuu3515,iter,1,0.25
Eelis_52,istuu3516,iter,1,0.25
Eelis_52,kiikkaa3188,iter,1,0.25
Eelis_52,kiikkaa3195,iter,1,0.25
Eelis_52,kiinni1810,iter,1,0.25
Eelis_52,kiitos1816,iter,1,0.25
Eelis_52,omppu3522,iter,1,0.25
Eelis_52,rikki3524,iter,1,0.25
Eelis_53,ankka3499,iter,1,0.25
Eelis_53,ankka3503,iter,1,0.25
Eelis_53,anna3506,iter,1,0.25
Eelis_53,heppa3172,iter,1,0.25
Eelis_53,heppa3178,iter,1,0.25
Eelis_53,heppa3510,iter,1,0.25
Eelis_53,istuu3516,iter,1,0.25
Eelis_53,kiinni1809,iter,1,0.25
Eelis_53,kiinni1810,iter,1,0.25
Eelis_53,kiinni1811,iter,1,0.25
Eelis_53,kiitos1816,iter,1,0.25
Eelis_53,pappa3200,iter,1,0.25
Eelis_53,pipi3201,iter,1,0.25
Eelis_54,Eetu2861,iter,1,0.25
Eelis_54,Eetu3507,iter,1,0.25
Eelis_54,Hippi3513,iter,1,0.25
Eelis_54,ankka3500,iter,1,0.25
Eelis_54,ankka3501,iter,1,0.25
Eelis_54,ankka3504,iter,1,0.25
Eelis_54,istuu3514,iter,1,0.25
Eelis_54,itkee3519,iter,1,0.25
Eelis_54,kiikkaa3188,iter,1,0.25
Eelis_54,kiikkaa3194,iter,1,0.25
Eelis_54,omppu3522,iter,1,0.25
Eelis_54,räppäa2862,iter,1,0.25
Eelis_55,Eetu2861,iter,1,0.25
Eelis_55,heppa3170,iter,1,0.25
Eelis_55,heppa3172,iter,1,0.25
Eelis_55,heppa3174,iter,1,0.25
Eelis_55,heppa3180,iter,1,0.25
Eelis_55,heppa3508,iter,1,0.25
Eelis_55,heppa3509,iter,1,0.25
Eelis_55,kiikkaa1807,iter,1,0.25
Eelis_55,kiinni1810,iter,1,0.25
Eelis_55,kiinni1815,iter,1,0.25
Eelis_55,omppu3522,iter,1,0.25
Eelis_55,pipi3201,iter,1,0.25
Eelis_56,ankka3505,iter,1,0.25
Eelis_56,kakka3185,iter,1,0.25
Eelis_56,kiikkaa3193,iter,1,0.25
Eelis_56,kiikkaa3194,iter,1,0.25
Eelis_56,kiinni1809,iter,1,0.25
Eelis_56,kiinni1815,iter,1,0.25
Eelis_56,kukka3197,iter,1,0.25
Eelis_57,Eetu2861,iter,1,0.25
Eelis_57,heppa3510,iter,1,0.25
Eelis_57,istuu3516,iter,1,0.25
Eelis_57,istuu3518,iter,1,0.25
Eelis_57,kakka3184,iter,1,0.25
Eelis_57,kiikkaa3187,iter,1,0.25
Eelis_57,kiikkaa3191,iter,1,0.25
Eelis_57,kiinni1810,iter,1,0.25
Eelis_57,kukka3197,iter,1,0.25
Eelis_58,ankka3505,iter,1,0.25
Eelis_58,kakka3182,iter,1,0.25
Eelis_58,kakka3184,iter,1,0.25
Eelis_58,kiikkaa3186,iter,1,0.25
Eelis_58,kiikkaa3188,iter,1,0.25
Eelis_58,kiikkaa3189,iter,1,0.25
Eelis_58,kiikkaa3192,iter,1,0.25
Eelis_58,kiikkaa3195,iter,1,0.25
Eelis_58,kiinni1808,iter,1,0.25
Eelis_58,kiinni1811,iter,1,0.25
Eelis_58,kiinni1813,iter,1,0.25
Eelis_58,kukka3196,iter,1,0.25
Eelis_58,rikki3524,iter,1,0.25
Eelis_59,heppa3171,iter,1,0.25
Eelis_59,heppa3174,iter,1,0.25
Eelis_59,heppa3175,iter,1,0.25
Eelis_59,pappa3200,iter,1,0.25
Eelis_59,pipi3201,iter,1,0.25
Eelis_59,räppäa2862,iter,1,0.25
Eelis_6,Eetu2860,iter,1,0.25
Eelis_6,ankka3502,iter,1,0.25
Eelis_6,ankka3503,iter,1,0.25
Eelis_6,ankka3504,iter,1,0.25
Eelis_6,ankka3505,iter,1,0.25
Eelis_6,itkee3519,iter,1,0.25
Eelis_6,kakka3183,iter,1,0.25
Eelis_6,kiikkaa3187,iter,1,0.25
Eelis_6,kiinni1810,iter,1,0.25
Eelis_6,kiitos1816,iter,1,0.25
Eelis_6,rikki3524,iter,1,0.25
Eelis_60,itkee3519,iter,1,0.25
Eelis_60,kakka3185,iter,1,0.25
Eelis_60,kiikkaa3189,iter,1,0.25
Eelis_60,kiikkaa3190,iter,1,0.25
Eelis_60,kiikkaa3193,iter,1,0.25
Eelis_60,kiinni1811,iter,1,0.25
Eelis_61,kiinni1810,iter,1,0.25
Eelis_61,kiinni1811,iter,1,0.25
Eelis_62,heppa3508,iter,1,0.25
Eelis_62,heppa3510,iter,1,0.25
Eelis_62,istuu3514,iter,1,0.25
Eelis_62,istuu3515,iter,1,0.25
Eelis_62,istuu3518,iter,1,0.25
Eelis_62,kakka3185,iter,1,0.25
Eelis_62,kiikkaa3191,iter,1,0.25
Eelis_62,kiikkaa3192,iter,1,0.25
Eelis_62,kiikkaa3193,iter,1,0.25
Eelis_62,kiikkaa3195,iter,1,0.25
Eelis_62,omppu3522,iter,1,0.25
Eelis_63,ankka3501,iter,1,0.25
Eelis_63,istuu3515,iter,1,0.25
Eelis_63,istuu3518,iter,1,0.25
Eelis_63,kakka3184,iter,1,0.25
Eelis_63,kakka3185,iter,1,0.25
Eelis_63,kiikkaa3190,iter,1,0.25
Eelis_63,kiikkaa3191,iter,1,0.25
Eelis_63,kiikkaa3195,iter,1,0.25
Eelis_63,räppäa2862,iter,1,0.25
Eelis_64,kiinni1810,iter,1,0.25
Eelis_64,kiinni1812,iter,1,0.25
Eelis_65,heppa3169,iter,1,0.25
Eelis_65,heppa3170,iter,1,0.25
Eelis_65,heppa3178,iter,1,0.25
Eelis_65,kiikkaa1807,iter,1,0.25
Eelis_65,kiinni1809,iter,1,0.25
Eelis_65,kiinni1811,iter,1,0.25
Eelis_65,pappa3200,iter,1,0.25
Eelis_65,pipi3201,iter,1,0.25
Eelis_66,ankka3503,iter,1,0.25
Eelis_66,kakka3185,iter,1,0.25
Eelis_66,kiikkaa1807,iter,1,0.25
Eelis_66,kiikkaa3186,iter,1,0.25
Eelis_66,kiikkaa3187,iter,1,0.25
Eelis_66,kiikkaa3189,iter,1,0.25
Eelis_66,kiikkaa3190,iter,1,0.25
Eelis_66,kiikkaa3192,iter,1,0.25
Eelis_66,kiinni1814,iter,1,0.25
Eelis_66,kukka3197,iter,1,0.25
Eelis_66,rikki3524,iter,1,0.25
Eelis_67,Eetu2861,iter,1,0.25
Eelis_67,istuu3518,iter,1,0.25
Eelis_67,kiinni1810,iter,1,0.25
Eelis_67,rikki3524,iter,1,0.25
Eelis_68,Eetu2860,iter,1,0.25
Eelis_68,Hippi3512,iter,1,0.25
Eelis_68,Hippi3513,iter,1,0.25
Eelis_68,ankka3501,iter,1,0.25
Eelis_68,heppa3508,iter,1,0.25
Eelis_68,heppa3510,iter,1,0.25
Eelis_68,istuu3514,iter,1,0.25
Eelis_68,istuu3515,iter,1,0.25
Eelis_68,kiinni1809,iter,1,0.25
Eelis_68,kiinni1812,iter,1,0.25
Eelis_68,nappi3521,iter,1,0.25
Eelis_68,pipi2134,iter,1,0.25
Eelis_68,rikki3523,iter,1,0.25
Eelis_69,Eetu2860,iter,1,0.25
Eelis_69,ankka3503,iter,1,0.25
Eelis_69,istuu3514,iter,1,0.25
Eelis_69,istuu3518,iter,1,0.25
Eelis_69,itkee3519,iter,1,0.25
Eelis_69,loppu3520,iter,1,0.25
Eelis_69,rikki3524,iter,1,0.25
Eelis_7,Hippi3511,iter,1,0.25
Eelis_7,heppa3173,iter,1,0.25
Eelis_7,heppa3174,iter,1,0.25
Eelis_7,heppa3176,iter,1,0.25
Eelis_7,heppa3177,iter,1,0.25
Eelis_7,heppa3179,iter,1,0.25
Eelis_7,heppa3181,iter,1,0.25
Eelis_7,heppa3509,iter,1,0.25
Eelis_7,nappi3521,iter,1,0.25
Eelis_7,omppu3522,iter,1,0.25
Eelis_70,ankka3499,iter,1,0.25
Eelis_70,ankka3500,iter,1,0.25
Eelis_70,itkee3519,iter,1,0.25
Eelis_70,kakka3183,iter,1,0.25
Eelis_70,kiinni1811,iter,1,0.25
Eelis_70,kiinni1815,iter,1,0.25
Eelis_70,kukka3196,iter,1,0.25
Eelis_70,kukka3197,iter,1,0.25
Eelis_70,rikki3524,iter,1,0.25
Eelis_71,Eetu2861,iter,1,0.25
Eelis_71,Eetu3507,iter,1,0.25
Eelis_71,ankka3499,iter,1,0.25
Eelis_71,heppa3174,iter,1,0.25
Eelis_71,heppa3178,iter,1,0.25
Eelis_71,heppa3179,iter,1,0.25
Eelis_71,heppa3180,iter,1,0.25
Eelis_71,rikki3524,iter,1,0.25
Eelis_71,räppäa2862,iter,1,0.25
Eelis_72,heppa3169,iter,1,0.25
Eelis_72,heppa3171,iter,1,0.25
Eelis_72,heppa3173,iter,1,0.25
Eelis_72,heppa3175,iter,1,0.25
Eelis_72,heppa3180,iter,1,0.25
Eelis_72,heppa3181,iter,1,0.25
Eelis_72,heppa3509,iter,1,0.25
Eelis_72,poppa2135,iter,1,0.25
Eelis_73,Hippi3512,iter,1,0.25
Eelis_73,Hippi3513,iter,1,0.25
Eelis_73,ankka3501,iter,1,0.25
Eelis_73,ankka3503,iter,1,0.25
Eelis_73,ankka3504,iter,1,0.25
Eelis_73,ankka3505,iter,1,0.25
Eelis_73,heppa3170,iter,1,0.25
Eelis_73,heppa3174,iter,1,0.25
Eelis_73,heppa3509,iter,1,0.25
Eelis_73,istuu3515,iter,1,0.25
Eelis_73,kiikkaa3188,iter,1,0.25
Eelis_73,kiitos1816,iter,1,0.25
Eelis_73,omppu3522,iter,1,0.25
Eelis_74,Hippi3513,iter,1,0.25
Eelis_74,heppa3170,iter,1,0.25
Eelis_74,heppa3171,iter,1,0.25
Eelis_74,heppa3172,iter,1,0.25
Eelis_74,heppa3178,iter,1,0.25
Eelis_74,istuu3516,iter,1,0.25
Eelis_74,istuu3517,iter,1,0.25
Eelis_74,kiinni1810,iter,1,0.25
Eelis_74,pipi3201,iter,1,0.25
Eelis_74,pipi3202,iter,1,0.25
Eelis_75,Eetu2861,iter,1,0.25
Eelis_75,Hippi3512,iter,1,0.25
Eelis_75,heppa3173,iter,1,0.25
Eelis_75,heppa3174,iter,1,0.25
Eelis_75,heppa3175,iter,1,0.25
Eelis_75,heppa3178,iter,1,0.25
Eelis_75,kiinni1812,iter,1,0.25
Eelis_75,kiitos1816,iter,1,0.25
Eelis_75,nappi3521,iter,1,0.25
Eelis_75,pappa3200,iter,1,0.25
Eelis_76,Hippi3511,iter,1,0.25
Eelis_76,heppa3509,iter,1,0.25
Eelis_76,heppa3510,iter,1,0.25
Eelis_76,istuu3518,iter,1,0.25
Eelis_76,itkee3519,iter,1,0.25
Eelis_76,kiikkaa3192,iter,1,0.25
Eelis_76,kiikkaa3194,iter,1,0.25
Eelis_76,omppu3522,iter,1,0.25
Eelis_76,räppäa2862,iter,1,0.25
Eelis_77,heppa3169,iter,1,0.25
Eelis_77,heppa3170,iter,1,0.25
Eelis_77,heppa3171,iter,1,0.25
Eelis_77,heppa3174,iter,1,0.25
Eelis_77,heppa3177,iter,1,0.25
Eelis_77,heppa3508,iter,1,0.25
Eelis_77,nappi3521,iter,1,0.25
Eelis_77,pipi3201,iter,1,0.25
Eelis_78,Eetu2860,iter,1,0.25
Eelis_78,Hippi3512,iter,1,0.25
Eelis_78,Hippi3513,iter,1,0.25
Eelis_78,ankka3500,iter,1,0.25
Eelis_78,ankka3502,iter,1,0.25
Eelis_78,heppa3509,iter,1,0.25
Eelis_78,heppa3510,iter,1,0.25
Eelis_78,istuu3517,iter,1,0.25
Eelis_78,kiinni1809,iter,1,0.25
Eelis_78,kiinni1810,iter,1,0.25
Eelis_78,omppu3522,iter,1,0.25
Eelis_78,räppäa2862,iter,1,0.25
Eelis_79,ankka3500,iter,1,0.25
Eelis_79,ankka3502,iter,1,0.25
Eelis_79,ankka3504,iter,1,0.25
Eelis_79,ankka3505,iter,1,0.25
Eelis_79,kakka3182,iter,1,0.25
Eelis_79,kiikkaa3191,iter,1,0.25
Eelis_79,kiikkaa3192,iter,1,0.25
Eelis_79,kiinni1809,iter,1,0.25
Eelis_79,kiinni1811,iter,1,0.25
Eelis_8,Eetu2861,iter,1,0.25
Eelis_8,Hippi3511,iter,1,0.25
Eelis_8,Hippi3513,iter,1,0.25
Eelis_8,ankka3500,iter,1,0.25
Eelis_8,ankka3502,iter,1,0.25
Eelis_8,ankka3505,iter,1,0.25
Eelis_8,kakka3185,iter,1,0.25
Eelis_8,kiikkaa3189,iter,1,0.25
Eelis_8,kiikkaa3190,iter,1,0.25
Eelis_8,kiikkaa3191,iter,1,0.25
Eelis_8,kiikkaa3192,iter,1,0.25
Eelis_8,kiikkaa3193,iter,1,0.25
Eelis_8,kiikkaa3195,iter,1,0.25
Eelis_80,heppa3179,iter,1,0.25
Eelis_80,loppu3520,iter,1,0.25
Eelis_80,nappi3521,iter,1,0.25
Eelis_80,omppu3522,iter,1,0.25
Eelis_81,ankka3500,iter,1,0.25
Eelis_81,heppa3170,iter,1,0.25
Eelis_81,heppa3173,iter,1,0.25
Eelis_81,heppa3174,iter,1,0.25
Eelis_81,heppa3176,iter,1,0.25
Eelis_81,heppa3179,iter,1,0.25
Eelis_81,heppa3508,iter,1,0.25
Eelis_81,heppa3509,iter,1,0.25
Eelis_81,istuu3515,iter,1,0.25
Eelis_81,kiikkaa3188,iter,1,0.25
Eelis_81,kiitos1816,iter,1,0.25
Eelis_81,rikki3524,iter,1,0.25
Eelis_82,kiikkaa3186,iter,1,0.25
Eelis_82,kiikkaa3189,iter,1,0.25
Eelis_82,kiikkaa3190,iter,1,0.25
Eelis_82,kiikkaa3191,iter,1,0.25
Eelis_82,kiinni1809,iter,1,0.25
Eelis_82,kiinni1810,iter,1,0.25
Eelis_82,kiinni1812,iter,1,0.25
Eelis_82,omppu1819,iter,1,0.25
Eelis_82,räppäa2862,iter,1,0.25
Eelis_83,Hippi3513,iter,1,0.25
Eelis_83,heppa3170,iter,1,0.25
Eelis_83,heppa3176,iter,1,0.25
Eelis_83,heppa3179,iter,1,0.25
Eelis_83,pipi3202,iter,1,0.25
Eelis_83,poppa2135,iter,1,0.25
Eelis_83,räppäa2862,iter,1,0.25
Eelis_84,Eetu2860,iter,1,0.25
Eelis_84,kakka3182,iter,1,0.25
Eelis_84,kakka3184,iter,1,0.25
Eelis_84,kiikkaa3190,iter,1,0.25
Eelis_84,kiikkaa3192,iter,1,0.25
Eelis_84,kiinni1809,iter,1,0.25
Eelis_84,kiinni1810,iter,1,0.25
Eelis_84,kiitos1816,iter,1,0.25
Eelis_84,loppu1817,iter,1,0.25
Eelis_85,Eetu2861,iter,1,0.25
Eelis_85,kakka3182,iter,1,0.25
Eelis_85,kiikkaa3191,iter,1,0.25
Eelis_85,kiinni1810,iter,1,0.25
Eelis_85,kiinni1813,iter,1,0.25
Eelis_86,Eetu2861,iter,1,0.25
Eelis_86,ankka3501,iter,1,0.25
Eelis_86,ankka3503,iter,1,0.25
Eelis_86,istuu3514,iter,1,0.25
Eelis_86,istuu3516,iter,1,0.25
Eelis_86,istuu3517,iter,1,0.25
Eelis_87,heppa3170,iter,1,0.25
Eelis_87,heppa3172,iter,1,0.25
Eelis_87,heppa3508,iter,1,0.25
Eelis_87,nappi3521,iter,1,0.25
Eelis_87,pipi3201,iter,1,0.25
Eelis_87,poppa2135,iter,1,0.25
Eelis_87,räppäa2862,iter,1,0.25
Eelis_88,kakka3185,iter,1,0.25
Eelis_88,kiikkaa3189,iter,1,0.25
Eelis_88,kiikkaa3193,iter,1,0.25
Eelis_88,kiinni1808,iter,1,0.25
Eelis_88,kiinni1814,iter,1,0.25
Eelis_88,kukka3197,iter,1,0.25
Eelis_89,Eetu2861,iter,1,0.25
Eelis_89,Eetu3507,iter,1,0.25
Eelis_89,Hippi3512,iter,1,0.25
Eelis_89,ankka3501,iter,1,0.25
Eelis_89,heppa3169,iter,1,0.25
Eelis_89,heppa3173,iter,1,0.25
Eelis_89,heppa3174,iter,1,0.25
Eelis_89,heppa3509,iter,1,0.25
Eelis_89,istuu3515,iter,1,0.25
Eelis_89,loppu3520,iter,1,0.25
Eelis_89,nappi3521,iter,1,0.25
Eelis_89,omppu3522,iter,1,0.25
Eelis_89,pipi3201,iter,1,0.25
Eelis_89,poppa2135,iter,1,0.25
Eelis_9,Hippi3512,iter,1,0.25
Eelis_9,heppa3170,iter,1,0.25
Eelis_9,heppa3171,iter,1,0.25
Eelis_9,heppa3172,iter,1,0.25
Eelis_9,heppa3178,iter,1,0.25
Eelis_9,heppa3510,iter,1,0.25
Eelis_9,nappi3521,iter,1,0.25
Eelis_9,poppa2135,iter,1,0.25
Eelis_9,räppäa2862,iter,1,0.25
Eelis_90,loppu1817,iter,1,0.25
Eelis_91,ankka3501,iter,1,0.25
Eelis_91,ankka3505,iter,1,0.25
Eelis_91,heppa3508,iter,1,0.25
Eelis_91,kiinni1809,iter,1,0.25
Eelis_91,kiinni1810,iter,1,0.25
Eelis_91,kiinni1811,iter,1,0.25
Eelis_91,kiinni1813,iter,1,0.25
Eelis_91,mamma3199,iter,1,0.25
Eelis_91,nappi3521,iter,1,0.25
Eelis_91,omppu1819,iter,1,0.25
Eelis_91,omppu3522,iter,1,0.25
Eelis_91,poppa2135,iter,1,0.25
Eelis_91,rikki3524,iter,1,0.25
Eelis_92,heppa3170,iter,1,0.25
Eelis_92,heppa3178,iter,1,0.25
Eelis_92,heppa3510,iter,1,0.25
Eelis_92,loppu3520,iter,1,0.25
Eelis_92,nappi3521,iter,1,0.25
Eelis_93,ankka3499,iter,1,0.25
Eelis_93,ankka3500,iter,1,0.25
Eelis_93,ankka3505,iter,1,0.25
Eelis_93,kiikkaa3187,iter,1,0.25
Eelis_93,kiikkaa3190,iter,1,0.25
Eelis_93,nappi3521,iter,1,0.25
Eelis_93,rikki3523,iter,1,0.25
Eelis_93,rikki3524,iter,1,0.25
Eelis_94,Eetu2860,iter,1,0.25
Eelis_94,ankka3499,iter,1,0.25
Eelis_94,ankka3500,iter,1,0.25
Eelis_94,ankka3505,iter,1,0.25
Eelis_94,heppa3169,iter,1,0.25
Eelis_94,heppa3180,iter,1,0.25
Eelis_94,itkee3519,iter,1,0.25
Eelis_94,kiikkaa3188,iter,1,0.25
Eelis_94,kiitos1816,iter,1,0.25
Eelis_94,nappi3521,iter,1,0.25
Eelis_94,omppu3522,iter,1,0.25
Eelis_94,pappa3200,iter,1,0.25
Eelis_94,rikki3524,iter,1,0.25
Eelis_95,Hippi3511,iter,1,0.25
Eelis_95,heppa3170,iter,1,0.25
Eelis_95,heppa3176,iter,1,0.25
Eelis_95,heppa3181,iter,1,0.25
Eelis_95,nappi3521,iter,1,0.25
Eelis_95,pipi3202,iter,1,0.25
Eelis_96,Eetu2860,iter,1,0.25
Eelis_96,Hippi3511,iter,1,0.25
Eelis_96,ankka3499,iter,1,0.25
Eelis_96,loppu3520,iter,1,0.25
Eelis_96,nappi3521,iter,1,0.25
Eelis_96,räppäa2862,iter,1,0.25
Eelis_97,Eetu2861,iter,1,0.25
Eelis_97,Eetu3507,iter,1,0.25
Eelis_97,Hippi3512,iter,1,0.25
Eelis_97,ankka3502,iter,1,0.25
Eelis_97,ankka3505,iter,1,0.25
Eelis_97,istuu3516,iter,1,0.25
Eelis_97,kakka3185,iter,1,0.25
Eelis_97,kiikkaa3190,iter,1,0.25
Eelis_97,kiikkaa3193,iter,1,0.25
Eelis_97,kiikkaa3194,iter,1,0.25
Eelis_97,kiitos1816,iter,1,0.25
Eelis_97,loppu3520,iter,1,0.25
Eelis_97,omppu3522,iter,1,0.25
Eelis_98,heppa3171,iter,1,0.25
Eelis_98,heppa3175,iter,1,0.25
Eelis_98,heppa3180,iter,1,0.25
Eelis_98,heppa3181,iter,1,0.25
Eelis_98,omppu3522,iter,1,0.25
Eelis_98,räppäa2862,iter,1,0.25
Eelis_99,Hippi3513,iter,1,0.25
Eelis_99,ankka3501,iter,1,0.25
Eelis_99,ankka3503,iter,1,0.25
Eelis_99,heppa3177,iter,1,0.25
Eelis_99,itkee3519,iter,1,0.25
Eelis_99,kiikkaa3188,iter,1,0.25
Eelis_99,kiitos1816,iter,1,0.25
Eelis_99,nappi3521,iter,1,0.25
Elen_1,Dipsi2587,iter,1,0.25
Elen_1,La-La3029,iter,1,0.25
Elen_1,"dau, tri2585",iter,1,0.25
Elen_1,hello1954,iter,1,0.25
Elen_1,hello2590,iter,1,0.25
Elen_1,hello3026,iter,1,0.25
Elen_1,llyga2595,iter,1,0.25
Elen_1,llyga2596,iter,1,0.25
Elen_1,tata2598,iter,1,0.25
Elen_1,uh-oh2601,iter,1,0.25
Elen_1,uh-oh2602,iter,1,0.25
Elen_10,babi2579,iter,1,0.25
Elen_10,babi2581,iter,1,0.25
Elen_10,babi2582,iter,1,0.25
Elen_100,uh-oh2601,iter,1,0.25
Elen_11,La-La3027,iter,1,0.25
Elen_11,La-La3028,iter,1,0.25
Elen_11,biscuit1953,iter,1,0.25
Elen_11,"dau, tri2585",iter,1,0.25
Elen_11,geegee2589,iter,1,0.25
Elen_11,hello1954,iter,1,0.25
Elen_11,hello2590,iter,1,0.25
Elen_11,hello3026,iter,1,0.25
Elen_11,llyga2595,iter,1,0.25
Elen_11,oh god2597,iter,1,0.25
Elen_11,oh god3030,iter,1,0.25
Elen_11,tata2598,iter,1,0.25
Elen_11,uh-oh2602,iter,1,0.25
Elen_13,La-La3028,iter,1,0.25
Elen_13,La-La3029,iter,1,0.25
Elen_13,"dau, tri2585",iter,1,0.25
Elen_13,hello3026,iter,1,0.25
Elen_13,llyga2596,iter,1,0.25
Elen_13,uh-oh2601,iter,1,0.25
Elen_13,uh-oh2602,iter,1,0.25
Elen_14,Dipsi2587,iter,1,0.25
Elen_14,La-La3028,iter,1,0.25
Elen_14,La-La3029,iter,1,0.25
Elen_14,babi2577,iter,1,0.25
Elen_14,"dau, tri2586",iter,1,0.25
Elen_14,geegee2588,iter,1,0.25
Elen_14,geegee2589,iter,1,0.25
Elen_14,hello1954,iter,1,0.25
Elen_14,hello2590,iter,1,0.25
Elen_14,hello3026,iter,1,0.25
Elen_14,llyga2595,iter,1,0.25
Elen_14,llyga2596,iter,1,0.25
Elen_14,tata2598,iter,1,0.25
Elen_14,tedi2594,iter,1,0.25
Elen_14,uh-oh2601,iter,1,0.25
Elen_15,La-La3027,iter,1,0.25
Elen_15,"dau, tri2586",iter,1,0.25
Elen_15,hello3026,iter,1,0.25
Elen_15,hiya2592,iter,1,0.25
Elen_15,llyga2595,iter,1,0.25
Elen_15,tata2598,iter,1,0.25
Elen_15,tedi2594,iter,1,0.25
Elen_15,tedi2599,iter,1,0.25
Elen_16,La-La3027,iter,1,0.25
Elen_16,La-La3028,iter,1,0.25
Elen_16,"dau, tri2585",iter,1,0.25
Elen_16,"dau, tri2586",iter,1,0.25
Elen_16,hello2590,iter,1,0.25
Elen_16,hello3026,iter,1,0.25
Elen_16,hiya2591,iter,1,0.25
Elen_16,hiya2592,iter,1,0.25
Elen_16,hwnna2593,iter,1,0.25
Elen_16,llyga2595,iter,1,0.25
Elen_16,tata2598,iter,1,0.25
Elen_16,tedi2594,iter,1,0.25
Elen_16,tedi2599,iter,1,0.25
Elen_16,tedi2600,iter,1,0.25
Elen_16,uh-oh2601,iter,1,0.25
Elen_16,uh-oh2602,iter,1,0.25
Elen_17,"dau, tri2584",iter,1,0.25
Elen_17,"dau, tri2585",iter,1,0.25
Elen_17,geegee2588,iter,1,0.25
Elen_17,geegee2589,iter,1,0.25
Elen_17,hiya2592,iter,1,0.25
Elen_17,llyga2595,iter,1,0.25
Elen_17,uh-oh2601,iter,1,0.25
Elen_17,uh-oh2602,iter,1,0.25
Elen_18,oh god2597,iter,1,0.25
Elen_18,oh god2660,iter,1,0.25
Elen_19,babi2577,iter,1,0.25
Elen_19,babi2578,iter,1,0.25
Elen_19,babi2579,iter,1,0.25
Elen_19,babi2580,iter,1,0.25
Elen_2,Dipsi2587,iter,1,0.25
Elen_2,"dau, tri2584",iter,1,0.25
Elen_2,"dau, tri2585",iter,1,0.25
Elen_2,geegee2588,iter,1,0.25
Elen_2,hello1954,iter,1,0.25
Elen_2,hiya2592,iter,1,0.25
Elen_2,llyga2596,iter,1,0.25
Elen_2,tedi2594,iter,1,0.25
Elen_2,tedi2599,iter,1,0.25
Elen_2,tedi2600,iter,1,0.25
Elen_2,uh-oh2601,iter,1,0.25
Elen_2,uh-oh2602,iter,1,0.25
Elen_20,Dipsi2587,iter,1,0.25
Elen_20,La-La3027,iter,1,0.25
Elen_20,La-La3028,iter,1,0.25
Elen_20,La-La3029,iter,1,0.25
Elen_20,geegee2589,iter,1,0.25
Elen_20,hello2590,iter,1,0.25
Elen_20,hello3026,iter,1,0.25
Elen_20,hiya2592,iter,1,0.25
Elen_20,llyga2595,iter,1,0.25
Elen_20,tedi2594,iter,1,0.25
Elen_20,tedi2600,iter,1,0.25
Elen_20,uh-oh2602,iter,1,0.25
Elen_21,Dipsi2587,iter,1,0.25
Elen_21,La-La3027,iter,1,0.25
Elen_21,La-La3029,iter,1,0.25
Elen_21,"dau, tri2586",iter,1,0.25
Elen_21,geegee2589,iter,1,0.25
Elen_21,hello1954,iter,1,0.25
Elen_21,hello2590,iter,1,0.25
Elen_21,hello3026,iter,1,0.25
Elen_21,hiya2591,iter,1,0.25
Elen_21,hwnna2593,iter,1,0.25
Elen_21,llyga2595,iter,1,0.25
Elen_21,tata2598,iter,1,0.25
Elen_22,La-La3027,iter,1,0.25
Elen_22,babi2577,iter,1,0.25
Elen_22,"dau, tri2586",iter,1,0.25
Elen_22,geegee2589,iter,1,0.25
Elen_22,hello3026,iter,1,0.25
Elen_22,hiya2592,iter,1,0.25
Elen_22,hwnna2593,iter,1,0.25
Elen_22,llyga2596,iter,1,0.25
Elen_22,tata2598,iter,1,0.25
Elen_22,tedi2599,iter,1,0.25
Elen_23,hello2590,iter,1,0.25
Elen_23,llyga2595,iter,1,0.25
Elen_23,oh god2660,iter,1,0.25
Elen_23,oh god3030,iter,1,0.25
Elen_24,hello1954,iter,1,0.25
Elen_24,hiya2591,iter,1,0.25
Elen_24,hwnna2593,iter,1,0.25
Elen_24,oh god3030,iter,1,0.25
Elen_25,Dipsi2587,iter,1,0.25
Elen_25,La-La3027,iter,1,0.25
Elen_25,La-La3029,iter,1,0.25
Elen_25,hello2590,iter,1,0.25
Elen_25,hello3026,iter,1,0.25
Elen_25,hiya2592,iter,1,0.25
Elen_25,llyga2596,iter,1,0.25
Elen_25,tata2598,iter,1,0.25
Elen_25,tedi2594,iter,1,0.25
Elen_25,tedi2599,iter,1,0.25
Elen_25,uh-oh2601,iter,1,0.25
Elen_26,La-La3027,iter,1,0.25
Elen_26,La-La3028,iter,1,0.25
Elen_26,babi2577,iter,1,0.25
Elen_26,hello2590,iter,1,0.25
Elen_26,hiya2592,iter,1,0.25
Elen_26,hwnna2593,iter,1,0.25
Elen_26,tedi2594,iter,1,0.25
Elen_26,tedi2599,iter,1,0.25
Elen_26,uh-oh2601,iter,1,0.25
Elen_26,uh-oh2602,iter,1,0.25
Elen_29,Dipsi2587,iter,1,0.25
Elen_29,La-La3029,iter,1,0.25
Elen_29,"dau, tri2585",iter,1,0.25
Elen_29,geegee2589,iter,1,0.25
Elen_29,hello3026,iter,1,0.25
Elen_29,hiya2592,iter,1,0.25
Elen_29,hwnna2593,iter,1,0.25
Elen_29,llyga2596,iter,1,0.25
Elen_29,oh god3030,iter,1,0.25
Elen_29,tata2598,iter,1,0.25
Elen_29,tedi2594,iter,1,0.25
Elen_29,tedi2599,iter,1,0.25
Elen_3,babi2579,iter,1,0.25
Elen_30,La-La3029,iter,1,0.25
Elen_30,"dau, tri2584",iter,1,0.25
Elen_30,"dau, tri2585",iter,1,0.25
Elen_30,"dau, tri2586",iter,1,0.25
Elen_30,hello1954,iter,1,0.25
Elen_30,hello3026,iter,1,0.25
Elen_30,hiya2592,iter,1,0.25
Elen_30,llyga2595,iter,1,0.25
Elen_30,llyga2596,iter,1,0.25
Elen_30,tata2598,iter,1,0.25
Elen_30,tedi2600,iter,1,0.25
Elen_30,uh-oh2602,iter,1,0.25
Elen_31,La-La3027,iter,1,0.25
Elen_31,La-La3028,iter,1,0.25
Elen_31,biscuit1953,iter,1,0.25
Elen_31,"dau, tri2586",iter,1,0.25
Elen_31,geegee2589,iter,1,0.25
Elen_31,hello2590,iter,1,0.25
Elen_31,hello3026,iter,1,0.25
Elen_31,llyga2595,iter,1,0.25
Elen_31,llyga2596,iter,1,0.25
Elen_31,oh god2597,iter,1,0.25
Elen_31,oh god3030,iter,1,0.25
Elen_31,tata2598,iter,1,0.25
Elen_31,tedi2599,iter,1,0.25
Elen_32,La-La3028,iter,1,0.25
Elen_32,La-La3029,iter,1,0.25
Elen_32,"dau, tri2584",iter,1,0.25
Elen_32,hello1954,iter,1,0.25
Elen_32,hello2590,iter,1,0.25
Elen_32,hiya2592,iter,1,0.25
Elen_32,hwnna2593,iter,1,0.25
Elen_32,llyga2595,iter,1,0.25
Elen_32,tata2598,iter,1,0.25
Elen_32,tedi2594,iter,1,0.25
Elen_32,tedi2600,iter,1,0.25
Elen_32,uh-oh2601,iter,1,0.25
Elen_32,uh-oh2602,iter,1,0.25
Elen_34,Dipsi2587,iter,1,0.25
Elen_34,La-La3027,iter,1,0.25
Elen_34,hello3026,iter,1,0.25
Elen_34,hwnna2593,iter,1,0.25
Elen_34,llyga2595,iter,1,0.25
Elen_34,llyga2596,iter,1,0.25
Elen_34,oh god2597,iter,1,0.25
Elen_34,tata2598,iter,1,0.25
Elen_34,tedi2594,iter,1,0.25
Elen_34,tedi2599,iter,1,0.25
Elen_34,uh-oh2601,iter,1,0.25
Elen_35,babi2578,iter,1,0.25
Elen_35,babi2579,iter,1,0.25
Elen_35,babi2580,iter,1,0.25
Elen_35,babi2581,iter,1,0.25
Elen_36,La-La3028,iter,1,0.25
Elen_36,"dau, tri2585",iter,1,0.25
Elen_36,"dau, tri2586",iter,1,0.25
Elen_36,hello2590,iter,1,0.25
Elen_36,hello3026,iter,1,0.25
Elen_36,hiya2592,iter,1,0.25
Elen_36,hwnna2593,iter,1,0.25
Elen_36,llyga2596,iter,1,0.25
Elen_36,oh god2597,iter,1,0.25
Elen_36,tedi2594,iter,1,0.25
Elen_36,tedi2599,iter,1,0.25
Elen_37,Dipsi2587,iter,1,0.25
Elen_37,"dau, tri2585",iter,1,0.25
Elen_37,hello2590,iter,1,0.25
Elen_37,hello3026,iter,1,0.25
Elen_37,llyga2595,iter,1,0.25
Elen_37,llyga2596,iter,1,0.25
Elen_37,oh god2597,iter,1,0.25
Elen_37,tata2598,iter,1,0.25
Elen_37,tedi2594,iter,1,0.25
Elen_37,uh-oh2601,iter,1,0.25
Elen_37,uh-oh2602,iter,1,0.25
Elen_38,babi2582,iter,1,0.25
Elen_39,La-La3027,iter,1,0.25
Elen_39,"dau, tri2585",iter,1,0.25
Elen_39,hiya2591,iter,1,0.25
Elen_39,llyga2596,iter,1,0.25
Elen_39,oh god3030,iter,1,0.25
Elen_39,tedi2594,iter,1,0.25
Elen_39,uh-oh2601,iter,1,0.25
Elen_39,uh-oh2602,iter,1,0.25
Elen_40,Dipsi2587,iter,1,0.25
Elen_40,La-La3028,iter,1,0.25
Elen_40,babi2577,iter,1,0.25
Elen_40,"dau, tri2584",iter,1,0.25
Elen_40,"dau, tri2586",iter,1,0.25
Elen_40,geegee2588,iter,1,0.25
Elen_40,geegee2589,iter,1,0.25
Elen_40,hello3026,iter,1,0.25
Elen_40,hiya2592,iter,1,0.25
Elen_40,uh-oh2601,iter,1,0.25
Elen_40,uh-oh2602,iter,1,0.25
Elen_41,hello1954,iter,1,0.25
Elen_41,oh god2597,iter,1,0.25
Elen_41,oh god3030,iter,1,0.25
Elen_43,Dipsi2587,iter,1,0.25
Elen_43,"dau, tri2584",iter,1,0.25
Elen_43,"dau, tri2586",iter,1,0.25
Elen_43,geegee2588,iter,1,0.25
Elen_43,hiya2592,iter,1,0.25
Elen_43,tedi2600,iter,1,0.25
Elen_44,Dipsi2587,iter,1,0.25
Elen_44,"dau, tri2585",iter,1,0.25
Elen_44,"dau, tri2586",iter,1,0.25
Elen_44,tata2598,iter,1,0.25
Elen_44,tedi2594,iter,1,0.25
Elen_44,tedi2599,iter,1,0.25
Elen_45,La-La3027,iter,1,0.25
Elen_45,babi2577,iter,1,0.25
Elen_45,"dau, tri2586",iter,1,0.25
Elen_45,hello1954,iter,1,0.25
Elen_45,hiya2592,iter,1,0.25
Elen_45,llyga2595,iter,1,0.25
Elen_45,oh god2597,iter,1,0.25
Elen_45,tata2598,iter,1,0.25
Elen_45,tedi2599,iter,1,0.25
Elen_45,uh-oh3441,iter,1,0.25
Elen_47,La-La3028,iter,1,0.25
Elen_47,"dau, tri2585",iter,1,0.25
Elen_47,"dau, tri2586",iter,1,0.25
Elen_47,hello1954,iter,1,0.25
Elen_47,hello2590,iter,1,0.25
Elen_47,hello3026,iter,1,0.25
Elen_47,hiya2591,iter,1,0.25
Elen_47,hiya2592,iter,1,0.25
Elen_47,hwnna2593,iter,1,0.25
Elen_47,tedi2594,iter,1,0.25
Elen_47,tedi2599,iter,1,0.25
Elen_47,tedi2600,iter,1,0.25
Elen_47,uh-oh2601,iter,1,0.25
Elen_48,La-La3028,iter,1,0.25
Elen_48,babi2577,iter,1,0.25
Elen_48,"dau, tri2585",iter,1,0.25
Elen_48,"dau, tri2586",iter,1,0.25
Elen_48,hello1954,iter,1,0.25
Elen_48,hello2590,iter,1,0.25
Elen_48,hiya2591,iter,1,0.25
Elen_48,hwnna2593,iter,1,0.25
Elen_48,llyga2595,iter,1,0.25
Elen_48,llyga2596,iter,1,0.25
Elen_48,oh god3030,iter,1,0.25
Elen_48,tata2598,iter,1,0.25
Elen_48,tedi2594,iter,1,0.25
Elen_48,tedi2599,iter,1,0.25
Elen_49,Dipsi2587,iter,1,0.25
Elen_49,La-La3028,iter,1,0.25
Elen_49,La-La3029,iter,1,0.25
Elen_49,hello2590,iter,1,0.25
Elen_49,hello3026,iter,1,0.25
Elen_49,hiya2592,iter,1,0.25
Elen_49,hwnna2593,iter,1,0.25
Elen_49,llyga2595,iter,1,0.25
Elen_49,llyga2596,iter,1,0.25
Elen_49,oh god2597,iter,1,0.25
Elen_49,tata2598,iter,1,0.25
Elen_49,tedi2594,iter,1,0.25
Elen_49,tedi2599,iter,1,0.25
Elen_49,uh-oh2602,iter,1,0.25
Elen_5,"dau, tri2585",iter,1,0.25
Elen_5,hiya2592,iter,1,0.25
Elen_5,tata2598,iter,1,0.25
Elen_5,tedi2594,iter,1,0.25
Elen_5,tedi2599,iter,1,0.25
Elen_50,La-La3028,iter,1,0.25
Elen_50,La-La3029,iter,1,0.25
Elen_50,"dau, tri2585",iter,1,0.25
Elen_50,geegee2588,iter,1,0.25
Elen_50,hello1954,iter,1,0.25
Elen_50,hello2590,iter,1,0.25
Elen_50,hello3026,iter,1,0.25
Elen_50,hiya2591,iter,1,0.25
Elen_50,llyga2595,iter,1,0.25
Elen_50,tedi2599,iter,1,0.25
Elen_51,"dau, tri2586",iter,1,0.25
Elen_51,geegee2589,iter,1,0.25
Elen_51,hello1954,iter,1,0.25
Elen_51,hello3026,iter,1,0.25
Elen_51,hiya2591,iter,1,0.25
Elen_51,llyga2596,iter,1,0.25
Elen_51,uh-oh2601,iter,1,0.25
Elen_51,uh-oh2602,iter,1,0.25
Elen_52,hello1954,iter,1,0.25
Elen_52,uh-oh2602,iter,1,0.25
Elen_53,Dipsi2587,iter,1,0.25
Elen_53,La-La3027,iter,1,0.25
Elen_53,babi2577,iter,1,0.25
Elen_53,"dau, tri2584",iter,1,0.25
Elen_53,geegee2588,iter,1,0.25
Elen_53,geegee2589,iter,1,0.25
Elen_53,hello2590,iter,1,0.25
Elen_53,hello3026,iter,1,0.25
Elen_53,hiya2591,iter,1,0.25
Elen_53,llyga2595,iter,1,0.25
Elen_53,llyga2596,iter,1,0.25
Elen_53,tedi2594,iter,1,0.25
Elen_53,tedi2599,iter,1,0.25
Elen_53,uh-oh2602,iter,1,0.25
Elen_54,llyga2595,iter,1,0.25
Elen_55,La-La3029,iter,1,0.25
Elen_55,babi2577,iter,1,0.25
Elen_55,babi2578,iter,1,0.25
Elen_55,babi2580,iter,1,0.25
Elen_55,babi2581,iter,1,0.25
Elen_55,"dau, tri2585",iter,1,0.25
Elen_55,"dau, tri2586",iter,1,0.25
Elen_55,hello3026,iter,1,0.25
Elen_55,hiya2592,iter,1,0.25
Elen_55,hwnna2593,iter,1,0.25
Elen_55,tata2598,iter,1,0.25
Elen_55,uh-oh2601,iter,1,0.25
Elen_55,uh-oh2602,iter,1,0.25
Elen_56,La-La3027,iter,1,0.25
Elen_56,La-La3029,iter,1,0.25
Elen_56,"dau, tri2585",iter,1,0.25
Elen_56,hello1954,iter,1,0.25
Elen_56,hiya2591,iter,1,0.25
Elen_56,hwnna2593,iter,1,0.25
Elen_56,llyga2596,iter,1,0.25
Elen_56,oh god2597,iter,1,0.25
Elen_56,uh-oh2601,iter,1,0.25
Elen_57,Dipsi2587,iter,1,0.25
Elen_57,La-La3027,iter,1,0.25
Elen_57,La-La3028,iter,1,0.25
Elen_57,La-La3029,iter,1,0.25
Elen_57,babi2577,iter,1,0.25
Elen_57,geegee2589,iter,1,0.25
Elen_57,hello2590,iter,1,0.25
Elen_57,hello3026,iter,1,0.25
Elen_57,tata2598,iter,1,0.25
Elen_57,tedi2594,iter,1,0.25
Elen_57,uh-oh2602,iter,1,0.25
Elen_59,oh god3030,iter,1,0.25
Elen_6,"dau, tri2584",iter,1,0.25
Elen_6,"dau, tri2585",iter,1,0.25
Elen_6,"dau, tri2586",iter,1,0.25
Elen_60,"dau, tri2584",iter,1,0.25
Elen_60,"dau, tri2585",iter,1,0.25
Elen_60,"dau, tri2586",iter,1,0.25
Elen_60,geegee2588,iter,1,0.25
Elen_60,geegee2589,iter,1,0.25
Elen_60,hello1954,iter,1,0.25
Elen_60,hello2590,iter,1,0.25
Elen_60,hello3026,iter,1,0.25
Elen_60,llyga2595,iter,1,0.25
Elen_60,llyga2596,iter,1,0.25
Elen_60,tedi2594,iter,1,0.25
Elen_60,tedi2599,iter,1,0.25
Elen_60,tedi2600,iter,1,0.25
Elen_60,uh-oh2601,iter,1,0.25
Elen_61,La-La3027,iter,1,0.25
Elen_61,La-La3029,iter,1,0.25
Elen_61,"dau, tri2585",iter,1,0.25
Elen_61,"dau, tri2586",iter,1,0.25
Elen_61,hello1954,iter,1,0.25
Elen_61,hello2590,iter,1,0.25
Elen_61,hwnna2593,iter,1,0.25
Elen_61,llyga2596,iter,1,0.25
Elen_61,oh god2597,iter,1,0.25
Elen_61,uh-oh2601,iter,1,0.25
Elen_61,uh-oh2602,iter,1,0.25
Elen_62,babi2579,iter,1,0.25
Elen_62,babi2580,iter,1,0.25
Elen_62,babi2581,iter,1,0.25
Elen_63,hello1954,iter,1,0.25
Elen_63,llyga2595,iter,1,0.25
Elen_63,oh god2660,iter,1,0.25
Elen_63,oh god3030,iter,1,0.25
Elen_63,uh-oh2601,iter,1,0.25
Elen_64,Dipsi2587,iter,1,0.25
Elen_64,La-La3027,iter,1,0.25
Elen_64,La-La3029,iter,1,0.25
Elen_64,"dau, tri2585",iter,1,0.25
Elen_64,"dau, tri2586",iter,1,0.25
Elen_64,geegee2588,iter,1,0.25
Elen_64,hello1954,iter,1,0.25
Elen_64,hiya2592,iter,1,0.25
Elen_64,llyga2595,iter,1,0.25
Elen_64,tata2598,iter,1,0.25
Elen_64,tedi2599,iter,1,0.25
Elen_64,uh-oh2601,iter,1,0.25
Elen_65,babi2577,iter,1,0.25
Elen_65,babi2578,iter,1,0.25
Elen_65,babi2579,iter,1,0.25
Elen_67,Dipsi2587,iter,1,0.25
Elen_67,"dau, tri2584",iter,1,0.25
Elen_67,geegee2588,iter,1,0.25
Elen_67,tedi2599,iter,1,0.25
Elen_68,Dipsi2587,iter,1,0.25
Elen_68,La-La3028,iter,1,0.25
Elen_68,hello1954,iter,1,0.25
Elen_68,hello2590,iter,1,0.25
Elen_68,hello3026,iter,1,0.25
Elen_68,hiya2592,iter,1,0.25
Elen_68,hwnna2593,iter,1,0.25
Elen_68,tata2598,iter,1,0.25
Elen_68,uh-oh2601,iter,1,0.25
Elen_68,uh-oh2602,iter,1,0.25
Elen_69,llyga2595,iter,1,0.25
Elen_69,oh god2660,iter,1,0.25
Elen_7,La-La3027,iter,1,0.25
Elen_7,La-La3028,iter,1,0.25
Elen_7,La-La3029,iter,1,0.25
Elen_7,"dau, tri2586",iter,1,0.25
Elen_7,hello2590,iter,1,0.25
Elen_7,hiya2591,iter,1,0.25
Elen_7,hiya2592,iter,1,0.25
Elen_7,hwnna2593,iter,1,0.25
Elen_7,tata2598,iter,1,0.25
Elen_7,uh-oh2601,iter,1,0.25
Elen_7,uh-oh2602,iter,1,0.25
Elen_70,Dipsi2587,iter,1,0.25
Elen_70,babi2577,iter,1,0.25
Elen_70,"dau, tri2584",iter,1,0.25
Elen_70,"dau, tri2586",iter,1,0.25
Elen_70,hello2590,iter,1,0.25
Elen_70,hello3026,iter,1,0.25
Elen_70,hiya2591,iter,1,0.25
Elen_70,llyga2595,iter,1,0.25
Elen_70,llyga2596,iter,1,0.25
Elen_70,tedi2594,iter,1,0.25
Elen_70,tedi2600,iter,1,0.25
Elen_71,Dipsi2587,iter,1,0.25
Elen_71,geegee2588,iter,1,0.25
Elen_71,hiya2592,iter,1,0.25
Elen_71,tedi2594,iter,1,0.25
Elen_74,La-La3027,iter,1,0.25
Elen_74,La-La3028,iter,1,0.25
Elen_74,La-La3029,iter,1,0.25
Elen_74,"dau, tri2585",iter,1,0.25
Elen_74,"dau, tri2586",iter,1,0.25
Elen_74,geegee2589,iter,1,0.25
Elen_74,hello2590,iter,1,0.25
Elen_74,hwnna2593,iter,1,0.25
Elen_74,llyga2595,iter,1,0.25
Elen_74,llyga2596,iter,1,0.25
Elen_74,tata2598,iter,1,0.25
Elen_74,uh-oh2602,iter,1,0.25
Elen_75,Dipsi2587,iter,1,0.25
Elen_75,"dau, tri2584",iter,1,0.25
Elen_75,"dau, tri2586",iter,1,0.25
Elen_75,hiya2592,iter,1,0.25
Elen_75,tata2598,iter,1,0.25
Elen_75,tedi2594,iter,1,0.25
Elen_78,babi2578,iter,1,0.25
Elen_78,babi2582,iter,1,0.25
Elen_79,babi2577,iter,1,0.25
Elen_79,"dau, tri2586",iter,1,0.25
Elen_79,hello1954,iter,1,0.25
Elen_79,hello2590,iter,1,0.25
Elen_79,hello3026,iter,1,0.25
Elen_79,hwnna2593,iter,1,0.25
Elen_79,llyga2596,iter,1,0.25
Elen_79,oh god3030,iter,1,0.25
Elen_79,tedi2594,iter,1,0.25
Elen_79,tedi2599,iter,1,0.25
Elen_79,uh-oh2602,iter,1,0.25
Elen_8,Dipsi2587,iter,1,0.25
Elen_8,La-La3028,iter,1,0.25
Elen_8,babi2577,iter,1,0.25
Elen_8,"dau, tri2586",iter,1,0.25
Elen_8,geegee2588,iter,1,0.25
Elen_8,geegee2589,iter,1,0.25
Elen_8,hiya2592,iter,1,0.25
Elen_8,llyga2596,iter,1,0.25
Elen_8,uh-oh2602,iter,1,0.25
Elen_80,babi2579,iter,1,0.25
Elen_80,babi2581,iter,1,0.25
Elen_80,babi2582,iter,1,0.25
Elen_81,Dipsi2587,iter,1,0.25
Elen_81,babi2577,iter,1,0.25
Elen_81,"dau, tri2585",iter,1,0.25
Elen_81,hello1954,iter,1,0.25
Elen_81,hello2590,iter,1,0.25
Elen_81,hiya2592,iter,1,0.25
Elen_81,llyga2596,iter,1,0.25
Elen_81,oh god2660,iter,1,0.25
Elen_81,tedi2594,iter,1,0.25
Elen_81,tedi2599,iter,1,0.25
Elen_81,uh-oh3441,iter,1,0.25
Elen_82,hello1954,iter,1,0.25
Elen_82,llyga2595,iter,1,0.25
Elen_82,oh god2660,iter,1,0.25
Elen_83,La-La3028,iter,1,0.25
Elen_83,La-La3029,iter,1,0.25
Elen_83,"dau, tri2585",iter,1,0.25
Elen_83,hello2590,iter,1,0.25
Elen_83,hello3026,iter,1,0.25
Elen_83,hiya2592,iter,1,0.25
Elen_83,hwnna2593,iter,1,0.25
Elen_83,llyga2595,iter,1,0.25
Elen_83,uh-oh2601,iter,1,0.25
Elen_85,Dipsi2587,iter,1,0.25
Elen_85,La-La3027,iter,1,0.25
Elen_85,hello1954,iter,1,0.25
Elen_85,hello3026,iter,1,0.25
Elen_85,hiya2591,iter,1,0.25
Elen_85,hiya2592,iter,1,0.25
Elen_85,hwnna2593,iter,1,0.25
Elen_85,tata2598,iter,1,0.25
Elen_85,tedi2594,iter,1,0.25
Elen_85,uh-oh2601,iter,1,0.25
Elen_85,uh-oh2602,iter,1,0.25
Elen_86,babi2577,iter,1,0.25
Elen_86,babi2581,iter,1,0.25
Elen_87,Dipsi2587,iter,1,0.25
Elen_87,La-La3027,iter,1,0.25
Elen_87,La-La3028,iter,1,0.25
Elen_87,La-La3029,iter,1,0.25
Elen_87,"dau, tri2584",iter,1,0.25
Elen_87,"dau, tri2585",iter,1,0.25
Elen_87,geegee2589,iter,1,0.25
Elen_87,hello3026,iter,1,0.25
Elen_87,tata2598,iter,1,0.25
Elen_88,La-La3028,iter,1,0.25
Elen_88,La-La3029,iter,1,0.25
Elen_88,"dau, tri2586",iter,1,0.25
Elen_88,geegee2589,iter,1,0.25
Elen_88,hello1954,iter,1,0.25
Elen_88,hello2590,iter,1,0.25
Elen_88,hiya2591,iter,1,0.25
Elen_88,hwnna2593,iter,1,0.25
Elen_88,llyga2595,iter,1,0.25
Elen_88,oh god2597,iter,1,0.25
Elen_88,tedi2594,iter,1,0.25
Elen_88,tedi2599,iter,1,0.25
Elen_88,uh-oh2601,iter,1,0.25
Elen_89,babi2577,iter,1,0.25
Elen_89,babi2582,iter,1,0.25
Elen_9,Dipsi2587,iter,1,0.25
Elen_9,La-La3027,iter,1,0.25
Elen_9,La-La3028,iter,1,0.25
Elen_9,La-La3029,iter,1,0.25
Elen_9,"dau, tri2584",iter,1,0.25
Elen_9,"dau, tri2585",iter,1,0.25
Elen_9,geegee2588,iter,1,0.25
Elen_9,geegee2589,iter,1,0.25
Elen_9,hello3026,iter,1,0.25
Elen_9,hiya2591,iter,1,0.25
Elen_9,hwnna2593,iter,1,0.25
Elen_9,llyga2595,iter,1,0.25
Elen_9,llyga2596,iter,1,0.25
Elen_9,tedi2600,iter,1,0.25
Elen_9,uh-oh2602,iter,1,0.25
Elen_90,La-La3028,iter,1,0.25
Elen_90,La-La3029,iter,1,0.25
Elen_90,hello3026,iter,1,0.25
Elen_90,llyga2595,iter,1,0.25
Elen_91,Dipsi2587,iter,1,0.25
Elen_91,La-La3027,iter,1,0.25
Elen_91,La-La3028,iter,1,0.25
Elen_91,babi2577,iter,1,0.25
Elen_91,"dau, tri2586",iter,1,0.25
Elen_91,hello2590,iter,1,0.25
Elen_91,hiya2592,iter,1,0.25
Elen_91,llyga2596,iter,1,0.25
Elen_91,tata2598,iter,1,0.25
Elen_91,tedi2594,iter,1,0.25
Elen_91,tedi2599,iter,1,0.25
Elen_92,uh-oh2602,iter,1,0.25
Elen_93,Dipsi2587,iter,1,0.25
Elen_93,La-La3028,iter,1,0.25
Elen_93,La-La3029,iter,1,0.25
Elen_93,"dau, tri2584",iter,1,0.25
Elen_93,"dau, tri2585",iter,1,0.25
Elen_93,geegee2588,iter,1,0.25
Elen_93,llyga2595,iter,1,0.25
Elen_93,llyga2596,iter,1,0.25
Elen_93,tata2598,iter,1,0.25
Elen_93,tedi2594,iter,1,0.25
Elen_93,tedi2599,iter,1,0.25
Elen_93,uh-oh2601,iter,1,0.25
Elen_94,babi2578,iter,1,0.25
Elen_94,babi2582,iter,1,0.25
Elen_95,La-La3027,iter,1,0.25
Elen_95,La-La3028,iter,1,0.25
Elen_95,babi2577,iter,1,0.25
Elen_95,"dau, tri2585",iter,1,0.25
Elen_95,"dau, tri2586",iter,1,0.25
Elen_95,hello2590,iter,1,0.25
Elen_95,hello3026,iter,1,0.25
Elen_95,hiya2591,iter,1,0.25
Elen_95,hiya2592,iter,1,0.25
Elen_95,oh god3030,iter,1,0.25
Elen_95,tata2598,iter,1,0.25
Elen_95,tedi2599,iter,1,0.25
Elen_95,uh-oh2601,iter,1,0.25
Elen_96,Dipsi2587,iter,1,0.25
Elen_96,La-La3027,iter,1,0.25
Elen_96,babi2577,iter,1,0.25
Elen_96,"dau, tri2584",iter,1,0.25
Elen_96,geegee2588,iter,1,0.25
Elen_96,geegee2589,iter,1,0.25
Elen_96,hello2590,iter,1,0.25
Elen_96,hiya2591,iter,1,0.25
Elen_96,hiya2592,iter,1,0.25
Elen_96,llyga2596,iter,1,0.25
Elen_96,tata2598,iter,1,0.25
Elen_96,tedi2599,iter,1,0.25
Elen_96,tedi2600,iter,1,0.25
Elen_96,uh-oh2602,iter,1,0.25
Elen_97,La-La3027,iter,1,0.25
Elen_97,La-La3028,iter,1,0.25
Elen_97,"dau, tri2584",iter,1,0.25
Elen_97,"dau, tri2585",iter,1,0.25
Elen_97,geegee2588,iter,1,0.25
Elen_97,hello1954,iter,1,0.25
Elen_97,hello2590,iter,1,0.25
Elen_97,hiya2592,iter,1,0.25
Elen_97,llyga2596,iter,1,0.25
Elen_97,tedi2594,iter,1,0.25
Elen_97,tedi2599,iter,1,0.25
Elen_97,tedi2600,iter,1,0.25
Elen_97,uh-oh2601,iter,1,0.25
Elen_97,uh-oh2602,iter,1,0.25
Elen_98,hello1954,iter,1,0.25
Elen_98,hello2590,iter,1,0.25
Elen_98,hwnna2593,iter,1,0.25
Elen_98,llyga2595,iter,1,0.25
Elen_98,oh god2660,iter,1,0.25
Elen_99,"dau, tri2585",iter,1,0.25
Elen_99,geegee2589,iter,1,0.25
Elen_99,tedi2594,iter,1,0.25
Elen_99,tedi2599,iter,1,0.25
Eliisa_1,kiikkuu3204,iter,1,0.25
Eliisa_1,kiikkuu3207,iter,1,0.25
Eliisa_1,kukka3210,iter,1,0.25
Eliisa_1,nukke3212,iter,1,0.25
Eliisa_1,rikki3224,iter,1,0.25
Eliisa_10,pomppi3223,iter,1,0.25
Eliisa_100,kirja1825,iter,1,0.25
Eliisa_11,kiikkuu1824,iter,1,0.25
Eliisa_11,kiikkuu3205,iter,1,0.25
Eliisa_12,hauva2136,iter,1,0.25
Eliisa_12,hauva2680,iter,1,0.25
Eliisa_12,isi2864,iter,1,0.25
Eliisa_12,isi2867,iter,1,0.25
Eliisa_12,isi2868,iter,1,0.25
Eliisa_12,isi2874,iter,1,0.25
Eliisa_12,istu3525,iter,1,0.25
Eliisa_12,juusto2877,iter,1,0.25
Eliisa_12,juusto2885,iter,1,0.25
Eliisa_12,oho2887,iter,1,0.25
Eliisa_12,oho2889,iter,1,0.25
Eliisa_12,tyttö3145,iter,1,0.25
Eliisa_12,tyttö3235,iter,1,0.25
Eliisa_12,vettä2149,iter,1,0.25
Eliisa_13,"haloo, hallo2678",iter,1,0.25
Eliisa_13,hauva1821,iter,1,0.25
Eliisa_13,hauva1822,iter,1,0.25
Eliisa_13,hauva2680,iter,1,0.25
Eliisa_13,isi2865,iter,1,0.25
Eliisa_13,isi2869,iter,1,0.25
Eliisa_13,juusto2882,iter,1,0.25
Eliisa_13,juusto2885,iter,1,0.25
Eliisa_13,kirja1827,iter,1,0.25
Eliisa_13,kissa3526,iter,1,0.25
Eliisa_13,litu2142,iter,1,0.25
Eliisa_13,muumi1829,iter,1,0.25
Eliisa_13,oho2887,iter,1,0.25
Eliisa_13,piiloon2682,iter,1,0.25
Eliisa_14,kiikkuu3206,iter,1,0.25
Eliisa_14,kiikkuu3207,iter,1,0.25
Eliisa_14,kirja1827,iter,1,0.25
Eliisa_14,nukkuu3215,iter,1,0.25
Eliisa_15,pallo3217,iter,1,0.25
Eliisa_15,pupu2147,iter,1,0.25
Eliisa_15,"tippu, tippuu3225",iter,1,0.25
Eliisa_16,"haloo, hallo2677",iter,1,0.25
Eliisa_16,isi2867,iter,1,0.25
Eliisa_16,isi2871,iter,1,0.25
Eliisa_16,istu3525,iter,1,0.25
Eliisa_16,juusto2880,iter,1,0.25
Eliisa_16,juusto2881,iter,1,0.25
Eliisa_16,kissa3530,iter,1,0.25
Eliisa_16,litu2141,iter,1,0.25
Eliisa_16,oho2888,iter,1,0.25
Eliisa_16,tyttö3227,iter,1,0.25
Eliisa_16,tyttö3230,iter,1,0.25
Eliisa_16,tyttö3231,iter,1,0.25
Eliisa_16,tyttö3234,iter,1,0.25
Eliisa_16,tyttö3235,iter,1,0.25
Eliisa_16,vettä2149,iter,1,0.25
Eliisa_17,"haloo, hallo2677",iter,1,0.25
Eliisa_17,isi2864,iter,1,0.25
Eliisa_17,isi2865,iter,1,0.25
Eliisa_17,isi2872,iter,1,0.25
Eliisa_17,isi2873,iter,1,0.25
Eliisa_17,istu3525,iter,1,0.25
Eliisa_17,juusto2879,iter,1,0.25
Eliisa_17,litu2140,iter,1,0.25
Eliisa_17,tyttö3230,iter,1,0.25
Eliisa_17,tyttö3232,iter,1,0.25
Eliisa_18,kiikkuu3204,iter,1,0.25
Eliisa_18,kiikkuu3206,iter,1,0.25
Eliisa_18,kukka3210,iter,1,0.25
Eliisa_19,"haloo, hallo2678",iter,1,0.25
Eliisa_19,isi2865,iter,1,0.25
Eliisa_19,isi2866,iter,1,0.25
Eliisa_19,isi2870,iter,1,0.25
Eliisa_19,juusto2875,iter,1,0.25
Eliisa_19,litu2141,iter,1,0.25
Eliisa_2,kakku3203,iter,1,0.25
Eliisa_2,kiikkuu1824,iter,1,0.25
Eliisa_2,kiikkuu3206,iter,1,0.25
Eliisa_2,kirja1825,iter,1,0.25
Eliisa_2,nukkuu3214,iter,1,0.25
Eliisa_2,nukkuu3215,iter,1,0.25
Eliisa_20,"haloo, hallo2678",iter,1,0.25
Eliisa_20,isi2866,iter,1,0.25
Eliisa_20,isi2871,iter,1,0.25
Eliisa_20,juusto2877,iter,1,0.25
Eliisa_20,juusto2879,iter,1,0.25
Eliisa_20,juusto2880,iter,1,0.25
Eliisa_20,juusto2885,iter,1,0.25
Eliisa_20,litu2143,iter,1,0.25
Eliisa_21,isi2870,iter,1,0.25
Eliisa_21,isi2871,iter,1,0.25
Eliisa_21,istu3525,iter,1,0.25
Eliisa_21,juusto2881,iter,1,0.25
Eliisa_21,litu2138,iter,1,0.25
Eliisa_21,litu2141,iter,1,0.25
Eliisa_21,litu2142,iter,1,0.25
Eliisa_21,litu2143,iter,1,0.25
Eliisa_21,oho2888,iter,1,0.25
Eliisa_21,piiloon2682,iter,1,0.25
Eliisa_21,tyttö3229,iter,1,0.25
Eliisa_21,tyttö3236,iter,1,0.25
Eliisa_22,hauva1823,iter,1,0.25
Eliisa_22,isi2864,iter,1,0.25
Eliisa_22,isi2866,iter,1,0.25
Eliisa_22,isi2867,iter,1,0.25
Eliisa_22,isi2870,iter,1,0.25
Eliisa_22,isi2871,iter,1,0.25
Eliisa_22,juusto2879,iter,1,0.25
Eliisa_22,kissa3527,iter,1,0.25
Eliisa_22,litu2138,iter,1,0.25
Eliisa_22,litu2141,iter,1,0.25
Eliisa_22,muumi1830,iter,1,0.25
Eliisa_22,oho2886,iter,1,0.25
Eliisa_22,pupu2146,iter,1,0.25
Eliisa_22,tyttö3227,iter,1,0.25
Eliisa_23,"haloo, hallo2677",iter,1,0.25
Eliisa_23,isi2863,iter,1,0.25
Eliisa_23,isi2866,iter,1,0.25
Eliisa_23,isi2874,iter,1,0.25
Eliisa_23,juusto2876,iter,1,0.25
Eliisa_23,juusto2881,iter,1,0.25
Eliisa_23,piiloon2682,iter,1,0.25
Eliisa_24,hauva2680,iter,1,0.25
Eliisa_24,kiikkuu1824,iter,1,0.25
Eliisa_24,kirja1827,iter,1,0.25
Eliisa_24,muumi1829,iter,1,0.25
Eliisa_24,oho2888,iter,1,0.25
Eliisa_25,"haloo, hallo2678",iter,1,0.25
Eliisa_25,hauva2136,iter,1,0.25
Eliisa_25,hauva2679,iter,1,0.25
Eliisa_25,isi2866,iter,1,0.25
Eliisa_25,kakku3203,iter,1,0.25
Eliisa_25,kiikkuu1824,iter,1,0.25
Eliisa_25,kirja1826,iter,1,0.25
Eliisa_25,litu2139,iter,1,0.25
Eliisa_25,litu2143,iter,1,0.25
Eliisa_25,mummu /muumu2145,iter,1,0.25
Eliisa_25,muumi1830,iter,1,0.25
Eliisa_25,piiloon2682,iter,1,0.25
Eliisa_25,pupu2146,iter,1,0.25
Eliisa_26,"haloo, hallo2677",iter,1,0.25
Eliisa_26,hauva2680,iter,1,0.25
Eliisa_26,isi2870,iter,1,0.25
Eliisa_26,istu3525,iter,1,0.25
Eliisa_26,juusto2884,iter,1,0.25
Eliisa_26,kissa3528,iter,1,0.25
Eliisa_26,kissa3529,iter,1,0.25
Eliisa_26,litu2143,iter,1,0.25
Eliisa_26,muumi1830,iter,1,0.25
Eliisa_26,tyttö3227,iter,1,0.25
Eliisa_26,tyttö3231,iter,1,0.25
Eliisa_26,tyttö3235,iter,1,0.25
Eliisa_26,tyttö3236,iter,1,0.25
Eliisa_27,"haloo, hallo2677",iter,1,0.25
Eliisa_27,hauva1821,iter,1,0.25
Eliisa_27,hauva2681,iter,1,0.25
Eliisa_27,isi2864,iter,1,0.25
Eliisa_27,isi2874,iter,1,0.25
Eliisa_27,istu3525,iter,1,0.25
Eliisa_27,juusto2875,iter,1,0.25
Eliisa_27,juusto2876,iter,1,0.25
Eliisa_27,juusto2877,iter,1,0.25
Eliisa_27,juusto2878,iter,1,0.25
Eliisa_27,juusto2879,iter,1,0.25
Eliisa_27,juusto2883,iter,1,0.25
Eliisa_27,kissa3528,iter,1,0.25
Eliisa_27,litu2139,iter,1,0.25
Eliisa_27,litu2140,iter,1,0.25
Eliisa_27,muumi1829,iter,1,0.25
Eliisa_28,kiikkuu3204,iter,1,0.25
Eliisa_28,kiikkuu3209,iter,1,0.25
Eliisa_28,kukka3210,iter,1,0.25
Eliisa_28,nukkuu3214,iter,1,0.25
Eliisa_29,hauva1821,iter,1,0.25
Eliisa_29,hauva2136,iter,1,0.25
Eliisa_29,isi2863,iter,1,0.25
Eliisa_29,isi2871,iter,1,0.25
Eliisa_29,juusto2876,iter,1,0.25
Eliisa_29,juusto2878,iter,1,0.25
Eliisa_29,kirja1825,iter,1,0.25
Eliisa_29,kissa3530,iter,1,0.25
Eliisa_29,litu2138,iter,1,0.25
Eliisa_29,litu2141,iter,1,0.25
Eliisa_29,oho2888,iter,1,0.25
Eliisa_29,pupu2148,iter,1,0.25
Eliisa_3,isi2863,iter,1,0.25
Eliisa_3,isi2872,iter,1,0.25
Eliisa_3,isi2873,iter,1,0.25
Eliisa_3,kiikkuu1824,iter,1,0.25
Eliisa_3,kirja1825,iter,1,0.25
Eliisa_3,litu2139,iter,1,0.25
Eliisa_3,litu2140,iter,1,0.25
Eliisa_3,muumi1829,iter,1,0.25
Eliisa_3,muumi1830,iter,1,0.25
Eliisa_3,oho2889,iter,1,0.25
Eliisa_3,pupu2147,iter,1,0.25
Eliisa_3,vettä2149,iter,1,0.25
Eliisa_30,isi2863,iter,1,0.25
Eliisa_30,isi2865,iter,1,0.25
Eliisa_30,juusto2877,iter,1,0.25
Eliisa_30,kissa3528,iter,1,0.25
Eliisa_30,litu2139,iter,1,0.25
Eliisa_30,litu2142,iter,1,0.25
Eliisa_30,muumi1830,iter,1,0.25
Eliisa_30,oho2888,iter,1,0.25
Eliisa_30,tyttö3230,iter,1,0.25
Eliisa_30,tyttö3232,iter,1,0.25
Eliisa_30,tyttö3234,iter,1,0.25
Eliisa_31,kakku3203,iter,1,0.25
Eliisa_31,kirja1826,iter,1,0.25
Eliisa_31,nukke3212,iter,1,0.25
Eliisa_31,nukkuu3215,iter,1,0.25
Eliisa_32,istu3525,iter,1,0.25
Eliisa_32,kissa3528,iter,1,0.25
Eliisa_32,kissa3529,iter,1,0.25
Eliisa_32,litu2141,iter,1,0.25
Eliisa_32,litu2143,iter,1,0.25
Eliisa_32,tyttö3228,iter,1,0.25
Eliisa_32,tyttö3234,iter,1,0.25
Eliisa_33,pappa3220,iter,1,0.25
Eliisa_33,pupu2146,iter,1,0.25
Eliisa_33,pupu2148,iter,1,0.25
Eliisa_34,pallo3216,iter,1,0.25
Eliisa_34,pappa3220,iter,1,0.25
Eliisa_34,pomppi3222,iter,1,0.25
Eliisa_35,hauva2136,iter,1,0.25
Eliisa_35,isi2866,iter,1,0.25
Eliisa_35,isi2869,iter,1,0.25
Eliisa_35,isi2871,iter,1,0.25
Eliisa_35,isi2874,iter,1,0.25
Eliisa_35,juusto2875,iter,1,0.25
Eliisa_35,juusto2880,iter,1,0.25
Eliisa_35,juusto2884,iter,1,0.25
Eliisa_35,kiikkuu2137,iter,1,0.25
Eliisa_35,kissa3529,iter,1,0.25
Eliisa_35,litu2139,iter,1,0.25
Eliisa_35,mummu /muumu2144,iter,1,0.25
Eliisa_35,mummu /muumu2145,iter,1,0.25
Eliisa_35,oho2887,iter,1,0.25
Eliisa_36,kissa3526,iter,1,0.25
Eliisa_36,kissa3530,iter,1,0.25
Eliisa_36,litu2138,iter,1,0.25
Eliisa_36,tyttö3145,iter,1,0.25
Eliisa_36,tyttö3227,iter,1,0.25
Eliisa_36,tyttö3228,iter,1,0.25
Eliisa_36,tyttö3234,iter,1,0.25
Eliisa_36,tyttö3236,iter,1,0.25
Eliisa_37,"haloo, hallo2678",iter,1,0.25
Eliisa_37,hauva1823,iter,1,0.25
Eliisa_37,hauva2681,iter,1,0.25
Eliisa_37,isi2869,iter,1,0.25
Eliisa_37,kiikkuu2137,iter,1,0.25
Eliisa_37,oho2886,iter,1,0.25
Eliisa_37,tyttö3145,iter,1,0.25
Eliisa_38,"haloo, hallo2678",iter,1,0.25
Eliisa_38,isi2864,iter,1,0.25
Eliisa_38,isi2866,iter,1,0.25
Eliisa_38,kirja1826,iter,1,0.25
Eliisa_38,litu2139,iter,1,0.25
Eliisa_38,litu2140,iter,1,0.25
Eliisa_38,oho2886,iter,1,0.25
Eliisa_38,pallo3217,iter,1,0.25
Eliisa_38,pappa3218,iter,1,0.25
Eliisa_38,pupu2146,iter,1,0.25
Eliisa_38,"tippu, tippuu3225",iter,1,0.25
Eliisa_39,hauva2136,iter,1,0.25
Eliisa_39,isi2867,iter,1,0.25
Eliisa_39,isi2869,iter,1,0.25
Eliisa_39,isi2871,iter,1,0.25
Eliisa_39,isi2872,iter,1,0.25
Eliisa_39,istu3525,iter,1,0.25
Eliisa_39,juusto2884,iter,1,0.25
Eliisa_39,kirja1827,iter,1,0.25
Eliisa_39,litu2141,iter,1,0.25
Eliisa_39,mummu /muumu2144,iter,1,0.25
Eliisa_39,oho2886,iter,1,0.25
Eliisa_4,kukka3210,iter,1,0.25
Eliisa_4,nukke3212,iter,1,0.25
Eliisa_40,pallo3216,iter,1,0.25
Eliisa_40,pallo3217,iter,1,0.25
Eliisa_40,pappa3221,iter,1,0.25
Eliisa_40,pupu2146,iter,1,0.25
Eliisa_40,pupu2147,iter,1,0.25
Eliisa_41,"haloo, hallo2678",iter,1,0.25
Eliisa_41,hauva2136,iter,1,0.25
Eliisa_41,hauva2681,iter,1,0.25
Eliisa_41,isi2865,iter,1,0.25
Eliisa_41,isi2866,iter,1,0.25
Eliisa_41,isi2868,iter,1,0.25
Eliisa_41,kiikkuu2137,iter,1,0.25
Eliisa_41,kirja1826,iter,1,0.25
Eliisa_41,mummu /muumu2145,iter,1,0.25
Eliisa_41,oho2886,iter,1,0.25
Eliisa_41,oho2889,iter,1,0.25
Eliisa_41,pupu2146,iter,1,0.25
Eliisa_41,tyttö3145,iter,1,0.25
Eliisa_42,hauva1822,iter,1,0.25
Eliisa_42,hauva2680,iter,1,0.25
Eliisa_42,hauva2681,iter,1,0.25
Eliisa_42,isi2868,iter,1,0.25
Eliisa_42,isi2872,iter,1,0.25
Eliisa_42,juusto2875,iter,1,0.25
Eliisa_42,juusto2884,iter,1,0.25
Eliisa_42,kiikkuu1824,iter,1,0.25
Eliisa_42,muumi1829,iter,1,0.25
Eliisa_42,piiloon2682,iter,1,0.25
Eliisa_42,pupu2147,iter,1,0.25
Eliisa_42,tyttö3145,iter,1,0.25
Eliisa_42,vettä2149,iter,1,0.25
Eliisa_43,isi2866,iter,1,0.25
Eliisa_43,isi2868,iter,1,0.25
Eliisa_43,isi2870,iter,1,0.25
Eliisa_43,kiikkuu2137,iter,1,0.25
Eliisa_43,kissa3526,iter,1,0.25
Eliisa_43,kissa3527,iter,1,0.25
Eliisa_43,kissa3529,iter,1,0.25
Eliisa_43,kissa3530,iter,1,0.25
Eliisa_43,litu2140,iter,1,0.25
Eliisa_43,piiloon2682,iter,1,0.25
Eliisa_44,isi2865,iter,1,0.25
Eliisa_44,isi2867,iter,1,0.25
Eliisa_44,isi2868,iter,1,0.25
Eliisa_44,isi2870,iter,1,0.25
Eliisa_44,isi2871,iter,1,0.25
Eliisa_44,juusto2875,iter,1,0.25
Eliisa_44,juusto2879,iter,1,0.25
Eliisa_44,kissa3529,iter,1,0.25
Eliisa_44,kissa3530,iter,1,0.25
Eliisa_44,litu2140,iter,1,0.25
Eliisa_44,pupu2146,iter,1,0.25
Eliisa_45,kakku3203,iter,1,0.25
Eliisa_45,kiikkuu1824,iter,1,0.25
Eliisa_45,kiikkuu3204,iter,1,0.25
Eliisa_45,kiikkuu3207,iter,1,0.25
Eliisa_45,kiikkuu3208,iter,1,0.25
Eliisa_45,kukka3210,iter,1,0.25
Eliisa_45,nukke3213,iter,1,0.25
Eliisa_46,isi2864,iter,1,0.25
Eliisa_46,isi2866,iter,1,0.25
Eliisa_46,isi2870,iter,1,0.25
Eliisa_46,istu3525,iter,1,0.25
Eliisa_46,juusto2881,iter,1,0.25
Eliisa_46,kissa3527,iter,1,0.25
Eliisa_46,kissa3529,iter,1,0.25
Eliisa_46,litu2138,iter,1,0.25
Eliisa_46,litu2142,iter,1,0.25
Eliisa_46,litu2143,iter,1,0.25
Eliisa_46,oho2886,iter,1,0.25
Eliisa_46,oho2889,iter,1,0.25
Eliisa_46,piiloon2682,iter,1,0.25
Eliisa_46,tyttö3232,iter,1,0.25
Eliisa_46,tyttö3234,iter,1,0.25
Eliisa_47,hauva2136,iter,1,0.25
Eliisa_47,isi2870,iter,1,0.25
Eliisa_47,isi2871,iter,1,0.25
Eliisa_47,isi2874,iter,1,0.25
Eliisa_47,kissa3529,iter,1,0.25
Eliisa_47,litu2138,iter,1,0.25
Eliisa_47,litu2142,iter,1,0.25
Eliisa_47,muumi1829,iter,1,0.25
Eliisa_47,muumi1830,iter,1,0.25
Eliisa_47,oho2887,iter,1,0.25
Eliisa_47,oho2889,iter,1,0.25
Eliisa_47,pupu2148,iter,1,0.25
Eliisa_47,vettä2149,iter,1,0.25
Eliisa_48,pappa3220,iter,1,0.25
Eliisa_48,pomppi3223,iter,1,0.25
Eliisa_48,pupu2147,iter,1,0.25
Eliisa_49,isi2864,iter,1,0.25
Eliisa_49,isi2870,iter,1,0.25
Eliisa_49,isi2874,iter,1,0.25
Eliisa_49,juusto2883,iter,1,0.25
Eliisa_49,kissa3526,iter,1,0.25
Eliisa_49,kissa3527,iter,1,0.25
Eliisa_49,litu2138,iter,1,0.25
Eliisa_49,oho2887,iter,1,0.25
Eliisa_49,tyttö3145,iter,1,0.25
Eliisa_5,kakku3203,iter,1,0.25
Eliisa_5,kiikkuu3207,iter,1,0.25
Eliisa_5,rikki3224,iter,1,0.25
Eliisa_50,hauva1822,iter,1,0.25
Eliisa_50,hauva1823,iter,1,0.25
Eliisa_50,isi2871,iter,1,0.25
Eliisa_50,isi2874,iter,1,0.25
Eliisa_50,kissa3527,iter,1,0.25
Eliisa_50,litu2141,iter,1,0.25
Eliisa_50,piiloon2682,iter,1,0.25
Eliisa_50,pupu2146,iter,1,0.25
Eliisa_50,vettä2149,iter,1,0.25
Eliisa_51,hauva1821,iter,1,0.25
Eliisa_51,hauva2136,iter,1,0.25
Eliisa_51,isi2863,iter,1,0.25
Eliisa_51,isi2869,iter,1,0.25
Eliisa_51,isi2871,iter,1,0.25
Eliisa_51,litu2141,iter,1,0.25
Eliisa_51,oho2888,iter,1,0.25
Eliisa_51,oho2889,iter,1,0.25
Eliisa_51,piiloon2682,iter,1,0.25
Eliisa_52,hauva1822,iter,1,0.25
Eliisa_52,hauva2679,iter,1,0.25
Eliisa_52,hauva2680,iter,1,0.25
Eliisa_52,isi2870,iter,1,0.25
Eliisa_52,isi2871,iter,1,0.25
Eliisa_52,kiikkuu1824,iter,1,0.25
Eliisa_52,kissa3527,iter,1,0.25
Eliisa_52,litu2142,iter,1,0.25
Eliisa_52,litu2143,iter,1,0.25
Eliisa_52,mummu /muumu2145,iter,1,0.25
Eliisa_52,tyttö3145,iter,1,0.25
Eliisa_53,"haloo, hallo2677",iter,1,0.25
Eliisa_53,isi2863,iter,1,0.25
Eliisa_53,isi2864,iter,1,0.25
Eliisa_53,isi2866,iter,1,0.25
Eliisa_53,isi2867,iter,1,0.25
Eliisa_53,istu3525,iter,1,0.25
Eliisa_53,kissa3530,iter,1,0.25
Eliisa_53,tyttö3231,iter,1,0.25
Eliisa_53,tyttö3232,iter,1,0.25
Eliisa_53,tyttö3234,iter,1,0.25
Eliisa_53,tyttö3235,iter,1,0.25
Eliisa_54,hauva2679,iter,1,0.25
Eliisa_54,isi2865,iter,1,0.25
Eliisa_54,isi2866,iter,1,0.25
Eliisa_54,juusto2876,iter,1,0.25
Eliisa_54,juusto2878,iter,1,0.25
Eliisa_54,juusto2881,iter,1,0.25
Eliisa_54,juusto2884,iter,1,0.25
Eliisa_54,kissa3527,iter,1,0.25
Eliisa_54,kissa3529,iter,1,0.25
Eliisa_54,litu2140,iter,1,0.25
Eliisa_54,oho2888,iter,1,0.25
Eliisa_54,oho2889,iter,1,0.25
Eliisa_54,piiloon2682,iter,1,0.25
Eliisa_54,tyttö3145,iter,1,0.25
Eliisa_55,litu2138,iter,1,0.25
Eliisa_55,litu2139,iter,1,0.25
Eliisa_55,tyttö3145,iter,1,0.25
Eliisa_55,tyttö3235,iter,1,0.25
Eliisa_56,hauva1822,iter,1,0.25
Eliisa_56,hauva1823,iter,1,0.25
Eliisa_56,isi2865,iter,1,0.25
Eliisa_56,juusto2875,iter,1,0.25
Eliisa_56,juusto2884,iter,1,0.25
Eliisa_56,kirja1826,iter,1,0.25
Eliisa_56,kissa3529,iter,1,0.25
Eliisa_56,litu2138,iter,1,0.25
Eliisa_56,muumi1829,iter,1,0.25
Eliisa_56,pupu2146,iter,1,0.25
Eliisa_57,"haloo, hallo2678",iter,1,0.25
Eliisa_57,istu3525,iter,1,0.25
Eliisa_57,juusto2875,iter,1,0.25
Eliisa_57,juusto2877,iter,1,0.25
Eliisa_57,kissa3527,iter,1,0.25
Eliisa_57,kissa3528,iter,1,0.25
Eliisa_57,litu2140,iter,1,0.25
Eliisa_57,tyttö3227,iter,1,0.25
Eliisa_57,tyttö3228,iter,1,0.25
Eliisa_57,tyttö3229,iter,1,0.25
Eliisa_57,tyttö3234,iter,1,0.25
Eliisa_58,hauva1823,iter,1,0.25
Eliisa_58,hauva2136,iter,1,0.25
Eliisa_58,hauva2680,iter,1,0.25
Eliisa_58,isi2865,iter,1,0.25
Eliisa_58,isi2871,iter,1,0.25
Eliisa_58,isi2873,iter,1,0.25
Eliisa_58,isi2874,iter,1,0.25
Eliisa_58,kiikkuu1824,iter,1,0.25
Eliisa_58,kirja1827,iter,1,0.25
Eliisa_58,kukka3210,iter,1,0.25
Eliisa_58,litu2139,iter,1,0.25
Eliisa_58,litu2143,iter,1,0.25
Eliisa_58,oho2887,iter,1,0.25
Eliisa_58,piiloon2682,iter,1,0.25
Eliisa_59,hauva1822,iter,1,0.25
Eliisa_59,isi2865,iter,1,0.25
Eliisa_59,isi2869,iter,1,0.25
Eliisa_59,istu3525,iter,1,0.25
Eliisa_59,juusto2885,iter,1,0.25
Eliisa_59,kissa3527,iter,1,0.25
Eliisa_59,kissa3528,iter,1,0.25
Eliisa_59,kissa3529,iter,1,0.25
Eliisa_59,litu2138,iter,1,0.25
Eliisa_59,litu2141,iter,1,0.25
Eliisa_59,piiloon2682,iter,1,0.25
Eliisa_59,tyttö3145,iter,1,0.25
Eliisa_59,tyttö3232,iter,1,0.25
Eliisa_59,tyttö3234,iter,1,0.25
Eliisa_6,hauva1822,iter,1,0.25
Eliisa_6,hauva2679,iter,1,0.25
Eliisa_6,isi2866,iter,1,0.25
Eliisa_6,isi2871,iter,1,0.25
Eliisa_6,isi2872,iter,1,0.25
Eliisa_6,kiikkuu2137,iter,1,0.25
Eliisa_6,kiikkuu3208,iter,1,0.25
Eliisa_6,litu2140,iter,1,0.25
Eliisa_6,litu2143,iter,1,0.25
Eliisa_6,muumi1830,iter,1,0.25
Eliisa_6,oho2889,iter,1,0.25
Eliisa_6,pupu2148,iter,1,0.25
Eliisa_6,tyttö3145,iter,1,0.25
Eliisa_60,"haloo, hallo2678",iter,1,0.25
Eliisa_60,isi2863,iter,1,0.25
Eliisa_60,isi2874,iter,1,0.25
Eliisa_60,istu3525,iter,1,0.25
Eliisa_60,juusto2879,iter,1,0.25
Eliisa_60,juusto2882,iter,1,0.25
Eliisa_60,juusto2884,iter,1,0.25
Eliisa_60,kissa3529,iter,1,0.25
Eliisa_60,piiloon2682,iter,1,0.25
Eliisa_60,tyttö3227,iter,1,0.25
Eliisa_60,tyttö3228,iter,1,0.25
Eliisa_60,tyttö3230,iter,1,0.25
Eliisa_60,tyttö3234,iter,1,0.25
Eliisa_61,"haloo, hallo2677",iter,1,0.25
Eliisa_61,hauva1822,iter,1,0.25
Eliisa_61,hauva2681,iter,1,0.25
Eliisa_61,isi2873,iter,1,0.25
Eliisa_61,juusto2881,iter,1,0.25
Eliisa_61,juusto2883,iter,1,0.25
Eliisa_61,kissa3530,iter,1,0.25
Eliisa_61,litu2140,iter,1,0.25
Eliisa_61,oho2887,iter,1,0.25
Eliisa_61,oho2888,iter,1,0.25
Eliisa_61,oho2889,iter,1,0.25
Eliisa_62,hauva2679,iter,1,0.25
Eliisa_62,isi2864,iter,1,0.25
Eliisa_62,isi2868,iter,1,0.25
Eliisa_62,isi2869,iter,1,0.25
Eliisa_62,juusto2875,iter,1,0.25
Eliisa_62,juusto2876,iter,1,0.25
Eliisa_62,juusto2885,iter,1,0.25
Eliisa_62,kiikkuu1824,iter,1,0.25
Eliisa_62,kiikkuu2137,iter,1,0.25
Eliisa_62,kirja1826,iter,1,0.25
Eliisa_62,kissa3530,iter,1,0.25
Eliisa_62,litu2141,iter,1,0.25
Eliisa_62,litu2142,iter,1,0.25
Eliisa_62,muumi1830,iter,1,0.25
Eliisa_63,muumi1830,iter,1,0.25
Eliisa_64,pallo3216,iter,1,0.25
Eliisa_65,"haloo, hallo2678",iter,1,0.25
Eliisa_65,isi2863,iter,1,0.25
Eliisa_65,isi2866,iter,1,0.25
Eliisa_65,isi2870,iter,1,0.25
Eliisa_65,juusto2877,iter,1,0.25
Eliisa_65,juusto2881,iter,1,0.25
Eliisa_65,juusto2882,iter,1,0.25
Eliisa_65,kiikkuu1824,iter,1,0.25
Eliisa_65,kirja1827,iter,1,0.25
Eliisa_65,kissa3527,iter,1,0.25
Eliisa_65,litu2139,iter,1,0.25
Eliisa_65,litu2141,iter,1,0.25
Eliisa_65,oho2887,iter,1,0.25
Eliisa_65,tyttö3229,iter,1,0.25
Eliisa_65,tyttö3236,iter,1,0.25
Eliisa_66,pallo3216,iter,1,0.25
Eliisa_66,pupu2147,iter,1,0.25
Eliisa_67,hauva1823,iter,1,0.25
Eliisa_67,isi2866,iter,1,0.25
Eliisa_67,isi2870,iter,1,0.25
Eliisa_67,isi2871,iter,1,0.25
Eliisa_67,isi2873,iter,1,0.25
Eliisa_67,isi2874,iter,1,0.25
Eliisa_67,istu3525,iter,1,0.25
Eliisa_67,juusto2875,iter,1,0.25
Eliisa_67,juusto2877,iter,1,0.25
Eliisa_67,juusto2884,iter,1,0.25
Eliisa_67,litu2139,iter,1,0.25
Eliisa_67,oho2887,iter,1,0.25
Eliisa_67,oho2888,iter,1,0.25
Eliisa_67,piiloon2682,iter,1,0.25
Eliisa_68,kakku3203,iter,1,0.25
Eliisa_68,kiikkuu1824,iter,1,0.25
Eliisa_68,kiikkuu3206,iter,1,0.25
Eliisa_68,kirja1825,iter,1,0.25
Eliisa_69,kissa3527,iter,1,0.25
Eliisa_69,litu2139,iter,1,0.25
Eliisa_69,tyttö3233,iter,1,0.25
Eliisa_69,tyttö3234,iter,1,0.25
Eliisa_7,kiikkuu2137,iter,1,0.25
Eliisa_7,nukkuu3214,iter,1,0.25
Eliisa_7,rikki3224,iter,1,0.25
Eliisa_70,hauva1823,iter,1,0.25
Eliisa_70,istu3525,iter,1,0.25
Eliisa_70,juusto2881,iter,1,0.25
Eliisa_70,juusto2885,iter,1,0.25
Eliisa_70,kiikkuu2137,iter,1,0.25
Eliisa_70,kissa3527,iter,1,0.25
Eliisa_70,litu2138,iter,1,0.25
Eliisa_70,litu2139,iter,1,0.25
Eliisa_70,litu2141,iter,1,0.25
Eliisa_70,muumi1829,iter,1,0.25
Eliisa_70,pupu2146,iter,1,0.25
Eliisa_70,pupu2147,iter,1,0.25
Eliisa_70,tyttö3228,iter,1,0.25
Eliisa_70,tyttö3230,iter,1,0.25
Eliisa_70,tyttö3232,iter,1,0.25
Eliisa_70,tyttö3236,iter,1,0.25
Eliisa_71,pallo3216,iter,1,0.25
Eliisa_71,pomppi3223,iter,1,0.25
Eliisa_71,"tippu, tippuu3225",iter,1,0.25
Eliisa_72,hauva2136,iter,1,0.25
Eliisa_72,hauva2680,iter,1,0.25
Eliisa_72,isi2863,iter,1,0.25
Eliisa_72,isi2865,iter,1,0.25
Eliisa_72,isi2869,iter,1,0.25
Eliisa_72,isi2870,iter,1,0.25
Eliisa_72,istu3525,iter,1,0.25
Eliisa_72,juusto2878,iter,1,0.25
Eliisa_72,kirja1825,iter,1,0.25
Eliisa_72,kissa3526,iter,1,0.25
Eliisa_72,litu2140,iter,1,0.25
Eliisa_72,litu2143,iter,1,0.25
Eliisa_72,muumi1829,iter,1,0.25
Eliisa_72,oho2888,iter,1,0.25
Eliisa_73,isi2866,iter,1,0.25
Eliisa_73,isi2870,iter,1,0.25
Eliisa_73,istu3525,iter,1,0.25
Eliisa_73,juusto2885,iter,1,0.25
Eliisa_73,kiikkuu2137,iter,1,0.25
Eliisa_73,kirja1826,iter,1,0.25
Eliisa_73,kissa3528,iter,1,0.25
Eliisa_73,litu2139,iter,1,0.25
Eliisa_73,litu2140,iter,1,0.25
Eliisa_73,litu2141,iter,1,0.25
Eliisa_73,oho2888,iter,1,0.25
Eliisa_73,tyttö3230,iter,1,0.25
Eliisa_73,tyttö3234,iter,1,0.25
Eliisa_73,tyttö3236,iter,1,0.25
Eliisa_74,hauva2136,iter,1,0.25
Eliisa_74,hauva2679,iter,1,0.25
Eliisa_74,isi2865,iter,1,0.25
Eliisa_74,isi2870,iter,1,0.25
Eliisa_74,isi2872,iter,1,0.25
Eliisa_74,litu2142,iter,1,0.25
Eliisa_74,oho2888,iter,1,0.25
Eliisa_74,piiloon2682,iter,1,0.25
Eliisa_74,vettä2149,iter,1,0.25
Eliisa_75,pallo3217,iter,1,0.25
Eliisa_75,pupu2147,iter,1,0.25
Eliisa_75,"tippu, tippuu3225",iter,1,0.25
Eliisa_76,kiikkuu3204,iter,1,0.25
Eliisa_76,kiikkuu3206,iter,1,0.25
Eliisa_76,kiikkuu3208,iter,1,0.25
Eliisa_76,rikki3224,iter,1,0.25
Eliisa_77,hauva1821,iter,1,0.25
Eliisa_77,hauva1822,iter,1,0.25
Eliisa_77,hauva2679,iter,1,0.25
Eliisa_77,isi2874,iter,1,0.25
Eliisa_77,kiikkuu1824,iter,1,0.25
Eliisa_77,kiikkuu2137,iter,1,0.25
Eliisa_77,kiikkuu3205,iter,1,0.25
Eliisa_77,kirja1827,iter,1,0.25
Eliisa_77,nukke3212,iter,1,0.25
Eliisa_77,nukkuu3214,iter,1,0.25
Eliisa_77,oho2888,iter,1,0.25
Eliisa_77,pupu2147,iter,1,0.25
Eliisa_77,rikki3224,iter,1,0.25
Eliisa_78,"haloo, hallo2677",iter,1,0.25
Eliisa_78,hauva1822,iter,1,0.25
Eliisa_78,hauva1823,iter,1,0.25
Eliisa_78,kirja1827,iter,1,0.25
Eliisa_78,litu2141,iter,1,0.25
Eliisa_78,litu2143,iter,1,0.25
Eliisa_78,piiloon2682,iter,1,0.25
Eliisa_78,pomppi3223,iter,1,0.25
Eliisa_78,pupu2148,iter,1,0.25
Eliisa_79,hauva2679,iter,1,0.25
Eliisa_79,hauva2680,iter,1,0.25
Eliisa_79,isi2864,iter,1,0.25
Eliisa_79,isi2867,iter,1,0.25
Eliisa_79,juusto2877,iter,1,0.25
Eliisa_79,juusto2878,iter,1,0.25
Eliisa_79,juusto2879,iter,1,0.25
Eliisa_79,juusto2881,iter,1,0.25
Eliisa_79,kissa3528,iter,1,0.25
Eliisa_79,oho2889,iter,1,0.25
Eliisa_8,hauva2679,iter,1,0.25
Eliisa_8,isi2864,iter,1,0.25
Eliisa_8,isi2867,iter,1,0.25
Eliisa_8,isi2870,iter,1,0.25
Eliisa_8,isi2873,iter,1,0.25
Eliisa_8,juusto2875,iter,1,0.25
Eliisa_8,juusto2878,iter,1,0.25
Eliisa_8,juusto2884,iter,1,0.25
Eliisa_8,kirja1825,iter,1,0.25
Eliisa_8,kissa3526,iter,1,0.25
Eliisa_8,mummu /muumu2145,iter,1,0.25
Eliisa_8,muumi1830,iter,1,0.25
Eliisa_8,vettä2149,iter,1,0.25
Eliisa_80,"haloo, hallo2677",iter,1,0.25
Eliisa_80,hauva2136,iter,1,0.25
Eliisa_80,isi2865,iter,1,0.25
Eliisa_80,isi2868,iter,1,0.25
Eliisa_80,juusto2877,iter,1,0.25
Eliisa_80,kirja1826,iter,1,0.25
Eliisa_80,kissa3526,iter,1,0.25
Eliisa_80,kissa3529,iter,1,0.25
Eliisa_80,litu2138,iter,1,0.25
Eliisa_80,litu2141,iter,1,0.25
Eliisa_80,oho2886,iter,1,0.25
Eliisa_80,oho2888,iter,1,0.25
Eliisa_80,vettä2149,iter,1,0.25
Eliisa_81,isi2865,iter,1,0.25
Eliisa_81,isi2867,iter,1,0.25
Eliisa_81,isi2872,iter,1,0.25
Eliisa_81,isi2873,iter,1,0.25
Eliisa_81,juusto2877,iter,1,0.25
Eliisa_81,juusto2878,iter,1,0.25
Eliisa_81,kissa3530,iter,1,0.25
Eliisa_81,litu2142,iter,1,0.25
Eliisa_81,muumi1829,iter,1,0.25
Eliisa_81,muumi1830,iter,1,0.25
Eliisa_81,oho2886,iter,1,0.25
Eliisa_81,tyttö3232,iter,1,0.25
Eliisa_82,hauva2680,iter,1,0.25
Eliisa_82,hauva2681,iter,1,0.25
Eliisa_82,isi2863,iter,1,0.25
Eliisa_82,isi2869,iter,1,0.25
Eliisa_82,isi2870,iter,1,0.25
Eliisa_82,istu3525,iter,1,0.25
Eliisa_82,juusto2877,iter,1,0.25
Eliisa_82,juusto2878,iter,1,0.25
Eliisa_82,kissa3526,iter,1,0.25
Eliisa_82,muumi1829,iter,1,0.25
Eliisa_82,piiloon2682,iter,1,0.25
Eliisa_82,tyttö3228,iter,1,0.25
Eliisa_82,tyttö3232,iter,1,0.25
Eliisa_83,isi2865,iter,1,0.25
Eliisa_83,isi2867,iter,1,0.25
Eliisa_83,kiikkuu1824,iter,1,0.25
Eliisa_83,kirja1826,iter,1,0.25
Eliisa_83,oho2886,iter,1,0.25
Eliisa_83,pallo3216,iter,1,0.25
Eliisa_83,pappa3218,iter,1,0.25
Eliisa_83,pappa3220,iter,1,0.25
Eliisa_83,pappa3221,iter,1,0.25
Eliisa_83,pupu2148,iter,1,0.25
Eliisa_83,"tippu, tippuu3225",iter,1,0.25
Eliisa_84,hauva2679,iter,1,0.25
Eliisa_84,hauva2680,iter,1,0.25
Eliisa_84,hauva2681,iter,1,0.25
Eliisa_84,isi2863,iter,1,0.25
Eliisa_84,isi2871,iter,1,0.25
Eliisa_84,juusto2878,iter,1,0.25
Eliisa_84,juusto2880,iter,1,0.25
Eliisa_84,juusto2885,iter,1,0.25
Eliisa_84,kissa3530,iter,1,0.25
Eliisa_84,litu2140,iter,1,0.25
Eliisa_84,litu2142,iter,1,0.25
Eliisa_84,tyttö3145,iter,1,0.25
Eliisa_85,hauva1821,iter,1,0.25
Eliisa_85,isi2864,iter,1,0.25
Eliisa_85,isi2865,iter,1,0.25
Eliisa_85,isi2874,iter,1,0.25
Eliisa_85,kiikkuu1824,iter,1,0.25
Eliisa_85,kirja1827,iter,1,0.25
Eliisa_85,kissa3526,iter,1,0.25
Eliisa_85,litu2138,iter,1,0.25
Eliisa_85,litu2139,iter,1,0.25
Eliisa_85,oho2888,iter,1,0.25
Eliisa_85,tyttö3145,iter,1,0.25
Eliisa_86,hauva2681,iter,1,0.25
Eliisa_87,kakku3203,iter,1,0.25
Eliisa_87,kiikkuu3207,iter,1,0.25
Eliisa_87,kiikkuu3208,iter,1,0.25
Eliisa_87,kiikkuu3209,iter,1,0.25
Eliisa_87,nukke3213,iter,1,0.25
Eliisa_87,nukkuu3214,iter,1,0.25
Eliisa_87,nukkuu3215,iter,1,0.25
Eliisa_88,"haloo, hallo2678",iter,1,0.25
Eliisa_88,hauva2680,iter,1,0.25
Eliisa_88,isi2869,iter,1,0.25
Eliisa_88,isi2870,iter,1,0.25
Eliisa_88,isi2873,iter,1,0.25
Eliisa_88,juusto2877,iter,1,0.25
Eliisa_88,kissa3526,iter,1,0.25
Eliisa_88,kissa3530,iter,1,0.25
Eliisa_88,litu2139,iter,1,0.25
Eliisa_88,litu2140,iter,1,0.25
Eliisa_88,litu2141,iter,1,0.25
Eliisa_88,oho2887,iter,1,0.25
Eliisa_88,tyttö3235,iter,1,0.25
Eliisa_89,isi2867,iter,1,0.25
Eliisa_89,kirja1827,iter,1,0.25
Eliisa_89,mummu /muumu2144,iter,1,0.25
Eliisa_9,"haloo, hallo2677",iter,1,0.25
Eliisa_9,hauva2679,iter,1,0.25
Eliisa_9,hauva2681,iter,1,0.25
Eliisa_9,isi2863,iter,1,0.25
Eliisa_9,isi2868,iter,1,0.25
Eliisa_9,isi2873,iter,1,0.25
Eliisa_9,juusto2880,iter,1,0.25
Eliisa_9,juusto2881,iter,1,0.25
Eliisa_9,kissa3527,iter,1,0.25
Eliisa_9,litu2142,iter,1,0.25
Eliisa_9,vettä2149,iter,1,0.25
Eliisa_90,hauva2679,iter,1,0.25
Eliisa_90,isi2868,iter,1,0.25
Eliisa_90,isi2874,iter,1,0.25
Eliisa_90,juusto2885,iter,1,0.25
Eliisa_90,kissa3526,iter,1,0.25
Eliisa_90,kissa3529,iter,1,0.25
Eliisa_90,litu2140,iter,1,0.25
Eliisa_90,mummu /muumu2144,iter,1,0.25
Eliisa_90,mummu /muumu2145,iter,1,0.25
Eliisa_90,oho2889,iter,1,0.25
Eliisa_90,pupu2146,iter,1,0.25
Eliisa_91,kiikkuu1824,iter,1,0.25
Eliisa_91,kiikkuu3204,iter,1,0.25
Eliisa_92,"haloo, hallo2678",iter,1,0.25
Eliisa_92,isi2872,iter,1,0.25
Eliisa_92,juusto2875,iter,1,0.25
Eliisa_92,juusto2877,iter,1,0.25
Eliisa_92,juusto2878,iter,1,0.25
Eliisa_92,kissa3527,iter,1,0.25
Eliisa_92,kissa3528,iter,1,0.25
Eliisa_92,kissa3529,iter,1,0.25
Eliisa_92,oho2886,iter,1,0.25
Eliisa_92,piiloon2682,iter,1,0.25
Eliisa_92,tyttö3145,iter,1,0.25
Eliisa_92,tyttö3233,iter,1,0.25
Eliisa_93,hauva1822,iter,1,0.25
Eliisa_93,hauva1823,iter,1,0.25
Eliisa_93,isi2872,iter,1,0.25
Eliisa_93,kissa3526,iter,1,0.25
Eliisa_93,litu2142,iter,1,0.25
Eliisa_93,litu2143,iter,1,0.25
Eliisa_93,muumi1830,iter,1,0.25
Eliisa_93,oho2889,iter,1,0.25
Eliisa_93,pupu2148,iter,1,0.25
Eliisa_93,tyttö3145,iter,1,0.25
Eliisa_94,kiikkuu3206,iter,1,0.25
Eliisa_94,kiikkuu3208,iter,1,0.25
Eliisa_94,kiikkuu3209,iter,1,0.25
Eliisa_94,nukkuu3214,iter,1,0.25
Eliisa_94,nukkuu3215,iter,1,0.25
Eliisa_95,"haloo, hallo2678",iter,1,0.25
Eliisa_95,hauva2680,iter,1,0.25
Eliisa_95,isi2863,iter,1,0.25
Eliisa_95,isi2869,iter,1,0.25
Eliisa_95,juusto2883,iter,1,0.25
Eliisa_95,litu2140,iter,1,0.25
Eliisa_95,oho2887,iter,1,0.25
Eliisa_95,tyttö3229,iter,1,0.25
Eliisa_96,hauva1821,iter,1,0.25
Eliisa_96,isi2863,iter,1,0.25
Eliisa_96,isi2873,iter,1,0.25
Eliisa_96,isi2874,iter,1,0.25
Eliisa_96,kiikkuu3208,iter,1,0.25
Eliisa_96,kirja1825,iter,1,0.25
Eliisa_96,litu2139,iter,1,0.25
Eliisa_96,litu2140,iter,1,0.25
Eliisa_96,litu2142,iter,1,0.25
Eliisa_96,oho2886,iter,1,0.25
Eliisa_96,oho2888,iter,1,0.25
Eliisa_96,pupu2147,iter,1,0.25
Eliisa_96,tyttö3145,iter,1,0.25
Eliisa_97,hauva2680,iter,1,0.25
Eliisa_97,hauva2681,iter,1,0.25
Eliisa_97,isi2867,iter,1,0.25
Eliisa_97,juusto2875,iter,1,0.25
Eliisa_97,juusto2879,iter,1,0.25
Eliisa_97,kissa3530,iter,1,0.25
Eliisa_97,litu2138,iter,1,0.25
Eliisa_97,piiloon2682,iter,1,0.25
Eliisa_97,tyttö3236,iter,1,0.25
Eliisa_98,hauva1823,iter,1,0.25
Eliisa_98,isi2870,iter,1,0.25
Eliisa_98,kiikkuu2137,iter,1,0.25
Eliisa_98,kirja1825,iter,1,0.25
Eliisa_98,kirja1827,iter,1,0.25
Eliisa_98,litu2140,iter,1,0.25
Eliisa_98,litu2142,iter,1,0.25
Eliisa_98,mummu /muumu2144,iter,1,0.25
Eliisa_98,muumi1830,iter,1,0.25
Eliisa_98,oho2889,iter,1,0.25
Eliisa_98,pupu2146,iter,1,0.25
Eliisa_98,pupu2147,iter,1,0.25
Eliisa_99,hauva1821,iter,1,0.25
Eliisa_99,isi2863,iter,1,0.25
Eliisa_99,isi2866,iter,1,0.25
Eliisa_99,isi2870,iter,1,0.25
Eliisa_99,isi2874,iter,1,0.25
Eliisa_99,juusto2877,iter,1,0.25
Eliisa_99,kirja1826,iter,1,0.25
Eliisa_99,kissa3527,iter,1,0.25
Eliisa_99,kissa3528,iter,1,0.25
Eliisa_99,kissa3530,iter,1,0.25
Eliisa_99,litu2143,iter,1,0.25
Eliisa_99,oho2886,iter,1,0.25
Eliisa_99,oho2887,iter,1,0.25
Ella_1,bottle1991,iter,1,0.25
Ella_1,bottle1995,iter,1,0.25
Ella_1,glasses2758,iter,1,0.25
Ella_1,horsey2764,iter,1,0.25
Ella_1,piggie2019,iter,1,0.25
Ella_1,woof woof2767,iter,1,0.25
Ella_10,baby1982,iter,1,0.25
Ella_10,baby1985,iter,1,0.25
Ella_10,bottle1989,iter,1,0.25
Ella_10,bottle1998,iter,1,0.25
Ella_10,byebye2002,iter,1,0.25
Ella_10,mummy2012,iter,1,0.25
Ella_10,piggie2019,iter,1,0.25
Ella_100,baby1982,iter,1,0.25
Ella_100,baby1983,iter,1,0.25
Ella_100,baby1986,iter,1,0.25
Ella_100,mummy2010,iter,1,0.25
Ella_11,Michelle1795,iter,1,0.25
Ella_11,baby1982,iter,1,0.25
Ella_11,baby1985,iter,1,0.25
Ella_11,baby2617,iter,1,0.25
Ella_11,bottle1990,iter,1,0.25
Ella_11,bottle1995,iter,1,0.25
Ella_11,glasses3073,iter,1,0.25
Ella_11,horsey2763,iter,1,0.25
Ella_11,horsey2764,iter,1,0.25
Ella_11,piggie2015,iter,1,0.25
Ella_11,piggie2016,iter,1,0.25
Ella_12,horsey2759,iter,1,0.25
Ella_12,horsey2763,iter,1,0.25
Ella_12,woof woof2767,iter,1,0.25
Ella_13,baby1986,iter,1,0.25
Ella_13,bottle1994,iter,1,0.25
Ella_13,bottle1996,iter,1,0.25
Ella_13,piggie2015,iter,1,0.25
Ella_13,piggie2016,iter,1,0.25
Ella_13,piggie2017,iter,1,0.25
Ella_14,baby1982,iter,1,0.25
Ella_14,baby1983,iter,1,0.25
Ella_14,bottle1988,iter,1,0.25
Ella_14,bottle1998,iter,1,0.25
Ella_14,byebye2003,iter,1,0.25
Ella_14,horsey2759,iter,1,0.25
Ella_14,horsey2763,iter,1,0.25
Ella_14,mummy2012,iter,1,0.25
Ella_14,piggie2015,iter,1,0.25
Ella_14,piggie2017,iter,1,0.25
Ella_14,piggie2018,iter,1,0.25
Ella_14,piggie2019,iter,1,0.25
Ella_16,cuddle2756,iter,1,0.25
Ella_16,glasses3073,iter,1,0.25
Ella_16,horsey2759,iter,1,0.25
Ella_16,horsey2760,iter,1,0.25
Ella_16,horsey2765,iter,1,0.25
Ella_17,horsey2761,iter,1,0.25
Ella_17,horsey2764,iter,1,0.25
Ella_17,woof woof2767,iter,1,0.25
Ella_17,woof woof3078,iter,1,0.25
Ella_18,baby1983,iter,1,0.25
Ella_18,bottle1991,iter,1,0.25
Ella_18,bottle1993,iter,1,0.25
Ella_18,cuddle2756,iter,1,0.25
Ella_18,horsey2759,iter,1,0.25
Ella_18,piggie2016,iter,1,0.25
Ella_18,piggie2018,iter,1,0.25
Ella_19,bottle1987,iter,1,0.25
Ella_19,bottle1989,iter,1,0.25
Ella_19,bottle1995,iter,1,0.25
Ella_19,horsey2762,iter,1,0.25
Ella_19,horsey2764,iter,1,0.25
Ella_2,apple2755,iter,1,0.25
Ella_2,baby1982,iter,1,0.25
Ella_2,bottle1995,iter,1,0.25
Ella_2,byebye2001,iter,1,0.25
Ella_2,horsey2763,iter,1,0.25
Ella_2,woof woof2767,iter,1,0.25
Ella_20,glasses3072,iter,1,0.25
Ella_20,horsey2763,iter,1,0.25
Ella_20,horsey2764,iter,1,0.25
Ella_21,byebye1792,iter,1,0.25
Ella_21,mummy2010,iter,1,0.25
Ella_21,woof woof2767,iter,1,0.25
Ella_22,baby1983,iter,1,0.25
Ella_22,baby1986,iter,1,0.25
Ella_22,bottle1987,iter,1,0.25
Ella_22,bottle1991,iter,1,0.25
Ella_22,bottle1993,iter,1,0.25
Ella_22,glasses3073,iter,1,0.25
Ella_22,horsey2762,iter,1,0.25
Ella_22,horsey2764,iter,1,0.25
Ella_22,horsey2765,iter,1,0.25
Ella_22,woof woof2767,iter,1,0.25
Ella_23,Michelle1794,iter,1,0.25
Ella_23,baby1982,iter,1,0.25
Ella_23,baby1985,iter,1,0.25
Ella_23,baby1986,iter,1,0.25
Ella_23,baby2617,iter,1,0.25
Ella_23,bottle1989,iter,1,0.25
Ella_23,byebye1999,iter,1,0.25
Ella_23,byebye2000,iter,1,0.25
Ella_23,byebye2002,iter,1,0.25
Ella_23,byebye2005,iter,1,0.25
Ella_23,horsey2764,iter,1,0.25
Ella_23,mummy2008,iter,1,0.25
Ella_23,mummy2010,iter,1,0.25
Ella_23,piggie2015,iter,1,0.25
Ella_24,horsey2759,iter,1,0.25
Ella_25,baby1982,iter,1,0.25
Ella_25,baby1983,iter,1,0.25
Ella_25,baby1986,iter,1,0.25
Ella_25,bottle1988,iter,1,0.25
Ella_25,bottle1994,iter,1,0.25
Ella_25,bottle1995,iter,1,0.25
Ella_25,byebye2002,iter,1,0.25
Ella_25,byebye2005,iter,1,0.25
Ella_25,horsey2759,iter,1,0.25
Ella_25,piggie2017,iter,1,0.25
Ella_27,bottle1988,iter,1,0.25
Ella_27,bottle1989,iter,1,0.25
Ella_27,bottle1990,iter,1,0.25
Ella_27,bottle1994,iter,1,0.25
Ella_27,bottle1997,iter,1,0.25
Ella_27,byebye2002,iter,1,0.25
Ella_27,horsey2763,iter,1,0.25
Ella_27,piggie2016,iter,1,0.25
Ella_27,piggie2018,iter,1,0.25
Ella_28,glasses3073,iter,1,0.25
Ella_28,piggie2018,iter,1,0.25
Ella_29,glasses3074,iter,1,0.25
Ella_29,horsey2759,iter,1,0.25
Ella_29,horsey2762,iter,1,0.25
Ella_3,woof woof2767,iter,1,0.25
Ella_31,baby1986,iter,1,0.25
Ella_31,bottle1993,iter,1,0.25
Ella_31,bottle1994,iter,1,0.25
Ella_31,bottle1997,iter,1,0.25
Ella_31,byebye2002,iter,1,0.25
Ella_31,horsey2763,iter,1,0.25
Ella_32,cuddle2756,iter,1,0.25
Ella_32,horsey2759,iter,1,0.25
Ella_32,horsey2763,iter,1,0.25
Ella_33,baby1983,iter,1,0.25
Ella_33,baby1986,iter,1,0.25
Ella_33,bottle1989,iter,1,0.25
Ella_33,bottle1996,iter,1,0.25
Ella_33,daddy2006,iter,1,0.25
Ella_33,piggie2015,iter,1,0.25
Ella_33,piggie2018,iter,1,0.25
Ella_34,bottle1990,iter,1,0.25
Ella_34,cuddle2756,iter,1,0.25
Ella_34,glasses2757,iter,1,0.25
Ella_34,open2766,iter,1,0.25
Ella_35,bottle1988,iter,1,0.25
Ella_35,bottle1990,iter,1,0.25
Ella_35,bottle1994,iter,1,0.25
Ella_35,bottle1996,iter,1,0.25
Ella_35,byebye2001,iter,1,0.25
Ella_35,byebye2002,iter,1,0.25
Ella_35,daddy2006,iter,1,0.25
Ella_35,horsey2764,iter,1,0.25
Ella_35,piggie2018,iter,1,0.25
Ella_35,piggie2019,iter,1,0.25
Ella_37,cuddle2756,iter,1,0.25
Ella_37,horsey2759,iter,1,0.25
Ella_37,horsey2762,iter,1,0.25
Ella_37,horsey2763,iter,1,0.25
Ella_37,horsey2765,iter,1,0.25
Ella_38,baby1982,iter,1,0.25
Ella_38,baby1986,iter,1,0.25
Ella_38,baby2617,iter,1,0.25
Ella_38,bottle1995,iter,1,0.25
Ella_38,bottle1996,iter,1,0.25
Ella_38,byebye2001,iter,1,0.25
Ella_38,horsey2759,iter,1,0.25
Ella_38,horsey2764,iter,1,0.25
Ella_38,piggie2017,iter,1,0.25
Ella_39,baby1982,iter,1,0.25
Ella_39,baby1983,iter,1,0.25
Ella_39,baby1986,iter,1,0.25
Ella_39,bottle1988,iter,1,0.25
Ella_39,bottle1989,iter,1,0.25
Ella_39,bottle1994,iter,1,0.25
Ella_39,byebye2005,iter,1,0.25
Ella_39,glasses2758,iter,1,0.25
Ella_39,horsey2763,iter,1,0.25
Ella_39,piggie2018,iter,1,0.25
Ella_39,piggie2019,iter,1,0.25
Ella_4,byebye2001,iter,1,0.25
Ella_4,glasses2758,iter,1,0.25
Ella_4,mummy2009,iter,1,0.25
Ella_4,woof woof2767,iter,1,0.25
Ella_40,baby1984,iter,1,0.25
Ella_41,Michelle1793,iter,1,0.25
Ella_41,piggie2015,iter,1,0.25
Ella_42,Michelle1795,iter,1,0.25
Ella_42,Michelle1796,iter,1,0.25
Ella_42,baby1982,iter,1,0.25
Ella_42,baby1986,iter,1,0.25
Ella_42,baby2617,iter,1,0.25
Ella_42,bottle1991,iter,1,0.25
Ella_42,bottle1995,iter,1,0.25
Ella_42,horsey2763,iter,1,0.25
Ella_42,piggie2015,iter,1,0.25
Ella_42,piggie2018,iter,1,0.25
Ella_42,piggie2019,iter,1,0.25
Ella_43,baby1983,iter,1,0.25
Ella_43,bottle1989,iter,1,0.25
Ella_43,bottle1995,iter,1,0.25
Ella_43,byebye2002,iter,1,0.25
Ella_43,piggie2015,iter,1,0.25
Ella_43,piggie2016,iter,1,0.25
Ella_43,piggie2019,iter,1,0.25
Ella_44,baby1983,iter,1,0.25
Ella_44,baby1986,iter,1,0.25
Ella_44,horsey2759,iter,1,0.25
Ella_44,horsey2763,iter,1,0.25
Ella_44,horsey2764,iter,1,0.25
Ella_44,piggie2019,iter,1,0.25
Ella_45,glasses2757,iter,1,0.25
Ella_45,horsey2759,iter,1,0.25
Ella_45,horsey2760,iter,1,0.25
Ella_45,horsey2762,iter,1,0.25
Ella_45,horsey2764,iter,1,0.25
Ella_45,open2766,iter,1,0.25
Ella_46,baby1982,iter,1,0.25
Ella_46,baby1985,iter,1,0.25
Ella_46,byebye1999,iter,1,0.25
Ella_46,byebye2001,iter,1,0.25
Ella_46,byebye2002,iter,1,0.25
Ella_46,cuddle2756,iter,1,0.25
Ella_46,glasses3073,iter,1,0.25
Ella_46,horsey2759,iter,1,0.25
Ella_46,horsey2762,iter,1,0.25
Ella_46,horsey2764,iter,1,0.25
Ella_46,piggie2015,iter,1,0.25
Ella_5,Michelle1794,iter,1,0.25
Ella_5,Michelle3143,iter,1,0.25
Ella_5,baby2617,iter,1,0.25
Ella_5,bottle1994,iter,1,0.25
Ella_5,byebye1999,iter,1,0.25
Ella_5,glasses3073,iter,1,0.25
Ella_5,woof woof2767,iter,1,0.25
Ella_51,bottle1994,iter,1,0.25
Ella_51,glasses3073,iter,1,0.25
Ella_51,piggie2016,iter,1,0.25
Ella_51,piggie2018,iter,1,0.25
Ella_52,byebye2000,iter,1,0.25
Ella_52,horsey2760,iter,1,0.25
Ella_52,open2766,iter,1,0.25
Ella_55,bottle1994,iter,1,0.25
Ella_55,cuddle2756,iter,1,0.25
Ella_55,horsey2762,iter,1,0.25
Ella_55,horsey2763,iter,1,0.25
Ella_55,open2766,iter,1,0.25
Ella_56,baby1982,iter,1,0.25
Ella_56,horsey2763,iter,1,0.25
Ella_56,mummy2009,iter,1,0.25
Ella_56,mummy2011,iter,1,0.25
Ella_56,mummy2012,iter,1,0.25
Ella_56,piggie2018,iter,1,0.25
Ella_57,baby1983,iter,1,0.25
Ella_57,baby2617,iter,1,0.25
Ella_57,bottle1987,iter,1,0.25
Ella_57,bottle1994,iter,1,0.25
Ella_57,bottle1996,iter,1,0.25
Ella_57,bottle1998,iter,1,0.25
Ella_57,byebye2002,iter,1,0.25
Ella_57,piggie2018,iter,1,0.25
Ella_58,baby1985,iter,1,0.25
Ella_58,baby1986,iter,1,0.25
Ella_58,bottle1989,iter,1,0.25
Ella_58,bottle1996,iter,1,0.25
Ella_58,mummy2009,iter,1,0.25
Ella_58,piggie2015,iter,1,0.25
Ella_58,piggie2016,iter,1,0.25
Ella_58,piggie2017,iter,1,0.25
Ella_58,piggie2018,iter,1,0.25
Ella_59,Michelle3143,iter,1,0.25
Ella_59,horsey2759,iter,1,0.25
Ella_59,horsey2764,iter,1,0.25
Ella_59,piggie2015,iter,1,0.25
Ella_6,glasses2007,iter,1,0.25
Ella_6,glasses3073,iter,1,0.25
Ella_6,horsey2765,iter,1,0.25
Ella_60,Michelle1794,iter,1,0.25
Ella_60,Michelle1796,iter,1,0.25
Ella_61,bottle1994,iter,1,0.25
Ella_61,glasses2007,iter,1,0.25
Ella_61,glasses3074,iter,1,0.25
Ella_61,horsey2765,iter,1,0.25
Ella_62,baby1982,iter,1,0.25
Ella_62,baby1986,iter,1,0.25
Ella_62,bottle1988,iter,1,0.25
Ella_62,bottle1989,iter,1,0.25
Ella_62,bottle1992,iter,1,0.25
Ella_62,bottle1993,iter,1,0.25
Ella_62,bottle1995,iter,1,0.25
Ella_62,bottle1996,iter,1,0.25
Ella_62,byebye2001,iter,1,0.25
Ella_62,piggie2016,iter,1,0.25
Ella_62,piggie2018,iter,1,0.25
Ella_63,baby1986,iter,1,0.25
Ella_63,bottle1998,iter,1,0.25
Ella_63,byebye1792,iter,1,0.25
Ella_63,glasses2007,iter,1,0.25
Ella_63,open2766,iter,1,0.25
Ella_63,piggie2016,iter,1,0.25
Ella_63,piggie2017,iter,1,0.25
Ella_63,piggie2019,iter,1,0.25
Ella_64,bottle1991,iter,1,0.25
Ella_64,bottle1995,iter,1,0.25
Ella_64,bottle1998,iter,1,0.25
Ella_64,daddy2006,iter,1,0.25
Ella_64,horsey2761,iter,1,0.25
Ella_64,horsey2765,iter,1,0.25
Ella_64,open2766,iter,1,0.25
Ella_64,piggie2015,iter,1,0.25
Ella_64,piggie2017,iter,1,0.25
Ella_64,woof woof3577,iter,1,0.25
Ella_65,apple2755,iter,1,0.25
Ella_65,glasses2758,iter,1,0.25
Ella_65,mummy2009,iter,1,0.25
Ella_65,mummy2010,iter,1,0.25
Ella_65,piggie2017,iter,1,0.25
Ella_66,apple2755,iter,1,0.25
Ella_66,baby1982,iter,1,0.25
Ella_66,bottle1987,iter,1,0.25
Ella_66,bottle1988,iter,1,0.25
Ella_66,bottle1991,iter,1,0.25
Ella_66,bottle1998,iter,1,0.25
Ella_66,byebye1792,iter,1,0.25
Ella_66,glasses3072,iter,1,0.25
Ella_66,horsey2760,iter,1,0.25
Ella_66,horsey2762,iter,1,0.25
Ella_66,horsey2763,iter,1,0.25
Ella_66,open2766,iter,1,0.25
Ella_66,piggie2019,iter,1,0.25
Ella_66,rattle2621,iter,1,0.25
Ella_67,baby1983,iter,1,0.25
Ella_67,bottle1988,iter,1,0.25
Ella_67,bottle1990,iter,1,0.25
Ella_67,bottle1994,iter,1,0.25
Ella_67,bottle1996,iter,1,0.25
Ella_67,byebye1999,iter,1,0.25
Ella_67,byebye2005,iter,1,0.25
Ella_67,cuddle2756,iter,1,0.25
Ella_67,horsey2764,iter,1,0.25
Ella_67,horsey2765,iter,1,0.25
Ella_68,bottle1990,iter,1,0.25
Ella_68,bottle1994,iter,1,0.25
Ella_69,Michelle1796,iter,1,0.25
Ella_69,baby1985,iter,1,0.25
Ella_69,bottle1991,iter,1,0.25
Ella_69,horsey2763,iter,1,0.25
Ella_69,piggie2019,iter,1,0.25
Ella_7,apple2755,iter,1,0.25
Ella_7,bottle1989,iter,1,0.25
Ella_7,bottle1990,iter,1,0.25
Ella_7,horsey2759,iter,1,0.25
Ella_70,byebye2004,iter,1,0.25
Ella_71,apple2755,iter,1,0.25
Ella_71,baby1982,iter,1,0.25
Ella_71,baby1986,iter,1,0.25
Ella_71,baby2617,iter,1,0.25
Ella_71,bottle1987,iter,1,0.25
Ella_71,mummy2008,iter,1,0.25
Ella_71,piggie2016,iter,1,0.25
Ella_71,piggie2017,iter,1,0.25
Ella_71,piggie2019,iter,1,0.25
Ella_72,horsey2761,iter,1,0.25
Ella_73,baby1985,iter,1,0.25
Ella_73,piggie2017,iter,1,0.25
Ella_73,woof woof2767,iter,1,0.25
Ella_74,baby1983,iter,1,0.25
Ella_74,baby1985,iter,1,0.25
Ella_74,baby2617,iter,1,0.25
Ella_74,bottle1987,iter,1,0.25
Ella_74,bottle1996,iter,1,0.25
Ella_74,mummy2011,iter,1,0.25
Ella_74,piggie2015,iter,1,0.25
Ella_74,piggie2016,iter,1,0.25
Ella_74,piggie2017,iter,1,0.25
Ella_74,piggie2019,iter,1,0.25
Ella_75,byebye2000,iter,1,0.25
Ella_75,rattle3075,iter,1,0.25
Ella_76,bottle1990,iter,1,0.25
Ella_76,bottle1991,iter,1,0.25
Ella_76,glasses2007,iter,1,0.25
Ella_76,glasses2757,iter,1,0.25
Ella_76,horsey2759,iter,1,0.25
Ella_77,glasses2757,iter,1,0.25
Ella_78,apple2755,iter,1,0.25
Ella_78,baby1985,iter,1,0.25
Ella_78,bottle1994,iter,1,0.25
Ella_78,bottle1996,iter,1,0.25
Ella_78,byebye2001,iter,1,0.25
Ella_78,mummy2010,iter,1,0.25
Ella_78,piggie2018,iter,1,0.25
Ella_79,bottle1997,iter,1,0.25
Ella_79,byebye1792,iter,1,0.25
Ella_79,piggie2015,iter,1,0.25
Ella_8,Michelle1794,iter,1,0.25
Ella_8,Michelle1796,iter,1,0.25
Ella_8,Michelle1797,iter,1,0.25
Ella_8,byebye1792,iter,1,0.25
Ella_8,byebye1999,iter,1,0.25
Ella_8,glasses3073,iter,1,0.25
Ella_8,piggie2016,iter,1,0.25
Ella_80,baby1982,iter,1,0.25
Ella_80,baby1984,iter,1,0.25
Ella_80,piggie2016,iter,1,0.25
Ella_80,piggie2019,iter,1,0.25
Ella_82,baby1985,iter,1,0.25
Ella_82,bottle1994,iter,1,0.25
Ella_82,byebye2002,iter,1,0.25
Ella_82,mummy2012,iter,1,0.25
Ella_82,piggie2016,iter,1,0.25
Ella_82,piggie2019,iter,1,0.25
Ella_83,byebye2000,iter,1,0.25
Ella_83,byebye2003,iter,1,0.25
Ella_83,pap pap2013,iter,1,0.25
Ella_85,baby1982,iter,1,0.25
Ella_85,baby1985,iter,1,0.25
Ella_85,bottle1988,iter,1,0.25
Ella_85,bottle1995,iter,1,0.25
Ella_85,byebye1999,iter,1,0.25
Ella_85,horsey2764,iter,1,0.25
Ella_85,piggie2016,iter,1,0.25
Ella_86,baby1986,iter,1,0.25
Ella_86,bottle1989,iter,1,0.25
Ella_86,bottle1993,iter,1,0.25
Ella_86,cuddle2756,iter,1,0.25
Ella_86,horsey2759,iter,1,0.25
Ella_86,piggie2016,iter,1,0.25
Ella_87,Michelle1794,iter,1,0.25
Ella_87,baby1982,iter,1,0.25
Ella_87,bottle1987,iter,1,0.25
Ella_87,bottle1989,iter,1,0.25
Ella_87,bottle1992,iter,1,0.25
Ella_87,bottle1998,iter,1,0.25
Ella_87,byebye1792,iter,1,0.25
Ella_87,cuddle2756,iter,1,0.25
Ella_87,horsey2759,iter,1,0.25
Ella_87,horsey2760,iter,1,0.25
Ella_87,horsey2761,iter,1,0.25
Ella_87,horsey2764,iter,1,0.25
Ella_88,Michelle1794,iter,1,0.25
Ella_88,baby1986,iter,1,0.25
Ella_88,baby2617,iter,1,0.25
Ella_88,bottle1994,iter,1,0.25
Ella_88,bottle1995,iter,1,0.25
Ella_88,bottle1998,iter,1,0.25
Ella_88,byebye2002,iter,1,0.25
Ella_88,piggie2017,iter,1,0.25
Ella_89,daddy2006,iter,1,0.25
Ella_89,horsey2759,iter,1,0.25
Ella_89,mummy2009,iter,1,0.25
Ella_89,mummy2011,iter,1,0.25
Ella_89,mummy2012,iter,1,0.25
Ella_9,byebye2000,iter,1,0.25
Ella_90,glasses2758,iter,1,0.25
Ella_90,glasses3072,iter,1,0.25
Ella_90,woof woof2767,iter,1,0.25
Ella_91,bottle1987,iter,1,0.25
Ella_91,bottle1989,iter,1,0.25
Ella_91,bottle1992,iter,1,0.25
Ella_91,bottle1994,iter,1,0.25
Ella_91,bottle1996,iter,1,0.25
Ella_91,cuddle2756,iter,1,0.25
Ella_91,glasses3072,iter,1,0.25
Ella_91,glasses3074,iter,1,0.25
Ella_91,horsey2763,iter,1,0.25
Ella_91,piggie2015,iter,1,0.25
Ella_91,woof woof3577,iter,1,0.25
Ella_92,Michelle1794,iter,1,0.25
Ella_92,baby1983,iter,1,0.25
Ella_92,bottle1989,iter,1,0.25
Ella_92,bottle1990,iter,1,0.25
Ella_92,bottle1991,iter,1,0.25
Ella_92,bottle1995,iter,1,0.25
Ella_92,bottle1998,iter,1,0.25
Ella_92,byebye1999,iter,1,0.25
Ella_92,byebye2003,iter,1,0.25
Ella_92,piggie2015,iter,1,0.25
Ella_94,baby1982,iter,1,0.25
Ella_94,bottle1987,iter,1,0.25
Ella_94,bottle1996,iter,1,0.25
Ella_94,byebye2002,iter,1,0.25
Ella_94,cuddle2756,iter,1,0.25
Ella_94,mummy2012,iter,1,0.25
Ella_94,piggie2015,iter,1,0.25
Ella_94,piggie2016,iter,1,0.25
Ella_94,piggie2019,iter,1,0.25
Ella_95,woof woof3076,iter,1,0.25
Ella_96,bottle1987,iter,1,0.25
Ella_96,bottle1988,iter,1,0.25
Ella_96,bottle1994,iter,1,0.25
Ella_96,byebye2001,iter,1,0.25
Ella_96,cuddle2756,iter,1,0.25
Ella_96,daddy2006,iter,1,0.25
Ella_97,Michelle1794,iter,1,0.25
Ella_97,bottle1991,iter,1,0.25
Ella_97,byebye1999,iter,1,0.25
Ella_97,horsey2759,iter,1,0.25
Ella_97,mummy2012,iter,1,0.25
Ella_99,bottle1994,iter,1,0.25
Ella_99,bottle1996,iter,1,0.25
Ella_99,cuddle2756,iter,1,0.25
Ella_99,horsey2763,iter,1,0.25
Ella_99,horsey2764,iter,1,0.25
Fflur_1,afal3024,iter,1,0.25
Fflur_1,bwni2559,iter,1,0.25
Fflur_1,bwni2562,iter,1,0.25
Fflur_1,bwni3429,iter,1,0.25
Fflur_1,bwni3431,iter,1,0.25
Fflur_1,bwni3432,iter,1,0.25
Fflur_1,bwni3433,iter,1,0.25
Fflur_1,eto1947,iter,1,0.25
Fflur_1,fan’cw1949,iter,1,0.25
Fflur_1,fyna3434,iter,1,0.25
Fflur_1,hwnna2567,iter,1,0.25
Fflur_1,mwnci3438,iter,1,0.25
Fflur_1,mwnci3439,iter,1,0.25
Fflur_1,syrthio2575,iter,1,0.25
Fflur_1,syrthio2576,iter,1,0.25
Fflur_10,afal3024,iter,1,0.25
Fflur_10,blodyn2557,iter,1,0.25
Fflur_10,cwaccwac2563,iter,1,0.25
Fflur_10,eto1947,iter,1,0.25
Fflur_10,eto2564,iter,1,0.25
Fflur_10,fanna1950,iter,1,0.25
Fflur_10,mwnci3439,iter,1,0.25
Fflur_100,bwni2558,iter,1,0.25
Fflur_100,bwni2559,iter,1,0.25
Fflur_100,bwni2562,iter,1,0.25
Fflur_100,fanna1950,iter,1,0.25
Fflur_100,hwnna2566,iter,1,0.25
Fflur_100,hwnna2567,iter,1,0.25
Fflur_100,sos goch3025,iter,1,0.25
Fflur_100,syrthio2576,iter,1,0.25
Fflur_11,afal3024,iter,1,0.25
Fflur_11,bwni2558,iter,1,0.25
Fflur_11,bwni2559,iter,1,0.25
Fflur_11,bwni3431,iter,1,0.25
Fflur_11,bwni3432,iter,1,0.25
Fflur_11,bwni3433,iter,1,0.25
Fflur_11,eto1947,iter,1,0.25
Fflur_11,eto2564,iter,1,0.25
Fflur_11,fanna1950,iter,1,0.25
Fflur_11,fanna1951,iter,1,0.25
Fflur_11,fyna3436,iter,1,0.25
Fflur_11,moron2570,iter,1,0.25
Fflur_11,moron2571,iter,1,0.25
Fflur_11,moron2573,iter,1,0.25
Fflur_11,mwnci2574,iter,1,0.25
Fflur_11,syrthio2575,iter,1,0.25
Fflur_12,afal3024,iter,1,0.25
Fflur_12,bwni2558,iter,1,0.25
Fflur_12,bwni2559,iter,1,0.25
Fflur_12,bwni2560,iter,1,0.25
Fflur_12,fan’cw1949,iter,1,0.25
Fflur_12,hwnna2566,iter,1,0.25
Fflur_12,mwnci2574,iter,1,0.25
Fflur_12,mwnci3438,iter,1,0.25
Fflur_12,syrthio2575,iter,1,0.25
Fflur_13,bwni2559,iter,1,0.25
Fflur_13,bwni3428,iter,1,0.25
Fflur_13,bwni3429,iter,1,0.25
Fflur_13,bwni3430,iter,1,0.25
Fflur_13,bwni3431,iter,1,0.25
Fflur_13,bwni3432,iter,1,0.25
Fflur_13,fyna3434,iter,1,0.25
Fflur_13,fyna3435,iter,1,0.25
Fflur_13,hwnna3437,iter,1,0.25
Fflur_13,moron2568,iter,1,0.25
Fflur_13,moron2573,iter,1,0.25
Fflur_13,syrthio2575,iter,1,0.25
Fflur_13,syrthio2576,iter,1,0.25
Fflur_14,afal3024,iter,1,0.25
Fflur_14,blodyn2557,iter,1,0.25
Fflur_14,bwni2560,iter,1,0.25
Fflur_14,bwni2561,iter,1,0.25
Fflur_14,fanna1951,iter,1,0.25
Fflur_14,fyna3435,iter,1,0.25
Fflur_14,hwnna2566,iter,1,0.25
Fflur_14,hwnna2567,iter,1,0.25
Fflur_14,mwnci2574,iter,1,0.25
Fflur_14,mwnci3439,iter,1,0.25
Fflur_14,syrthio2576,iter,1,0.25
Fflur_15,afal3024,iter,1,0.25
Fflur_15,eto2564,iter,1,0.25
Fflur_15,fyna3435,iter,1,0.25
Fflur_15,fyna3436,iter,1,0.25
Fflur_15,syrthio2576,iter,1,0.25
Fflur_16,mwnci2574,iter,1,0.25
Fflur_16,syrthio2575,iter,1,0.25
Fflur_17,afal3024,iter,1,0.25
Fflur_17,bwni2558,iter,1,0.25
Fflur_17,bwni2560,iter,1,0.25
Fflur_17,bwni2562,iter,1,0.25
Fflur_17,fanna1950,iter,1,0.25
Fflur_17,fyna3435,iter,1,0.25
Fflur_17,hwnna2567,iter,1,0.25
Fflur_17,mwnci3439,iter,1,0.25
Fflur_17,syrthio2575,iter,1,0.25
Fflur_18,bwni2560,iter,1,0.25
Fflur_18,bwni2561,iter,1,0.25
Fflur_18,eto1947,iter,1,0.25
Fflur_18,fanna1950,iter,1,0.25
Fflur_18,fanna1951,iter,1,0.25
Fflur_18,fan’cw1949,iter,1,0.25
Fflur_18,mwnci2574,iter,1,0.25
Fflur_18,mwnci3439,iter,1,0.25
Fflur_2,bwni2559,iter,1,0.25
Fflur_2,bwni2562,iter,1,0.25
Fflur_2,eto2564,iter,1,0.25
Fflur_2,hwnna2567,iter,1,0.25
Fflur_2,moron2570,iter,1,0.25
Fflur_2,moron2571,iter,1,0.25
Fflur_2,moron2573,iter,1,0.25
Fflur_2,syrthio2576,iter,1,0.25
Fflur_20,afal3024,iter,1,0.25
Fflur_20,bwni2562,iter,1,0.25
Fflur_20,bwni3431,iter,1,0.25
Fflur_20,bwni3433,iter,1,0.25
Fflur_20,fyna3434,iter,1,0.25
Fflur_20,hwnna3437,iter,1,0.25
Fflur_20,moron2568,iter,1,0.25
Fflur_20,moron2573,iter,1,0.25
Fflur_20,mwnci3438,iter,1,0.25
Fflur_20,syrthio2575,iter,1,0.25
Fflur_21,afal3024,iter,1,0.25
Fflur_21,bwni2559,iter,1,0.25
Fflur_21,bwni2560,iter,1,0.25
Fflur_21,bwni3429,iter,1,0.25
Fflur_21,eto2564,iter,1,0.25
Fflur_21,fanna1950,iter,1,0.25
Fflur_21,fyna3434,iter,1,0.25
Fflur_21,fyna3435,iter,1,0.25
Fflur_21,hwnna2567,iter,1,0.25
Fflur_21,moron2568,iter,1,0.25
Fflur_21,moron2570,iter,1,0.25
Fflur_21,mwnci3438,iter,1,0.25
Fflur_21,syrthio2575,iter,1,0.25
Fflur_22,blodyn2557,iter,1,0.25
Fflur_22,bwni2559,iter,1,0.25
Fflur_22,bwni2560,iter,1,0.25
Fflur_22,bwni2561,iter,1,0.25
Fflur_22,bwni2562,iter,1,0.25
Fflur_22,eto1947,iter,1,0.25
Fflur_22,fan’cw1949,iter,1,0.25
Fflur_22,mwnci3439,iter,1,0.25
Fflur_22,sos goch3025,iter,1,0.25
Fflur_23,blodyn2557,iter,1,0.25
Fflur_23,bwni2560,iter,1,0.25
Fflur_23,bwni2561,iter,1,0.25
Fflur_23,bwni2562,iter,1,0.25
Fflur_23,bwni3430,iter,1,0.25
Fflur_23,eto2564,iter,1,0.25
Fflur_23,eto2565,iter,1,0.25
Fflur_23,fyna3434,iter,1,0.25
Fflur_23,hwnna2566,iter,1,0.25
Fflur_23,moron2570,iter,1,0.25
Fflur_23,moron2571,iter,1,0.25
Fflur_23,moron2573,iter,1,0.25
Fflur_23,mwnci3438,iter,1,0.25
Fflur_23,syrthio3440,iter,1,0.25
Fflur_24,bwni2559,iter,1,0.25
Fflur_24,bwni2560,iter,1,0.25
Fflur_24,bwni2561,iter,1,0.25
Fflur_24,bwni2562,iter,1,0.25
Fflur_24,bwni3428,iter,1,0.25
Fflur_24,bwni3429,iter,1,0.25
Fflur_24,bwni3430,iter,1,0.25
Fflur_24,bwni3432,iter,1,0.25
Fflur_24,bwni3433,iter,1,0.25
Fflur_24,eto2564,iter,1,0.25
Fflur_24,fanna1951,iter,1,0.25
Fflur_24,fyna3435,iter,1,0.25
Fflur_24,fyna3436,iter,1,0.25
Fflur_24,hwnna2567,iter,1,0.25
Fflur_24,moron2570,iter,1,0.25
Fflur_24,mwnci3438,iter,1,0.25
Fflur_24,syrthio2575,iter,1,0.25
Fflur_24,syrthio2576,iter,1,0.25
Fflur_24,syrthio3440,iter,1,0.25
Fflur_25,syrthio2576,iter,1,0.25
Fflur_26,bwni2558,iter,1,0.25
Fflur_26,bwni2560,iter,1,0.25
Fflur_26,bwni2562,iter,1,0.25
Fflur_26,fanna1950,iter,1,0.25
Fflur_26,fan’cw1949,iter,1,0.25
Fflur_26,mwnci3438,iter,1,0.25
Fflur_26,mwnci3439,iter,1,0.25
Fflur_27,blodyn2557,iter,1,0.25
Fflur_27,bwni2560,iter,1,0.25
Fflur_27,bwni2562,iter,1,0.25
Fflur_27,eto2564,iter,1,0.25
Fflur_27,hwnna2567,iter,1,0.25
Fflur_27,moron2568,iter,1,0.25
Fflur_27,moron2570,iter,1,0.25
Fflur_28,bwni2558,iter,1,0.25
Fflur_28,bwni2561,iter,1,0.25
Fflur_28,bwni2562,iter,1,0.25
Fflur_28,bwni3430,iter,1,0.25
Fflur_28,bwni3432,iter,1,0.25
Fflur_28,bwni3433,iter,1,0.25
Fflur_28,eto2564,iter,1,0.25
Fflur_28,fyna3434,iter,1,0.25
Fflur_28,fyna3436,iter,1,0.25
Fflur_28,hwnna2567,iter,1,0.25
Fflur_28,hwnna3437,iter,1,0.25
Fflur_28,moron2570,iter,1,0.25
Fflur_28,moron2571,iter,1,0.25
Fflur_28,moron2573,iter,1,0.25
Fflur_28,mwnci3438,iter,1,0.25
Fflur_28,syrthio2576,iter,1,0.25
Fflur_28,syrthio3440,iter,1,0.25
Fflur_29,mwnci2574,iter,1,0.25
Fflur_3,afal3024,iter,1,0.25
Fflur_3,blodyn2557,iter,1,0.25
Fflur_3,bwni2560,iter,1,0.25
Fflur_3,eto2564,iter,1,0.25
Fflur_3,fyna3436,iter,1,0.25
Fflur_3,moron2569,iter,1,0.25
Fflur_3,moron2570,iter,1,0.25
Fflur_3,moron2571,iter,1,0.25
Fflur_3,syrthio2576,iter,1,0.25
Fflur_30,bwni2558,iter,1,0.25
Fflur_30,bwni2559,iter,1,0.25
Fflur_30,bwni3433,iter,1,0.25
Fflur_30,hwnna2566,iter,1,0.25
Fflur_30,hwnna3437,iter,1,0.25
Fflur_30,syrthio2575,iter,1,0.25
Fflur_30,syrthio2576,iter,1,0.25
Fflur_30,syrthio3440,iter,1,0.25
Fflur_31,bwni2558,iter,1,0.25
Fflur_31,bwni2559,iter,1,0.25
Fflur_31,bwni2560,iter,1,0.25
Fflur_31,bwni2561,iter,1,0.25
Fflur_31,bwni2562,iter,1,0.25
Fflur_31,bwni3429,iter,1,0.25
Fflur_31,bwni3432,iter,1,0.25
Fflur_31,bwni3433,iter,1,0.25
Fflur_31,hwnna2566,iter,1,0.25
Fflur_31,moron1952,iter,1,0.25
Fflur_31,syrthio2576,iter,1,0.25
Fflur_32,afal3024,iter,1,0.25
Fflur_32,blodyn2557,iter,1,0.25
Fflur_32,bwni2560,iter,1,0.25
Fflur_32,eto2564,iter,1,0.25
Fflur_32,fyna3435,iter,1,0.25
Fflur_32,moron2569,iter,1,0.25
Fflur_32,moron2571,iter,1,0.25
Fflur_33,afal3024,iter,1,0.25
Fflur_33,bwni2559,iter,1,0.25
Fflur_33,bwni3429,iter,1,0.25
Fflur_33,bwni3431,iter,1,0.25
Fflur_33,bwni3432,iter,1,0.25
Fflur_33,mwnci3438,iter,1,0.25
Fflur_33,syrthio2575,iter,1,0.25
Fflur_34,bwni2558,iter,1,0.25
Fflur_34,eto1947,iter,1,0.25
Fflur_34,fanna1951,iter,1,0.25
Fflur_34,fan’cw1948,iter,1,0.25
Fflur_35,afal3024,iter,1,0.25
Fflur_35,blodyn2557,iter,1,0.25
Fflur_35,bwni2558,iter,1,0.25
Fflur_35,bwni2561,iter,1,0.25
Fflur_35,fanna1951,iter,1,0.25
Fflur_35,mwnci2574,iter,1,0.25
Fflur_35,mwnci3438,iter,1,0.25
Fflur_35,mwnci3439,iter,1,0.25
Fflur_35,sos goch3025,iter,1,0.25
Fflur_35,syrthio2575,iter,1,0.25
Fflur_35,syrthio2576,iter,1,0.25
Fflur_36,blodyn2557,iter,1,0.25
Fflur_36,cwaccwac2563,iter,1,0.25
Fflur_36,eto2564,iter,1,0.25
Fflur_36,fanna1951,iter,1,0.25
Fflur_36,mwnci3438,iter,1,0.25
Fflur_37,afal3024,iter,1,0.25
Fflur_37,blodyn2557,iter,1,0.25
Fflur_37,bwni2561,iter,1,0.25
Fflur_37,bwni3428,iter,1,0.25
Fflur_37,bwni3429,iter,1,0.25
Fflur_37,eto1947,iter,1,0.25
Fflur_37,fanna1950,iter,1,0.25
Fflur_37,fanna1951,iter,1,0.25
Fflur_37,fyna3436,iter,1,0.25
Fflur_37,hwnna2566,iter,1,0.25
Fflur_37,moron2570,iter,1,0.25
Fflur_37,moron2571,iter,1,0.25
Fflur_37,syrthio2575,iter,1,0.25
Fflur_37,syrthio2576,iter,1,0.25
Fflur_37,syrthio3148,iter,1,0.25
Fflur_38,bwni2558,iter,1,0.25
Fflur_38,bwni2560,iter,1,0.25
Fflur_38,bwni2562,iter,1,0.25
Fflur_38,bwni3430,iter,1,0.25
Fflur_38,bwni3432,iter,1,0.25
Fflur_38,fyna3435,iter,1,0.25
Fflur_38,hwnna2566,iter,1,0.25
Fflur_38,hwnna3437,iter,1,0.25
Fflur_38,syrthio2575,iter,1,0.25
Fflur_39,eto1947,iter,1,0.25
Fflur_39,mwnci3439,iter,1,0.25
Fflur_4,blodyn2557,iter,1,0.25
Fflur_4,bwni2559,iter,1,0.25
Fflur_4,fanna1951,iter,1,0.25
Fflur_4,mwnci3438,iter,1,0.25
Fflur_4,mwnci3439,iter,1,0.25
Fflur_4,syrthio2575,iter,1,0.25
Fflur_4,syrthio2576,iter,1,0.25
Fflur_4,syrthio3148,iter,1,0.25
Fflur_4,syrthio3440,iter,1,0.25
Fflur_40,afal3024,iter,1,0.25
Fflur_40,bwni2559,iter,1,0.25
Fflur_40,bwni2560,iter,1,0.25
Fflur_40,bwni3428,iter,1,0.25
Fflur_40,bwni3430,iter,1,0.25
Fflur_40,bwni3432,iter,1,0.25
Fflur_40,bwni3433,iter,1,0.25
Fflur_40,fyna3435,iter,1,0.25
Fflur_40,fyna3436,iter,1,0.25
Fflur_40,hwnna3437,iter,1,0.25
Fflur_40,moron2568,iter,1,0.25
Fflur_40,mwnci3438,iter,1,0.25
Fflur_41,bwni2559,iter,1,0.25
Fflur_41,bwni2560,iter,1,0.25
Fflur_41,bwni2561,iter,1,0.25
Fflur_41,bwni3429,iter,1,0.25
Fflur_41,bwni3430,iter,1,0.25
Fflur_41,hwnna2567,iter,1,0.25
Fflur_41,syrthio2575,iter,1,0.25
Fflur_41,syrthio2576,iter,1,0.25
Fflur_42,fanna1950,iter,1,0.25
Fflur_42,fan’cw1948,iter,1,0.25
Fflur_42,mwnci3438,iter,1,0.25
Fflur_42,mwnci3439,iter,1,0.25
Fflur_43,bwni2559,iter,1,0.25
Fflur_43,bwni2562,iter,1,0.25
Fflur_43,fyna3436,iter,1,0.25
Fflur_43,hwnna2567,iter,1,0.25
Fflur_43,moron2569,iter,1,0.25
Fflur_43,moron2571,iter,1,0.25
Fflur_43,syrthio2575,iter,1,0.25
Fflur_43,syrthio2576,iter,1,0.25
Fflur_44,afal3024,iter,1,0.25
Fflur_44,blodyn2557,iter,1,0.25
Fflur_44,bwni2560,iter,1,0.25
Fflur_44,bwni2562,iter,1,0.25
Fflur_44,fanna1950,iter,1,0.25
Fflur_44,hwnna2566,iter,1,0.25
Fflur_44,moron2569,iter,1,0.25
Fflur_44,moron2573,iter,1,0.25
Fflur_45,blodyn2557,iter,1,0.25
Fflur_45,eto2564,iter,1,0.25
Fflur_45,moron2568,iter,1,0.25
Fflur_45,moron2570,iter,1,0.25
Fflur_45,moron2571,iter,1,0.25
Fflur_45,moron2572,iter,1,0.25
Fflur_45,moron2573,iter,1,0.25
Fflur_45,mwnci3438,iter,1,0.25
Fflur_45,syrthio2575,iter,1,0.25
Fflur_46,bwni2559,iter,1,0.25
Fflur_46,bwni2560,iter,1,0.25
Fflur_46,bwni2561,iter,1,0.25
Fflur_46,bwni2562,iter,1,0.25
Fflur_46,bwni3428,iter,1,0.25
Fflur_46,bwni3433,iter,1,0.25
Fflur_46,fyna3434,iter,1,0.25
Fflur_46,fyna3435,iter,1,0.25
Fflur_46,fyna3436,iter,1,0.25
Fflur_46,hwnna2566,iter,1,0.25
Fflur_46,hwnna2567,iter,1,0.25
Fflur_46,hwnna3437,iter,1,0.25
Fflur_46,syrthio2575,iter,1,0.25
Fflur_47,afal3024,iter,1,0.25
Fflur_47,bwni2561,iter,1,0.25
Fflur_47,bwni2562,iter,1,0.25
Fflur_47,fanna1951,iter,1,0.25
Fflur_47,hwnna2566,iter,1,0.25
Fflur_47,hwnna2567,iter,1,0.25
Fflur_47,moron2569,iter,1,0.25
Fflur_47,sos goch3025,iter,1,0.25
Fflur_47,syrthio2575,iter,1,0.25
Fflur_48,bwni2559,iter,1,0.25
Fflur_48,bwni2562,iter,1,0.25
Fflur_48,bwni3430,iter,1,0.25
Fflur_48,bwni3432,iter,1,0.25
Fflur_48,bwni3433,iter,1,0.25
Fflur_48,fyna3435,iter,1,0.25
Fflur_48,hwnna3437,iter,1,0.25
Fflur_48,syrthio2575,iter,1,0.25
Fflur_49,bwni2559,iter,1,0.25
Fflur_49,bwni3430,iter,1,0.25
Fflur_49,bwni3433,iter,1,0.25
Fflur_49,fyna3434,iter,1,0.25
Fflur_49,fyna3435,iter,1,0.25
Fflur_49,hwnna3437,iter,1,0.25
Fflur_49,moron2573,iter,1,0.25
Fflur_49,syrthio2576,iter,1,0.25
Fflur_5,afal3024,iter,1,0.25
Fflur_5,bwni2558,iter,1,0.25
Fflur_5,bwni3428,iter,1,0.25
Fflur_5,bwni3432,iter,1,0.25
Fflur_5,fanna1950,iter,1,0.25
Fflur_5,fanna1951,iter,1,0.25
Fflur_5,fyna3434,iter,1,0.25
Fflur_5,fyna3436,iter,1,0.25
Fflur_5,hwnna2566,iter,1,0.25
Fflur_5,hwnna2567,iter,1,0.25
Fflur_5,hwnna3437,iter,1,0.25
Fflur_5,moron2571,iter,1,0.25
Fflur_5,moron2573,iter,1,0.25
Fflur_5,mwnci2574,iter,1,0.25
Fflur_5,mwnci3438,iter,1,0.25
Fflur_50,afal3024,iter,1,0.25
Fflur_50,bwni2558,iter,1,0.25
Fflur_50,moron2570,iter,1,0.25
Fflur_51,bwni2558,iter,1,0.25
Fflur_51,bwni2560,iter,1,0.25
Fflur_51,bwni2562,iter,1,0.25
Fflur_51,bwni3428,iter,1,0.25
Fflur_51,bwni3430,iter,1,0.25
Fflur_51,eto2565,iter,1,0.25
Fflur_51,fanna1950,iter,1,0.25
Fflur_51,fyna3436,iter,1,0.25
Fflur_51,hwnna2566,iter,1,0.25
Fflur_51,hwnna2567,iter,1,0.25
Fflur_51,moron2573,iter,1,0.25
Fflur_51,mwnci2574,iter,1,0.25
Fflur_51,mwnci3438,iter,1,0.25
Fflur_51,syrthio2575,iter,1,0.25
Fflur_51,syrthio3148,iter,1,0.25
Fflur_51,syrthio3440,iter,1,0.25
Fflur_52,bwni2560,iter,1,0.25
Fflur_52,bwni2561,iter,1,0.25
Fflur_52,bwni3428,iter,1,0.25
Fflur_52,bwni3432,iter,1,0.25
Fflur_52,eto2565,iter,1,0.25
Fflur_52,fanna1951,iter,1,0.25
Fflur_52,fyna3434,iter,1,0.25
Fflur_52,fyna3435,iter,1,0.25
Fflur_52,fyna3436,iter,1,0.25
Fflur_52,hwnna3437,iter,1,0.25
Fflur_52,moron2571,iter,1,0.25
Fflur_52,moron2573,iter,1,0.25
Fflur_52,syrthio2576,iter,1,0.25
Fflur_52,syrthio3148,iter,1,0.25
Fflur_53,bwni3429,iter,1,0.25
Fflur_53,bwni3431,iter,1,0.25
Fflur_53,bwni3432,iter,1,0.25
Fflur_53,bwni3433,iter,1,0.25
Fflur_53,hwnna3437,iter,1,0.25
Fflur_54,bwni2558,iter,1,0.25
Fflur_54,bwni2559,iter,1,0.25
Fflur_54,bwni2560,iter,1,0.25
Fflur_54,bwni2561,iter,1,0.25
Fflur_54,bwni3429,iter,1,0.25
Fflur_54,bwni3430,iter,1,0.25
Fflur_54,bwni3431,iter,1,0.25
Fflur_54,eto1947,iter,1,0.25
Fflur_54,fan’cw1949,iter,1,0.25
Fflur_54,hwnna2567,iter,1,0.25
Fflur_54,hwnna3437,iter,1,0.25
Fflur_54,moron2569,iter,1,0.25
Fflur_54,syrthio2576,iter,1,0.25
Fflur_55,bwni2558,iter,1,0.25
Fflur_55,eto1947,iter,1,0.25
Fflur_55,fanna1950,iter,1,0.25
Fflur_55,fanna1951,iter,1,0.25
Fflur_55,fan’cw1948,iter,1,0.25
Fflur_55,mwnci2574,iter,1,0.25
Fflur_55,mwnci3438,iter,1,0.25
Fflur_56,bwni3429,iter,1,0.25
Fflur_56,bwni3430,iter,1,0.25
Fflur_56,bwni3431,iter,1,0.25
Fflur_56,fyna3434,iter,1,0.25
Fflur_56,moron1952,iter,1,0.25
Fflur_57,bwni2558,iter,1,0.25
Fflur_57,bwni3428,iter,1,0.25
Fflur_57,bwni3429,iter,1,0.25
Fflur_57,bwni3430,iter,1,0.25
Fflur_57,fyna3434,iter,1,0.25
Fflur_57,fyna3436,iter,1,0.25
Fflur_57,hwnna2566,iter,1,0.25
Fflur_57,hwnna3437,iter,1,0.25
Fflur_57,syrthio2575,iter,1,0.25
Fflur_58,bwni2558,iter,1,0.25
Fflur_58,bwni2559,iter,1,0.25
Fflur_58,cwaccwac2563,iter,1,0.25
Fflur_58,eto1947,iter,1,0.25
Fflur_58,fanna1950,iter,1,0.25
Fflur_58,fan’cw1949,iter,1,0.25
Fflur_58,mwnci2574,iter,1,0.25
Fflur_58,mwnci3438,iter,1,0.25
Fflur_58,sos goch3025,iter,1,0.25
Fflur_58,syrthio2575,iter,1,0.25
Fflur_58,syrthio2576,iter,1,0.25
Fflur_59,afal3024,iter,1,0.25
Fflur_59,moron2568,iter,1,0.25
Fflur_59,moron2570,iter,1,0.25
Fflur_59,moron2573,iter,1,0.25
Fflur_6,afal3024,iter,1,0.25
Fflur_6,bwni2558,iter,1,0.25
Fflur_6,bwni2561,iter,1,0.25
Fflur_6,bwni3428,iter,1,0.25
Fflur_6,bwni3431,iter,1,0.25
Fflur_6,eto2565,iter,1,0.25
Fflur_6,fanna1950,iter,1,0.25
Fflur_6,hwnna2566,iter,1,0.25
Fflur_6,hwnna2567,iter,1,0.25
Fflur_6,hwnna3437,iter,1,0.25
Fflur_6,moron2571,iter,1,0.25
Fflur_6,moron2573,iter,1,0.25
Fflur_6,mwnci3438,iter,1,0.25
Fflur_6,syrthio2575,iter,1,0.25
Fflur_6,syrthio2576,iter,1,0.25
Fflur_6,syrthio3148,iter,1,0.25
Fflur_60,bwni2560,iter,1,0.25
Fflur_60,bwni3428,iter,1,0.25
Fflur_60,bwni3429,iter,1,0.25
Fflur_60,bwni3430,iter,1,0.25
Fflur_60,bwni3432,iter,1,0.25
Fflur_60,fanna1950,iter,1,0.25
Fflur_60,fanna1951,iter,1,0.25
Fflur_60,fyna3435,iter,1,0.25
Fflur_60,fyna3436,iter,1,0.25
Fflur_60,hwnna2567,iter,1,0.25
Fflur_60,moron2570,iter,1,0.25
Fflur_60,moron2571,iter,1,0.25
Fflur_60,mwnci3438,iter,1,0.25
Fflur_60,syrthio2576,iter,1,0.25
Fflur_60,syrthio3440,iter,1,0.25
Fflur_61,bwni2559,iter,1,0.25
Fflur_61,bwni2561,iter,1,0.25
Fflur_61,bwni2562,iter,1,0.25
Fflur_61,cwaccwac2563,iter,1,0.25
Fflur_61,eto2564,iter,1,0.25
Fflur_61,fanna1950,iter,1,0.25
Fflur_61,hwnna2566,iter,1,0.25
Fflur_61,hwnna2567,iter,1,0.25
Fflur_61,mwnci3438,iter,1,0.25
Fflur_61,mwnci3439,iter,1,0.25
Fflur_62,afal3024,iter,1,0.25
Fflur_62,bwni2562,iter,1,0.25
Fflur_62,bwni3431,iter,1,0.25
Fflur_62,bwni3432,iter,1,0.25
Fflur_62,bwni3433,iter,1,0.25
Fflur_62,fanna1951,iter,1,0.25
Fflur_62,fyna3434,iter,1,0.25
Fflur_62,hwnna2566,iter,1,0.25
Fflur_62,hwnna3437,iter,1,0.25
Fflur_62,moron2569,iter,1,0.25
Fflur_62,mwnci2574,iter,1,0.25
Fflur_62,mwnci3438,iter,1,0.25
Fflur_62,mwnci3439,iter,1,0.25
Fflur_63,bwni2559,iter,1,0.25
Fflur_63,bwni2560,iter,1,0.25
Fflur_63,bwni2562,iter,1,0.25
Fflur_63,bwni3430,iter,1,0.25
Fflur_63,bwni3432,iter,1,0.25
Fflur_63,bwni3433,iter,1,0.25
Fflur_63,fyna3435,iter,1,0.25
Fflur_63,fyna3436,iter,1,0.25
Fflur_63,hwnna2567,iter,1,0.25
Fflur_63,moron1952,iter,1,0.25
Fflur_63,syrthio2575,iter,1,0.25
Fflur_63,syrthio2576,iter,1,0.25
Fflur_64,afal3024,iter,1,0.25
Fflur_64,bwni3428,iter,1,0.25
Fflur_64,bwni3430,iter,1,0.25
Fflur_64,bwni3433,iter,1,0.25
Fflur_64,fyna3434,iter,1,0.25
Fflur_64,fyna3435,iter,1,0.25
Fflur_64,fyna3436,iter,1,0.25
Fflur_64,hwnna3437,iter,1,0.25
Fflur_64,moron2573,iter,1,0.25
Fflur_65,afal3024,iter,1,0.25
Fflur_65,bwni2559,iter,1,0.25
Fflur_65,bwni3428,iter,1,0.25
Fflur_65,bwni3430,iter,1,0.25
Fflur_65,bwni3431,iter,1,0.25
Fflur_65,fanna1950,iter,1,0.25
Fflur_65,fanna1951,iter,1,0.25
Fflur_65,fyna3435,iter,1,0.25
Fflur_65,hwnna2566,iter,1,0.25
Fflur_65,hwnna3437,iter,1,0.25
Fflur_65,moron2573,iter,1,0.25
Fflur_65,syrthio2575,iter,1,0.25
Fflur_65,syrthio3440,iter,1,0.25
Fflur_66,afal3024,iter,1,0.25
Fflur_66,bwni2558,iter,1,0.25
Fflur_66,bwni2560,iter,1,0.25
Fflur_66,bwni2561,iter,1,0.25
Fflur_66,bwni3430,iter,1,0.25
Fflur_66,bwni3431,iter,1,0.25
Fflur_66,bwni3433,iter,1,0.25
Fflur_66,fanna1950,iter,1,0.25
Fflur_66,hwnna2567,iter,1,0.25
Fflur_66,mwnci3438,iter,1,0.25
Fflur_66,mwnci3439,iter,1,0.25
Fflur_66,syrthio2575,iter,1,0.25
Fflur_66,syrthio2576,iter,1,0.25
Fflur_67,afal3024,iter,1,0.25
Fflur_67,blodyn2557,iter,1,0.25
Fflur_67,bwni2560,iter,1,0.25
Fflur_67,bwni2561,iter,1,0.25
Fflur_67,bwni2562,iter,1,0.25
Fflur_67,fanna1951,iter,1,0.25
Fflur_67,fan’cw1949,iter,1,0.25
Fflur_67,hwnna2567,iter,1,0.25
Fflur_67,sos goch3025,iter,1,0.25
Fflur_67,syrthio2575,iter,1,0.25
Fflur_68,bwni2559,iter,1,0.25
Fflur_68,bwni2560,iter,1,0.25
Fflur_68,bwni2562,iter,1,0.25
Fflur_68,fanna1950,iter,1,0.25
Fflur_68,fanna1951,iter,1,0.25
Fflur_68,fan’cw1949,iter,1,0.25
Fflur_68,mwnci3439,iter,1,0.25
Fflur_68,syrthio2576,iter,1,0.25
Fflur_68,syrthio3148,iter,1,0.25
Fflur_69,bwni2559,iter,1,0.25
Fflur_69,bwni2561,iter,1,0.25
Fflur_69,bwni3429,iter,1,0.25
Fflur_69,bwni3433,iter,1,0.25
Fflur_69,fyna3434,iter,1,0.25
Fflur_69,hwnna3437,iter,1,0.25
Fflur_69,moron1952,iter,1,0.25
Fflur_69,syrthio2576,iter,1,0.25
Fflur_69,syrthio3440,iter,1,0.25
Fflur_7,bwni2558,iter,1,0.25
Fflur_7,bwni2562,iter,1,0.25
Fflur_7,fanna1950,iter,1,0.25
Fflur_7,fan’cw1949,iter,1,0.25
Fflur_7,hwnna2566,iter,1,0.25
Fflur_7,mwnci2574,iter,1,0.25
Fflur_7,mwnci3438,iter,1,0.25
Fflur_7,mwnci3439,iter,1,0.25
Fflur_7,syrthio2575,iter,1,0.25
Fflur_7,syrthio3440,iter,1,0.25
Fflur_70,bwni2561,iter,1,0.25
Fflur_70,eto1947,iter,1,0.25
Fflur_70,hwnna2567,iter,1,0.25
Fflur_70,mwnci3438,iter,1,0.25
Fflur_70,mwnci3439,iter,1,0.25
Fflur_70,syrthio2575,iter,1,0.25
Fflur_70,syrthio2576,iter,1,0.25
Fflur_70,syrthio3148,iter,1,0.25
Fflur_71,bwni2558,iter,1,0.25
Fflur_71,eto1947,iter,1,0.25
Fflur_71,fanna1950,iter,1,0.25
Fflur_71,fan’cw1949,iter,1,0.25
Fflur_72,bwni2558,iter,1,0.25
Fflur_72,bwni2559,iter,1,0.25
Fflur_72,cwaccwac2563,iter,1,0.25
Fflur_72,eto1947,iter,1,0.25
Fflur_72,fyna3435,iter,1,0.25
Fflur_72,fyna3436,iter,1,0.25
Fflur_72,hwnna2566,iter,1,0.25
Fflur_72,hwnna2567,iter,1,0.25
Fflur_72,moron2573,iter,1,0.25
Fflur_72,mwnci3438,iter,1,0.25
Fflur_72,sos goch3025,iter,1,0.25
Fflur_72,syrthio2576,iter,1,0.25
Fflur_73,bwni2558,iter,1,0.25
Fflur_73,bwni2560,iter,1,0.25
Fflur_73,bwni2562,iter,1,0.25
Fflur_73,bwni3429,iter,1,0.25
Fflur_73,bwni3430,iter,1,0.25
Fflur_73,bwni3431,iter,1,0.25
Fflur_73,bwni3433,iter,1,0.25
Fflur_73,eto1947,iter,1,0.25
Fflur_73,eto2564,iter,1,0.25
Fflur_73,fyna3434,iter,1,0.25
Fflur_73,fyna3435,iter,1,0.25
Fflur_73,hwnna2567,iter,1,0.25
Fflur_73,moron2568,iter,1,0.25
Fflur_73,moron2570,iter,1,0.25
Fflur_73,moron2571,iter,1,0.25
Fflur_73,mwnci3438,iter,1,0.25
Fflur_73,syrthio2575,iter,1,0.25
Fflur_73,syrthio3148,iter,1,0.25
Fflur_73,syrthio3440,iter,1,0.25
Fflur_74,afal3024,iter,1,0.25
Fflur_74,eto2564,iter,1,0.25
Fflur_75,blodyn2557,iter,1,0.25
Fflur_75,bwni2558,iter,1,0.25
Fflur_75,bwni2561,iter,1,0.25
Fflur_75,eto1947,iter,1,0.25
Fflur_75,fanna1951,iter,1,0.25
Fflur_75,fan’cw1949,iter,1,0.25
Fflur_75,hwnna2566,iter,1,0.25
Fflur_75,hwnna2567,iter,1,0.25
Fflur_75,mwnci3438,iter,1,0.25
Fflur_75,mwnci3439,iter,1,0.25
Fflur_75,syrthio2576,iter,1,0.25
Fflur_76,afal3024,iter,1,0.25
Fflur_76,bwni2558,iter,1,0.25
Fflur_76,bwni2562,iter,1,0.25
Fflur_76,bwni3431,iter,1,0.25
Fflur_76,bwni3432,iter,1,0.25
Fflur_76,fanna1951,iter,1,0.25
Fflur_76,fyna3434,iter,1,0.25
Fflur_76,mwnci2574,iter,1,0.25
Fflur_76,mwnci3439,iter,1,0.25
Fflur_76,syrthio2575,iter,1,0.25
Fflur_76,syrthio2576,iter,1,0.25
Fflur_77,afal3024,iter,1,0.25
Fflur_77,bwni2558,iter,1,0.25
Fflur_77,bwni2559,iter,1,0.25
Fflur_77,eto1947,iter,1,0.25
Fflur_77,fanna1950,iter,1,0.25
Fflur_77,fyna3435,iter,1,0.25
Fflur_77,hwnna2566,iter,1,0.25
Fflur_77,moron2573,iter,1,0.25
Fflur_77,sos goch3025,iter,1,0.25
Fflur_77,syrthio2576,iter,1,0.25
Fflur_78,bwni2560,iter,1,0.25
Fflur_78,bwni2561,iter,1,0.25
Fflur_78,bwni3428,iter,1,0.25
Fflur_78,bwni3429,iter,1,0.25
Fflur_78,bwni3431,iter,1,0.25
Fflur_78,bwni3432,iter,1,0.25
Fflur_78,fyna3434,iter,1,0.25
Fflur_78,fyna3436,iter,1,0.25
Fflur_78,syrthio3440,iter,1,0.25
Fflur_79,blodyn2557,iter,1,0.25
Fflur_79,eto2564,iter,1,0.25
Fflur_79,moron2568,iter,1,0.25
Fflur_79,moron2569,iter,1,0.25
Fflur_79,moron2571,iter,1,0.25
Fflur_79,moron2573,iter,1,0.25
Fflur_8,bwni2558,iter,1,0.25
Fflur_8,bwni2559,iter,1,0.25
Fflur_8,bwni2561,iter,1,0.25
Fflur_8,bwni2562,iter,1,0.25
Fflur_8,bwni3429,iter,1,0.25
Fflur_8,bwni3431,iter,1,0.25
Fflur_8,bwni3432,iter,1,0.25
Fflur_8,hwnna2566,iter,1,0.25
Fflur_8,hwnna3437,iter,1,0.25
Fflur_8,syrthio2576,iter,1,0.25
Fflur_80,afal3024,iter,1,0.25
Fflur_80,bwni2560,iter,1,0.25
Fflur_80,bwni2562,iter,1,0.25
Fflur_80,fyna3435,iter,1,0.25
Fflur_80,fyna3436,iter,1,0.25
Fflur_80,moron2568,iter,1,0.25
Fflur_80,moron2569,iter,1,0.25
Fflur_80,moron2570,iter,1,0.25
Fflur_80,moron2573,iter,1,0.25
Fflur_80,syrthio2575,iter,1,0.25
Fflur_81,bwni2558,iter,1,0.25
Fflur_81,bwni2559,iter,1,0.25
Fflur_81,bwni2561,iter,1,0.25
Fflur_81,bwni3430,iter,1,0.25
Fflur_81,bwni3432,iter,1,0.25
Fflur_81,bwni3433,iter,1,0.25
Fflur_81,eto1947,iter,1,0.25
Fflur_81,eto2564,iter,1,0.25
Fflur_81,fanna1950,iter,1,0.25
Fflur_81,fanna1951,iter,1,0.25
Fflur_81,fyna3435,iter,1,0.25
Fflur_81,fyna3436,iter,1,0.25
Fflur_81,hwnna2567,iter,1,0.25
Fflur_81,hwnna3437,iter,1,0.25
Fflur_81,syrthio3440,iter,1,0.25
Fflur_82,afal3024,iter,1,0.25
Fflur_82,bwni2559,iter,1,0.25
Fflur_82,bwni2560,iter,1,0.25
Fflur_82,bwni2561,iter,1,0.25
Fflur_82,eto1947,iter,1,0.25
Fflur_82,fanna1950,iter,1,0.25
Fflur_82,fan’cw1949,iter,1,0.25
Fflur_82,fyna3436,iter,1,0.25
Fflur_82,hwnna2566,iter,1,0.25
Fflur_82,mwnci3439,iter,1,0.25
Fflur_82,sos goch3025,iter,1,0.25
Fflur_82,syrthio2575,iter,1,0.25
Fflur_83,eto2564,iter,1,0.25
Fflur_83,fanna1951,iter,1,0.25
Fflur_83,moron2569,iter,1,0.25
Fflur_83,moron2571,iter,1,0.25
Fflur_83,mwnci3438,iter,1,0.25
Fflur_83,syrthio2575,iter,1,0.25
Fflur_83,syrthio2576,iter,1,0.25
Fflur_84,afal3024,iter,1,0.25
Fflur_84,bwni2559,iter,1,0.25
Fflur_84,bwni3429,iter,1,0.25
Fflur_84,bwni3431,iter,1,0.25
Fflur_84,bwni3432,iter,1,0.25
Fflur_84,fyna3434,iter,1,0.25
Fflur_84,hwnna3437,iter,1,0.25
Fflur_84,moron2568,iter,1,0.25
Fflur_84,moron2573,iter,1,0.25
Fflur_84,mwnci3438,iter,1,0.25
Fflur_84,syrthio2576,iter,1,0.25
Fflur_85,syrthio2575,iter,1,0.25
Fflur_86,bwni2558,iter,1,0.25
Fflur_86,bwni2559,iter,1,0.25
Fflur_86,eto1947,iter,1,0.25
Fflur_86,fanna1950,iter,1,0.25
Fflur_86,fanna1951,iter,1,0.25
Fflur_86,fan’cw1949,iter,1,0.25
Fflur_86,fyna3434,iter,1,0.25
Fflur_86,hwnna2567,iter,1,0.25
Fflur_86,moron2569,iter,1,0.25
Fflur_86,mwnci2574,iter,1,0.25
Fflur_86,mwnci3438,iter,1,0.25
Fflur_87,bwni2558,iter,1,0.25
Fflur_87,bwni2559,iter,1,0.25
Fflur_87,bwni2560,iter,1,0.25
Fflur_87,bwni2561,iter,1,0.25
Fflur_87,bwni3430,iter,1,0.25
Fflur_87,bwni3431,iter,1,0.25
Fflur_87,eto1947,iter,1,0.25
Fflur_87,fanna1950,iter,1,0.25
Fflur_87,fan’cw1949,iter,1,0.25
Fflur_87,hwnna2566,iter,1,0.25
Fflur_87,hwnna3437,iter,1,0.25
Fflur_87,mwnci2574,iter,1,0.25
Fflur_87,mwnci3438,iter,1,0.25
Fflur_87,mwnci3439,iter,1,0.25
Fflur_87,syrthio2576,iter,1,0.25
Fflur_88,eto1947,iter,1,0.25
Fflur_89,bwni2560,iter,1,0.25
Fflur_89,fyna3435,iter,1,0.25
Fflur_89,moron2568,iter,1,0.25
Fflur_89,syrthio2575,iter,1,0.25
Fflur_89,syrthio2576,iter,1,0.25
Fflur_9,blodyn2557,iter,1,0.25
Fflur_90,bwni2559,iter,1,0.25
Fflur_90,bwni2561,iter,1,0.25
Fflur_90,bwni3428,iter,1,0.25
Fflur_90,bwni3431,iter,1,0.25
Fflur_90,bwni3432,iter,1,0.25
Fflur_90,bwni3433,iter,1,0.25
Fflur_90,fyna3436,iter,1,0.25
Fflur_90,hwnna2567,iter,1,0.25
Fflur_90,hwnna3437,iter,1,0.25
Fflur_90,syrthio2576,iter,1,0.25
Fflur_90,syrthio3440,iter,1,0.25
Fflur_91,afal3024,iter,1,0.25
Fflur_91,bwni2560,iter,1,0.25
Fflur_91,bwni3428,iter,1,0.25
Fflur_91,bwni3431,iter,1,0.25
Fflur_91,bwni3433,iter,1,0.25
Fflur_91,fyna3434,iter,1,0.25
Fflur_91,moron2573,iter,1,0.25
Fflur_91,syrthio2575,iter,1,0.25
Fflur_92,bwni2559,iter,1,0.25
Fflur_92,bwni2562,iter,1,0.25
Fflur_92,eto2565,iter,1,0.25
Fflur_92,moron2568,iter,1,0.25
Fflur_92,mwnci3438,iter,1,0.25
Fflur_92,syrthio2575,iter,1,0.25
Fflur_92,syrthio3440,iter,1,0.25
Fflur_93,bwni2558,iter,1,0.25
Fflur_93,bwni2559,iter,1,0.25
Fflur_93,bwni2560,iter,1,0.25
Fflur_93,bwni2561,iter,1,0.25
Fflur_93,bwni2562,iter,1,0.25
Fflur_93,bwni3429,iter,1,0.25
Fflur_93,fyna3435,iter,1,0.25
Fflur_93,hwnna2566,iter,1,0.25
Fflur_93,syrthio2575,iter,1,0.25
Fflur_93,syrthio2576,iter,1,0.25
Fflur_93,syrthio3440,iter,1,0.25
Fflur_94,afal3024,iter,1,0.25
Fflur_94,bwni2558,iter,1,0.25
Fflur_94,bwni2559,iter,1,0.25
Fflur_94,bwni2560,iter,1,0.25
Fflur_94,bwni2561,iter,1,0.25
Fflur_94,bwni2562,iter,1,0.25
Fflur_94,bwni3430,iter,1,0.25
Fflur_94,bwni3431,iter,1,0.25
Fflur_94,bwni3433,iter,1,0.25
Fflur_94,eto1947,iter,1,0.25
Fflur_94,fan’cw1949,iter,1,0.25
Fflur_94,fyna3434,iter,1,0.25
Fflur_94,hwnna3437,iter,1,0.25
Fflur_94,mwnci2574,iter,1,0.25
Fflur_94,mwnci3439,iter,1,0.25
Fflur_95,bwni2562,iter,1,0.25
Fflur_95,eto2564,iter,1,0.25
Fflur_95,fyna3435,iter,1,0.25
Fflur_95,hwnna2567,iter,1,0.25
Fflur_95,moron2571,iter,1,0.25
Fflur_95,syrthio2576,iter,1,0.25
Fflur_96,bwni2559,iter,1,0.25
Fflur_96,bwni2562,iter,1,0.25
Fflur_96,bwni3428,iter,1,0.25
Fflur_96,bwni3430,iter,1,0.25
Fflur_96,bwni3432,iter,1,0.25
Fflur_96,bwni3433,iter,1,0.25
Fflur_96,eto2564,iter,1,0.25
Fflur_96,fyna3434,iter,1,0.25
Fflur_96,hwnna2567,iter,1,0.25
Fflur_97,eto1947,iter,1,0.25
Fflur_97,fanna1950,iter,1,0.25
Fflur_97,fanna1951,iter,1,0.25
Fflur_97,hwnna2566,iter,1,0.25
Fflur_97,mwnci3438,iter,1,0.25
Fflur_98,bwni3428,iter,1,0.25
Fflur_98,bwni3430,iter,1,0.25
Fflur_98,bwni3433,iter,1,0.25
Fflur_98,moron1952,iter,1,0.25
Fflur_99,bwni2558,iter,1,0.25
Fflur_99,bwni2561,iter,1,0.25
Fflur_99,eto1947,iter,1,0.25
Fflur_99,eto2564,iter,1,0.25
Fflur_99,fan’cw1949,iter,1,0.25
Fflur_99,hwnna2567,iter,1,0.25
Fflur_99,mwnci2574,iter,1,0.25
Fflur_99,mwnci3439,iter,1,0.25
Fflur_99,syrthio2576,iter,1,0.25
Gaël_1,bébé1962,iter,1,0.25
Gaël_1,bébé1969,iter,1,0.25
Gaël_1,c'est ça2723,iter,1,0.25
Gaël_1,c'est ça2727,iter,1,0.25
Gaël_1,c'est ça2728,iter,1,0.25
Gaël_1,c'est ça2729,iter,1,0.25
Gaël_1,c'est ça2732,iter,1,0.25
Gaël_1,c'est ça2734,iter,1,0.25
Gaël_1,chercher1972,iter,1,0.25
Gaël_1,chercher2737,iter,1,0.25
Gaël_1,dedans2739,iter,1,0.25
Gaël_1,dodo1973,iter,1,0.25
Gaël_1,grelot2742,iter,1,0.25
Gaël_1,maman1975,iter,1,0.25
Gaël_1,maman1977,iter,1,0.25
Gaël_1,maman2747,iter,1,0.25
Gaël_1,papa1978,iter,1,0.25
Gaël_1,papa2754,iter,1,0.25
Gaël_1,voiture1981,iter,1,0.25
Gaël_10,ballon1957,iter,1,0.25
Gaël_10,bébé1963,iter,1,0.25
Gaël_10,bébé1964,iter,1,0.25
Gaël_10,bébé1967,iter,1,0.25
Gaël_10,bébé1969,iter,1,0.25
Gaël_10,c'est ça2723,iter,1,0.25
Gaël_10,c'est ça2724,iter,1,0.25
Gaël_10,c'est ça2725,iter,1,0.25
Gaël_10,c'est ça2726,iter,1,0.25
Gaël_10,c'est ça2733,iter,1,0.25
Gaël_10,c'est ça2734,iter,1,0.25
Gaël_10,dormir1787,iter,1,0.25
Gaël_10,machine1788,iter,1,0.25
Gaël_10,maman1976,iter,1,0.25
Gaël_10,maman2747,iter,1,0.25
Gaël_10,ouvrir2753,iter,1,0.25
Gaël_10,ouvrir3574,iter,1,0.25
Gaël_10,papa2754,iter,1,0.25
Gaël_10,écrit2740,iter,1,0.25
Gaël_10,écrit2741,iter,1,0.25
Gaël_100,c'est ça2718,iter,1,0.25
Gaël_100,c'est ça2719,iter,1,0.25
Gaël_100,c'est ça2723,iter,1,0.25
Gaël_100,c'est ça2724,iter,1,0.25
Gaël_100,c'est ça2726,iter,1,0.25
Gaël_100,ici2743,iter,1,0.25
Gaël_100,là bas2744,iter,1,0.25
Gaël_100,là bas2745,iter,1,0.25
Gaël_100,ouvrir2751,iter,1,0.25
Gaël_100,ouvrir2753,iter,1,0.25
Gaël_100,ouvrir3574,iter,1,0.25
Gaël_100,ouvrir3575,iter,1,0.25
Gaël_11,bébé1959,iter,1,0.25
Gaël_11,bébé1963,iter,1,0.25
Gaël_11,bébé1969,iter,1,0.25
Gaël_11,c'est ça2718,iter,1,0.25
Gaël_11,c'est ça2719,iter,1,0.25
Gaël_11,c'est ça2722,iter,1,0.25
Gaël_11,c'est ça2726,iter,1,0.25
Gaël_11,c'est ça2730,iter,1,0.25
Gaël_11,c'est ça2731,iter,1,0.25
Gaël_11,casser1971,iter,1,0.25
Gaël_11,casser2736,iter,1,0.25
Gaël_11,dedans2739,iter,1,0.25
Gaël_11,grelot2742,iter,1,0.25
Gaël_11,machine1788,iter,1,0.25
Gaël_11,maman1976,iter,1,0.25
Gaël_11,maman1977,iter,1,0.25
Gaël_11,maman2747,iter,1,0.25
Gaël_11,ouvrir3575,iter,1,0.25
Gaël_11,papa1978,iter,1,0.25
Gaël_11,tout seul1979,iter,1,0.25
Gaël_13,ballon1957,iter,1,0.25
Gaël_13,bébé1959,iter,1,0.25
Gaël_13,bébé1962,iter,1,0.25
Gaël_13,bébé1966,iter,1,0.25
Gaël_13,c'est ça2722,iter,1,0.25
Gaël_13,c'est ça2723,iter,1,0.25
Gaël_13,c'est ça2728,iter,1,0.25
Gaël_13,c'est ça2729,iter,1,0.25
Gaël_13,c'est ça2733,iter,1,0.25
Gaël_13,casser1971,iter,1,0.25
Gaël_13,chercher2738,iter,1,0.25
Gaël_13,machine2746,iter,1,0.25
Gaël_13,maman1789,iter,1,0.25
Gaël_13,maman1974,iter,1,0.25
Gaël_13,ouvrir2748,iter,1,0.25
Gaël_13,ouvrir2753,iter,1,0.25
Gaël_13,tout seul1979,iter,1,0.25
Gaël_13,voiture1981,iter,1,0.25
Gaël_13,écrit2740,iter,1,0.25
Gaël_14,bébé1959,iter,1,0.25
Gaël_14,bébé1968,iter,1,0.25
Gaël_14,bébé1969,iter,1,0.25
Gaël_14,c'est ça2719,iter,1,0.25
Gaël_14,c'est ça2725,iter,1,0.25
Gaël_14,c'est ça2726,iter,1,0.25
Gaël_14,casser2736,iter,1,0.25
Gaël_14,dedans2739,iter,1,0.25
Gaël_14,dodo1973,iter,1,0.25
Gaël_14,grelot2742,iter,1,0.25
Gaël_14,ici2743,iter,1,0.25
Gaël_14,là bas2745,iter,1,0.25
Gaël_14,maman1789,iter,1,0.25
Gaël_14,maman1790,iter,1,0.25
Gaël_14,papa1978,iter,1,0.25
Gaël_14,voiture1980,iter,1,0.25
Gaël_15,bébé1964,iter,1,0.25
Gaël_15,bébé1968,iter,1,0.25
Gaël_15,c'est ça2718,iter,1,0.25
Gaël_15,c'est ça2719,iter,1,0.25
Gaël_15,c'est ça2724,iter,1,0.25
Gaël_15,c'est ça2727,iter,1,0.25
Gaël_15,c'est ça2729,iter,1,0.25
Gaël_15,c'est ça2731,iter,1,0.25
Gaël_15,c'est ça2734,iter,1,0.25
Gaël_15,casser2736,iter,1,0.25
Gaël_15,grelot2742,iter,1,0.25
Gaël_15,là bas2744,iter,1,0.25
Gaël_15,maman1977,iter,1,0.25
Gaël_15,ouvrir2749,iter,1,0.25
Gaël_15,ouvrir2751,iter,1,0.25
Gaël_15,ouvrir2752,iter,1,0.25
Gaël_15,papa1978,iter,1,0.25
Gaël_15,tout seul1979,iter,1,0.25
Gaël_15,voiture1980,iter,1,0.25
Gaël_15,écrit2741,iter,1,0.25
Gaël_16,bébé1958,iter,1,0.25
Gaël_16,bébé1959,iter,1,0.25
Gaël_16,bébé1962,iter,1,0.25
Gaël_16,bébé1963,iter,1,0.25
Gaël_16,c'est ça2718,iter,1,0.25
Gaël_16,c'est ça2723,iter,1,0.25
Gaël_16,c'est ça2724,iter,1,0.25
Gaël_16,c'est ça2725,iter,1,0.25
Gaël_16,c'est ça2729,iter,1,0.25
Gaël_16,c'est ça2730,iter,1,0.25
Gaël_16,c'est ça2734,iter,1,0.25
Gaël_16,c'est ça2735,iter,1,0.25
Gaël_16,chercher2737,iter,1,0.25
Gaël_16,dormir1787,iter,1,0.25
Gaël_16,maman1789,iter,1,0.25
Gaël_16,ouvrir2748,iter,1,0.25
Gaël_16,ouvrir2750,iter,1,0.25
Gaël_16,papa1978,iter,1,0.25
Gaël_16,papa2754,iter,1,0.25
Gaël_16,tout seul1979,iter,1,0.25
Gaël_17,ballon1957,iter,1,0.25
Gaël_17,bébé1962,iter,1,0.25
Gaël_17,bébé1964,iter,1,0.25
Gaël_17,bébé1965,iter,1,0.25
Gaël_17,bébé1967,iter,1,0.25
Gaël_17,c'est ça2718,iter,1,0.25
Gaël_17,c'est ça2722,iter,1,0.25
Gaël_17,c'est ça2729,iter,1,0.25
Gaël_17,c'est ça2731,iter,1,0.25
Gaël_17,c'est ça2732,iter,1,0.25
Gaël_17,casser2736,iter,1,0.25
Gaël_17,maman1789,iter,1,0.25
Gaël_17,maman2747,iter,1,0.25
Gaël_17,tout seul1979,iter,1,0.25
Gaël_19,bébé1965,iter,1,0.25
Gaël_19,bébé1967,iter,1,0.25
Gaël_19,bébé1968,iter,1,0.25
Gaël_19,bébé1969,iter,1,0.25
Gaël_19,c'est ça2718,iter,1,0.25
Gaël_19,c'est ça2723,iter,1,0.25
Gaël_19,c'est ça2726,iter,1,0.25
Gaël_19,c'est ça2729,iter,1,0.25
Gaël_19,dormir1787,iter,1,0.25
Gaël_19,grelot2742,iter,1,0.25
Gaël_19,là bas2744,iter,1,0.25
Gaël_19,là bas2745,iter,1,0.25
Gaël_19,machine1788,iter,1,0.25
Gaël_19,maman1789,iter,1,0.25
Gaël_19,maman2747,iter,1,0.25
Gaël_19,ouvrir2749,iter,1,0.25
Gaël_19,ouvrir2750,iter,1,0.25
Gaël_19,ouvrir3574,iter,1,0.25
Gaël_19,écrit2741,iter,1,0.25
Gaël_2,ballon1957,iter,1,0.25
Gaël_2,c'est ça2721,iter,1,0.25
Gaël_2,c'est ça2723,iter,1,0.25
Gaël_2,c'est ça2727,iter,1,0.25
Gaël_2,c'est ça2730,iter,1,0.25
Gaël_2,casser1971,iter,1,0.25
Gaël_2,chercher1972,iter,1,0.25
Gaël_2,grelot2742,iter,1,0.25
Gaël_2,maman1974,iter,1,0.25
Gaël_2,maman1975,iter,1,0.25
Gaël_2,voiture1981,iter,1,0.25
Gaël_20,bébé1958,iter,1,0.25
Gaël_20,bébé1960,iter,1,0.25
Gaël_20,c'est ça2723,iter,1,0.25
Gaël_20,c'est ça2726,iter,1,0.25
Gaël_20,c'est ça2734,iter,1,0.25
Gaël_20,chercher1972,iter,1,0.25
Gaël_20,grelot2742,iter,1,0.25
Gaël_20,ici2743,iter,1,0.25
Gaël_20,là bas2745,iter,1,0.25
Gaël_20,maman2747,iter,1,0.25
Gaël_20,tout seul1979,iter,1,0.25
Gaël_20,voiture1980,iter,1,0.25
Gaël_21,bébé1966,iter,1,0.25
Gaël_21,c'est ça1970,iter,1,0.25
Gaël_21,c'est ça2722,iter,1,0.25
Gaël_21,c'est ça2728,iter,1,0.25
Gaël_21,c'est ça2730,iter,1,0.25
Gaël_21,casser1971,iter,1,0.25
Gaël_21,casser2736,iter,1,0.25
Gaël_21,chercher1972,iter,1,0.25
Gaël_21,chercher2737,iter,1,0.25
Gaël_21,dodo1973,iter,1,0.25
Gaël_21,dormir1787,iter,1,0.25
Gaël_21,maman1789,iter,1,0.25
Gaël_21,maman1975,iter,1,0.25
Gaël_21,tout seul1979,iter,1,0.25
Gaël_21,voiture1980,iter,1,0.25
Gaël_22,bébé1958,iter,1,0.25
Gaël_22,bébé1963,iter,1,0.25
Gaël_22,bébé1968,iter,1,0.25
Gaël_22,c'est ça1970,iter,1,0.25
Gaël_22,c'est ça2718,iter,1,0.25
Gaël_22,c'est ça2721,iter,1,0.25
Gaël_22,c'est ça2726,iter,1,0.25
Gaël_22,c'est ça2732,iter,1,0.25
Gaël_22,casser1971,iter,1,0.25
Gaël_22,dormir1787,iter,1,0.25
Gaël_22,machine1788,iter,1,0.25
Gaël_22,maman1975,iter,1,0.25
Gaël_22,maman1976,iter,1,0.25
Gaël_22,maman1977,iter,1,0.25
Gaël_22,papa1978,iter,1,0.25
Gaël_22,voiture1980,iter,1,0.25
Gaël_23,bébé1960,iter,1,0.25
Gaël_23,bébé1965,iter,1,0.25
Gaël_23,bébé1966,iter,1,0.25
Gaël_23,bébé1967,iter,1,0.25
Gaël_23,c'est ça2719,iter,1,0.25
Gaël_23,c'est ça2724,iter,1,0.25
Gaël_23,c'est ça2726,iter,1,0.25
Gaël_23,c'est ça2729,iter,1,0.25
Gaël_23,c'est ça2733,iter,1,0.25
Gaël_23,chercher2738,iter,1,0.25
Gaël_23,grelot2742,iter,1,0.25
Gaël_23,machine2746,iter,1,0.25
Gaël_23,maman1789,iter,1,0.25
Gaël_23,maman2747,iter,1,0.25
Gaël_23,ouvrir2751,iter,1,0.25
Gaël_23,ouvrir3575,iter,1,0.25
Gaël_23,papa2754,iter,1,0.25
Gaël_23,écrit2741,iter,1,0.25
Gaël_24,bébé1959,iter,1,0.25
Gaël_24,bébé1960,iter,1,0.25
Gaël_24,bébé1967,iter,1,0.25
Gaël_24,c'est ça2720,iter,1,0.25
Gaël_24,c'est ça2726,iter,1,0.25
Gaël_24,c'est ça2727,iter,1,0.25
Gaël_24,c'est ça2728,iter,1,0.25
Gaël_24,c'est ça2731,iter,1,0.25
Gaël_24,c'est ça2733,iter,1,0.25
Gaël_24,casser1971,iter,1,0.25
Gaël_24,chercher1972,iter,1,0.25
Gaël_24,chercher2737,iter,1,0.25
Gaël_24,chercher2738,iter,1,0.25
Gaël_24,dedans2739,iter,1,0.25
Gaël_24,dodo1973,iter,1,0.25
Gaël_24,grelot2742,iter,1,0.25
Gaël_24,maman1977,iter,1,0.25
Gaël_24,voiture1981,iter,1,0.25
Gaël_25,bébé1967,iter,1,0.25
Gaël_25,c'est ça1970,iter,1,0.25
Gaël_25,c'est ça2720,iter,1,0.25
Gaël_25,c'est ça2722,iter,1,0.25
Gaël_25,c'est ça2723,iter,1,0.25
Gaël_25,c'est ça2731,iter,1,0.25
Gaël_25,c'est ça2732,iter,1,0.25
Gaël_25,c'est ça2734,iter,1,0.25
Gaël_25,c'est ça2735,iter,1,0.25
Gaël_25,chercher1972,iter,1,0.25
Gaël_25,chercher2738,iter,1,0.25
Gaël_25,dodo1973,iter,1,0.25
Gaël_25,dormir1787,iter,1,0.25
Gaël_25,machine2746,iter,1,0.25
Gaël_25,maman1975,iter,1,0.25
Gaël_25,maman1976,iter,1,0.25
Gaël_25,maman2747,iter,1,0.25
Gaël_25,tout seul1979,iter,1,0.25
Gaël_26,bébé1962,iter,1,0.25
Gaël_26,bébé1966,iter,1,0.25
Gaël_26,bébé1968,iter,1,0.25
Gaël_26,c'est ça2718,iter,1,0.25
Gaël_26,c'est ça2720,iter,1,0.25
Gaël_26,c'est ça2731,iter,1,0.25
Gaël_26,c'est ça2735,iter,1,0.25
Gaël_26,dedans2739,iter,1,0.25
Gaël_26,dodo1973,iter,1,0.25
Gaël_26,grelot2742,iter,1,0.25
Gaël_26,machine2746,iter,1,0.25
Gaël_26,maman1790,iter,1,0.25
Gaël_26,maman2747,iter,1,0.25
Gaël_26,papa1978,iter,1,0.25
Gaël_26,tout seul1979,iter,1,0.25
Gaël_27,bébé1959,iter,1,0.25
Gaël_27,bébé1961,iter,1,0.25
Gaël_27,bébé1962,iter,1,0.25
Gaël_27,bébé1967,iter,1,0.25
Gaël_27,c'est ça1970,iter,1,0.25
Gaël_27,c'est ça2720,iter,1,0.25
Gaël_27,c'est ça2724,iter,1,0.25
Gaël_27,c'est ça2729,iter,1,0.25
Gaël_27,c'est ça2732,iter,1,0.25
Gaël_27,c'est ça2733,iter,1,0.25
Gaël_27,dodo1973,iter,1,0.25
Gaël_27,grelot2742,iter,1,0.25
Gaël_27,machine2746,iter,1,0.25
Gaël_27,maman1790,iter,1,0.25
Gaël_27,maman1976,iter,1,0.25
Gaël_27,maman1977,iter,1,0.25
Gaël_27,ouvrir2748,iter,1,0.25
Gaël_27,ouvrir2749,iter,1,0.25
Gaël_27,ouvrir3573,iter,1,0.25
Gaël_28,bébé1958,iter,1,0.25
Gaël_28,bébé1963,iter,1,0.25
Gaël_28,bébé1965,iter,1,0.25
Gaël_28,bébé1966,iter,1,0.25
Gaël_28,c'est ça2718,iter,1,0.25
Gaël_28,c'est ça2721,iter,1,0.25
Gaël_28,c'est ça2723,iter,1,0.25
Gaël_28,c'est ça2724,iter,1,0.25
Gaël_28,c'est ça2731,iter,1,0.25
Gaël_28,c'est ça2734,iter,1,0.25
Gaël_28,chercher1972,iter,1,0.25
Gaël_28,machine2746,iter,1,0.25
Gaël_28,maman1790,iter,1,0.25
Gaël_28,maman1974,iter,1,0.25
Gaël_28,maman1975,iter,1,0.25
Gaël_28,maman1976,iter,1,0.25
Gaël_28,maman2747,iter,1,0.25
Gaël_29,ballon1957,iter,1,0.25
Gaël_29,bébé1958,iter,1,0.25
Gaël_29,bébé1963,iter,1,0.25
Gaël_29,bébé1969,iter,1,0.25
Gaël_29,c'est ça1970,iter,1,0.25
Gaël_29,c'est ça2720,iter,1,0.25
Gaël_29,c'est ça2722,iter,1,0.25
Gaël_29,c'est ça2726,iter,1,0.25
Gaël_29,c'est ça2734,iter,1,0.25
Gaël_29,casser1971,iter,1,0.25
Gaël_29,chercher1972,iter,1,0.25
Gaël_29,dormir1787,iter,1,0.25
Gaël_29,là bas2745,iter,1,0.25
Gaël_29,maman1790,iter,1,0.25
Gaël_29,maman1975,iter,1,0.25
Gaël_29,ouvrir2748,iter,1,0.25
Gaël_29,papa2754,iter,1,0.25
Gaël_29,voiture1980,iter,1,0.25
Gaël_29,voiture1981,iter,1,0.25
Gaël_29,écrit2740,iter,1,0.25
Gaël_3,bébé1958,iter,1,0.25
Gaël_3,bébé1962,iter,1,0.25
Gaël_3,bébé1964,iter,1,0.25
Gaël_3,bébé1967,iter,1,0.25
Gaël_3,c'est ça2723,iter,1,0.25
Gaël_3,c'est ça2732,iter,1,0.25
Gaël_3,dedans2739,iter,1,0.25
Gaël_3,dodo1973,iter,1,0.25
Gaël_3,grelot2742,iter,1,0.25
Gaël_3,ici2743,iter,1,0.25
Gaël_3,là bas2744,iter,1,0.25
Gaël_3,machine1788,iter,1,0.25
Gaël_3,machine2746,iter,1,0.25
Gaël_3,maman2747,iter,1,0.25
Gaël_3,papa1978,iter,1,0.25
Gaël_3,voiture1980,iter,1,0.25
Gaël_30,bébé1962,iter,1,0.25
Gaël_30,bébé1963,iter,1,0.25
Gaël_30,bébé1965,iter,1,0.25
Gaël_30,bébé1968,iter,1,0.25
Gaël_30,c'est ça2718,iter,1,0.25
Gaël_30,c'est ça2722,iter,1,0.25
Gaël_30,c'est ça2730,iter,1,0.25
Gaël_30,c'est ça2734,iter,1,0.25
Gaël_30,chercher1972,iter,1,0.25
Gaël_30,dodo1973,iter,1,0.25
Gaël_30,maman1789,iter,1,0.25
Gaël_30,maman1975,iter,1,0.25
Gaël_30,maman1977,iter,1,0.25
Gaël_30,ouvrir2751,iter,1,0.25
Gaël_30,voiture1981,iter,1,0.25
Gaël_31,bébé1961,iter,1,0.25
Gaël_31,bébé1962,iter,1,0.25
Gaël_31,bébé1965,iter,1,0.25
Gaël_31,bébé1967,iter,1,0.25
Gaël_31,c'est ça2718,iter,1,0.25
Gaël_31,c'est ça2719,iter,1,0.25
Gaël_31,c'est ça2729,iter,1,0.25
Gaël_31,c'est ça2733,iter,1,0.25
Gaël_31,c'est ça2734,iter,1,0.25
Gaël_31,chercher2738,iter,1,0.25
Gaël_31,ici2743,iter,1,0.25
Gaël_31,là bas2744,iter,1,0.25
Gaël_31,machine2746,iter,1,0.25
Gaël_31,maman1974,iter,1,0.25
Gaël_31,maman1977,iter,1,0.25
Gaël_31,maman2747,iter,1,0.25
Gaël_31,ouvrir2750,iter,1,0.25
Gaël_31,ouvrir2753,iter,1,0.25
Gaël_32,c'est ça2668,iter,1,0.25
Gaël_33,bébé1958,iter,1,0.25
Gaël_33,bébé1963,iter,1,0.25
Gaël_33,bébé1969,iter,1,0.25
Gaël_33,c'est ça2721,iter,1,0.25
Gaël_33,c'est ça2727,iter,1,0.25
Gaël_33,c'est ça2729,iter,1,0.25
Gaël_33,c'est ça2732,iter,1,0.25
Gaël_33,c'est ça2734,iter,1,0.25
Gaël_33,casser2736,iter,1,0.25
Gaël_33,dedans2739,iter,1,0.25
Gaël_33,dodo1973,iter,1,0.25
Gaël_33,machine1788,iter,1,0.25
Gaël_33,maman1789,iter,1,0.25
Gaël_33,ouvrir2749,iter,1,0.25
Gaël_33,ouvrir2751,iter,1,0.25
Gaël_33,papa1978,iter,1,0.25
Gaël_34,c'est ça2718,iter,1,0.25
Gaël_34,c'est ça2719,iter,1,0.25
Gaël_34,c'est ça2726,iter,1,0.25
Gaël_34,c'est ça2732,iter,1,0.25
Gaël_34,chercher2738,iter,1,0.25
Gaël_34,machine2746,iter,1,0.25
Gaël_34,ouvrir3573,iter,1,0.25
Gaël_34,ouvrir3574,iter,1,0.25
Gaël_34,ouvrir3575,iter,1,0.25
Gaël_35,ici2669,iter,1,0.25
Gaël_36,bébé1958,iter,1,0.25
Gaël_36,bébé1961,iter,1,0.25
Gaël_36,bébé1964,iter,1,0.25
Gaël_36,bébé1965,iter,1,0.25
Gaël_36,bébé1967,iter,1,0.25
Gaël_36,c'est ça2725,iter,1,0.25
Gaël_36,c'est ça2726,iter,1,0.25
Gaël_36,c'est ça2727,iter,1,0.25
Gaël_36,c'est ça2731,iter,1,0.25
Gaël_36,chercher2737,iter,1,0.25
Gaël_36,grelot2742,iter,1,0.25
Gaël_36,maman1974,iter,1,0.25
Gaël_36,maman2747,iter,1,0.25
Gaël_36,ouvrir2751,iter,1,0.25
Gaël_36,tout seul1979,iter,1,0.25
Gaël_36,voiture1981,iter,1,0.25
Gaël_37,bébé1965,iter,1,0.25
Gaël_37,c'est ça2719,iter,1,0.25
Gaël_37,c'est ça2720,iter,1,0.25
Gaël_37,c'est ça2730,iter,1,0.25
Gaël_37,c'est ça2732,iter,1,0.25
Gaël_37,c'est ça2733,iter,1,0.25
Gaël_37,chercher2737,iter,1,0.25
Gaël_37,chercher2738,iter,1,0.25
Gaël_37,dodo1973,iter,1,0.25
Gaël_37,grelot2742,iter,1,0.25
Gaël_37,ici2743,iter,1,0.25
Gaël_37,maman1789,iter,1,0.25
Gaël_37,maman1975,iter,1,0.25
Gaël_37,tout seul1979,iter,1,0.25
Gaël_37,voiture1980,iter,1,0.25
Gaël_38,bébé1961,iter,1,0.25
Gaël_38,bébé1969,iter,1,0.25
Gaël_38,c'est ça2720,iter,1,0.25
Gaël_38,c'est ça2733,iter,1,0.25
Gaël_38,c'est ça2734,iter,1,0.25
Gaël_38,c'est ça2735,iter,1,0.25
Gaël_38,casser1971,iter,1,0.25
Gaël_38,casser2736,iter,1,0.25
Gaël_38,chercher2738,iter,1,0.25
Gaël_38,dodo1973,iter,1,0.25
Gaël_38,là bas2745,iter,1,0.25
Gaël_38,machine1788,iter,1,0.25
Gaël_38,maman1789,iter,1,0.25
Gaël_38,maman1790,iter,1,0.25
Gaël_38,maman1977,iter,1,0.25
Gaël_38,ouvrir2748,iter,1,0.25
Gaël_38,ouvrir2753,iter,1,0.25
Gaël_38,ouvrir3575,iter,1,0.25
Gaël_38,voiture1981,iter,1,0.25
Gaël_38,écrit2741,iter,1,0.25
Gaël_39,bébé1964,iter,1,0.25
Gaël_39,bébé1965,iter,1,0.25
Gaël_39,bébé1966,iter,1,0.25
Gaël_39,c'est ça2719,iter,1,0.25
Gaël_39,c'est ça2721,iter,1,0.25
Gaël_39,c'est ça2722,iter,1,0.25
Gaël_39,c'est ça2725,iter,1,0.25
Gaël_39,c'est ça2727,iter,1,0.25
Gaël_39,c'est ça2733,iter,1,0.25
Gaël_39,c'est ça2734,iter,1,0.25
Gaël_39,chercher1972,iter,1,0.25
Gaël_39,chercher2738,iter,1,0.25
Gaël_39,là bas2744,iter,1,0.25
Gaël_39,ouvrir2750,iter,1,0.25
Gaël_39,ouvrir2751,iter,1,0.25
Gaël_39,ouvrir3573,iter,1,0.25
Gaël_4,bébé1961,iter,1,0.25
Gaël_4,bébé1962,iter,1,0.25
Gaël_4,bébé1964,iter,1,0.25
Gaël_4,bébé1965,iter,1,0.25
Gaël_4,bébé1967,iter,1,0.25
Gaël_4,bébé1968,iter,1,0.25
Gaël_4,c'est ça2718,iter,1,0.25
Gaël_4,c'est ça2721,iter,1,0.25
Gaël_4,c'est ça2722,iter,1,0.25
Gaël_4,c'est ça2723,iter,1,0.25
Gaël_4,c'est ça2726,iter,1,0.25
Gaël_4,c'est ça2728,iter,1,0.25
Gaël_4,c'est ça2731,iter,1,0.25
Gaël_4,chercher1972,iter,1,0.25
Gaël_4,grelot2742,iter,1,0.25
Gaël_4,ici2743,iter,1,0.25
Gaël_4,maman1790,iter,1,0.25
Gaël_4,tout seul1979,iter,1,0.25
Gaël_4,écrit2740,iter,1,0.25
Gaël_40,c'est ça2719,iter,1,0.25
Gaël_40,c'est ça2721,iter,1,0.25
Gaël_40,c'est ça2730,iter,1,0.25
Gaël_40,c'est ça2731,iter,1,0.25
Gaël_40,c'est ça2732,iter,1,0.25
Gaël_40,ici2743,iter,1,0.25
Gaël_40,là bas2745,iter,1,0.25
Gaël_40,ouvrir2748,iter,1,0.25
Gaël_40,écrit2740,iter,1,0.25
Gaël_41,c'est ça1970,iter,1,0.25
Gaël_41,c'est ça2723,iter,1,0.25
Gaël_41,c'est ça2725,iter,1,0.25
Gaël_41,c'est ça2727,iter,1,0.25
Gaël_41,c'est ça2728,iter,1,0.25
Gaël_41,c'est ça2729,iter,1,0.25
Gaël_41,c'est ça2732,iter,1,0.25
Gaël_41,c'est ça2733,iter,1,0.25
Gaël_41,c'est ça2734,iter,1,0.25
Gaël_41,casser2736,iter,1,0.25
Gaël_41,chercher2737,iter,1,0.25
Gaël_41,chercher2738,iter,1,0.25
Gaël_41,dormir1787,iter,1,0.25
Gaël_41,là bas2744,iter,1,0.25
Gaël_41,là bas2745,iter,1,0.25
Gaël_41,machine1788,iter,1,0.25
Gaël_41,machine2746,iter,1,0.25
Gaël_41,maman2747,iter,1,0.25
Gaël_41,écrit2741,iter,1,0.25
Gaël_42,ballon1957,iter,1,0.25
Gaël_42,bébé1958,iter,1,0.25
Gaël_42,bébé1960,iter,1,0.25
Gaël_42,bébé1964,iter,1,0.25
Gaël_42,c'est ça2718,iter,1,0.25
Gaël_42,c'est ça2728,iter,1,0.25
Gaël_42,c'est ça2729,iter,1,0.25
Gaël_42,c'est ça2730,iter,1,0.25
Gaël_42,c'est ça2731,iter,1,0.25
Gaël_42,c'est ça2733,iter,1,0.25
Gaël_42,casser1971,iter,1,0.25
Gaël_42,chercher1972,iter,1,0.25
Gaël_42,dodo1973,iter,1,0.25
Gaël_42,grelot2742,iter,1,0.25
Gaël_42,ici2743,iter,1,0.25
Gaël_42,là bas2744,iter,1,0.25
Gaël_42,maman1977,iter,1,0.25
Gaël_42,ouvrir2751,iter,1,0.25
Gaël_42,ouvrir2753,iter,1,0.25
Gaël_42,ouvrir3574,iter,1,0.25
Gaël_43,bébé1959,iter,1,0.25
Gaël_43,bébé1967,iter,1,0.25
Gaël_43,bébé1969,iter,1,0.25
Gaël_43,c'est ça2719,iter,1,0.25
Gaël_43,c'est ça2724,iter,1,0.25
Gaël_43,c'est ça2728,iter,1,0.25
Gaël_43,c'est ça2729,iter,1,0.25
Gaël_43,c'est ça2730,iter,1,0.25
Gaël_43,c'est ça2733,iter,1,0.25
Gaël_43,c'est ça2735,iter,1,0.25
Gaël_43,casser1971,iter,1,0.25
Gaël_43,casser2736,iter,1,0.25
Gaël_43,dormir1787,iter,1,0.25
Gaël_43,machine1788,iter,1,0.25
Gaël_43,maman1975,iter,1,0.25
Gaël_43,maman1976,iter,1,0.25
Gaël_43,maman1977,iter,1,0.25
Gaël_44,bébé1959,iter,1,0.25
Gaël_44,bébé1960,iter,1,0.25
Gaël_44,bébé1967,iter,1,0.25
Gaël_44,bébé1968,iter,1,0.25
Gaël_44,c'est ça2720,iter,1,0.25
Gaël_44,c'est ça2722,iter,1,0.25
Gaël_44,c'est ça2724,iter,1,0.25
Gaël_44,c'est ça2726,iter,1,0.25
Gaël_44,c'est ça2727,iter,1,0.25
Gaël_44,c'est ça2732,iter,1,0.25
Gaël_44,c'est ça2733,iter,1,0.25
Gaël_44,casser1971,iter,1,0.25
Gaël_44,grelot2742,iter,1,0.25
Gaël_44,là bas2744,iter,1,0.25
Gaël_44,maman1790,iter,1,0.25
Gaël_44,ouvrir2749,iter,1,0.25
Gaël_44,ouvrir2751,iter,1,0.25
Gaël_45,bébé1961,iter,1,0.25
Gaël_45,bébé1964,iter,1,0.25
Gaël_45,bébé1965,iter,1,0.25
Gaël_45,bébé1968,iter,1,0.25
Gaël_45,c'est ça2726,iter,1,0.25
Gaël_45,c'est ça2729,iter,1,0.25
Gaël_45,c'est ça2730,iter,1,0.25
Gaël_45,c'est ça2731,iter,1,0.25
Gaël_45,c'est ça2734,iter,1,0.25
Gaël_45,chercher1972,iter,1,0.25
Gaël_45,dodo1973,iter,1,0.25
Gaël_45,machine2746,iter,1,0.25
Gaël_45,maman1789,iter,1,0.25
Gaël_45,tout seul1979,iter,1,0.25
Gaël_46,bébé1958,iter,1,0.25
Gaël_46,bébé1960,iter,1,0.25
Gaël_46,bébé1963,iter,1,0.25
Gaël_46,bébé1964,iter,1,0.25
Gaël_46,bébé1965,iter,1,0.25
Gaël_46,bébé1966,iter,1,0.25
Gaël_46,bébé1969,iter,1,0.25
Gaël_46,c'est ça2724,iter,1,0.25
Gaël_46,c'est ça2725,iter,1,0.25
Gaël_46,c'est ça2731,iter,1,0.25
Gaël_46,c'est ça2733,iter,1,0.25
Gaël_46,casser2736,iter,1,0.25
Gaël_46,là bas2745,iter,1,0.25
Gaël_46,maman1790,iter,1,0.25
Gaël_46,maman1976,iter,1,0.25
Gaël_46,voiture1980,iter,1,0.25
Gaël_47,ballon1957,iter,1,0.25
Gaël_47,bébé1960,iter,1,0.25
Gaël_47,bébé1963,iter,1,0.25
Gaël_47,c'est ça2720,iter,1,0.25
Gaël_47,c'est ça2728,iter,1,0.25
Gaël_47,c'est ça2730,iter,1,0.25
Gaël_47,c'est ça2734,iter,1,0.25
Gaël_47,c'est ça2735,iter,1,0.25
Gaël_47,casser2736,iter,1,0.25
Gaël_47,chercher2738,iter,1,0.25
Gaël_47,là bas2744,iter,1,0.25
Gaël_47,là bas2745,iter,1,0.25
Gaël_47,machine1788,iter,1,0.25
Gaël_47,maman1977,iter,1,0.25
Gaël_47,ouvrir2748,iter,1,0.25
Gaël_47,ouvrir2749,iter,1,0.25
Gaël_47,ouvrir3573,iter,1,0.25
Gaël_47,ouvrir3575,iter,1,0.25
Gaël_47,voiture1980,iter,1,0.25
Gaël_47,écrit2741,iter,1,0.25
Gaël_48,bébé1963,iter,1,0.25
Gaël_48,bébé1966,iter,1,0.25
Gaël_48,c'est ça2720,iter,1,0.25
Gaël_48,c'est ça2723,iter,1,0.25
Gaël_48,c'est ça2724,iter,1,0.25
Gaël_48,c'est ça2727,iter,1,0.25
Gaël_48,c'est ça2730,iter,1,0.25
Gaël_48,c'est ça2732,iter,1,0.25
Gaël_48,casser2736,iter,1,0.25
Gaël_48,chercher2737,iter,1,0.25
Gaël_48,dedans2739,iter,1,0.25
Gaël_48,grelot2742,iter,1,0.25
Gaël_48,maman1975,iter,1,0.25
Gaël_48,maman1976,iter,1,0.25
Gaël_48,papa2754,iter,1,0.25
Gaël_49,bébé1960,iter,1,0.25
Gaël_49,bébé1963,iter,1,0.25
Gaël_49,bébé1965,iter,1,0.25
Gaël_49,bébé1967,iter,1,0.25
Gaël_49,bébé1968,iter,1,0.25
Gaël_49,c'est ça2721,iter,1,0.25
Gaël_49,c'est ça2723,iter,1,0.25
Gaël_49,c'est ça2730,iter,1,0.25
Gaël_49,c'est ça2732,iter,1,0.25
Gaël_49,c'est ça2733,iter,1,0.25
Gaël_49,casser2736,iter,1,0.25
Gaël_49,dormir1787,iter,1,0.25
Gaël_49,grelot2742,iter,1,0.25
Gaël_49,là bas2744,iter,1,0.25
Gaël_49,machine2746,iter,1,0.25
Gaël_49,maman1974,iter,1,0.25
Gaël_49,maman1976,iter,1,0.25
Gaël_5,bébé1961,iter,1,0.25
Gaël_5,bébé1962,iter,1,0.25
Gaël_5,bébé1966,iter,1,0.25
Gaël_5,c'est ça2724,iter,1,0.25
Gaël_5,c'est ça2725,iter,1,0.25
Gaël_5,chercher1972,iter,1,0.25
Gaël_5,chercher2738,iter,1,0.25
Gaël_5,dedans2739,iter,1,0.25
Gaël_5,grelot2742,iter,1,0.25
Gaël_5,maman1974,iter,1,0.25
Gaël_5,maman1975,iter,1,0.25
Gaël_5,maman1977,iter,1,0.25
Gaël_5,ouvrir2751,iter,1,0.25
Gaël_50,bébé1959,iter,1,0.25
Gaël_50,bébé1960,iter,1,0.25
Gaël_50,c'est ça2719,iter,1,0.25
Gaël_50,c'est ça2720,iter,1,0.25
Gaël_50,c'est ça2721,iter,1,0.25
Gaël_50,c'est ça2726,iter,1,0.25
Gaël_50,c'est ça2732,iter,1,0.25
Gaël_50,casser2736,iter,1,0.25
Gaël_50,chercher1972,iter,1,0.25
Gaël_50,chercher2737,iter,1,0.25
Gaël_50,dedans2739,iter,1,0.25
Gaël_50,là bas2744,iter,1,0.25
Gaël_50,machine1788,iter,1,0.25
Gaël_50,machine2746,iter,1,0.25
Gaël_50,maman1976,iter,1,0.25
Gaël_50,maman2747,iter,1,0.25
Gaël_50,ouvrir2748,iter,1,0.25
Gaël_50,tout seul1979,iter,1,0.25
Gaël_51,bébé1965,iter,1,0.25
Gaël_51,bébé1968,iter,1,0.25
Gaël_51,c'est ça2718,iter,1,0.25
Gaël_51,c'est ça2720,iter,1,0.25
Gaël_51,c'est ça2723,iter,1,0.25
Gaël_51,c'est ça2724,iter,1,0.25
Gaël_51,c'est ça2725,iter,1,0.25
Gaël_51,c'est ça2727,iter,1,0.25
Gaël_51,c'est ça2728,iter,1,0.25
Gaël_51,c'est ça2729,iter,1,0.25
Gaël_51,c'est ça2733,iter,1,0.25
Gaël_51,c'est ça2734,iter,1,0.25
Gaël_51,casser2736,iter,1,0.25
Gaël_51,chercher2738,iter,1,0.25
Gaël_51,dormir1787,iter,1,0.25
Gaël_51,ici2743,iter,1,0.25
Gaël_51,machine1788,iter,1,0.25
Gaël_51,tout seul1979,iter,1,0.25
Gaël_52,bébé1962,iter,1,0.25
Gaël_52,bébé1963,iter,1,0.25
Gaël_52,bébé1965,iter,1,0.25
Gaël_52,bébé1967,iter,1,0.25
Gaël_52,c'est ça2718,iter,1,0.25
Gaël_52,c'est ça2722,iter,1,0.25
Gaël_52,c'est ça2723,iter,1,0.25
Gaël_52,c'est ça2724,iter,1,0.25
Gaël_52,c'est ça2727,iter,1,0.25
Gaël_52,c'est ça2729,iter,1,0.25
Gaël_52,c'est ça2732,iter,1,0.25
Gaël_52,chercher2737,iter,1,0.25
Gaël_52,maman2747,iter,1,0.25
Gaël_53,ballon1957,iter,1,0.25
Gaël_53,bébé1961,iter,1,0.25
Gaël_53,bébé1962,iter,1,0.25
Gaël_53,bébé1963,iter,1,0.25
Gaël_53,bébé1964,iter,1,0.25
Gaël_53,c'est ça1970,iter,1,0.25
Gaël_53,c'est ça2720,iter,1,0.25
Gaël_53,c'est ça2733,iter,1,0.25
Gaël_53,c'est ça2735,iter,1,0.25
Gaël_53,casser2736,iter,1,0.25
Gaël_53,chercher2738,iter,1,0.25
Gaël_53,dodo1973,iter,1,0.25
Gaël_53,dormir1787,iter,1,0.25
Gaël_53,machine1788,iter,1,0.25
Gaël_53,maman1977,iter,1,0.25
Gaël_53,maman2747,iter,1,0.25
Gaël_53,tout seul1979,iter,1,0.25
Gaël_53,voiture1981,iter,1,0.25
Gaël_54,bébé1958,iter,1,0.25
Gaël_54,bébé1959,iter,1,0.25
Gaël_54,bébé1966,iter,1,0.25
Gaël_54,bébé1967,iter,1,0.25
Gaël_54,c'est ça2718,iter,1,0.25
Gaël_54,c'est ça2720,iter,1,0.25
Gaël_54,c'est ça2722,iter,1,0.25
Gaël_54,c'est ça2725,iter,1,0.25
Gaël_54,c'est ça2729,iter,1,0.25
Gaël_54,c'est ça2732,iter,1,0.25
Gaël_54,c'est ça2735,iter,1,0.25
Gaël_54,casser1971,iter,1,0.25
Gaël_54,casser2736,iter,1,0.25
Gaël_54,chercher2738,iter,1,0.25
Gaël_54,dormir1787,iter,1,0.25
Gaël_54,machine2746,iter,1,0.25
Gaël_54,maman1790,iter,1,0.25
Gaël_54,voiture1980,iter,1,0.25
Gaël_55,bébé1958,iter,1,0.25
Gaël_55,bébé1966,iter,1,0.25
Gaël_55,bébé1967,iter,1,0.25
Gaël_55,bébé1969,iter,1,0.25
Gaël_55,c'est ça1970,iter,1,0.25
Gaël_55,c'est ça2719,iter,1,0.25
Gaël_55,c'est ça2729,iter,1,0.25
Gaël_55,c'est ça2730,iter,1,0.25
Gaël_55,dodo1973,iter,1,0.25
Gaël_55,ici2743,iter,1,0.25
Gaël_55,là bas2744,iter,1,0.25
Gaël_55,papa1978,iter,1,0.25
Gaël_55,tout seul1979,iter,1,0.25
Gaël_55,voiture1980,iter,1,0.25
Gaël_56,c'est ça2718,iter,1,0.25
Gaël_56,c'est ça2732,iter,1,0.25
Gaël_56,casser2736,iter,1,0.25
Gaël_56,là bas2744,iter,1,0.25
Gaël_56,là bas2745,iter,1,0.25
Gaël_56,ouvrir2751,iter,1,0.25
Gaël_56,ouvrir2753,iter,1,0.25
Gaël_56,ouvrir3574,iter,1,0.25
Gaël_57,bébé1958,iter,1,0.25
Gaël_57,bébé1964,iter,1,0.25
Gaël_57,bébé1965,iter,1,0.25
Gaël_57,bébé1967,iter,1,0.25
Gaël_57,c'est ça1970,iter,1,0.25
Gaël_57,c'est ça2719,iter,1,0.25
Gaël_57,c'est ça2721,iter,1,0.25
Gaël_57,c'est ça2723,iter,1,0.25
Gaël_57,dedans2739,iter,1,0.25
Gaël_57,dodo1973,iter,1,0.25
Gaël_57,dormir1787,iter,1,0.25
Gaël_57,grelot2742,iter,1,0.25
Gaël_57,machine2746,iter,1,0.25
Gaël_57,maman1977,iter,1,0.25
Gaël_57,ouvrir2748,iter,1,0.25
Gaël_57,ouvrir3574,iter,1,0.25
Gaël_57,ouvrir3575,iter,1,0.25
Gaël_57,papa1978,iter,1,0.25
Gaël_58,ballon1957,iter,1,0.25
Gaël_58,bébé1963,iter,1,0.25
Gaël_58,c'est ça2719,iter,1,0.25
Gaël_58,c'est ça2721,iter,1,0.25
Gaël_58,c'est ça2725,iter,1,0.25
Gaël_58,c'est ça2728,iter,1,0.25
Gaël_58,chercher2737,iter,1,0.25
Gaël_58,chercher2738,iter,1,0.25
Gaël_58,dormir1787,iter,1,0.25
Gaël_58,là bas2745,iter,1,0.25
Gaël_58,maman1789,iter,1,0.25
Gaël_58,maman1977,iter,1,0.25
Gaël_58,maman2747,iter,1,0.25
Gaël_58,ouvrir2748,iter,1,0.25
Gaël_58,ouvrir3573,iter,1,0.25
Gaël_58,ouvrir3574,iter,1,0.25
Gaël_58,ouvrir3575,iter,1,0.25
Gaël_58,papa1978,iter,1,0.25
Gaël_58,écrit2740,iter,1,0.25
Gaël_59,bébé1962,iter,1,0.25
Gaël_59,bébé1966,iter,1,0.25
Gaël_59,c'est ça2721,iter,1,0.25
Gaël_59,c'est ça2722,iter,1,0.25
Gaël_59,c'est ça2724,iter,1,0.25
Gaël_59,c'est ça2730,iter,1,0.25
Gaël_59,c'est ça2733,iter,1,0.25
Gaël_59,chercher1972,iter,1,0.25
Gaël_59,chercher2737,iter,1,0.25
Gaël_59,là bas2745,iter,1,0.25
Gaël_59,machine2746,iter,1,0.25
Gaël_59,maman1790,iter,1,0.25
Gaël_59,maman1977,iter,1,0.25
Gaël_59,ouvrir2749,iter,1,0.25
Gaël_59,ouvrir2752,iter,1,0.25
Gaël_59,ouvrir2753,iter,1,0.25
Gaël_59,ouvrir3574,iter,1,0.25
Gaël_59,tout seul1979,iter,1,0.25
Gaël_59,voiture1980,iter,1,0.25
Gaël_6,bébé1960,iter,1,0.25
Gaël_6,bébé1969,iter,1,0.25
Gaël_6,c'est ça2723,iter,1,0.25
Gaël_6,c'est ça2724,iter,1,0.25
Gaël_6,c'est ça2728,iter,1,0.25
Gaël_6,c'est ça2730,iter,1,0.25
Gaël_6,c'est ça2731,iter,1,0.25
Gaël_6,casser1971,iter,1,0.25
Gaël_6,casser2736,iter,1,0.25
Gaël_6,dodo1973,iter,1,0.25
Gaël_6,là bas2744,iter,1,0.25
Gaël_6,maman1977,iter,1,0.25
Gaël_6,voiture1981,iter,1,0.25
Gaël_60,c'est ça2722,iter,1,0.25
Gaël_60,c'est ça2723,iter,1,0.25
Gaël_60,c'est ça2728,iter,1,0.25
Gaël_60,c'est ça2732,iter,1,0.25
Gaël_60,c'est ça2734,iter,1,0.25
Gaël_60,chercher2738,iter,1,0.25
Gaël_60,là bas2744,iter,1,0.25
Gaël_60,maman1789,iter,1,0.25
Gaël_60,maman1790,iter,1,0.25
Gaël_60,écrit2741,iter,1,0.25
Gaël_61,bébé1964,iter,1,0.25
Gaël_61,c'est ça1970,iter,1,0.25
Gaël_61,c'est ça2718,iter,1,0.25
Gaël_61,c'est ça2719,iter,1,0.25
Gaël_61,c'est ça2723,iter,1,0.25
Gaël_61,c'est ça2726,iter,1,0.25
Gaël_61,c'est ça2727,iter,1,0.25
Gaël_61,c'est ça2731,iter,1,0.25
Gaël_61,c'est ça2732,iter,1,0.25
Gaël_61,c'est ça2735,iter,1,0.25
Gaël_61,casser2736,iter,1,0.25
Gaël_61,grelot2742,iter,1,0.25
Gaël_61,machine1788,iter,1,0.25
Gaël_61,machine2746,iter,1,0.25
Gaël_61,maman1974,iter,1,0.25
Gaël_61,maman1976,iter,1,0.25
Gaël_61,ouvrir2749,iter,1,0.25
Gaël_61,ouvrir2753,iter,1,0.25
Gaël_61,ouvrir3574,iter,1,0.25
Gaël_61,écrit2741,iter,1,0.25
Gaël_62,bébé1959,iter,1,0.25
Gaël_62,bébé1960,iter,1,0.25
Gaël_62,bébé1962,iter,1,0.25
Gaël_62,bébé1965,iter,1,0.25
Gaël_62,c'est ça2718,iter,1,0.25
Gaël_62,c'est ça2721,iter,1,0.25
Gaël_62,c'est ça2723,iter,1,0.25
Gaël_62,c'est ça2727,iter,1,0.25
Gaël_62,c'est ça2728,iter,1,0.25
Gaël_62,c'est ça2731,iter,1,0.25
Gaël_62,c'est ça2732,iter,1,0.25
Gaël_62,c'est ça2735,iter,1,0.25
Gaël_62,casser2736,iter,1,0.25
Gaël_62,chercher2737,iter,1,0.25
Gaël_62,grelot2742,iter,1,0.25
Gaël_62,voiture1981,iter,1,0.25
Gaël_63,c'est ça2721,iter,1,0.25
Gaël_63,c'est ça2722,iter,1,0.25
Gaël_63,c'est ça2729,iter,1,0.25
Gaël_63,c'est ça2730,iter,1,0.25
Gaël_63,chercher2737,iter,1,0.25
Gaël_63,là bas2744,iter,1,0.25
Gaël_63,ouvrir3574,iter,1,0.25
Gaël_64,c'est ça2718,iter,1,0.25
Gaël_64,c'est ça2721,iter,1,0.25
Gaël_64,c'est ça2724,iter,1,0.25
Gaël_64,c'est ça2729,iter,1,0.25
Gaël_64,c'est ça2734,iter,1,0.25
Gaël_64,chercher2737,iter,1,0.25
Gaël_64,chercher2738,iter,1,0.25
Gaël_64,dedans2739,iter,1,0.25
Gaël_64,machine2746,iter,1,0.25
Gaël_64,maman1790,iter,1,0.25
Gaël_64,ouvrir2748,iter,1,0.25
Gaël_64,ouvrir2749,iter,1,0.25
Gaël_65,bébé1961,iter,1,0.25
Gaël_65,bébé1963,iter,1,0.25
Gaël_65,bébé1964,iter,1,0.25
Gaël_65,bébé1965,iter,1,0.25
Gaël_65,bébé1969,iter,1,0.25
Gaël_65,c'est ça1970,iter,1,0.25
Gaël_65,c'est ça2718,iter,1,0.25
Gaël_65,c'est ça2719,iter,1,0.25
Gaël_65,c'est ça2725,iter,1,0.25
Gaël_65,c'est ça2728,iter,1,0.25
Gaël_65,c'est ça2733,iter,1,0.25
Gaël_65,dodo1973,iter,1,0.25
Gaël_65,dormir1787,iter,1,0.25
Gaël_65,ici2743,iter,1,0.25
Gaël_65,papa1978,iter,1,0.25
Gaël_65,papa2754,iter,1,0.25
Gaël_65,tout seul1979,iter,1,0.25
Gaël_66,ballon1957,iter,1,0.25
Gaël_66,bébé1966,iter,1,0.25
Gaël_66,c'est ça2718,iter,1,0.25
Gaël_66,c'est ça2721,iter,1,0.25
Gaël_66,c'est ça2722,iter,1,0.25
Gaël_66,c'est ça2723,iter,1,0.25
Gaël_66,c'est ça2726,iter,1,0.25
Gaël_66,c'est ça2727,iter,1,0.25
Gaël_66,c'est ça2730,iter,1,0.25
Gaël_66,chercher2737,iter,1,0.25
Gaël_66,chercher2738,iter,1,0.25
Gaël_66,dodo1973,iter,1,0.25
Gaël_66,là bas2744,iter,1,0.25
Gaël_67,bébé1968,iter,1,0.25
Gaël_67,c'est ça1970,iter,1,0.25
Gaël_67,c'est ça2718,iter,1,0.25
Gaël_67,c'est ça2723,iter,1,0.25
Gaël_67,c'est ça2724,iter,1,0.25
Gaël_67,c'est ça2726,iter,1,0.25
Gaël_67,c'est ça2731,iter,1,0.25
Gaël_67,casser2736,iter,1,0.25
Gaël_67,chercher2737,iter,1,0.25
Gaël_67,chercher2738,iter,1,0.25
Gaël_67,grelot2742,iter,1,0.25
Gaël_67,maman1974,iter,1,0.25
Gaël_67,maman1977,iter,1,0.25
Gaël_67,ouvrir2750,iter,1,0.25
Gaël_67,ouvrir2753,iter,1,0.25
Gaël_67,ouvrir3573,iter,1,0.25
Gaël_67,ouvrir3574,iter,1,0.25
Gaël_67,tout seul1979,iter,1,0.25
Gaël_67,écrit2741,iter,1,0.25
Gaël_68,bébé1958,iter,1,0.25
Gaël_68,bébé1959,iter,1,0.25
Gaël_68,bébé1961,iter,1,0.25
Gaël_68,bébé1963,iter,1,0.25
Gaël_68,bébé1968,iter,1,0.25
Gaël_68,c'est ça1970,iter,1,0.25
Gaël_68,c'est ça2724,iter,1,0.25
Gaël_68,c'est ça2729,iter,1,0.25
Gaël_68,c'est ça2734,iter,1,0.25
Gaël_68,c'est ça2735,iter,1,0.25
Gaël_68,casser1971,iter,1,0.25
Gaël_68,dedans2739,iter,1,0.25
Gaël_68,machine2746,iter,1,0.25
Gaël_68,maman1789,iter,1,0.25
Gaël_68,maman1974,iter,1,0.25
Gaël_68,maman1975,iter,1,0.25
Gaël_68,ouvrir2748,iter,1,0.25
Gaël_68,ouvrir2750,iter,1,0.25
Gaël_68,ouvrir3573,iter,1,0.25
Gaël_68,tout seul1979,iter,1,0.25
Gaël_69,bébé1962,iter,1,0.25
Gaël_69,bébé1969,iter,1,0.25
Gaël_69,c'est ça2721,iter,1,0.25
Gaël_69,chercher1972,iter,1,0.25
Gaël_69,dodo1973,iter,1,0.25
Gaël_69,maman1790,iter,1,0.25
Gaël_69,maman1974,iter,1,0.25
Gaël_69,maman1975,iter,1,0.25
Gaël_69,maman1976,iter,1,0.25
Gaël_69,maman1977,iter,1,0.25
Gaël_69,maman2747,iter,1,0.25
Gaël_69,tout seul1979,iter,1,0.25
Gaël_69,voiture1980,iter,1,0.25
Gaël_7,bébé1965,iter,1,0.25
Gaël_7,bébé1968,iter,1,0.25
Gaël_7,bébé1969,iter,1,0.25
Gaël_7,c'est ça1970,iter,1,0.25
Gaël_7,c'est ça2722,iter,1,0.25
Gaël_7,c'est ça2726,iter,1,0.25
Gaël_7,c'est ça2735,iter,1,0.25
Gaël_7,chercher1972,iter,1,0.25
Gaël_7,grelot2742,iter,1,0.25
Gaël_7,ici2743,iter,1,0.25
Gaël_7,là bas2744,iter,1,0.25
Gaël_7,là bas2745,iter,1,0.25
Gaël_7,machine2746,iter,1,0.25
Gaël_7,maman1975,iter,1,0.25
Gaël_7,tout seul1979,iter,1,0.25
Gaël_70,bébé1959,iter,1,0.25
Gaël_70,bébé1967,iter,1,0.25
Gaël_70,bébé1968,iter,1,0.25
Gaël_70,c'est ça2718,iter,1,0.25
Gaël_70,c'est ça2719,iter,1,0.25
Gaël_70,c'est ça2723,iter,1,0.25
Gaël_70,c'est ça2725,iter,1,0.25
Gaël_70,c'est ça2728,iter,1,0.25
Gaël_70,c'est ça2729,iter,1,0.25
Gaël_70,c'est ça2730,iter,1,0.25
Gaël_70,c'est ça2731,iter,1,0.25
Gaël_70,c'est ça2733,iter,1,0.25
Gaël_70,chercher2738,iter,1,0.25
Gaël_70,là bas2744,iter,1,0.25
Gaël_70,maman1789,iter,1,0.25
Gaël_70,maman1790,iter,1,0.25
Gaël_70,maman2747,iter,1,0.25
Gaël_70,papa1978,iter,1,0.25
Gaël_70,voiture1980,iter,1,0.25
Gaël_70,voiture1981,iter,1,0.25
Gaël_71,bébé1961,iter,1,0.25
Gaël_71,bébé1963,iter,1,0.25
Gaël_71,bébé1967,iter,1,0.25
Gaël_71,c'est ça2722,iter,1,0.25
Gaël_71,c'est ça2730,iter,1,0.25
Gaël_71,c'est ça2733,iter,1,0.25
Gaël_71,casser1971,iter,1,0.25
Gaël_71,chercher1972,iter,1,0.25
Gaël_71,dodo1973,iter,1,0.25
Gaël_71,dormir1787,iter,1,0.25
Gaël_71,grelot2742,iter,1,0.25
Gaël_71,maman1974,iter,1,0.25
Gaël_71,maman2747,iter,1,0.25
Gaël_71,ouvrir2748,iter,1,0.25
Gaël_71,papa1978,iter,1,0.25
Gaël_71,voiture1980,iter,1,0.25
Gaël_71,voiture1981,iter,1,0.25
Gaël_72,ballon1957,iter,1,0.25
Gaël_72,bébé1959,iter,1,0.25
Gaël_72,bébé1962,iter,1,0.25
Gaël_72,bébé1966,iter,1,0.25
Gaël_72,bébé1967,iter,1,0.25
Gaël_72,bébé1969,iter,1,0.25
Gaël_72,c'est ça2723,iter,1,0.25
Gaël_72,c'est ça2724,iter,1,0.25
Gaël_72,c'est ça2725,iter,1,0.25
Gaël_72,c'est ça2728,iter,1,0.25
Gaël_72,c'est ça2735,iter,1,0.25
Gaël_72,casser2736,iter,1,0.25
Gaël_72,chercher1972,iter,1,0.25
Gaël_72,maman1790,iter,1,0.25
Gaël_72,maman1975,iter,1,0.25
Gaël_72,maman2747,iter,1,0.25
Gaël_72,ouvrir2749,iter,1,0.25
Gaël_72,ouvrir2752,iter,1,0.25
Gaël_72,ouvrir2753,iter,1,0.25
Gaël_72,écrit2740,iter,1,0.25
Gaël_73,bébé1964,iter,1,0.25
Gaël_73,bébé1965,iter,1,0.25
Gaël_73,c'est ça2721,iter,1,0.25
Gaël_73,c'est ça2723,iter,1,0.25
Gaël_73,c'est ça2729,iter,1,0.25
Gaël_73,c'est ça2730,iter,1,0.25
Gaël_73,c'est ça2731,iter,1,0.25
Gaël_73,c'est ça2734,iter,1,0.25
Gaël_73,dedans2739,iter,1,0.25
Gaël_73,dodo1973,iter,1,0.25
Gaël_73,ici2743,iter,1,0.25
Gaël_73,machine1788,iter,1,0.25
Gaël_73,machine2746,iter,1,0.25
Gaël_73,maman1789,iter,1,0.25
Gaël_73,maman1975,iter,1,0.25
Gaël_73,maman1976,iter,1,0.25
Gaël_73,maman1977,iter,1,0.25
Gaël_73,papa1978,iter,1,0.25
Gaël_73,tout seul1979,iter,1,0.25
Gaël_73,voiture1981,iter,1,0.25
Gaël_74,c'est ça2718,iter,1,0.25
Gaël_74,c'est ça2723,iter,1,0.25
Gaël_74,c'est ça2727,iter,1,0.25
Gaël_74,c'est ça2729,iter,1,0.25
Gaël_74,c'est ça2732,iter,1,0.25
Gaël_74,casser2736,iter,1,0.25
Gaël_74,chercher2737,iter,1,0.25
Gaël_74,là bas2745,iter,1,0.25
Gaël_74,machine2746,iter,1,0.25
Gaël_74,écrit2740,iter,1,0.25
Gaël_75,bébé1958,iter,1,0.25
Gaël_75,bébé1959,iter,1,0.25
Gaël_75,bébé1960,iter,1,0.25
Gaël_75,bébé1968,iter,1,0.25
Gaël_75,c'est ça2718,iter,1,0.25
Gaël_75,c'est ça2719,iter,1,0.25
Gaël_75,c'est ça2721,iter,1,0.25
Gaël_75,c'est ça2723,iter,1,0.25
Gaël_75,c'est ça2726,iter,1,0.25
Gaël_75,c'est ça2730,iter,1,0.25
Gaël_75,dodo1973,iter,1,0.25
Gaël_75,maman1790,iter,1,0.25
Gaël_75,maman1975,iter,1,0.25
Gaël_75,maman1977,iter,1,0.25
Gaël_76,ballon1957,iter,1,0.25
Gaël_76,bébé1958,iter,1,0.25
Gaël_76,bébé1962,iter,1,0.25
Gaël_76,bébé1966,iter,1,0.25
Gaël_76,bébé1968,iter,1,0.25
Gaël_76,c'est ça2720,iter,1,0.25
Gaël_76,c'est ça2731,iter,1,0.25
Gaël_76,c'est ça2732,iter,1,0.25
Gaël_76,c'est ça2733,iter,1,0.25
Gaël_76,c'est ça2734,iter,1,0.25
Gaël_76,casser2736,iter,1,0.25
Gaël_76,chercher2737,iter,1,0.25
Gaël_76,chercher2738,iter,1,0.25
Gaël_76,grelot2742,iter,1,0.25
Gaël_76,là bas2744,iter,1,0.25
Gaël_76,machine1788,iter,1,0.25
Gaël_76,maman1790,iter,1,0.25
Gaël_76,maman1975,iter,1,0.25
Gaël_76,ouvrir2753,iter,1,0.25
Gaël_77,bébé1960,iter,1,0.25
Gaël_77,bébé1961,iter,1,0.25
Gaël_77,bébé1965,iter,1,0.25
Gaël_77,c'est ça2727,iter,1,0.25
Gaël_77,c'est ça2729,iter,1,0.25
Gaël_77,c'est ça2730,iter,1,0.25
Gaël_77,c'est ça2733,iter,1,0.25
Gaël_77,chercher2737,iter,1,0.25
Gaël_77,chercher2738,iter,1,0.25
Gaël_77,dodo1973,iter,1,0.25
Gaël_77,là bas2744,iter,1,0.25
Gaël_77,là bas2745,iter,1,0.25
Gaël_77,maman1789,iter,1,0.25
Gaël_77,maman1977,iter,1,0.25
Gaël_78,c'est ça2726,iter,1,0.25
Gaël_78,c'est ça2728,iter,1,0.25
Gaël_78,c'est ça2731,iter,1,0.25
Gaël_78,c'est ça2732,iter,1,0.25
Gaël_78,chercher2737,iter,1,0.25
Gaël_78,ouvrir2752,iter,1,0.25
Gaël_78,ouvrir2753,iter,1,0.25
Gaël_79,bébé1964,iter,1,0.25
Gaël_79,bébé1965,iter,1,0.25
Gaël_79,bébé1967,iter,1,0.25
Gaël_79,c'est ça1970,iter,1,0.25
Gaël_79,c'est ça2720,iter,1,0.25
Gaël_79,c'est ça2722,iter,1,0.25
Gaël_79,c'est ça2723,iter,1,0.25
Gaël_79,c'est ça2729,iter,1,0.25
Gaël_79,c'est ça2730,iter,1,0.25
Gaël_79,chercher1972,iter,1,0.25
Gaël_79,chercher2737,iter,1,0.25
Gaël_79,ici2743,iter,1,0.25
Gaël_79,machine2746,iter,1,0.25
Gaël_79,maman1789,iter,1,0.25
Gaël_79,maman1974,iter,1,0.25
Gaël_79,ouvrir2751,iter,1,0.25
Gaël_79,ouvrir3573,iter,1,0.25
Gaël_79,tout seul1979,iter,1,0.25
Gaël_79,écrit2741,iter,1,0.25
Gaël_8,c'est ça2723,iter,1,0.25
Gaël_8,c'est ça2725,iter,1,0.25
Gaël_8,c'est ça2728,iter,1,0.25
Gaël_8,c'est ça2729,iter,1,0.25
Gaël_8,c'est ça2731,iter,1,0.25
Gaël_8,c'est ça2733,iter,1,0.25
Gaël_8,c'est ça2734,iter,1,0.25
Gaël_8,là bas2744,iter,1,0.25
Gaël_8,ouvrir2749,iter,1,0.25
Gaël_8,écrit2740,iter,1,0.25
Gaël_80,c'est ça2722,iter,1,0.25
Gaël_80,c'est ça2725,iter,1,0.25
Gaël_80,c'est ça2728,iter,1,0.25
Gaël_80,c'est ça2732,iter,1,0.25
Gaël_80,c'est ça2733,iter,1,0.25
Gaël_80,c'est ça2735,iter,1,0.25
Gaël_80,chercher2738,iter,1,0.25
Gaël_80,là bas2745,iter,1,0.25
Gaël_80,machine2746,iter,1,0.25
Gaël_80,ouvrir3573,iter,1,0.25
Gaël_80,ouvrir3574,iter,1,0.25
Gaël_81,bébé1958,iter,1,0.25
Gaël_81,bébé1966,iter,1,0.25
Gaël_81,bébé1968,iter,1,0.25
Gaël_81,c'est ça2724,iter,1,0.25
Gaël_81,c'est ça2725,iter,1,0.25
Gaël_81,c'est ça2727,iter,1,0.25
Gaël_81,c'est ça2729,iter,1,0.25
Gaël_81,c'est ça2730,iter,1,0.25
Gaël_81,c'est ça2733,iter,1,0.25
Gaël_81,casser2736,iter,1,0.25
Gaël_81,chercher2738,iter,1,0.25
Gaël_81,là bas2745,iter,1,0.25
Gaël_81,machine1788,iter,1,0.25
Gaël_81,maman1789,iter,1,0.25
Gaël_82,bébé1958,iter,1,0.25
Gaël_82,bébé1963,iter,1,0.25
Gaël_82,bébé1965,iter,1,0.25
Gaël_82,bébé1969,iter,1,0.25
Gaël_82,c'est ça2724,iter,1,0.25
Gaël_82,c'est ça2730,iter,1,0.25
Gaël_82,c'est ça2731,iter,1,0.25
Gaël_82,chercher2738,iter,1,0.25
Gaël_82,dodo1973,iter,1,0.25
Gaël_82,grelot2742,iter,1,0.25
Gaël_82,ici2743,iter,1,0.25
Gaël_82,là bas2744,iter,1,0.25
Gaël_82,maman1789,iter,1,0.25
Gaël_82,maman1976,iter,1,0.25
Gaël_82,ouvrir2751,iter,1,0.25
Gaël_82,ouvrir2752,iter,1,0.25
Gaël_82,papa1978,iter,1,0.25
Gaël_82,papa2754,iter,1,0.25
Gaël_83,bébé1960,iter,1,0.25
Gaël_83,bébé1964,iter,1,0.25
Gaël_83,bébé1968,iter,1,0.25
Gaël_83,c'est ça1970,iter,1,0.25
Gaël_83,c'est ça2719,iter,1,0.25
Gaël_83,c'est ça2724,iter,1,0.25
Gaël_83,c'est ça2726,iter,1,0.25
Gaël_83,c'est ça2734,iter,1,0.25
Gaël_83,casser1971,iter,1,0.25
Gaël_83,casser2736,iter,1,0.25
Gaël_83,ici2743,iter,1,0.25
Gaël_83,là bas2745,iter,1,0.25
Gaël_83,maman1789,iter,1,0.25
Gaël_83,maman1974,iter,1,0.25
Gaël_84,bébé1961,iter,1,0.25
Gaël_84,bébé1964,iter,1,0.25
Gaël_84,bébé1966,iter,1,0.25
Gaël_84,bébé1967,iter,1,0.25
Gaël_84,bébé1969,iter,1,0.25
Gaël_84,c'est ça2722,iter,1,0.25
Gaël_84,c'est ça2723,iter,1,0.25
Gaël_84,c'est ça2728,iter,1,0.25
Gaël_84,c'est ça2732,iter,1,0.25
Gaël_84,chercher2738,iter,1,0.25
Gaël_84,dormir1787,iter,1,0.25
Gaël_84,là bas2745,iter,1,0.25
Gaël_84,maman1790,iter,1,0.25
Gaël_84,maman1977,iter,1,0.25
Gaël_84,voiture1981,iter,1,0.25
Gaël_85,bébé1959,iter,1,0.25
Gaël_85,bébé1965,iter,1,0.25
Gaël_85,bébé1968,iter,1,0.25
Gaël_85,c'est ça2720,iter,1,0.25
Gaël_85,c'est ça2721,iter,1,0.25
Gaël_85,c'est ça2723,iter,1,0.25
Gaël_85,c'est ça2725,iter,1,0.25
Gaël_85,c'est ça2729,iter,1,0.25
Gaël_85,c'est ça2735,iter,1,0.25
Gaël_85,casser1971,iter,1,0.25
Gaël_85,casser2736,iter,1,0.25
Gaël_85,chercher2737,iter,1,0.25
Gaël_85,maman2747,iter,1,0.25
Gaël_85,papa1978,iter,1,0.25
Gaël_86,c'est ça2719,iter,1,0.25
Gaël_86,c'est ça2721,iter,1,0.25
Gaël_86,c'est ça2727,iter,1,0.25
Gaël_86,casser2736,iter,1,0.25
Gaël_86,chercher2738,iter,1,0.25
Gaël_86,ici2743,iter,1,0.25
Gaël_86,là bas2744,iter,1,0.25
Gaël_86,ouvrir3573,iter,1,0.25
Gaël_87,bébé1960,iter,1,0.25
Gaël_87,c'est ça2719,iter,1,0.25
Gaël_87,c'est ça2721,iter,1,0.25
Gaël_87,c'est ça2729,iter,1,0.25
Gaël_87,c'est ça2734,iter,1,0.25
Gaël_87,c'est ça2735,iter,1,0.25
Gaël_87,casser1971,iter,1,0.25
Gaël_87,dedans2739,iter,1,0.25
Gaël_87,là bas2745,iter,1,0.25
Gaël_87,machine1788,iter,1,0.25
Gaël_87,maman2747,iter,1,0.25
Gaël_87,tout seul1979,iter,1,0.25
Gaël_87,voiture1981,iter,1,0.25
Gaël_88,bébé1958,iter,1,0.25
Gaël_88,bébé1963,iter,1,0.25
Gaël_88,bébé1968,iter,1,0.25
Gaël_88,c'est ça2719,iter,1,0.25
Gaël_88,c'est ça2723,iter,1,0.25
Gaël_88,c'est ça2728,iter,1,0.25
Gaël_88,c'est ça2734,iter,1,0.25
Gaël_88,casser1971,iter,1,0.25
Gaël_88,casser2736,iter,1,0.25
Gaël_88,ici2743,iter,1,0.25
Gaël_88,maman1789,iter,1,0.25
Gaël_88,tout seul1979,iter,1,0.25
Gaël_89,bébé1959,iter,1,0.25
Gaël_89,bébé1961,iter,1,0.25
Gaël_89,bébé1965,iter,1,0.25
Gaël_89,bébé1968,iter,1,0.25
Gaël_89,c'est ça2719,iter,1,0.25
Gaël_89,c'est ça2721,iter,1,0.25
Gaël_89,c'est ça2722,iter,1,0.25
Gaël_89,c'est ça2726,iter,1,0.25
Gaël_89,c'est ça2729,iter,1,0.25
Gaël_89,c'est ça2731,iter,1,0.25
Gaël_89,casser1971,iter,1,0.25
Gaël_89,casser2736,iter,1,0.25
Gaël_89,maman1789,iter,1,0.25
Gaël_89,maman1975,iter,1,0.25
Gaël_89,maman1977,iter,1,0.25
Gaël_89,papa1978,iter,1,0.25
Gaël_89,papa2754,iter,1,0.25
Gaël_89,voiture1981,iter,1,0.25
Gaël_9,c'est ça2720,iter,1,0.25
Gaël_9,c'est ça2727,iter,1,0.25
Gaël_9,c'est ça2730,iter,1,0.25
Gaël_9,casser2736,iter,1,0.25
Gaël_9,ici2743,iter,1,0.25
Gaël_9,ouvrir3573,iter,1,0.25
Gaël_90,bébé1959,iter,1,0.25
Gaël_90,bébé1960,iter,1,0.25
Gaël_90,bébé1961,iter,1,0.25
Gaël_90,bébé1963,iter,1,0.25
Gaël_90,bébé1964,iter,1,0.25
Gaël_90,bébé1965,iter,1,0.25
Gaël_90,bébé1968,iter,1,0.25
Gaël_90,c'est ça2726,iter,1,0.25
Gaël_90,c'est ça2732,iter,1,0.25
Gaël_90,dedans2739,iter,1,0.25
Gaël_90,dormir1787,iter,1,0.25
Gaël_90,maman1789,iter,1,0.25
Gaël_90,maman1974,iter,1,0.25
Gaël_90,maman1976,iter,1,0.25
Gaël_90,maman2747,iter,1,0.25
Gaël_91,bébé1958,iter,1,0.25
Gaël_91,bébé1961,iter,1,0.25
Gaël_91,bébé1964,iter,1,0.25
Gaël_91,bébé1969,iter,1,0.25
Gaël_91,c'est ça2719,iter,1,0.25
Gaël_91,c'est ça2725,iter,1,0.25
Gaël_91,c'est ça2734,iter,1,0.25
Gaël_91,c'est ça2735,iter,1,0.25
Gaël_91,chercher2738,iter,1,0.25
Gaël_91,grelot2742,iter,1,0.25
Gaël_91,là bas2744,iter,1,0.25
Gaël_91,maman1976,iter,1,0.25
Gaël_91,maman1977,iter,1,0.25
Gaël_91,maman2747,iter,1,0.25
Gaël_91,ouvrir2748,iter,1,0.25
Gaël_91,papa1978,iter,1,0.25
Gaël_91,papa2754,iter,1,0.25
Gaël_91,tout seul1979,iter,1,0.25
Gaël_92,bébé1958,iter,1,0.25
Gaël_92,bébé1968,iter,1,0.25
Gaël_92,bébé1969,iter,1,0.25
Gaël_92,c'est ça2719,iter,1,0.25
Gaël_92,c'est ça2723,iter,1,0.25
Gaël_92,c'est ça2731,iter,1,0.25
Gaël_92,c'est ça2732,iter,1,0.25
Gaël_92,c'est ça2733,iter,1,0.25
Gaël_92,chercher2737,iter,1,0.25
Gaël_92,ici2743,iter,1,0.25
Gaël_92,maman1789,iter,1,0.25
Gaël_92,maman1975,iter,1,0.25
Gaël_92,maman1976,iter,1,0.25
Gaël_92,maman1977,iter,1,0.25
Gaël_92,papa1978,iter,1,0.25
Gaël_92,tout seul1979,iter,1,0.25
Gaël_92,voiture1981,iter,1,0.25
Gaël_93,bébé1961,iter,1,0.25
Gaël_93,bébé1962,iter,1,0.25
Gaël_93,bébé1963,iter,1,0.25
Gaël_93,c'est ça1970,iter,1,0.25
Gaël_93,c'est ça2718,iter,1,0.25
Gaël_93,c'est ça2719,iter,1,0.25
Gaël_93,c'est ça2721,iter,1,0.25
Gaël_93,c'est ça2729,iter,1,0.25
Gaël_93,casser2736,iter,1,0.25
Gaël_93,ici2743,iter,1,0.25
Gaël_93,maman1976,iter,1,0.25
Gaël_93,voiture1980,iter,1,0.25
Gaël_94,bébé1961,iter,1,0.25
Gaël_94,bébé1962,iter,1,0.25
Gaël_94,c'est ça1970,iter,1,0.25
Gaël_94,c'est ça2718,iter,1,0.25
Gaël_94,c'est ça2722,iter,1,0.25
Gaël_94,c'est ça2723,iter,1,0.25
Gaël_94,c'est ça2724,iter,1,0.25
Gaël_94,c'est ça2727,iter,1,0.25
Gaël_94,c'est ça2734,iter,1,0.25
Gaël_94,casser2736,iter,1,0.25
Gaël_94,chercher2738,iter,1,0.25
Gaël_94,dedans2739,iter,1,0.25
Gaël_94,dodo1973,iter,1,0.25
Gaël_94,grelot2742,iter,1,0.25
Gaël_94,machine1788,iter,1,0.25
Gaël_94,maman1790,iter,1,0.25
Gaël_94,ouvrir2753,iter,1,0.25
Gaël_94,écrit2740,iter,1,0.25
Gaël_95,bébé1958,iter,1,0.25
Gaël_95,bébé1963,iter,1,0.25
Gaël_95,bébé1964,iter,1,0.25
Gaël_95,bébé1969,iter,1,0.25
Gaël_95,c'est ça2719,iter,1,0.25
Gaël_95,c'est ça2724,iter,1,0.25
Gaël_95,c'est ça2730,iter,1,0.25
Gaël_95,dodo1973,iter,1,0.25
Gaël_95,dormir1787,iter,1,0.25
Gaël_95,maman1789,iter,1,0.25
Gaël_95,maman1976,iter,1,0.25
Gaël_95,maman2747,iter,1,0.25
Gaël_95,papa1978,iter,1,0.25
Gaël_95,voiture1980,iter,1,0.25
Gaël_96,bébé1960,iter,1,0.25
Gaël_96,bébé1965,iter,1,0.25
Gaël_96,bébé1966,iter,1,0.25
Gaël_96,bébé1968,iter,1,0.25
Gaël_96,c'est ça2718,iter,1,0.25
Gaël_96,c'est ça2727,iter,1,0.25
Gaël_96,c'est ça2728,iter,1,0.25
Gaël_96,c'est ça2730,iter,1,0.25
Gaël_96,c'est ça2735,iter,1,0.25
Gaël_96,chercher1972,iter,1,0.25
Gaël_96,dormir1787,iter,1,0.25
Gaël_96,là bas2744,iter,1,0.25
Gaël_96,maman1790,iter,1,0.25
Gaël_96,ouvrir2748,iter,1,0.25
Gaël_96,ouvrir2750,iter,1,0.25
Gaël_96,ouvrir2751,iter,1,0.25
Gaël_96,ouvrir3574,iter,1,0.25
Gaël_96,écrit2740,iter,1,0.25
Gaël_97,bébé1960,iter,1,0.25
Gaël_97,bébé1964,iter,1,0.25
Gaël_97,bébé1968,iter,1,0.25
Gaël_97,c'est ça2718,iter,1,0.25
Gaël_97,c'est ça2719,iter,1,0.25
Gaël_97,c'est ça2720,iter,1,0.25
Gaël_97,c'est ça2723,iter,1,0.25
Gaël_97,c'est ça2735,iter,1,0.25
Gaël_97,chercher2738,iter,1,0.25
Gaël_97,dedans2739,iter,1,0.25
Gaël_97,grelot2742,iter,1,0.25
Gaël_97,là bas2744,iter,1,0.25
Gaël_97,machine1788,iter,1,0.25
Gaël_97,machine2746,iter,1,0.25
Gaël_97,maman1789,iter,1,0.25
Gaël_97,maman1976,iter,1,0.25
Gaël_97,tout seul1979,iter,1,0.25
Gaël_98,ballon1957,iter,1,0.25
Gaël_98,bébé1960,iter,1,0.25
Gaël_98,bébé1962,iter,1,0.25
Gaël_98,c'est ça2733,iter,1,0.25
Gaël_98,c'est ça2735,iter,1,0.25
Gaël_98,là bas2744,iter,1,0.25
Gaël_98,machine2746,iter,1,0.25
Gaël_98,maman1789,iter,1,0.25
Gaël_98,maman1790,iter,1,0.25
Gaël_98,maman1975,iter,1,0.25
Gaël_98,maman1977,iter,1,0.25
Gaël_99,bébé1958,iter,1,0.25
Gaël_99,bébé1959,iter,1,0.25
Gaël_99,bébé1964,iter,1,0.25
Gaël_99,bébé1966,iter,1,0.25
Gaël_99,bébé1968,iter,1,0.25
Gaël_99,c'est ça2719,iter,1,0.25
Gaël_99,c'est ça2735,iter,1,0.25
Gaël_99,casser1971,iter,1,0.25
Gaël_99,chercher1972,iter,1,0.25
Gaël_99,chercher2737,iter,1,0.25
Gaël_99,là bas2745,iter,1,0.25
Gaël_99,machine1788,iter,1,0.25
Gaël_99,machine2746,iter,1,0.25
Gaël_99,maman1789,iter,1,0.25
Gaël_99,maman1975,iter,1,0.25
Gaël_99,ouvrir2749,iter,1,0.25
Gaël_99,tout seul1979,iter,1,0.25
Gaël_99,voiture1980,iter,1,0.25
Gwyn_1,Noa1944,iter,1,0.25
Gwyn_1,adar2523,iter,1,0.25
Gwyn_1,blodau2524,iter,1,0.25
Gwyn_1,cwaccwac2527,iter,1,0.25
Gwyn_1,"dau, tri2528",iter,1,0.25
Gwyn_1,"dau, tri2530",iter,1,0.25
Gwyn_1,"dau, tri2531",iter,1,0.25
Gwyn_1,helo2535,iter,1,0.25
Gwyn_1,helo2536,iter,1,0.25
Gwyn_1,mwnci2539,iter,1,0.25
Gwyn_10,adar2523,iter,1,0.25
Gwyn_10,helo2535,iter,1,0.25
Gwyn_10,helo2537,iter,1,0.25
Gwyn_100,mwnci2543,iter,1,0.25
Gwyn_100,sbinc-sbanc2544,iter,1,0.25
Gwyn_11,adar2522,iter,1,0.25
Gwyn_11,cwaccwac3420,iter,1,0.25
Gwyn_11,cwaccwac3443,iter,1,0.25
Gwyn_11,helo2536,iter,1,0.25
Gwyn_11,helo2537,iter,1,0.25
Gwyn_11,mwnci2539,iter,1,0.25
Gwyn_11,mwnci3423,iter,1,0.25
Gwyn_12,adar2523,iter,1,0.25
Gwyn_12,cadw3419,iter,1,0.25
Gwyn_12,"dau, tri2530",iter,1,0.25
Gwyn_12,helo2534,iter,1,0.25
Gwyn_12,mwnci2540,iter,1,0.25
Gwyn_12,mwnci3423,iter,1,0.25
Gwyn_12,tedi3425,iter,1,0.25
Gwyn_13,adar2522,iter,1,0.25
Gwyn_13,"dau, tri2530",iter,1,0.25
Gwyn_13,"dau, tri2531",iter,1,0.25
Gwyn_13,helo2536,iter,1,0.25
Gwyn_13,helo2537,iter,1,0.25
Gwyn_15,Lucy1942,iter,1,0.25
Gwyn_15,Lucy1943,iter,1,0.25
Gwyn_15,Noa1944,iter,1,0.25
Gwyn_15,adar2522,iter,1,0.25
Gwyn_15,blodau3129,iter,1,0.25
Gwyn_15,"dau, tri2528",iter,1,0.25
Gwyn_15,"dau, tri2531",iter,1,0.25
Gwyn_15,giraffe2532,iter,1,0.25
Gwyn_15,helo2535,iter,1,0.25
Gwyn_15,helo2537,iter,1,0.25
Gwyn_15,mwnci2540,iter,1,0.25
Gwyn_16,mwnci2541,iter,1,0.25
Gwyn_17,Bwgan2526,iter,1,0.25
Gwyn_17,Lucy1943,iter,1,0.25
Gwyn_17,cwaccwac2527,iter,1,0.25
Gwyn_17,cwaccwac3420,iter,1,0.25
Gwyn_17,cwaccwac3443,iter,1,0.25
Gwyn_17,helo2534,iter,1,0.25
Gwyn_17,helo2535,iter,1,0.25
Gwyn_17,helo2536,iter,1,0.25
Gwyn_19,Lucy1942,iter,1,0.25
Gwyn_19,adar2522,iter,1,0.25
Gwyn_19,cadw3419,iter,1,0.25
Gwyn_19,"dau, tri2531",iter,1,0.25
Gwyn_2,blodau2524,iter,1,0.25
Gwyn_2,helo2535,iter,1,0.25
Gwyn_2,helo2536,iter,1,0.25
Gwyn_20,Bwgan2526,iter,1,0.25
Gwyn_20,Lucy1943,iter,1,0.25
Gwyn_20,cwaccwac2527,iter,1,0.25
Gwyn_20,"dau, tri2528",iter,1,0.25
Gwyn_20,eh-oh3421,iter,1,0.25
Gwyn_20,helo2534,iter,1,0.25
Gwyn_20,helo2536,iter,1,0.25
Gwyn_20,mwnci3423,iter,1,0.25
Gwyn_21,Bwgan2526,iter,1,0.25
Gwyn_22,mwnci2540,iter,1,0.25
Gwyn_22,mwnci2541,iter,1,0.25
Gwyn_23,Guto2533,iter,1,0.25
Gwyn_23,Lucy1943,iter,1,0.25
Gwyn_23,Noa1944,iter,1,0.25
Gwyn_23,adar2523,iter,1,0.25
Gwyn_23,"dau, tri2530",iter,1,0.25
Gwyn_23,"dau, tri2657",iter,1,0.25
Gwyn_23,giraffe2532,iter,1,0.25
Gwyn_23,helo2535,iter,1,0.25
Gwyn_23,helo2537,iter,1,0.25
Gwyn_23,mwnci2539,iter,1,0.25
Gwyn_23,mwnci2540,iter,1,0.25
Gwyn_24,Bwgan2526,iter,1,0.25
Gwyn_24,cwaccwac2527,iter,1,0.25
Gwyn_24,cwaccwac3420,iter,1,0.25
Gwyn_24,helo2534,iter,1,0.25
Gwyn_24,helo2535,iter,1,0.25
Gwyn_24,helo2536,iter,1,0.25
Gwyn_24,helo2537,iter,1,0.25
Gwyn_24,lala3444,iter,1,0.25
Gwyn_25,giraffe2532,iter,1,0.25
Gwyn_25,helo2534,iter,1,0.25
Gwyn_26,lala3444,iter,1,0.25
Gwyn_27,blodau3415,iter,1,0.25
Gwyn_27,blodau3417,iter,1,0.25
Gwyn_27,blodau3418,iter,1,0.25
Gwyn_29,Guto2533,iter,1,0.25
Gwyn_29,Lucy1943,iter,1,0.25
Gwyn_29,Noa1944,iter,1,0.25
Gwyn_29,"dau, tri2531",iter,1,0.25
Gwyn_29,mwnci2540,iter,1,0.25
Gwyn_29,mwnci3423,iter,1,0.25
Gwyn_3,Lucy1942,iter,1,0.25
Gwyn_3,adar2522,iter,1,0.25
Gwyn_3,cwaccwac2527,iter,1,0.25
Gwyn_3,"dau, tri2529",iter,1,0.25
Gwyn_3,"dau, tri2531",iter,1,0.25
Gwyn_3,helo2537,iter,1,0.25
Gwyn_3,mwnci2539,iter,1,0.25
Gwyn_31,blodau3413,iter,1,0.25
Gwyn_31,blodau3414,iter,1,0.25
Gwyn_31,blodau3416,iter,1,0.25
Gwyn_31,blodau3417,iter,1,0.25
Gwyn_32,babi3411,iter,1,0.25
Gwyn_32,blodau3413,iter,1,0.25
Gwyn_32,blodau3415,iter,1,0.25
Gwyn_32,blodau3416,iter,1,0.25
Gwyn_32,blodau3418,iter,1,0.25
Gwyn_33,Bwgan2526,iter,1,0.25
Gwyn_33,Lucy1942,iter,1,0.25
Gwyn_33,Noa1944,iter,1,0.25
Gwyn_33,cwaccwac2527,iter,1,0.25
Gwyn_33,mwnci3423,iter,1,0.25
Gwyn_34,Bwgan2526,iter,1,0.25
Gwyn_34,Lucy1942,iter,1,0.25
Gwyn_34,Noa1944,iter,1,0.25
Gwyn_34,cwaccwac2527,iter,1,0.25
Gwyn_34,cwaccwac3420,iter,1,0.25
Gwyn_34,"dau, tri2528",iter,1,0.25
Gwyn_34,giraffe2532,iter,1,0.25
Gwyn_34,helo2536,iter,1,0.25
Gwyn_34,helo2537,iter,1,0.25
Gwyn_34,lala3444,iter,1,0.25
Gwyn_34,mwnci2539,iter,1,0.25
Gwyn_36,cwaccwac2527,iter,1,0.25
Gwyn_36,giraffe2532,iter,1,0.25
Gwyn_36,helo2535,iter,1,0.25
Gwyn_36,helo2536,iter,1,0.25
Gwyn_36,mwnci3423,iter,1,0.25
Gwyn_37,Bwgan2526,iter,1,0.25
Gwyn_38,Lucy1943,iter,1,0.25
Gwyn_38,Noa1944,iter,1,0.25
Gwyn_38,blodau2524,iter,1,0.25
Gwyn_38,cwaccwac2527,iter,1,0.25
Gwyn_38,"dau, tri2529",iter,1,0.25
Gwyn_38,giraffe2532,iter,1,0.25
Gwyn_38,helo2534,iter,1,0.25
Gwyn_38,lala3444,iter,1,0.25
Gwyn_38,tedi3425,iter,1,0.25
Gwyn_4,babi3409,iter,1,0.25
Gwyn_4,blodau3414,iter,1,0.25
Gwyn_4,blodau3416,iter,1,0.25
Gwyn_40,mwnci2542,iter,1,0.25
Gwyn_41,Guto2533,iter,1,0.25
Gwyn_41,Lucy1943,iter,1,0.25
Gwyn_41,adar2522,iter,1,0.25
Gwyn_41,"dau, tri2529",iter,1,0.25
Gwyn_41,eh-oh3421,iter,1,0.25
Gwyn_41,mwnci2540,iter,1,0.25
Gwyn_41,mwnci3423,iter,1,0.25
Gwyn_42,Noa1944,iter,1,0.25
Gwyn_42,adar2522,iter,1,0.25
Gwyn_42,"dau, tri2528",iter,1,0.25
Gwyn_42,helo2535,iter,1,0.25
Gwyn_42,helo2536,iter,1,0.25
Gwyn_42,helo2537,iter,1,0.25
Gwyn_43,Lucy1943,iter,1,0.25
Gwyn_43,adar2522,iter,1,0.25
Gwyn_43,adar2523,iter,1,0.25
Gwyn_43,blodau3129,iter,1,0.25
Gwyn_43,"dau, tri2529",iter,1,0.25
Gwyn_43,"dau, tri2530",iter,1,0.25
Gwyn_43,eh-oh3421,iter,1,0.25
Gwyn_43,giraffe2532,iter,1,0.25
Gwyn_43,helo2534,iter,1,0.25
Gwyn_43,helo2535,iter,1,0.25
Gwyn_43,helo2537,iter,1,0.25
Gwyn_43,mwnci3423,iter,1,0.25
Gwyn_44,Bwgan2526,iter,1,0.25
Gwyn_44,Lucy1942,iter,1,0.25
Gwyn_44,Lucy1943,iter,1,0.25
Gwyn_44,cwaccwac3420,iter,1,0.25
Gwyn_44,mwnci3423,iter,1,0.25
Gwyn_45,babi3410,iter,1,0.25
Gwyn_45,babi3411,iter,1,0.25
Gwyn_45,blodau3413,iter,1,0.25
Gwyn_45,blodau3414,iter,1,0.25
Gwyn_45,blodau3415,iter,1,0.25
Gwyn_45,blodau3416,iter,1,0.25
Gwyn_46,blodau3414,iter,1,0.25
Gwyn_46,blodau3418,iter,1,0.25
Gwyn_46,cadw3419,iter,1,0.25
Gwyn_47,mwnci2543,iter,1,0.25
Gwyn_48,lala3422,iter,1,0.25
Gwyn_48,lala3444,iter,1,0.25
Gwyn_49,sbinc-sbanc2544,iter,1,0.25
Gwyn_5,blodau3413,iter,1,0.25
Gwyn_5,blodau3415,iter,1,0.25
Gwyn_5,blodau3416,iter,1,0.25
Gwyn_50,Bwgan2526,iter,1,0.25
Gwyn_50,Noa1944,iter,1,0.25
Gwyn_50,adar2522,iter,1,0.25
Gwyn_50,"dau, tri2528",iter,1,0.25
Gwyn_50,"dau, tri2530",iter,1,0.25
Gwyn_50,"dau, tri2531",iter,1,0.25
Gwyn_50,giraffe2532,iter,1,0.25
Gwyn_50,helo2536,iter,1,0.25
Gwyn_51,Guto2533,iter,1,0.25
Gwyn_51,Noa1944,iter,1,0.25
Gwyn_51,cadw3419,iter,1,0.25
Gwyn_51,"dau, tri2529",iter,1,0.25
Gwyn_51,"dau, tri2530",iter,1,0.25
Gwyn_51,"dau, tri2531",iter,1,0.25
Gwyn_51,"dau, tri2657",iter,1,0.25
Gwyn_51,helo2535,iter,1,0.25
Gwyn_51,helo2537,iter,1,0.25
Gwyn_51,mwnci2539,iter,1,0.25
Gwyn_51,mwnci2540,iter,1,0.25
Gwyn_52,Bwgan2526,iter,1,0.25
Gwyn_52,cwaccwac2527,iter,1,0.25
Gwyn_52,cwaccwac3443,iter,1,0.25
Gwyn_52,"dau, tri2529",iter,1,0.25
Gwyn_52,"dau, tri2531",iter,1,0.25
Gwyn_52,helo2535,iter,1,0.25
Gwyn_52,helo2537,iter,1,0.25
Gwyn_52,mwnci2540,iter,1,0.25
Gwyn_53,babi3409,iter,1,0.25
Gwyn_53,babi3410,iter,1,0.25
Gwyn_53,blodau3413,iter,1,0.25
Gwyn_53,blodau3418,iter,1,0.25
Gwyn_55,Guto2533,iter,1,0.25
Gwyn_55,blodau2524,iter,1,0.25
Gwyn_55,giraffe2532,iter,1,0.25
Gwyn_55,helo2534,iter,1,0.25
Gwyn_55,helo2536,iter,1,0.25
Gwyn_56,babi3412,iter,1,0.25
Gwyn_56,blodau3414,iter,1,0.25
Gwyn_56,blodau3418,iter,1,0.25
Gwyn_57,babi3409,iter,1,0.25
Gwyn_57,babi3410,iter,1,0.25
Gwyn_57,babi3412,iter,1,0.25
Gwyn_57,"dau, tri2528",iter,1,0.25
Gwyn_57,tedi3425,iter,1,0.25
Gwyn_59,babi3410,iter,1,0.25
Gwyn_59,babi3411,iter,1,0.25
Gwyn_59,babi3412,iter,1,0.25
Gwyn_59,blodau3413,iter,1,0.25
Gwyn_59,blodau3414,iter,1,0.25
Gwyn_59,blodau3415,iter,1,0.25
Gwyn_6,Lucy1943,iter,1,0.25
Gwyn_6,cwaccwac3443,iter,1,0.25
Gwyn_6,"dau, tri2528",iter,1,0.25
Gwyn_6,"dau, tri2530",iter,1,0.25
Gwyn_6,"dau, tri2531",iter,1,0.25
Gwyn_6,giraffe2532,iter,1,0.25
Gwyn_6,helo2535,iter,1,0.25
Gwyn_6,mwnci2539,iter,1,0.25
Gwyn_6,mwnci3423,iter,1,0.25
Gwyn_60,Bwgan2526,iter,1,0.25
Gwyn_60,Lucy1942,iter,1,0.25
Gwyn_60,blodau2524,iter,1,0.25
Gwyn_60,"dau, tri2528",iter,1,0.25
Gwyn_60,"dau, tri2529",iter,1,0.25
Gwyn_60,"dau, tri2531",iter,1,0.25
Gwyn_60,eh-oh3421,iter,1,0.25
Gwyn_60,helo2535,iter,1,0.25
Gwyn_60,helo2536,iter,1,0.25
Gwyn_60,helo2537,iter,1,0.25
Gwyn_60,mwnci2539,iter,1,0.25
Gwyn_61,Noa1944,iter,1,0.25
Gwyn_61,cwaccwac3443,iter,1,0.25
Gwyn_61,helo2535,iter,1,0.25
Gwyn_61,helo2536,iter,1,0.25
Gwyn_62,blodau3129,iter,1,0.25
Gwyn_62,cwaccwac2527,iter,1,0.25
Gwyn_62,giraffe2532,iter,1,0.25
Gwyn_62,helo2534,iter,1,0.25
Gwyn_62,helo2537,iter,1,0.25
Gwyn_62,mwnci3423,iter,1,0.25
Gwyn_63,Guto2533,iter,1,0.25
Gwyn_63,Lucy1942,iter,1,0.25
Gwyn_63,Lucy1943,iter,1,0.25
Gwyn_63,cwaccwac2527,iter,1,0.25
Gwyn_63,giraffe2532,iter,1,0.25
Gwyn_63,helo2535,iter,1,0.25
Gwyn_63,helo2536,iter,1,0.25
Gwyn_63,mwnci2539,iter,1,0.25
Gwyn_63,mwnci3423,iter,1,0.25
Gwyn_64,babi3412,iter,1,0.25
Gwyn_64,blodau3415,iter,1,0.25
Gwyn_64,blodau3418,iter,1,0.25
Gwyn_65,Lucy1942,iter,1,0.25
Gwyn_65,adar2523,iter,1,0.25
Gwyn_65,blodau2524,iter,1,0.25
Gwyn_65,"dau, tri2528",iter,1,0.25
Gwyn_65,"dau, tri2529",iter,1,0.25
Gwyn_65,"dau, tri2531",iter,1,0.25
Gwyn_65,helo2534,iter,1,0.25
Gwyn_65,helo2536,iter,1,0.25
Gwyn_65,mwnci3423,iter,1,0.25
Gwyn_66,giraffe2532,iter,1,0.25
Gwyn_66,helo2534,iter,1,0.25
Gwyn_66,helo2536,iter,1,0.25
Gwyn_66,helo2537,iter,1,0.25
Gwyn_67,adar2522,iter,1,0.25
Gwyn_67,helo2537,iter,1,0.25
Gwyn_68,cwaccwac2527,iter,1,0.25
Gwyn_68,"dau, tri2528",iter,1,0.25
Gwyn_68,"dau, tri2529",iter,1,0.25
Gwyn_68,"dau, tri2530",iter,1,0.25
Gwyn_68,giraffe2532,iter,1,0.25
Gwyn_68,helo2535,iter,1,0.25
Gwyn_68,helo2536,iter,1,0.25
Gwyn_68,tedi3425,iter,1,0.25
Gwyn_69,adar2523,iter,1,0.25
Gwyn_69,"dau, tri2528",iter,1,0.25
Gwyn_69,"dau, tri2530",iter,1,0.25
Gwyn_7,adar2523,iter,1,0.25
Gwyn_7,cwaccwac2527,iter,1,0.25
Gwyn_7,cwaccwac3443,iter,1,0.25
Gwyn_7,"dau, tri2529",iter,1,0.25
Gwyn_7,"dau, tri2530",iter,1,0.25
Gwyn_7,helo2535,iter,1,0.25
Gwyn_7,helo2537,iter,1,0.25
Gwyn_7,mwnci2539,iter,1,0.25
Gwyn_7,mwnci3423,iter,1,0.25
Gwyn_71,adar2522,iter,1,0.25
Gwyn_71,adar2523,iter,1,0.25
Gwyn_71,"dau, tri2528",iter,1,0.25
Gwyn_71,"dau, tri2531",iter,1,0.25
Gwyn_72,babi3409,iter,1,0.25
Gwyn_72,babi3412,iter,1,0.25
Gwyn_72,blodau3414,iter,1,0.25
Gwyn_72,blodau3417,iter,1,0.25
Gwyn_72,blodau3418,iter,1,0.25
Gwyn_73,Bwgan2526,iter,1,0.25
Gwyn_73,Noa1944,iter,1,0.25
Gwyn_73,cwaccwac3443,iter,1,0.25
Gwyn_73,"dau, tri2528",iter,1,0.25
Gwyn_73,"dau, tri2529",iter,1,0.25
Gwyn_73,"dau, tri2530",iter,1,0.25
Gwyn_73,giraffe2532,iter,1,0.25
Gwyn_73,helo2534,iter,1,0.25
Gwyn_73,helo2536,iter,1,0.25
Gwyn_73,helo2537,iter,1,0.25
Gwyn_73,mwnci2539,iter,1,0.25
Gwyn_74,Bwgan2526,iter,1,0.25
Gwyn_74,Noa1944,iter,1,0.25
Gwyn_74,adar2523,iter,1,0.25
Gwyn_74,"dau, tri2530",iter,1,0.25
Gwyn_74,giraffe2532,iter,1,0.25
Gwyn_74,helo2536,iter,1,0.25
Gwyn_74,mwnci3423,iter,1,0.25
Gwyn_76,Lucy1942,iter,1,0.25
Gwyn_76,Lucy1943,iter,1,0.25
Gwyn_76,Noa1944,iter,1,0.25
Gwyn_76,adar2522,iter,1,0.25
Gwyn_76,adar2523,iter,1,0.25
Gwyn_76,"dau, tri2529",iter,1,0.25
Gwyn_76,"dau, tri2530",iter,1,0.25
Gwyn_76,helo2534,iter,1,0.25
Gwyn_76,mwnci2539,iter,1,0.25
Gwyn_76,mwnci3423,iter,1,0.25
Gwyn_76,tedi3425,iter,1,0.25
Gwyn_77,Bwgan2526,iter,1,0.25
Gwyn_77,Lucy1943,iter,1,0.25
Gwyn_77,adar2523,iter,1,0.25
Gwyn_77,blodau3129,iter,1,0.25
Gwyn_77,"dau, tri2530",iter,1,0.25
Gwyn_77,"dau, tri2531",iter,1,0.25
Gwyn_77,giraffe2532,iter,1,0.25
Gwyn_77,helo2534,iter,1,0.25
Gwyn_77,mwnci2539,iter,1,0.25
Gwyn_77,mwnci2540,iter,1,0.25
Gwyn_78,Guto2533,iter,1,0.25
Gwyn_78,Lucy1942,iter,1,0.25
Gwyn_78,adar2522,iter,1,0.25
Gwyn_78,adar2523,iter,1,0.25
Gwyn_78,"dau, tri2528",iter,1,0.25
Gwyn_78,"dau, tri2529",iter,1,0.25
Gwyn_78,"dau, tri2530",iter,1,0.25
Gwyn_78,"dau, tri2531",iter,1,0.25
Gwyn_78,giraffe2532,iter,1,0.25
Gwyn_78,helo2537,iter,1,0.25
Gwyn_78,mwnci3423,iter,1,0.25
Gwyn_79,mwnci2540,iter,1,0.25
Gwyn_79,mwnci2542,iter,1,0.25
Gwyn_79,mwnci2543,iter,1,0.25
Gwyn_8,helo2534,iter,1,0.25
Gwyn_80,Lucy1942,iter,1,0.25
Gwyn_80,adar2522,iter,1,0.25
Gwyn_80,cwaccwac2527,iter,1,0.25
Gwyn_80,eh-oh3421,iter,1,0.25
Gwyn_80,mwnci2540,iter,1,0.25
Gwyn_80,mwnci3423,iter,1,0.25
Gwyn_81,babi3410,iter,1,0.25
Gwyn_81,blodau3414,iter,1,0.25
Gwyn_81,blodau3416,iter,1,0.25
Gwyn_81,blodau3417,iter,1,0.25
Gwyn_81,blodau3418,iter,1,0.25
Gwyn_82,"dau, tri2529",iter,1,0.25
Gwyn_82,"dau, tri2530",iter,1,0.25
Gwyn_83,babi3409,iter,1,0.25
Gwyn_83,babi3410,iter,1,0.25
Gwyn_83,blodau3416,iter,1,0.25
Gwyn_84,blodau2524,iter,1,0.25
Gwyn_84,"dau, tri2529",iter,1,0.25
Gwyn_84,"dau, tri2530",iter,1,0.25
Gwyn_84,"dau, tri2531",iter,1,0.25
Gwyn_85,Lucy1942,iter,1,0.25
Gwyn_85,Noa1944,iter,1,0.25
Gwyn_85,cwaccwac2527,iter,1,0.25
Gwyn_85,"dau, tri2528",iter,1,0.25
Gwyn_85,"dau, tri2529",iter,1,0.25
Gwyn_85,"dau, tri2657",iter,1,0.25
Gwyn_85,giraffe2532,iter,1,0.25
Gwyn_85,helo2534,iter,1,0.25
Gwyn_85,mwnci2540,iter,1,0.25
Gwyn_85,mwnci3423,iter,1,0.25
Gwyn_85,tedi3425,iter,1,0.25
Gwyn_86,babi3411,iter,1,0.25
Gwyn_86,blodau3414,iter,1,0.25
Gwyn_86,blodau3415,iter,1,0.25
Gwyn_86,blodau3416,iter,1,0.25
Gwyn_86,blodau3417,iter,1,0.25
Gwyn_87,Lucy1943,iter,1,0.25
Gwyn_87,Noa1944,iter,1,0.25
Gwyn_87,cwaccwac3443,iter,1,0.25
Gwyn_88,mwnci2539,iter,1,0.25
Gwyn_89,Lucy1942,iter,1,0.25
Gwyn_9,blodau3413,iter,1,0.25
Gwyn_91,Lucy1942,iter,1,0.25
Gwyn_91,Lucy1943,iter,1,0.25
Gwyn_91,Noa1944,iter,1,0.25
Gwyn_91,adar2522,iter,1,0.25
Gwyn_91,blodau2524,iter,1,0.25
Gwyn_91,blodau3129,iter,1,0.25
Gwyn_91,eh-oh3421,iter,1,0.25
Gwyn_91,helo2536,iter,1,0.25
Gwyn_91,lala3444,iter,1,0.25
Gwyn_91,mwnci2539,iter,1,0.25
Gwyn_92,mwnci2542,iter,1,0.25
Gwyn_93,Bwgan2526,iter,1,0.25
Gwyn_93,Lucy1942,iter,1,0.25
Gwyn_93,cwaccwac2527,iter,1,0.25
Gwyn_94,mwnci2540,iter,1,0.25
Gwyn_95,babi3411,iter,1,0.25
Gwyn_95,blodau3415,iter,1,0.25
Gwyn_95,blodau3416,iter,1,0.25
Gwyn_96,Lucy1943,iter,1,0.25
Gwyn_96,"dau, tri2528",iter,1,0.25
Gwyn_96,"dau, tri2531",iter,1,0.25
Gwyn_96,helo2535,iter,1,0.25
Gwyn_96,mwnci2541,iter,1,0.25
Gwyn_97,babi3409,iter,1,0.25
Gwyn_97,blodau3415,iter,1,0.25
Gwyn_97,blodau3417,iter,1,0.25
Gwyn_97,blodau3418,iter,1,0.25
Gwyn_98,Bwgan2526,iter,1,0.25
Gwyn_98,Lucy1942,iter,1,0.25
Gwyn_98,Lucy1943,iter,1,0.25
Gwyn_98,Noa1944,iter,1,0.25
Gwyn_98,cwaccwac2527,iter,1,0.25
Gwyn_99,blodau3414,iter,1,0.25
Gwyn_99,blodau3415,iter,1,0.25
Gwyn_99,blodau3416,iter,1,0.25
Gwyn_99,blodau3418,iter,1,0.25
Haruo_1,all gone2305,iter,1,0.25
Haruo_1,all gone2307,iter,1,0.25
Haruo_1,all gone2309,iter,1,0.25
Haruo_1,byebye2277,iter,1,0.25
Haruo_1,cheers2281,iter,1,0.25
Haruo_1,don't1866,iter,1,0.25
Haruo_1,here2299,iter,1,0.25
Haruo_1,jump2290,iter,1,0.25
Haruo_1,ouch3106,iter,1,0.25
Haruo_1,take off clothes2312,iter,1,0.25
Haruo_1,telephone2286,iter,1,0.25
Haruo_100,all gone2309,iter,1,0.25
Haruo_100,byebye2277,iter,1,0.25
Haruo_100,car2282,iter,1,0.25
Haruo_100,car2283,iter,1,0.25
Haruo_100,car2691,iter,1,0.25
Haruo_100,cheers2280,iter,1,0.25
Haruo_100,cheers2281,iter,1,0.25
Haruo_100,choochoo2313,iter,1,0.25
Haruo_100,foot2275,iter,1,0.25
Haruo_100,juice2292,iter,1,0.25
Haruo_100,jump2289,iter,1,0.25
Haruo_100,jump2290,iter,1,0.25
Haruo_11,all gone2303,iter,1,0.25
Haruo_11,all gone2304,iter,1,0.25
Haruo_11,juice2292,iter,1,0.25
Haruo_11,ouch2910,iter,1,0.25
Haruo_12,I want it2297,iter,1,0.25
Haruo_12,all gone2309,iter,1,0.25
Haruo_12,byebye2277,iter,1,0.25
Haruo_12,car2283,iter,1,0.25
Haruo_12,car2691,iter,1,0.25
Haruo_12,foot2275,iter,1,0.25
Haruo_12,here2298,iter,1,0.25
Haruo_12,juice2292,iter,1,0.25
Haruo_12,jump2290,iter,1,0.25
Haruo_12,ouch2908,iter,1,0.25
Haruo_12,take off clothes2312,iter,1,0.25
Haruo_12,telephone2286,iter,1,0.25
Haruo_13,baby3105,iter,1,0.25
Haruo_13,car2691,iter,1,0.25
Haruo_13,cheers2281,iter,1,0.25
Haruo_13,ouch2909,iter,1,0.25
Haruo_13,telephone2286,iter,1,0.25
Haruo_14,all gone2302,iter,1,0.25
Haruo_14,byebye2277,iter,1,0.25
Haruo_14,car2283,iter,1,0.25
Haruo_14,cheers2281,iter,1,0.25
Haruo_14,foot2275,iter,1,0.25
Haruo_14,hold me2285,iter,1,0.25
Haruo_14,ouch2908,iter,1,0.25
Haruo_14,ouch2909,iter,1,0.25
Haruo_14,shoes3331,iter,1,0.25
Haruo_14,this2300,iter,1,0.25
Haruo_14,where2288,iter,1,0.25
Haruo_15,all gone2305,iter,1,0.25
Haruo_15,all gone2307,iter,1,0.25
Haruo_15,baby3105,iter,1,0.25
Haruo_15,byebye2277,iter,1,0.25
Haruo_15,car2282,iter,1,0.25
Haruo_15,car2691,iter,1,0.25
Haruo_15,car3325,iter,1,0.25
Haruo_15,don't1866,iter,1,0.25
Haruo_15,here2298,iter,1,0.25
Haruo_15,here2299,iter,1,0.25
Haruo_15,ouch2908,iter,1,0.25
Haruo_15,ouch2911,iter,1,0.25
Haruo_15,please2287,iter,1,0.25
Haruo_15,telephone2286,iter,1,0.25
Haruo_16,all gone2311,iter,1,0.25
Haruo_16,take off clothes2312,iter,1,0.25
Haruo_17,all gone2303,iter,1,0.25
Haruo_17,all gone2304,iter,1,0.25
Haruo_17,all gone2306,iter,1,0.25
Haruo_17,all gone2307,iter,1,0.25
Haruo_17,all gone2309,iter,1,0.25
Haruo_17,byebye2277,iter,1,0.25
Haruo_17,don't1866,iter,1,0.25
Haruo_17,here2299,iter,1,0.25
Haruo_17,jump2289,iter,1,0.25
Haruo_17,ouch2908,iter,1,0.25
Haruo_17,ouch2910,iter,1,0.25
Haruo_17,where2288,iter,1,0.25
Haruo_18,I want it2296,iter,1,0.25
Haruo_18,hot3551,iter,1,0.25
Haruo_18,ouch2909,iter,1,0.25
Haruo_19,juice3329,iter,1,0.25
Haruo_19,ouch2908,iter,1,0.25
Haruo_2,all gone2306,iter,1,0.25
Haruo_2,baby3105,iter,1,0.25
Haruo_2,byebye2278,iter,1,0.25
Haruo_2,car2282,iter,1,0.25
Haruo_2,car2283,iter,1,0.25
Haruo_2,cheers2281,iter,1,0.25
Haruo_2,hello1870,iter,1,0.25
Haruo_2,here2298,iter,1,0.25
Haruo_2,juice3328,iter,1,0.25
Haruo_2,this2300,iter,1,0.25
Haruo_2,where2288,iter,1,0.25
Haruo_20,all gone2305,iter,1,0.25
Haruo_20,all gone2307,iter,1,0.25
Haruo_20,all gone2308,iter,1,0.25
Haruo_20,all gone2311,iter,1,0.25
Haruo_20,ouch2908,iter,1,0.25
Haruo_20,ouch3106,iter,1,0.25
Haruo_21,all gone2308,iter,1,0.25
Haruo_21,baby3105,iter,1,0.25
Haruo_21,byebye2277,iter,1,0.25
Haruo_21,car1865,iter,1,0.25
Haruo_21,car2282,iter,1,0.25
Haruo_21,juice2294,iter,1,0.25
Haruo_21,ouch2908,iter,1,0.25
Haruo_21,ouch2910,iter,1,0.25
Haruo_21,this2300,iter,1,0.25
Haruo_21,where2288,iter,1,0.25
Haruo_22,all gone2306,iter,1,0.25
Haruo_22,all gone2308,iter,1,0.25
Haruo_22,all gone2309,iter,1,0.25
Haruo_22,all gone2310,iter,1,0.25
Haruo_22,car2283,iter,1,0.25
Haruo_22,don't1866,iter,1,0.25
Haruo_22,foot2275,iter,1,0.25
Haruo_22,foot2276,iter,1,0.25
Haruo_22,hello1870,iter,1,0.25
Haruo_22,here2299,iter,1,0.25
Haruo_22,ouch2908,iter,1,0.25
Haruo_22,ouch2909,iter,1,0.25
Haruo_23,foot3549,iter,1,0.25
Haruo_25,byebye2277,iter,1,0.25
Haruo_25,car2283,iter,1,0.25
Haruo_25,doggie2315,iter,1,0.25
Haruo_25,jump2290,iter,1,0.25
Haruo_25,mummy2301,iter,1,0.25
Haruo_25,ouch2908,iter,1,0.25
Haruo_25,this2300,iter,1,0.25
Haruo_26,all gone2306,iter,1,0.25
Haruo_26,all gone2307,iter,1,0.25
Haruo_26,all gone2310,iter,1,0.25
Haruo_26,all gone2311,iter,1,0.25
Haruo_27,foot2276,iter,1,0.25
Haruo_28,car3325,iter,1,0.25
Haruo_28,cheers2280,iter,1,0.25
Haruo_28,choochoo2314,iter,1,0.25
Haruo_29,all gone2302,iter,1,0.25
Haruo_29,all gone2307,iter,1,0.25
Haruo_29,all gone2309,iter,1,0.25
Haruo_29,byebye2279,iter,1,0.25
Haruo_29,car2283,iter,1,0.25
Haruo_29,cheers2280,iter,1,0.25
Haruo_29,choochoo2314,iter,1,0.25
Haruo_29,here2299,iter,1,0.25
Haruo_29,juice2292,iter,1,0.25
Haruo_29,ouch2909,iter,1,0.25
Haruo_29,ouch2910,iter,1,0.25
Haruo_29,take off clothes2312,iter,1,0.25
Haruo_29,where2288,iter,1,0.25
Haruo_3,ouch2909,iter,1,0.25
Haruo_3,please2287,iter,1,0.25
Haruo_3,where2288,iter,1,0.25
Haruo_30,foot3549,iter,1,0.25
Haruo_30,ouch2909,iter,1,0.25
Haruo_30,ouch2910,iter,1,0.25
Haruo_31,all gone2302,iter,1,0.25
Haruo_31,all gone2307,iter,1,0.25
Haruo_31,all gone2308,iter,1,0.25
Haruo_31,all gone2311,iter,1,0.25
Haruo_31,cheers2281,iter,1,0.25
Haruo_31,juice2292,iter,1,0.25
Haruo_31,jump2289,iter,1,0.25
Haruo_31,jump2290,iter,1,0.25
Haruo_32,all gone2304,iter,1,0.25
Haruo_32,all gone2307,iter,1,0.25
Haruo_32,all gone2310,iter,1,0.25
Haruo_32,all gone2311,iter,1,0.25
Haruo_32,byebye2277,iter,1,0.25
Haruo_32,car2282,iter,1,0.25
Haruo_32,cheers2281,iter,1,0.25
Haruo_32,foot2275,iter,1,0.25
Haruo_32,foot2276,iter,1,0.25
Haruo_32,jump2290,iter,1,0.25
Haruo_32,ouch2909,iter,1,0.25
Haruo_33,ouch2908,iter,1,0.25
Haruo_33,please2287,iter,1,0.25
Haruo_33,where2288,iter,1,0.25
Haruo_34,juice2292,iter,1,0.25
Haruo_34,juice2295,iter,1,0.25
Haruo_34,where2288,iter,1,0.25
Haruo_35,all gone2302,iter,1,0.25
Haruo_35,all gone2306,iter,1,0.25
Haruo_35,all gone2307,iter,1,0.25
Haruo_35,all gone2309,iter,1,0.25
Haruo_35,byebye2279,iter,1,0.25
Haruo_35,car2283,iter,1,0.25
Haruo_35,cheers2280,iter,1,0.25
Haruo_35,choochoo2313,iter,1,0.25
Haruo_35,choochoo2314,iter,1,0.25
Haruo_35,don't1866,iter,1,0.25
Haruo_35,hot3551,iter,1,0.25
Haruo_35,juice3328,iter,1,0.25
Haruo_35,ouch2911,iter,1,0.25
Haruo_35,this2300,iter,1,0.25
Haruo_36,all gone2302,iter,1,0.25
Haruo_36,all gone2309,iter,1,0.25
Haruo_36,car2691,iter,1,0.25
Haruo_36,cheers2281,iter,1,0.25
Haruo_36,here2298,iter,1,0.25
Haruo_36,here2299,iter,1,0.25
Haruo_36,jump2290,iter,1,0.25
Haruo_36,ouch2908,iter,1,0.25
Haruo_36,telephone2286,iter,1,0.25
Haruo_36,this2300,iter,1,0.25
Haruo_36,where2288,iter,1,0.25
Haruo_37,jump2290,iter,1,0.25
Haruo_38,all gone2305,iter,1,0.25
Haruo_38,all gone2309,iter,1,0.25
Haruo_38,all gone2311,iter,1,0.25
Haruo_38,byebye2279,iter,1,0.25
Haruo_38,car2282,iter,1,0.25
Haruo_38,car2283,iter,1,0.25
Haruo_38,car3325,iter,1,0.25
Haruo_38,doggie2315,iter,1,0.25
Haruo_38,don't1866,iter,1,0.25
Haruo_38,foot2276,iter,1,0.25
Haruo_39,all gone2306,iter,1,0.25
Haruo_39,juice2293,iter,1,0.25
Haruo_4,all gone2303,iter,1,0.25
Haruo_4,all gone2305,iter,1,0.25
Haruo_4,all gone2306,iter,1,0.25
Haruo_4,all gone2309,iter,1,0.25
Haruo_4,all gone2310,iter,1,0.25
Haruo_4,all gone2311,iter,1,0.25
Haruo_4,all gone2648,iter,1,0.25
Haruo_4,take off clothes2312,iter,1,0.25
Haruo_40,hot3550,iter,1,0.25
Haruo_40,ouch2908,iter,1,0.25
Haruo_40,ouch2909,iter,1,0.25
Haruo_40,ouch2910,iter,1,0.25
Haruo_41,all gone2307,iter,1,0.25
Haruo_41,all gone2308,iter,1,0.25
Haruo_41,all gone2311,iter,1,0.25
Haruo_42,I want it2297,iter,1,0.25
Haruo_42,byebye2278,iter,1,0.25
Haruo_42,car1865,iter,1,0.25
Haruo_42,cheers2281,iter,1,0.25
Haruo_42,choochoo2313,iter,1,0.25
Haruo_42,foot2276,iter,1,0.25
Haruo_42,foot3549,iter,1,0.25
Haruo_42,hot3550,iter,1,0.25
Haruo_42,jump2290,iter,1,0.25
Haruo_42,mummy2301,iter,1,0.25
Haruo_42,ouch2909,iter,1,0.25
Haruo_42,ouch2910,iter,1,0.25
Haruo_42,ouch2911,iter,1,0.25
Haruo_42,take off clothes2312,iter,1,0.25
Haruo_42,where2288,iter,1,0.25
Haruo_43,byebye2279,iter,1,0.25
Haruo_44,all gone2306,iter,1,0.25
Haruo_44,all gone2308,iter,1,0.25
Haruo_44,all gone2648,iter,1,0.25
Haruo_45,juice2292,iter,1,0.25
Haruo_46,byebye2278,iter,1,0.25
Haruo_46,cheers2280,iter,1,0.25
Haruo_47,all gone2307,iter,1,0.25
Haruo_47,byebye2278,iter,1,0.25
Haruo_47,car1865,iter,1,0.25
Haruo_47,car2282,iter,1,0.25
Haruo_47,choochoo2314,iter,1,0.25
Haruo_47,don't1866,iter,1,0.25
Haruo_47,where2288,iter,1,0.25
Haruo_48,I want it2297,iter,1,0.25
Haruo_48,all gone2307,iter,1,0.25
Haruo_48,all gone2308,iter,1,0.25
Haruo_48,car1865,iter,1,0.25
Haruo_48,cheers2280,iter,1,0.25
Haruo_48,choochoo2314,iter,1,0.25
Haruo_48,foot3549,iter,1,0.25
Haruo_48,hello1870,iter,1,0.25
Haruo_48,juice3329,iter,1,0.25
Haruo_48,jump2290,iter,1,0.25
Haruo_48,ouch2909,iter,1,0.25
Haruo_48,ouch2911,iter,1,0.25
Haruo_48,telephone2286,iter,1,0.25
Haruo_48,this2300,iter,1,0.25
Haruo_48,where2288,iter,1,0.25
Haruo_49,byebye2279,iter,1,0.25
Haruo_49,don't1866,iter,1,0.25
Haruo_49,mummy2301,iter,1,0.25
Haruo_5,all gone2309,iter,1,0.25
Haruo_5,byebye2278,iter,1,0.25
Haruo_5,car2691,iter,1,0.25
Haruo_5,hello1870,iter,1,0.25
Haruo_5,juice2292,iter,1,0.25
Haruo_5,jump2289,iter,1,0.25
Haruo_5,jump2290,iter,1,0.25
Haruo_5,jump3327,iter,1,0.25
Haruo_5,take off clothes2312,iter,1,0.25
Haruo_5,this2300,iter,1,0.25
Haruo_50,byebye2277,iter,1,0.25
Haruo_50,car2691,iter,1,0.25
Haruo_50,cheers2280,iter,1,0.25
Haruo_50,choochoo2313,iter,1,0.25
Haruo_50,don't1866,iter,1,0.25
Haruo_50,here2298,iter,1,0.25
Haruo_50,juice2292,iter,1,0.25
Haruo_50,jump2290,iter,1,0.25
Haruo_50,ouch2908,iter,1,0.25
Haruo_50,take off clothes2312,iter,1,0.25
Haruo_50,where2288,iter,1,0.25
Haruo_51,all gone2302,iter,1,0.25
Haruo_51,all gone2305,iter,1,0.25
Haruo_51,all gone2306,iter,1,0.25
Haruo_51,all gone2307,iter,1,0.25
Haruo_51,byebye2277,iter,1,0.25
Haruo_51,byebye2279,iter,1,0.25
Haruo_51,car1865,iter,1,0.25
Haruo_51,choochoo2314,iter,1,0.25
Haruo_51,don't1866,iter,1,0.25
Haruo_51,foot2276,iter,1,0.25
Haruo_51,juice3328,iter,1,0.25
Haruo_51,take off clothes2312,iter,1,0.25
Haruo_52,all gone2307,iter,1,0.25
Haruo_52,all gone2311,iter,1,0.25
Haruo_52,baby3105,iter,1,0.25
Haruo_52,car1865,iter,1,0.25
Haruo_52,car2691,iter,1,0.25
Haruo_52,cheers2280,iter,1,0.25
Haruo_52,choochoo2314,iter,1,0.25
Haruo_52,here2298,iter,1,0.25
Haruo_52,juice3328,iter,1,0.25
Haruo_52,jump2289,iter,1,0.25
Haruo_52,please2287,iter,1,0.25
Haruo_52,this2300,iter,1,0.25
Haruo_53,I want it2296,iter,1,0.25
Haruo_53,all gone2309,iter,1,0.25
Haruo_53,byebye2278,iter,1,0.25
Haruo_53,car1865,iter,1,0.25
Haruo_53,car2283,iter,1,0.25
Haruo_53,car2691,iter,1,0.25
Haruo_53,cheers2280,iter,1,0.25
Haruo_53,cheers2281,iter,1,0.25
Haruo_53,hold me2285,iter,1,0.25
Haruo_53,juice2292,iter,1,0.25
Haruo_53,ouch2909,iter,1,0.25
Haruo_53,shoes3331,iter,1,0.25
Haruo_53,take off clothes2312,iter,1,0.25
Haruo_53,this2300,iter,1,0.25
Haruo_54,all gone2302,iter,1,0.25
Haruo_54,choochoo2313,iter,1,0.25
Haruo_54,don't1866,iter,1,0.25
Haruo_54,foot2275,iter,1,0.25
Haruo_54,foot2276,iter,1,0.25
Haruo_54,hello1870,iter,1,0.25
Haruo_54,here2299,iter,1,0.25
Haruo_54,mummy2301,iter,1,0.25
Haruo_54,ouch2908,iter,1,0.25
Haruo_54,ouch2909,iter,1,0.25
Haruo_54,ouch2911,iter,1,0.25
Haruo_54,take off clothes2312,iter,1,0.25
Haruo_54,where2288,iter,1,0.25
Haruo_55,ouch2910,iter,1,0.25
Haruo_55,ouch2911,iter,1,0.25
Haruo_56,I want it2297,iter,1,0.25
Haruo_56,byebye2277,iter,1,0.25
Haruo_56,car1865,iter,1,0.25
Haruo_56,choochoo2313,iter,1,0.25
Haruo_56,choochoo2314,iter,1,0.25
Haruo_56,foot2275,iter,1,0.25
Haruo_56,here2299,iter,1,0.25
Haruo_56,juice2292,iter,1,0.25
Haruo_56,juice2293,iter,1,0.25
Haruo_56,juice2295,iter,1,0.25
Haruo_56,jump2290,iter,1,0.25
Haruo_56,ouch2910,iter,1,0.25
Haruo_56,shoes3330,iter,1,0.25
Haruo_56,where2288,iter,1,0.25
Haruo_58,all gone2302,iter,1,0.25
Haruo_58,all gone2306,iter,1,0.25
Haruo_58,car1865,iter,1,0.25
Haruo_58,car3325,iter,1,0.25
Haruo_58,cheers2281,iter,1,0.25
Haruo_58,here2299,iter,1,0.25
Haruo_58,juice2292,iter,1,0.25
Haruo_58,jump2289,iter,1,0.25
Haruo_58,ouch2909,iter,1,0.25
Haruo_58,take off clothes2312,iter,1,0.25
Haruo_59,all gone2307,iter,1,0.25
Haruo_59,byebye2277,iter,1,0.25
Haruo_59,car1865,iter,1,0.25
Haruo_59,car2283,iter,1,0.25
Haruo_59,car2691,iter,1,0.25
Haruo_59,cheers2280,iter,1,0.25
Haruo_59,cheers2281,iter,1,0.25
Haruo_59,don't1866,iter,1,0.25
Haruo_59,hello1870,iter,1,0.25
Haruo_59,jump2289,iter,1,0.25
Haruo_59,ouch2908,iter,1,0.25
Haruo_59,this2300,iter,1,0.25
Haruo_59,where2288,iter,1,0.25
Haruo_6,foot3549,iter,1,0.25
Haruo_6,hot3550,iter,1,0.25
Haruo_60,all gone2303,iter,1,0.25
Haruo_60,all gone2311,iter,1,0.25
Haruo_60,car2282,iter,1,0.25
Haruo_60,car2283,iter,1,0.25
Haruo_60,jump2289,iter,1,0.25
Haruo_60,ouch2910,iter,1,0.25
Haruo_60,telephone2286,iter,1,0.25
Haruo_60,this2300,iter,1,0.25
Haruo_60,where2288,iter,1,0.25
Haruo_61,all gone2308,iter,1,0.25
Haruo_61,car2691,iter,1,0.25
Haruo_61,cheers2281,iter,1,0.25
Haruo_61,choochoo2313,iter,1,0.25
Haruo_61,hello1870,iter,1,0.25
Haruo_61,here2298,iter,1,0.25
Haruo_61,here2299,iter,1,0.25
Haruo_61,juice2292,iter,1,0.25
Haruo_61,juice2295,iter,1,0.25
Haruo_61,juice3328,iter,1,0.25
Haruo_61,jump2289,iter,1,0.25
Haruo_61,ouch2911,iter,1,0.25
Haruo_61,where2288,iter,1,0.25
Haruo_62,all gone2306,iter,1,0.25
Haruo_62,byebye2277,iter,1,0.25
Haruo_62,car2282,iter,1,0.25
Haruo_62,choochoo2313,iter,1,0.25
Haruo_62,don't1866,iter,1,0.25
Haruo_62,here2298,iter,1,0.25
Haruo_62,hold me3326,iter,1,0.25
Haruo_62,ouch2908,iter,1,0.25
Haruo_62,ouch2909,iter,1,0.25
Haruo_62,shoes3330,iter,1,0.25
Haruo_62,this2300,iter,1,0.25
Haruo_62,where2288,iter,1,0.25
Haruo_63,I want it2297,iter,1,0.25
Haruo_63,all gone2307,iter,1,0.25
Haruo_63,byebye2279,iter,1,0.25
Haruo_63,car2282,iter,1,0.25
Haruo_63,foot2276,iter,1,0.25
Haruo_63,here2299,iter,1,0.25
Haruo_63,juice2292,iter,1,0.25
Haruo_63,ouch2910,iter,1,0.25
Haruo_63,take off clothes2312,iter,1,0.25
Haruo_63,where2288,iter,1,0.25
Haruo_64,telephone2286,iter,1,0.25
Haruo_65,all gone2302,iter,1,0.25
Haruo_65,all gone2306,iter,1,0.25
Haruo_65,all gone2307,iter,1,0.25
Haruo_65,baby3105,iter,1,0.25
Haruo_65,byebye2277,iter,1,0.25
Haruo_65,cheers2281,iter,1,0.25
Haruo_65,hello1870,iter,1,0.25
Haruo_65,juice2295,iter,1,0.25
Haruo_65,jump2290,iter,1,0.25
Haruo_65,jump3327,iter,1,0.25
Haruo_65,mummy2301,iter,1,0.25
Haruo_65,ouch2909,iter,1,0.25
Haruo_65,telephone2286,iter,1,0.25
Haruo_65,where2288,iter,1,0.25
Haruo_66,all gone2302,iter,1,0.25
Haruo_66,all gone2303,iter,1,0.25
Haruo_66,all gone2309,iter,1,0.25
Haruo_66,all gone2648,iter,1,0.25
Haruo_66,byebye2277,iter,1,0.25
Haruo_66,car2282,iter,1,0.25
Haruo_66,car2691,iter,1,0.25
Haruo_66,juice2292,iter,1,0.25
Haruo_66,jump2289,iter,1,0.25
Haruo_66,jump2290,iter,1,0.25
Haruo_66,ouch2910,iter,1,0.25
Haruo_66,ouch2911,iter,1,0.25
Haruo_66,please2287,iter,1,0.25
Haruo_66,this2300,iter,1,0.25
Haruo_67,I want it2296,iter,1,0.25
Haruo_67,hot3552,iter,1,0.25
Haruo_67,ouch2909,iter,1,0.25
Haruo_69,don't1866,iter,1,0.25
Haruo_69,jump2290,iter,1,0.25
Haruo_69,mummy2301,iter,1,0.25
Haruo_69,ouch2911,iter,1,0.25
Haruo_69,telephone2286,iter,1,0.25
Haruo_69,this2300,iter,1,0.25
Haruo_70,all gone2303,iter,1,0.25
Haruo_70,all gone2308,iter,1,0.25
Haruo_70,car1865,iter,1,0.25
Haruo_70,car2282,iter,1,0.25
Haruo_70,foot2276,iter,1,0.25
Haruo_70,here2299,iter,1,0.25
Haruo_70,ouch2908,iter,1,0.25
Haruo_70,ouch2909,iter,1,0.25
Haruo_70,ouch3106,iter,1,0.25
Haruo_70,telephone2286,iter,1,0.25
Haruo_70,where2288,iter,1,0.25
Haruo_71,all gone2303,iter,1,0.25
Haruo_71,all gone2304,iter,1,0.25
Haruo_71,all gone2308,iter,1,0.25
Haruo_71,all gone2310,iter,1,0.25
Haruo_71,car1865,iter,1,0.25
Haruo_71,hello1870,iter,1,0.25
Haruo_71,here2299,iter,1,0.25
Haruo_71,ouch2908,iter,1,0.25
Haruo_71,ouch2910,iter,1,0.25
Haruo_71,this2300,iter,1,0.25
Haruo_72,foot2275,iter,1,0.25
Haruo_73,byebye2277,iter,1,0.25
Haruo_73,car2282,iter,1,0.25
Haruo_73,car2283,iter,1,0.25
Haruo_73,cheers2281,iter,1,0.25
Haruo_73,choochoo2314,iter,1,0.25
Haruo_73,foot2275,iter,1,0.25
Haruo_73,here2298,iter,1,0.25
Haruo_73,here2299,iter,1,0.25
Haruo_73,hold me3326,iter,1,0.25
Haruo_73,juice2292,iter,1,0.25
Haruo_73,ouch2909,iter,1,0.25
Haruo_73,shoes3330,iter,1,0.25
Haruo_74,car3325,iter,1,0.25
Haruo_74,cheers2280,iter,1,0.25
Haruo_74,telephone2286,iter,1,0.25
Haruo_75,all gone2305,iter,1,0.25
Haruo_75,all gone2311,iter,1,0.25
Haruo_75,all gone2648,iter,1,0.25
Haruo_75,car2283,iter,1,0.25
Haruo_75,cheers2280,iter,1,0.25
Haruo_75,cheers2281,iter,1,0.25
Haruo_75,choochoo2314,iter,1,0.25
Haruo_75,juice2292,iter,1,0.25
Haruo_75,take off clothes2312,iter,1,0.25
Haruo_76,all gone2306,iter,1,0.25
Haruo_76,all gone2307,iter,1,0.25
Haruo_76,baby3105,iter,1,0.25
Haruo_76,byebye2278,iter,1,0.25
Haruo_76,byebye2279,iter,1,0.25
Haruo_76,car1865,iter,1,0.25
Haruo_76,car2283,iter,1,0.25
Haruo_76,car2691,iter,1,0.25
Haruo_76,cheers2280,iter,1,0.25
Haruo_76,hello1870,iter,1,0.25
Haruo_76,here2299,iter,1,0.25
Haruo_76,jump2290,iter,1,0.25
Haruo_76,ouch3106,iter,1,0.25
Haruo_76,where2288,iter,1,0.25
Haruo_77,all gone2308,iter,1,0.25
Haruo_77,all gone2310,iter,1,0.25
Haruo_77,byebye2277,iter,1,0.25
Haruo_77,cheers2280,iter,1,0.25
Haruo_77,don't1866,iter,1,0.25
Haruo_77,juice2292,iter,1,0.25
Haruo_77,jump2289,iter,1,0.25
Haruo_77,jump2290,iter,1,0.25
Haruo_77,ouch2908,iter,1,0.25
Haruo_77,ouch2911,iter,1,0.25
Haruo_77,ouch3106,iter,1,0.25
Haruo_77,this2300,iter,1,0.25
Haruo_78,all gone2302,iter,1,0.25
Haruo_78,all gone2306,iter,1,0.25
Haruo_78,all gone2308,iter,1,0.25
Haruo_78,all gone2309,iter,1,0.25
Haruo_78,byebye2277,iter,1,0.25
Haruo_78,byebye2278,iter,1,0.25
Haruo_78,car1865,iter,1,0.25
Haruo_78,car2282,iter,1,0.25
Haruo_78,cheers2280,iter,1,0.25
Haruo_78,don't1866,iter,1,0.25
Haruo_78,juice2294,iter,1,0.25
Haruo_78,jump2289,iter,1,0.25
Haruo_78,take off clothes2312,iter,1,0.25
Haruo_8,all gone2307,iter,1,0.25
Haruo_8,byebye2277,iter,1,0.25
Haruo_8,car3325,iter,1,0.25
Haruo_8,cheers2280,iter,1,0.25
Haruo_8,don't1866,iter,1,0.25
Haruo_8,here2299,iter,1,0.25
Haruo_8,jump3327,iter,1,0.25
Haruo_8,ouch2909,iter,1,0.25
Haruo_8,ouch2910,iter,1,0.25
Haruo_8,where2288,iter,1,0.25
Haruo_80,I want it2297,iter,1,0.25
Haruo_80,all gone2306,iter,1,0.25
Haruo_80,all gone2307,iter,1,0.25
Haruo_80,all gone2311,iter,1,0.25
Haruo_80,car1865,iter,1,0.25
Haruo_80,choochoo2313,iter,1,0.25
Haruo_80,choochoo2314,iter,1,0.25
Haruo_80,don't1866,iter,1,0.25
Haruo_80,foot2275,iter,1,0.25
Haruo_80,hello1870,iter,1,0.25
Haruo_80,juice3328,iter,1,0.25
Haruo_80,jump2290,iter,1,0.25
Haruo_80,take off clothes2312,iter,1,0.25
Haruo_81,all gone2302,iter,1,0.25
Haruo_81,all gone2309,iter,1,0.25
Haruo_81,car2282,iter,1,0.25
Haruo_81,car2283,iter,1,0.25
Haruo_81,cheers2280,iter,1,0.25
Haruo_81,cheers2281,iter,1,0.25
Haruo_81,foot2275,iter,1,0.25
Haruo_81,foot2276,iter,1,0.25
Haruo_81,hello1870,iter,1,0.25
Haruo_81,ouch2911,iter,1,0.25
Haruo_82,all gone2305,iter,1,0.25
Haruo_82,all gone2308,iter,1,0.25
Haruo_82,all gone2311,iter,1,0.25
Haruo_82,car2282,iter,1,0.25
Haruo_82,cheers2280,iter,1,0.25
Haruo_82,cheers2281,iter,1,0.25
Haruo_82,choochoo2314,iter,1,0.25
Haruo_82,here2299,iter,1,0.25
Haruo_82,jump2289,iter,1,0.25
Haruo_82,jump2290,iter,1,0.25
Haruo_82,ouch2908,iter,1,0.25
Haruo_82,ouch2911,iter,1,0.25
Haruo_82,take off clothes2312,iter,1,0.25
Haruo_82,this2300,iter,1,0.25
Haruo_83,all gone2302,iter,1,0.25
Haruo_83,all gone2305,iter,1,0.25
Haruo_83,all gone2306,iter,1,0.25
Haruo_83,all gone2307,iter,1,0.25
Haruo_83,all gone2311,iter,1,0.25
Haruo_83,baby3105,iter,1,0.25
Haruo_83,byebye2279,iter,1,0.25
Haruo_83,car2283,iter,1,0.25
Haruo_83,car2691,iter,1,0.25
Haruo_83,choochoo2313,iter,1,0.25
Haruo_83,hello1870,iter,1,0.25
Haruo_83,take off clothes2312,iter,1,0.25
Haruo_84,jump1867,iter,1,0.25
Haruo_85,all gone2307,iter,1,0.25
Haruo_85,all gone2311,iter,1,0.25
Haruo_85,foot2276,iter,1,0.25
Haruo_85,ouch2908,iter,1,0.25
Haruo_85,ouch2909,iter,1,0.25
Haruo_86,I want it2296,iter,1,0.25
Haruo_86,foot3549,iter,1,0.25
Haruo_86,ouch2908,iter,1,0.25
Haruo_86,ouch2909,iter,1,0.25
Haruo_87,all gone2303,iter,1,0.25
Haruo_87,all gone2306,iter,1,0.25
Haruo_87,all gone2307,iter,1,0.25
Haruo_87,all gone2308,iter,1,0.25
Haruo_87,all gone2311,iter,1,0.25
Haruo_87,all gone2648,iter,1,0.25
Haruo_87,byebye2277,iter,1,0.25
Haruo_87,car1865,iter,1,0.25
Haruo_87,foot2275,iter,1,0.25
Haruo_87,here2299,iter,1,0.25
Haruo_87,ouch2908,iter,1,0.25
Haruo_87,ouch2910,iter,1,0.25
Haruo_87,please2287,iter,1,0.25
Haruo_87,take off clothes2312,iter,1,0.25
Haruo_88,byebye2277,iter,1,0.25
Haruo_88,byebye2278,iter,1,0.25
Haruo_88,car1865,iter,1,0.25
Haruo_88,car2282,iter,1,0.25
Haruo_88,car2691,iter,1,0.25
Haruo_88,foot2276,iter,1,0.25
Haruo_88,here2299,iter,1,0.25
Haruo_88,ouch2908,iter,1,0.25
Haruo_88,ouch2909,iter,1,0.25
Haruo_88,this2300,iter,1,0.25
Haruo_89,all gone2305,iter,1,0.25
Haruo_89,all gone2307,iter,1,0.25
Haruo_89,byebye2277,iter,1,0.25
Haruo_89,byebye2279,iter,1,0.25
Haruo_89,car2282,iter,1,0.25
Haruo_89,car2283,iter,1,0.25
Haruo_89,car2691,iter,1,0.25
Haruo_89,here2298,iter,1,0.25
Haruo_89,juice3328,iter,1,0.25
Haruo_89,mummy2301,iter,1,0.25
Haruo_89,this2300,iter,1,0.25
Haruo_90,all gone2306,iter,1,0.25
Haruo_90,all gone2648,iter,1,0.25
Haruo_90,byebye2278,iter,1,0.25
Haruo_90,cheers2281,iter,1,0.25
Haruo_90,don't1866,iter,1,0.25
Haruo_90,here2298,iter,1,0.25
Haruo_90,here2299,iter,1,0.25
Haruo_90,jump2289,iter,1,0.25
Haruo_90,ouch2908,iter,1,0.25
Haruo_90,ouch2911,iter,1,0.25
Haruo_90,take off clothes2312,iter,1,0.25
Haruo_90,this2300,iter,1,0.25
Haruo_90,where2288,iter,1,0.25
Haruo_91,all gone2308,iter,1,0.25
Haruo_91,all gone2309,iter,1,0.25
Haruo_91,all gone2311,iter,1,0.25
Haruo_91,all gone2648,iter,1,0.25
Haruo_91,byebye2277,iter,1,0.25
Haruo_91,car2282,iter,1,0.25
Haruo_91,car2283,iter,1,0.25
Haruo_91,don't1866,iter,1,0.25
Haruo_91,hello1870,iter,1,0.25
Haruo_91,jump2290,iter,1,0.25
Haruo_92,all gone2302,iter,1,0.25
Haruo_92,all gone2306,iter,1,0.25
Haruo_92,all gone2307,iter,1,0.25
Haruo_92,all gone2310,iter,1,0.25
Haruo_92,all gone2648,iter,1,0.25
Haruo_92,cheers2280,iter,1,0.25
Haruo_92,choochoo2313,iter,1,0.25
Haruo_92,choochoo2314,iter,1,0.25
Haruo_92,jump2290,iter,1,0.25
Haruo_92,ouch2910,iter,1,0.25
Haruo_92,take off clothes2312,iter,1,0.25
Haruo_93,foot2275,iter,1,0.25
Haruo_93,here2298,iter,1,0.25
Haruo_93,this2300,iter,1,0.25
Haruo_94,all gone2306,iter,1,0.25
Haruo_94,here2298,iter,1,0.25
Haruo_94,here2299,iter,1,0.25
Haruo_94,juice3329,iter,1,0.25
Haruo_94,ouch2909,iter,1,0.25
Haruo_94,ouch2910,iter,1,0.25
Haruo_95,all gone2303,iter,1,0.25
Haruo_95,all gone2307,iter,1,0.25
Haruo_95,all gone2648,iter,1,0.25
Haruo_95,byebye2277,iter,1,0.25
Haruo_95,foot2275,iter,1,0.25
Haruo_95,ouch2909,iter,1,0.25
Haruo_95,ouch2910,iter,1,0.25
Haruo_95,take off clothes2312,iter,1,0.25
Haruo_95,telephone2286,iter,1,0.25
Haruo_96,all gone2308,iter,1,0.25
Haruo_96,cheers2280,iter,1,0.25
Haruo_96,cheers2281,iter,1,0.25
Haruo_96,foot2275,iter,1,0.25
Haruo_96,here2299,iter,1,0.25
Haruo_96,juice2292,iter,1,0.25
Haruo_96,juice3328,iter,1,0.25
Haruo_96,ouch2908,iter,1,0.25
Haruo_96,ouch2910,iter,1,0.25
Haruo_97,all gone2302,iter,1,0.25
Haruo_97,byebye2277,iter,1,0.25
Haruo_97,car3325,iter,1,0.25
Haruo_97,cheers2280,iter,1,0.25
Haruo_97,choochoo2313,iter,1,0.25
Haruo_97,choochoo2314,iter,1,0.25
Haruo_97,foot2276,iter,1,0.25
Haruo_97,juice3328,iter,1,0.25
Haruo_97,take off clothes2312,iter,1,0.25
Haruo_98,juice2292,iter,1,0.25
Haruo_98,ouch2909,iter,1,0.25
Haruo_99,hot3552,iter,1,0.25
Haruo_99,juice3329,iter,1,0.25
Haruo_99,ouch2908,iter,1,0.25
Haruo_99,ouch2910,iter,1,0.25
Hiromi_1,Barney1844,iter,1,0.25
Hiromi_1,cake2185,iter,1,0.25
Hiromi_1,"car, vroom2180",iter,1,0.25
Hiromi_1,"car, vroom3280",iter,1,0.25
Hiromi_1,daddy2212,iter,1,0.25
Hiromi_1,ear2201,iter,1,0.25
Hiromi_1,foot2894,iter,1,0.25
Hiromi_1,foot2895,iter,1,0.25
Hiromi_1,mom2197,iter,1,0.25
Hiromi_1,mom2198,iter,1,0.25
Hiromi_1,mom2199,iter,1,0.25
Hiromi_1,neko 'cat2203,iter,1,0.25
Hiromi_1,panda1855,iter,1,0.25
Hiromi_1,this2189,iter,1,0.25
Hiromi_1,this2191,iter,1,0.25
Hiromi_10,ball1846,iter,1,0.25
Hiromi_10,"car, vroom3280",iter,1,0.25
Hiromi_10,cute1848,iter,1,0.25
Hiromi_10,daddy2214,iter,1,0.25
Hiromi_10,ear2201,iter,1,0.25
Hiromi_10,hippopotamus2182,iter,1,0.25
Hiromi_10,jump-jump2216,iter,1,0.25
Hiromi_10,mom2194,iter,1,0.25
Hiromi_10,mom2195,iter,1,0.25
Hiromi_10,neko 'cat2204,iter,1,0.25
Hiromi_10,neko 'cat2205,iter,1,0.25
Hiromi_10,neko 'cat2206,iter,1,0.25
Hiromi_10,this1850,iter,1,0.25
Hiromi_10,this1851,iter,1,0.25
Hiromi_10,this1853,iter,1,0.25
Hiromi_100,baby2179,iter,1,0.25
Hiromi_100,ball1846,iter,1,0.25
Hiromi_100,cake2186,iter,1,0.25
Hiromi_100,cake2187,iter,1,0.25
Hiromi_100,cute1849,iter,1,0.25
Hiromi_100,ear2200,iter,1,0.25
Hiromi_100,ear2201,iter,1,0.25
Hiromi_100,ear2202,iter,1,0.25
Hiromi_100,foot2894,iter,1,0.25
Hiromi_100,neko 'cat2205,iter,1,0.25
Hiromi_100,neko 'cat2206,iter,1,0.25
Hiromi_100,panda1854,iter,1,0.25
Hiromi_100,panda1856,iter,1,0.25
Hiromi_100,this1851,iter,1,0.25
Hiromi_100,this1853,iter,1,0.25
Hiromi_100,turtle2184,iter,1,0.25
Hiromi_11,cute1848,iter,1,0.25
Hiromi_11,daddy2208,iter,1,0.25
Hiromi_11,ear2200,iter,1,0.25
Hiromi_11,ear2202,iter,1,0.25
Hiromi_11,foot2894,iter,1,0.25
Hiromi_11,hippopotamus2182,iter,1,0.25
Hiromi_11,mom2198,iter,1,0.25
Hiromi_11,neko 'cat2203,iter,1,0.25
Hiromi_11,neko 'cat2204,iter,1,0.25
Hiromi_11,neko 'cat2207,iter,1,0.25
Hiromi_11,panda1855,iter,1,0.25
Hiromi_11,this2189,iter,1,0.25
Hiromi_11,this2190,iter,1,0.25
Hiromi_11,this2191,iter,1,0.25
Hiromi_11,this2192,iter,1,0.25
Hiromi_12,ball1846,iter,1,0.25
Hiromi_12,cute1849,iter,1,0.25
Hiromi_12,daddy2208,iter,1,0.25
Hiromi_12,daddy2209,iter,1,0.25
Hiromi_12,daddy2211,iter,1,0.25
Hiromi_12,daddy2212,iter,1,0.25
Hiromi_12,daddy2214,iter,1,0.25
Hiromi_12,ear2200,iter,1,0.25
Hiromi_12,hippopotamus2182,iter,1,0.25
Hiromi_12,mom2194,iter,1,0.25
Hiromi_12,mom2195,iter,1,0.25
Hiromi_12,mom2197,iter,1,0.25
Hiromi_12,neko 'cat2207,iter,1,0.25
Hiromi_12,panda1854,iter,1,0.25
Hiromi_12,this1850,iter,1,0.25
Hiromi_12,this2189,iter,1,0.25
Hiromi_12,this2193,iter,1,0.25
Hiromi_13,cake2185,iter,1,0.25
Hiromi_13,"car, vroom2180",iter,1,0.25
Hiromi_13,daddy2210,iter,1,0.25
Hiromi_13,daddy2213,iter,1,0.25
Hiromi_13,daddy2214,iter,1,0.25
Hiromi_13,duck2183,iter,1,0.25
Hiromi_13,ear2200,iter,1,0.25
Hiromi_13,ear2201,iter,1,0.25
Hiromi_13,hippopotamus2182,iter,1,0.25
Hiromi_13,mom2194,iter,1,0.25
Hiromi_13,mom2197,iter,1,0.25
Hiromi_13,panda1854,iter,1,0.25
Hiromi_13,panda1855,iter,1,0.25
Hiromi_13,this1851,iter,1,0.25
Hiromi_13,this2190,iter,1,0.25
Hiromi_13,turtle2184,iter,1,0.25
Hiromi_14,baby2179,iter,1,0.25
Hiromi_14,"car, vroom2180",iter,1,0.25
Hiromi_14,cute1848,iter,1,0.25
Hiromi_14,cute1849,iter,1,0.25
Hiromi_14,daddy2213,iter,1,0.25
Hiromi_14,ear2200,iter,1,0.25
Hiromi_14,hippopotamus2182,iter,1,0.25
Hiromi_14,neko 'cat2203,iter,1,0.25
Hiromi_14,neko 'cat2204,iter,1,0.25
Hiromi_14,panda1856,iter,1,0.25
Hiromi_14,this1851,iter,1,0.25
Hiromi_14,this2190,iter,1,0.25
Hiromi_14,this2191,iter,1,0.25
Hiromi_14,this2192,iter,1,0.25
Hiromi_14,turtle2184,iter,1,0.25
Hiromi_15,Barney1844,iter,1,0.25
Hiromi_15,ball1846,iter,1,0.25
Hiromi_15,cake2185,iter,1,0.25
Hiromi_15,cute1848,iter,1,0.25
Hiromi_15,hippopotamus2182,iter,1,0.25
Hiromi_15,mom2194,iter,1,0.25
Hiromi_15,mom2199,iter,1,0.25
Hiromi_15,neko 'cat2203,iter,1,0.25
Hiromi_15,neko 'cat2205,iter,1,0.25
Hiromi_15,neko 'cat2206,iter,1,0.25
Hiromi_15,panda1854,iter,1,0.25
Hiromi_15,sleep3283,iter,1,0.25
Hiromi_15,sleep3284,iter,1,0.25
Hiromi_15,this1851,iter,1,0.25
Hiromi_15,this1852,iter,1,0.25
Hiromi_16,Barney1844,iter,1,0.25
Hiromi_16,ball1846,iter,1,0.25
Hiromi_16,cake2185,iter,1,0.25
Hiromi_16,cute1849,iter,1,0.25
Hiromi_16,daddy2211,iter,1,0.25
Hiromi_16,daddy2214,iter,1,0.25
Hiromi_16,mom2194,iter,1,0.25
Hiromi_16,mom2196,iter,1,0.25
Hiromi_16,mom2197,iter,1,0.25
Hiromi_16,mom2199,iter,1,0.25
Hiromi_16,neko 'cat2205,iter,1,0.25
Hiromi_16,neko 'cat2207,iter,1,0.25
Hiromi_16,panda1854,iter,1,0.25
Hiromi_16,panda1856,iter,1,0.25
Hiromi_16,this1850,iter,1,0.25
Hiromi_16,this1852,iter,1,0.25
Hiromi_16,this2189,iter,1,0.25
Hiromi_16,this2191,iter,1,0.25
Hiromi_17,ball1845,iter,1,0.25
Hiromi_17,ball1846,iter,1,0.25
Hiromi_17,cake2186,iter,1,0.25
Hiromi_17,cake2187,iter,1,0.25
Hiromi_17,cute1848,iter,1,0.25
Hiromi_17,daddy2208,iter,1,0.25
Hiromi_17,daddy2211,iter,1,0.25
Hiromi_17,daddy2212,iter,1,0.25
Hiromi_17,ear2200,iter,1,0.25
Hiromi_17,foot2895,iter,1,0.25
Hiromi_17,mom2194,iter,1,0.25
Hiromi_17,neko 'cat2207,iter,1,0.25
Hiromi_17,panda1854,iter,1,0.25
Hiromi_17,panda1856,iter,1,0.25
Hiromi_17,sleep3283,iter,1,0.25
Hiromi_17,sleep3284,iter,1,0.25
Hiromi_17,this1852,iter,1,0.25
Hiromi_18,baby2179,iter,1,0.25
Hiromi_18,"car, vroom2180",iter,1,0.25
Hiromi_18,"car, vroom3280",iter,1,0.25
Hiromi_18,cute1849,iter,1,0.25
Hiromi_18,daddy2209,iter,1,0.25
Hiromi_18,daddy2210,iter,1,0.25
Hiromi_18,daddy2211,iter,1,0.25
Hiromi_18,daddy2212,iter,1,0.25
Hiromi_18,daddy2213,iter,1,0.25
Hiromi_18,daddy2214,iter,1,0.25
Hiromi_18,ear2201,iter,1,0.25
Hiromi_18,ear2202,iter,1,0.25
Hiromi_18,foot2895,iter,1,0.25
Hiromi_18,neko 'cat2207,iter,1,0.25
Hiromi_18,panda1856,iter,1,0.25
Hiromi_18,this2191,iter,1,0.25
Hiromi_19,Barney1844,iter,1,0.25
Hiromi_19,daddy2212,iter,1,0.25
Hiromi_19,daddy2214,iter,1,0.25
Hiromi_19,panda1855,iter,1,0.25
Hiromi_19,this1852,iter,1,0.25
Hiromi_2,baby2179,iter,1,0.25
Hiromi_2,cake2185,iter,1,0.25
Hiromi_2,cake2186,iter,1,0.25
Hiromi_2,cake2187,iter,1,0.25
Hiromi_2,daddy2209,iter,1,0.25
Hiromi_2,daddy2212,iter,1,0.25
Hiromi_2,daddy2214,iter,1,0.25
Hiromi_2,duck2183,iter,1,0.25
Hiromi_2,foot2894,iter,1,0.25
Hiromi_2,neko 'cat2204,iter,1,0.25
Hiromi_2,neko 'cat2207,iter,1,0.25
Hiromi_2,panda1854,iter,1,0.25
Hiromi_2,panda1855,iter,1,0.25
Hiromi_2,this1851,iter,1,0.25
Hiromi_2,this1852,iter,1,0.25
Hiromi_2,this2188,iter,1,0.25
Hiromi_2,this2192,iter,1,0.25
Hiromi_2,turtle2184,iter,1,0.25
Hiromi_20,Barney1844,iter,1,0.25
Hiromi_20,ball1845,iter,1,0.25
Hiromi_20,"car, vroom3280",iter,1,0.25
Hiromi_20,daddy2209,iter,1,0.25
Hiromi_20,daddy2211,iter,1,0.25
Hiromi_20,daddy2213,iter,1,0.25
Hiromi_20,duck2183,iter,1,0.25
Hiromi_20,ear2201,iter,1,0.25
Hiromi_20,ear2202,iter,1,0.25
Hiromi_20,foot2894,iter,1,0.25
Hiromi_20,foot2895,iter,1,0.25
Hiromi_20,hippopotamus2182,iter,1,0.25
Hiromi_20,mom2194,iter,1,0.25
Hiromi_20,neko 'cat2206,iter,1,0.25
Hiromi_20,panda1855,iter,1,0.25
Hiromi_20,this1851,iter,1,0.25
Hiromi_20,this1852,iter,1,0.25
Hiromi_20,this2192,iter,1,0.25
Hiromi_20,this2193,iter,1,0.25
Hiromi_21,Barney1844,iter,1,0.25
Hiromi_21,cake2185,iter,1,0.25
Hiromi_21,cake2186,iter,1,0.25
Hiromi_21,cute1848,iter,1,0.25
Hiromi_21,daddy2208,iter,1,0.25
Hiromi_21,duck2183,iter,1,0.25
Hiromi_21,ear2202,iter,1,0.25
Hiromi_21,foot2895,iter,1,0.25
Hiromi_21,hippopotamus2182,iter,1,0.25
Hiromi_21,mom2194,iter,1,0.25
Hiromi_21,mom2197,iter,1,0.25
Hiromi_21,panda1856,iter,1,0.25
Hiromi_21,this1850,iter,1,0.25
Hiromi_21,this1852,iter,1,0.25
Hiromi_21,this2189,iter,1,0.25
Hiromi_21,this2190,iter,1,0.25
Hiromi_21,this2193,iter,1,0.25
Hiromi_21,turtle2184,iter,1,0.25
Hiromi_22,Barney1844,iter,1,0.25
Hiromi_22,ball1845,iter,1,0.25
Hiromi_22,cake2185,iter,1,0.25
Hiromi_22,cake2187,iter,1,0.25
Hiromi_22,"car, vroom2180",iter,1,0.25
Hiromi_22,cute1848,iter,1,0.25
Hiromi_22,daddy2208,iter,1,0.25
Hiromi_22,daddy2211,iter,1,0.25
Hiromi_22,ear2200,iter,1,0.25
Hiromi_22,ear2201,iter,1,0.25
Hiromi_22,foot2895,iter,1,0.25
Hiromi_22,mom2194,iter,1,0.25
Hiromi_22,mom2198,iter,1,0.25
Hiromi_22,neko 'cat2207,iter,1,0.25
Hiromi_22,panda1854,iter,1,0.25
Hiromi_22,panda1856,iter,1,0.25
Hiromi_22,sleep3283,iter,1,0.25
Hiromi_22,this2190,iter,1,0.25
Hiromi_22,this2191,iter,1,0.25
Hiromi_23,cake2186,iter,1,0.25
Hiromi_23,cute1848,iter,1,0.25
Hiromi_23,daddy2209,iter,1,0.25
Hiromi_23,daddy2212,iter,1,0.25
Hiromi_23,daddy2213,iter,1,0.25
Hiromi_23,daddy2214,iter,1,0.25
Hiromi_23,ear2200,iter,1,0.25
Hiromi_23,ear2201,iter,1,0.25
Hiromi_23,fish [ENG]1847,iter,1,0.25
Hiromi_23,mom2195,iter,1,0.25
Hiromi_23,mom2197,iter,1,0.25
Hiromi_23,mom2199,iter,1,0.25
Hiromi_23,neko 'cat2206,iter,1,0.25
Hiromi_23,panda1854,iter,1,0.25
Hiromi_23,this2190,iter,1,0.25
Hiromi_24,cake2187,iter,1,0.25
Hiromi_24,cute1849,iter,1,0.25
Hiromi_24,this1850,iter,1,0.25
Hiromi_24,this1853,iter,1,0.25
Hiromi_25,Barney1844,iter,1,0.25
Hiromi_25,baby2179,iter,1,0.25
Hiromi_25,cake2186,iter,1,0.25
Hiromi_25,daddy2208,iter,1,0.25
Hiromi_25,daddy2209,iter,1,0.25
Hiromi_25,foot2895,iter,1,0.25
Hiromi_25,hippopotamus2182,iter,1,0.25
Hiromi_25,mom2196,iter,1,0.25
Hiromi_25,mom2199,iter,1,0.25
Hiromi_25,neko 'cat2204,iter,1,0.25
Hiromi_25,neko 'cat2206,iter,1,0.25
Hiromi_25,neko 'cat2207,iter,1,0.25
Hiromi_25,sleep3282,iter,1,0.25
Hiromi_25,sleep3283,iter,1,0.25
Hiromi_25,this1850,iter,1,0.25
Hiromi_25,this1853,iter,1,0.25
Hiromi_26,baby2179,iter,1,0.25
Hiromi_26,"car, vroom2180",iter,1,0.25
Hiromi_26,daddy2208,iter,1,0.25
Hiromi_26,daddy2209,iter,1,0.25
Hiromi_26,daddy2213,iter,1,0.25
Hiromi_26,duck2183,iter,1,0.25
Hiromi_26,ear2202,iter,1,0.25
Hiromi_26,foot2894,iter,1,0.25
Hiromi_26,mom2195,iter,1,0.25
Hiromi_26,mom2196,iter,1,0.25
Hiromi_26,mom2199,iter,1,0.25
Hiromi_26,neko 'cat2203,iter,1,0.25
Hiromi_26,neko 'cat2204,iter,1,0.25
Hiromi_26,neko 'cat2207,iter,1,0.25
Hiromi_26,panda1855,iter,1,0.25
Hiromi_26,this1851,iter,1,0.25
Hiromi_26,turtle2184,iter,1,0.25
Hiromi_27,cake2185,iter,1,0.25
Hiromi_27,cute1848,iter,1,0.25
Hiromi_27,daddy2211,iter,1,0.25
Hiromi_27,duck2183,iter,1,0.25
Hiromi_27,ear2202,iter,1,0.25
Hiromi_27,foot2894,iter,1,0.25
Hiromi_27,foot2895,iter,1,0.25
Hiromi_27,mom2195,iter,1,0.25
Hiromi_27,mom2197,iter,1,0.25
Hiromi_27,neko 'cat2205,iter,1,0.25
Hiromi_27,neko 'cat2206,iter,1,0.25
Hiromi_27,panda1855,iter,1,0.25
Hiromi_27,this1850,iter,1,0.25
Hiromi_27,this1852,iter,1,0.25
Hiromi_27,this2192,iter,1,0.25
Hiromi_27,this2193,iter,1,0.25
Hiromi_28,"car, vroom2180",iter,1,0.25
Hiromi_28,daddy2208,iter,1,0.25
Hiromi_28,daddy2214,iter,1,0.25
Hiromi_28,jump-jump2216,iter,1,0.25
Hiromi_28,turtle2184,iter,1,0.25
Hiromi_29,neko 'cat2204,iter,1,0.25
Hiromi_29,this2189,iter,1,0.25
Hiromi_3,baby2179,iter,1,0.25
Hiromi_3,hippopotamus2182,iter,1,0.25
Hiromi_30,baby2179,iter,1,0.25
Hiromi_30,ball1845,iter,1,0.25
Hiromi_30,cake2187,iter,1,0.25
Hiromi_30,daddy2212,iter,1,0.25
Hiromi_30,daddy2214,iter,1,0.25
Hiromi_30,duck2183,iter,1,0.25
Hiromi_30,ear2202,iter,1,0.25
Hiromi_30,hippopotamus2182,iter,1,0.25
Hiromi_30,mom2194,iter,1,0.25
Hiromi_30,mom2196,iter,1,0.25
Hiromi_30,sleep3281,iter,1,0.25
Hiromi_30,this1850,iter,1,0.25
Hiromi_30,this1851,iter,1,0.25
Hiromi_30,this2190,iter,1,0.25
Hiromi_30,turtle2184,iter,1,0.25
Hiromi_31,cake2187,iter,1,0.25
Hiromi_31,cute1849,iter,1,0.25
Hiromi_31,this1850,iter,1,0.25
Hiromi_32,Barney1844,iter,1,0.25
Hiromi_32,"car, vroom2180",iter,1,0.25
Hiromi_32,cute1848,iter,1,0.25
Hiromi_32,daddy2210,iter,1,0.25
Hiromi_32,daddy2211,iter,1,0.25
Hiromi_32,foot2894,iter,1,0.25
Hiromi_32,foot2895,iter,1,0.25
Hiromi_32,mom2194,iter,1,0.25
Hiromi_32,panda1856,iter,1,0.25
Hiromi_32,sleep3282,iter,1,0.25
Hiromi_32,sleep3283,iter,1,0.25
Hiromi_32,sleep3284,iter,1,0.25
Hiromi_32,this1850,iter,1,0.25
Hiromi_32,this2190,iter,1,0.25
Hiromi_33,cake2186,iter,1,0.25
Hiromi_33,"car, vroom2180",iter,1,0.25
Hiromi_33,cute1849,iter,1,0.25
Hiromi_33,daddy2208,iter,1,0.25
Hiromi_33,daddy2214,iter,1,0.25
Hiromi_33,ear2202,iter,1,0.25
Hiromi_33,foot2894,iter,1,0.25
Hiromi_33,hippopotamus2182,iter,1,0.25
Hiromi_33,mom2198,iter,1,0.25
Hiromi_33,mom2199,iter,1,0.25
Hiromi_33,panda1854,iter,1,0.25
Hiromi_33,panda1855,iter,1,0.25
Hiromi_33,this1850,iter,1,0.25
Hiromi_33,this1852,iter,1,0.25
Hiromi_33,this2189,iter,1,0.25
Hiromi_33,this2192,iter,1,0.25
Hiromi_33,this2193,iter,1,0.25
Hiromi_34,baby2179,iter,1,0.25
Hiromi_34,ball1846,iter,1,0.25
Hiromi_34,cake2186,iter,1,0.25
Hiromi_34,cake2187,iter,1,0.25
Hiromi_34,"car, vroom3280",iter,1,0.25
Hiromi_34,daddy2211,iter,1,0.25
Hiromi_34,daddy2212,iter,1,0.25
Hiromi_34,duck2183,iter,1,0.25
Hiromi_34,ear2201,iter,1,0.25
Hiromi_34,ear2202,iter,1,0.25
Hiromi_34,foot2895,iter,1,0.25
Hiromi_34,jump-jump2216,iter,1,0.25
Hiromi_34,mom2196,iter,1,0.25
Hiromi_34,neko 'cat2205,iter,1,0.25
Hiromi_34,this1851,iter,1,0.25
Hiromi_34,this2191,iter,1,0.25
Hiromi_34,this2193,iter,1,0.25
Hiromi_35,cake2185,iter,1,0.25
Hiromi_35,cute1848,iter,1,0.25
Hiromi_35,cute1849,iter,1,0.25
Hiromi_35,eight2181,iter,1,0.25
Hiromi_35,this1850,iter,1,0.25
Hiromi_36,cake2185,iter,1,0.25
Hiromi_36,cute1848,iter,1,0.25
Hiromi_36,daddy2209,iter,1,0.25
Hiromi_36,daddy2210,iter,1,0.25
Hiromi_36,daddy2211,iter,1,0.25
Hiromi_36,daddy2213,iter,1,0.25
Hiromi_36,duck2183,iter,1,0.25
Hiromi_36,ear2200,iter,1,0.25
Hiromi_36,ear2202,iter,1,0.25
Hiromi_36,hippopotamus2182,iter,1,0.25
Hiromi_36,mom2194,iter,1,0.25
Hiromi_36,mom2195,iter,1,0.25
Hiromi_36,mom2198,iter,1,0.25
Hiromi_36,neko 'cat2206,iter,1,0.25
Hiromi_36,this1850,iter,1,0.25
Hiromi_36,this1853,iter,1,0.25
Hiromi_36,this2190,iter,1,0.25
Hiromi_36,turtle2184,iter,1,0.25
Hiromi_37,ball1846,iter,1,0.25
Hiromi_37,"car, vroom2180",iter,1,0.25
Hiromi_37,cute1849,iter,1,0.25
Hiromi_37,daddy2212,iter,1,0.25
Hiromi_37,daddy2213,iter,1,0.25
Hiromi_37,duck2183,iter,1,0.25
Hiromi_37,ear2200,iter,1,0.25
Hiromi_37,ear2202,iter,1,0.25
Hiromi_37,jump-jump2216,iter,1,0.25
Hiromi_37,mom2196,iter,1,0.25
Hiromi_37,mom2199,iter,1,0.25
Hiromi_37,neko 'cat2206,iter,1,0.25
Hiromi_37,panda1855,iter,1,0.25
Hiromi_37,panda1856,iter,1,0.25
Hiromi_37,this1851,iter,1,0.25
Hiromi_37,this2193,iter,1,0.25
Hiromi_37,turtle2184,iter,1,0.25
Hiromi_38,Barney1844,iter,1,0.25
Hiromi_38,ball1845,iter,1,0.25
Hiromi_38,"car, vroom2180",iter,1,0.25
Hiromi_38,cute1848,iter,1,0.25
Hiromi_38,cute1849,iter,1,0.25
Hiromi_38,daddy2209,iter,1,0.25
Hiromi_38,daddy2213,iter,1,0.25
Hiromi_38,ear2201,iter,1,0.25
Hiromi_38,ear2202,iter,1,0.25
Hiromi_38,foot2894,iter,1,0.25
Hiromi_38,hippopotamus2182,iter,1,0.25
Hiromi_38,neko 'cat2205,iter,1,0.25
Hiromi_38,panda1855,iter,1,0.25
Hiromi_38,this1853,iter,1,0.25
Hiromi_38,this2193,iter,1,0.25
Hiromi_39,cake2186,iter,1,0.25
Hiromi_39,"car, vroom2180",iter,1,0.25
Hiromi_39,cute1848,iter,1,0.25
Hiromi_39,daddy2208,iter,1,0.25
Hiromi_39,daddy2209,iter,1,0.25
Hiromi_39,ear2201,iter,1,0.25
Hiromi_39,foot2894,iter,1,0.25
Hiromi_39,hippopotamus2182,iter,1,0.25
Hiromi_39,mom2194,iter,1,0.25
Hiromi_39,mom2196,iter,1,0.25
Hiromi_39,mom2199,iter,1,0.25
Hiromi_39,sleep3284,iter,1,0.25
Hiromi_39,this1852,iter,1,0.25
Hiromi_39,this2189,iter,1,0.25
Hiromi_39,this2190,iter,1,0.25
Hiromi_39,this2193,iter,1,0.25
Hiromi_39,turtle2184,iter,1,0.25
Hiromi_4,ball1845,iter,1,0.25
Hiromi_4,cake2187,iter,1,0.25
Hiromi_4,"car, vroom2180",iter,1,0.25
Hiromi_4,cute1849,iter,1,0.25
Hiromi_4,daddy2209,iter,1,0.25
Hiromi_4,daddy2210,iter,1,0.25
Hiromi_4,foot2894,iter,1,0.25
Hiromi_4,foot2895,iter,1,0.25
Hiromi_4,panda1856,iter,1,0.25
Hiromi_4,this1852,iter,1,0.25
Hiromi_4,this1853,iter,1,0.25
Hiromi_4,this2188,iter,1,0.25
Hiromi_4,this2192,iter,1,0.25
Hiromi_40,baby2179,iter,1,0.25
Hiromi_40,cake2185,iter,1,0.25
Hiromi_40,cute1849,iter,1,0.25
Hiromi_40,daddy2210,iter,1,0.25
Hiromi_40,daddy2211,iter,1,0.25
Hiromi_40,daddy2212,iter,1,0.25
Hiromi_40,ear2201,iter,1,0.25
Hiromi_40,ear2202,iter,1,0.25
Hiromi_40,foot2894,iter,1,0.25
Hiromi_40,foot2895,iter,1,0.25
Hiromi_40,mom2196,iter,1,0.25
Hiromi_40,neko 'cat2203,iter,1,0.25
Hiromi_40,neko 'cat2205,iter,1,0.25
Hiromi_40,neko 'cat2207,iter,1,0.25
Hiromi_40,panda1854,iter,1,0.25
Hiromi_40,panda1855,iter,1,0.25
Hiromi_40,this1851,iter,1,0.25
Hiromi_40,this2188,iter,1,0.25
Hiromi_40,this2192,iter,1,0.25
Hiromi_41,"car, vroom2180",iter,1,0.25
Hiromi_41,cute1848,iter,1,0.25
Hiromi_41,daddy2209,iter,1,0.25
Hiromi_41,daddy2210,iter,1,0.25
Hiromi_41,daddy2212,iter,1,0.25
Hiromi_41,daddy2213,iter,1,0.25
Hiromi_41,ear2202,iter,1,0.25
Hiromi_41,foot2894,iter,1,0.25
Hiromi_41,mom2195,iter,1,0.25
Hiromi_41,mom2199,iter,1,0.25
Hiromi_41,panda1856,iter,1,0.25
Hiromi_41,this1850,iter,1,0.25
Hiromi_41,this1851,iter,1,0.25
Hiromi_41,this1852,iter,1,0.25
Hiromi_41,this1853,iter,1,0.25
Hiromi_41,this2189,iter,1,0.25
Hiromi_41,this2192,iter,1,0.25
Hiromi_41,this2193,iter,1,0.25
Hiromi_42,ball1845,iter,1,0.25
Hiromi_42,daddy2208,iter,1,0.25
Hiromi_42,daddy2214,iter,1,0.25
Hiromi_42,ear2200,iter,1,0.25
Hiromi_42,ear2201,iter,1,0.25
Hiromi_42,ear2202,iter,1,0.25
Hiromi_42,hippopotamus2182,iter,1,0.25
Hiromi_42,mom2194,iter,1,0.25
Hiromi_42,mom2195,iter,1,0.25
Hiromi_42,mom2197,iter,1,0.25
Hiromi_42,mom2198,iter,1,0.25
Hiromi_42,neko 'cat2203,iter,1,0.25
Hiromi_42,neko 'cat2204,iter,1,0.25
Hiromi_42,panda1855,iter,1,0.25
Hiromi_42,panda1856,iter,1,0.25
Hiromi_42,this1852,iter,1,0.25
Hiromi_42,this1853,iter,1,0.25
Hiromi_42,this2193,iter,1,0.25
Hiromi_42,turtle2184,iter,1,0.25
Hiromi_43,Barney1844,iter,1,0.25
Hiromi_43,baby2179,iter,1,0.25
Hiromi_43,daddy2208,iter,1,0.25
Hiromi_43,daddy2211,iter,1,0.25
Hiromi_43,daddy2213,iter,1,0.25
Hiromi_43,duck2183,iter,1,0.25
Hiromi_43,ear2202,iter,1,0.25
Hiromi_43,foot2895,iter,1,0.25
Hiromi_43,mom2199,iter,1,0.25
Hiromi_43,neko 'cat2204,iter,1,0.25
Hiromi_43,panda1854,iter,1,0.25
Hiromi_43,panda1856,iter,1,0.25
Hiromi_43,this1850,iter,1,0.25
Hiromi_43,this1851,iter,1,0.25
Hiromi_43,this1852,iter,1,0.25
Hiromi_43,this1853,iter,1,0.25
Hiromi_43,this2189,iter,1,0.25
Hiromi_43,this2192,iter,1,0.25
Hiromi_43,this2193,iter,1,0.25
Hiromi_44,baby2179,iter,1,0.25
Hiromi_44,ball1845,iter,1,0.25
Hiromi_44,daddy2209,iter,1,0.25
Hiromi_44,daddy2213,iter,1,0.25
Hiromi_44,daddy2214,iter,1,0.25
Hiromi_44,duck2183,iter,1,0.25
Hiromi_44,foot2894,iter,1,0.25
Hiromi_44,hippopotamus2182,iter,1,0.25
Hiromi_44,mom2198,iter,1,0.25
Hiromi_44,neko 'cat2204,iter,1,0.25
Hiromi_44,neko 'cat2205,iter,1,0.25
Hiromi_44,panda1856,iter,1,0.25
Hiromi_44,sleep3284,iter,1,0.25
Hiromi_44,this1852,iter,1,0.25
Hiromi_44,this1853,iter,1,0.25
Hiromi_44,this2190,iter,1,0.25
Hiromi_44,this2192,iter,1,0.25
Hiromi_44,this2193,iter,1,0.25
Hiromi_45,Barney1844,iter,1,0.25
Hiromi_45,ball1846,iter,1,0.25
Hiromi_45,cute1849,iter,1,0.25
Hiromi_45,daddy2213,iter,1,0.25
Hiromi_45,ear2201,iter,1,0.25
Hiromi_45,fish [ENG]1847,iter,1,0.25
Hiromi_45,foot2894,iter,1,0.25
Hiromi_45,foot2895,iter,1,0.25
Hiromi_45,mom2198,iter,1,0.25
Hiromi_45,mom2199,iter,1,0.25
Hiromi_45,neko 'cat2205,iter,1,0.25
Hiromi_45,neko 'cat2207,iter,1,0.25
Hiromi_45,panda1854,iter,1,0.25
Hiromi_45,panda1855,iter,1,0.25
Hiromi_45,this1850,iter,1,0.25
Hiromi_45,this1853,iter,1,0.25
Hiromi_45,this2189,iter,1,0.25
Hiromi_46,ball1845,iter,1,0.25
Hiromi_46,cake2185,iter,1,0.25
Hiromi_46,daddy2210,iter,1,0.25
Hiromi_46,ear2201,iter,1,0.25
Hiromi_46,foot2894,iter,1,0.25
Hiromi_46,foot2895,iter,1,0.25
Hiromi_46,mom2199,iter,1,0.25
Hiromi_46,panda1856,iter,1,0.25
Hiromi_46,sleep3281,iter,1,0.25
Hiromi_46,sleep3282,iter,1,0.25
Hiromi_46,sleep3283,iter,1,0.25
Hiromi_46,this1851,iter,1,0.25
Hiromi_46,this1853,iter,1,0.25
Hiromi_46,this2189,iter,1,0.25
Hiromi_46,this2190,iter,1,0.25
Hiromi_46,turtle2184,iter,1,0.25
Hiromi_47,ball1845,iter,1,0.25
Hiromi_47,cake2187,iter,1,0.25
Hiromi_47,"car, vroom3280",iter,1,0.25
Hiromi_47,daddy2208,iter,1,0.25
Hiromi_47,daddy2210,iter,1,0.25
Hiromi_47,daddy2212,iter,1,0.25
Hiromi_47,duck2183,iter,1,0.25
Hiromi_47,ear2200,iter,1,0.25
Hiromi_47,ear2201,iter,1,0.25
Hiromi_47,ear2202,iter,1,0.25
Hiromi_47,mom2195,iter,1,0.25
Hiromi_47,mom2196,iter,1,0.25
Hiromi_47,mom2199,iter,1,0.25
Hiromi_47,neko 'cat2207,iter,1,0.25
Hiromi_47,panda1855,iter,1,0.25
Hiromi_47,this1852,iter,1,0.25
Hiromi_47,this2188,iter,1,0.25
Hiromi_47,this2192,iter,1,0.25
Hiromi_47,turtle2184,iter,1,0.25
Hiromi_48,cake2186,iter,1,0.25
Hiromi_48,"car, vroom2180",iter,1,0.25
Hiromi_48,cute1848,iter,1,0.25
Hiromi_48,daddy2210,iter,1,0.25
Hiromi_48,daddy2213,iter,1,0.25
Hiromi_48,daddy2214,iter,1,0.25
Hiromi_48,ear2200,iter,1,0.25
Hiromi_48,ear2201,iter,1,0.25
Hiromi_48,ear2202,iter,1,0.25
Hiromi_48,hippopotamus2182,iter,1,0.25
Hiromi_48,mom2198,iter,1,0.25
Hiromi_48,mom2199,iter,1,0.25
Hiromi_48,panda1855,iter,1,0.25
Hiromi_48,panda1856,iter,1,0.25
Hiromi_48,this1850,iter,1,0.25
Hiromi_48,this1852,iter,1,0.25
Hiromi_48,this1853,iter,1,0.25
Hiromi_48,this2192,iter,1,0.25
Hiromi_49,daddy2209,iter,1,0.25
Hiromi_49,daddy2212,iter,1,0.25
Hiromi_49,daddy2214,iter,1,0.25
Hiromi_49,fish [ENG]1847,iter,1,0.25
Hiromi_49,panda1854,iter,1,0.25
Hiromi_49,panda1855,iter,1,0.25
Hiromi_49,panda1856,iter,1,0.25
Hiromi_5,cake2186,iter,1,0.25
Hiromi_5,cake2187,iter,1,0.25
Hiromi_5,"car, vroom2180",iter,1,0.25
Hiromi_5,daddy2212,iter,1,0.25
Hiromi_5,daddy2214,iter,1,0.25
Hiromi_5,eight2181,iter,1,0.25
Hiromi_5,foot2894,iter,1,0.25
Hiromi_5,foot2895,iter,1,0.25
Hiromi_5,hippopotamus2182,iter,1,0.25
Hiromi_5,mom2195,iter,1,0.25
Hiromi_5,mom2196,iter,1,0.25
Hiromi_5,mom2198,iter,1,0.25
Hiromi_5,neko 'cat2206,iter,1,0.25
Hiromi_5,panda1855,iter,1,0.25
Hiromi_5,this1850,iter,1,0.25
Hiromi_5,this1852,iter,1,0.25
Hiromi_5,this2188,iter,1,0.25
Hiromi_5,this2189,iter,1,0.25
Hiromi_50,Barney1844,iter,1,0.25
Hiromi_50,ball1845,iter,1,0.25
Hiromi_50,"car, vroom2180",iter,1,0.25
Hiromi_50,ear2200,iter,1,0.25
Hiromi_50,ear2202,iter,1,0.25
Hiromi_50,foot2894,iter,1,0.25
Hiromi_50,mom2194,iter,1,0.25
Hiromi_50,mom2198,iter,1,0.25
Hiromi_50,neko 'cat2203,iter,1,0.25
Hiromi_50,neko 'cat2205,iter,1,0.25
Hiromi_50,panda1856,iter,1,0.25
Hiromi_50,this1851,iter,1,0.25
Hiromi_50,this1853,iter,1,0.25
Hiromi_50,this2188,iter,1,0.25
Hiromi_50,this2189,iter,1,0.25
Hiromi_50,this2191,iter,1,0.25
Hiromi_51,cake2186,iter,1,0.25
Hiromi_51,"car, vroom2180",iter,1,0.25
Hiromi_51,cute1848,iter,1,0.25
Hiromi_51,cute1849,iter,1,0.25
Hiromi_51,daddy2209,iter,1,0.25
Hiromi_51,daddy2211,iter,1,0.25
Hiromi_51,daddy2213,iter,1,0.25
Hiromi_51,ear2202,iter,1,0.25
Hiromi_51,fish [ENG]1847,iter,1,0.25
Hiromi_51,foot2895,iter,1,0.25
Hiromi_51,mom2194,iter,1,0.25
Hiromi_51,mom2199,iter,1,0.25
Hiromi_51,neko 'cat2203,iter,1,0.25
Hiromi_51,panda1854,iter,1,0.25
Hiromi_51,panda1856,iter,1,0.25
Hiromi_51,this2188,iter,1,0.25
Hiromi_51,this2191,iter,1,0.25
Hiromi_51,this2193,iter,1,0.25
Hiromi_52,"car, vroom2180",iter,1,0.25
Hiromi_52,daddy2208,iter,1,0.25
Hiromi_52,daddy2212,iter,1,0.25
Hiromi_52,mom2195,iter,1,0.25
Hiromi_52,mom2196,iter,1,0.25
Hiromi_52,mom2197,iter,1,0.25
Hiromi_52,mom2198,iter,1,0.25
Hiromi_52,panda1855,iter,1,0.25
Hiromi_52,panda1856,iter,1,0.25
Hiromi_53,daddy2208,iter,1,0.25
Hiromi_53,ear2200,iter,1,0.25
Hiromi_53,foot2894,iter,1,0.25
Hiromi_53,hippopotamus2182,iter,1,0.25
Hiromi_53,mom2194,iter,1,0.25
Hiromi_53,mom2195,iter,1,0.25
Hiromi_53,mom2196,iter,1,0.25
Hiromi_53,mom2198,iter,1,0.25
Hiromi_53,neko 'cat2207,iter,1,0.25
Hiromi_53,panda1854,iter,1,0.25
Hiromi_53,panda1856,iter,1,0.25
Hiromi_53,this1852,iter,1,0.25
Hiromi_53,this2189,iter,1,0.25
Hiromi_53,this2191,iter,1,0.25
Hiromi_53,this2193,iter,1,0.25
Hiromi_54,Barney1844,iter,1,0.25
Hiromi_54,"car, vroom3280",iter,1,0.25
Hiromi_54,cute1848,iter,1,0.25
Hiromi_54,daddy2210,iter,1,0.25
Hiromi_54,daddy2211,iter,1,0.25
Hiromi_54,daddy2214,iter,1,0.25
Hiromi_54,ear2201,iter,1,0.25
Hiromi_54,hippopotamus2182,iter,1,0.25
Hiromi_54,mom2195,iter,1,0.25
Hiromi_54,mom2198,iter,1,0.25
Hiromi_54,neko 'cat2205,iter,1,0.25
Hiromi_54,this1853,iter,1,0.25
Hiromi_54,this2191,iter,1,0.25
Hiromi_54,this2192,iter,1,0.25
Hiromi_54,this2193,iter,1,0.25
Hiromi_54,turtle2184,iter,1,0.25
Hiromi_55,Barney1844,iter,1,0.25
Hiromi_55,ball1845,iter,1,0.25
Hiromi_55,ball1846,iter,1,0.25
Hiromi_55,cake2185,iter,1,0.25
Hiromi_55,cake2186,iter,1,0.25
Hiromi_55,cake2187,iter,1,0.25
Hiromi_55,cute1848,iter,1,0.25
Hiromi_55,daddy2208,iter,1,0.25
Hiromi_55,daddy2210,iter,1,0.25
Hiromi_55,daddy2212,iter,1,0.25
Hiromi_55,daddy2213,iter,1,0.25
Hiromi_55,daddy2214,iter,1,0.25
Hiromi_55,ear2200,iter,1,0.25
Hiromi_55,ear2201,iter,1,0.25
Hiromi_55,ear2202,iter,1,0.25
Hiromi_55,hippopotamus2182,iter,1,0.25
Hiromi_55,mom2194,iter,1,0.25
Hiromi_55,neko 'cat2204,iter,1,0.25
Hiromi_55,this2188,iter,1,0.25
Hiromi_55,this2192,iter,1,0.25
Hiromi_56,cake2186,iter,1,0.25
Hiromi_56,"car, vroom3280",iter,1,0.25
Hiromi_56,daddy2210,iter,1,0.25
Hiromi_56,duck2183,iter,1,0.25
Hiromi_56,foot2895,iter,1,0.25
Hiromi_56,hippopotamus2182,iter,1,0.25
Hiromi_56,mom2194,iter,1,0.25
Hiromi_56,mom2195,iter,1,0.25
Hiromi_56,mom2196,iter,1,0.25
Hiromi_56,mom2198,iter,1,0.25
Hiromi_56,neko 'cat2203,iter,1,0.25
Hiromi_56,neko 'cat2204,iter,1,0.25
Hiromi_56,panda1856,iter,1,0.25
Hiromi_56,this1851,iter,1,0.25
Hiromi_56,this2190,iter,1,0.25
Hiromi_56,this2191,iter,1,0.25
Hiromi_56,this2192,iter,1,0.25
Hiromi_56,this2193,iter,1,0.25
Hiromi_57,baby2179,iter,1,0.25
Hiromi_57,ball1846,iter,1,0.25
Hiromi_57,cute1848,iter,1,0.25
Hiromi_57,cute1849,iter,1,0.25
Hiromi_57,daddy2208,iter,1,0.25
Hiromi_57,ear2200,iter,1,0.25
Hiromi_57,foot2895,iter,1,0.25
Hiromi_57,hippopotamus2182,iter,1,0.25
Hiromi_57,mom2199,iter,1,0.25
Hiromi_57,neko 'cat2203,iter,1,0.25
Hiromi_57,neko 'cat2204,iter,1,0.25
Hiromi_57,neko 'cat2207,iter,1,0.25
Hiromi_57,this1852,iter,1,0.25
Hiromi_57,this2190,iter,1,0.25
Hiromi_58,cake2186,iter,1,0.25
Hiromi_58,"car, vroom2180",iter,1,0.25
Hiromi_58,cute1849,iter,1,0.25
Hiromi_58,daddy2212,iter,1,0.25
Hiromi_58,foot2894,iter,1,0.25
Hiromi_58,jump-jump2216,iter,1,0.25
Hiromi_58,mom2196,iter,1,0.25
Hiromi_58,mom2197,iter,1,0.25
Hiromi_58,mom2198,iter,1,0.25
Hiromi_58,neko 'cat2203,iter,1,0.25
Hiromi_58,neko 'cat2204,iter,1,0.25
Hiromi_58,panda1856,iter,1,0.25
Hiromi_58,this1850,iter,1,0.25
Hiromi_58,this1851,iter,1,0.25
Hiromi_58,this2189,iter,1,0.25
Hiromi_58,this2191,iter,1,0.25
Hiromi_58,turtle2184,iter,1,0.25
Hiromi_59,Barney1844,iter,1,0.25
Hiromi_59,ball1846,iter,1,0.25
Hiromi_59,cake2186,iter,1,0.25
Hiromi_59,cute1848,iter,1,0.25
Hiromi_59,cute1849,iter,1,0.25
Hiromi_59,daddy2211,iter,1,0.25
Hiromi_59,foot2895,iter,1,0.25
Hiromi_59,hippopotamus2182,iter,1,0.25
Hiromi_59,mom2196,iter,1,0.25
Hiromi_59,mom2198,iter,1,0.25
Hiromi_59,panda1854,iter,1,0.25
Hiromi_59,panda1856,iter,1,0.25
Hiromi_59,sleep3282,iter,1,0.25
Hiromi_59,sleep3283,iter,1,0.25
Hiromi_59,this2190,iter,1,0.25
Hiromi_59,this2191,iter,1,0.25
Hiromi_59,this2192,iter,1,0.25
Hiromi_6,cake2186,iter,1,0.25
Hiromi_6,cake2187,iter,1,0.25
Hiromi_6,this1851,iter,1,0.25
Hiromi_60,ball1845,iter,1,0.25
Hiromi_60,"car, vroom2180",iter,1,0.25
Hiromi_60,"car, vroom3280",iter,1,0.25
Hiromi_60,daddy2208,iter,1,0.25
Hiromi_60,daddy2212,iter,1,0.25
Hiromi_60,hippopotamus2182,iter,1,0.25
Hiromi_60,mom2194,iter,1,0.25
Hiromi_60,mom2196,iter,1,0.25
Hiromi_60,mom2199,iter,1,0.25
Hiromi_60,panda1856,iter,1,0.25
Hiromi_61,ball1845,iter,1,0.25
Hiromi_61,cake2186,iter,1,0.25
Hiromi_61,cake2187,iter,1,0.25
Hiromi_61,cute1848,iter,1,0.25
Hiromi_61,cute1849,iter,1,0.25
Hiromi_61,duck2183,iter,1,0.25
Hiromi_61,ear2200,iter,1,0.25
Hiromi_61,ear2202,iter,1,0.25
Hiromi_61,foot2894,iter,1,0.25
Hiromi_61,mom2197,iter,1,0.25
Hiromi_61,mom2199,iter,1,0.25
Hiromi_61,neko 'cat2207,iter,1,0.25
Hiromi_61,panda1856,iter,1,0.25
Hiromi_61,sleep3281,iter,1,0.25
Hiromi_61,sleep3284,iter,1,0.25
Hiromi_61,this1850,iter,1,0.25
Hiromi_61,this1853,iter,1,0.25
Hiromi_61,this2191,iter,1,0.25
Hiromi_61,this2193,iter,1,0.25
Hiromi_62,Barney1844,iter,1,0.25
Hiromi_62,ball1845,iter,1,0.25
Hiromi_62,cake2185,iter,1,0.25
Hiromi_62,cake2186,iter,1,0.25
Hiromi_62,daddy2210,iter,1,0.25
Hiromi_62,daddy2211,iter,1,0.25
Hiromi_62,daddy2212,iter,1,0.25
Hiromi_62,foot2895,iter,1,0.25
Hiromi_62,hippopotamus2182,iter,1,0.25
Hiromi_62,jump-jump2216,iter,1,0.25
Hiromi_62,mom2194,iter,1,0.25
Hiromi_62,mom2199,iter,1,0.25
Hiromi_62,neko 'cat2207,iter,1,0.25
Hiromi_62,this1850,iter,1,0.25
Hiromi_62,this2188,iter,1,0.25
Hiromi_62,this2191,iter,1,0.25
Hiromi_62,this2192,iter,1,0.25
Hiromi_62,this2193,iter,1,0.25
Hiromi_63,duck2183,iter,1,0.25
Hiromi_63,this1851,iter,1,0.25
Hiromi_64,Barney1844,iter,1,0.25
Hiromi_64,ball1845,iter,1,0.25
Hiromi_64,ball1846,iter,1,0.25
Hiromi_64,cake2186,iter,1,0.25
Hiromi_64,"car, vroom2180",iter,1,0.25
Hiromi_64,cute1849,iter,1,0.25
Hiromi_64,foot2894,iter,1,0.25
Hiromi_64,mom2198,iter,1,0.25
Hiromi_64,neko 'cat2203,iter,1,0.25
Hiromi_64,neko 'cat2205,iter,1,0.25
Hiromi_64,panda1854,iter,1,0.25
Hiromi_64,panda1856,iter,1,0.25
Hiromi_64,this1852,iter,1,0.25
Hiromi_64,this2188,iter,1,0.25
Hiromi_64,this2192,iter,1,0.25
Hiromi_64,this2193,iter,1,0.25
Hiromi_65,Barney1844,iter,1,0.25
Hiromi_65,ball1846,iter,1,0.25
Hiromi_65,daddy2208,iter,1,0.25
Hiromi_65,daddy2214,iter,1,0.25
Hiromi_65,ear2201,iter,1,0.25
Hiromi_65,mom2194,iter,1,0.25
Hiromi_65,mom2197,iter,1,0.25
Hiromi_65,neko 'cat2204,iter,1,0.25
Hiromi_65,neko 'cat2205,iter,1,0.25
Hiromi_65,neko 'cat2207,iter,1,0.25
Hiromi_65,panda1856,iter,1,0.25
Hiromi_65,this1850,iter,1,0.25
Hiromi_65,this1852,iter,1,0.25
Hiromi_65,this2188,iter,1,0.25
Hiromi_65,turtle2184,iter,1,0.25
Hiromi_66,"car, vroom2180",iter,1,0.25
Hiromi_66,daddy2209,iter,1,0.25
Hiromi_66,daddy2210,iter,1,0.25
Hiromi_66,daddy2211,iter,1,0.25
Hiromi_66,duck2183,iter,1,0.25
Hiromi_66,hippopotamus2182,iter,1,0.25
Hiromi_66,mom2195,iter,1,0.25
Hiromi_66,mom2196,iter,1,0.25
Hiromi_66,mom2199,iter,1,0.25
Hiromi_66,neko 'cat2203,iter,1,0.25
Hiromi_66,neko 'cat2204,iter,1,0.25
Hiromi_66,neko 'cat2207,iter,1,0.25
Hiromi_66,this1850,iter,1,0.25
Hiromi_66,this1852,iter,1,0.25
Hiromi_66,this1853,iter,1,0.25
Hiromi_66,this2190,iter,1,0.25
Hiromi_66,this2191,iter,1,0.25
Hiromi_66,this2192,iter,1,0.25
Hiromi_66,this2193,iter,1,0.25
Hiromi_67,Barney1844,iter,1,0.25
Hiromi_67,ball1846,iter,1,0.25
Hiromi_67,cake2185,iter,1,0.25
Hiromi_67,"car, vroom2180",iter,1,0.25
Hiromi_67,"car, vroom3280",iter,1,0.25
Hiromi_67,daddy2209,iter,1,0.25
Hiromi_67,daddy2210,iter,1,0.25
Hiromi_67,daddy2213,iter,1,0.25
Hiromi_67,daddy2214,iter,1,0.25
Hiromi_67,ear2201,iter,1,0.25
Hiromi_67,ear2202,iter,1,0.25
Hiromi_67,hippopotamus2182,iter,1,0.25
Hiromi_67,mom2194,iter,1,0.25
Hiromi_67,neko 'cat2204,iter,1,0.25
Hiromi_67,neko 'cat2206,iter,1,0.25
Hiromi_67,this1851,iter,1,0.25
Hiromi_67,this2190,iter,1,0.25
Hiromi_68,baby2179,iter,1,0.25
Hiromi_68,cake2187,iter,1,0.25
Hiromi_68,"car, vroom3280",iter,1,0.25
Hiromi_68,daddy2209,iter,1,0.25
Hiromi_68,daddy2210,iter,1,0.25
Hiromi_68,daddy2212,iter,1,0.25
Hiromi_68,ear2201,iter,1,0.25
Hiromi_68,foot2895,iter,1,0.25
Hiromi_68,mom2196,iter,1,0.25
Hiromi_68,mom2197,iter,1,0.25
Hiromi_68,neko 'cat2205,iter,1,0.25
Hiromi_68,neko 'cat2207,iter,1,0.25
Hiromi_68,panda1855,iter,1,0.25
Hiromi_68,panda1856,iter,1,0.25
Hiromi_68,this1851,iter,1,0.25
Hiromi_68,this2190,iter,1,0.25
Hiromi_68,this2191,iter,1,0.25
Hiromi_68,this2192,iter,1,0.25
Hiromi_68,this2193,iter,1,0.25
Hiromi_69,Barney1844,iter,1,0.25
Hiromi_69,baby2179,iter,1,0.25
Hiromi_69,cake2186,iter,1,0.25
Hiromi_69,cute1848,iter,1,0.25
Hiromi_69,daddy2209,iter,1,0.25
Hiromi_69,daddy2210,iter,1,0.25
Hiromi_69,daddy2211,iter,1,0.25
Hiromi_69,daddy2212,iter,1,0.25
Hiromi_69,duck2183,iter,1,0.25
Hiromi_69,ear2200,iter,1,0.25
Hiromi_69,ear2201,iter,1,0.25
Hiromi_69,foot2895,iter,1,0.25
Hiromi_69,mom2196,iter,1,0.25
Hiromi_69,panda1854,iter,1,0.25
Hiromi_69,this2188,iter,1,0.25
Hiromi_69,this2191,iter,1,0.25
Hiromi_69,this2192,iter,1,0.25
Hiromi_69,turtle2184,iter,1,0.25
Hiromi_7,ball1845,iter,1,0.25
Hiromi_7,"car, vroom3280",iter,1,0.25
Hiromi_7,cute1848,iter,1,0.25
Hiromi_7,cute1849,iter,1,0.25
Hiromi_7,daddy2209,iter,1,0.25
Hiromi_7,daddy2212,iter,1,0.25
Hiromi_7,daddy2213,iter,1,0.25
Hiromi_7,duck2183,iter,1,0.25
Hiromi_7,ear2200,iter,1,0.25
Hiromi_7,hippopotamus2182,iter,1,0.25
Hiromi_7,mom2198,iter,1,0.25
Hiromi_7,neko 'cat2204,iter,1,0.25
Hiromi_7,neko 'cat2205,iter,1,0.25
Hiromi_7,this1853,iter,1,0.25
Hiromi_7,this2188,iter,1,0.25
Hiromi_7,this2189,iter,1,0.25
Hiromi_7,turtle2184,iter,1,0.25
Hiromi_70,Barney1844,iter,1,0.25
Hiromi_70,ball1846,iter,1,0.25
Hiromi_70,cute1849,iter,1,0.25
Hiromi_70,daddy2212,iter,1,0.25
Hiromi_70,daddy2214,iter,1,0.25
Hiromi_70,duck2183,iter,1,0.25
Hiromi_70,ear2202,iter,1,0.25
Hiromi_70,mom2194,iter,1,0.25
Hiromi_70,mom2197,iter,1,0.25
Hiromi_70,mom2199,iter,1,0.25
Hiromi_70,panda1855,iter,1,0.25
Hiromi_70,sleep3281,iter,1,0.25
Hiromi_70,this2188,iter,1,0.25
Hiromi_70,this2189,iter,1,0.25
Hiromi_71,ball1845,iter,1,0.25
Hiromi_71,cake2185,iter,1,0.25
Hiromi_71,daddy2210,iter,1,0.25
Hiromi_71,daddy2213,iter,1,0.25
Hiromi_71,duck2183,iter,1,0.25
Hiromi_71,foot2894,iter,1,0.25
Hiromi_71,foot2895,iter,1,0.25
Hiromi_71,mom2199,iter,1,0.25
Hiromi_71,sleep3282,iter,1,0.25
Hiromi_71,this1851,iter,1,0.25
Hiromi_71,this1852,iter,1,0.25
Hiromi_71,this2189,iter,1,0.25
Hiromi_71,this2192,iter,1,0.25
Hiromi_71,turtle2184,iter,1,0.25
Hiromi_72,"car, vroom2180",iter,1,0.25
Hiromi_72,"car, vroom3280",iter,1,0.25
Hiromi_72,cute1848,iter,1,0.25
Hiromi_72,foot2895,iter,1,0.25
Hiromi_72,mom2194,iter,1,0.25
Hiromi_72,mom2196,iter,1,0.25
Hiromi_72,mom2197,iter,1,0.25
Hiromi_72,mom2198,iter,1,0.25
Hiromi_72,mom2199,iter,1,0.25
Hiromi_72,neko 'cat2205,iter,1,0.25
Hiromi_72,this1851,iter,1,0.25
Hiromi_72,this2190,iter,1,0.25
Hiromi_72,turtle2184,iter,1,0.25
Hiromi_73,cake2186,iter,1,0.25
Hiromi_73,"car, vroom2180",iter,1,0.25
Hiromi_73,"car, vroom3280",iter,1,0.25
Hiromi_73,daddy2213,iter,1,0.25
Hiromi_73,duck2183,iter,1,0.25
Hiromi_73,ear2201,iter,1,0.25
Hiromi_73,foot2895,iter,1,0.25
Hiromi_73,neko 'cat2204,iter,1,0.25
Hiromi_73,neko 'cat2207,iter,1,0.25
Hiromi_73,panda1854,iter,1,0.25
Hiromi_73,panda1856,iter,1,0.25
Hiromi_73,this2188,iter,1,0.25
Hiromi_73,this2191,iter,1,0.25
Hiromi_73,this2192,iter,1,0.25
Hiromi_73,this2193,iter,1,0.25
Hiromi_74,baby2179,iter,1,0.25
Hiromi_74,ball1846,iter,1,0.25
Hiromi_74,"car, vroom3280",iter,1,0.25
Hiromi_74,cute1849,iter,1,0.25
Hiromi_74,daddy2210,iter,1,0.25
Hiromi_74,daddy2213,iter,1,0.25
Hiromi_74,mom2194,iter,1,0.25
Hiromi_74,mom2195,iter,1,0.25
Hiromi_74,mom2197,iter,1,0.25
Hiromi_74,panda1854,iter,1,0.25
Hiromi_74,panda1856,iter,1,0.25
Hiromi_74,this1851,iter,1,0.25
Hiromi_74,this2190,iter,1,0.25
Hiromi_74,this2192,iter,1,0.25
Hiromi_75,cake2187,iter,1,0.25
Hiromi_75,"car, vroom2180",iter,1,0.25
Hiromi_75,cute1849,iter,1,0.25
Hiromi_75,daddy2210,iter,1,0.25
Hiromi_75,daddy2214,iter,1,0.25
Hiromi_75,duck2183,iter,1,0.25
Hiromi_75,ear2200,iter,1,0.25
Hiromi_75,mom2194,iter,1,0.25
Hiromi_75,mom2198,iter,1,0.25
Hiromi_75,mom2199,iter,1,0.25
Hiromi_75,neko 'cat2206,iter,1,0.25
Hiromi_75,panda1854,iter,1,0.25
Hiromi_75,sleep3281,iter,1,0.25
Hiromi_75,sleep3283,iter,1,0.25
Hiromi_76,Barney1844,iter,1,0.25
Hiromi_76,ball1846,iter,1,0.25
Hiromi_76,cake2187,iter,1,0.25
Hiromi_76,cute1848,iter,1,0.25
Hiromi_76,daddy2209,iter,1,0.25
Hiromi_76,daddy2211,iter,1,0.25
Hiromi_76,duck2183,iter,1,0.25
Hiromi_76,ear2202,iter,1,0.25
Hiromi_76,foot2895,iter,1,0.25
Hiromi_76,mom2197,iter,1,0.25
Hiromi_76,mom2198,iter,1,0.25
Hiromi_76,panda1855,iter,1,0.25
Hiromi_76,sleep3283,iter,1,0.25
Hiromi_76,this2189,iter,1,0.25
Hiromi_76,this2190,iter,1,0.25
Hiromi_76,this2191,iter,1,0.25
Hiromi_77,Barney1844,iter,1,0.25
Hiromi_77,baby2179,iter,1,0.25
Hiromi_77,ball1846,iter,1,0.25
Hiromi_77,"car, vroom2180",iter,1,0.25
Hiromi_77,cute1849,iter,1,0.25
Hiromi_77,daddy2214,iter,1,0.25
Hiromi_77,mom2194,iter,1,0.25
Hiromi_77,mom2199,iter,1,0.25
Hiromi_77,neko 'cat2204,iter,1,0.25
Hiromi_77,panda1855,iter,1,0.25
Hiromi_77,panda1856,iter,1,0.25
Hiromi_77,this1853,iter,1,0.25
Hiromi_77,this2192,iter,1,0.25
Hiromi_77,this2193,iter,1,0.25
Hiromi_78,baby2179,iter,1,0.25
Hiromi_78,ball1845,iter,1,0.25
Hiromi_78,ball1846,iter,1,0.25
Hiromi_78,cake2186,iter,1,0.25
Hiromi_78,cute1849,iter,1,0.25
Hiromi_78,daddy2210,iter,1,0.25
Hiromi_78,ear2200,iter,1,0.25
Hiromi_78,ear2201,iter,1,0.25
Hiromi_78,ear2202,iter,1,0.25
Hiromi_78,foot2894,iter,1,0.25
Hiromi_78,jump-jump2216,iter,1,0.25
Hiromi_78,mom2198,iter,1,0.25
Hiromi_78,neko 'cat2204,iter,1,0.25
Hiromi_78,neko 'cat2206,iter,1,0.25
Hiromi_78,panda1856,iter,1,0.25
Hiromi_78,this1850,iter,1,0.25
Hiromi_78,this1851,iter,1,0.25
Hiromi_78,this1852,iter,1,0.25
Hiromi_78,this1853,iter,1,0.25
Hiromi_78,this2191,iter,1,0.25
Hiromi_79,butterfly3285,iter,1,0.25
Hiromi_79,cute1848,iter,1,0.25
Hiromi_79,cute1849,iter,1,0.25
Hiromi_8,cute1848,iter,1,0.25
Hiromi_8,daddy2208,iter,1,0.25
Hiromi_8,daddy2209,iter,1,0.25
Hiromi_8,daddy2210,iter,1,0.25
Hiromi_8,daddy2211,iter,1,0.25
Hiromi_8,daddy2214,iter,1,0.25
Hiromi_8,mom2194,iter,1,0.25
Hiromi_8,mom2195,iter,1,0.25
Hiromi_8,mom2197,iter,1,0.25
Hiromi_8,mom2198,iter,1,0.25
Hiromi_8,mom2199,iter,1,0.25
Hiromi_8,neko 'cat2204,iter,1,0.25
Hiromi_8,neko 'cat2205,iter,1,0.25
Hiromi_8,panda1856,iter,1,0.25
Hiromi_8,this2189,iter,1,0.25
Hiromi_8,this2192,iter,1,0.25
Hiromi_80,butterfly3285,iter,1,0.25
Hiromi_80,cake2185,iter,1,0.25
Hiromi_80,cake2186,iter,1,0.25
Hiromi_80,cute1848,iter,1,0.25
Hiromi_80,cute1849,iter,1,0.25
Hiromi_81,cute1848,iter,1,0.25
Hiromi_81,cute1849,iter,1,0.25
Hiromi_81,daddy2208,iter,1,0.25
Hiromi_81,daddy2212,iter,1,0.25
Hiromi_81,ear2200,iter,1,0.25
Hiromi_81,ear2201,iter,1,0.25
Hiromi_81,ear2202,iter,1,0.25
Hiromi_81,fish [ENG]1847,iter,1,0.25
Hiromi_81,mom2196,iter,1,0.25
Hiromi_81,neko 'cat2204,iter,1,0.25
Hiromi_81,neko 'cat2207,iter,1,0.25
Hiromi_81,panda1855,iter,1,0.25
Hiromi_81,this1852,iter,1,0.25
Hiromi_81,this1853,iter,1,0.25
Hiromi_81,this2189,iter,1,0.25
Hiromi_81,this2192,iter,1,0.25
Hiromi_82,cake2185,iter,1,0.25
Hiromi_82,cake2186,iter,1,0.25
Hiromi_82,cake2187,iter,1,0.25
Hiromi_82,daddy2208,iter,1,0.25
Hiromi_82,daddy2214,iter,1,0.25
Hiromi_82,ear2202,iter,1,0.25
Hiromi_82,foot2894,iter,1,0.25
Hiromi_82,foot2895,iter,1,0.25
Hiromi_82,mom2195,iter,1,0.25
Hiromi_82,mom2196,iter,1,0.25
Hiromi_82,mom2197,iter,1,0.25
Hiromi_82,mom2199,iter,1,0.25
Hiromi_82,neko 'cat2203,iter,1,0.25
Hiromi_82,neko 'cat2207,iter,1,0.25
Hiromi_82,panda1855,iter,1,0.25
Hiromi_82,this1850,iter,1,0.25
Hiromi_82,this1851,iter,1,0.25
Hiromi_82,this2188,iter,1,0.25
Hiromi_83,cake2187,iter,1,0.25
Hiromi_83,duck2183,iter,1,0.25
Hiromi_83,eight2181,iter,1,0.25
Hiromi_83,this1851,iter,1,0.25
Hiromi_83,this1853,iter,1,0.25
Hiromi_84,ball1845,iter,1,0.25
Hiromi_84,"car, vroom3280",iter,1,0.25
Hiromi_84,cute1849,iter,1,0.25
Hiromi_84,daddy2208,iter,1,0.25
Hiromi_84,daddy2209,iter,1,0.25
Hiromi_84,daddy2213,iter,1,0.25
Hiromi_84,daddy2214,iter,1,0.25
Hiromi_84,ear2200,iter,1,0.25
Hiromi_84,ear2201,iter,1,0.25
Hiromi_84,hippopotamus2182,iter,1,0.25
Hiromi_84,mom2194,iter,1,0.25
Hiromi_84,mom2199,iter,1,0.25
Hiromi_84,neko 'cat2204,iter,1,0.25
Hiromi_84,this1851,iter,1,0.25
Hiromi_84,this1853,iter,1,0.25
Hiromi_84,this2189,iter,1,0.25
Hiromi_84,this2192,iter,1,0.25
Hiromi_85,Barney1844,iter,1,0.25
Hiromi_85,cake2185,iter,1,0.25
Hiromi_85,cake2186,iter,1,0.25
Hiromi_85,cute1848,iter,1,0.25
Hiromi_85,cute1849,iter,1,0.25
Hiromi_85,daddy2208,iter,1,0.25
Hiromi_85,daddy2210,iter,1,0.25
Hiromi_85,daddy2211,iter,1,0.25
Hiromi_85,foot2894,iter,1,0.25
Hiromi_85,neko 'cat2206,iter,1,0.25
Hiromi_85,neko 'cat2207,iter,1,0.25
Hiromi_85,panda1854,iter,1,0.25
Hiromi_85,sleep3283,iter,1,0.25
Hiromi_85,sleep3284,iter,1,0.25
Hiromi_85,this1851,iter,1,0.25
Hiromi_85,this2192,iter,1,0.25
Hiromi_85,this2193,iter,1,0.25
Hiromi_86,cake2185,iter,1,0.25
Hiromi_86,cake2186,iter,1,0.25
Hiromi_86,daddy2209,iter,1,0.25
Hiromi_86,daddy2210,iter,1,0.25
Hiromi_86,daddy2212,iter,1,0.25
Hiromi_86,daddy2213,iter,1,0.25
Hiromi_86,daddy2214,iter,1,0.25
Hiromi_86,hippopotamus2182,iter,1,0.25
Hiromi_86,mom2195,iter,1,0.25
Hiromi_86,neko 'cat2207,iter,1,0.25
Hiromi_86,panda1856,iter,1,0.25
Hiromi_86,this1853,iter,1,0.25
Hiromi_86,this2191,iter,1,0.25
Hiromi_86,turtle2184,iter,1,0.25
Hiromi_87,baby2179,iter,1,0.25
Hiromi_87,ball1846,iter,1,0.25
Hiromi_87,cake2185,iter,1,0.25
Hiromi_87,cake2186,iter,1,0.25
Hiromi_87,cute1849,iter,1,0.25
Hiromi_87,daddy2210,iter,1,0.25
Hiromi_87,daddy2212,iter,1,0.25
Hiromi_87,ear2200,iter,1,0.25
Hiromi_87,foot2894,iter,1,0.25
Hiromi_87,mom2194,iter,1,0.25
Hiromi_87,mom2197,iter,1,0.25
Hiromi_87,neko 'cat2204,iter,1,0.25
Hiromi_87,panda1855,iter,1,0.25
Hiromi_87,this1850,iter,1,0.25
Hiromi_87,this2189,iter,1,0.25
Hiromi_87,this2191,iter,1,0.25
Hiromi_87,this2192,iter,1,0.25
Hiromi_88,ball1845,iter,1,0.25
Hiromi_88,cake2185,iter,1,0.25
Hiromi_88,cake2186,iter,1,0.25
Hiromi_88,cake2187,iter,1,0.25
Hiromi_88,daddy2208,iter,1,0.25
Hiromi_88,daddy2209,iter,1,0.25
Hiromi_88,ear2200,iter,1,0.25
Hiromi_88,ear2201,iter,1,0.25
Hiromi_88,ear2202,iter,1,0.25
Hiromi_88,foot2894,iter,1,0.25
Hiromi_88,jump-jump2216,iter,1,0.25
Hiromi_88,mom2195,iter,1,0.25
Hiromi_88,neko 'cat2206,iter,1,0.25
Hiromi_88,neko 'cat2207,iter,1,0.25
Hiromi_88,panda1855,iter,1,0.25
Hiromi_88,this1852,iter,1,0.25
Hiromi_89,cake2187,iter,1,0.25
Hiromi_89,cute1848,iter,1,0.25
Hiromi_89,cute1849,iter,1,0.25
Hiromi_89,this1850,iter,1,0.25
Hiromi_9,Barney1844,iter,1,0.25
Hiromi_9,baby2179,iter,1,0.25
Hiromi_9,ball1846,iter,1,0.25
Hiromi_9,cake2185,iter,1,0.25
Hiromi_9,cake2186,iter,1,0.25
Hiromi_9,"car, vroom2180",iter,1,0.25
Hiromi_9,daddy2210,iter,1,0.25
Hiromi_9,daddy2214,iter,1,0.25
Hiromi_9,foot2894,iter,1,0.25
Hiromi_9,foot2895,iter,1,0.25
Hiromi_9,mom2197,iter,1,0.25
Hiromi_9,mom2198,iter,1,0.25
Hiromi_9,mom2199,iter,1,0.25
Hiromi_9,neko 'cat2205,iter,1,0.25
Hiromi_9,neko 'cat2207,iter,1,0.25
Hiromi_9,panda1856,iter,1,0.25
Hiromi_9,sleep3281,iter,1,0.25
Hiromi_9,this1852,iter,1,0.25
Hiromi_9,this2188,iter,1,0.25
Hiromi_90,Barney1844,iter,1,0.25
Hiromi_90,ball1845,iter,1,0.25
Hiromi_90,cake2186,iter,1,0.25
Hiromi_90,cake2187,iter,1,0.25
Hiromi_90,"car, vroom3280",iter,1,0.25
Hiromi_90,daddy2209,iter,1,0.25
Hiromi_90,daddy2213,iter,1,0.25
Hiromi_90,daddy2214,iter,1,0.25
Hiromi_90,ear2201,iter,1,0.25
Hiromi_90,ear2202,iter,1,0.25
Hiromi_90,fish [ENG]1847,iter,1,0.25
Hiromi_90,hippopotamus2182,iter,1,0.25
Hiromi_90,mom2195,iter,1,0.25
Hiromi_90,mom2199,iter,1,0.25
Hiromi_90,neko 'cat2206,iter,1,0.25
Hiromi_90,this2189,iter,1,0.25
Hiromi_90,this2190,iter,1,0.25
Hiromi_90,this2193,iter,1,0.25
Hiromi_91,Barney1844,iter,1,0.25
Hiromi_91,"car, vroom2180",iter,1,0.25
Hiromi_91,cute1848,iter,1,0.25
Hiromi_91,cute1849,iter,1,0.25
Hiromi_91,daddy2212,iter,1,0.25
Hiromi_91,ear2201,iter,1,0.25
Hiromi_91,foot2894,iter,1,0.25
Hiromi_91,foot2895,iter,1,0.25
Hiromi_91,mom2195,iter,1,0.25
Hiromi_91,mom2197,iter,1,0.25
Hiromi_91,neko 'cat2203,iter,1,0.25
Hiromi_91,neko 'cat2204,iter,1,0.25
Hiromi_91,neko 'cat2207,iter,1,0.25
Hiromi_91,this1851,iter,1,0.25
Hiromi_91,this1853,iter,1,0.25
Hiromi_91,this2188,iter,1,0.25
Hiromi_91,this2189,iter,1,0.25
Hiromi_91,this2190,iter,1,0.25
Hiromi_91,this2191,iter,1,0.25
Hiromi_92,Barney1844,iter,1,0.25
Hiromi_92,baby2179,iter,1,0.25
Hiromi_92,ball1845,iter,1,0.25
Hiromi_92,cute1849,iter,1,0.25
Hiromi_92,daddy2213,iter,1,0.25
Hiromi_92,ear2200,iter,1,0.25
Hiromi_92,foot2895,iter,1,0.25
Hiromi_92,mom2195,iter,1,0.25
Hiromi_92,neko 'cat2205,iter,1,0.25
Hiromi_92,neko 'cat2206,iter,1,0.25
Hiromi_92,panda1855,iter,1,0.25
Hiromi_92,this1851,iter,1,0.25
Hiromi_92,this1853,iter,1,0.25
Hiromi_92,this2192,iter,1,0.25
Hiromi_93,Barney1844,iter,1,0.25
Hiromi_93,cake2185,iter,1,0.25
Hiromi_93,cute1848,iter,1,0.25
Hiromi_93,daddy2208,iter,1,0.25
Hiromi_93,daddy2210,iter,1,0.25
Hiromi_93,daddy2212,iter,1,0.25
Hiromi_93,daddy2213,iter,1,0.25
Hiromi_93,ear2201,iter,1,0.25
Hiromi_93,hippopotamus2182,iter,1,0.25
Hiromi_93,mom2196,iter,1,0.25
Hiromi_93,mom2199,iter,1,0.25
Hiromi_93,panda1855,iter,1,0.25
Hiromi_93,panda1856,iter,1,0.25
Hiromi_93,sleep3282,iter,1,0.25
Hiromi_93,sleep3284,iter,1,0.25
Hiromi_93,this1851,iter,1,0.25
Hiromi_93,this2191,iter,1,0.25
Hiromi_94,ball1845,iter,1,0.25
Hiromi_94,daddy2209,iter,1,0.25
Hiromi_94,daddy2211,iter,1,0.25
Hiromi_94,daddy2212,iter,1,0.25
Hiromi_94,daddy2213,iter,1,0.25
Hiromi_94,daddy2214,iter,1,0.25
Hiromi_94,ear2201,iter,1,0.25
Hiromi_94,ear2202,iter,1,0.25
Hiromi_94,foot2895,iter,1,0.25
Hiromi_94,mom2194,iter,1,0.25
Hiromi_94,mom2195,iter,1,0.25
Hiromi_94,mom2199,iter,1,0.25
Hiromi_94,this1851,iter,1,0.25
Hiromi_94,this2190,iter,1,0.25
Hiromi_94,this2193,iter,1,0.25
Hiromi_95,Barney1844,iter,1,0.25
Hiromi_95,ball1845,iter,1,0.25
Hiromi_95,ball1846,iter,1,0.25
Hiromi_95,cute1848,iter,1,0.25
Hiromi_95,daddy2210,iter,1,0.25
Hiromi_95,daddy2212,iter,1,0.25
Hiromi_95,daddy2214,iter,1,0.25
Hiromi_95,duck2183,iter,1,0.25
Hiromi_95,ear2202,iter,1,0.25
Hiromi_95,hippopotamus2182,iter,1,0.25
Hiromi_95,mom2195,iter,1,0.25
Hiromi_95,mom2196,iter,1,0.25
Hiromi_95,mom2198,iter,1,0.25
Hiromi_95,neko 'cat2207,iter,1,0.25
Hiromi_95,panda1855,iter,1,0.25
Hiromi_95,panda1856,iter,1,0.25
Hiromi_95,this2190,iter,1,0.25
Hiromi_96,sleep3281,iter,1,0.25
Hiromi_96,sleep3282,iter,1,0.25
Hiromi_96,this2191,iter,1,0.25
Hiromi_97,ball1845,iter,1,0.25
Hiromi_97,"car, vroom3280",iter,1,0.25
Hiromi_97,daddy2209,iter,1,0.25
Hiromi_97,daddy2211,iter,1,0.25
Hiromi_97,daddy2214,iter,1,0.25
Hiromi_97,ear2202,iter,1,0.25
Hiromi_97,hippopotamus2182,iter,1,0.25
Hiromi_97,mom2195,iter,1,0.25
Hiromi_97,neko 'cat2203,iter,1,0.25
Hiromi_97,neko 'cat2205,iter,1,0.25
Hiromi_97,neko 'cat2206,iter,1,0.25
Hiromi_97,neko 'cat2207,iter,1,0.25
Hiromi_97,panda1854,iter,1,0.25
Hiromi_97,this2189,iter,1,0.25
Hiromi_97,this2191,iter,1,0.25
Hiromi_97,this2193,iter,1,0.25
Hiromi_98,neko 'cat2203,iter,1,0.25
Hiromi_98,neko 'cat2204,iter,1,0.25
Hiromi_98,sleep3281,iter,1,0.25
Hiromi_98,sleep3284,iter,1,0.25
Hiromi_98,this2190,iter,1,0.25
Hiromi_98,this2192,iter,1,0.25
Hiromi_99,Barney1844,iter,1,0.25
Hiromi_99,baby2179,iter,1,0.25
Hiromi_99,cake2187,iter,1,0.25
Hiromi_99,daddy2213,iter,1,0.25
Hiromi_99,ear2202,iter,1,0.25
Hiromi_99,foot2894,iter,1,0.25
Hiromi_99,hippopotamus2182,iter,1,0.25
Hiromi_99,mom2194,iter,1,0.25
Hiromi_99,mom2196,iter,1,0.25
Hiromi_99,mom2199,iter,1,0.25
Hiromi_99,neko 'cat2204,iter,1,0.25
Hiromi_99,neko 'cat2207,iter,1,0.25
Hiromi_99,panda1855,iter,1,0.25
Hiromi_99,sleep3281,iter,1,0.25
Hiromi_99,sleep3282,iter,1,0.25
Hiromi_99,this1852,iter,1,0.25
Hiromi_99,this1853,iter,1,0.25
Hiromi_99,this2190,iter,1,0.25
Ivy_1,giraffe2770,iter,1,0.25
Ivy_1,rabbit2044,iter,1,0.25
Ivy_1,tractor2049,iter,1,0.25
Ivy_10,baby2024,iter,1,0.25
Ivy_10,baby2026,iter,1,0.25
Ivy_10,jumpy2032,iter,1,0.25
Ivy_10,mummy2037,iter,1,0.25
Ivy_10,mummy2038,iter,1,0.25
Ivy_10,mummy2039,iter,1,0.25
Ivy_10,mummy2040,iter,1,0.25
Ivy_10,quack quack2773,iter,1,0.25
Ivy_10,row row2046,iter,1,0.25
Ivy_10,row row3083,iter,1,0.25
Ivy_10,row row3086,iter,1,0.25
Ivy_10,zebra2052,iter,1,0.25
Ivy_100,baby2020,iter,1,0.25
Ivy_100,baby2024,iter,1,0.25
Ivy_100,baby2026,iter,1,0.25
Ivy_100,daddy2028,iter,1,0.25
Ivy_100,teddy2048,iter,1,0.25
Ivy_11,giraffe2769,iter,1,0.25
Ivy_11,giraffe2771,iter,1,0.25
Ivy_11,ribbit2627,iter,1,0.25
Ivy_11,ribbit3088,iter,1,0.25
Ivy_12,baby2022,iter,1,0.25
Ivy_12,baby2025,iter,1,0.25
Ivy_12,giraffe2769,iter,1,0.25
Ivy_12,giraffe2770,iter,1,0.25
Ivy_12,mummy2040,iter,1,0.25
Ivy_12,ribbit3088,iter,1,0.25
Ivy_12,row row2045,iter,1,0.25
Ivy_12,row row3083,iter,1,0.25
Ivy_13,baby2026,iter,1,0.25
Ivy_13,giraffe2770,iter,1,0.25
Ivy_13,lion3081,iter,1,0.25
Ivy_13,mummy2040,iter,1,0.25
Ivy_13,mummy2043,iter,1,0.25
Ivy_13,zebra2052,iter,1,0.25
Ivy_15,baby2020,iter,1,0.25
Ivy_15,baby2024,iter,1,0.25
Ivy_15,daddy2030,iter,1,0.25
Ivy_15,giraffe2769,iter,1,0.25
Ivy_15,giraffe2771,iter,1,0.25
Ivy_15,jumpy2034,iter,1,0.25
Ivy_15,lion3079,iter,1,0.25
Ivy_15,monkey3144,iter,1,0.25
Ivy_15,mummy2037,iter,1,0.25
Ivy_15,mummy2038,iter,1,0.25
Ivy_15,mummy2041,iter,1,0.25
Ivy_15,zebra2052,iter,1,0.25
Ivy_16,rabbit2044,iter,1,0.25
Ivy_17,baby2021,iter,1,0.25
Ivy_17,baby2026,iter,1,0.25
Ivy_17,giraffe2771,iter,1,0.25
Ivy_17,mummy2037,iter,1,0.25
Ivy_17,mummy2039,iter,1,0.25
Ivy_17,mummy2042,iter,1,0.25
Ivy_17,zebra2052,iter,1,0.25
Ivy_19,giraffe2770,iter,1,0.25
Ivy_19,lion3079,iter,1,0.25
Ivy_19,lion3081,iter,1,0.25
Ivy_19,lion3082,iter,1,0.25
Ivy_2,baby2021,iter,1,0.25
Ivy_2,baby2025,iter,1,0.25
Ivy_2,baby2026,iter,1,0.25
Ivy_21,baby2021,iter,1,0.25
Ivy_21,ribbit2627,iter,1,0.25
Ivy_21,row row3084,iter,1,0.25
Ivy_22,woof2625,iter,1,0.25
Ivy_22,woof3580,iter,1,0.25
Ivy_23,baby2026,iter,1,0.25
Ivy_23,giraffe2771,iter,1,0.25
Ivy_23,mummy2038,iter,1,0.25
Ivy_23,mummy2041,iter,1,0.25
Ivy_23,mummy2042,iter,1,0.25
Ivy_23,ribbit2053,iter,1,0.25
Ivy_24,baby2020,iter,1,0.25
Ivy_24,baby2021,iter,1,0.25
Ivy_24,baby2024,iter,1,0.25
Ivy_24,baby2025,iter,1,0.25
Ivy_24,bye bye2027,iter,1,0.25
Ivy_24,daddy2028,iter,1,0.25
Ivy_24,teddy2048,iter,1,0.25
Ivy_25,baby2022,iter,1,0.25
Ivy_25,giraffe2771,iter,1,0.25
Ivy_25,jumpy2032,iter,1,0.25
Ivy_25,mummy2042,iter,1,0.25
Ivy_25,mummy2043,iter,1,0.25
Ivy_27,baby2020,iter,1,0.25
Ivy_27,baby2024,iter,1,0.25
Ivy_27,bye bye2027,iter,1,0.25
Ivy_27,daddy2029,iter,1,0.25
Ivy_27,jumpy2032,iter,1,0.25
Ivy_27,lion2772,iter,1,0.25
Ivy_27,mummy2042,iter,1,0.25
Ivy_27,teddy2048,iter,1,0.25
Ivy_28,baby2023,iter,1,0.25
Ivy_28,daddy2028,iter,1,0.25
Ivy_28,jumpy2032,iter,1,0.25
Ivy_28,jumpy2034,iter,1,0.25
Ivy_28,lion3079,iter,1,0.25
Ivy_28,mummy2038,iter,1,0.25
Ivy_29,baby2021,iter,1,0.25
Ivy_29,baby2023,iter,1,0.25
Ivy_29,bye bye2027,iter,1,0.25
Ivy_29,jumpy2032,iter,1,0.25
Ivy_29,jumpy2033,iter,1,0.25
Ivy_29,monkey3144,iter,1,0.25
Ivy_29,mummy2042,iter,1,0.25
Ivy_29,ribbit2627,iter,1,0.25
Ivy_29,teddy2047,iter,1,0.25
Ivy_29,teddy2048,iter,1,0.25
Ivy_29,zebra2052,iter,1,0.25
Ivy_30,baby2020,iter,1,0.25
Ivy_30,baby2024,iter,1,0.25
Ivy_30,daddy2028,iter,1,0.25
Ivy_30,lion2772,iter,1,0.25
Ivy_30,teddy2048,iter,1,0.25
Ivy_30,what's that?2051,iter,1,0.25
Ivy_31,baby2023,iter,1,0.25
Ivy_31,baby2025,iter,1,0.25
Ivy_31,mummy2038,iter,1,0.25
Ivy_31,mummy2040,iter,1,0.25
Ivy_31,mummy2043,iter,1,0.25
Ivy_31,quack quack2773,iter,1,0.25
Ivy_31,ribbit2053,iter,1,0.25
Ivy_31,ribbit3088,iter,1,0.25
Ivy_31,row row3083,iter,1,0.25
Ivy_32,balloon2768,iter,1,0.25
Ivy_32,giraffe2771,iter,1,0.25
Ivy_32,lion3081,iter,1,0.25
Ivy_32,mummy2038,iter,1,0.25
Ivy_32,mummy2040,iter,1,0.25
Ivy_32,mummy2041,iter,1,0.25
Ivy_34,giraffe2031,iter,1,0.25
Ivy_35,baby2023,iter,1,0.25
Ivy_35,giraffe2771,iter,1,0.25
Ivy_35,lion2772,iter,1,0.25
Ivy_35,monkey3144,iter,1,0.25
Ivy_35,mummy2037,iter,1,0.25
Ivy_35,mummy2039,iter,1,0.25
Ivy_35,mummy2043,iter,1,0.25
Ivy_35,row row2046,iter,1,0.25
Ivy_35,zebra2052,iter,1,0.25
Ivy_36,baby2021,iter,1,0.25
Ivy_36,baby2022,iter,1,0.25
Ivy_36,baby2023,iter,1,0.25
Ivy_36,balloon2768,iter,1,0.25
Ivy_36,mummy2037,iter,1,0.25
Ivy_37,baby2020,iter,1,0.25
Ivy_37,daddy2028,iter,1,0.25
Ivy_37,lion2772,iter,1,0.25
Ivy_37,lion3079,iter,1,0.25
Ivy_37,monkey3144,iter,1,0.25
Ivy_37,mummy2042,iter,1,0.25
Ivy_37,teddy2047,iter,1,0.25
Ivy_37,teddy2048,iter,1,0.25
Ivy_38,lion2036,iter,1,0.25
Ivy_38,ribbit2053,iter,1,0.25
Ivy_38,row row2045,iter,1,0.25
Ivy_38,zebra2052,iter,1,0.25
Ivy_39,ribbit3088,iter,1,0.25
Ivy_39,row row3083,iter,1,0.25
Ivy_39,row row3086,iter,1,0.25
Ivy_4,quack quack2773,iter,1,0.25
Ivy_40,rabbit2044,iter,1,0.25
Ivy_40,row row2046,iter,1,0.25
Ivy_41,lion2035,iter,1,0.25
Ivy_41,lion2036,iter,1,0.25
Ivy_41,row row2046,iter,1,0.25
Ivy_42,balloon2768,iter,1,0.25
Ivy_42,giraffe2769,iter,1,0.25
Ivy_42,giraffe2770,iter,1,0.25
Ivy_42,lion3080,iter,1,0.25
Ivy_43,baby2025,iter,1,0.25
Ivy_43,mummy2038,iter,1,0.25
Ivy_43,quack quack2773,iter,1,0.25
Ivy_44,baby2021,iter,1,0.25
Ivy_44,baby2024,iter,1,0.25
Ivy_44,baby2025,iter,1,0.25
Ivy_44,bye bye2027,iter,1,0.25
Ivy_44,giraffe2769,iter,1,0.25
Ivy_44,giraffe2771,iter,1,0.25
Ivy_44,mummy2042,iter,1,0.25
Ivy_44,mummy2043,iter,1,0.25
Ivy_45,baby2020,iter,1,0.25
Ivy_45,giraffe2770,iter,1,0.25
Ivy_45,lion2772,iter,1,0.25
Ivy_45,mummy2038,iter,1,0.25
Ivy_45,mummy2040,iter,1,0.25
Ivy_45,teddy2048,iter,1,0.25
Ivy_45,zebra2052,iter,1,0.25
Ivy_46,baby2026,iter,1,0.25
Ivy_47,balloon2768,iter,1,0.25
Ivy_47,bye bye2027,iter,1,0.25
Ivy_47,giraffe2770,iter,1,0.25
Ivy_47,giraffe2771,iter,1,0.25
Ivy_47,lion3079,iter,1,0.25
Ivy_47,monkey3144,iter,1,0.25
Ivy_47,mummy2039,iter,1,0.25
Ivy_47,mummy2040,iter,1,0.25
Ivy_47,mummy2042,iter,1,0.25
Ivy_47,ribbit2053,iter,1,0.25
Ivy_48,giraffe2770,iter,1,0.25
Ivy_48,lion3080,iter,1,0.25
Ivy_48,teddy2048,iter,1,0.25
Ivy_5,baby2021,iter,1,0.25
Ivy_5,baby2026,iter,1,0.25
Ivy_5,giraffe2769,iter,1,0.25
Ivy_5,mummy2039,iter,1,0.25
Ivy_5,mummy2040,iter,1,0.25
Ivy_5,mummy2041,iter,1,0.25
Ivy_5,ribbit3088,iter,1,0.25
Ivy_5,row row3084,iter,1,0.25
Ivy_52,lion2035,iter,1,0.25
Ivy_52,tractor2049,iter,1,0.25
Ivy_54,daddy2028,iter,1,0.25
Ivy_54,daddy2029,iter,1,0.25
Ivy_54,daddy2030,iter,1,0.25
Ivy_54,lion2772,iter,1,0.25
Ivy_54,lion3079,iter,1,0.25
Ivy_54,monkey3144,iter,1,0.25
Ivy_54,mummy2038,iter,1,0.25
Ivy_54,teddy2047,iter,1,0.25
Ivy_54,teddy2048,iter,1,0.25
Ivy_55,baby2021,iter,1,0.25
Ivy_55,baby2026,iter,1,0.25
Ivy_55,daddy2030,iter,1,0.25
Ivy_55,jumpy2032,iter,1,0.25
Ivy_55,jumpy2033,iter,1,0.25
Ivy_55,jumpy2034,iter,1,0.25
Ivy_55,lion2772,iter,1,0.25
Ivy_55,monkey3144,iter,1,0.25
Ivy_55,mummy2038,iter,1,0.25
Ivy_55,mummy2042,iter,1,0.25
Ivy_56,baby2021,iter,1,0.25
Ivy_56,baby2025,iter,1,0.25
Ivy_56,giraffe2769,iter,1,0.25
Ivy_56,giraffe2771,iter,1,0.25
Ivy_56,mummy2037,iter,1,0.25
Ivy_56,mummy2042,iter,1,0.25
Ivy_56,row row2046,iter,1,0.25
Ivy_56,row row3083,iter,1,0.25
Ivy_56,row row3084,iter,1,0.25
Ivy_56,row row3086,iter,1,0.25
Ivy_58,baby2026,iter,1,0.25
Ivy_58,giraffe2770,iter,1,0.25
Ivy_58,ribbit2627,iter,1,0.25
Ivy_58,row row3084,iter,1,0.25
Ivy_58,row row3086,iter,1,0.25
Ivy_58,zebra2052,iter,1,0.25
Ivy_59,baby2025,iter,1,0.25
Ivy_59,baby2026,iter,1,0.25
Ivy_59,giraffe2769,iter,1,0.25
Ivy_59,giraffe2771,iter,1,0.25
Ivy_59,mummy2037,iter,1,0.25
Ivy_59,mummy2040,iter,1,0.25
Ivy_59,row row3084,iter,1,0.25
Ivy_60,baby2023,iter,1,0.25
Ivy_60,giraffe2771,iter,1,0.25
Ivy_61,baby2021,iter,1,0.25
Ivy_61,giraffe2771,iter,1,0.25
Ivy_61,mummy2037,iter,1,0.25
Ivy_61,mummy2041,iter,1,0.25
Ivy_61,mummy2042,iter,1,0.25
Ivy_61,quack quack2773,iter,1,0.25
Ivy_61,ribbit2053,iter,1,0.25
Ivy_61,ribbit3088,iter,1,0.25
Ivy_61,row row3086,iter,1,0.25
Ivy_62,baby2021,iter,1,0.25
Ivy_62,monkey3144,iter,1,0.25
Ivy_62,mummy2038,iter,1,0.25
Ivy_62,mummy2040,iter,1,0.25
Ivy_62,mummy2042,iter,1,0.25
Ivy_62,mummy2043,iter,1,0.25
Ivy_63,baby2025,iter,1,0.25
Ivy_63,ribbit3088,iter,1,0.25
Ivy_63,row row3083,iter,1,0.25
Ivy_63,row row3086,iter,1,0.25
Ivy_64,baby2026,iter,1,0.25
Ivy_64,bye bye2027,iter,1,0.25
Ivy_64,giraffe2769,iter,1,0.25
Ivy_64,monkey3144,iter,1,0.25
Ivy_64,mummy2039,iter,1,0.25
Ivy_64,mummy2042,iter,1,0.25
Ivy_64,ribbit3088,iter,1,0.25
Ivy_64,row row2046,iter,1,0.25
Ivy_65,baby2021,iter,1,0.25
Ivy_65,balloon2768,iter,1,0.25
Ivy_65,giraffe2770,iter,1,0.25
Ivy_65,mummy2039,iter,1,0.25
Ivy_65,mummy2042,iter,1,0.25
Ivy_65,mummy2043,iter,1,0.25
Ivy_66,jumpy2032,iter,1,0.25
Ivy_66,teddy2048,iter,1,0.25
Ivy_67,baby2022,iter,1,0.25
Ivy_67,baby2025,iter,1,0.25
Ivy_67,bye bye2027,iter,1,0.25
Ivy_67,monkey3144,iter,1,0.25
Ivy_67,mummy2040,iter,1,0.25
Ivy_67,mummy2041,iter,1,0.25
Ivy_67,quack quack2773,iter,1,0.25
Ivy_67,row row3083,iter,1,0.25
Ivy_67,row row3086,iter,1,0.25
Ivy_68,baby2020,iter,1,0.25
Ivy_68,baby2025,iter,1,0.25
Ivy_68,baby2026,iter,1,0.25
Ivy_68,daddy2028,iter,1,0.25
Ivy_68,giraffe2771,iter,1,0.25
Ivy_68,lion2772,iter,1,0.25
Ivy_68,lion3079,iter,1,0.25
Ivy_68,mummy2037,iter,1,0.25
Ivy_68,mummy2038,iter,1,0.25
Ivy_68,mummy2043,iter,1,0.25
Ivy_69,baby2021,iter,1,0.25
Ivy_69,baby2022,iter,1,0.25
Ivy_69,jumpy2032,iter,1,0.25
Ivy_69,jumpy2034,iter,1,0.25
Ivy_69,monkey3144,iter,1,0.25
Ivy_69,ribbit2627,iter,1,0.25
Ivy_69,teddy2048,iter,1,0.25
Ivy_7,bye bye2027,iter,1,0.25
Ivy_7,jumpy2033,iter,1,0.25
Ivy_7,jumpy2034,iter,1,0.25
Ivy_7,lion2772,iter,1,0.25
Ivy_7,mummy2038,iter,1,0.25
Ivy_7,mummy2042,iter,1,0.25
Ivy_7,quack quack2773,iter,1,0.25
Ivy_7,teddy2047,iter,1,0.25
Ivy_7,teddy2048,iter,1,0.25
Ivy_70,quack quack2773,iter,1,0.25
Ivy_70,teddy2047,iter,1,0.25
Ivy_71,baby2022,iter,1,0.25
Ivy_71,baby2023,iter,1,0.25
Ivy_71,balloon2768,iter,1,0.25
Ivy_71,mummy2037,iter,1,0.25
Ivy_71,mummy2040,iter,1,0.25
Ivy_71,zebra2052,iter,1,0.25
Ivy_72,baby2020,iter,1,0.25
Ivy_72,baby2025,iter,1,0.25
Ivy_72,baby2026,iter,1,0.25
Ivy_72,giraffe2769,iter,1,0.25
Ivy_72,giraffe2770,iter,1,0.25
Ivy_72,jumpy2032,iter,1,0.25
Ivy_72,jumpy2034,iter,1,0.25
Ivy_72,mummy2040,iter,1,0.25
Ivy_72,mummy2042,iter,1,0.25
Ivy_72,row row3083,iter,1,0.25
Ivy_73,baby2025,iter,1,0.25
Ivy_73,giraffe2769,iter,1,0.25
Ivy_73,giraffe2770,iter,1,0.25
Ivy_73,giraffe2771,iter,1,0.25
Ivy_73,lion3081,iter,1,0.25
Ivy_73,monkey3144,iter,1,0.25
Ivy_73,mummy2037,iter,1,0.25
Ivy_73,mummy2041,iter,1,0.25
Ivy_73,mummy2043,iter,1,0.25
Ivy_74,baby2025,iter,1,0.25
Ivy_74,daddy2028,iter,1,0.25
Ivy_74,giraffe2770,iter,1,0.25
Ivy_74,giraffe2771,iter,1,0.25
Ivy_74,monkey3144,iter,1,0.25
Ivy_74,ribbit2053,iter,1,0.25
Ivy_75,baby2021,iter,1,0.25
Ivy_75,baby2022,iter,1,0.25
Ivy_75,baby2024,iter,1,0.25
Ivy_75,daddy2028,iter,1,0.25
Ivy_75,jumpy2034,iter,1,0.25
Ivy_75,lion2772,iter,1,0.25
Ivy_75,monkey3144,iter,1,0.25
Ivy_75,mummy2038,iter,1,0.25
Ivy_75,mummy2042,iter,1,0.25
Ivy_75,teddy2047,iter,1,0.25
Ivy_76,giraffe2770,iter,1,0.25
Ivy_76,lion2772,iter,1,0.25
Ivy_76,mummy2038,iter,1,0.25
Ivy_76,teddy2048,iter,1,0.25
Ivy_77,baby2022,iter,1,0.25
Ivy_77,baby2026,iter,1,0.25
Ivy_77,daddy2030,iter,1,0.25
Ivy_77,giraffe2769,iter,1,0.25
Ivy_77,lion2772,iter,1,0.25
Ivy_77,quack quack2773,iter,1,0.25
Ivy_77,ribbit2627,iter,1,0.25
Ivy_77,row row3083,iter,1,0.25
Ivy_77,teddy2048,iter,1,0.25
Ivy_77,what's that?2051,iter,1,0.25
Ivy_78,baby2020,iter,1,0.25
Ivy_78,baby2021,iter,1,0.25
Ivy_78,baby2022,iter,1,0.25
Ivy_78,baby2025,iter,1,0.25
Ivy_78,bye bye2027,iter,1,0.25
Ivy_78,mummy2041,iter,1,0.25
Ivy_78,mummy2042,iter,1,0.25
Ivy_78,quack quack2773,iter,1,0.25
Ivy_78,row row3084,iter,1,0.25
Ivy_79,balloon2768,iter,1,0.25
Ivy_79,lion3079,iter,1,0.25
Ivy_79,mummy2041,iter,1,0.25
Ivy_8,baby2020,iter,1,0.25
Ivy_8,baby2021,iter,1,0.25
Ivy_8,baby2024,iter,1,0.25
Ivy_8,balloon2768,iter,1,0.25
Ivy_8,lion3079,iter,1,0.25
Ivy_8,monkey3144,iter,1,0.25
Ivy_8,mummy2042,iter,1,0.25
Ivy_8,zebra2052,iter,1,0.25
Ivy_80,baby2022,iter,1,0.25
Ivy_80,giraffe2770,iter,1,0.25
Ivy_80,monkey3144,iter,1,0.25
Ivy_80,mummy2039,iter,1,0.25
Ivy_80,mummy2040,iter,1,0.25
Ivy_80,zebra2052,iter,1,0.25
Ivy_81,giraffe2770,iter,1,0.25
Ivy_81,lion2772,iter,1,0.25
Ivy_83,daddy2028,iter,1,0.25
Ivy_83,daddy2030,iter,1,0.25
Ivy_83,lion2772,iter,1,0.25
Ivy_85,baby2026,iter,1,0.25
Ivy_85,giraffe2769,iter,1,0.25
Ivy_85,jumpy2034,iter,1,0.25
Ivy_85,monkey3144,iter,1,0.25
Ivy_85,mummy2037,iter,1,0.25
Ivy_85,ribbit2053,iter,1,0.25
Ivy_85,ribbit2627,iter,1,0.25
Ivy_85,row row2046,iter,1,0.25
Ivy_86,baby2021,iter,1,0.25
Ivy_86,baby2025,iter,1,0.25
Ivy_86,jumpy2034,iter,1,0.25
Ivy_86,row row3084,iter,1,0.25
Ivy_88,lion2035,iter,1,0.25
Ivy_88,lion2772,iter,1,0.25
Ivy_89,baby2020,iter,1,0.25
Ivy_89,baby2021,iter,1,0.25
Ivy_89,baby2022,iter,1,0.25
Ivy_89,baby2025,iter,1,0.25
Ivy_89,jumpy2034,iter,1,0.25
Ivy_89,lion2772,iter,1,0.25
Ivy_89,monkey3144,iter,1,0.25
Ivy_9,baby2020,iter,1,0.25
Ivy_9,baby2024,iter,1,0.25
Ivy_9,baby2025,iter,1,0.25
Ivy_9,bye bye2027,iter,1,0.25
Ivy_9,daddy2028,iter,1,0.25
Ivy_9,jumpy2034,iter,1,0.25
Ivy_9,lion2772,iter,1,0.25
Ivy_9,mummy2042,iter,1,0.25
Ivy_90,tractor2049,iter,1,0.25
Ivy_91,giraffe2771,iter,1,0.25
Ivy_91,mummy2038,iter,1,0.25
Ivy_91,mummy2039,iter,1,0.25
Ivy_91,mummy2041,iter,1,0.25
Ivy_91,mummy2042,iter,1,0.25
Ivy_91,mummy2043,iter,1,0.25
Ivy_91,zebra2052,iter,1,0.25
Ivy_92,baby2026,iter,1,0.25
Ivy_92,giraffe2770,iter,1,0.25
Ivy_92,zebra2052,iter,1,0.25
Ivy_93,jumpy2034,iter,1,0.25
Ivy_94,baby2023,iter,1,0.25
Ivy_94,bye bye2027,iter,1,0.25
Ivy_94,lion2772,iter,1,0.25
Ivy_94,mummy2042,iter,1,0.25
Ivy_94,mummy2043,iter,1,0.25
Ivy_95,row row3085,iter,1,0.25
Ivy_96,jumpy2032,iter,1,0.25
Ivy_96,jumpy2034,iter,1,0.25
Ivy_96,mummy2038,iter,1,0.25
Ivy_97,baby2020,iter,1,0.25
Ivy_97,baby2024,iter,1,0.25
Ivy_97,bye bye2027,iter,1,0.25
Ivy_97,giraffe2770,iter,1,0.25
Ivy_97,jumpy2034,iter,1,0.25
Ivy_97,lion2035,iter,1,0.25
Ivy_97,lion2772,iter,1,0.25
Ivy_97,lion3081,iter,1,0.25
Ivy_97,lion3082,iter,1,0.25
Ivy_97,mummy2043,iter,1,0.25
Ivy_97,row row2045,iter,1,0.25
Ivy_97,row row2046,iter,1,0.25
Ivy_98,baby2020,iter,1,0.25
Ivy_98,baby2024,iter,1,0.25
Ivy_98,bye bye2027,iter,1,0.25
Ivy_98,daddy2030,iter,1,0.25
Ivy_98,jumpy2034,iter,1,0.25
Ivy_98,monkey3144,iter,1,0.25
Ivy_98,mummy2043,iter,1,0.25
Ivy_98,quack quack2773,iter,1,0.25
Ivy_98,teddy2047,iter,1,0.25
Ivy_98,zebra2052,iter,1,0.25
Ivy_99,baby2020,iter,1,0.25
Ivy_99,baby2022,iter,1,0.25
Ivy_99,baby2024,iter,1,0.25
Ivy_99,bye bye2027,iter,1,0.25
Ivy_99,giraffe2769,iter,1,0.25
Ivy_99,mummy2039,iter,1,0.25
Ivy_99,mummy2040,iter,1,0.25
Ivy_99,ribbit2627,iter,1,0.25
Ivy_99,row row3084,iter,1,0.25
Julien_1,Boubou2449,iter,1,0.25
Julien_1,Boubou2450,iter,1,0.25
Julien_1,Maman2458,iter,1,0.25
Julien_1,Papa2461,iter,1,0.25
Julien_1,Papa2462,iter,1,0.25
Julien_1,Petit2972,iter,1,0.25
Julien_1,Pin pon2463,iter,1,0.25
Julien_1,Pin pon2464,iter,1,0.25
Julien_1,Popi2465,iter,1,0.25
Julien_1,Tonton2466,iter,1,0.25
Julien_1,Tonton2467,iter,1,0.25
Julien_1,cot cot2453,iter,1,0.25
Julien_1,croco2454,iter,1,0.25
Julien_1,croco2455,iter,1,0.25
Julien_1,croco2456,iter,1,0.25
Julien_1,croco3111,iter,1,0.25
Julien_1,les deux2971,iter,1,0.25
Julien_1,plus grand2457,iter,1,0.25
Julien_10,Boubou2449,iter,1,0.25
Julien_10,Boubou2450,iter,1,0.25
Julien_10,Boubou2451,iter,1,0.25
Julien_10,Maman2458,iter,1,0.25
Julien_10,Papa2460,iter,1,0.25
Julien_10,Papa2461,iter,1,0.25
Julien_10,Papa2462,iter,1,0.25
Julien_10,Petit2972,iter,1,0.25
Julien_10,Pin pon2463,iter,1,0.25
Julien_10,Pin pon2464,iter,1,0.25
Julien_10,Pin pon3112,iter,1,0.25
Julien_10,Tonton2466,iter,1,0.25
Julien_10,Tonton2467,iter,1,0.25
Julien_10,cot cot2453,iter,1,0.25
Julien_10,croco2454,iter,1,0.25
Julien_10,croco2455,iter,1,0.25
Julien_10,croco3111,iter,1,0.25
Julien_10,les deux2971,iter,1,0.25
Julien_10,plus grand2457,iter,1,0.25
Julien_100,Boubou2449,iter,1,0.25
Julien_100,Boubou2451,iter,1,0.25
Julien_100,Maman2458,iter,1,0.25
Julien_100,Nana2459,iter,1,0.25
Julien_100,Papa2460,iter,1,0.25
Julien_100,Papa2461,iter,1,0.25
Julien_100,Pin pon2463,iter,1,0.25
Julien_100,Pin pon2464,iter,1,0.25
Julien_100,Popi2465,iter,1,0.25
Julien_100,Tonton2466,iter,1,0.25
Julien_100,Tonton2467,iter,1,0.25
Julien_100,cot cot2453,iter,1,0.25
Julien_100,croco2454,iter,1,0.25
Julien_100,croco2455,iter,1,0.25
Julien_100,croco2456,iter,1,0.25
Julien_100,croco3111,iter,1,0.25
Julien_100,les deux2971,iter,1,0.25
Julien_100,plus grand2457,iter,1,0.25
Julien_11,Boubou2449,iter,1,0.25
Julien_11,Boubou2450,iter,1,0.25
Julien_11,Boubou2451,iter,1,0.25
Julien_11,Corinne2452,iter,1,0.25
Julien_11,Maman2458,iter,1,0.25
Julien_11,Popi2465,iter,1,0.25
Julien_11,les deux2971,iter,1,0.25
Julien_11,plus grand2457,iter,1,0.25
Julien_12,Boubou2449,iter,1,0.25
Julien_12,Boubou2450,iter,1,0.25
Julien_12,Nana2459,iter,1,0.25
Julien_12,Papa2460,iter,1,0.25
Julien_12,Papa2461,iter,1,0.25
Julien_12,Papa2462,iter,1,0.25
Julien_12,Petit2972,iter,1,0.25
Julien_12,Pin pon2463,iter,1,0.25
Julien_12,Pin pon2464,iter,1,0.25
Julien_12,Pin pon3112,iter,1,0.25
Julien_12,Popi2465,iter,1,0.25
Julien_12,Tonton2466,iter,1,0.25
Julien_12,Tonton2467,iter,1,0.25
Julien_12,cot cot2453,iter,1,0.25
Julien_12,croco2454,iter,1,0.25
Julien_12,croco2455,iter,1,0.25
Julien_12,croco3111,iter,1,0.25
Julien_12,les deux2971,iter,1,0.25
Julien_12,plus grand2457,iter,1,0.25
Julien_13,Boubou2449,iter,1,0.25
Julien_13,Boubou2450,iter,1,0.25
Julien_13,Corinne2452,iter,1,0.25
Julien_13,Maman2458,iter,1,0.25
Julien_13,Nana2459,iter,1,0.25
Julien_13,Papa2460,iter,1,0.25
Julien_13,Papa2461,iter,1,0.25
Julien_13,Papa2462,iter,1,0.25
Julien_13,Pin pon2463,iter,1,0.25
Julien_13,Pin pon2464,iter,1,0.25
Julien_13,Popi2465,iter,1,0.25
Julien_13,Tonton2466,iter,1,0.25
Julien_13,cot cot2453,iter,1,0.25
Julien_13,croco2455,iter,1,0.25
Julien_13,croco2456,iter,1,0.25
Julien_13,croco3111,iter,1,0.25
Julien_13,les deux2971,iter,1,0.25
Julien_13,plus grand2457,iter,1,0.25
Julien_14,Boubou2449,iter,1,0.25
Julien_14,Boubou2450,iter,1,0.25
Julien_14,Boubou2451,iter,1,0.25
Julien_14,Papa2460,iter,1,0.25
Julien_14,Papa2461,iter,1,0.25
Julien_14,Papa2462,iter,1,0.25
Julien_14,Pin pon2463,iter,1,0.25
Julien_14,Popi2465,iter,1,0.25
Julien_14,Tonton2466,iter,1,0.25
Julien_14,Tonton2467,iter,1,0.25
Julien_14,croco2454,iter,1,0.25
Julien_14,croco2456,iter,1,0.25
Julien_14,les deux2971,iter,1,0.25
Julien_14,plus grand2457,iter,1,0.25
Julien_15,Boubou2449,iter,1,0.25
Julien_15,Boubou2450,iter,1,0.25
Julien_15,Boubou2451,iter,1,0.25
Julien_15,Papa2460,iter,1,0.25
Julien_15,Papa2461,iter,1,0.25
Julien_15,Pin pon2463,iter,1,0.25
Julien_15,Pin pon2464,iter,1,0.25
Julien_15,Popi2465,iter,1,0.25
Julien_15,Tonton2466,iter,1,0.25
Julien_15,Tonton2467,iter,1,0.25
Julien_15,croco2454,iter,1,0.25
Julien_15,croco2455,iter,1,0.25
Julien_15,croco2456,iter,1,0.25
Julien_15,croco3111,iter,1,0.25
Julien_15,plus grand2457,iter,1,0.25
Julien_16,Boubou2450,iter,1,0.25
Julien_16,Boubou2451,iter,1,0.25
Julien_16,Corinne2452,iter,1,0.25
Julien_16,Maman2458,iter,1,0.25
Julien_16,Nana2459,iter,1,0.25
Julien_16,Papa2460,iter,1,0.25
Julien_16,Papa2461,iter,1,0.25
Julien_16,Pin pon2463,iter,1,0.25
Julien_16,Pin pon2464,iter,1,0.25
Julien_16,Popi2465,iter,1,0.25
Julien_16,croco3111,iter,1,0.25
Julien_16,les deux2971,iter,1,0.25
Julien_16,plus grand2457,iter,1,0.25
Julien_17,Boubou2449,iter,1,0.25
Julien_17,Boubou2450,iter,1,0.25
Julien_17,Boubou2451,iter,1,0.25
Julien_17,Maman2458,iter,1,0.25
Julien_17,Papa2460,iter,1,0.25
Julien_17,Papa2461,iter,1,0.25
Julien_17,Papa2462,iter,1,0.25
Julien_17,Petit2972,iter,1,0.25
Julien_17,Pin pon2464,iter,1,0.25
Julien_17,Pin pon3112,iter,1,0.25
Julien_17,Tonton2466,iter,1,0.25
Julien_17,Tonton2467,iter,1,0.25
Julien_17,cot cot2453,iter,1,0.25
Julien_17,croco2454,iter,1,0.25
Julien_17,croco2455,iter,1,0.25
Julien_17,croco2456,iter,1,0.25
Julien_17,plus grand2457,iter,1,0.25
Julien_18,Boubou2449,iter,1,0.25
Julien_18,Boubou2450,iter,1,0.25
Julien_18,Maman2458,iter,1,0.25
Julien_18,Nana2459,iter,1,0.25
Julien_18,Papa2460,iter,1,0.25
Julien_18,Papa2461,iter,1,0.25
Julien_18,Papa2462,iter,1,0.25
Julien_18,Petit2972,iter,1,0.25
Julien_18,Pin pon2463,iter,1,0.25
Julien_18,Pin pon2464,iter,1,0.25
Julien_18,Pin pon3112,iter,1,0.25
Julien_18,Popi2465,iter,1,0.25
Julien_18,Tonton2466,iter,1,0.25
Julien_18,Tonton2467,iter,1,0.25
Julien_18,croco2454,iter,1,0.25
Julien_18,croco2455,iter,1,0.25
Julien_18,croco2456,iter,1,0.25
Julien_18,croco3111,iter,1,0.25
Julien_18,les deux2971,iter,1,0.25
Julien_18,plus grand2457,iter,1,0.25
Julien_19,Boubou2449,iter,1,0.25
Julien_19,Boubou2450,iter,1,0.25
Julien_19,Boubou2451,iter,1,0.25
Julien_19,Maman2458,iter,1,0.25
Julien_19,Papa2460,iter,1,0.25
Julien_19,Papa2461,iter,1,0.25
Julien_19,Petit2972,iter,1,0.25
Julien_19,Pin pon2463,iter,1,0.25
Julien_19,Pin pon2464,iter,1,0.25
Julien_19,Pin pon3112,iter,1,0.25
Julien_19,Popi2465,iter,1,0.25
Julien_19,Tonton2467,iter,1,0.25
Julien_19,cot cot2453,iter,1,0.25
Julien_19,croco2454,iter,1,0.25
Julien_19,croco2455,iter,1,0.25
Julien_19,croco2456,iter,1,0.25
Julien_19,croco3111,iter,1,0.25
Julien_19,les deux2971,iter,1,0.25
Julien_19,plus grand2457,iter,1,0.25
Julien_2,Boubou2449,iter,1,0.25
Julien_2,Boubou2451,iter,1,0.25
Julien_2,Papa2460,iter,1,0.25
Julien_2,Papa2461,iter,1,0.25
Julien_2,Papa2462,iter,1,0.25
Julien_2,Pin pon2463,iter,1,0.25
Julien_2,Pin pon2464,iter,1,0.25
Julien_2,Popi2465,iter,1,0.25
Julien_2,Tonton2466,iter,1,0.25
Julien_2,Tonton2467,iter,1,0.25
Julien_2,cot cot2453,iter,1,0.25
Julien_2,croco2454,iter,1,0.25
Julien_2,croco2455,iter,1,0.25
Julien_2,croco2456,iter,1,0.25
Julien_2,croco3111,iter,1,0.25
Julien_2,les deux2971,iter,1,0.25
Julien_20,Boubou2449,iter,1,0.25
Julien_20,Boubou2450,iter,1,0.25
Julien_20,Boubou2451,iter,1,0.25
Julien_20,Papa2460,iter,1,0.25
Julien_20,Papa2461,iter,1,0.25
Julien_20,Papa2462,iter,1,0.25
Julien_20,Pin pon2463,iter,1,0.25
Julien_20,Pin pon2464,iter,1,0.25
Julien_20,Popi2465,iter,1,0.25
Julien_20,Tonton2466,iter,1,0.25
Julien_20,Tonton2467,iter,1,0.25
Julien_20,cot cot2453,iter,1,0.25
Julien_20,croco2454,iter,1,0.25
Julien_20,croco3111,iter,1,0.25
Julien_20,plus grand2457,iter,1,0.25
Julien_21,Boubou2449,iter,1,0.25
Julien_21,Boubou2450,iter,1,0.25
Julien_21,Boubou2451,iter,1,0.25
Julien_21,Corinne2452,iter,1,0.25
Julien_21,Maman2458,iter,1,0.25
Julien_21,Nana2459,iter,1,0.25
Julien_21,Papa2460,iter,1,0.25
Julien_21,Papa2461,iter,1,0.25
Julien_21,Papa2462,iter,1,0.25
Julien_21,Pin pon2463,iter,1,0.25
Julien_21,Popi2465,iter,1,0.25
Julien_21,Tonton2466,iter,1,0.25
Julien_21,Tonton2467,iter,1,0.25
Julien_21,cot cot2453,iter,1,0.25
Julien_21,croco2454,iter,1,0.25
Julien_21,croco2455,iter,1,0.25
Julien_21,croco2456,iter,1,0.25
Julien_21,croco3111,iter,1,0.25
Julien_21,plus grand2457,iter,1,0.25
Julien_22,Boubou2449,iter,1,0.25
Julien_22,Boubou2451,iter,1,0.25
Julien_22,Corinne2452,iter,1,0.25
Julien_22,Maman2458,iter,1,0.25
Julien_22,Nana2459,iter,1,0.25
Julien_22,Pin pon2464,iter,1,0.25
Julien_22,les deux2971,iter,1,0.25
Julien_22,plus grand2457,iter,1,0.25
Julien_23,Boubou2449,iter,1,0.25
Julien_23,Boubou2450,iter,1,0.25
Julien_23,Boubou2451,iter,1,0.25
Julien_23,Corinne2452,iter,1,0.25
Julien_23,Maman2458,iter,1,0.25
Julien_23,Nana2459,iter,1,0.25
Julien_23,Papa2460,iter,1,0.25
Julien_23,Papa2461,iter,1,0.25
Julien_23,Papa2462,iter,1,0.25
Julien_23,Pin pon2463,iter,1,0.25
Julien_23,Pin pon2464,iter,1,0.25
Julien_23,Popi2465,iter,1,0.25
Julien_23,croco3111,iter,1,0.25
Julien_23,les deux2971,iter,1,0.25
Julien_24,Boubou2449,iter,1,0.25
Julien_24,Boubou2450,iter,1,0.25
Julien_24,Boubou2451,iter,1,0.25
Julien_24,Corinne2452,iter,1,0.25
Julien_24,Nana2459,iter,1,0.25
Julien_24,Papa2460,iter,1,0.25
Julien_24,Papa2462,iter,1,0.25
Julien_24,Pin pon2463,iter,1,0.25
Julien_24,Pin pon2464,iter,1,0.25
Julien_24,Popi2465,iter,1,0.25
Julien_24,Tonton2466,iter,1,0.25
Julien_24,Tonton2467,iter,1,0.25
Julien_24,croco2454,iter,1,0.25
Julien_24,croco2455,iter,1,0.25
Julien_24,croco2456,iter,1,0.25
Julien_24,croco3111,iter,1,0.25
Julien_24,les deux2971,iter,1,0.25
Julien_24,plus grand2457,iter,1,0.25
Julien_25,Nana2459,iter,1,0.25
Julien_25,Pin pon2464,iter,1,0.25
Julien_25,Popi2465,iter,1,0.25
Julien_25,croco3111,iter,1,0.25
Julien_25,les deux2971,iter,1,0.25
Julien_25,plus grand2457,iter,1,0.25
Julien_26,Boubou2449,iter,1,0.25
Julien_26,Boubou2450,iter,1,0.25
Julien_26,Boubou2451,iter,1,0.25
Julien_26,Corinne2452,iter,1,0.25
Julien_26,Maman2458,iter,1,0.25
Julien_26,Nana2459,iter,1,0.25
Julien_26,Papa2460,iter,1,0.25
Julien_26,Papa2461,iter,1,0.25
Julien_26,Papa2462,iter,1,0.25
Julien_26,Pin pon2463,iter,1,0.25
Julien_26,Pin pon2464,iter,1,0.25
Julien_26,Popi2465,iter,1,0.25
Julien_26,Tonton2467,iter,1,0.25
Julien_26,croco2454,iter,1,0.25
Julien_26,croco2455,iter,1,0.25
Julien_26,croco2456,iter,1,0.25
Julien_26,les deux2971,iter,1,0.25
Julien_26,plus grand2457,iter,1,0.25
Julien_27,Boubou2450,iter,1,0.25
Julien_27,Boubou2451,iter,1,0.25
Julien_27,Papa2460,iter,1,0.25
Julien_27,Papa2461,iter,1,0.25
Julien_27,Papa2462,iter,1,0.25
Julien_27,Pin pon2463,iter,1,0.25
Julien_27,Pin pon2464,iter,1,0.25
Julien_27,Tonton2466,iter,1,0.25
Julien_27,cot cot2453,iter,1,0.25
Julien_27,croco2454,iter,1,0.25
Julien_27,croco2455,iter,1,0.25
Julien_27,croco2456,iter,1,0.25
Julien_27,croco3111,iter,1,0.25
Julien_27,plus grand2457,iter,1,0.25
Julien_28,Boubou2449,iter,1,0.25
Julien_28,Boubou2450,iter,1,0.25
Julien_28,Boubou2451,iter,1,0.25
Julien_28,Maman2458,iter,1,0.25
Julien_28,Papa2460,iter,1,0.25
Julien_28,Papa2461,iter,1,0.25
Julien_28,Papa2462,iter,1,0.25
Julien_28,Petit2972,iter,1,0.25
Julien_28,Pin pon2464,iter,1,0.25
Julien_28,Pin pon3112,iter,1,0.25
Julien_28,Popi2465,iter,1,0.25
Julien_28,Tonton2466,iter,1,0.25
Julien_28,Tonton2467,iter,1,0.25
Julien_28,cot cot2453,iter,1,0.25
Julien_28,croco2454,iter,1,0.25
Julien_28,croco2455,iter,1,0.25
Julien_28,croco3111,iter,1,0.25
Julien_28,les deux2971,iter,1,0.25
Julien_28,plus grand2457,iter,1,0.25
Julien_29,Boubou2449,iter,1,0.25
Julien_29,Boubou2450,iter,1,0.25
Julien_29,Boubou2451,iter,1,0.25
Julien_29,Corinne2452,iter,1,0.25
Julien_29,Maman2458,iter,1,0.25
Julien_29,Nana2459,iter,1,0.25
Julien_29,Papa2460,iter,1,0.25
Julien_29,Papa2461,iter,1,0.25
Julien_29,Papa2462,iter,1,0.25
Julien_29,Popi2465,iter,1,0.25
Julien_29,Tonton2466,iter,1,0.25
Julien_29,Tonton2467,iter,1,0.25
Julien_29,cot cot2453,iter,1,0.25
Julien_29,croco2454,iter,1,0.25
Julien_29,croco2455,iter,1,0.25
Julien_29,croco2456,iter,1,0.25
Julien_29,les deux2971,iter,1,0.25
Julien_29,plus grand2457,iter,1,0.25
Julien_3,Boubou2449,iter,1,0.25
Julien_3,Boubou2451,iter,1,0.25
Julien_3,Papa2460,iter,1,0.25
Julien_3,Papa2461,iter,1,0.25
Julien_3,Papa2462,iter,1,0.25
Julien_3,Petit2972,iter,1,0.25
Julien_3,Pin pon2463,iter,1,0.25
Julien_3,Pin pon3112,iter,1,0.25
Julien_3,croco3111,iter,1,0.25
Julien_3,les deux2971,iter,1,0.25
Julien_30,Boubou2450,iter,1,0.25
Julien_30,Boubou2451,iter,1,0.25
Julien_30,Corinne2452,iter,1,0.25
Julien_30,Maman2458,iter,1,0.25
Julien_30,Nana2459,iter,1,0.25
Julien_30,Papa2460,iter,1,0.25
Julien_30,Papa2461,iter,1,0.25
Julien_30,Papa2462,iter,1,0.25
Julien_30,Pin pon2463,iter,1,0.25
Julien_30,Pin pon2464,iter,1,0.25
Julien_30,Popi2465,iter,1,0.25
Julien_30,Tonton2466,iter,1,0.25
Julien_30,Tonton2467,iter,1,0.25
Julien_30,croco2454,iter,1,0.25
Julien_30,croco2455,iter,1,0.25
Julien_30,croco2456,iter,1,0.25
Julien_30,croco3111,iter,1,0.25
Julien_30,les deux2971,iter,1,0.25
Julien_30,plus grand2457,iter,1,0.25
Julien_31,Boubou2449,iter,1,0.25
Julien_31,Boubou2450,iter,1,0.25
Julien_31,Boubou2451,iter,1,0.25
Julien_31,Maman2458,iter,1,0.25
Julien_31,Papa2460,iter,1,0.25
Julien_31,Papa2461,iter,1,0.25
Julien_31,Papa2462,iter,1,0.25
Julien_31,Pin pon2463,iter,1,0.25
Julien_31,Pin pon2464,iter,1,0.25
Julien_31,Pin pon3112,iter,1,0.25
Julien_31,Popi2465,iter,1,0.25
Julien_31,Tonton2466,iter,1,0.25
Julien_31,Tonton2467,iter,1,0.25
Julien_31,cot cot2453,iter,1,0.25
Julien_31,croco2455,iter,1,0.25
Julien_31,croco2456,iter,1,0.25
Julien_31,croco3111,iter,1,0.25
Julien_31,les deux2971,iter,1,0.25
Julien_32,Boubou2449,iter,1,0.25
Julien_32,Boubou2450,iter,1,0.25
Julien_32,Boubou2451,iter,1,0.25
Julien_32,Corinne2452,iter,1,0.25
Julien_32,Maman2458,iter,1,0.25
Julien_32,Nana2459,iter,1,0.25
Julien_32,Papa2460,iter,1,0.25
Julien_32,Papa2462,iter,1,0.25
Julien_32,Pin pon2463,iter,1,0.25
Julien_32,Pin pon2464,iter,1,0.25
Julien_32,Popi2465,iter,1,0.25
Julien_32,Tonton2466,iter,1,0.25
Julien_32,cot cot2453,iter,1,0.25
Julien_32,croco2455,iter,1,0.25
Julien_32,croco2456,iter,1,0.25
Julien_32,croco3111,iter,1,0.25
Julien_32,les deux2971,iter,1,0.25
Julien_32,plus grand2457,iter,1,0.25
Julien_33,Boubou2449,iter,1,0.25
Julien_33,Boubou2450,iter,1,0.25
Julien_33,Boubou2451,iter,1,0.25
Julien_33,Papa2461,iter,1,0.25
Julien_33,Papa2462,iter,1,0.25
Julien_33,Pin pon2463,iter,1,0.25
Julien_33,Pin pon2464,iter,1,0.25
Julien_33,Popi2465,iter,1,0.25
Julien_33,Tonton2466,iter,1,0.25
Julien_33,Tonton2467,iter,1,0.25
Julien_33,cot cot2453,iter,1,0.25
Julien_33,croco2454,iter,1,0.25
Julien_33,croco2455,iter,1,0.25
Julien_33,croco2456,iter,1,0.25
Julien_33,croco3111,iter,1,0.25
Julien_33,les deux2971,iter,1,0.25
Julien_34,Boubou2450,iter,1,0.25
Julien_34,Boubou2451,iter,1,0.25
Julien_34,Papa2460,iter,1,0.25
Julien_34,Papa2461,iter,1,0.25
Julien_34,Papa2462,iter,1,0.25
Julien_34,Petit2972,iter,1,0.25
Julien_34,Pin pon3112,iter,1,0.25
Julien_34,croco3111,iter,1,0.25
Julien_34,les deux2971,iter,1,0.25
Julien_35,Boubou2449,iter,1,0.25
Julien_35,Boubou2450,iter,1,0.25
Julien_35,Boubou2451,iter,1,0.25
Julien_35,Corinne2452,iter,1,0.25
Julien_35,Papa2460,iter,1,0.25
Julien_35,Papa2461,iter,1,0.25
Julien_35,Papa2462,iter,1,0.25
Julien_35,Pin pon2463,iter,1,0.25
Julien_35,Pin pon2464,iter,1,0.25
Julien_35,Tonton2466,iter,1,0.25
Julien_35,Tonton2467,iter,1,0.25
Julien_35,cot cot2453,iter,1,0.25
Julien_35,croco2454,iter,1,0.25
Julien_35,croco2455,iter,1,0.25
Julien_35,croco2456,iter,1,0.25
Julien_35,croco3111,iter,1,0.25
Julien_35,les deux2971,iter,1,0.25
Julien_35,plus grand2457,iter,1,0.25
Julien_36,Boubou2449,iter,1,0.25
Julien_36,Boubou2450,iter,1,0.25
Julien_36,Boubou2451,iter,1,0.25
Julien_36,Corinne2452,iter,1,0.25
Julien_36,Maman2458,iter,1,0.25
Julien_36,Nana2459,iter,1,0.25
Julien_36,Papa2461,iter,1,0.25
Julien_36,Papa2462,iter,1,0.25
Julien_36,Petit2972,iter,1,0.25
Julien_36,Pin pon2464,iter,1,0.25
Julien_36,Pin pon3112,iter,1,0.25
Julien_36,Tonton2466,iter,1,0.25
Julien_36,Tonton2467,iter,1,0.25
Julien_36,cot cot2453,iter,1,0.25
Julien_36,croco2454,iter,1,0.25
Julien_36,croco2455,iter,1,0.25
Julien_36,croco2456,iter,1,0.25
Julien_36,croco3111,iter,1,0.25
Julien_36,les deux2971,iter,1,0.25
Julien_36,plus grand2457,iter,1,0.25
Julien_37,Boubou2449,iter,1,0.25
Julien_37,Boubou2450,iter,1,0.25
Julien_37,Boubou2451,iter,1,0.25
Julien_37,Maman2458,iter,1,0.25
Julien_37,Nana2459,iter,1,0.25
Julien_37,Papa2460,iter,1,0.25
Julien_37,Papa2461,iter,1,0.25
Julien_37,Pin pon2463,iter,1,0.25
Julien_37,Pin pon2464,iter,1,0.25
Julien_37,Pin pon3112,iter,1,0.25
Julien_37,Popi2465,iter,1,0.25
Julien_37,Tonton2467,iter,1,0.25
Julien_37,cot cot2453,iter,1,0.25
Julien_37,croco2454,iter,1,0.25
Julien_37,croco2455,iter,1,0.25
Julien_37,croco2456,iter,1,0.25
Julien_37,croco3111,iter,1,0.25
Julien_37,les deux2971,iter,1,0.25
Julien_37,plus grand2457,iter,1,0.25
Julien_38,Boubou2449,iter,1,0.25
Julien_38,Boubou2450,iter,1,0.25
Julien_38,Boubou2451,iter,1,0.25
Julien_38,Maman2458,iter,1,0.25
Julien_38,Papa2461,iter,1,0.25
Julien_38,Petit2972,iter,1,0.25
Julien_38,Pin pon2463,iter,1,0.25
Julien_38,Pin pon2464,iter,1,0.25
Julien_38,Pin pon3112,iter,1,0.25
Julien_38,Popi2465,iter,1,0.25
Julien_38,Tonton2466,iter,1,0.25
Julien_38,Tonton2467,iter,1,0.25
Julien_38,cot cot2453,iter,1,0.25
Julien_38,croco2454,iter,1,0.25
Julien_38,croco2456,iter,1,0.25
Julien_38,croco3111,iter,1,0.25
Julien_38,les deux2971,iter,1,0.25
Julien_38,plus grand2457,iter,1,0.25
Julien_39,Boubou2449,iter,1,0.25
Julien_39,Boubou2450,iter,1,0.25
Julien_39,Boubou2451,iter,1,0.25
Julien_39,Papa2460,iter,1,0.25
Julien_39,Papa2461,iter,1,0.25
Julien_39,Papa2462,iter,1,0.25
Julien_39,Pin pon2463,iter,1,0.25
Julien_39,Popi2465,iter,1,0.25
Julien_39,Tonton2466,iter,1,0.25
Julien_39,cot cot2453,iter,1,0.25
Julien_39,croco2454,iter,1,0.25
Julien_39,croco2455,iter,1,0.25
Julien_39,croco3111,iter,1,0.25
Julien_39,les deux2971,iter,1,0.25
Julien_39,plus grand2457,iter,1,0.25
Julien_4,Boubou2449,iter,1,0.25
Julien_4,Boubou2450,iter,1,0.25
Julien_4,Boubou2451,iter,1,0.25
Julien_4,Nana2459,iter,1,0.25
Julien_4,Papa2460,iter,1,0.25
Julien_4,Papa2461,iter,1,0.25
Julien_4,Papa2462,iter,1,0.25
Julien_4,Pin pon2464,iter,1,0.25
Julien_4,Pin pon3112,iter,1,0.25
Julien_4,Popi2465,iter,1,0.25
Julien_4,Tonton2466,iter,1,0.25
Julien_4,Tonton2467,iter,1,0.25
Julien_4,cot cot2453,iter,1,0.25
Julien_4,croco2454,iter,1,0.25
Julien_4,croco2455,iter,1,0.25
Julien_4,croco2456,iter,1,0.25
Julien_4,croco3111,iter,1,0.25
Julien_4,les deux2971,iter,1,0.25
Julien_4,plus grand2457,iter,1,0.25
Julien_40,Boubou2450,iter,1,0.25
Julien_40,Boubou2451,iter,1,0.25
Julien_40,Papa2460,iter,1,0.25
Julien_40,Papa2461,iter,1,0.25
Julien_40,Papa2462,iter,1,0.25
Julien_40,Pin pon2464,iter,1,0.25
Julien_40,Popi2465,iter,1,0.25
Julien_40,Tonton2466,iter,1,0.25
Julien_40,Tonton2467,iter,1,0.25
Julien_40,cot cot2453,iter,1,0.25
Julien_40,croco2454,iter,1,0.25
Julien_40,croco3111,iter,1,0.25
Julien_40,les deux2971,iter,1,0.25
Julien_40,plus grand2457,iter,1,0.25
Julien_41,Boubou2449,iter,1,0.25
Julien_41,Boubou2450,iter,1,0.25
Julien_41,Boubou2451,iter,1,0.25
Julien_41,Corinne2452,iter,1,0.25
Julien_41,Nana2459,iter,1,0.25
Julien_41,Pin pon2464,iter,1,0.25
Julien_41,Popi2465,iter,1,0.25
Julien_41,croco3111,iter,1,0.25
Julien_41,les deux2971,iter,1,0.25
Julien_42,Boubou2449,iter,1,0.25
Julien_42,Boubou2450,iter,1,0.25
Julien_42,Boubou2451,iter,1,0.25
Julien_42,Papa2460,iter,1,0.25
Julien_42,Papa2461,iter,1,0.25
Julien_42,Papa2462,iter,1,0.25
Julien_42,Pin pon2463,iter,1,0.25
Julien_42,Pin pon2464,iter,1,0.25
Julien_42,Popi2465,iter,1,0.25
Julien_42,Tonton2466,iter,1,0.25
Julien_42,Tonton2467,iter,1,0.25
Julien_42,cot cot2453,iter,1,0.25
Julien_42,croco2455,iter,1,0.25
Julien_42,croco2456,iter,1,0.25
Julien_42,croco3111,iter,1,0.25
Julien_42,les deux2971,iter,1,0.25
Julien_42,plus grand2457,iter,1,0.25
Julien_43,Boubou2449,iter,1,0.25
Julien_43,Boubou2450,iter,1,0.25
Julien_43,Boubou2451,iter,1,0.25
Julien_43,Maman2458,iter,1,0.25
Julien_43,Pin pon2464,iter,1,0.25
Julien_43,Popi2465,iter,1,0.25
Julien_43,les deux2971,iter,1,0.25
Julien_43,plus grand2457,iter,1,0.25
Julien_44,Boubou2449,iter,1,0.25
Julien_44,Boubou2450,iter,1,0.25
Julien_44,Boubou2451,iter,1,0.25
Julien_44,Papa2460,iter,1,0.25
Julien_44,Papa2461,iter,1,0.25
Julien_44,Papa2462,iter,1,0.25
Julien_44,Pin pon2463,iter,1,0.25
Julien_44,Pin pon2464,iter,1,0.25
Julien_44,Popi2465,iter,1,0.25
Julien_44,Tonton2467,iter,1,0.25
Julien_44,cot cot2453,iter,1,0.25
Julien_44,croco2454,iter,1,0.25
Julien_44,croco2456,iter,1,0.25
Julien_44,les deux2971,iter,1,0.25
Julien_45,Boubou2450,iter,1,0.25
Julien_45,Boubou2451,iter,1,0.25
Julien_45,Corinne2452,iter,1,0.25
Julien_45,Maman2458,iter,1,0.25
Julien_45,Nana2459,iter,1,0.25
Julien_45,Papa2460,iter,1,0.25
Julien_45,Papa2461,iter,1,0.25
Julien_45,Papa2462,iter,1,0.25
Julien_45,Pin pon2463,iter,1,0.25
Julien_45,Pin pon2464,iter,1,0.25
Julien_45,Popi2465,iter,1,0.25
Julien_45,Tonton2466,iter,1,0.25
Julien_45,Tonton2467,iter,1,0.25
Julien_45,cot cot2453,iter,1,0.25
Julien_45,croco2454,iter,1,0.25
Julien_45,croco2455,iter,1,0.25
Julien_45,croco2456,iter,1,0.25
Julien_45,les deux2971,iter,1,0.25
Julien_45,plus grand2457,iter,1,0.25
Julien_46,Boubou2449,iter,1,0.25
Julien_46,Boubou2450,iter,1,0.25
Julien_46,Boubou2451,iter,1,0.25
Julien_46,Corinne2452,iter,1,0.25
Julien_46,Nana2459,iter,1,0.25
Julien_46,Papa2460,iter,1,0.25
Julien_46,Papa2461,iter,1,0.25
Julien_46,Papa2462,iter,1,0.25
Julien_46,Petit2972,iter,1,0.25
Julien_46,Pin pon2463,iter,1,0.25
Julien_46,Pin pon2464,iter,1,0.25
Julien_46,Popi2465,iter,1,0.25
Julien_46,Tonton2466,iter,1,0.25
Julien_46,cot cot2453,iter,1,0.25
Julien_46,croco2454,iter,1,0.25
Julien_46,croco2455,iter,1,0.25
Julien_46,croco2456,iter,1,0.25
Julien_46,croco3111,iter,1,0.25
Julien_46,les deux2971,iter,1,0.25
Julien_46,plus grand2457,iter,1,0.25
Julien_47,Boubou2449,iter,1,0.25
Julien_47,Boubou2451,iter,1,0.25
Julien_47,Papa2460,iter,1,0.25
Julien_47,Papa2461,iter,1,0.25
Julien_47,Pin pon2463,iter,1,0.25
Julien_47,Pin pon2464,iter,1,0.25
Julien_47,Popi2465,iter,1,0.25
Julien_47,Tonton2466,iter,1,0.25
Julien_47,Tonton2467,iter,1,0.25
Julien_47,cot cot2453,iter,1,0.25
Julien_47,croco2454,iter,1,0.25
Julien_47,croco3111,iter,1,0.25
Julien_47,les deux2971,iter,1,0.25
Julien_47,plus grand2457,iter,1,0.25
Julien_48,Boubou2449,iter,1,0.25
Julien_48,Boubou2450,iter,1,0.25
Julien_48,Boubou2451,iter,1,0.25
Julien_48,Maman2458,iter,1,0.25
Julien_48,Papa2460,iter,1,0.25
Julien_48,Papa2461,iter,1,0.25
Julien_48,Papa2462,iter,1,0.25
Julien_48,Petit2972,iter,1,0.25
Julien_48,Pin pon2464,iter,1,0.25
Julien_48,Pin pon3112,iter,1,0.25
Julien_48,Popi2465,iter,1,0.25
Julien_48,Tonton2466,iter,1,0.25
Julien_48,Tonton2467,iter,1,0.25
Julien_48,cot cot2453,iter,1,0.25
Julien_48,croco2454,iter,1,0.25
Julien_48,croco2455,iter,1,0.25
Julien_48,croco3111,iter,1,0.25
Julien_48,les deux2971,iter,1,0.25
Julien_48,plus grand2457,iter,1,0.25
Julien_49,Boubou2449,iter,1,0.25
Julien_49,Boubou2451,iter,1,0.25
Julien_49,Papa2460,iter,1,0.25
Julien_49,Papa2461,iter,1,0.25
Julien_49,Papa2462,iter,1,0.25
Julien_49,Pin pon2463,iter,1,0.25
Julien_49,Pin pon2464,iter,1,0.25
Julien_49,Popi2465,iter,1,0.25
Julien_49,Tonton2466,iter,1,0.25
Julien_49,Tonton2467,iter,1,0.25
Julien_49,cot cot2453,iter,1,0.25
Julien_49,croco2454,iter,1,0.25
Julien_49,croco2455,iter,1,0.25
Julien_49,croco2456,iter,1,0.25
Julien_49,croco3111,iter,1,0.25
Julien_49,les deux2971,iter,1,0.25
Julien_5,Boubou2449,iter,1,0.25
Julien_5,Boubou2450,iter,1,0.25
Julien_5,Boubou2451,iter,1,0.25
Julien_5,Papa2460,iter,1,0.25
Julien_5,Papa2461,iter,1,0.25
Julien_5,Papa2462,iter,1,0.25
Julien_5,Pin pon2463,iter,1,0.25
Julien_5,Popi2465,iter,1,0.25
Julien_5,Tonton2466,iter,1,0.25
Julien_5,Tonton2467,iter,1,0.25
Julien_5,cot cot2453,iter,1,0.25
Julien_5,croco2454,iter,1,0.25
Julien_5,croco2455,iter,1,0.25
Julien_5,croco2456,iter,1,0.25
Julien_5,les deux2971,iter,1,0.25
Julien_5,plus grand2457,iter,1,0.25
Julien_50,Boubou2449,iter,1,0.25
Julien_50,Boubou2450,iter,1,0.25
Julien_50,Boubou2451,iter,1,0.25
Julien_50,Corinne2452,iter,1,0.25
Julien_50,Maman2458,iter,1,0.25
Julien_50,Nana2459,iter,1,0.25
Julien_50,Papa2461,iter,1,0.25
Julien_50,Papa2462,iter,1,0.25
Julien_50,Pin pon2463,iter,1,0.25
Julien_50,Pin pon2464,iter,1,0.25
Julien_50,Popi2465,iter,1,0.25
Julien_50,Tonton2466,iter,1,0.25
Julien_50,Tonton2467,iter,1,0.25
Julien_50,cot cot2453,iter,1,0.25
Julien_50,croco2454,iter,1,0.25
Julien_50,croco2456,iter,1,0.25
Julien_50,croco3111,iter,1,0.25
Julien_50,les deux2971,iter,1,0.25
Julien_50,plus grand2457,iter,1,0.25
Julien_51,Boubou2449,iter,1,0.25
Julien_51,Boubou2450,iter,1,0.25
Julien_51,Boubou2451,iter,1,0.25
Julien_51,Corinne2452,iter,1,0.25
Julien_51,Maman2458,iter,1,0.25
Julien_51,Nana2459,iter,1,0.25
Julien_51,Pin pon2464,iter,1,0.25
Julien_51,Popi2465,iter,1,0.25
Julien_51,croco3111,iter,1,0.25
Julien_51,les deux2971,iter,1,0.25
Julien_51,plus grand2457,iter,1,0.25
Julien_52,Boubou2449,iter,1,0.25
Julien_52,Boubou2450,iter,1,0.25
Julien_52,Boubou2451,iter,1,0.25
Julien_52,Corinne2452,iter,1,0.25
Julien_52,Maman2458,iter,1,0.25
Julien_52,Nana2459,iter,1,0.25
Julien_52,Papa2460,iter,1,0.25
Julien_52,Papa2461,iter,1,0.25
Julien_52,Papa2462,iter,1,0.25
Julien_52,Pin pon2463,iter,1,0.25
Julien_52,Pin pon2464,iter,1,0.25
Julien_52,Popi2465,iter,1,0.25
Julien_52,croco3111,iter,1,0.25
Julien_52,les deux2971,iter,1,0.25
Julien_52,plus grand2457,iter,1,0.25
Julien_53,Boubou2449,iter,1,0.25
Julien_53,Boubou2450,iter,1,0.25
Julien_53,Boubou2451,iter,1,0.25
Julien_53,Papa2460,iter,1,0.25
Julien_53,Papa2461,iter,1,0.25
Julien_53,Papa2462,iter,1,0.25
Julien_53,Pin pon2463,iter,1,0.25
Julien_53,Pin pon2464,iter,1,0.25
Julien_53,Popi2465,iter,1,0.25
Julien_53,Tonton2466,iter,1,0.25
Julien_53,Tonton2467,iter,1,0.25
Julien_53,cot cot2453,iter,1,0.25
Julien_53,croco2454,iter,1,0.25
Julien_53,croco2455,iter,1,0.25
Julien_53,croco2456,iter,1,0.25
Julien_53,croco3111,iter,1,0.25
Julien_53,les deux2971,iter,1,0.25
Julien_53,plus grand2457,iter,1,0.25
Julien_54,Boubou2449,iter,1,0.25
Julien_54,Boubou2450,iter,1,0.25
Julien_54,Boubou2451,iter,1,0.25
Julien_54,Maman2458,iter,1,0.25
Julien_54,Papa2460,iter,1,0.25
Julien_54,Papa2462,iter,1,0.25
Julien_54,Petit2972,iter,1,0.25
Julien_54,Pin pon2463,iter,1,0.25
Julien_54,Pin pon2464,iter,1,0.25
Julien_54,Pin pon3112,iter,1,0.25
Julien_54,Popi2465,iter,1,0.25
Julien_54,Tonton2467,iter,1,0.25
Julien_54,cot cot2453,iter,1,0.25
Julien_54,croco2454,iter,1,0.25
Julien_54,croco2456,iter,1,0.25
Julien_54,croco3111,iter,1,0.25
Julien_54,les deux2971,iter,1,0.25
Julien_54,plus grand2457,iter,1,0.25
Julien_55,Boubou2449,iter,1,0.25
Julien_55,Boubou2450,iter,1,0.25
Julien_55,Boubou2451,iter,1,0.25
Julien_55,Maman2458,iter,1,0.25
Julien_55,Papa2460,iter,1,0.25
Julien_55,Papa2461,iter,1,0.25
Julien_55,Papa2462,iter,1,0.25
Julien_55,Petit2972,iter,1,0.25
Julien_55,Pin pon2463,iter,1,0.25
Julien_55,Pin pon2464,iter,1,0.25
Julien_55,Pin pon3112,iter,1,0.25
Julien_55,Popi2465,iter,1,0.25
Julien_55,Tonton2467,iter,1,0.25
Julien_55,cot cot2453,iter,1,0.25
Julien_55,croco2454,iter,1,0.25
Julien_55,croco2455,iter,1,0.25
Julien_55,croco3111,iter,1,0.25
Julien_55,plus grand2457,iter,1,0.25
Julien_56,Boubou2449,iter,1,0.25
Julien_56,Boubou2450,iter,1,0.25
Julien_56,Boubou2451,iter,1,0.25
Julien_56,Maman2458,iter,1,0.25
Julien_56,Papa2460,iter,1,0.25
Julien_56,Papa2462,iter,1,0.25
Julien_56,Petit2972,iter,1,0.25
Julien_56,Pin pon2463,iter,1,0.25
Julien_56,Pin pon2464,iter,1,0.25
Julien_56,Pin pon3112,iter,1,0.25
Julien_56,Popi2465,iter,1,0.25
Julien_56,Tonton2466,iter,1,0.25
Julien_56,Tonton2467,iter,1,0.25
Julien_56,cot cot2453,iter,1,0.25
Julien_56,croco2455,iter,1,0.25
Julien_56,croco2456,iter,1,0.25
Julien_56,croco3111,iter,1,0.25
Julien_56,les deux2971,iter,1,0.25
Julien_57,Boubou2449,iter,1,0.25
Julien_57,Boubou2450,iter,1,0.25
Julien_57,Boubou2451,iter,1,0.25
Julien_57,Papa2461,iter,1,0.25
Julien_57,Papa2462,iter,1,0.25
Julien_57,Petit2972,iter,1,0.25
Julien_57,Pin pon2463,iter,1,0.25
Julien_57,Pin pon3112,iter,1,0.25
Julien_57,croco3111,iter,1,0.25
Julien_58,Boubou2449,iter,1,0.25
Julien_58,Boubou2450,iter,1,0.25
Julien_58,Maman2458,iter,1,0.25
Julien_58,Papa2460,iter,1,0.25
Julien_58,Papa2461,iter,1,0.25
Julien_58,Papa2462,iter,1,0.25
Julien_58,Petit2972,iter,1,0.25
Julien_58,Pin pon2463,iter,1,0.25
Julien_58,Pin pon3112,iter,1,0.25
Julien_58,Popi2465,iter,1,0.25
Julien_58,Tonton2466,iter,1,0.25
Julien_58,Tonton2467,iter,1,0.25
Julien_58,cot cot2453,iter,1,0.25
Julien_58,croco2454,iter,1,0.25
Julien_58,croco2455,iter,1,0.25
Julien_58,croco2456,iter,1,0.25
Julien_58,croco3111,iter,1,0.25
Julien_58,les deux2971,iter,1,0.25
Julien_58,plus grand2457,iter,1,0.25
Julien_59,Boubou2449,iter,1,0.25
Julien_59,Boubou2450,iter,1,0.25
Julien_59,Boubou2451,iter,1,0.25
Julien_59,Papa2460,iter,1,0.25
Julien_59,Papa2461,iter,1,0.25
Julien_59,Pin pon2463,iter,1,0.25
Julien_59,Pin pon2464,iter,1,0.25
Julien_59,Popi2465,iter,1,0.25
Julien_59,Tonton2466,iter,1,0.25
Julien_59,cot cot2453,iter,1,0.25
Julien_59,croco2454,iter,1,0.25
Julien_59,croco2455,iter,1,0.25
Julien_59,croco2456,iter,1,0.25
Julien_59,croco3111,iter,1,0.25
Julien_59,les deux2971,iter,1,0.25
Julien_59,plus grand2457,iter,1,0.25
Julien_6,Boubou2449,iter,1,0.25
Julien_6,Boubou2450,iter,1,0.25
Julien_6,Boubou2451,iter,1,0.25
Julien_6,Corinne2452,iter,1,0.25
Julien_6,Maman2458,iter,1,0.25
Julien_6,Nana2459,iter,1,0.25
Julien_6,Papa2460,iter,1,0.25
Julien_6,Papa2461,iter,1,0.25
Julien_6,Papa2462,iter,1,0.25
Julien_6,Pin pon2464,iter,1,0.25
Julien_6,Pin pon3112,iter,1,0.25
Julien_6,Popi2465,iter,1,0.25
Julien_6,Tonton2466,iter,1,0.25
Julien_6,Tonton2467,iter,1,0.25
Julien_6,cot cot2453,iter,1,0.25
Julien_6,croco2454,iter,1,0.25
Julien_6,croco2455,iter,1,0.25
Julien_6,croco2456,iter,1,0.25
Julien_6,les deux2971,iter,1,0.25
Julien_6,plus grand2457,iter,1,0.25
Julien_60,Boubou2449,iter,1,0.25
Julien_60,Boubou2450,iter,1,0.25
Julien_60,Boubou2451,iter,1,0.25
Julien_60,Maman2458,iter,1,0.25
Julien_60,Papa2461,iter,1,0.25
Julien_60,Papa2462,iter,1,0.25
Julien_60,Petit2972,iter,1,0.25
Julien_60,Pin pon2463,iter,1,0.25
Julien_60,Pin pon2464,iter,1,0.25
Julien_60,Pin pon3112,iter,1,0.25
Julien_60,Popi2465,iter,1,0.25
Julien_60,Tonton2466,iter,1,0.25
Julien_60,cot cot2453,iter,1,0.25
Julien_60,croco2454,iter,1,0.25
Julien_60,croco2455,iter,1,0.25
Julien_60,croco2456,iter,1,0.25
Julien_60,croco3111,iter,1,0.25
Julien_60,les deux2971,iter,1,0.25
Julien_61,Boubou2449,iter,1,0.25
Julien_61,Boubou2450,iter,1,0.25
Julien_61,Papa2460,iter,1,0.25
Julien_61,Papa2461,iter,1,0.25
Julien_61,Papa2462,iter,1,0.25
Julien_61,Pin pon2463,iter,1,0.25
Julien_61,Pin pon2464,iter,1,0.25
Julien_61,Popi2465,iter,1,0.25
Julien_61,Tonton2466,iter,1,0.25
Julien_61,Tonton2467,iter,1,0.25
Julien_61,croco2454,iter,1,0.25
Julien_61,croco2455,iter,1,0.25
Julien_61,croco2456,iter,1,0.25
Julien_61,croco3111,iter,1,0.25
Julien_61,les deux2971,iter,1,0.25
Julien_61,plus grand2457,iter,1,0.25
Julien_62,Boubou2449,iter,1,0.25
Julien_62,Boubou2450,iter,1,0.25
Julien_62,Maman2458,iter,1,0.25
Julien_62,Nana2459,iter,1,0.25
Julien_62,Papa2460,iter,1,0.25
Julien_62,Papa2462,iter,1,0.25
Julien_62,Pin pon2463,iter,1,0.25
Julien_62,Pin pon2464,iter,1,0.25
Julien_62,Pin pon3112,iter,1,0.25
Julien_62,Popi2465,iter,1,0.25
Julien_62,Tonton2466,iter,1,0.25
Julien_62,Tonton2467,iter,1,0.25
Julien_62,cot cot2453,iter,1,0.25
Julien_62,croco2454,iter,1,0.25
Julien_62,croco2455,iter,1,0.25
Julien_62,croco2456,iter,1,0.25
Julien_62,croco3111,iter,1,0.25
Julien_62,les deux2971,iter,1,0.25
Julien_62,plus grand2457,iter,1,0.25
Julien_63,Boubou2449,iter,1,0.25
Julien_63,Boubou2450,iter,1,0.25
Julien_63,Boubou2451,iter,1,0.25
Julien_63,Corinne2452,iter,1,0.25
Julien_63,Maman2458,iter,1,0.25
Julien_63,Nana2459,iter,1,0.25
Julien_63,Papa2461,iter,1,0.25
Julien_63,Pin pon2463,iter,1,0.25
Julien_63,Pin pon2464,iter,1,0.25
Julien_63,Tonton2466,iter,1,0.25
Julien_63,Tonton2467,iter,1,0.25
Julien_63,cot cot2453,iter,1,0.25
Julien_63,croco2454,iter,1,0.25
Julien_63,croco2455,iter,1,0.25
Julien_63,croco2456,iter,1,0.25
Julien_63,croco3111,iter,1,0.25
Julien_63,les deux2971,iter,1,0.25
Julien_64,Boubou2449,iter,1,0.25
Julien_64,Boubou2451,iter,1,0.25
Julien_64,Corinne2452,iter,1,0.25
Julien_64,Maman2458,iter,1,0.25
Julien_64,Nana2459,iter,1,0.25
Julien_64,Papa2460,iter,1,0.25
Julien_64,Papa2461,iter,1,0.25
Julien_64,Petit2972,iter,1,0.25
Julien_64,Pin pon2463,iter,1,0.25
Julien_64,Pin pon2464,iter,1,0.25
Julien_64,Pin pon3112,iter,1,0.25
Julien_64,Popi2465,iter,1,0.25
Julien_64,Tonton2466,iter,1,0.25
Julien_64,Tonton2467,iter,1,0.25
Julien_64,cot cot2453,iter,1,0.25
Julien_64,croco2454,iter,1,0.25
Julien_64,croco2456,iter,1,0.25
Julien_64,croco3111,iter,1,0.25
Julien_64,les deux2971,iter,1,0.25
Julien_64,plus grand2457,iter,1,0.25
Julien_65,Boubou2451,iter,1,0.25
Julien_65,Corinne2452,iter,1,0.25
Julien_65,Maman2458,iter,1,0.25
Julien_65,Nana2459,iter,1,0.25
Julien_65,Papa2460,iter,1,0.25
Julien_65,Papa2461,iter,1,0.25
Julien_65,Papa2462,iter,1,0.25
Julien_65,Pin pon2463,iter,1,0.25
Julien_65,Pin pon2464,iter,1,0.25
Julien_65,Popi2465,iter,1,0.25
Julien_65,Tonton2467,iter,1,0.25
Julien_65,cot cot2453,iter,1,0.25
Julien_65,croco2454,iter,1,0.25
Julien_65,croco2455,iter,1,0.25
Julien_65,croco2456,iter,1,0.25
Julien_65,croco3111,iter,1,0.25
Julien_65,les deux2971,iter,1,0.25
Julien_65,plus grand2457,iter,1,0.25
Julien_66,Maman2458,iter,1,0.25
Julien_66,Pin pon2464,iter,1,0.25
Julien_66,croco3111,iter,1,0.25
Julien_66,les deux2971,iter,1,0.25
Julien_66,plus grand2457,iter,1,0.25
Julien_67,Boubou2449,iter,1,0.25
Julien_67,Boubou2450,iter,1,0.25
Julien_67,Corinne2452,iter,1,0.25
Julien_67,Maman2458,iter,1,0.25
Julien_67,Nana2459,iter,1,0.25
Julien_67,Papa2461,iter,1,0.25
Julien_67,Papa2462,iter,1,0.25
Julien_67,Pin pon2464,iter,1,0.25
Julien_67,Popi2465,iter,1,0.25
Julien_67,Tonton2466,iter,1,0.25
Julien_67,Tonton2467,iter,1,0.25
Julien_67,cot cot2453,iter,1,0.25
Julien_67,croco2454,iter,1,0.25
Julien_67,croco2455,iter,1,0.25
Julien_67,croco2456,iter,1,0.25
Julien_67,croco3111,iter,1,0.25
Julien_67,les deux2971,iter,1,0.25
Julien_67,plus grand2457,iter,1,0.25
Julien_68,Boubou2451,iter,1,0.25
Julien_68,Papa2460,iter,1,0.25
Julien_68,Papa2461,iter,1,0.25
Julien_68,Papa2462,iter,1,0.25
Julien_68,Pin pon2463,iter,1,0.25
Julien_68,Pin pon2464,iter,1,0.25
Julien_68,Tonton2466,iter,1,0.25
Julien_68,Tonton2467,iter,1,0.25
Julien_68,cot cot2453,iter,1,0.25
Julien_68,croco2454,iter,1,0.25
Julien_68,croco2455,iter,1,0.25
Julien_68,croco2456,iter,1,0.25
Julien_68,croco3111,iter,1,0.25
Julien_68,les deux2971,iter,1,0.25
Julien_68,plus grand2457,iter,1,0.25
Julien_69,Boubou2449,iter,1,0.25
Julien_69,Boubou2450,iter,1,0.25
Julien_69,Corinne2452,iter,1,0.25
Julien_69,Maman2458,iter,1,0.25
Julien_69,Nana2459,iter,1,0.25
Julien_69,Papa2460,iter,1,0.25
Julien_69,Papa2462,iter,1,0.25
Julien_69,Pin pon2463,iter,1,0.25
Julien_69,Pin pon2464,iter,1,0.25
Julien_69,Popi2465,iter,1,0.25
Julien_69,Tonton2466,iter,1,0.25
Julien_69,cot cot2453,iter,1,0.25
Julien_69,croco2454,iter,1,0.25
Julien_69,croco2455,iter,1,0.25
Julien_69,croco2456,iter,1,0.25
Julien_69,croco3111,iter,1,0.25
Julien_69,les deux2971,iter,1,0.25
Julien_69,plus grand2457,iter,1,0.25
Julien_7,Boubou2449,iter,1,0.25
Julien_7,Boubou2450,iter,1,0.25
Julien_7,Boubou2451,iter,1,0.25
Julien_7,Maman2458,iter,1,0.25
Julien_7,Papa2460,iter,1,0.25
Julien_7,Papa2461,iter,1,0.25
Julien_7,Papa2462,iter,1,0.25
Julien_7,Petit2972,iter,1,0.25
Julien_7,Pin pon2463,iter,1,0.25
Julien_7,Pin pon2464,iter,1,0.25
Julien_7,Pin pon3112,iter,1,0.25
Julien_7,Tonton2466,iter,1,0.25
Julien_7,Tonton2467,iter,1,0.25
Julien_7,croco2454,iter,1,0.25
Julien_7,croco2455,iter,1,0.25
Julien_7,croco2456,iter,1,0.25
Julien_7,croco3111,iter,1,0.25
Julien_7,les deux2971,iter,1,0.25
Julien_70,Boubou2449,iter,1,0.25
Julien_70,Boubou2450,iter,1,0.25
Julien_70,Boubou2451,iter,1,0.25
Julien_70,Papa2460,iter,1,0.25
Julien_70,Papa2461,iter,1,0.25
Julien_70,Pin pon2463,iter,1,0.25
Julien_70,Pin pon2464,iter,1,0.25
Julien_70,Popi2465,iter,1,0.25
Julien_70,Tonton2466,iter,1,0.25
Julien_70,cot cot2453,iter,1,0.25
Julien_70,croco2454,iter,1,0.25
Julien_70,croco2455,iter,1,0.25
Julien_70,croco2456,iter,1,0.25
Julien_70,les deux2971,iter,1,0.25
Julien_70,plus grand2457,iter,1,0.25
Julien_71,Boubou2449,iter,1,0.25
Julien_71,Boubou2451,iter,1,0.25
Julien_71,Papa2460,iter,1,0.25
Julien_71,Papa2461,iter,1,0.25
Julien_71,Papa2462,iter,1,0.25
Julien_71,Petit2972,iter,1,0.25
Julien_71,Pin pon2463,iter,1,0.25
Julien_71,Pin pon3112,iter,1,0.25
Julien_71,croco3111,iter,1,0.25
Julien_71,les deux2971,iter,1,0.25
Julien_72,Boubou2449,iter,1,0.25
Julien_72,Boubou2450,iter,1,0.25
Julien_72,Boubou2451,iter,1,0.25
Julien_72,Maman2458,iter,1,0.25
Julien_72,Nana2459,iter,1,0.25
Julien_72,Papa2461,iter,1,0.25
Julien_72,Papa2462,iter,1,0.25
Julien_72,Petit2972,iter,1,0.25
Julien_72,Pin pon2463,iter,1,0.25
Julien_72,Pin pon2464,iter,1,0.25
Julien_72,Pin pon3112,iter,1,0.25
Julien_72,Popi2465,iter,1,0.25
Julien_72,Tonton2467,iter,1,0.25
Julien_72,cot cot2453,iter,1,0.25
Julien_72,croco2455,iter,1,0.25
Julien_72,croco2456,iter,1,0.25
Julien_72,croco3111,iter,1,0.25
Julien_72,les deux2971,iter,1,0.25
Julien_72,plus grand2457,iter,1,0.25
Julien_73,Nana2459,iter,1,0.25
Julien_73,Pin pon2464,iter,1,0.25
Julien_73,Popi2465,iter,1,0.25
Julien_73,croco3111,iter,1,0.25
Julien_73,les deux2971,iter,1,0.25
Julien_73,plus grand2457,iter,1,0.25
Julien_74,Boubou2449,iter,1,0.25
Julien_74,Boubou2450,iter,1,0.25
Julien_74,Maman2458,iter,1,0.25
Julien_74,Nana2459,iter,1,0.25
Julien_74,Papa2461,iter,1,0.25
Julien_74,Papa2462,iter,1,0.25
Julien_74,Petit2972,iter,1,0.25
Julien_74,Pin pon2463,iter,1,0.25
Julien_74,Pin pon2464,iter,1,0.25
Julien_74,Pin pon3112,iter,1,0.25
Julien_74,Popi2465,iter,1,0.25
Julien_74,Tonton2466,iter,1,0.25
Julien_74,Tonton2467,iter,1,0.25
Julien_74,cot cot2453,iter,1,0.25
Julien_74,croco2454,iter,1,0.25
Julien_74,croco2455,iter,1,0.25
Julien_74,croco2456,iter,1,0.25
Julien_74,croco3111,iter,1,0.25
Julien_74,les deux2971,iter,1,0.25
Julien_74,plus grand2457,iter,1,0.25
Julien_75,Boubou2449,iter,1,0.25
Julien_75,Boubou2450,iter,1,0.25
Julien_75,Papa2460,iter,1,0.25
Julien_75,Papa2461,iter,1,0.25
Julien_75,Papa2462,iter,1,0.25
Julien_75,Pin pon2464,iter,1,0.25
Julien_75,Popi2465,iter,1,0.25
Julien_75,Tonton2466,iter,1,0.25
Julien_75,Tonton2467,iter,1,0.25
Julien_75,cot cot2453,iter,1,0.25
Julien_75,croco2454,iter,1,0.25
Julien_75,croco2456,iter,1,0.25
Julien_75,croco3111,iter,1,0.25
Julien_75,plus grand2457,iter,1,0.25
Julien_76,Boubou2450,iter,1,0.25
Julien_76,Boubou2451,iter,1,0.25
Julien_76,Maman2458,iter,1,0.25
Julien_76,Papa2460,iter,1,0.25
Julien_76,Papa2461,iter,1,0.25
Julien_76,Papa2462,iter,1,0.25
Julien_76,Petit2972,iter,1,0.25
Julien_76,Pin pon2463,iter,1,0.25
Julien_76,Pin pon2464,iter,1,0.25
Julien_76,Popi2465,iter,1,0.25
Julien_76,Tonton2466,iter,1,0.25
Julien_76,Tonton2467,iter,1,0.25
Julien_76,cot cot2453,iter,1,0.25
Julien_76,croco2454,iter,1,0.25
Julien_76,croco2455,iter,1,0.25
Julien_76,croco3111,iter,1,0.25
Julien_76,les deux2971,iter,1,0.25
Julien_76,plus grand2457,iter,1,0.25
Julien_77,Boubou2449,iter,1,0.25
Julien_77,Boubou2450,iter,1,0.25
Julien_77,Boubou2451,iter,1,0.25
Julien_77,Maman2458,iter,1,0.25
Julien_77,Papa2461,iter,1,0.25
Julien_77,Papa2462,iter,1,0.25
Julien_77,Petit2972,iter,1,0.25
Julien_77,Pin pon2463,iter,1,0.25
Julien_77,Pin pon2464,iter,1,0.25
Julien_77,Pin pon3112,iter,1,0.25
Julien_77,Popi2465,iter,1,0.25
Julien_77,Tonton2466,iter,1,0.25
Julien_77,Tonton2467,iter,1,0.25
Julien_77,cot cot2453,iter,1,0.25
Julien_77,croco2454,iter,1,0.25
Julien_77,croco2455,iter,1,0.25
Julien_77,croco2456,iter,1,0.25
Julien_77,croco3111,iter,1,0.25
Julien_77,plus grand2457,iter,1,0.25
Julien_78,Boubou2449,iter,1,0.25
Julien_78,Boubou2450,iter,1,0.25
Julien_78,Boubou2451,iter,1,0.25
Julien_78,Papa2460,iter,1,0.25
Julien_78,Papa2461,iter,1,0.25
Julien_78,Papa2462,iter,1,0.25
Julien_78,Pin pon2463,iter,1,0.25
Julien_78,Pin pon2464,iter,1,0.25
Julien_78,Popi2465,iter,1,0.25
Julien_78,Tonton2467,iter,1,0.25
Julien_78,croco2454,iter,1,0.25
Julien_78,croco2455,iter,1,0.25
Julien_78,croco3111,iter,1,0.25
Julien_78,les deux2971,iter,1,0.25
Julien_78,plus grand2457,iter,1,0.25
Julien_79,Boubou2449,iter,1,0.25
Julien_79,Boubou2450,iter,1,0.25
Julien_79,Boubou2451,iter,1,0.25
Julien_79,Papa2460,iter,1,0.25
Julien_79,Papa2462,iter,1,0.25
Julien_79,Pin pon2464,iter,1,0.25
Julien_79,Popi2465,iter,1,0.25
Julien_79,Tonton2466,iter,1,0.25
Julien_79,Tonton2467,iter,1,0.25
Julien_79,croco2454,iter,1,0.25
Julien_79,croco2455,iter,1,0.25
Julien_79,croco2456,iter,1,0.25
Julien_79,croco3111,iter,1,0.25
Julien_79,les deux2971,iter,1,0.25
Julien_79,plus grand2457,iter,1,0.25
Julien_8,Boubou2449,iter,1,0.25
Julien_8,Boubou2450,iter,1,0.25
Julien_8,Maman2458,iter,1,0.25
Julien_8,Papa2460,iter,1,0.25
Julien_8,Papa2461,iter,1,0.25
Julien_8,Papa2462,iter,1,0.25
Julien_8,Petit2972,iter,1,0.25
Julien_8,Pin pon3112,iter,1,0.25
Julien_8,Popi2465,iter,1,0.25
Julien_8,Tonton2466,iter,1,0.25
Julien_8,Tonton2467,iter,1,0.25
Julien_8,cot cot2453,iter,1,0.25
Julien_8,croco2454,iter,1,0.25
Julien_8,croco2455,iter,1,0.25
Julien_8,croco2456,iter,1,0.25
Julien_8,croco3111,iter,1,0.25
Julien_8,les deux2971,iter,1,0.25
Julien_8,plus grand2457,iter,1,0.25
Julien_80,Boubou2449,iter,1,0.25
Julien_80,Boubou2450,iter,1,0.25
Julien_80,Boubou2451,iter,1,0.25
Julien_80,Maman2458,iter,1,0.25
Julien_80,Papa2461,iter,1,0.25
Julien_80,Papa2462,iter,1,0.25
Julien_80,Petit2972,iter,1,0.25
Julien_80,Pin pon2464,iter,1,0.25
Julien_80,Pin pon3112,iter,1,0.25
Julien_80,Popi2465,iter,1,0.25
Julien_80,Tonton2466,iter,1,0.25
Julien_80,Tonton2467,iter,1,0.25
Julien_80,croco2454,iter,1,0.25
Julien_80,croco2455,iter,1,0.25
Julien_80,croco2456,iter,1,0.25
Julien_80,croco3111,iter,1,0.25
Julien_80,les deux2971,iter,1,0.25
Julien_80,plus grand2457,iter,1,0.25
Julien_81,Boubou2449,iter,1,0.25
Julien_81,Boubou2450,iter,1,0.25
Julien_81,Boubou2451,iter,1,0.25
Julien_81,Maman2458,iter,1,0.25
Julien_81,Papa2460,iter,1,0.25
Julien_81,Papa2461,iter,1,0.25
Julien_81,Petit2972,iter,1,0.25
Julien_81,Pin pon2463,iter,1,0.25
Julien_81,Pin pon2464,iter,1,0.25
Julien_81,Pin pon3112,iter,1,0.25
Julien_81,Tonton2466,iter,1,0.25
Julien_81,Tonton2467,iter,1,0.25
Julien_81,cot cot2453,iter,1,0.25
Julien_81,croco2454,iter,1,0.25
Julien_81,croco2455,iter,1,0.25
Julien_81,croco2456,iter,1,0.25
Julien_81,croco3111,iter,1,0.25
Julien_81,les deux2971,iter,1,0.25
Julien_81,plus grand2457,iter,1,0.25
Julien_82,Boubou2449,iter,1,0.25
Julien_82,Boubou2450,iter,1,0.25
Julien_82,Corinne2452,iter,1,0.25
Julien_82,Maman2458,iter,1,0.25
Julien_82,Nana2459,iter,1,0.25
Julien_82,Papa2460,iter,1,0.25
Julien_82,Papa2461,iter,1,0.25
Julien_82,Papa2462,iter,1,0.25
Julien_82,Pin pon2463,iter,1,0.25
Julien_82,Pin pon2464,iter,1,0.25
Julien_82,Popi2465,iter,1,0.25
Julien_82,Tonton2466,iter,1,0.25
Julien_82,Tonton2467,iter,1,0.25
Julien_82,cot cot2453,iter,1,0.25
Julien_82,croco2455,iter,1,0.25
Julien_82,croco2456,iter,1,0.25
Julien_82,croco3111,iter,1,0.25
Julien_82,les deux2971,iter,1,0.25
Julien_82,plus grand2457,iter,1,0.25
Julien_83,Boubou2449,iter,1,0.25
Julien_83,Boubou2450,iter,1,0.25
Julien_83,Boubou2451,iter,1,0.25
Julien_83,Papa2460,iter,1,0.25
Julien_83,Papa2461,iter,1,0.25
Julien_83,Papa2462,iter,1,0.25
Julien_83,Pin pon2464,iter,1,0.25
Julien_83,Popi2465,iter,1,0.25
Julien_83,Tonton2466,iter,1,0.25
Julien_83,Tonton2467,iter,1,0.25
Julien_83,cot cot2453,iter,1,0.25
Julien_83,croco2454,iter,1,0.25
Julien_83,croco3111,iter,1,0.25
Julien_83,les deux2971,iter,1,0.25
Julien_83,plus grand2457,iter,1,0.25
Julien_84,Boubou2449,iter,1,0.25
Julien_84,Boubou2450,iter,1,0.25
Julien_84,Boubou2451,iter,1,0.25
Julien_84,Maman2458,iter,1,0.25
Julien_84,Papa2461,iter,1,0.25
Julien_84,Papa2462,iter,1,0.25
Julien_84,Petit2972,iter,1,0.25
Julien_84,Pin pon2464,iter,1,0.25
Julien_84,Pin pon3112,iter,1,0.25
Julien_84,Popi2465,iter,1,0.25
Julien_84,Tonton2467,iter,1,0.25
Julien_84,cot cot2453,iter,1,0.25
Julien_84,croco2454,iter,1,0.25
Julien_84,croco2455,iter,1,0.25
Julien_84,croco2456,iter,1,0.25
Julien_84,croco3111,iter,1,0.25
Julien_84,les deux2971,iter,1,0.25
Julien_84,plus grand2457,iter,1,0.25
Julien_85,Boubou2449,iter,1,0.25
Julien_85,Boubou2450,iter,1,0.25
Julien_85,Boubou2451,iter,1,0.25
Julien_85,Papa2461,iter,1,0.25
Julien_85,Pin pon2463,iter,1,0.25
Julien_85,Pin pon2464,iter,1,0.25
Julien_85,Popi2465,iter,1,0.25
Julien_85,Tonton2467,iter,1,0.25
Julien_85,cot cot2453,iter,1,0.25
Julien_85,croco2454,iter,1,0.25
Julien_85,croco2455,iter,1,0.25
Julien_85,croco2456,iter,1,0.25
Julien_85,croco3111,iter,1,0.25
Julien_85,les deux2971,iter,1,0.25
Julien_85,plus grand2457,iter,1,0.25
Julien_86,Boubou2449,iter,1,0.25
Julien_86,Boubou2450,iter,1,0.25
Julien_86,Boubou2451,iter,1,0.25
Julien_86,Corinne2452,iter,1,0.25
Julien_86,Maman2458,iter,1,0.25
Julien_86,Nana2459,iter,1,0.25
Julien_86,Papa2461,iter,1,0.25
Julien_86,Papa2462,iter,1,0.25
Julien_86,Petit2972,iter,1,0.25
Julien_86,Pin pon3112,iter,1,0.25
Julien_86,Popi2465,iter,1,0.25
Julien_86,Tonton2466,iter,1,0.25
Julien_86,Tonton2467,iter,1,0.25
Julien_86,cot cot2453,iter,1,0.25
Julien_86,croco2454,iter,1,0.25
Julien_86,croco2455,iter,1,0.25
Julien_86,croco2456,iter,1,0.25
Julien_86,croco3111,iter,1,0.25
Julien_86,les deux2971,iter,1,0.25
Julien_86,plus grand2457,iter,1,0.25
Julien_87,Boubou2449,iter,1,0.25
Julien_87,Boubou2450,iter,1,0.25
Julien_87,Boubou2451,iter,1,0.25
Julien_87,Maman2458,iter,1,0.25
Julien_87,Papa2460,iter,1,0.25
Julien_87,Papa2461,iter,1,0.25
Julien_87,Petit2972,iter,1,0.25
Julien_87,Pin pon2463,iter,1,0.25
Julien_87,Pin pon2464,iter,1,0.25
Julien_87,Pin pon3112,iter,1,0.25
Julien_87,Popi2465,iter,1,0.25
Julien_87,Tonton2466,iter,1,0.25
Julien_87,Tonton2467,iter,1,0.25
Julien_87,cot cot2453,iter,1,0.25
Julien_87,croco2454,iter,1,0.25
Julien_87,croco2455,iter,1,0.25
Julien_87,croco2456,iter,1,0.25
Julien_87,croco3111,iter,1,0.25
Julien_88,Boubou2449,iter,1,0.25
Julien_88,Boubou2451,iter,1,0.25
Julien_88,Papa2461,iter,1,0.25
Julien_88,Papa2462,iter,1,0.25
Julien_88,Pin pon2463,iter,1,0.25
Julien_88,Pin pon2464,iter,1,0.25
Julien_88,Popi2465,iter,1,0.25
Julien_88,Tonton2466,iter,1,0.25
Julien_88,Tonton2467,iter,1,0.25
Julien_88,cot cot2453,iter,1,0.25
Julien_88,croco2454,iter,1,0.25
Julien_88,croco2456,iter,1,0.25
Julien_88,croco3111,iter,1,0.25
Julien_88,les deux2971,iter,1,0.25
Julien_88,plus grand2457,iter,1,0.25
Julien_89,Boubou2449,iter,1,0.25
Julien_89,Boubou2450,iter,1,0.25
Julien_89,Boubou2451,iter,1,0.25
Julien_89,Maman2458,iter,1,0.25
Julien_89,Papa2460,iter,1,0.25
Julien_89,Papa2461,iter,1,0.25
Julien_89,Papa2462,iter,1,0.25
Julien_89,Petit2972,iter,1,0.25
Julien_89,Pin pon2463,iter,1,0.25
Julien_89,Pin pon2464,iter,1,0.25
Julien_89,Pin pon3112,iter,1,0.25
Julien_89,Popi2465,iter,1,0.25
Julien_89,Tonton2466,iter,1,0.25
Julien_89,Tonton2467,iter,1,0.25
Julien_89,cot cot2453,iter,1,0.25
Julien_89,croco2456,iter,1,0.25
Julien_89,les deux2971,iter,1,0.25
Julien_89,plus grand2457,iter,1,0.25
Julien_9,Boubou2449,iter,1,0.25
Julien_9,Boubou2450,iter,1,0.25
Julien_9,Boubou2451,iter,1,0.25
Julien_9,Maman2458,iter,1,0.25
Julien_9,Papa2461,iter,1,0.25
Julien_9,Papa2462,iter,1,0.25
Julien_9,Pin pon2463,iter,1,0.25
Julien_9,Pin pon2464,iter,1,0.25
Julien_9,Popi2465,iter,1,0.25
Julien_9,croco3111,iter,1,0.25
Julien_9,les deux2971,iter,1,0.25
Julien_9,plus grand2457,iter,1,0.25
Julien_90,Boubou2449,iter,1,0.25
Julien_90,Boubou2450,iter,1,0.25
Julien_90,Boubou2451,iter,1,0.25
Julien_90,Maman2458,iter,1,0.25
Julien_90,Papa2460,iter,1,0.25
Julien_90,Papa2461,iter,1,0.25
Julien_90,Papa2462,iter,1,0.25
Julien_90,Petit2972,iter,1,0.25
Julien_90,Pin pon2464,iter,1,0.25
Julien_90,Pin pon3112,iter,1,0.25
Julien_90,Popi2465,iter,1,0.25
Julien_90,Tonton2466,iter,1,0.25
Julien_90,croco2454,iter,1,0.25
Julien_90,croco2455,iter,1,0.25
Julien_90,croco2456,iter,1,0.25
Julien_90,croco3111,iter,1,0.25
Julien_90,les deux2971,iter,1,0.25
Julien_90,plus grand2457,iter,1,0.25
Julien_91,Boubou2449,iter,1,0.25
Julien_91,Boubou2450,iter,1,0.25
Julien_91,Boubou2451,iter,1,0.25
Julien_91,Papa2460,iter,1,0.25
Julien_91,Papa2461,iter,1,0.25
Julien_91,Papa2462,iter,1,0.25
Julien_91,Pin pon2464,iter,1,0.25
Julien_91,Tonton2466,iter,1,0.25
Julien_91,Tonton2467,iter,1,0.25
Julien_91,croco2454,iter,1,0.25
Julien_91,croco2455,iter,1,0.25
Julien_91,croco2456,iter,1,0.25
Julien_91,croco3111,iter,1,0.25
Julien_91,les deux2971,iter,1,0.25
Julien_91,plus grand2457,iter,1,0.25
Julien_92,Boubou2449,iter,1,0.25
Julien_92,Boubou2450,iter,1,0.25
Julien_92,Boubou2451,iter,1,0.25
Julien_92,Maman2458,iter,1,0.25
Julien_92,Papa2460,iter,1,0.25
Julien_92,Papa2461,iter,1,0.25
Julien_92,Papa2462,iter,1,0.25
Julien_92,Petit2972,iter,1,0.25
Julien_92,Pin pon2463,iter,1,0.25
Julien_92,Pin pon2464,iter,1,0.25
Julien_92,Popi2465,iter,1,0.25
Julien_92,Tonton2466,iter,1,0.25
Julien_92,Tonton2467,iter,1,0.25
Julien_92,cot cot2453,iter,1,0.25
Julien_92,croco2454,iter,1,0.25
Julien_92,croco2455,iter,1,0.25
Julien_92,croco2456,iter,1,0.25
Julien_92,les deux2971,iter,1,0.25
Julien_93,Boubou2449,iter,1,0.25
Julien_93,Boubou2451,iter,1,0.25
Julien_93,Maman2458,iter,1,0.25
Julien_93,Nana2459,iter,1,0.25
Julien_93,Papa2460,iter,1,0.25
Julien_93,Papa2461,iter,1,0.25
Julien_93,Papa2462,iter,1,0.25
Julien_93,Petit2972,iter,1,0.25
Julien_93,Pin pon2463,iter,1,0.25
Julien_93,Pin pon2464,iter,1,0.25
Julien_93,Pin pon3112,iter,1,0.25
Julien_93,Popi2465,iter,1,0.25
Julien_93,Tonton2466,iter,1,0.25
Julien_93,Tonton2467,iter,1,0.25
Julien_93,cot cot2453,iter,1,0.25
Julien_93,croco2454,iter,1,0.25
Julien_93,croco2455,iter,1,0.25
Julien_93,croco2456,iter,1,0.25
Julien_93,les deux2971,iter,1,0.25
Julien_93,plus grand2457,iter,1,0.25
Julien_94,Boubou2451,iter,1,0.25
Julien_94,Corinne2452,iter,1,0.25
Julien_94,Maman2458,iter,1,0.25
Julien_94,Nana2459,iter,1,0.25
Julien_94,Papa2460,iter,1,0.25
Julien_94,Papa2461,iter,1,0.25
Julien_94,Papa2462,iter,1,0.25
Julien_94,Pin pon2463,iter,1,0.25
Julien_94,Pin pon2464,iter,1,0.25
Julien_94,Popi2465,iter,1,0.25
Julien_94,croco3111,iter,1,0.25
Julien_94,les deux2971,iter,1,0.25
Julien_94,plus grand2457,iter,1,0.25
Julien_95,Boubou2449,iter,1,0.25
Julien_95,Boubou2450,iter,1,0.25
Julien_95,Boubou2451,iter,1,0.25
Julien_95,Corinne2452,iter,1,0.25
Julien_95,Maman2458,iter,1,0.25
Julien_95,Nana2459,iter,1,0.25
Julien_95,Papa2460,iter,1,0.25
Julien_95,Papa2461,iter,1,0.25
Julien_95,Papa2462,iter,1,0.25
Julien_95,Pin pon2463,iter,1,0.25
Julien_95,Pin pon2464,iter,1,0.25
Julien_95,Popi2465,iter,1,0.25
Julien_95,Tonton2466,iter,1,0.25
Julien_95,Tonton2467,iter,1,0.25
Julien_95,cot cot2453,iter,1,0.25
Julien_95,croco2455,iter,1,0.25
Julien_95,croco2456,iter,1,0.25
Julien_95,les deux2971,iter,1,0.25
Julien_95,plus grand2457,iter,1,0.25
Julien_96,Boubou2450,iter,1,0.25
Julien_96,Boubou2451,iter,1,0.25
Julien_96,Corinne2452,iter,1,0.25
Julien_96,Maman2458,iter,1,0.25
Julien_96,Nana2459,iter,1,0.25
Julien_96,Papa2460,iter,1,0.25
Julien_96,Papa2461,iter,1,0.25
Julien_96,Papa2462,iter,1,0.25
Julien_96,Pin pon2463,iter,1,0.25
Julien_96,Pin pon2464,iter,1,0.25
Julien_96,Popi2465,iter,1,0.25
Julien_96,croco3111,iter,1,0.25
Julien_96,les deux2971,iter,1,0.25
Julien_97,Boubou2449,iter,1,0.25
Julien_97,Boubou2450,iter,1,0.25
Julien_97,Maman2458,iter,1,0.25
Julien_97,Papa2460,iter,1,0.25
Julien_97,Papa2461,iter,1,0.25
Julien_97,Papa2462,iter,1,0.25
Julien_97,Petit2972,iter,1,0.25
Julien_97,Pin pon2463,iter,1,0.25
Julien_97,Pin pon2464,iter,1,0.25
Julien_97,Pin pon3112,iter,1,0.25
Julien_97,Popi2465,iter,1,0.25
Julien_97,Tonton2466,iter,1,0.25
Julien_97,Tonton2467,iter,1,0.25
Julien_97,croco2454,iter,1,0.25
Julien_97,croco2455,iter,1,0.25
Julien_97,croco2456,iter,1,0.25
Julien_97,croco3111,iter,1,0.25
Julien_97,les deux2971,iter,1,0.25
Julien_97,plus grand2457,iter,1,0.25
Julien_98,Boubou2449,iter,1,0.25
Julien_98,Boubou2450,iter,1,0.25
Julien_98,Boubou2451,iter,1,0.25
Julien_98,Maman2458,iter,1,0.25
Julien_98,Nana2459,iter,1,0.25
Julien_98,Papa2460,iter,1,0.25
Julien_98,Papa2461,iter,1,0.25
Julien_98,Papa2462,iter,1,0.25
Julien_98,Pin pon2463,iter,1,0.25
Julien_98,Pin pon2464,iter,1,0.25
Julien_98,Pin pon3112,iter,1,0.25
Julien_98,Popi2465,iter,1,0.25
Julien_98,Tonton2466,iter,1,0.25
Julien_98,cot cot2453,iter,1,0.25
Julien_98,croco2454,iter,1,0.25
Julien_98,croco2455,iter,1,0.25
Julien_98,croco2456,iter,1,0.25
Julien_98,croco3111,iter,1,0.25
Julien_98,les deux2971,iter,1,0.25
Julien_99,Boubou2449,iter,1,0.25
Julien_99,Boubou2450,iter,1,0.25
Julien_99,Boubou2451,iter,1,0.25
Julien_99,Corinne2452,iter,1,0.25
Julien_99,Papa2460,iter,1,0.25
Julien_99,Papa2461,iter,1,0.25
Julien_99,Pin pon2463,iter,1,0.25
Julien_99,Pin pon2464,iter,1,0.25
Julien_99,Popi2465,iter,1,0.25
Julien_99,Tonton2466,iter,1,0.25
Julien_99,Tonton2467,iter,1,0.25
Julien_99,cot cot2453,iter,1,0.25
Julien_99,croco2454,iter,1,0.25
Julien_99,croco2455,iter,1,0.25
Julien_99,croco2456,iter,1,0.25
Julien_99,croco3111,iter,1,0.25
Julien_99,les deux2971,iter,1,0.25
Julien_99,plus grand2457,iter,1,0.25
Kazuko_1,"all gone, put away2372",iter,1,0.25
Kazuko_1,hello2940,iter,1,0.25
Kazuko_1,sleeping3340,iter,1,0.25
Kazuko_1,sleeping3341,iter,1,0.25
Kazuko_10,foot2316,iter,1,0.25
Kazuko_10,foot2318,iter,1,0.25
Kazuko_10,foot2319,iter,1,0.25
Kazuko_10,foot2321,iter,1,0.25
Kazuko_10,foot2322,iter,1,0.25
Kazuko_10,hat2336,iter,1,0.25
Kazuko_10,hello1874,iter,1,0.25
Kazuko_10,hello2358,iter,1,0.25
Kazuko_10,mouth2368,iter,1,0.25
Kazuko_10,please2355,iter,1,0.25
Kazuko_100,foot2916,iter,1,0.25
Kazuko_100,foot2925,iter,1,0.25
Kazuko_100,hat2335,iter,1,0.25
Kazuko_100,hello2362,iter,1,0.25
Kazuko_100,hello2364,iter,1,0.25
Kazuko_100,hello2366,iter,1,0.25
Kazuko_100,kitty2374,iter,1,0.25
Kazuko_100,rain2914,iter,1,0.25
Kazuko_11,car2338,iter,1,0.25
Kazuko_11,foot2316,iter,1,0.25
Kazuko_11,foot2322,iter,1,0.25
Kazuko_11,foot2919,iter,1,0.25
Kazuko_11,foot2922,iter,1,0.25
Kazuko_11,foot2926,iter,1,0.25
Kazuko_11,foot2928,iter,1,0.25
Kazuko_11,foot2931,iter,1,0.25
Kazuko_11,foot2934,iter,1,0.25
Kazuko_11,hat2330,iter,1,0.25
Kazuko_11,hat2335,iter,1,0.25
Kazuko_11,hello1874,iter,1,0.25
Kazuko_11,rain2915,iter,1,0.25
Kazuko_12,"all gone, put away2372",iter,1,0.25
Kazuko_12,foot2325,iter,1,0.25
Kazuko_12,foot2930,iter,1,0.25
Kazuko_12,hat2334,iter,1,0.25
Kazuko_12,hat2336,iter,1,0.25
Kazuko_12,please2356,iter,1,0.25
Kazuko_12,telephone2350,iter,1,0.25
Kazuko_13,car2337,iter,1,0.25
Kazuko_13,car2341,iter,1,0.25
Kazuko_13,foot2917,iter,1,0.25
Kazuko_13,foot2921,iter,1,0.25
Kazuko_13,foot2928,iter,1,0.25
Kazuko_13,foot2932,iter,1,0.25
Kazuko_13,foot2933,iter,1,0.25
Kazuko_13,foot2935,iter,1,0.25
Kazuko_13,foot2938,iter,1,0.25
Kazuko_13,hello2360,iter,1,0.25
Kazuko_13,hello2366,iter,1,0.25
Kazuko_13,hello2941,iter,1,0.25
Kazuko_13,kitty2376,iter,1,0.25
Kazuko_13,mouth2651,iter,1,0.25
Kazuko_13,rain2912,iter,1,0.25
Kazuko_14,foot2326,iter,1,0.25
Kazuko_14,foot2937,iter,1,0.25
Kazuko_15,kitty2381,iter,1,0.25
Kazuko_15,sleeping3338,iter,1,0.25
Kazuko_15,sleeping3346,iter,1,0.25
Kazuko_16,foot2322,iter,1,0.25
Kazuko_16,foot2325,iter,1,0.25
Kazuko_16,foot2917,iter,1,0.25
Kazuko_16,foot2920,iter,1,0.25
Kazuko_16,foot2925,iter,1,0.25
Kazuko_16,foot2927,iter,1,0.25
Kazuko_16,foot2931,iter,1,0.25
Kazuko_16,foot2932,iter,1,0.25
Kazuko_16,hat2329,iter,1,0.25
Kazuko_16,hello2362,iter,1,0.25
Kazuko_17,car2341,iter,1,0.25
Kazuko_17,doesn't exist1877,iter,1,0.25
Kazuko_17,foot2316,iter,1,0.25
Kazuko_17,foot2322,iter,1,0.25
Kazuko_17,foot2934,iter,1,0.25
Kazuko_17,foot2937,iter,1,0.25
Kazuko_17,hello1874,iter,1,0.25
Kazuko_17,kitty2378,iter,1,0.25
Kazuko_17,kitty2381,iter,1,0.25
Kazuko_17,people1875,iter,1,0.25
Kazuko_17,pig1873,iter,1,0.25
Kazuko_18,sleeping3339,iter,1,0.25
Kazuko_18,sleeping3344,iter,1,0.25
Kazuko_19,foot2320,iter,1,0.25
Kazuko_19,hat2335,iter,1,0.25
Kazuko_19,hello1874,iter,1,0.25
Kazuko_19,hello2361,iter,1,0.25
Kazuko_19,hello2939,iter,1,0.25
Kazuko_19,rain2915,iter,1,0.25
Kazuko_2,foot2322,iter,1,0.25
Kazuko_2,foot2919,iter,1,0.25
Kazuko_2,foot2934,iter,1,0.25
Kazuko_2,foot2935,iter,1,0.25
Kazuko_2,foot2938,iter,1,0.25
Kazuko_2,hello2941,iter,1,0.25
Kazuko_2,hold me3335,iter,1,0.25
Kazuko_20,Big Bird2649,iter,1,0.25
Kazuko_20,car2338,iter,1,0.25
Kazuko_20,car2344,iter,1,0.25
Kazuko_20,foot2322,iter,1,0.25
Kazuko_20,foot2938,iter,1,0.25
Kazuko_20,hat2329,iter,1,0.25
Kazuko_20,hat2331,iter,1,0.25
Kazuko_20,hello2364,iter,1,0.25
Kazuko_20,please2354,iter,1,0.25
Kazuko_21,"all gone, put away2373",iter,1,0.25
Kazuko_21,car1872,iter,1,0.25
Kazuko_21,cloud2369,iter,1,0.25
Kazuko_21,foot2322,iter,1,0.25
Kazuko_21,foot2917,iter,1,0.25
Kazuko_21,foot2925,iter,1,0.25
Kazuko_21,foot2929,iter,1,0.25
Kazuko_21,hat2328,iter,1,0.25
Kazuko_21,hello2364,iter,1,0.25
Kazuko_21,hello2365,iter,1,0.25
Kazuko_21,hello2941,iter,1,0.25
Kazuko_21,please2354,iter,1,0.25
Kazuko_22,rain2913,iter,1,0.25
Kazuko_23,"all gone, put away2373",iter,1,0.25
Kazuko_23,car2337,iter,1,0.25
Kazuko_23,car2345,iter,1,0.25
Kazuko_23,foot2318,iter,1,0.25
Kazuko_23,foot2319,iter,1,0.25
Kazuko_23,foot2932,iter,1,0.25
Kazuko_23,hello1874,iter,1,0.25
Kazuko_23,hello2361,iter,1,0.25
Kazuko_23,hello2367,iter,1,0.25
Kazuko_23,kitty2374,iter,1,0.25
Kazuko_23,please2355,iter,1,0.25
Kazuko_23,rain2915,iter,1,0.25
Kazuko_23,telephone2349,iter,1,0.25
Kazuko_24,"all gone, put away2373",iter,1,0.25
Kazuko_24,doesn't exist1877,iter,1,0.25
Kazuko_24,foot2937,iter,1,0.25
Kazuko_24,hat2334,iter,1,0.25
Kazuko_24,hello1874,iter,1,0.25
Kazuko_24,hello2358,iter,1,0.25
Kazuko_24,hello2365,iter,1,0.25
Kazuko_24,please2354,iter,1,0.25
Kazuko_25,car1872,iter,1,0.25
Kazuko_25,car2337,iter,1,0.25
Kazuko_25,car2346,iter,1,0.25
Kazuko_25,hello2364,iter,1,0.25
Kazuko_25,hello3554,iter,1,0.25
Kazuko_25,kitty2378,iter,1,0.25
Kazuko_25,kitty2381,iter,1,0.25
Kazuko_25,pig1873,iter,1,0.25
Kazuko_26,car2343,iter,1,0.25
Kazuko_26,foot2320,iter,1,0.25
Kazuko_26,foot2934,iter,1,0.25
Kazuko_26,foot2938,iter,1,0.25
Kazuko_26,hello2940,iter,1,0.25
Kazuko_26,mouth2651,iter,1,0.25
Kazuko_26,please2357,iter,1,0.25
Kazuko_26,telephone2350,iter,1,0.25
Kazuko_27,car2340,iter,1,0.25
Kazuko_27,foot2324,iter,1,0.25
Kazuko_27,foot2917,iter,1,0.25
Kazuko_27,hello2362,iter,1,0.25
Kazuko_27,mouth2368,iter,1,0.25
Kazuko_27,pig2348,iter,1,0.25
Kazuko_27,rain2913,iter,1,0.25
Kazuko_28,car1872,iter,1,0.25
Kazuko_28,car2340,iter,1,0.25
Kazuko_28,hello1874,iter,1,0.25
Kazuko_28,kitty2376,iter,1,0.25
Kazuko_28,kitty2378,iter,1,0.25
Kazuko_28,kitty2380,iter,1,0.25
Kazuko_29,car1871,iter,1,0.25
Kazuko_29,car2339,iter,1,0.25
Kazuko_29,foot2323,iter,1,0.25
Kazuko_29,foot2919,iter,1,0.25
Kazuko_29,foot2928,iter,1,0.25
Kazuko_29,hat2334,iter,1,0.25
Kazuko_29,hello2359,iter,1,0.25
Kazuko_29,hello2363,iter,1,0.25
Kazuko_29,hello2366,iter,1,0.25
Kazuko_29,kitty2376,iter,1,0.25
Kazuko_29,kitty2380,iter,1,0.25
Kazuko_29,mouth2368,iter,1,0.25
Kazuko_29,pig1873,iter,1,0.25
Kazuko_3,foot2317,iter,1,0.25
Kazuko_3,foot2324,iter,1,0.25
Kazuko_3,foot2926,iter,1,0.25
Kazuko_3,foot2932,iter,1,0.25
Kazuko_3,hello2359,iter,1,0.25
Kazuko_3,mouth2368,iter,1,0.25
Kazuko_3,pig2347,iter,1,0.25
Kazuko_30,car2340,iter,1,0.25
Kazuko_30,doesn't exist1877,iter,1,0.25
Kazuko_30,hello2358,iter,1,0.25
Kazuko_30,hello2360,iter,1,0.25
Kazuko_30,hello2361,iter,1,0.25
Kazuko_30,hello2940,iter,1,0.25
Kazuko_30,pig1873,iter,1,0.25
Kazuko_30,rain2913,iter,1,0.25
Kazuko_30,rain2915,iter,1,0.25
Kazuko_31,"all gone, put away2373",iter,1,0.25
Kazuko_31,car2344,iter,1,0.25
Kazuko_31,cloud2370,iter,1,0.25
Kazuko_31,doesn't exist1877,iter,1,0.25
Kazuko_31,foot2918,iter,1,0.25
Kazuko_31,foot2930,iter,1,0.25
Kazuko_31,kitty2381,iter,1,0.25
Kazuko_31,mouth2368,iter,1,0.25
Kazuko_31,please2356,iter,1,0.25
Kazuko_31,telephone2353,iter,1,0.25
Kazuko_32,car1871,iter,1,0.25
Kazuko_32,car2340,iter,1,0.25
Kazuko_32,car2343,iter,1,0.25
Kazuko_32,car2344,iter,1,0.25
Kazuko_32,foot2317,iter,1,0.25
Kazuko_32,hello2364,iter,1,0.25
Kazuko_32,kitty2378,iter,1,0.25
Kazuko_32,please2354,iter,1,0.25
Kazuko_32,rain2915,iter,1,0.25
Kazuko_32,telephone2349,iter,1,0.25
Kazuko_33,car1872,iter,1,0.25
Kazuko_33,car2338,iter,1,0.25
Kazuko_33,doesn't exist1877,iter,1,0.25
Kazuko_33,foot2318,iter,1,0.25
Kazuko_33,foot2319,iter,1,0.25
Kazuko_33,hat2333,iter,1,0.25
Kazuko_33,hello2361,iter,1,0.25
Kazuko_33,hello2941,iter,1,0.25
Kazuko_33,kitty2378,iter,1,0.25
Kazuko_34,"all gone, put away3147",iter,1,0.25
Kazuko_34,car2341,iter,1,0.25
Kazuko_34,foot2319,iter,1,0.25
Kazuko_34,foot2323,iter,1,0.25
Kazuko_34,foot2326,iter,1,0.25
Kazuko_34,foot2916,iter,1,0.25
Kazuko_34,foot2922,iter,1,0.25
Kazuko_34,foot2926,iter,1,0.25
Kazuko_34,foot2931,iter,1,0.25
Kazuko_34,foot2935,iter,1,0.25
Kazuko_34,foot3333,iter,1,0.25
Kazuko_34,hat2331,iter,1,0.25
Kazuko_34,hat2335,iter,1,0.25
Kazuko_34,hello1874,iter,1,0.25
Kazuko_34,hello2367,iter,1,0.25
Kazuko_34,kitty2374,iter,1,0.25
Kazuko_34,mouth2368,iter,1,0.25
Kazuko_35,car2345,iter,1,0.25
Kazuko_35,cloud2370,iter,1,0.25
Kazuko_35,foot2323,iter,1,0.25
Kazuko_35,foot2916,iter,1,0.25
Kazuko_35,foot2918,iter,1,0.25
Kazuko_35,foot2919,iter,1,0.25
Kazuko_35,hat2331,iter,1,0.25
Kazuko_35,hello2362,iter,1,0.25
Kazuko_35,hello2940,iter,1,0.25
Kazuko_35,hello2941,iter,1,0.25
Kazuko_35,telephone2350,iter,1,0.25
Kazuko_35,telephone2352,iter,1,0.25
Kazuko_36,"all gone, put away3147",iter,1,0.25
Kazuko_36,car2343,iter,1,0.25
Kazuko_36,comb3337,iter,1,0.25
Kazuko_36,foot2320,iter,1,0.25
Kazuko_36,foot2326,iter,1,0.25
Kazuko_36,foot2921,iter,1,0.25
Kazuko_36,foot2930,iter,1,0.25
Kazuko_36,foot2932,iter,1,0.25
Kazuko_36,hat2328,iter,1,0.25
Kazuko_36,hat2331,iter,1,0.25
Kazuko_36,hat2332,iter,1,0.25
Kazuko_36,hat2336,iter,1,0.25
Kazuko_36,hello2358,iter,1,0.25
Kazuko_36,hello2361,iter,1,0.25
Kazuko_36,hold me3335,iter,1,0.25
Kazuko_36,kitty2380,iter,1,0.25
Kazuko_36,pig1873,iter,1,0.25
Kazuko_36,rain2914,iter,1,0.25
Kazuko_37,car2342,iter,1,0.25
Kazuko_37,car2345,iter,1,0.25
Kazuko_37,foot2933,iter,1,0.25
Kazuko_37,hello2363,iter,1,0.25
Kazuko_37,hello2939,iter,1,0.25
Kazuko_37,kitty2376,iter,1,0.25
Kazuko_37,kitty2381,iter,1,0.25
Kazuko_37,telephone2349,iter,1,0.25
Kazuko_38,foot2919,iter,1,0.25
Kazuko_38,foot2920,iter,1,0.25
Kazuko_38,kitty2381,iter,1,0.25
Kazuko_38,pig2347,iter,1,0.25
Kazuko_38,please2354,iter,1,0.25
Kazuko_38,please2356,iter,1,0.25
Kazuko_38,rain2912,iter,1,0.25
Kazuko_38,sleeping3341,iter,1,0.25
Kazuko_38,sleeping3343,iter,1,0.25
Kazuko_39,car1872,iter,1,0.25
Kazuko_39,car2342,iter,1,0.25
Kazuko_39,car2343,iter,1,0.25
Kazuko_39,foot2326,iter,1,0.25
Kazuko_39,foot2934,iter,1,0.25
Kazuko_39,hat2328,iter,1,0.25
Kazuko_39,hat2330,iter,1,0.25
Kazuko_39,hat2335,iter,1,0.25
Kazuko_39,hello2359,iter,1,0.25
Kazuko_39,pig2347,iter,1,0.25
Kazuko_39,please2354,iter,1,0.25
Kazuko_40,comb3337,iter,1,0.25
Kazuko_40,foot2321,iter,1,0.25
Kazuko_40,foot2323,iter,1,0.25
Kazuko_40,foot2921,iter,1,0.25
Kazuko_40,foot2929,iter,1,0.25
Kazuko_40,foot2934,iter,1,0.25
Kazuko_40,foot2935,iter,1,0.25
Kazuko_40,hello1874,iter,1,0.25
Kazuko_40,hello2939,iter,1,0.25
Kazuko_41,"all gone, put away3147",iter,1,0.25
Kazuko_41,car2338,iter,1,0.25
Kazuko_41,car2339,iter,1,0.25
Kazuko_41,car2340,iter,1,0.25
Kazuko_41,car2346,iter,1,0.25
Kazuko_41,foot2922,iter,1,0.25
Kazuko_41,foot2930,iter,1,0.25
Kazuko_41,foot2931,iter,1,0.25
Kazuko_41,hello2366,iter,1,0.25
Kazuko_41,rain2914,iter,1,0.25
Kazuko_42,car2338,iter,1,0.25
Kazuko_42,doesn't exist1877,iter,1,0.25
Kazuko_42,foot2316,iter,1,0.25
Kazuko_42,foot2319,iter,1,0.25
Kazuko_42,foot2921,iter,1,0.25
Kazuko_42,foot2928,iter,1,0.25
Kazuko_42,foot2935,iter,1,0.25
Kazuko_42,hat2333,iter,1,0.25
Kazuko_42,hello2358,iter,1,0.25
Kazuko_42,hello2941,iter,1,0.25
Kazuko_42,kitty2380,iter,1,0.25
Kazuko_43,"all gone, put away3147",iter,1,0.25
Kazuko_43,car1871,iter,1,0.25
Kazuko_43,car2338,iter,1,0.25
Kazuko_43,car2342,iter,1,0.25
Kazuko_43,comb3337,iter,1,0.25
Kazuko_43,doesn't exist1877,iter,1,0.25
Kazuko_43,foot2316,iter,1,0.25
Kazuko_43,foot2317,iter,1,0.25
Kazuko_43,foot2320,iter,1,0.25
Kazuko_43,foot2916,iter,1,0.25
Kazuko_43,foot2921,iter,1,0.25
Kazuko_43,foot2937,iter,1,0.25
Kazuko_43,hat2334,iter,1,0.25
Kazuko_43,hat2336,iter,1,0.25
Kazuko_43,hello2359,iter,1,0.25
Kazuko_43,hello2363,iter,1,0.25
Kazuko_43,hello2940,iter,1,0.25
Kazuko_43,rain2915,iter,1,0.25
Kazuko_44,cloud2369,iter,1,0.25
Kazuko_44,foot2319,iter,1,0.25
Kazuko_44,foot2926,iter,1,0.25
Kazuko_44,foot2932,iter,1,0.25
Kazuko_44,hat2329,iter,1,0.25
Kazuko_44,hat2333,iter,1,0.25
Kazuko_44,hat2335,iter,1,0.25
Kazuko_44,hello2358,iter,1,0.25
Kazuko_44,hello2360,iter,1,0.25
Kazuko_44,hello2941,iter,1,0.25
Kazuko_44,kitty2381,iter,1,0.25
Kazuko_44,rain2914,iter,1,0.25
Kazuko_44,rain2915,iter,1,0.25
Kazuko_45,"all gone, put away3147",iter,1,0.25
Kazuko_45,car1872,iter,1,0.25
Kazuko_45,car2339,iter,1,0.25
Kazuko_45,car2340,iter,1,0.25
Kazuko_45,car2341,iter,1,0.25
Kazuko_45,foot2316,iter,1,0.25
Kazuko_45,foot2933,iter,1,0.25
Kazuko_45,foot2937,iter,1,0.25
Kazuko_45,foot2938,iter,1,0.25
Kazuko_45,hat2331,iter,1,0.25
Kazuko_45,kitty2378,iter,1,0.25
Kazuko_45,rain2913,iter,1,0.25
Kazuko_45,sleeping3338,iter,1,0.25
Kazuko_45,sleeping3345,iter,1,0.25
Kazuko_47,"all gone, put away3147",iter,1,0.25
Kazuko_47,car2340,iter,1,0.25
Kazuko_47,hat2331,iter,1,0.25
Kazuko_47,hat2333,iter,1,0.25
Kazuko_47,hello2359,iter,1,0.25
Kazuko_47,hello2361,iter,1,0.25
Kazuko_47,hello2365,iter,1,0.25
Kazuko_47,hello2940,iter,1,0.25
Kazuko_47,hello2941,iter,1,0.25
Kazuko_47,hello3554,iter,1,0.25
Kazuko_47,hello3555,iter,1,0.25
Kazuko_47,kitty2378,iter,1,0.25
Kazuko_47,pig1873,iter,1,0.25
Kazuko_47,rain2915,iter,1,0.25
Kazuko_47,telephone2349,iter,1,0.25
Kazuko_47,telephone2350,iter,1,0.25
Kazuko_48,car2341,iter,1,0.25
Kazuko_48,comb3337,iter,1,0.25
Kazuko_48,foot2320,iter,1,0.25
Kazuko_48,foot2919,iter,1,0.25
Kazuko_48,foot2922,iter,1,0.25
Kazuko_48,foot2923,iter,1,0.25
Kazuko_48,foot2924,iter,1,0.25
Kazuko_48,foot2938,iter,1,0.25
Kazuko_48,hat2329,iter,1,0.25
Kazuko_48,hello1874,iter,1,0.25
Kazuko_48,hello2365,iter,1,0.25
Kazuko_48,hello2367,iter,1,0.25
Kazuko_48,mouth2368,iter,1,0.25
Kazuko_48,rain2914,iter,1,0.25
Kazuko_49,hat2328,iter,1,0.25
Kazuko_5,foot2916,iter,1,0.25
Kazuko_5,foot2922,iter,1,0.25
Kazuko_5,please2355,iter,1,0.25
Kazuko_50,foot2321,iter,1,0.25
Kazuko_50,foot2322,iter,1,0.25
Kazuko_50,foot2916,iter,1,0.25
Kazuko_50,foot2919,iter,1,0.25
Kazuko_50,foot2925,iter,1,0.25
Kazuko_50,foot2932,iter,1,0.25
Kazuko_50,foot2937,iter,1,0.25
Kazuko_50,hat2332,iter,1,0.25
Kazuko_50,hat2334,iter,1,0.25
Kazuko_50,hello2362,iter,1,0.25
Kazuko_50,kitty2379,iter,1,0.25
Kazuko_50,please2355,iter,1,0.25
Kazuko_51,"all gone, put away2373",iter,1,0.25
Kazuko_51,car2340,iter,1,0.25
Kazuko_51,car2346,iter,1,0.25
Kazuko_51,foot2320,iter,1,0.25
Kazuko_51,foot2933,iter,1,0.25
Kazuko_51,foot2937,iter,1,0.25
Kazuko_51,foot2938,iter,1,0.25
Kazuko_51,hat2331,iter,1,0.25
Kazuko_51,hello3553,iter,1,0.25
Kazuko_51,kitty2380,iter,1,0.25
Kazuko_51,rain2913,iter,1,0.25
Kazuko_52,"all gone, put away2373",iter,1,0.25
Kazuko_53,car1871,iter,1,0.25
Kazuko_53,car2338,iter,1,0.25
Kazuko_53,car2340,iter,1,0.25
Kazuko_53,car2341,iter,1,0.25
Kazuko_53,foot2318,iter,1,0.25
Kazuko_53,foot2321,iter,1,0.25
Kazuko_53,foot2921,iter,1,0.25
Kazuko_53,foot2932,iter,1,0.25
Kazuko_53,foot2938,iter,1,0.25
Kazuko_53,hello2362,iter,1,0.25
Kazuko_53,hello2364,iter,1,0.25
Kazuko_53,hello2366,iter,1,0.25
Kazuko_53,rain2914,iter,1,0.25
Kazuko_54,foot2916,iter,1,0.25
Kazuko_54,foot2920,iter,1,0.25
Kazuko_54,foot2925,iter,1,0.25
Kazuko_54,foot2936,iter,1,0.25
Kazuko_54,kitty2374,iter,1,0.25
Kazuko_54,sleeping3341,iter,1,0.25
Kazuko_54,sleeping3343,iter,1,0.25
Kazuko_54,sleeping3346,iter,1,0.25
Kazuko_55,car1872,iter,1,0.25
Kazuko_55,doesn't exist1877,iter,1,0.25
Kazuko_55,foot2317,iter,1,0.25
Kazuko_55,foot2318,iter,1,0.25
Kazuko_55,foot2322,iter,1,0.25
Kazuko_55,foot2916,iter,1,0.25
Kazuko_55,foot2917,iter,1,0.25
Kazuko_55,foot2919,iter,1,0.25
Kazuko_55,foot2923,iter,1,0.25
Kazuko_55,foot2935,iter,1,0.25
Kazuko_55,hat2328,iter,1,0.25
Kazuko_55,hat2329,iter,1,0.25
Kazuko_55,hold me3334,iter,1,0.25
Kazuko_55,kitty2380,iter,1,0.25
Kazuko_55,kitty2381,iter,1,0.25
Kazuko_55,pig1873,iter,1,0.25
Kazuko_56,foot2322,iter,1,0.25
Kazuko_56,hat2328,iter,1,0.25
Kazuko_56,hello2941,iter,1,0.25
Kazuko_56,hold me3334,iter,1,0.25
Kazuko_56,rain2913,iter,1,0.25
Kazuko_57,foot2916,iter,1,0.25
Kazuko_57,foot2924,iter,1,0.25
Kazuko_57,foot2925,iter,1,0.25
Kazuko_57,foot2932,iter,1,0.25
Kazuko_57,kitty2375,iter,1,0.25
Kazuko_57,kitty2379,iter,1,0.25
Kazuko_57,rain2912,iter,1,0.25
Kazuko_57,telephone2352,iter,1,0.25
Kazuko_57,telephone2353,iter,1,0.25
Kazuko_58,car2345,iter,1,0.25
Kazuko_58,cloud2370,iter,1,0.25
Kazuko_58,foot2917,iter,1,0.25
Kazuko_58,foot2924,iter,1,0.25
Kazuko_58,foot2925,iter,1,0.25
Kazuko_58,rain2914,iter,1,0.25
Kazuko_59,foot2920,iter,1,0.25
Kazuko_59,foot2927,iter,1,0.25
Kazuko_59,foot2928,iter,1,0.25
Kazuko_59,foot2936,iter,1,0.25
Kazuko_59,hello2939,iter,1,0.25
Kazuko_59,kitty2379,iter,1,0.25
Kazuko_59,telephone2352,iter,1,0.25
Kazuko_59,telephone2353,iter,1,0.25
Kazuko_6,car2340,iter,1,0.25
Kazuko_6,foot2917,iter,1,0.25
Kazuko_6,foot2921,iter,1,0.25
Kazuko_6,hat2335,iter,1,0.25
Kazuko_60,car1872,iter,1,0.25
Kazuko_60,car2338,iter,1,0.25
Kazuko_60,car2340,iter,1,0.25
Kazuko_60,foot2316,iter,1,0.25
Kazuko_60,foot2317,iter,1,0.25
Kazuko_60,foot2924,iter,1,0.25
Kazuko_60,foot2935,iter,1,0.25
Kazuko_60,hat2329,iter,1,0.25
Kazuko_60,hat2335,iter,1,0.25
Kazuko_60,hello2358,iter,1,0.25
Kazuko_60,hello2941,iter,1,0.25
Kazuko_60,kitty2381,iter,1,0.25
Kazuko_60,rain2915,iter,1,0.25
Kazuko_61,hello1874,iter,1,0.25
Kazuko_62,car1871,iter,1,0.25
Kazuko_62,car2337,iter,1,0.25
Kazuko_62,car2342,iter,1,0.25
Kazuko_62,foot2317,iter,1,0.25
Kazuko_62,foot2322,iter,1,0.25
Kazuko_62,foot2323,iter,1,0.25
Kazuko_62,foot2920,iter,1,0.25
Kazuko_62,hat2331,iter,1,0.25
Kazuko_62,hello1874,iter,1,0.25
Kazuko_62,hello2360,iter,1,0.25
Kazuko_62,hello2941,iter,1,0.25
Kazuko_62,rain2914,iter,1,0.25
Kazuko_63,foot2930,iter,1,0.25
Kazuko_63,kitty2376,iter,1,0.25
Kazuko_63,kitty2378,iter,1,0.25
Kazuko_63,sleeping3339,iter,1,0.25
Kazuko_63,sleeping3340,iter,1,0.25
Kazuko_64,car2345,iter,1,0.25
Kazuko_64,foot2916,iter,1,0.25
Kazuko_64,foot2930,iter,1,0.25
Kazuko_64,foot2932,iter,1,0.25
Kazuko_64,foot2933,iter,1,0.25
Kazuko_64,foot2938,iter,1,0.25
Kazuko_64,hat2335,iter,1,0.25
Kazuko_64,hello2940,iter,1,0.25
Kazuko_65,car2340,iter,1,0.25
Kazuko_65,foot2322,iter,1,0.25
Kazuko_65,foot2920,iter,1,0.25
Kazuko_65,foot2921,iter,1,0.25
Kazuko_65,foot2935,iter,1,0.25
Kazuko_65,hat2335,iter,1,0.25
Kazuko_65,hello3336,iter,1,0.25
Kazuko_65,please2354,iter,1,0.25
Kazuko_66,please2354,iter,1,0.25
Kazuko_66,sleeping3343,iter,1,0.25
Kazuko_66,sleeping3344,iter,1,0.25
Kazuko_66,sleeping3345,iter,1,0.25
Kazuko_66,sleeping3346,iter,1,0.25
Kazuko_67,car2346,iter,1,0.25
Kazuko_67,cloud2370,iter,1,0.25
Kazuko_67,doesn't exist1877,iter,1,0.25
Kazuko_67,foot2316,iter,1,0.25
Kazuko_67,foot2928,iter,1,0.25
Kazuko_67,hat2331,iter,1,0.25
Kazuko_67,hello2359,iter,1,0.25
Kazuko_67,hello2940,iter,1,0.25
Kazuko_67,kitty2374,iter,1,0.25
Kazuko_67,rain2913,iter,1,0.25
Kazuko_68,"all gone, put away2372",iter,1,0.25
Kazuko_68,foot2320,iter,1,0.25
Kazuko_68,foot2324,iter,1,0.25
Kazuko_68,foot2919,iter,1,0.25
Kazuko_68,foot2921,iter,1,0.25
Kazuko_68,foot2922,iter,1,0.25
Kazuko_68,foot2929,iter,1,0.25
Kazuko_68,foot2932,iter,1,0.25
Kazuko_68,foot2934,iter,1,0.25
Kazuko_68,hat2329,iter,1,0.25
Kazuko_68,hat2335,iter,1,0.25
Kazuko_68,hello2940,iter,1,0.25
Kazuko_68,hello2941,iter,1,0.25
Kazuko_68,pig2348,iter,1,0.25
Kazuko_68,please2357,iter,1,0.25
Kazuko_68,telephone2353,iter,1,0.25
Kazuko_69,"all gone, put away3147",iter,1,0.25
Kazuko_69,car2338,iter,1,0.25
Kazuko_69,car2339,iter,1,0.25
Kazuko_69,car2346,iter,1,0.25
Kazuko_69,foot2321,iter,1,0.25
Kazuko_69,foot2322,iter,1,0.25
Kazuko_69,foot2323,iter,1,0.25
Kazuko_69,foot2917,iter,1,0.25
Kazuko_69,foot2919,iter,1,0.25
Kazuko_69,foot2931,iter,1,0.25
Kazuko_69,foot2932,iter,1,0.25
Kazuko_69,foot2937,iter,1,0.25
Kazuko_69,hat2331,iter,1,0.25
Kazuko_69,hello2364,iter,1,0.25
Kazuko_69,hello2366,iter,1,0.25
Kazuko_69,pig1873,iter,1,0.25
Kazuko_69,rain2912,iter,1,0.25
Kazuko_69,telephone2350,iter,1,0.25
Kazuko_7,car2342,iter,1,0.25
Kazuko_7,foot2318,iter,1,0.25
Kazuko_7,foot2323,iter,1,0.25
Kazuko_7,foot2927,iter,1,0.25
Kazuko_7,foot2936,iter,1,0.25
Kazuko_7,foot2938,iter,1,0.25
Kazuko_7,hat2329,iter,1,0.25
Kazuko_7,hat2332,iter,1,0.25
Kazuko_7,hello1874,iter,1,0.25
Kazuko_7,hello2360,iter,1,0.25
Kazuko_7,hello2940,iter,1,0.25
Kazuko_7,hello2941,iter,1,0.25
Kazuko_7,hello3555,iter,1,0.25
Kazuko_7,kitty2378,iter,1,0.25
Kazuko_7,telephone2349,iter,1,0.25
Kazuko_70,foot2920,iter,1,0.25
Kazuko_70,foot2921,iter,1,0.25
Kazuko_70,foot2928,iter,1,0.25
Kazuko_70,hello2940,iter,1,0.25
Kazuko_70,kitty2375,iter,1,0.25
Kazuko_70,kitty2379,iter,1,0.25
Kazuko_70,telephone2350,iter,1,0.25
Kazuko_70,telephone2352,iter,1,0.25
Kazuko_71,"all gone, put away2372",iter,1,0.25
Kazuko_71,sleeping3347,iter,1,0.25
Kazuko_72,hello1874,iter,1,0.25
Kazuko_72,hello2359,iter,1,0.25
Kazuko_73,car1872,iter,1,0.25
Kazuko_73,car2346,iter,1,0.25
Kazuko_73,doesn't exist1877,iter,1,0.25
Kazuko_73,hat2328,iter,1,0.25
Kazuko_73,hat2331,iter,1,0.25
Kazuko_73,hat2333,iter,1,0.25
Kazuko_73,hello1874,iter,1,0.25
Kazuko_73,kitty2374,iter,1,0.25
Kazuko_73,pig2348,iter,1,0.25
Kazuko_74,"all gone, put away2373",iter,1,0.25
Kazuko_74,car2337,iter,1,0.25
Kazuko_74,car2339,iter,1,0.25
Kazuko_74,car2340,iter,1,0.25
Kazuko_74,car2341,iter,1,0.25
Kazuko_74,cloud2369,iter,1,0.25
Kazuko_74,foot2937,iter,1,0.25
Kazuko_74,hat2328,iter,1,0.25
Kazuko_74,hat2331,iter,1,0.25
Kazuko_74,hello2941,iter,1,0.25
Kazuko_74,hello3555,iter,1,0.25
Kazuko_74,kitty2380,iter,1,0.25
Kazuko_74,pig1873,iter,1,0.25
Kazuko_74,sleeping3338,iter,1,0.25
Kazuko_74,sleeping3343,iter,1,0.25
Kazuko_74,sleeping3345,iter,1,0.25
Kazuko_75,foot2318,iter,1,0.25
Kazuko_75,foot2319,iter,1,0.25
Kazuko_75,foot2923,iter,1,0.25
Kazuko_75,foot2931,iter,1,0.25
Kazuko_75,foot2938,iter,1,0.25
Kazuko_75,hat2336,iter,1,0.25
Kazuko_75,hello1874,iter,1,0.25
Kazuko_75,hello2359,iter,1,0.25
Kazuko_75,hello2360,iter,1,0.25
Kazuko_75,hello2367,iter,1,0.25
Kazuko_75,hello2941,iter,1,0.25
Kazuko_75,hold me3334,iter,1,0.25
Kazuko_75,pig1873,iter,1,0.25
Kazuko_75,rain2914,iter,1,0.25
Kazuko_76,car1872,iter,1,0.25
Kazuko_76,car2339,iter,1,0.25
Kazuko_76,foot2320,iter,1,0.25
Kazuko_76,hat2330,iter,1,0.25
Kazuko_76,hello1874,iter,1,0.25
Kazuko_76,hello2359,iter,1,0.25
Kazuko_76,hello2360,iter,1,0.25
Kazuko_76,hello2363,iter,1,0.25
Kazuko_76,hello2364,iter,1,0.25
Kazuko_76,pig1873,iter,1,0.25
Kazuko_76,sleeping3346,iter,1,0.25
Kazuko_77,foot2926,iter,1,0.25
Kazuko_77,foot2927,iter,1,0.25
Kazuko_77,foot2928,iter,1,0.25
Kazuko_77,hello2940,iter,1,0.25
Kazuko_77,kitty2375,iter,1,0.25
Kazuko_77,telephone2353,iter,1,0.25
Kazuko_78,hello2362,iter,1,0.25
Kazuko_79,car2337,iter,1,0.25
Kazuko_79,foot2322,iter,1,0.25
Kazuko_79,foot2934,iter,1,0.25
Kazuko_79,hat2329,iter,1,0.25
Kazuko_79,hat2332,iter,1,0.25
Kazuko_79,hat2334,iter,1,0.25
Kazuko_79,hat2335,iter,1,0.25
Kazuko_79,hello2359,iter,1,0.25
Kazuko_79,hello2941,iter,1,0.25
Kazuko_79,kitty2378,iter,1,0.25
Kazuko_8,foot2321,iter,1,0.25
Kazuko_8,foot2934,iter,1,0.25
Kazuko_8,foot2938,iter,1,0.25
Kazuko_8,hat2329,iter,1,0.25
Kazuko_8,hat2334,iter,1,0.25
Kazuko_8,hat2336,iter,1,0.25
Kazuko_8,hello2360,iter,1,0.25
Kazuko_8,rain2913,iter,1,0.25
Kazuko_8,telephone2349,iter,1,0.25
Kazuko_80,foot2317,iter,1,0.25
Kazuko_80,foot2323,iter,1,0.25
Kazuko_80,foot2925,iter,1,0.25
Kazuko_80,foot2929,iter,1,0.25
Kazuko_80,pig2348,iter,1,0.25
Kazuko_80,please2354,iter,1,0.25
Kazuko_81,car2345,iter,1,0.25
Kazuko_81,foot2323,iter,1,0.25
Kazuko_81,foot2325,iter,1,0.25
Kazuko_81,foot2929,iter,1,0.25
Kazuko_81,foot2934,iter,1,0.25
Kazuko_81,hat2336,iter,1,0.25
Kazuko_81,kitty2379,iter,1,0.25
Kazuko_81,telephone2351,iter,1,0.25
Kazuko_81,telephone2353,iter,1,0.25
Kazuko_82,"all gone, put away3147",iter,1,0.25
Kazuko_82,car2340,iter,1,0.25
Kazuko_82,foot2933,iter,1,0.25
Kazuko_82,hat2332,iter,1,0.25
Kazuko_82,hello1874,iter,1,0.25
Kazuko_82,hello2939,iter,1,0.25
Kazuko_82,kitty2378,iter,1,0.25
Kazuko_82,telephone2349,iter,1,0.25
Kazuko_83,"all gone, put away2372",iter,1,0.25
Kazuko_83,sleeping3342,iter,1,0.25
Kazuko_84,"all gone, put away2373",iter,1,0.25
Kazuko_84,"all gone, put away3147",iter,1,0.25
Kazuko_84,car2340,iter,1,0.25
Kazuko_84,car2342,iter,1,0.25
Kazuko_84,car2346,iter,1,0.25
Kazuko_84,cloud2369,iter,1,0.25
Kazuko_84,foot2318,iter,1,0.25
Kazuko_84,foot2925,iter,1,0.25
Kazuko_84,foot2931,iter,1,0.25
Kazuko_84,foot2932,iter,1,0.25
Kazuko_84,hat2328,iter,1,0.25
Kazuko_84,hat2333,iter,1,0.25
Kazuko_84,hello2366,iter,1,0.25
Kazuko_84,hello2939,iter,1,0.25
Kazuko_84,kitty2381,iter,1,0.25
Kazuko_86,"all gone, put away3147",iter,1,0.25
Kazuko_86,doesn't exist1877,iter,1,0.25
Kazuko_86,foot2318,iter,1,0.25
Kazuko_86,foot2322,iter,1,0.25
Kazuko_86,foot2932,iter,1,0.25
Kazuko_86,foot2933,iter,1,0.25
Kazuko_86,foot2934,iter,1,0.25
Kazuko_86,hat2329,iter,1,0.25
Kazuko_86,hello2362,iter,1,0.25
Kazuko_86,hello2364,iter,1,0.25
Kazuko_86,hello2367,iter,1,0.25
Kazuko_86,hello2939,iter,1,0.25
Kazuko_86,kitty2376,iter,1,0.25
Kazuko_87,"all gone, put away2373",iter,1,0.25
Kazuko_87,car1871,iter,1,0.25
Kazuko_87,car2338,iter,1,0.25
Kazuko_87,car2345,iter,1,0.25
Kazuko_87,cloud2369,iter,1,0.25
Kazuko_87,doesn't exist1877,iter,1,0.25
Kazuko_87,hat2331,iter,1,0.25
Kazuko_87,hat2333,iter,1,0.25
Kazuko_87,hello1874,iter,1,0.25
Kazuko_87,hello2939,iter,1,0.25
Kazuko_87,kitty2374,iter,1,0.25
Kazuko_87,please2354,iter,1,0.25
Kazuko_87,rain2912,iter,1,0.25
Kazuko_87,rain2915,iter,1,0.25
Kazuko_88,car2339,iter,1,0.25
Kazuko_88,car2341,iter,1,0.25
Kazuko_88,car2342,iter,1,0.25
Kazuko_88,foot2316,iter,1,0.25
Kazuko_88,foot2322,iter,1,0.25
Kazuko_88,foot2323,iter,1,0.25
Kazuko_88,foot2926,iter,1,0.25
Kazuko_88,hat2336,iter,1,0.25
Kazuko_88,hello2362,iter,1,0.25
Kazuko_88,hello2367,iter,1,0.25
Kazuko_88,hello3555,iter,1,0.25
Kazuko_88,hold me3334,iter,1,0.25
Kazuko_88,kitty2378,iter,1,0.25
Kazuko_89,foot2317,iter,1,0.25
Kazuko_89,foot2325,iter,1,0.25
Kazuko_89,foot2918,iter,1,0.25
Kazuko_89,hat2328,iter,1,0.25
Kazuko_89,hat2333,iter,1,0.25
Kazuko_89,hat2336,iter,1,0.25
Kazuko_89,hello2360,iter,1,0.25
Kazuko_89,hello2364,iter,1,0.25
Kazuko_89,kitty2374,iter,1,0.25
Kazuko_89,kitty2376,iter,1,0.25
Kazuko_89,kitty2381,iter,1,0.25
Kazuko_9,car2339,iter,1,0.25
Kazuko_9,foot2317,iter,1,0.25
Kazuko_9,foot2919,iter,1,0.25
Kazuko_9,foot2930,iter,1,0.25
Kazuko_9,foot2931,iter,1,0.25
Kazuko_9,hello1874,iter,1,0.25
Kazuko_9,hello2358,iter,1,0.25
Kazuko_9,hello2364,iter,1,0.25
Kazuko_9,hello3555,iter,1,0.25
Kazuko_9,kitty2381,iter,1,0.25
Kazuko_9,rain2913,iter,1,0.25
Kazuko_9,telephone2349,iter,1,0.25
Kazuko_90,hello3553,iter,1,0.25
Kazuko_91,car2345,iter,1,0.25
Kazuko_91,foot2919,iter,1,0.25
Kazuko_91,hello2362,iter,1,0.25
Kazuko_91,rain2912,iter,1,0.25
Kazuko_91,telephone2352,iter,1,0.25
Kazuko_92,car1871,iter,1,0.25
Kazuko_92,cloud2369,iter,1,0.25
Kazuko_92,foot2325,iter,1,0.25
Kazuko_92,foot2326,iter,1,0.25
Kazuko_92,foot2930,iter,1,0.25
Kazuko_92,foot2935,iter,1,0.25
Kazuko_92,foot2938,iter,1,0.25
Kazuko_92,hat2331,iter,1,0.25
Kazuko_92,hat2336,iter,1,0.25
Kazuko_92,hello2359,iter,1,0.25
Kazuko_92,hello2360,iter,1,0.25
Kazuko_92,hello2361,iter,1,0.25
Kazuko_92,hello2940,iter,1,0.25
Kazuko_92,kitty2376,iter,1,0.25
Kazuko_92,kitty2378,iter,1,0.25
Kazuko_93,please2354,iter,1,0.25
Kazuko_93,sleeping3342,iter,1,0.25
Kazuko_93,sleeping3344,iter,1,0.25
Kazuko_94,doesn't exist1877,iter,1,0.25
Kazuko_94,foot2319,iter,1,0.25
Kazuko_94,foot2326,iter,1,0.25
Kazuko_94,hat2336,iter,1,0.25
Kazuko_94,hello2358,iter,1,0.25
Kazuko_94,hello2361,iter,1,0.25
Kazuko_94,hello2941,iter,1,0.25
Kazuko_95,car2341,iter,1,0.25
Kazuko_95,cloud2369,iter,1,0.25
Kazuko_95,foot2316,iter,1,0.25
Kazuko_95,foot2320,iter,1,0.25
Kazuko_95,foot2916,iter,1,0.25
Kazuko_95,foot2921,iter,1,0.25
Kazuko_95,foot2934,iter,1,0.25
Kazuko_95,foot2936,iter,1,0.25
Kazuko_95,hello2361,iter,1,0.25
Kazuko_95,hello2366,iter,1,0.25
Kazuko_95,hello2367,iter,1,0.25
Kazuko_95,pig1873,iter,1,0.25
Kazuko_95,rain2912,iter,1,0.25
Kazuko_95,telephone2349,iter,1,0.25
Kazuko_97,"all gone, put away2373",iter,1,0.25
Kazuko_97,car2343,iter,1,0.25
Kazuko_97,foot2923,iter,1,0.25
Kazuko_97,foot2930,iter,1,0.25
Kazuko_97,kitty2375,iter,1,0.25
Kazuko_97,please2355,iter,1,0.25
Kazuko_97,sleeping3342,iter,1,0.25
Kazuko_98,sleeping3344,iter,1,0.25
Kazuko_99,car2346,iter,1,0.25
Kazuko_99,doesn't exist1877,iter,1,0.25
Kazuko_99,foot2934,iter,1,0.25
Kazuko_99,foot2935,iter,1,0.25
Kazuko_99,foot2937,iter,1,0.25
Kazuko_99,hat2334,iter,1,0.25
Kazuko_99,hold me3334,iter,1,0.25
Kazuko_99,kitty2375,iter,1,0.25
Kazuko_99,please2354,iter,1,0.25
Kazuko_99,rain2915,iter,1,0.25
Kazuko_99,sleeping3338,iter,1,0.25
Kazuko_99,sleeping3344,iter,1,0.25
Kazuko_99,sleeping3346,iter,1,0.25
Lewis_1,choo-choo2798,iter,1,0.25
Lewis_1,choo-choo3153,iter,1,0.25
Lewis_1,circle2058,iter,1,0.25
Lewis_1,circle2059,iter,1,0.25
Lewis_1,ladder2060,iter,1,0.25
Lewis_1,oh no2779,iter,1,0.25
Lewis_1,oh no2780,iter,1,0.25
Lewis_1,oh no2781,iter,1,0.25
Lewis_1,oh no2783,iter,1,0.25
Lewis_1,oh no2787,iter,1,0.25
Lewis_1,oh no3090,iter,1,0.25
Lewis_1,uh-oh2792,iter,1,0.25
Lewis_1,uh-oh2794,iter,1,0.25
Lewis_1,uh-oh2795,iter,1,0.25
Lewis_1,uh-oh2796,iter,1,0.25
Lewis_100,all gone3150,iter,1,0.25
Lewis_100,ladder2060,iter,1,0.25
Lewis_100,oh no2062,iter,1,0.25
Lewis_100,oh no2781,iter,1,0.25
Lewis_100,oh no2782,iter,1,0.25
Lewis_100,oh no2784,iter,1,0.25
Lewis_100,tractor2065,iter,1,0.25
Lewis_100,tractor3442,iter,1,0.25
Lewis_100,uh-oh2068,iter,1,0.25
Lewis_100,uh-oh2790,iter,1,0.25
Lewis_100,uh-oh2794,iter,1,0.25
Lewis_100,uh-oh2795,iter,1,0.25
Lewis_100,uh-oh2796,iter,1,0.25
Lewis_11,circle2056,iter,1,0.25
Lewis_11,circle2057,iter,1,0.25
Lewis_11,oh no2062,iter,1,0.25
Lewis_11,oh no2778,iter,1,0.25
Lewis_11,oh no2782,iter,1,0.25
Lewis_11,oh no2788,iter,1,0.25
Lewis_11,oh no2789,iter,1,0.25
Lewis_11,tractor2065,iter,1,0.25
Lewis_11,uh-oh2066,iter,1,0.25
Lewis_11,uh-oh2068,iter,1,0.25
Lewis_11,uh-oh2790,iter,1,0.25
Lewis_11,uh-oh2793,iter,1,0.25
Lewis_11,uh-oh2794,iter,1,0.25
Lewis_11,woof woof3092,iter,1,0.25
Lewis_13,circle2056,iter,1,0.25
Lewis_13,oh no2778,iter,1,0.25
Lewis_13,oh no2779,iter,1,0.25
Lewis_13,oh no2780,iter,1,0.25
Lewis_13,oh no2784,iter,1,0.25
Lewis_13,oh no2788,iter,1,0.25
Lewis_13,oh no2789,iter,1,0.25
Lewis_13,pushchair3091,iter,1,0.25
Lewis_13,uh-oh2790,iter,1,0.25
Lewis_13,uh-oh2797,iter,1,0.25
Lewis_14,all gone3150,iter,1,0.25
Lewis_14,choo-choo3154,iter,1,0.25
Lewis_14,circle2056,iter,1,0.25
Lewis_14,circle2059,iter,1,0.25
Lewis_14,ladder2060,iter,1,0.25
Lewis_14,oh no2061,iter,1,0.25
Lewis_14,oh no2780,iter,1,0.25
Lewis_14,oh no2782,iter,1,0.25
Lewis_14,oh no2784,iter,1,0.25
Lewis_14,oh no2785,iter,1,0.25
Lewis_14,tractor3442,iter,1,0.25
Lewis_14,uh-oh2066,iter,1,0.25
Lewis_14,uh-oh2797,iter,1,0.25
Lewis_15,all gone2774,iter,1,0.25
Lewis_15,all gone2776,iter,1,0.25
Lewis_15,choo-choo3153,iter,1,0.25
Lewis_15,circle2056,iter,1,0.25
Lewis_15,oh no2062,iter,1,0.25
Lewis_15,oh no2779,iter,1,0.25
Lewis_15,oh no2781,iter,1,0.25
Lewis_15,oh no2787,iter,1,0.25
Lewis_15,oh no2788,iter,1,0.25
Lewis_15,oh no2789,iter,1,0.25
Lewis_15,oh no3089,iter,1,0.25
Lewis_15,tractor2063,iter,1,0.25
Lewis_15,tractor3442,iter,1,0.25
Lewis_15,uh-oh2790,iter,1,0.25
Lewis_15,uh-oh2792,iter,1,0.25
Lewis_15,uh-oh2793,iter,1,0.25
Lewis_15,uh-oh2795,iter,1,0.25
Lewis_17,oh no2061,iter,1,0.25
Lewis_17,oh no2062,iter,1,0.25
Lewis_17,uh-oh2067,iter,1,0.25
Lewis_17,uh-oh2068,iter,1,0.25
Lewis_17,uh-oh2790,iter,1,0.25
Lewis_17,uh-oh2791,iter,1,0.25
Lewis_17,uh-oh2792,iter,1,0.25
Lewis_17,uh-oh2797,iter,1,0.25
Lewis_18,oh no2062,iter,1,0.25
Lewis_18,uh-oh2792,iter,1,0.25
Lewis_18,uh-oh2793,iter,1,0.25
Lewis_18,uh-oh2794,iter,1,0.25
Lewis_18,uh-oh2796,iter,1,0.25
Lewis_19,all gone3150,iter,1,0.25
Lewis_19,circle2056,iter,1,0.25
Lewis_19,circle2057,iter,1,0.25
Lewis_19,ladder2060,iter,1,0.25
Lewis_19,oh no2780,iter,1,0.25
Lewis_19,oh no2781,iter,1,0.25
Lewis_19,oh no2786,iter,1,0.25
Lewis_19,uh-oh2790,iter,1,0.25
Lewis_19,uh-oh2791,iter,1,0.25
Lewis_19,uh-oh2794,iter,1,0.25
Lewis_2,all gone2774,iter,1,0.25
Lewis_20,apple2055,iter,1,0.25
Lewis_20,circle2057,iter,1,0.25
Lewis_20,circle2059,iter,1,0.25
Lewis_20,oh no2061,iter,1,0.25
Lewis_20,oh no2779,iter,1,0.25
Lewis_20,oh no2780,iter,1,0.25
Lewis_20,oh no2781,iter,1,0.25
Lewis_20,oh no2783,iter,1,0.25
Lewis_20,oh no2788,iter,1,0.25
Lewis_20,oh no2789,iter,1,0.25
Lewis_20,tractor3442,iter,1,0.25
Lewis_20,uh-oh2791,iter,1,0.25
Lewis_20,uh-oh2792,iter,1,0.25
Lewis_20,uh-oh2795,iter,1,0.25
Lewis_20,woof woof3092,iter,1,0.25
Lewis_22,all gone3150,iter,1,0.25
Lewis_22,choo-choo2069,iter,1,0.25
Lewis_22,circle2059,iter,1,0.25
Lewis_22,oh no2061,iter,1,0.25
Lewis_22,oh no2062,iter,1,0.25
Lewis_22,oh no2780,iter,1,0.25
Lewis_22,oh no2781,iter,1,0.25
Lewis_22,oh no2782,iter,1,0.25
Lewis_22,oh no2787,iter,1,0.25
Lewis_22,tractor2065,iter,1,0.25
Lewis_22,tractor3442,iter,1,0.25
Lewis_22,uh-oh2793,iter,1,0.25
Lewis_22,uh-oh2796,iter,1,0.25
Lewis_22,uh-oh2797,iter,1,0.25
Lewis_23,choo-choo2069,iter,1,0.25
Lewis_23,ladder2060,iter,1,0.25
Lewis_23,tractor3442,iter,1,0.25
Lewis_24,all gone3150,iter,1,0.25
Lewis_24,apple2055,iter,1,0.25
Lewis_24,choo-choo3154,iter,1,0.25
Lewis_24,circle2058,iter,1,0.25
Lewis_24,circle2059,iter,1,0.25
Lewis_24,ladder2060,iter,1,0.25
Lewis_24,oh no2061,iter,1,0.25
Lewis_24,oh no2780,iter,1,0.25
Lewis_24,oh no2783,iter,1,0.25
Lewis_24,oh no2789,iter,1,0.25
Lewis_24,uh-oh2068,iter,1,0.25
Lewis_24,uh-oh2790,iter,1,0.25
Lewis_24,uh-oh2791,iter,1,0.25
Lewis_24,uh-oh2793,iter,1,0.25
Lewis_24,uh-oh2794,iter,1,0.25
Lewis_25,all gone3150,iter,1,0.25
Lewis_25,apple2055,iter,1,0.25
Lewis_25,circle2059,iter,1,0.25
Lewis_25,oh no2062,iter,1,0.25
Lewis_25,oh no2778,iter,1,0.25
Lewis_25,oh no2780,iter,1,0.25
Lewis_25,oh no2784,iter,1,0.25
Lewis_25,oh no2787,iter,1,0.25
Lewis_25,oh no3089,iter,1,0.25
Lewis_25,tractor3442,iter,1,0.25
Lewis_25,uh-oh2792,iter,1,0.25
Lewis_25,uh-oh2793,iter,1,0.25
Lewis_25,uh-oh2796,iter,1,0.25
Lewis_26,apple2055,iter,1,0.25
Lewis_26,circle2056,iter,1,0.25
Lewis_26,oh no2783,iter,1,0.25
Lewis_26,oh no2785,iter,1,0.25
Lewis_26,oh no2786,iter,1,0.25
Lewis_26,oh no2789,iter,1,0.25
Lewis_26,tractor2065,iter,1,0.25
Lewis_26,tractor3442,iter,1,0.25
Lewis_26,uh-oh2068,iter,1,0.25
Lewis_26,uh-oh2793,iter,1,0.25
Lewis_27,all gone2776,iter,1,0.25
Lewis_27,all gone2777,iter,1,0.25
Lewis_27,choo-choo3153,iter,1,0.25
Lewis_27,circle2056,iter,1,0.25
Lewis_27,ladder2060,iter,1,0.25
Lewis_27,oh no2778,iter,1,0.25
Lewis_27,oh no2780,iter,1,0.25
Lewis_27,oh no2782,iter,1,0.25
Lewis_27,oh no2783,iter,1,0.25
Lewis_27,tractor2063,iter,1,0.25
Lewis_27,tractor2065,iter,1,0.25
Lewis_27,uh-oh2068,iter,1,0.25
Lewis_27,uh-oh2792,iter,1,0.25
Lewis_27,uh-oh2795,iter,1,0.25
Lewis_27,uh-oh2796,iter,1,0.25
Lewis_27,uh-oh2797,iter,1,0.25
Lewis_28,choo-choo3153,iter,1,0.25
Lewis_28,circle2057,iter,1,0.25
Lewis_28,oh no2061,iter,1,0.25
Lewis_28,oh no2782,iter,1,0.25
Lewis_28,oh no2784,iter,1,0.25
Lewis_28,oh no2788,iter,1,0.25
Lewis_28,oh no3090,iter,1,0.25
Lewis_28,tractor2065,iter,1,0.25
Lewis_28,uh-oh2792,iter,1,0.25
Lewis_28,uh-oh2793,iter,1,0.25
Lewis_28,uh-oh2794,iter,1,0.25
Lewis_28,woof woof3092,iter,1,0.25
Lewis_29,all gone2774,iter,1,0.25
Lewis_29,all gone2776,iter,1,0.25
Lewis_29,all gone2777,iter,1,0.25
Lewis_29,choo-choo3153,iter,1,0.25
Lewis_29,circle2056,iter,1,0.25
Lewis_29,circle2057,iter,1,0.25
Lewis_29,circle2058,iter,1,0.25
Lewis_29,circle2059,iter,1,0.25
Lewis_29,oh no2061,iter,1,0.25
Lewis_29,oh no2778,iter,1,0.25
Lewis_29,oh no2783,iter,1,0.25
Lewis_29,tractor2065,iter,1,0.25
Lewis_29,uh-oh2790,iter,1,0.25
Lewis_29,uh-oh2791,iter,1,0.25
Lewis_29,uh-oh2794,iter,1,0.25
Lewis_29,uh-oh2795,iter,1,0.25
Lewis_29,woof woof3092,iter,1,0.25
Lewis_3,choo-choo2798,iter,1,0.25
Lewis_3,choo-choo3153,iter,1,0.25
Lewis_3,circle2057,iter,1,0.25
Lewis_3,oh no2061,iter,1,0.25
Lewis_3,oh no2781,iter,1,0.25
Lewis_3,oh no2782,iter,1,0.25
Lewis_3,oh no2784,iter,1,0.25
Lewis_3,oh no2786,iter,1,0.25
Lewis_3,oh no2788,iter,1,0.25
Lewis_3,uh-oh2795,iter,1,0.25
Lewis_3,uh-oh2796,iter,1,0.25
Lewis_3,uh-oh2797,iter,1,0.25
Lewis_30,all gone2777,iter,1,0.25
Lewis_30,circle2058,iter,1,0.25
Lewis_30,ladder2060,iter,1,0.25
Lewis_30,oh no2061,iter,1,0.25
Lewis_30,oh no2779,iter,1,0.25
Lewis_30,oh no2787,iter,1,0.25
Lewis_30,oh no3089,iter,1,0.25
Lewis_30,oh no3090,iter,1,0.25
Lewis_30,tractor3442,iter,1,0.25
Lewis_30,uh-oh2067,iter,1,0.25
Lewis_30,uh-oh2068,iter,1,0.25
Lewis_30,uh-oh2790,iter,1,0.25
Lewis_30,uh-oh2791,iter,1,0.25
Lewis_30,uh-oh2793,iter,1,0.25
Lewis_30,uh-oh2796,iter,1,0.25
Lewis_30,uh-oh2797,iter,1,0.25
Lewis_31,all gone2776,iter,1,0.25
Lewis_31,choo-choo2798,iter,1,0.25
Lewis_31,circle2056,iter,1,0.25
Lewis_31,circle2059,iter,1,0.25
Lewis_31,ladder2060,iter,1,0.25
Lewis_31,oh no2061,iter,1,0.25
Lewis_31,oh no2062,iter,1,0.25
Lewis_31,oh no2782,iter,1,0.25
Lewis_31,oh no2785,iter,1,0.25
Lewis_31,oh no2787,iter,1,0.25
Lewis_31,oh no2788,iter,1,0.25
Lewis_31,tractor2065,iter,1,0.25
Lewis_31,uh-oh2792,iter,1,0.25
Lewis_31,uh-oh2797,iter,1,0.25
Lewis_31,woof woof3092,iter,1,0.25
Lewis_32,choo-choo2798,iter,1,0.25
Lewis_33,choo-choo2798,iter,1,0.25
Lewis_33,circle2058,iter,1,0.25
Lewis_33,circle2059,iter,1,0.25
Lewis_33,oh no2061,iter,1,0.25
Lewis_33,oh no2780,iter,1,0.25
Lewis_33,oh no2782,iter,1,0.25
Lewis_33,oh no2788,iter,1,0.25
Lewis_33,oh no2789,iter,1,0.25
Lewis_33,tractor3442,iter,1,0.25
Lewis_33,uh-oh2066,iter,1,0.25
Lewis_33,uh-oh2068,iter,1,0.25
Lewis_33,uh-oh2790,iter,1,0.25
Lewis_33,uh-oh2791,iter,1,0.25
Lewis_33,uh-oh2795,iter,1,0.25
Lewis_33,uh-oh2796,iter,1,0.25
Lewis_34,circle2059,iter,1,0.25
Lewis_34,ladder2060,iter,1,0.25
Lewis_34,oh no2062,iter,1,0.25
Lewis_34,oh no2779,iter,1,0.25
Lewis_34,oh no2780,iter,1,0.25
Lewis_34,oh no2783,iter,1,0.25
Lewis_34,oh no3089,iter,1,0.25
Lewis_34,tractor2065,iter,1,0.25
Lewis_34,uh-oh2066,iter,1,0.25
Lewis_34,uh-oh2791,iter,1,0.25
Lewis_34,uh-oh2792,iter,1,0.25
Lewis_34,uh-oh2793,iter,1,0.25
Lewis_34,uh-oh2794,iter,1,0.25
Lewis_35,choo-choo3153,iter,1,0.25
Lewis_35,circle2059,iter,1,0.25
Lewis_35,oh no2781,iter,1,0.25
Lewis_35,oh no2782,iter,1,0.25
Lewis_35,oh no2785,iter,1,0.25
Lewis_35,oh no2788,iter,1,0.25
Lewis_35,tractor2065,iter,1,0.25
Lewis_35,uh-oh2066,iter,1,0.25
Lewis_35,uh-oh2067,iter,1,0.25
Lewis_35,uh-oh2628,iter,1,0.25
Lewis_35,uh-oh2790,iter,1,0.25
Lewis_35,uh-oh2792,iter,1,0.25
Lewis_35,uh-oh2793,iter,1,0.25
Lewis_35,uh-oh2794,iter,1,0.25
Lewis_36,apple2055,iter,1,0.25
Lewis_36,choo-choo2798,iter,1,0.25
Lewis_36,choo-choo3153,iter,1,0.25
Lewis_36,circle2056,iter,1,0.25
Lewis_36,oh no2780,iter,1,0.25
Lewis_36,oh no2781,iter,1,0.25
Lewis_36,oh no2782,iter,1,0.25
Lewis_36,oh no2785,iter,1,0.25
Lewis_36,oh no2787,iter,1,0.25
Lewis_36,oh no2788,iter,1,0.25
Lewis_36,oh no2789,iter,1,0.25
Lewis_36,uh-oh2066,iter,1,0.25
Lewis_36,uh-oh2791,iter,1,0.25
Lewis_36,uh-oh2795,iter,1,0.25
Lewis_36,uh-oh2797,iter,1,0.25
Lewis_36,woof woof3092,iter,1,0.25
Lewis_37,apple2055,iter,1,0.25
Lewis_37,oh no2061,iter,1,0.25
Lewis_37,uh-oh2066,iter,1,0.25
Lewis_37,uh-oh2790,iter,1,0.25
Lewis_37,uh-oh2794,iter,1,0.25
Lewis_38,all gone3150,iter,1,0.25
Lewis_38,circle2056,iter,1,0.25
Lewis_38,circle2059,iter,1,0.25
Lewis_38,oh no2061,iter,1,0.25
Lewis_38,oh no2062,iter,1,0.25
Lewis_38,oh no2779,iter,1,0.25
Lewis_38,oh no2780,iter,1,0.25
Lewis_38,oh no2781,iter,1,0.25
Lewis_38,oh no2789,iter,1,0.25
Lewis_38,tractor2065,iter,1,0.25
Lewis_38,tractor3442,iter,1,0.25
Lewis_38,uh-oh2793,iter,1,0.25
Lewis_38,uh-oh2796,iter,1,0.25
Lewis_39,choo-choo3154,iter,1,0.25
Lewis_39,uh-oh2068,iter,1,0.25
Lewis_39,uh-oh2793,iter,1,0.25
Lewis_40,all gone3150,iter,1,0.25
Lewis_40,circle2057,iter,1,0.25
Lewis_40,circle2058,iter,1,0.25
Lewis_40,circle2059,iter,1,0.25
Lewis_40,ladder2060,iter,1,0.25
Lewis_40,oh no2061,iter,1,0.25
Lewis_40,oh no2062,iter,1,0.25
Lewis_40,oh no2781,iter,1,0.25
Lewis_40,oh no2784,iter,1,0.25
Lewis_40,oh no2786,iter,1,0.25
Lewis_40,oh no2787,iter,1,0.25
Lewis_40,oh no2788,iter,1,0.25
Lewis_40,oh no3090,iter,1,0.25
Lewis_40,uh-oh2066,iter,1,0.25
Lewis_40,uh-oh2791,iter,1,0.25
Lewis_40,uh-oh2793,iter,1,0.25
Lewis_41,circle2056,iter,1,0.25
Lewis_41,circle2059,iter,1,0.25
Lewis_41,oh no2061,iter,1,0.25
Lewis_41,oh no2778,iter,1,0.25
Lewis_41,oh no2779,iter,1,0.25
Lewis_41,oh no2783,iter,1,0.25
Lewis_41,oh no2788,iter,1,0.25
Lewis_41,oh no2789,iter,1,0.25
Lewis_41,tractor2063,iter,1,0.25
Lewis_41,tractor3442,iter,1,0.25
Lewis_41,uh-oh2066,iter,1,0.25
Lewis_41,uh-oh2067,iter,1,0.25
Lewis_41,uh-oh2068,iter,1,0.25
Lewis_41,uh-oh2793,iter,1,0.25
Lewis_41,uh-oh2796,iter,1,0.25
Lewis_41,woof woof3092,iter,1,0.25
Lewis_42,apple2055,iter,1,0.25
Lewis_42,choo-choo3153,iter,1,0.25
Lewis_42,circle2059,iter,1,0.25
Lewis_42,ladder2060,iter,1,0.25
Lewis_42,oh no2061,iter,1,0.25
Lewis_42,oh no2782,iter,1,0.25
Lewis_42,oh no2783,iter,1,0.25
Lewis_42,oh no2786,iter,1,0.25
Lewis_42,oh no3089,iter,1,0.25
Lewis_42,oh no3090,iter,1,0.25
Lewis_42,uh-oh2791,iter,1,0.25
Lewis_42,uh-oh2793,iter,1,0.25
Lewis_42,uh-oh2794,iter,1,0.25
Lewis_42,uh-oh2795,iter,1,0.25
Lewis_42,woof woof3092,iter,1,0.25
Lewis_43,circle2056,iter,1,0.25
Lewis_43,oh no2778,iter,1,0.25
Lewis_43,oh no2780,iter,1,0.25
Lewis_43,oh no2788,iter,1,0.25
Lewis_43,oh no2789,iter,1,0.25
Lewis_43,oh no3090,iter,1,0.25
Lewis_43,uh-oh2792,iter,1,0.25
Lewis_43,uh-oh2797,iter,1,0.25
Lewis_44,all gone2774,iter,1,0.25
Lewis_44,all gone3150,iter,1,0.25
Lewis_44,choo-choo3153,iter,1,0.25
Lewis_44,ladder2060,iter,1,0.25
Lewis_44,oh no2778,iter,1,0.25
Lewis_44,oh no2781,iter,1,0.25
Lewis_44,oh no2785,iter,1,0.25
Lewis_44,oh no2789,iter,1,0.25
Lewis_44,oh no3089,iter,1,0.25
Lewis_44,oh no3090,iter,1,0.25
Lewis_44,tractor2063,iter,1,0.25
Lewis_44,uh-oh2068,iter,1,0.25
Lewis_44,uh-oh2794,iter,1,0.25
Lewis_44,uh-oh2797,iter,1,0.25
Lewis_46,choo-choo2798,iter,1,0.25
Lewis_46,choo-choo3153,iter,1,0.25
Lewis_46,circle2058,iter,1,0.25
Lewis_46,circle2059,iter,1,0.25
Lewis_46,oh no2061,iter,1,0.25
Lewis_46,oh no2062,iter,1,0.25
Lewis_46,oh no2782,iter,1,0.25
Lewis_46,oh no2783,iter,1,0.25
Lewis_46,oh no2784,iter,1,0.25
Lewis_46,oh no2787,iter,1,0.25
Lewis_46,oh no3089,iter,1,0.25
Lewis_46,uh-oh2066,iter,1,0.25
Lewis_46,uh-oh2790,iter,1,0.25
Lewis_46,uh-oh2791,iter,1,0.25
Lewis_46,uh-oh2792,iter,1,0.25
Lewis_46,uh-oh2793,iter,1,0.25
Lewis_46,uh-oh2794,iter,1,0.25
Lewis_46,uh-oh2795,iter,1,0.25
Lewis_46,uh-oh2796,iter,1,0.25
Lewis_47,woof woof3092,iter,1,0.25
Lewis_48,all gone2776,iter,1,0.25
Lewis_48,all gone3446,iter,1,0.25
Lewis_48,circle2059,iter,1,0.25
Lewis_48,oh no2061,iter,1,0.25
Lewis_48,oh no2779,iter,1,0.25
Lewis_48,oh no2784,iter,1,0.25
Lewis_48,oh no2786,iter,1,0.25
Lewis_48,oh no2787,iter,1,0.25
Lewis_48,oh no2789,iter,1,0.25
Lewis_48,oh no3089,iter,1,0.25
Lewis_48,oh no3090,iter,1,0.25
Lewis_48,tractor3442,iter,1,0.25
Lewis_48,uh-oh2068,iter,1,0.25
Lewis_48,uh-oh2790,iter,1,0.25
Lewis_48,uh-oh2792,iter,1,0.25
Lewis_49,all gone3150,iter,1,0.25
Lewis_49,choo-choo3153,iter,1,0.25
Lewis_49,circle2056,iter,1,0.25
Lewis_49,oh no2062,iter,1,0.25
Lewis_49,oh no2778,iter,1,0.25
Lewis_49,oh no2781,iter,1,0.25
Lewis_49,oh no2782,iter,1,0.25
Lewis_49,oh no2783,iter,1,0.25
Lewis_49,uh-oh2067,iter,1,0.25
Lewis_49,uh-oh2068,iter,1,0.25
Lewis_49,uh-oh2794,iter,1,0.25
Lewis_5,choo-choo2069,iter,1,0.25
Lewis_5,tractor2063,iter,1,0.25
Lewis_5,tractor2065,iter,1,0.25
Lewis_5,tractor3442,iter,1,0.25
Lewis_50,all gone2774,iter,1,0.25
Lewis_50,all gone2777,iter,1,0.25
Lewis_50,choo-choo3153,iter,1,0.25
Lewis_50,oh no2780,iter,1,0.25
Lewis_50,oh no2781,iter,1,0.25
Lewis_50,oh no2783,iter,1,0.25
Lewis_50,oh no2789,iter,1,0.25
Lewis_50,uh-oh2790,iter,1,0.25
Lewis_50,uh-oh2791,iter,1,0.25
Lewis_50,uh-oh2793,iter,1,0.25
Lewis_50,uh-oh2795,iter,1,0.25
Lewis_50,woof woof3092,iter,1,0.25
Lewis_51,all gone2776,iter,1,0.25
Lewis_51,choo-choo2798,iter,1,0.25
Lewis_51,circle2057,iter,1,0.25
Lewis_51,circle2059,iter,1,0.25
Lewis_51,oh no2062,iter,1,0.25
Lewis_51,oh no2782,iter,1,0.25
Lewis_51,oh no2785,iter,1,0.25
Lewis_51,oh no3089,iter,1,0.25
Lewis_51,tractor2065,iter,1,0.25
Lewis_51,uh-oh2066,iter,1,0.25
Lewis_51,uh-oh2790,iter,1,0.25
Lewis_51,uh-oh2791,iter,1,0.25
Lewis_51,uh-oh2792,iter,1,0.25
Lewis_51,uh-oh2795,iter,1,0.25
Lewis_51,uh-oh2796,iter,1,0.25
Lewis_52,all gone2776,iter,1,0.25
Lewis_52,uh-oh2793,iter,1,0.25
Lewis_52,uh-oh2796,iter,1,0.25
Lewis_52,uh-oh2797,iter,1,0.25
Lewis_53,apple2055,iter,1,0.25
Lewis_53,circle2056,iter,1,0.25
Lewis_53,ladder2060,iter,1,0.25
Lewis_53,oh no2779,iter,1,0.25
Lewis_53,oh no2782,iter,1,0.25
Lewis_53,oh no2785,iter,1,0.25
Lewis_53,oh no2786,iter,1,0.25
Lewis_53,oh no2788,iter,1,0.25
Lewis_53,tractor2065,iter,1,0.25
Lewis_53,uh-oh2068,iter,1,0.25
Lewis_53,uh-oh2792,iter,1,0.25
Lewis_53,uh-oh2796,iter,1,0.25
Lewis_53,uh-oh2797,iter,1,0.25
Lewis_54,all gone2774,iter,1,0.25
Lewis_54,oh no2779,iter,1,0.25
Lewis_54,oh no2780,iter,1,0.25
Lewis_54,oh no2783,iter,1,0.25
Lewis_54,oh no2787,iter,1,0.25
Lewis_54,oh no2788,iter,1,0.25
Lewis_54,oh no3090,iter,1,0.25
Lewis_54,uh-oh2066,iter,1,0.25
Lewis_54,uh-oh2067,iter,1,0.25
Lewis_54,uh-oh2790,iter,1,0.25
Lewis_54,woof woof3092,iter,1,0.25
Lewis_55,circle2057,iter,1,0.25
Lewis_55,circle2058,iter,1,0.25
Lewis_56,all gone3150,iter,1,0.25
Lewis_56,apple2055,iter,1,0.25
Lewis_56,choo-choo2798,iter,1,0.25
Lewis_56,circle2058,iter,1,0.25
Lewis_56,circle2059,iter,1,0.25
Lewis_56,oh no2062,iter,1,0.25
Lewis_56,oh no2778,iter,1,0.25
Lewis_56,oh no2779,iter,1,0.25
Lewis_56,oh no2781,iter,1,0.25
Lewis_56,oh no2782,iter,1,0.25
Lewis_56,oh no3089,iter,1,0.25
Lewis_56,uh-oh2066,iter,1,0.25
Lewis_56,uh-oh2068,iter,1,0.25
Lewis_56,uh-oh2790,iter,1,0.25
Lewis_56,uh-oh2794,iter,1,0.25
Lewis_56,uh-oh2795,iter,1,0.25
Lewis_56,uh-oh2797,iter,1,0.25
Lewis_57,choo-choo2069,iter,1,0.25
Lewis_57,circle2056,iter,1,0.25
Lewis_57,circle2057,iter,1,0.25
Lewis_57,circle2058,iter,1,0.25
Lewis_57,oh no2062,iter,1,0.25
Lewis_57,oh no2779,iter,1,0.25
Lewis_57,oh no2781,iter,1,0.25
Lewis_57,oh no2784,iter,1,0.25
Lewis_57,oh no2787,iter,1,0.25
Lewis_57,tractor2065,iter,1,0.25
Lewis_57,uh-oh2794,iter,1,0.25
Lewis_58,all gone2774,iter,1,0.25
Lewis_58,circle2057,iter,1,0.25
Lewis_59,all gone3150,iter,1,0.25
Lewis_59,circle2058,iter,1,0.25
Lewis_59,ladder2060,iter,1,0.25
Lewis_59,oh no2061,iter,1,0.25
Lewis_59,oh no2780,iter,1,0.25
Lewis_59,oh no2787,iter,1,0.25
Lewis_59,oh no2789,iter,1,0.25
Lewis_59,oh no3090,iter,1,0.25
Lewis_59,tractor2065,iter,1,0.25
Lewis_59,uh-oh2066,iter,1,0.25
Lewis_59,uh-oh2067,iter,1,0.25
Lewis_59,uh-oh2790,iter,1,0.25
Lewis_59,uh-oh2792,iter,1,0.25
Lewis_59,uh-oh2797,iter,1,0.25
Lewis_6,all gone2774,iter,1,0.25
Lewis_6,all gone2776,iter,1,0.25
Lewis_6,all gone2777,iter,1,0.25
Lewis_6,circle2056,iter,1,0.25
Lewis_6,circle2059,iter,1,0.25
Lewis_6,oh no2779,iter,1,0.25
Lewis_6,oh no2781,iter,1,0.25
Lewis_6,oh no2784,iter,1,0.25
Lewis_6,oh no2785,iter,1,0.25
Lewis_6,uh-oh2790,iter,1,0.25
Lewis_6,uh-oh2791,iter,1,0.25
Lewis_6,woof woof3092,iter,1,0.25
Lewis_60,all gone3150,iter,1,0.25
Lewis_60,oh no2061,iter,1,0.25
Lewis_60,oh no3089,iter,1,0.25
Lewis_60,uh-oh2066,iter,1,0.25
Lewis_60,uh-oh2068,iter,1,0.25
Lewis_61,all gone2774,iter,1,0.25
Lewis_61,all gone2775,iter,1,0.25
Lewis_61,all gone2777,iter,1,0.25
Lewis_61,circle2057,iter,1,0.25
Lewis_61,circle2058,iter,1,0.25
Lewis_61,ladder2060,iter,1,0.25
Lewis_61,oh no2062,iter,1,0.25
Lewis_61,oh no2778,iter,1,0.25
Lewis_61,oh no2783,iter,1,0.25
Lewis_61,oh no2786,iter,1,0.25
Lewis_61,oh no2787,iter,1,0.25
Lewis_61,uh-oh2068,iter,1,0.25
Lewis_61,uh-oh2790,iter,1,0.25
Lewis_61,uh-oh2791,iter,1,0.25
Lewis_61,uh-oh2793,iter,1,0.25
Lewis_61,uh-oh2794,iter,1,0.25
Lewis_61,uh-oh2795,iter,1,0.25
Lewis_62,oh no3090,iter,1,0.25
Lewis_62,uh-oh2066,iter,1,0.25
Lewis_63,all gone2776,iter,1,0.25
Lewis_63,all gone3150,iter,1,0.25
Lewis_63,oh no2780,iter,1,0.25
Lewis_63,oh no2781,iter,1,0.25
Lewis_63,oh no2785,iter,1,0.25
Lewis_63,oh no2787,iter,1,0.25
Lewis_63,tractor2065,iter,1,0.25
Lewis_63,tractor3442,iter,1,0.25
Lewis_63,uh-oh2068,iter,1,0.25
Lewis_63,uh-oh2790,iter,1,0.25
Lewis_63,uh-oh2792,iter,1,0.25
Lewis_63,uh-oh2794,iter,1,0.25
Lewis_64,apple2055,iter,1,0.25
Lewis_64,oh no2061,iter,1,0.25
Lewis_64,uh-oh2068,iter,1,0.25
Lewis_64,uh-oh2793,iter,1,0.25
Lewis_64,uh-oh2795,iter,1,0.25
Lewis_64,uh-oh2796,iter,1,0.25
Lewis_65,all gone2774,iter,1,0.25
Lewis_65,choo-choo3153,iter,1,0.25
Lewis_65,circle2057,iter,1,0.25
Lewis_65,circle2059,iter,1,0.25
Lewis_65,oh no2062,iter,1,0.25
Lewis_65,oh no2780,iter,1,0.25
Lewis_65,oh no2781,iter,1,0.25
Lewis_65,oh no2782,iter,1,0.25
Lewis_65,oh no2787,iter,1,0.25
Lewis_65,oh no2789,iter,1,0.25
Lewis_65,tractor2063,iter,1,0.25
Lewis_65,uh-oh2791,iter,1,0.25
Lewis_65,uh-oh2794,iter,1,0.25
Lewis_65,uh-oh2797,iter,1,0.25
Lewis_66,choo-choo2798,iter,1,0.25
Lewis_66,woof woof3092,iter,1,0.25
Lewis_67,all gone2776,iter,1,0.25
Lewis_67,choo-choo2798,iter,1,0.25
Lewis_67,oh no2062,iter,1,0.25
Lewis_67,oh no2779,iter,1,0.25
Lewis_67,oh no2780,iter,1,0.25
Lewis_67,oh no2782,iter,1,0.25
Lewis_67,oh no2785,iter,1,0.25
Lewis_67,oh no2786,iter,1,0.25
Lewis_67,oh no2787,iter,1,0.25
Lewis_67,oh no3090,iter,1,0.25
Lewis_67,uh-oh2066,iter,1,0.25
Lewis_67,uh-oh2068,iter,1,0.25
Lewis_67,uh-oh2790,iter,1,0.25
Lewis_67,uh-oh2795,iter,1,0.25
Lewis_68,all gone3150,iter,1,0.25
Lewis_68,choo-choo2798,iter,1,0.25
Lewis_68,circle2056,iter,1,0.25
Lewis_68,circle2057,iter,1,0.25
Lewis_68,circle2059,iter,1,0.25
Lewis_68,oh no2780,iter,1,0.25
Lewis_68,oh no2782,iter,1,0.25
Lewis_68,oh no2784,iter,1,0.25
Lewis_68,oh no2786,iter,1,0.25
Lewis_68,oh no2788,iter,1,0.25
Lewis_68,oh no3089,iter,1,0.25
Lewis_68,uh-oh2790,iter,1,0.25
Lewis_68,uh-oh2792,iter,1,0.25
Lewis_68,uh-oh2794,iter,1,0.25
Lewis_68,uh-oh2797,iter,1,0.25
Lewis_68,woof woof3092,iter,1,0.25
Lewis_69,all gone2054,iter,1,0.25
Lewis_69,circle2058,iter,1,0.25
Lewis_7,choo-choo3153,iter,1,0.25
Lewis_7,circle2058,iter,1,0.25
Lewis_7,circle2059,iter,1,0.25
Lewis_7,oh no2781,iter,1,0.25
Lewis_7,oh no2782,iter,1,0.25
Lewis_7,oh no2785,iter,1,0.25
Lewis_7,oh no2787,iter,1,0.25
Lewis_7,oh no2788,iter,1,0.25
Lewis_7,oh no3089,iter,1,0.25
Lewis_7,oh no3090,iter,1,0.25
Lewis_7,uh-oh2066,iter,1,0.25
Lewis_7,uh-oh2068,iter,1,0.25
Lewis_7,uh-oh2792,iter,1,0.25
Lewis_7,uh-oh2793,iter,1,0.25
Lewis_7,uh-oh2794,iter,1,0.25
Lewis_70,all gone2777,iter,1,0.25
Lewis_70,apple2055,iter,1,0.25
Lewis_70,circle2056,iter,1,0.25
Lewis_70,circle2059,iter,1,0.25
Lewis_70,ladder2060,iter,1,0.25
Lewis_70,oh no2061,iter,1,0.25
Lewis_70,oh no2779,iter,1,0.25
Lewis_70,oh no2780,iter,1,0.25
Lewis_70,oh no2787,iter,1,0.25
Lewis_70,oh no2789,iter,1,0.25
Lewis_70,tractor2063,iter,1,0.25
Lewis_70,uh-oh2066,iter,1,0.25
Lewis_70,uh-oh2067,iter,1,0.25
Lewis_70,uh-oh2791,iter,1,0.25
Lewis_70,uh-oh2792,iter,1,0.25
Lewis_70,uh-oh2793,iter,1,0.25
Lewis_71,circle2057,iter,1,0.25
Lewis_71,circle2059,iter,1,0.25
Lewis_71,oh no2780,iter,1,0.25
Lewis_71,oh no2781,iter,1,0.25
Lewis_71,oh no2784,iter,1,0.25
Lewis_71,oh no2786,iter,1,0.25
Lewis_71,oh no2787,iter,1,0.25
Lewis_71,uh-oh2067,iter,1,0.25
Lewis_71,uh-oh2068,iter,1,0.25
Lewis_71,uh-oh2628,iter,1,0.25
Lewis_71,uh-oh2790,iter,1,0.25
Lewis_71,uh-oh2793,iter,1,0.25
Lewis_71,uh-oh2794,iter,1,0.25
Lewis_71,uh-oh2795,iter,1,0.25
Lewis_72,choo-choo2069,iter,1,0.25
Lewis_72,choo-choo3153,iter,1,0.25
Lewis_72,choo-choo3154,iter,1,0.25
Lewis_72,tractor2063,iter,1,0.25
Lewis_73,circle2058,iter,1,0.25
Lewis_73,circle2059,iter,1,0.25
Lewis_73,ladder2060,iter,1,0.25
Lewis_73,oh no2778,iter,1,0.25
Lewis_73,oh no2787,iter,1,0.25
Lewis_73,oh no2789,iter,1,0.25
Lewis_73,oh no3089,iter,1,0.25
Lewis_73,tractor2065,iter,1,0.25
Lewis_73,uh-oh2068,iter,1,0.25
Lewis_73,uh-oh2790,iter,1,0.25
Lewis_73,uh-oh2791,iter,1,0.25
Lewis_73,uh-oh2792,iter,1,0.25
Lewis_73,woof woof3092,iter,1,0.25
Lewis_75,all gone2777,iter,1,0.25
Lewis_75,choo-choo3153,iter,1,0.25
Lewis_75,ladder2060,iter,1,0.25
Lewis_75,oh no2062,iter,1,0.25
Lewis_75,oh no2782,iter,1,0.25
Lewis_75,oh no2784,iter,1,0.25
Lewis_75,oh no2786,iter,1,0.25
Lewis_75,oh no3090,iter,1,0.25
Lewis_75,tractor2065,iter,1,0.25
Lewis_75,uh-oh2066,iter,1,0.25
Lewis_75,uh-oh2790,iter,1,0.25
Lewis_75,uh-oh2792,iter,1,0.25
Lewis_75,uh-oh2793,iter,1,0.25
Lewis_75,uh-oh2794,iter,1,0.25
Lewis_75,uh-oh2795,iter,1,0.25
Lewis_75,uh-oh2797,iter,1,0.25
Lewis_76,all gone3150,iter,1,0.25
Lewis_76,choo-choo2798,iter,1,0.25
Lewis_76,circle2056,iter,1,0.25
Lewis_76,circle2058,iter,1,0.25
Lewis_76,circle2059,iter,1,0.25
Lewis_76,oh no2061,iter,1,0.25
Lewis_76,oh no2062,iter,1,0.25
Lewis_76,oh no2779,iter,1,0.25
Lewis_76,oh no2785,iter,1,0.25
Lewis_76,oh no2787,iter,1,0.25
Lewis_76,oh no2788,iter,1,0.25
Lewis_76,tractor2065,iter,1,0.25
Lewis_76,tractor3442,iter,1,0.25
Lewis_76,uh-oh2068,iter,1,0.25
Lewis_76,uh-oh2792,iter,1,0.25
Lewis_76,uh-oh2795,iter,1,0.25
Lewis_76,uh-oh2796,iter,1,0.25
Lewis_77,choo-choo2798,iter,1,0.25
Lewis_77,choo-choo3153,iter,1,0.25
Lewis_77,circle2057,iter,1,0.25
Lewis_77,circle2059,iter,1,0.25
Lewis_77,oh no2061,iter,1,0.25
Lewis_77,oh no2062,iter,1,0.25
Lewis_77,oh no2781,iter,1,0.25
Lewis_77,oh no3090,iter,1,0.25
Lewis_77,tractor3442,iter,1,0.25
Lewis_77,uh-oh2066,iter,1,0.25
Lewis_77,uh-oh2795,iter,1,0.25
Lewis_78,all gone2776,iter,1,0.25
Lewis_78,all gone2777,iter,1,0.25
Lewis_78,circle2058,iter,1,0.25
Lewis_78,ladder2060,iter,1,0.25
Lewis_78,oh no2061,iter,1,0.25
Lewis_78,oh no2062,iter,1,0.25
Lewis_78,oh no2779,iter,1,0.25
Lewis_78,oh no2783,iter,1,0.25
Lewis_78,oh no2786,iter,1,0.25
Lewis_78,oh no2789,iter,1,0.25
Lewis_78,oh no3090,iter,1,0.25
Lewis_78,tractor2063,iter,1,0.25
Lewis_78,uh-oh2066,iter,1,0.25
Lewis_78,uh-oh2067,iter,1,0.25
Lewis_78,uh-oh2790,iter,1,0.25
Lewis_78,uh-oh2794,iter,1,0.25
Lewis_78,uh-oh2796,iter,1,0.25
Lewis_78,uh-oh2797,iter,1,0.25
Lewis_78,woof woof3092,iter,1,0.25
Lewis_79,all gone2054,iter,1,0.25
Lewis_79,all gone2775,iter,1,0.25
Lewis_79,all gone3446,iter,1,0.25
Lewis_79,circle2057,iter,1,0.25
Lewis_79,uh-oh2791,iter,1,0.25
Lewis_79,uh-oh2792,iter,1,0.25
Lewis_79,uh-oh2797,iter,1,0.25
Lewis_8,oh no2061,iter,1,0.25
Lewis_8,oh no2778,iter,1,0.25
Lewis_8,oh no2780,iter,1,0.25
Lewis_8,oh no2783,iter,1,0.25
Lewis_8,oh no2784,iter,1,0.25
Lewis_8,oh no2788,iter,1,0.25
Lewis_8,oh no2789,iter,1,0.25
Lewis_8,oh no3089,iter,1,0.25
Lewis_8,oh no3090,iter,1,0.25
Lewis_8,tractor2065,iter,1,0.25
Lewis_8,uh-oh2791,iter,1,0.25
Lewis_8,uh-oh2795,iter,1,0.25
Lewis_8,uh-oh2796,iter,1,0.25
Lewis_8,woof woof3092,iter,1,0.25
Lewis_80,circle2057,iter,1,0.25
Lewis_80,circle2059,iter,1,0.25
Lewis_80,ladder2060,iter,1,0.25
Lewis_80,oh no2778,iter,1,0.25
Lewis_80,oh no2780,iter,1,0.25
Lewis_80,oh no2784,iter,1,0.25
Lewis_80,oh no2785,iter,1,0.25
Lewis_80,oh no2788,iter,1,0.25
Lewis_80,tractor3442,iter,1,0.25
Lewis_80,uh-oh2066,iter,1,0.25
Lewis_80,uh-oh2790,iter,1,0.25
Lewis_80,uh-oh2792,iter,1,0.25
Lewis_80,uh-oh2794,iter,1,0.25
Lewis_81,all gone2774,iter,1,0.25
Lewis_81,circle2057,iter,1,0.25
Lewis_82,apple2055,iter,1,0.25
Lewis_82,circle2056,iter,1,0.25
Lewis_82,circle2057,iter,1,0.25
Lewis_82,circle2059,iter,1,0.25
Lewis_82,oh no2061,iter,1,0.25
Lewis_82,oh no2062,iter,1,0.25
Lewis_82,oh no2781,iter,1,0.25
Lewis_82,oh no2784,iter,1,0.25
Lewis_82,tractor3442,iter,1,0.25
Lewis_82,uh-oh2792,iter,1,0.25
Lewis_82,uh-oh2794,iter,1,0.25
Lewis_82,woof woof3092,iter,1,0.25
Lewis_83,choo-choo2798,iter,1,0.25
Lewis_83,choo-choo3153,iter,1,0.25
Lewis_83,circle2056,iter,1,0.25
Lewis_83,circle2057,iter,1,0.25
Lewis_83,circle2059,iter,1,0.25
Lewis_83,oh no2778,iter,1,0.25
Lewis_83,oh no2781,iter,1,0.25
Lewis_83,oh no2783,iter,1,0.25
Lewis_83,oh no2784,iter,1,0.25
Lewis_83,oh no2786,iter,1,0.25
Lewis_83,uh-oh2066,iter,1,0.25
Lewis_83,uh-oh2628,iter,1,0.25
Lewis_85,all gone3150,iter,1,0.25
Lewis_85,circle2056,iter,1,0.25
Lewis_85,circle2059,iter,1,0.25
Lewis_85,oh no2061,iter,1,0.25
Lewis_85,oh no2779,iter,1,0.25
Lewis_85,oh no2780,iter,1,0.25
Lewis_85,oh no2782,iter,1,0.25
Lewis_85,oh no2789,iter,1,0.25
Lewis_85,oh no3089,iter,1,0.25
Lewis_85,uh-oh2068,iter,1,0.25
Lewis_85,uh-oh2790,iter,1,0.25
Lewis_85,uh-oh2794,iter,1,0.25
Lewis_85,woof woof3092,iter,1,0.25
Lewis_86,all gone3150,iter,1,0.25
Lewis_86,choo-choo2069,iter,1,0.25
Lewis_86,choo-choo3153,iter,1,0.25
Lewis_86,circle2056,iter,1,0.25
Lewis_86,circle2057,iter,1,0.25
Lewis_86,oh no2062,iter,1,0.25
Lewis_86,oh no2780,iter,1,0.25
Lewis_86,oh no2781,iter,1,0.25
Lewis_86,oh no2782,iter,1,0.25
Lewis_86,oh no2783,iter,1,0.25
Lewis_86,oh no2785,iter,1,0.25
Lewis_86,oh no2787,iter,1,0.25
Lewis_88,choo-choo2069,iter,1,0.25
Lewis_88,choo-choo3153,iter,1,0.25
Lewis_88,choo-choo3154,iter,1,0.25
Lewis_88,tractor2063,iter,1,0.25
Lewis_89,all gone2777,iter,1,0.25
Lewis_89,circle2058,iter,1,0.25
Lewis_89,circle2059,iter,1,0.25
Lewis_89,oh no2061,iter,1,0.25
Lewis_89,oh no2062,iter,1,0.25
Lewis_89,oh no2783,iter,1,0.25
Lewis_89,oh no2786,iter,1,0.25
Lewis_89,oh no3090,iter,1,0.25
Lewis_89,tractor2063,iter,1,0.25
Lewis_89,tractor2065,iter,1,0.25
Lewis_89,uh-oh2068,iter,1,0.25
Lewis_89,uh-oh2790,iter,1,0.25
Lewis_89,uh-oh2791,iter,1,0.25
Lewis_89,uh-oh2794,iter,1,0.25
Lewis_89,uh-oh2797,iter,1,0.25
Lewis_9,all gone2777,iter,1,0.25
Lewis_9,circle2056,iter,1,0.25
Lewis_9,circle2057,iter,1,0.25
Lewis_9,uh-oh2791,iter,1,0.25
Lewis_9,uh-oh2792,iter,1,0.25
Lewis_90,all gone2776,iter,1,0.25
Lewis_90,apple2055,iter,1,0.25
Lewis_90,circle2058,iter,1,0.25
Lewis_90,circle2059,iter,1,0.25
Lewis_90,oh no2061,iter,1,0.25
Lewis_90,oh no2062,iter,1,0.25
Lewis_90,oh no2778,iter,1,0.25
Lewis_90,oh no2782,iter,1,0.25
Lewis_90,oh no2783,iter,1,0.25
Lewis_90,oh no2786,iter,1,0.25
Lewis_90,oh no2788,iter,1,0.25
Lewis_90,oh no3089,iter,1,0.25
Lewis_90,tractor2063,iter,1,0.25
Lewis_90,uh-oh2068,iter,1,0.25
Lewis_90,uh-oh2794,iter,1,0.25
Lewis_90,uh-oh2797,iter,1,0.25
Lewis_91,circle2056,iter,1,0.25
Lewis_91,circle2057,iter,1,0.25
Lewis_91,oh no2062,iter,1,0.25
Lewis_91,oh no2780,iter,1,0.25
Lewis_91,oh no2781,iter,1,0.25
Lewis_91,oh no2782,iter,1,0.25
Lewis_91,oh no2785,iter,1,0.25
Lewis_91,oh no2789,iter,1,0.25
Lewis_91,oh no3089,iter,1,0.25
Lewis_91,oh no3090,iter,1,0.25
Lewis_91,tractor3442,iter,1,0.25
Lewis_91,uh-oh2066,iter,1,0.25
Lewis_91,uh-oh2792,iter,1,0.25
Lewis_91,woof woof3092,iter,1,0.25
Lewis_92,all gone2776,iter,1,0.25
Lewis_92,choo-choo2798,iter,1,0.25
Lewis_92,choo-choo3153,iter,1,0.25
Lewis_92,circle2057,iter,1,0.25
Lewis_92,circle2058,iter,1,0.25
Lewis_92,ladder2060,iter,1,0.25
Lewis_92,oh no2062,iter,1,0.25
Lewis_92,oh no2778,iter,1,0.25
Lewis_92,oh no2780,iter,1,0.25
Lewis_92,oh no2781,iter,1,0.25
Lewis_92,oh no2784,iter,1,0.25
Lewis_92,oh no2788,iter,1,0.25
Lewis_92,oh no3089,iter,1,0.25
Lewis_92,woof woof3092,iter,1,0.25
Lewis_93,tractor2063,iter,1,0.25
Lewis_93,tractor2065,iter,1,0.25
Lewis_94,all gone2777,iter,1,0.25
Lewis_94,choo-choo3153,iter,1,0.25
Lewis_94,circle2057,iter,1,0.25
Lewis_94,circle2058,iter,1,0.25
Lewis_94,ladder2060,iter,1,0.25
Lewis_94,oh no2778,iter,1,0.25
Lewis_94,oh no2779,iter,1,0.25
Lewis_94,oh no2783,iter,1,0.25
Lewis_94,oh no2784,iter,1,0.25
Lewis_94,oh no2786,iter,1,0.25
Lewis_94,oh no2789,iter,1,0.25
Lewis_94,tractor2063,iter,1,0.25
Lewis_94,uh-oh2068,iter,1,0.25
Lewis_94,uh-oh2791,iter,1,0.25
Lewis_94,uh-oh2793,iter,1,0.25
Lewis_94,uh-oh2795,iter,1,0.25
Lewis_94,woof woof3092,iter,1,0.25
Lewis_95,all gone2775,iter,1,0.25
Lewis_95,all gone2776,iter,1,0.25
Lewis_95,uh-oh2790,iter,1,0.25
Lewis_95,uh-oh2791,iter,1,0.25
Lewis_95,uh-oh2793,iter,1,0.25
Lewis_95,uh-oh2794,iter,1,0.25
Lewis_95,uh-oh2797,iter,1,0.25
Lewis_96,circle2059,iter,1,0.25
Lewis_96,oh no2062,iter,1,0.25
Lewis_96,oh no2778,iter,1,0.25
Lewis_96,oh no2779,iter,1,0.25
Lewis_96,oh no2781,iter,1,0.25
Lewis_96,oh no2783,iter,1,0.25
Lewis_96,oh no2785,iter,1,0.25
Lewis_96,oh no3090,iter,1,0.25
Lewis_96,tractor2065,iter,1,0.25
Lewis_96,tractor3442,iter,1,0.25
Lewis_96,uh-oh2791,iter,1,0.25
Lewis_96,uh-oh2792,iter,1,0.25
Lewis_96,uh-oh2793,iter,1,0.25
Lewis_96,uh-oh2796,iter,1,0.25
Lewis_98,circle2057,iter,1,0.25
Lewis_98,circle2059,iter,1,0.25
Lewis_98,oh no2061,iter,1,0.25
Lewis_98,oh no2778,iter,1,0.25
Lewis_98,oh no2781,iter,1,0.25
Lewis_98,oh no2782,iter,1,0.25
Lewis_98,oh no2783,iter,1,0.25
Lewis_98,oh no2784,iter,1,0.25
Lewis_98,oh no2787,iter,1,0.25
Lewis_98,oh no2789,iter,1,0.25
Lewis_98,oh no3089,iter,1,0.25
Lewis_98,tractor2065,iter,1,0.25
Lewis_98,uh-oh2796,iter,1,0.25
Lewis_98,uh-oh2797,iter,1,0.25
Lewis_99,all gone2776,iter,1,0.25
Lewis_99,apple2055,iter,1,0.25
Lewis_99,choo-choo2798,iter,1,0.25
Lewis_99,circle2056,iter,1,0.25
Lewis_99,ladder2060,iter,1,0.25
Lewis_99,oh no2061,iter,1,0.25
Lewis_99,oh no2062,iter,1,0.25
Lewis_99,oh no2779,iter,1,0.25
Lewis_99,oh no2787,iter,1,0.25
Lewis_99,oh no2789,iter,1,0.25
Lewis_99,oh no3090,iter,1,0.25
Lewis_99,uh-oh2068,iter,1,0.25
Lewis_99,uh-oh2790,iter,1,0.25
Lewis_99,uh-oh2791,iter,1,0.25
Lewis_99,uh-oh2793,iter,1,0.25
Lewis_99,uh-oh2794,iter,1,0.25
Mira_1,Muumi/Moomin3247,iter,1,0.25
Mira_1,Muumi/Moomin3248,iter,1,0.25
Mira_1,Muumi/Moomin3249,iter,1,0.25
Mira_1,Muumi/Moomin3250,iter,1,0.25
Mira_1,Muumi/Moomin3252,iter,1,0.25
Mira_1,Muumi/Moomin3253,iter,1,0.25
Mira_10,jalka2151,iter,1,0.25
Mira_10,kaataa2153,iter,1,0.25
Mira_10,kala2156,iter,1,0.25
Mira_10,napa2163,iter,1,0.25
Mira_10,paapaa2165,iter,1,0.25
Mira_10,piiloon2166,iter,1,0.25
Mira_10,setä2167,iter,1,0.25
Mira_10,tonttu2170,iter,1,0.25
Mira_10,tyttö3256,iter,1,0.25
Mira_10,tyttö3257,iter,1,0.25
Mira_10,tyyny2171,iter,1,0.25
Mira_10,täällä2890,iter,1,0.25
Mira_100,lintu2159,iter,1,0.25
Mira_100,tonttu2170,iter,1,0.25
Mira_100,tyttö1831,iter,1,0.25
Mira_11,jalka2150,iter,1,0.25
Mira_11,jalka2151,iter,1,0.25
Mira_11,kenkä2158,iter,1,0.25
Mira_11,lintu2159,iter,1,0.25
Mira_11,napa2163,iter,1,0.25
Mira_11,nenä2164,iter,1,0.25
Mira_11,paapaa2165,iter,1,0.25
Mira_11,setä2167,iter,1,0.25
Mira_11,tonttu2169,iter,1,0.25
Mira_11,tyttö1831,iter,1,0.25
Mira_11,tyttö3256,iter,1,0.25
Mira_11,tyttö3258,iter,1,0.25
Mira_11,täällä2890,iter,1,0.25
Mira_12,Muumi/Moomin2161,iter,1,0.25
Mira_12,häntä3237,iter,1,0.25
Mira_12,häntä3238,iter,1,0.25
Mira_12,jalka2151,iter,1,0.25
Mira_12,kala2155,iter,1,0.25
Mira_12,kenkä2157,iter,1,0.25
Mira_12,kenkä2158,iter,1,0.25
Mira_12,pelle3255,iter,1,0.25
Mira_12,setä2167,iter,1,0.25
Mira_12,tonttu2168,iter,1,0.25
Mira_12,tonttu2170,iter,1,0.25
Mira_12,täällä2890,iter,1,0.25
Mira_13,juna2152,iter,1,0.25
Mira_13,kala2155,iter,1,0.25
Mira_13,kenkä2157,iter,1,0.25
Mira_13,napa2162,iter,1,0.25
Mira_13,napa2163,iter,1,0.25
Mira_13,paapaa2165,iter,1,0.25
Mira_13,piiloon2166,iter,1,0.25
Mira_13,setä2167,iter,1,0.25
Mira_13,tyttö1831,iter,1,0.25
Mira_13,tyttö3256,iter,1,0.25
Mira_13,tyttö3257,iter,1,0.25
Mira_13,tyttö3258,iter,1,0.25
Mira_14,Muumi/Moomin2161,iter,1,0.25
Mira_14,Muumi/Moomin3246,iter,1,0.25
Mira_14,Muumi/Moomin3247,iter,1,0.25
Mira_14,Muumi/Moomin3248,iter,1,0.25
Mira_15,jalka2150,iter,1,0.25
Mira_15,juna2152,iter,1,0.25
Mira_15,kaataa2154,iter,1,0.25
Mira_15,kenkä2157,iter,1,0.25
Mira_15,kukka3240,iter,1,0.25
Mira_15,napa2162,iter,1,0.25
Mira_15,tonttu2168,iter,1,0.25
Mira_15,tonttu2170,iter,1,0.25
Mira_15,tyttö1831,iter,1,0.25
Mira_15,tyttö3256,iter,1,0.25
Mira_15,tyttö3258,iter,1,0.25
Mira_15,täällä2890,iter,1,0.25
Mira_16,napa2162,iter,1,0.25
Mira_16,napa2163,iter,1,0.25
Mira_17,häntä3239,iter,1,0.25
Mira_17,juna2152,iter,1,0.25
Mira_17,kenkä2157,iter,1,0.25
Mira_17,nenä2164,iter,1,0.25
Mira_17,tyyny2171,iter,1,0.25
Mira_18,häntä3238,iter,1,0.25
Mira_18,jalka2150,iter,1,0.25
Mira_18,kaataa2153,iter,1,0.25
Mira_18,kala2155,iter,1,0.25
Mira_18,kenkä2157,iter,1,0.25
Mira_18,kenkä2158,iter,1,0.25
Mira_18,lintu2159,iter,1,0.25
Mira_18,nalle3254,iter,1,0.25
Mira_18,nenä2164,iter,1,0.25
Mira_18,piiloon2166,iter,1,0.25
Mira_18,tonttu2168,iter,1,0.25
Mira_18,tyyny2171,iter,1,0.25
Mira_19,häntä3238,iter,1,0.25
Mira_19,häntä3239,iter,1,0.25
Mira_19,kala2155,iter,1,0.25
Mira_19,kenkä2157,iter,1,0.25
Mira_19,lintu2159,iter,1,0.25
Mira_19,nenä2164,iter,1,0.25
Mira_19,setä2167,iter,1,0.25
Mira_19,tonttu2168,iter,1,0.25
Mira_19,tonttu2170,iter,1,0.25
Mira_19,tyyny2171,iter,1,0.25
Mira_19,täällä2890,iter,1,0.25
Mira_2,Muumi/Moomin3246,iter,1,0.25
Mira_2,Muumi/Moomin3249,iter,1,0.25
Mira_2,Muumi/Moomin3252,iter,1,0.25
Mira_2,jalka2150,iter,1,0.25
Mira_2,kenkä2158,iter,1,0.25
Mira_2,luumu3242,iter,1,0.25
Mira_2,mummu3243,iter,1,0.25
Mira_2,napa2162,iter,1,0.25
Mira_2,napa2163,iter,1,0.25
Mira_2,paapaa2165,iter,1,0.25
Mira_2,tyttö1831,iter,1,0.25
Mira_20,Muumi/Moomin3246,iter,1,0.25
Mira_20,Muumi/Moomin3247,iter,1,0.25
Mira_20,Muumi/Moomin3249,iter,1,0.25
Mira_20,Muumi/Moomin3251,iter,1,0.25
Mira_20,Muumi/Moomin3252,iter,1,0.25
Mira_20,luumu3242,iter,1,0.25
Mira_20,mummu3243,iter,1,0.25
Mira_21,Muumi/Moomin3246,iter,1,0.25
Mira_21,Muumi/Moomin3247,iter,1,0.25
Mira_21,Muumi/Moomin3249,iter,1,0.25
Mira_21,Muumi/Moomin3251,iter,1,0.25
Mira_21,luumu2160,iter,1,0.25
Mira_21,luumu3242,iter,1,0.25
Mira_21,mummu3243,iter,1,0.25
Mira_22,Muumi/Moomin2161,iter,1,0.25
Mira_22,Muumi/Moomin3247,iter,1,0.25
Mira_22,Muumi/Moomin3250,iter,1,0.25
Mira_23,Muumi/Moomin3246,iter,1,0.25
Mira_23,Muumi/Moomin3247,iter,1,0.25
Mira_23,Muumi/Moomin3248,iter,1,0.25
Mira_23,Muumi/Moomin3250,iter,1,0.25
Mira_23,luumu3242,iter,1,0.25
Mira_24,Muumi/Moomin2161,iter,1,0.25
Mira_24,Muumi/Moomin3245,iter,1,0.25
Mira_24,Muumi/Moomin3248,iter,1,0.25
Mira_24,Muumi/Moomin3250,iter,1,0.25
Mira_24,Muumi/Moomin3251,iter,1,0.25
Mira_24,Muumi/Moomin3252,iter,1,0.25
Mira_24,luumu2160,iter,1,0.25
Mira_25,kaataa2153,iter,1,0.25
Mira_25,kala2155,iter,1,0.25
Mira_25,kenkä2158,iter,1,0.25
Mira_25,lintu2159,iter,1,0.25
Mira_25,napa2162,iter,1,0.25
Mira_25,nenä2164,iter,1,0.25
Mira_25,paapaa2165,iter,1,0.25
Mira_25,piiloon2166,iter,1,0.25
Mira_25,tonttu2168,iter,1,0.25
Mira_25,tonttu2170,iter,1,0.25
Mira_27,häntä3237,iter,1,0.25
Mira_27,jalka2150,iter,1,0.25
Mira_27,kaataa2153,iter,1,0.25
Mira_27,kaataa2154,iter,1,0.25
Mira_27,kala2156,iter,1,0.25
Mira_27,kenkä2157,iter,1,0.25
Mira_27,nalle3254,iter,1,0.25
Mira_27,napa2162,iter,1,0.25
Mira_27,nenä2164,iter,1,0.25
Mira_27,piiloon2166,iter,1,0.25
Mira_27,tonttu2168,iter,1,0.25
Mira_27,tonttu2169,iter,1,0.25
Mira_27,tyyny2171,iter,1,0.25
Mira_27,täällä2890,iter,1,0.25
Mira_28,Muumi/Moomin3245,iter,1,0.25
Mira_28,Muumi/Moomin3249,iter,1,0.25
Mira_28,Muumi/Moomin3251,iter,1,0.25
Mira_28,Muumi/Moomin3252,iter,1,0.25
Mira_28,luumu2160,iter,1,0.25
Mira_28,luumu3242,iter,1,0.25
Mira_29,Muumi/Moomin2161,iter,1,0.25
Mira_29,jalka2151,iter,1,0.25
Mira_29,juna2152,iter,1,0.25
Mira_29,kala2155,iter,1,0.25
Mira_29,kenkä2157,iter,1,0.25
Mira_29,kenkä2158,iter,1,0.25
Mira_29,lintu2159,iter,1,0.25
Mira_29,napa2162,iter,1,0.25
Mira_29,nenä2164,iter,1,0.25
Mira_29,paapaa2165,iter,1,0.25
Mira_29,tonttu2169,iter,1,0.25
Mira_29,tonttu2170,iter,1,0.25
Mira_29,tyttö1831,iter,1,0.25
Mira_29,tyttö3258,iter,1,0.25
Mira_3,Muumi/Moomin2161,iter,1,0.25
Mira_3,Muumi/Moomin3245,iter,1,0.25
Mira_3,Muumi/Moomin3246,iter,1,0.25
Mira_3,Muumi/Moomin3249,iter,1,0.25
Mira_3,Muumi/Moomin3253,iter,1,0.25
Mira_3,luumu2160,iter,1,0.25
Mira_30,häntä3238,iter,1,0.25
Mira_30,jalka2150,iter,1,0.25
Mira_30,nenä2164,iter,1,0.25
Mira_30,tyyny1832,iter,1,0.25
Mira_30,tyyny2171,iter,1,0.25
Mira_31,häntä3237,iter,1,0.25
Mira_31,jalka2150,iter,1,0.25
Mira_31,pelle3255,iter,1,0.25
Mira_32,Muumi/Moomin2161,iter,1,0.25
Mira_32,häntä3237,iter,1,0.25
Mira_32,häntä3238,iter,1,0.25
Mira_32,jalka2150,iter,1,0.25
Mira_32,lintu2159,iter,1,0.25
Mira_32,nalle3254,iter,1,0.25
Mira_32,nenä2164,iter,1,0.25
Mira_32,piiloon2166,iter,1,0.25
Mira_32,tonttu2169,iter,1,0.25
Mira_33,Muumi/Moomin3245,iter,1,0.25
Mira_33,Muumi/Moomin3250,iter,1,0.25
Mira_33,Muumi/Moomin3251,iter,1,0.25
Mira_33,Muumi/Moomin3253,iter,1,0.25
Mira_33,luumu2160,iter,1,0.25
Mira_34,kaataa2153,iter,1,0.25
Mira_34,kaataa2154,iter,1,0.25
Mira_34,loppu3241,iter,1,0.25
Mira_34,napa2162,iter,1,0.25
Mira_34,piiloon2166,iter,1,0.25
Mira_34,tonttu2169,iter,1,0.25
Mira_35,kaataa2153,iter,1,0.25
Mira_35,kala2156,iter,1,0.25
Mira_35,lintu2159,iter,1,0.25
Mira_35,setä2167,iter,1,0.25
Mira_35,tyttö3256,iter,1,0.25
Mira_35,tyttö3257,iter,1,0.25
Mira_36,jalka2150,iter,1,0.25
Mira_36,kala2155,iter,1,0.25
Mira_36,kala2156,iter,1,0.25
Mira_36,lintu2159,iter,1,0.25
Mira_36,nenä2164,iter,1,0.25
Mira_36,paapaa2165,iter,1,0.25
Mira_36,setä2167,iter,1,0.25
Mira_36,tonttu2169,iter,1,0.25
Mira_36,tyttö1831,iter,1,0.25
Mira_36,tyttö3257,iter,1,0.25
Mira_36,tyyny2171,iter,1,0.25
Mira_37,kukka3240,iter,1,0.25
Mira_37,lintu2159,iter,1,0.25
Mira_37,napa2163,iter,1,0.25
Mira_37,piiloon2166,iter,1,0.25
Mira_37,setä2167,iter,1,0.25
Mira_37,tonttu2168,iter,1,0.25
Mira_37,tonttu2170,iter,1,0.25
Mira_37,täällä2890,iter,1,0.25
Mira_38,Muumi/Moomin3246,iter,1,0.25
Mira_38,Muumi/Moomin3247,iter,1,0.25
Mira_38,Muumi/Moomin3248,iter,1,0.25
Mira_38,Muumi/Moomin3252,iter,1,0.25
Mira_38,jalka2151,iter,1,0.25
Mira_38,kala2155,iter,1,0.25
Mira_38,kenkä2157,iter,1,0.25
Mira_38,kenkä2158,iter,1,0.25
Mira_38,luumu2160,iter,1,0.25
Mira_38,luumu3242,iter,1,0.25
Mira_38,napa2162,iter,1,0.25
Mira_38,napa2163,iter,1,0.25
Mira_38,nenä2164,iter,1,0.25
Mira_38,tyttö1831,iter,1,0.25
Mira_39,Muumi/Moomin2161,iter,1,0.25
Mira_39,jalka2150,iter,1,0.25
Mira_39,juna2152,iter,1,0.25
Mira_39,kenkä2157,iter,1,0.25
Mira_39,lintu2159,iter,1,0.25
Mira_39,napa2163,iter,1,0.25
Mira_39,nenä2164,iter,1,0.25
Mira_39,paapaa2165,iter,1,0.25
Mira_39,piiloon2166,iter,1,0.25
Mira_39,tonttu2170,iter,1,0.25
Mira_39,tyttö3256,iter,1,0.25
Mira_4,Muumi/Moomin3249,iter,1,0.25
Mira_4,Muumi/Moomin3251,iter,1,0.25
Mira_4,Muumi/Moomin3253,iter,1,0.25
Mira_4,luumu2160,iter,1,0.25
Mira_40,Muumi/Moomin3246,iter,1,0.25
Mira_40,Muumi/Moomin3252,iter,1,0.25
Mira_40,luumu3242,iter,1,0.25
Mira_41,häntä3239,iter,1,0.25
Mira_42,Muumi/Moomin2161,iter,1,0.25
Mira_42,Muumi/Moomin3244,iter,1,0.25
Mira_42,Muumi/Moomin3245,iter,1,0.25
Mira_42,Muumi/Moomin3246,iter,1,0.25
Mira_42,mummu3243,iter,1,0.25
Mira_43,Muumi/Moomin3249,iter,1,0.25
Mira_43,Muumi/Moomin3253,iter,1,0.25
Mira_43,juna2152,iter,1,0.25
Mira_43,kenkä2158,iter,1,0.25
Mira_43,luumu3242,iter,1,0.25
Mira_43,mummu3243,iter,1,0.25
Mira_43,nenä2164,iter,1,0.25
Mira_43,paapaa2165,iter,1,0.25
Mira_43,piiloon2166,iter,1,0.25
Mira_43,tyttö1831,iter,1,0.25
Mira_44,häntä3239,iter,1,0.25
Mira_44,jalka2150,iter,1,0.25
Mira_44,jalka2151,iter,1,0.25
Mira_44,kala2156,iter,1,0.25
Mira_44,kenkä2157,iter,1,0.25
Mira_44,lintu2159,iter,1,0.25
Mira_44,nalle3254,iter,1,0.25
Mira_44,piiloon2166,iter,1,0.25
Mira_44,tonttu2169,iter,1,0.25
Mira_44,tonttu2170,iter,1,0.25
Mira_45,jalka2150,iter,1,0.25
Mira_45,kaataa2154,iter,1,0.25
Mira_45,kenkä2157,iter,1,0.25
Mira_45,lintu2159,iter,1,0.25
Mira_45,napa2162,iter,1,0.25
Mira_45,napa2163,iter,1,0.25
Mira_45,paapaa2165,iter,1,0.25
Mira_45,setä2167,iter,1,0.25
Mira_45,tonttu2170,iter,1,0.25
Mira_45,tyttö3256,iter,1,0.25
Mira_45,tyttö3257,iter,1,0.25
Mira_45,tyyny2171,iter,1,0.25
Mira_45,täällä2890,iter,1,0.25
Mira_46,kaataa2153,iter,1,0.25
Mira_46,kala2156,iter,1,0.25
Mira_46,kenkä2157,iter,1,0.25
Mira_46,kenkä2158,iter,1,0.25
Mira_46,nenä2164,iter,1,0.25
Mira_46,setä2167,iter,1,0.25
Mira_46,tonttu2169,iter,1,0.25
Mira_46,tyttö3257,iter,1,0.25
Mira_46,tyttö3258,iter,1,0.25
Mira_47,Muumi/Moomin2161,iter,1,0.25
Mira_47,häntä3239,iter,1,0.25
Mira_47,juna2152,iter,1,0.25
Mira_47,lintu2159,iter,1,0.25
Mira_47,luumu2160,iter,1,0.25
Mira_47,nalle3254,iter,1,0.25
Mira_47,nenä2164,iter,1,0.25
Mira_47,setä2167,iter,1,0.25
Mira_47,tyttö1831,iter,1,0.25
Mira_47,tyyny2171,iter,1,0.25
Mira_47,täällä2890,iter,1,0.25
Mira_48,Muumi/Moomin2161,iter,1,0.25
Mira_48,häntä3237,iter,1,0.25
Mira_48,jalka2150,iter,1,0.25
Mira_48,juna2152,iter,1,0.25
Mira_48,kala2155,iter,1,0.25
Mira_48,kenkä2157,iter,1,0.25
Mira_48,nenä2164,iter,1,0.25
Mira_48,piiloon2166,iter,1,0.25
Mira_48,setä2167,iter,1,0.25
Mira_48,tonttu2168,iter,1,0.25
Mira_48,tonttu2170,iter,1,0.25
Mira_49,juna2152,iter,1,0.25
Mira_49,kala2155,iter,1,0.25
Mira_49,kenkä2157,iter,1,0.25
Mira_49,tyyny2171,iter,1,0.25
Mira_5,lintu2159,iter,1,0.25
Mira_5,setä2167,iter,1,0.25
Mira_5,tyttö1831,iter,1,0.25
Mira_5,tyttö3256,iter,1,0.25
Mira_5,tyttö3258,iter,1,0.25
Mira_50,Muumi/Moomin2161,iter,1,0.25
Mira_50,luumu2160,iter,1,0.25
Mira_50,napa2162,iter,1,0.25
Mira_50,pelle3255,iter,1,0.25
Mira_50,setä2167,iter,1,0.25
Mira_50,täällä2890,iter,1,0.25
Mira_51,Muumi/Moomin3244,iter,1,0.25
Mira_51,Muumi/Moomin3245,iter,1,0.25
Mira_51,Muumi/Moomin3246,iter,1,0.25
Mira_51,Muumi/Moomin3247,iter,1,0.25
Mira_51,Muumi/Moomin3248,iter,1,0.25
Mira_51,jalka2150,iter,1,0.25
Mira_51,jalka2151,iter,1,0.25
Mira_51,juna2152,iter,1,0.25
Mira_51,kala2155,iter,1,0.25
Mira_51,kenkä2158,iter,1,0.25
Mira_51,luumu2160,iter,1,0.25
Mira_51,nenä2164,iter,1,0.25
Mira_51,paapaa2165,iter,1,0.25
Mira_51,tyttö1831,iter,1,0.25
Mira_51,tyyny2171,iter,1,0.25
Mira_52,Muumi/Moomin2161,iter,1,0.25
Mira_52,Muumi/Moomin3247,iter,1,0.25
Mira_52,Muumi/Moomin3248,iter,1,0.25
Mira_52,Muumi/Moomin3250,iter,1,0.25
Mira_52,luumu2160,iter,1,0.25
Mira_52,luumu3242,iter,1,0.25
Mira_53,Muumi/Moomin2161,iter,1,0.25
Mira_53,Muumi/Moomin3244,iter,1,0.25
Mira_53,Muumi/Moomin3245,iter,1,0.25
Mira_53,Muumi/Moomin3247,iter,1,0.25
Mira_53,Muumi/Moomin3250,iter,1,0.25
Mira_53,Muumi/Moomin3251,iter,1,0.25
Mira_53,Muumi/Moomin3253,iter,1,0.25
Mira_54,jalka2151,iter,1,0.25
Mira_54,kaataa2153,iter,1,0.25
Mira_54,paapaa2165,iter,1,0.25
Mira_54,piiloon2166,iter,1,0.25
Mira_54,setä2167,iter,1,0.25
Mira_54,tonttu2169,iter,1,0.25
Mira_54,tyttö3256,iter,1,0.25
Mira_54,tyttö3257,iter,1,0.25
Mira_55,Muumi/Moomin2161,iter,1,0.25
Mira_55,häntä3237,iter,1,0.25
Mira_55,jalka2150,iter,1,0.25
Mira_55,jalka2151,iter,1,0.25
Mira_55,juna2152,iter,1,0.25
Mira_55,kenkä2158,iter,1,0.25
Mira_55,piiloon2166,iter,1,0.25
Mira_55,setä2167,iter,1,0.25
Mira_55,tyyny2171,iter,1,0.25
Mira_55,täällä2890,iter,1,0.25
Mira_56,jalka2150,iter,1,0.25
Mira_56,jalka2151,iter,1,0.25
Mira_56,kaataa2153,iter,1,0.25
Mira_56,kala2155,iter,1,0.25
Mira_56,kenkä2157,iter,1,0.25
Mira_56,kukka3240,iter,1,0.25
Mira_56,lintu2159,iter,1,0.25
Mira_56,nenä2164,iter,1,0.25
Mira_56,setä2167,iter,1,0.25
Mira_56,tyttö3257,iter,1,0.25
Mira_56,täällä2890,iter,1,0.25
Mira_57,Muumi/Moomin3244,iter,1,0.25
Mira_57,Muumi/Moomin3246,iter,1,0.25
Mira_57,Muumi/Moomin3247,iter,1,0.25
Mira_57,Muumi/Moomin3248,iter,1,0.25
Mira_57,Muumi/Moomin3251,iter,1,0.25
Mira_58,jalka2150,iter,1,0.25
Mira_58,juna2152,iter,1,0.25
Mira_58,kala2155,iter,1,0.25
Mira_58,kenkä2157,iter,1,0.25
Mira_58,kenkä2158,iter,1,0.25
Mira_58,lintu2159,iter,1,0.25
Mira_58,nalle3254,iter,1,0.25
Mira_58,piiloon2166,iter,1,0.25
Mira_58,tyttö1831,iter,1,0.25
Mira_58,täällä2890,iter,1,0.25
Mira_59,Muumi/Moomin2161,iter,1,0.25
Mira_59,häntä3237,iter,1,0.25
Mira_59,häntä3239,iter,1,0.25
Mira_59,kala2156,iter,1,0.25
Mira_59,lintu2159,iter,1,0.25
Mira_59,nenä2164,iter,1,0.25
Mira_59,tonttu2168,iter,1,0.25
Mira_59,tyttö1831,iter,1,0.25
Mira_59,tyyny2171,iter,1,0.25
Mira_59,täällä2890,iter,1,0.25
Mira_6,Muumi/Moomin2161,iter,1,0.25
Mira_6,Muumi/Moomin3244,iter,1,0.25
Mira_6,Muumi/Moomin3249,iter,1,0.25
Mira_6,Muumi/Moomin3250,iter,1,0.25
Mira_6,Muumi/Moomin3253,iter,1,0.25
Mira_6,luumu2160,iter,1,0.25
Mira_6,luumu3242,iter,1,0.25
Mira_6,mummu3243,iter,1,0.25
Mira_60,häntä3238,iter,1,0.25
Mira_60,jalka2151,iter,1,0.25
Mira_60,kala2155,iter,1,0.25
Mira_61,Muumi/Moomin3245,iter,1,0.25
Mira_61,Muumi/Moomin3246,iter,1,0.25
Mira_61,Muumi/Moomin3247,iter,1,0.25
Mira_61,Muumi/Moomin3250,iter,1,0.25
Mira_61,Muumi/Moomin3252,iter,1,0.25
Mira_61,Muumi/Moomin3253,iter,1,0.25
Mira_61,luumu2160,iter,1,0.25
Mira_61,luumu3242,iter,1,0.25
Mira_62,häntä3238,iter,1,0.25
Mira_62,häntä3239,iter,1,0.25
Mira_62,jalka2150,iter,1,0.25
Mira_62,jalka2151,iter,1,0.25
Mira_62,kala2155,iter,1,0.25
Mira_63,kaataa2153,iter,1,0.25
Mira_63,lintu2159,iter,1,0.25
Mira_63,tonttu2168,iter,1,0.25
Mira_63,tyttö3257,iter,1,0.25
Mira_63,tyttö3258,iter,1,0.25
Mira_64,jalka2150,iter,1,0.25
Mira_64,loppu3241,iter,1,0.25
Mira_64,tonttu2168,iter,1,0.25
Mira_64,tonttu2169,iter,1,0.25
Mira_64,tonttu2170,iter,1,0.25
Mira_64,täällä2890,iter,1,0.25
Mira_65,napa2163,iter,1,0.25
Mira_65,pelle3255,iter,1,0.25
Mira_65,piiloon2166,iter,1,0.25
Mira_65,tonttu2168,iter,1,0.25
Mira_65,tonttu2170,iter,1,0.25
Mira_65,tyttö1831,iter,1,0.25
Mira_65,täällä2890,iter,1,0.25
Mira_66,jalka2150,iter,1,0.25
Mira_66,napa2163,iter,1,0.25
Mira_66,paapaa2165,iter,1,0.25
Mira_66,tonttu2170,iter,1,0.25
Mira_67,kala2156,iter,1,0.25
Mira_67,lintu2159,iter,1,0.25
Mira_67,luumu2160,iter,1,0.25
Mira_67,napa2162,iter,1,0.25
Mira_67,paapaa2165,iter,1,0.25
Mira_67,piiloon2166,iter,1,0.25
Mira_67,setä2167,iter,1,0.25
Mira_68,Muumi/Moomin3246,iter,1,0.25
Mira_68,Muumi/Moomin3248,iter,1,0.25
Mira_68,Muumi/Moomin3253,iter,1,0.25
Mira_68,luumu2160,iter,1,0.25
Mira_68,luumu3242,iter,1,0.25
Mira_69,Muumi/Moomin2161,iter,1,0.25
Mira_69,Muumi/Moomin3248,iter,1,0.25
Mira_69,Muumi/Moomin3253,iter,1,0.25
Mira_69,luumu3242,iter,1,0.25
Mira_7,Muumi/Moomin2161,iter,1,0.25
Mira_7,jalka2150,iter,1,0.25
Mira_7,kaataa2154,iter,1,0.25
Mira_7,loppu3241,iter,1,0.25
Mira_7,napa2163,iter,1,0.25
Mira_7,tonttu2169,iter,1,0.25
Mira_70,Muumi/Moomin2161,iter,1,0.25
Mira_70,jalka2150,iter,1,0.25
Mira_70,kala2156,iter,1,0.25
Mira_70,lintu2159,iter,1,0.25
Mira_70,loppu3241,iter,1,0.25
Mira_70,napa2162,iter,1,0.25
Mira_70,napa2163,iter,1,0.25
Mira_70,pelle3255,iter,1,0.25
Mira_70,piiloon2166,iter,1,0.25
Mira_70,täällä2890,iter,1,0.25
Mira_71,Muumi/Moomin3247,iter,1,0.25
Mira_71,Muumi/Moomin3250,iter,1,0.25
Mira_71,Muumi/Moomin3251,iter,1,0.25
Mira_71,Muumi/Moomin3252,iter,1,0.25
Mira_71,mummu3243,iter,1,0.25
Mira_72,Muumi/Moomin2161,iter,1,0.25
Mira_72,häntä3237,iter,1,0.25
Mira_72,häntä3238,iter,1,0.25
Mira_72,jalka2151,iter,1,0.25
Mira_72,kala2156,iter,1,0.25
Mira_72,kenkä2158,iter,1,0.25
Mira_72,nalle3254,iter,1,0.25
Mira_72,nenä2164,iter,1,0.25
Mira_72,tonttu2168,iter,1,0.25
Mira_72,tonttu2169,iter,1,0.25
Mira_72,tonttu2170,iter,1,0.25
Mira_72,tyyny2171,iter,1,0.25
Mira_73,Muumi/Moomin3246,iter,1,0.25
Mira_73,Muumi/Moomin3247,iter,1,0.25
Mira_73,Muumi/Moomin3248,iter,1,0.25
Mira_73,Muumi/Moomin3252,iter,1,0.25
Mira_74,Muumi/Moomin3245,iter,1,0.25
Mira_74,Muumi/Moomin3246,iter,1,0.25
Mira_74,Muumi/Moomin3248,iter,1,0.25
Mira_74,Muumi/Moomin3249,iter,1,0.25
Mira_74,Muumi/Moomin3253,iter,1,0.25
Mira_74,juna2152,iter,1,0.25
Mira_74,luumu2160,iter,1,0.25
Mira_74,luumu3242,iter,1,0.25
Mira_74,napa2163,iter,1,0.25
Mira_74,nenä2164,iter,1,0.25
Mira_74,paapaa2165,iter,1,0.25
Mira_74,piiloon2166,iter,1,0.25
Mira_75,kala2156,iter,1,0.25
Mira_75,kukka3240,iter,1,0.25
Mira_75,lintu2159,iter,1,0.25
Mira_75,napa2162,iter,1,0.25
Mira_75,piiloon2166,iter,1,0.25
Mira_76,jalka2150,iter,1,0.25
Mira_76,juna2152,iter,1,0.25
Mira_76,kaataa2153,iter,1,0.25
Mira_76,kala2156,iter,1,0.25
Mira_76,kenkä2158,iter,1,0.25
Mira_76,lintu2159,iter,1,0.25
Mira_76,piiloon2166,iter,1,0.25
Mira_76,setä2167,iter,1,0.25
Mira_77,Muumi/Moomin2161,iter,1,0.25
Mira_77,jalka2150,iter,1,0.25
Mira_77,jalka2151,iter,1,0.25
Mira_77,kala2156,iter,1,0.25
Mira_77,kenkä2157,iter,1,0.25
Mira_77,napa2162,iter,1,0.25
Mira_77,napa2163,iter,1,0.25
Mira_77,tonttu2168,iter,1,0.25
Mira_77,tonttu2169,iter,1,0.25
Mira_77,tyttö1831,iter,1,0.25
Mira_78,Muumi/Moomin2161,iter,1,0.25
Mira_78,Muumi/Moomin3244,iter,1,0.25
Mira_78,Muumi/Moomin3246,iter,1,0.25
Mira_78,Muumi/Moomin3247,iter,1,0.25
Mira_78,Muumi/Moomin3249,iter,1,0.25
Mira_78,Muumi/Moomin3251,iter,1,0.25
Mira_78,luumu2160,iter,1,0.25
Mira_78,luumu3242,iter,1,0.25
Mira_78,mummu3243,iter,1,0.25
Mira_79,häntä3238,iter,1,0.25
Mira_79,häntä3239,iter,1,0.25
Mira_79,juna2152,iter,1,0.25
Mira_79,kala2155,iter,1,0.25
Mira_79,kala2156,iter,1,0.25
Mira_79,lintu2159,iter,1,0.25
Mira_79,luumu2160,iter,1,0.25
Mira_79,nalle3254,iter,1,0.25
Mira_79,piiloon2166,iter,1,0.25
Mira_79,tonttu2169,iter,1,0.25
Mira_79,tyttö1831,iter,1,0.25
Mira_79,tyyny2171,iter,1,0.25
Mira_8,jalka2150,iter,1,0.25
Mira_8,kaataa2153,iter,1,0.25
Mira_8,kala2155,iter,1,0.25
Mira_8,kenkä2157,iter,1,0.25
Mira_8,kenkä2158,iter,1,0.25
Mira_8,luumu2160,iter,1,0.25
Mira_8,napa2162,iter,1,0.25
Mira_8,napa2163,iter,1,0.25
Mira_8,paapaa2165,iter,1,0.25
Mira_8,setä2167,iter,1,0.25
Mira_8,tonttu2169,iter,1,0.25
Mira_8,tonttu2170,iter,1,0.25
Mira_8,tyttö3258,iter,1,0.25
Mira_80,juna2152,iter,1,0.25
Mira_80,kala2155,iter,1,0.25
Mira_80,lintu2159,iter,1,0.25
Mira_80,luumu2160,iter,1,0.25
Mira_80,tonttu2168,iter,1,0.25
Mira_80,tonttu2169,iter,1,0.25
Mira_80,tonttu2170,iter,1,0.25
Mira_80,tyttö1831,iter,1,0.25
Mira_80,tyyny2171,iter,1,0.25
Mira_81,kaataa2153,iter,1,0.25
Mira_81,lintu2159,iter,1,0.25
Mira_81,setä2167,iter,1,0.25
Mira_81,tonttu2168,iter,1,0.25
Mira_81,tonttu2170,iter,1,0.25
Mira_81,tyttö1831,iter,1,0.25
Mira_81,tyttö3257,iter,1,0.25
Mira_82,jalka2151,iter,1,0.25
Mira_82,kaataa2154,iter,1,0.25
Mira_82,napa2162,iter,1,0.25
Mira_82,paapaa2165,iter,1,0.25
Mira_82,setä2167,iter,1,0.25
Mira_82,tonttu2168,iter,1,0.25
Mira_82,tonttu2169,iter,1,0.25
Mira_82,tonttu2170,iter,1,0.25
Mira_82,tyttö1831,iter,1,0.25
Mira_82,tyttö3256,iter,1,0.25
Mira_82,tyttö3257,iter,1,0.25
Mira_82,täällä2890,iter,1,0.25
Mira_83,häntä3237,iter,1,0.25
Mira_84,jalka2151,iter,1,0.25
Mira_84,kala2155,iter,1,0.25
Mira_84,napa2162,iter,1,0.25
Mira_84,nenä2164,iter,1,0.25
Mira_84,piiloon2166,iter,1,0.25
Mira_84,setä2167,iter,1,0.25
Mira_84,tonttu2170,iter,1,0.25
Mira_84,tyttö1831,iter,1,0.25
Mira_84,tyyny2171,iter,1,0.25
Mira_85,häntä3237,iter,1,0.25
Mira_85,jalka2150,iter,1,0.25
Mira_85,jalka2151,iter,1,0.25
Mira_85,juna2152,iter,1,0.25
Mira_85,kala2155,iter,1,0.25
Mira_85,kala2156,iter,1,0.25
Mira_85,lintu2159,iter,1,0.25
Mira_85,setä2167,iter,1,0.25
Mira_85,tonttu2168,iter,1,0.25
Mira_85,tonttu2170,iter,1,0.25
Mira_85,tyttö1831,iter,1,0.25
Mira_86,jalka2151,iter,1,0.25
Mira_86,juna2152,iter,1,0.25
Mira_86,kaataa2153,iter,1,0.25
Mira_86,kenkä2157,iter,1,0.25
Mira_86,napa2162,iter,1,0.25
Mira_86,napa2163,iter,1,0.25
Mira_86,tonttu2168,iter,1,0.25
Mira_86,tonttu2170,iter,1,0.25
Mira_86,tyttö3256,iter,1,0.25
Mira_86,tyttö3257,iter,1,0.25
Mira_86,tyyny2171,iter,1,0.25
Mira_87,Muumi/Moomin2161,iter,1,0.25
Mira_87,Muumi/Moomin3247,iter,1,0.25
Mira_87,Muumi/Moomin3249,iter,1,0.25
Mira_87,luumu2160,iter,1,0.25
Mira_87,mummu3243,iter,1,0.25
Mira_88,Muumi/Moomin2161,iter,1,0.25
Mira_88,Muumi/Moomin3244,iter,1,0.25
Mira_88,Muumi/Moomin3245,iter,1,0.25
Mira_88,Muumi/Moomin3247,iter,1,0.25
Mira_88,Muumi/Moomin3248,iter,1,0.25
Mira_88,Muumi/Moomin3250,iter,1,0.25
Mira_88,Muumi/Moomin3253,iter,1,0.25
Mira_88,luumu3242,iter,1,0.25
Mira_89,kaataa2154,iter,1,0.25
Mira_89,kala2156,iter,1,0.25
Mira_89,kukka3240,iter,1,0.25
Mira_9,napa2162,iter,1,0.25
Mira_9,paapaa2165,iter,1,0.25
Mira_9,täällä2890,iter,1,0.25
Mira_90,kaataa2153,iter,1,0.25
Mira_90,kaataa2154,iter,1,0.25
Mira_91,häntä3238,iter,1,0.25
Mira_91,häntä3239,iter,1,0.25
Mira_91,juna2152,iter,1,0.25
Mira_91,nalle3254,iter,1,0.25
Mira_91,nenä2164,iter,1,0.25
Mira_91,pelle3255,iter,1,0.25
Mira_91,täällä2890,iter,1,0.25
Mira_92,häntä3237,iter,1,0.25
Mira_92,häntä3239,iter,1,0.25
Mira_92,jalka2150,iter,1,0.25
Mira_92,nenä2164,iter,1,0.25
Mira_92,tyyny1832,iter,1,0.25
Mira_92,täällä2890,iter,1,0.25
Mira_93,häntä3238,iter,1,0.25
Mira_93,jalka2150,iter,1,0.25
Mira_93,kaataa2154,iter,1,0.25
Mira_93,kala2155,iter,1,0.25
Mira_93,kenkä2157,iter,1,0.25
Mira_93,lintu2159,iter,1,0.25
Mira_93,napa2162,iter,1,0.25
Mira_93,tyttö1831,iter,1,0.25
Mira_93,tyyny2171,iter,1,0.25
Mira_93,täällä2890,iter,1,0.25
Mira_94,Muumi/Moomin2161,iter,1,0.25
Mira_94,Muumi/Moomin3248,iter,1,0.25
Mira_94,Muumi/Moomin3250,iter,1,0.25
Mira_94,Muumi/Moomin3251,iter,1,0.25
Mira_94,Muumi/Moomin3253,iter,1,0.25
Mira_94,luumu2160,iter,1,0.25
Mira_95,jalka2150,iter,1,0.25
Mira_95,kala2156,iter,1,0.25
Mira_95,luumu2160,iter,1,0.25
Mira_95,napa2163,iter,1,0.25
Mira_95,tonttu2169,iter,1,0.25
Mira_95,tyttö1831,iter,1,0.25
Mira_95,täällä2890,iter,1,0.25
Mira_96,Muumi/Moomin2161,iter,1,0.25
Mira_96,Muumi/Moomin3244,iter,1,0.25
Mira_96,Muumi/Moomin3246,iter,1,0.25
Mira_96,Muumi/Moomin3248,iter,1,0.25
Mira_96,Muumi/Moomin3249,iter,1,0.25
Mira_96,Muumi/Moomin3250,iter,1,0.25
Mira_96,Muumi/Moomin3251,iter,1,0.25
Mira_96,luumu2160,iter,1,0.25
Mira_97,kaataa2154,iter,1,0.25
Mira_97,lintu2159,iter,1,0.25
Mira_97,luumu2160,iter,1,0.25
Mira_97,tonttu2168,iter,1,0.25
Mira_97,täällä2890,iter,1,0.25
Mira_98,kaataa2153,iter,1,0.25
Mira_98,lintu2159,iter,1,0.25
Mira_98,setä2167,iter,1,0.25
Mira_98,tonttu2170,iter,1,0.25
Mira_98,tyttö1831,iter,1,0.25
Mira_98,tyttö3257,iter,1,0.25
Mira_99,napa2162,iter,1,0.25
Mira_99,piiloon2166,iter,1,0.25
Patrick_1,D22630,iter,1,0.25
Patrick_1,Doody2092,iter,1,0.25
Patrick_1,daddy2077,iter,1,0.25
Patrick_1,daddy2080,iter,1,0.25
Patrick_1,daddy2081,iter,1,0.25
Patrick_1,daddy2082,iter,1,0.25
Patrick_1,daddy2083,iter,1,0.25
Patrick_10,D22076,iter,1,0.25
Patrick_10,D22631,iter,1,0.25
Patrick_10,Doody2088,iter,1,0.25
Patrick_10,Doody2089,iter,1,0.25
Patrick_10,daddy2079,iter,1,0.25
Patrick_10,daddy2083,iter,1,0.25
Patrick_10,daddy2085,iter,1,0.25
Patrick_10,horsey2803,iter,1,0.25
Patrick_10,tractor2096,iter,1,0.25
Patrick_10,tractor2634,iter,1,0.25
Patrick_10,uh oh2807,iter,1,0.25
Patrick_100,D22632,iter,1,0.25
Patrick_100,Doody2087,iter,1,0.25
Patrick_100,daddy2079,iter,1,0.25
Patrick_100,daddy2083,iter,1,0.25
Patrick_11,D22630,iter,1,0.25
Patrick_11,D22632,iter,1,0.25
Patrick_11,D22633,iter,1,0.25
Patrick_11,Doody2091,iter,1,0.25
Patrick_11,Doody2092,iter,1,0.25
Patrick_11,daddy2079,iter,1,0.25
Patrick_11,daddy2081,iter,1,0.25
Patrick_12,horsey2802,iter,1,0.25
Patrick_12,quack quack2809,iter,1,0.25
Patrick_12,quack quack2810,iter,1,0.25
Patrick_12,uh oh2805,iter,1,0.25
Patrick_12,uh oh2808,iter,1,0.25
Patrick_13,D22072,iter,1,0.25
Patrick_13,D22633,iter,1,0.25
Patrick_13,Doody2088,iter,1,0.25
Patrick_13,Doody2089,iter,1,0.25
Patrick_13,Doody2090,iter,1,0.25
Patrick_13,baby2071,iter,1,0.25
Patrick_13,daddy2077,iter,1,0.25
Patrick_13,daddy2078,iter,1,0.25
Patrick_13,daddy2082,iter,1,0.25
Patrick_13,daddy2084,iter,1,0.25
Patrick_13,hello2799,iter,1,0.25
Patrick_13,horsey2802,iter,1,0.25
Patrick_13,quack quack2809,iter,1,0.25
Patrick_13,tractor2634,iter,1,0.25
Patrick_14,uh oh2806,iter,1,0.25
Patrick_15,D22630,iter,1,0.25
Patrick_15,D22631,iter,1,0.25
Patrick_15,D22632,iter,1,0.25
Patrick_15,Doody2087,iter,1,0.25
Patrick_15,Doody2089,iter,1,0.25
Patrick_15,baby2071,iter,1,0.25
Patrick_15,daddy2077,iter,1,0.25
Patrick_15,daddy2079,iter,1,0.25
Patrick_15,daddy2080,iter,1,0.25
Patrick_15,daddy2082,iter,1,0.25
Patrick_15,daddy2086,iter,1,0.25
Patrick_15,horsey2802,iter,1,0.25
Patrick_15,tractor2096,iter,1,0.25
Patrick_16,D22074,iter,1,0.25
Patrick_16,D22075,iter,1,0.25
Patrick_16,D22076,iter,1,0.25
Patrick_16,hello2799,iter,1,0.25
Patrick_16,horsey2800,iter,1,0.25
Patrick_16,horsey2801,iter,1,0.25
Patrick_16,horsey2802,iter,1,0.25
Patrick_16,uh oh2804,iter,1,0.25
Patrick_16,water2099,iter,1,0.25
Patrick_16,water2100,iter,1,0.25
Patrick_16,water2102,iter,1,0.25
Patrick_17,D22074,iter,1,0.25
Patrick_17,Doody2089,iter,1,0.25
Patrick_17,Doody2090,iter,1,0.25
Patrick_17,Doody2092,iter,1,0.25
Patrick_17,daddy2079,iter,1,0.25
Patrick_17,daddy2086,iter,1,0.25
Patrick_17,horsey2800,iter,1,0.25
Patrick_17,horsey2802,iter,1,0.25
Patrick_17,horsey2803,iter,1,0.25
Patrick_17,quack quack2809,iter,1,0.25
Patrick_17,uh oh2806,iter,1,0.25
Patrick_17,water2101,iter,1,0.25
Patrick_18,D22073,iter,1,0.25
Patrick_18,D22076,iter,1,0.25
Patrick_18,Doody2087,iter,1,0.25
Patrick_18,Doody2088,iter,1,0.25
Patrick_18,Doody2091,iter,1,0.25
Patrick_18,daddy2080,iter,1,0.25
Patrick_18,daddy2082,iter,1,0.25
Patrick_18,daddy2085,iter,1,0.25
Patrick_18,tractor2096,iter,1,0.25
Patrick_18,uh oh2805,iter,1,0.25
Patrick_19,Doody2090,iter,1,0.25
Patrick_19,horsey2800,iter,1,0.25
Patrick_19,horsey2801,iter,1,0.25
Patrick_19,horsey2802,iter,1,0.25
Patrick_19,squeak squeak2811,iter,1,0.25
Patrick_19,uh oh2806,iter,1,0.25
Patrick_19,uh oh2807,iter,1,0.25
Patrick_19,water2102,iter,1,0.25
Patrick_2,Doody2088,iter,1,0.25
Patrick_2,hello2799,iter,1,0.25
Patrick_2,horsey2800,iter,1,0.25
Patrick_2,horsey2802,iter,1,0.25
Patrick_2,quack quack2810,iter,1,0.25
Patrick_2,squeak squeak2811,iter,1,0.25
Patrick_2,uh oh2805,iter,1,0.25
Patrick_20,Doody2090,iter,1,0.25
Patrick_20,hello2093,iter,1,0.25
Patrick_20,horsey2803,iter,1,0.25
Patrick_20,uh oh2805,iter,1,0.25
Patrick_20,uh oh2807,iter,1,0.25
Patrick_21,hello2799,iter,1,0.25
Patrick_21,horsey2800,iter,1,0.25
Patrick_21,horsey2801,iter,1,0.25
Patrick_21,horsey2803,iter,1,0.25
Patrick_21,uh oh2805,iter,1,0.25
Patrick_21,water2102,iter,1,0.25
Patrick_22,D22631,iter,1,0.25
Patrick_22,D22632,iter,1,0.25
Patrick_22,Doody2088,iter,1,0.25
Patrick_22,Doody2089,iter,1,0.25
Patrick_22,Doody2091,iter,1,0.25
Patrick_22,baby2070,iter,1,0.25
Patrick_22,daddy2077,iter,1,0.25
Patrick_22,daddy2078,iter,1,0.25
Patrick_22,daddy2079,iter,1,0.25
Patrick_22,daddy2080,iter,1,0.25
Patrick_22,daddy2082,iter,1,0.25
Patrick_22,hello2093,iter,1,0.25
Patrick_23,D22072,iter,1,0.25
Patrick_23,D22073,iter,1,0.25
Patrick_23,D22632,iter,1,0.25
Patrick_23,Doody2091,iter,1,0.25
Patrick_23,daddy2077,iter,1,0.25
Patrick_23,daddy2083,iter,1,0.25
Patrick_23,daddy2084,iter,1,0.25
Patrick_23,daddy2086,iter,1,0.25
Patrick_23,hello2093,iter,1,0.25
Patrick_23,horsey2803,iter,1,0.25
Patrick_23,tractor2634,iter,1,0.25
Patrick_23,uh oh2807,iter,1,0.25
Patrick_24,Doody2087,iter,1,0.25
Patrick_24,Doody2091,iter,1,0.25
Patrick_24,Doody2092,iter,1,0.25
Patrick_24,daddy2079,iter,1,0.25
Patrick_24,daddy2081,iter,1,0.25
Patrick_24,daddy2086,iter,1,0.25
Patrick_24,uh oh2807,iter,1,0.25
Patrick_24,water2099,iter,1,0.25
Patrick_25,Doody2087,iter,1,0.25
Patrick_25,Doody2092,iter,1,0.25
Patrick_25,daddy2081,iter,1,0.25
Patrick_25,hello2093,iter,1,0.25
Patrick_25,hello2799,iter,1,0.25
Patrick_25,horsey2800,iter,1,0.25
Patrick_25,horsey2802,iter,1,0.25
Patrick_25,quack quack2810,iter,1,0.25
Patrick_25,uh oh2804,iter,1,0.25
Patrick_25,uh oh2805,iter,1,0.25
Patrick_25,uh oh2806,iter,1,0.25
Patrick_25,uh oh2807,iter,1,0.25
Patrick_25,water2097,iter,1,0.25
Patrick_25,water2102,iter,1,0.25
Patrick_26,hello2799,iter,1,0.25
Patrick_26,horsey2803,iter,1,0.25
Patrick_26,uh oh2806,iter,1,0.25
Patrick_26,uh oh2807,iter,1,0.25
Patrick_26,uh oh2808,iter,1,0.25
Patrick_26,water2100,iter,1,0.25
Patrick_27,D22072,iter,1,0.25
Patrick_27,D22630,iter,1,0.25
Patrick_27,D22633,iter,1,0.25
Patrick_27,Doody2091,iter,1,0.25
Patrick_27,Doody2092,iter,1,0.25
Patrick_27,beebies2629,iter,1,0.25
Patrick_27,daddy2079,iter,1,0.25
Patrick_27,daddy2084,iter,1,0.25
Patrick_27,daddy2086,iter,1,0.25
Patrick_27,squeak squeak2635,iter,1,0.25
Patrick_27,tractor2634,iter,1,0.25
Patrick_28,Doody2088,iter,1,0.25
Patrick_28,horsey2801,iter,1,0.25
Patrick_28,water2103,iter,1,0.25
Patrick_29,D22073,iter,1,0.25
Patrick_29,D22631,iter,1,0.25
Patrick_29,D22632,iter,1,0.25
Patrick_29,D22633,iter,1,0.25
Patrick_29,Doody2087,iter,1,0.25
Patrick_29,Doody2088,iter,1,0.25
Patrick_29,Doody2089,iter,1,0.25
Patrick_29,baby2071,iter,1,0.25
Patrick_29,daddy2077,iter,1,0.25
Patrick_29,daddy2080,iter,1,0.25
Patrick_29,hello2799,iter,1,0.25
Patrick_29,horsey2803,iter,1,0.25
Patrick_29,tractor2634,iter,1,0.25
Patrick_29,uh oh2805,iter,1,0.25
Patrick_29,uh oh2807,iter,1,0.25
Patrick_29,water2103,iter,1,0.25
Patrick_3,horsey2803,iter,1,0.25
Patrick_30,Doody2088,iter,1,0.25
Patrick_30,horsey2801,iter,1,0.25
Patrick_30,horsey2802,iter,1,0.25
Patrick_30,horsey2803,iter,1,0.25
Patrick_30,water2098,iter,1,0.25
Patrick_30,water2101,iter,1,0.25
Patrick_31,D22631,iter,1,0.25
Patrick_31,baby2071,iter,1,0.25
Patrick_32,Doody2088,iter,1,0.25
Patrick_32,hello2093,iter,1,0.25
Patrick_32,horsey2801,iter,1,0.25
Patrick_32,uh oh2807,iter,1,0.25
Patrick_32,water2100,iter,1,0.25
Patrick_32,water2101,iter,1,0.25
Patrick_33,horsey2802,iter,1,0.25
Patrick_33,uh oh2805,iter,1,0.25
Patrick_33,uh oh2806,iter,1,0.25
Patrick_33,uh oh2807,iter,1,0.25
Patrick_34,D22072,iter,1,0.25
Patrick_34,D22631,iter,1,0.25
Patrick_34,D22632,iter,1,0.25
Patrick_34,Doody2091,iter,1,0.25
Patrick_34,beebies2629,iter,1,0.25
Patrick_34,daddy2077,iter,1,0.25
Patrick_34,daddy2083,iter,1,0.25
Patrick_34,daddy2084,iter,1,0.25
Patrick_34,squeak squeak2635,iter,1,0.25
Patrick_34,tractor2634,iter,1,0.25
Patrick_34,water2099,iter,1,0.25
Patrick_35,D22631,iter,1,0.25
Patrick_35,woof woof2104,iter,1,0.25
Patrick_36,Doody2087,iter,1,0.25
Patrick_36,Doody2088,iter,1,0.25
Patrick_36,Doody2089,iter,1,0.25
Patrick_36,Doody2090,iter,1,0.25
Patrick_36,Doody2091,iter,1,0.25
Patrick_36,Doody2092,iter,1,0.25
Patrick_36,daddy2084,iter,1,0.25
Patrick_36,hello2093,iter,1,0.25
Patrick_36,horsey2094,iter,1,0.25
Patrick_36,horsey2095,iter,1,0.25
Patrick_36,horsey2801,iter,1,0.25
Patrick_36,horsey2802,iter,1,0.25
Patrick_36,quack quack2810,iter,1,0.25
Patrick_36,uh oh2805,iter,1,0.25
Patrick_36,uh oh2806,iter,1,0.25
Patrick_36,water2097,iter,1,0.25
Patrick_36,water2103,iter,1,0.25
Patrick_37,D22074,iter,1,0.25
Patrick_37,Doody2087,iter,1,0.25
Patrick_37,baby2070,iter,1,0.25
Patrick_37,baby2071,iter,1,0.25
Patrick_37,daddy2083,iter,1,0.25
Patrick_37,daddy2085,iter,1,0.25
Patrick_37,daddy2086,iter,1,0.25
Patrick_37,quack quack2809,iter,1,0.25
Patrick_37,quack quack2810,iter,1,0.25
Patrick_37,squeak squeak2811,iter,1,0.25
Patrick_37,uh oh2804,iter,1,0.25
Patrick_38,D22072,iter,1,0.25
Patrick_38,Doody2091,iter,1,0.25
Patrick_38,Doody2092,iter,1,0.25
Patrick_38,daddy2077,iter,1,0.25
Patrick_38,daddy2079,iter,1,0.25
Patrick_38,daddy2084,iter,1,0.25
Patrick_38,daddy2085,iter,1,0.25
Patrick_38,daddy2086,iter,1,0.25
Patrick_39,D22631,iter,1,0.25
Patrick_39,Doody2088,iter,1,0.25
Patrick_39,Doody2091,iter,1,0.25
Patrick_39,daddy2079,iter,1,0.25
Patrick_39,daddy2082,iter,1,0.25
Patrick_39,daddy2084,iter,1,0.25
Patrick_4,hello2093,iter,1,0.25
Patrick_4,horsey2803,iter,1,0.25
Patrick_4,quack quack2810,iter,1,0.25
Patrick_40,D22075,iter,1,0.25
Patrick_40,hello2799,iter,1,0.25
Patrick_40,quack quack2809,iter,1,0.25
Patrick_41,D22072,iter,1,0.25
Patrick_41,Doody2092,iter,1,0.25
Patrick_41,beebies2629,iter,1,0.25
Patrick_41,daddy2079,iter,1,0.25
Patrick_41,daddy2082,iter,1,0.25
Patrick_41,daddy2083,iter,1,0.25
Patrick_41,daddy2085,iter,1,0.25
Patrick_41,hello2799,iter,1,0.25
Patrick_41,water2099,iter,1,0.25
Patrick_41,water2100,iter,1,0.25
Patrick_42,D22073,iter,1,0.25
Patrick_42,Doody2088,iter,1,0.25
Patrick_42,Doody2091,iter,1,0.25
Patrick_42,daddy2081,iter,1,0.25
Patrick_42,tractor2634,iter,1,0.25
Patrick_43,horsey2800,iter,1,0.25
Patrick_43,uh oh2807,iter,1,0.25
Patrick_44,D22073,iter,1,0.25
Patrick_44,D22631,iter,1,0.25
Patrick_44,D22633,iter,1,0.25
Patrick_44,Doody2087,iter,1,0.25
Patrick_44,Doody2091,iter,1,0.25
Patrick_44,Doody2092,iter,1,0.25
Patrick_44,baby2070,iter,1,0.25
Patrick_44,daddy2077,iter,1,0.25
Patrick_44,daddy2080,iter,1,0.25
Patrick_44,daddy2083,iter,1,0.25
Patrick_44,daddy2084,iter,1,0.25
Patrick_44,tractor2634,iter,1,0.25
Patrick_45,baby2071,iter,1,0.25
Patrick_45,beebies2629,iter,1,0.25
Patrick_45,hello2799,iter,1,0.25
Patrick_45,horsey2802,iter,1,0.25
Patrick_45,horsey2803,iter,1,0.25
Patrick_45,squeak squeak2635,iter,1,0.25
Patrick_46,D22631,iter,1,0.25
Patrick_46,woof woof2104,iter,1,0.25
Patrick_47,uh oh2807,iter,1,0.25
Patrick_47,water2099,iter,1,0.25
Patrick_47,water2100,iter,1,0.25
Patrick_48,Doody2090,iter,1,0.25
Patrick_48,hello2093,iter,1,0.25
Patrick_48,horsey2095,iter,1,0.25
Patrick_48,horsey2802,iter,1,0.25
Patrick_48,horsey2803,iter,1,0.25
Patrick_48,uh oh2805,iter,1,0.25
Patrick_49,hello2799,iter,1,0.25
Patrick_49,uh oh2805,iter,1,0.25
Patrick_5,D22076,iter,1,0.25
Patrick_5,D22633,iter,1,0.25
Patrick_5,Doody2088,iter,1,0.25
Patrick_5,baby2070,iter,1,0.25
Patrick_5,daddy2077,iter,1,0.25
Patrick_5,daddy2082,iter,1,0.25
Patrick_5,daddy2085,iter,1,0.25
Patrick_5,horsey2803,iter,1,0.25
Patrick_5,quack quack2809,iter,1,0.25
Patrick_5,tractor2096,iter,1,0.25
Patrick_5,tractor2634,iter,1,0.25
Patrick_50,D22073,iter,1,0.25
Patrick_50,Doody2087,iter,1,0.25
Patrick_50,daddy2083,iter,1,0.25
Patrick_50,daddy2084,iter,1,0.25
Patrick_50,daddy2085,iter,1,0.25
Patrick_50,daddy2086,iter,1,0.25
Patrick_50,horsey2801,iter,1,0.25
Patrick_51,D22074,iter,1,0.25
Patrick_51,D22075,iter,1,0.25
Patrick_51,Doody2087,iter,1,0.25
Patrick_51,Doody2091,iter,1,0.25
Patrick_51,baby2070,iter,1,0.25
Patrick_51,daddy2077,iter,1,0.25
Patrick_51,daddy2079,iter,1,0.25
Patrick_51,daddy2082,iter,1,0.25
Patrick_51,daddy2086,iter,1,0.25
Patrick_51,horsey2095,iter,1,0.25
Patrick_51,horsey2801,iter,1,0.25
Patrick_51,quack quack2809,iter,1,0.25
Patrick_51,uh oh2805,iter,1,0.25
Patrick_51,uh oh2807,iter,1,0.25
Patrick_51,water2102,iter,1,0.25
Patrick_51,water2103,iter,1,0.25
Patrick_52,D22631,iter,1,0.25
Patrick_52,beebies2629,iter,1,0.25
Patrick_52,hello2093,iter,1,0.25
Patrick_52,hello2799,iter,1,0.25
Patrick_52,horsey2802,iter,1,0.25
Patrick_52,horsey2803,iter,1,0.25
Patrick_52,quack quack2809,iter,1,0.25
Patrick_52,squeak squeak2635,iter,1,0.25
Patrick_52,water2097,iter,1,0.25
Patrick_52,water2101,iter,1,0.25
Patrick_52,water2102,iter,1,0.25
Patrick_53,D22072,iter,1,0.25
Patrick_53,D22073,iter,1,0.25
Patrick_53,D22631,iter,1,0.25
Patrick_53,Doody2089,iter,1,0.25
Patrick_53,Doody2090,iter,1,0.25
Patrick_53,Doody2091,iter,1,0.25
Patrick_53,Doody2092,iter,1,0.25
Patrick_53,baby2071,iter,1,0.25
Patrick_53,daddy2077,iter,1,0.25
Patrick_53,daddy2081,iter,1,0.25
Patrick_53,daddy2082,iter,1,0.25
Patrick_53,daddy2085,iter,1,0.25
Patrick_53,daddy2086,iter,1,0.25
Patrick_53,horsey2803,iter,1,0.25
Patrick_53,uh oh2805,iter,1,0.25
Patrick_53,uh oh2807,iter,1,0.25
Patrick_54,D22076,iter,1,0.25
Patrick_54,D22630,iter,1,0.25
Patrick_54,Doody2091,iter,1,0.25
Patrick_54,baby2071,iter,1,0.25
Patrick_54,daddy2082,iter,1,0.25
Patrick_54,daddy2083,iter,1,0.25
Patrick_54,tractor2096,iter,1,0.25
Patrick_54,tractor2634,iter,1,0.25
Patrick_54,uh oh2805,iter,1,0.25
Patrick_54,uh oh2807,iter,1,0.25
Patrick_55,D22630,iter,1,0.25
Patrick_55,D22631,iter,1,0.25
Patrick_55,Doody2088,iter,1,0.25
Patrick_55,Doody2092,iter,1,0.25
Patrick_55,daddy2082,iter,1,0.25
Patrick_55,daddy2083,iter,1,0.25
Patrick_56,D22072,iter,1,0.25
Patrick_56,Doody2091,iter,1,0.25
Patrick_56,daddy2079,iter,1,0.25
Patrick_57,hello2093,iter,1,0.25
Patrick_57,horsey2801,iter,1,0.25
Patrick_57,quack quack2810,iter,1,0.25
Patrick_57,uh oh2804,iter,1,0.25
Patrick_58,D22072,iter,1,0.25
Patrick_58,D22073,iter,1,0.25
Patrick_58,D22630,iter,1,0.25
Patrick_58,Doody2087,iter,1,0.25
Patrick_58,Doody2088,iter,1,0.25
Patrick_58,Doody2089,iter,1,0.25
Patrick_58,Doody2092,iter,1,0.25
Patrick_58,daddy2081,iter,1,0.25
Patrick_58,daddy2082,iter,1,0.25
Patrick_58,daddy2085,iter,1,0.25
Patrick_59,hello2093,iter,1,0.25
Patrick_59,uh oh2807,iter,1,0.25
Patrick_59,water2098,iter,1,0.25
Patrick_59,water2100,iter,1,0.25
Patrick_6,hello2799,iter,1,0.25
Patrick_6,horsey2801,iter,1,0.25
Patrick_6,quack quack2809,iter,1,0.25
Patrick_6,quack quack2810,iter,1,0.25
Patrick_6,uh oh2805,iter,1,0.25
Patrick_6,uh oh2807,iter,1,0.25
Patrick_60,D22075,iter,1,0.25
Patrick_60,D22076,iter,1,0.25
Patrick_60,hello2093,iter,1,0.25
Patrick_60,horsey2801,iter,1,0.25
Patrick_60,horsey2802,iter,1,0.25
Patrick_60,uh oh2806,iter,1,0.25
Patrick_60,uh oh2808,iter,1,0.25
Patrick_61,D22076,iter,1,0.25
Patrick_61,Doody2090,iter,1,0.25
Patrick_61,hello2093,iter,1,0.25
Patrick_61,uh oh2807,iter,1,0.25
Patrick_61,uh oh2808,iter,1,0.25
Patrick_62,D22072,iter,1,0.25
Patrick_62,D22073,iter,1,0.25
Patrick_62,Doody2087,iter,1,0.25
Patrick_62,Doody2091,iter,1,0.25
Patrick_62,baby2070,iter,1,0.25
Patrick_62,daddy2079,iter,1,0.25
Patrick_62,daddy2081,iter,1,0.25
Patrick_62,daddy2082,iter,1,0.25
Patrick_62,hello2093,iter,1,0.25
Patrick_62,hello2799,iter,1,0.25
Patrick_62,horsey2802,iter,1,0.25
Patrick_62,tractor2096,iter,1,0.25
Patrick_62,tractor2634,iter,1,0.25
Patrick_63,D22072,iter,1,0.25
Patrick_63,D22630,iter,1,0.25
Patrick_63,Doody2088,iter,1,0.25
Patrick_63,daddy2081,iter,1,0.25
Patrick_63,daddy2085,iter,1,0.25
Patrick_64,squeak squeak2635,iter,1,0.25
Patrick_64,water2099,iter,1,0.25
Patrick_65,Doody2088,iter,1,0.25
Patrick_65,horsey2095,iter,1,0.25
Patrick_65,horsey2802,iter,1,0.25
Patrick_65,horsey2803,iter,1,0.25
Patrick_65,quack quack2810,iter,1,0.25
Patrick_65,squeak squeak2811,iter,1,0.25
Patrick_66,hello2799,iter,1,0.25
Patrick_66,quack quack2810,iter,1,0.25
Patrick_66,water2099,iter,1,0.25
Patrick_67,D22630,iter,1,0.25
Patrick_67,D22631,iter,1,0.25
Patrick_67,D22632,iter,1,0.25
Patrick_67,D22633,iter,1,0.25
Patrick_67,Doody2088,iter,1,0.25
Patrick_67,beebies2629,iter,1,0.25
Patrick_67,daddy2079,iter,1,0.25
Patrick_67,daddy2082,iter,1,0.25
Patrick_67,daddy2085,iter,1,0.25
Patrick_67,squeak squeak2635,iter,1,0.25
Patrick_68,D22630,iter,1,0.25
Patrick_68,D22633,iter,1,0.25
Patrick_68,Doody2089,iter,1,0.25
Patrick_68,Doody2090,iter,1,0.25
Patrick_68,Doody2091,iter,1,0.25
Patrick_68,daddy2077,iter,1,0.25
Patrick_68,daddy2080,iter,1,0.25
Patrick_68,daddy2081,iter,1,0.25
Patrick_68,horsey2803,iter,1,0.25
Patrick_68,quack quack2809,iter,1,0.25
Patrick_68,tractor2096,iter,1,0.25
Patrick_69,horsey2801,iter,1,0.25
Patrick_69,horsey2802,iter,1,0.25
Patrick_69,squeak squeak2811,iter,1,0.25
Patrick_69,uh oh2805,iter,1,0.25
Patrick_7,Doody2089,iter,1,0.25
Patrick_7,daddy2083,iter,1,0.25
Patrick_7,daddy2084,iter,1,0.25
Patrick_7,daddy2086,iter,1,0.25
Patrick_7,horsey2803,iter,1,0.25
Patrick_7,uh oh2807,iter,1,0.25
Patrick_70,D22072,iter,1,0.25
Patrick_70,D22076,iter,1,0.25
Patrick_70,D22630,iter,1,0.25
Patrick_70,Doody2088,iter,1,0.25
Patrick_70,Doody2092,iter,1,0.25
Patrick_70,baby2070,iter,1,0.25
Patrick_70,baby2071,iter,1,0.25
Patrick_70,daddy2077,iter,1,0.25
Patrick_70,daddy2078,iter,1,0.25
Patrick_70,daddy2080,iter,1,0.25
Patrick_70,daddy2081,iter,1,0.25
Patrick_70,daddy2085,iter,1,0.25
Patrick_70,hello2093,iter,1,0.25
Patrick_70,tractor2096,iter,1,0.25
Patrick_71,Doody2088,iter,1,0.25
Patrick_71,hello2093,iter,1,0.25
Patrick_71,hello2799,iter,1,0.25
Patrick_71,horsey2803,iter,1,0.25
Patrick_71,water2100,iter,1,0.25
Patrick_71,water2101,iter,1,0.25
Patrick_72,D22072,iter,1,0.25
Patrick_72,beebies2629,iter,1,0.25
Patrick_72,daddy2084,iter,1,0.25
Patrick_72,daddy2086,iter,1,0.25
Patrick_72,hello2093,iter,1,0.25
Patrick_72,water2099,iter,1,0.25
Patrick_73,D22074,iter,1,0.25
Patrick_73,Doody2087,iter,1,0.25
Patrick_73,Doody2089,iter,1,0.25
Patrick_73,Doody2092,iter,1,0.25
Patrick_73,baby2071,iter,1,0.25
Patrick_73,daddy2077,iter,1,0.25
Patrick_73,daddy2081,iter,1,0.25
Patrick_73,daddy2082,iter,1,0.25
Patrick_73,daddy2083,iter,1,0.25
Patrick_73,daddy2084,iter,1,0.25
Patrick_73,horsey2802,iter,1,0.25
Patrick_73,horsey2803,iter,1,0.25
Patrick_73,quack quack3138,iter,1,0.25
Patrick_73,squeak squeak2811,iter,1,0.25
Patrick_73,uh oh2804,iter,1,0.25
Patrick_73,uh oh2806,iter,1,0.25
Patrick_73,uh oh2807,iter,1,0.25
Patrick_73,water2097,iter,1,0.25
Patrick_74,Doody2087,iter,1,0.25
Patrick_74,Doody2089,iter,1,0.25
Patrick_74,Doody2091,iter,1,0.25
Patrick_74,baby2070,iter,1,0.25
Patrick_74,daddy2081,iter,1,0.25
Patrick_74,daddy2083,iter,1,0.25
Patrick_74,horsey2801,iter,1,0.25
Patrick_74,quack quack2809,iter,1,0.25
Patrick_74,quack quack2810,iter,1,0.25
Patrick_74,quack quack3138,iter,1,0.25
Patrick_74,squeak squeak2811,iter,1,0.25
Patrick_74,uh oh2804,iter,1,0.25
Patrick_74,uh oh2805,iter,1,0.25
Patrick_74,uh oh2807,iter,1,0.25
Patrick_74,water2097,iter,1,0.25
Patrick_74,water2101,iter,1,0.25
Patrick_74,water2102,iter,1,0.25
Patrick_75,beebies2629,iter,1,0.25
Patrick_75,hello2093,iter,1,0.25
Patrick_75,hello2799,iter,1,0.25
Patrick_75,horsey2801,iter,1,0.25
Patrick_75,squeak squeak2635,iter,1,0.25
Patrick_75,uh oh2805,iter,1,0.25
Patrick_75,water2097,iter,1,0.25
Patrick_75,water2098,iter,1,0.25
Patrick_75,water2100,iter,1,0.25
Patrick_76,D22631,iter,1,0.25
Patrick_76,D22632,iter,1,0.25
Patrick_76,Doody2089,iter,1,0.25
Patrick_76,Doody2091,iter,1,0.25
Patrick_76,Doody2092,iter,1,0.25
Patrick_76,daddy2080,iter,1,0.25
Patrick_76,daddy2081,iter,1,0.25
Patrick_76,daddy2083,iter,1,0.25
Patrick_76,daddy2086,iter,1,0.25
Patrick_76,quack quack2809,iter,1,0.25
Patrick_76,tractor2096,iter,1,0.25
Patrick_76,tractor2634,iter,1,0.25
Patrick_76,uh oh2805,iter,1,0.25
Patrick_76,water2097,iter,1,0.25
Patrick_76,water2103,iter,1,0.25
Patrick_77,hello2093,iter,1,0.25
Patrick_77,horsey2803,iter,1,0.25
Patrick_77,water2098,iter,1,0.25
Patrick_77,water2101,iter,1,0.25
Patrick_77,water2103,iter,1,0.25
Patrick_78,D22073,iter,1,0.25
Patrick_78,D22076,iter,1,0.25
Patrick_78,Doody2087,iter,1,0.25
Patrick_78,baby2070,iter,1,0.25
Patrick_78,daddy2078,iter,1,0.25
Patrick_78,daddy2079,iter,1,0.25
Patrick_78,daddy2080,iter,1,0.25
Patrick_78,daddy2081,iter,1,0.25
Patrick_78,daddy2085,iter,1,0.25
Patrick_78,tractor2634,iter,1,0.25
Patrick_78,uh oh2805,iter,1,0.25
Patrick_79,D22072,iter,1,0.25
Patrick_79,Doody2089,iter,1,0.25
Patrick_79,Doody2092,iter,1,0.25
Patrick_79,daddy2079,iter,1,0.25
Patrick_79,tractor2096,iter,1,0.25
Patrick_8,D22632,iter,1,0.25
Patrick_8,Doody2088,iter,1,0.25
Patrick_8,Doody2091,iter,1,0.25
Patrick_8,baby2070,iter,1,0.25
Patrick_8,daddy2078,iter,1,0.25
Patrick_8,daddy2081,iter,1,0.25
Patrick_8,daddy2083,iter,1,0.25
Patrick_8,daddy2084,iter,1,0.25
Patrick_8,daddy2086,iter,1,0.25
Patrick_8,horsey2802,iter,1,0.25
Patrick_8,horsey2803,iter,1,0.25
Patrick_8,tractor2096,iter,1,0.25
Patrick_80,D22074,iter,1,0.25
Patrick_80,Doody2090,iter,1,0.25
Patrick_80,baby2071,iter,1,0.25
Patrick_80,daddy2084,iter,1,0.25
Patrick_80,hello2093,iter,1,0.25
Patrick_80,horsey2094,iter,1,0.25
Patrick_80,horsey2802,iter,1,0.25
Patrick_80,horsey2803,iter,1,0.25
Patrick_80,squeak squeak2811,iter,1,0.25
Patrick_80,uh oh2804,iter,1,0.25
Patrick_80,uh oh2806,iter,1,0.25
Patrick_80,uh oh2807,iter,1,0.25
Patrick_80,uh oh2808,iter,1,0.25
Patrick_80,water2102,iter,1,0.25
Patrick_80,water2103,iter,1,0.25
Patrick_81,Doody2089,iter,1,0.25
Patrick_81,Doody2092,iter,1,0.25
Patrick_81,daddy2077,iter,1,0.25
Patrick_81,daddy2081,iter,1,0.25
Patrick_81,daddy2082,iter,1,0.25
Patrick_81,daddy2083,iter,1,0.25
Patrick_81,daddy2084,iter,1,0.25
Patrick_82,horsey2802,iter,1,0.25
Patrick_82,quack quack2809,iter,1,0.25
Patrick_82,uh oh2804,iter,1,0.25
Patrick_82,uh oh2805,iter,1,0.25
Patrick_82,uh oh2807,iter,1,0.25
Patrick_83,horsey2800,iter,1,0.25
Patrick_83,uh oh2805,iter,1,0.25
Patrick_83,water2098,iter,1,0.25
Patrick_83,water2101,iter,1,0.25
Patrick_83,water2102,iter,1,0.25
Patrick_85,D22075,iter,1,0.25
Patrick_85,D22076,iter,1,0.25
Patrick_85,Doody2091,iter,1,0.25
Patrick_85,daddy2082,iter,1,0.25
Patrick_85,daddy2084,iter,1,0.25
Patrick_85,horsey2095,iter,1,0.25
Patrick_85,horsey2800,iter,1,0.25
Patrick_85,uh oh2805,iter,1,0.25
Patrick_85,uh oh2807,iter,1,0.25
Patrick_86,Doody2090,iter,1,0.25
Patrick_86,daddy2077,iter,1,0.25
Patrick_86,daddy2082,iter,1,0.25
Patrick_86,daddy2086,iter,1,0.25
Patrick_86,horsey2801,iter,1,0.25
Patrick_87,hello2093,iter,1,0.25
Patrick_87,water2097,iter,1,0.25
Patrick_87,water2098,iter,1,0.25
Patrick_87,water2100,iter,1,0.25
Patrick_88,D22630,iter,1,0.25
Patrick_88,D22631,iter,1,0.25
Patrick_88,D22632,iter,1,0.25
Patrick_88,Doody2087,iter,1,0.25
Patrick_88,Doody2088,iter,1,0.25
Patrick_88,Doody2089,iter,1,0.25
Patrick_88,Doody2091,iter,1,0.25
Patrick_88,daddy2081,iter,1,0.25
Patrick_88,daddy2085,iter,1,0.25
Patrick_88,daddy2086,iter,1,0.25
Patrick_89,D22072,iter,1,0.25
Patrick_89,Doody2089,iter,1,0.25
Patrick_89,Doody2092,iter,1,0.25
Patrick_89,beebies2629,iter,1,0.25
Patrick_89,daddy2079,iter,1,0.25
Patrick_89,daddy2081,iter,1,0.25
Patrick_89,daddy2085,iter,1,0.25
Patrick_89,horsey2803,iter,1,0.25
Patrick_89,uh oh2805,iter,1,0.25
Patrick_89,water2099,iter,1,0.25
Patrick_89,water2100,iter,1,0.25
Patrick_9,baby2070,iter,1,0.25
Patrick_9,beebies2629,iter,1,0.25
Patrick_9,daddy2084,iter,1,0.25
Patrick_9,daddy2085,iter,1,0.25
Patrick_9,hello2799,iter,1,0.25
Patrick_9,quack quack2809,iter,1,0.25
Patrick_9,uh oh2807,iter,1,0.25
Patrick_9,water2099,iter,1,0.25
Patrick_90,D22073,iter,1,0.25
Patrick_90,Doody2087,iter,1,0.25
Patrick_90,Doody2091,iter,1,0.25
Patrick_90,baby2070,iter,1,0.25
Patrick_90,baby2071,iter,1,0.25
Patrick_90,daddy2083,iter,1,0.25
Patrick_90,daddy2084,iter,1,0.25
Patrick_90,horsey2803,iter,1,0.25
Patrick_90,uh oh2805,iter,1,0.25
Patrick_91,D22072,iter,1,0.25
Patrick_91,D22076,iter,1,0.25
Patrick_91,Doody2087,iter,1,0.25
Patrick_91,Doody2088,iter,1,0.25
Patrick_91,Doody2090,iter,1,0.25
Patrick_91,Doody2091,iter,1,0.25
Patrick_91,Doody2092,iter,1,0.25
Patrick_91,daddy2078,iter,1,0.25
Patrick_91,daddy2079,iter,1,0.25
Patrick_91,daddy2081,iter,1,0.25
Patrick_91,daddy2083,iter,1,0.25
Patrick_91,daddy2084,iter,1,0.25
Patrick_92,D22072,iter,1,0.25
Patrick_92,Doody2088,iter,1,0.25
Patrick_92,daddy2081,iter,1,0.25
Patrick_92,daddy2082,iter,1,0.25
Patrick_92,daddy2083,iter,1,0.25
Patrick_92,hello2799,iter,1,0.25
Patrick_92,quack quack2809,iter,1,0.25
Patrick_92,uh oh2805,iter,1,0.25
Patrick_92,uh oh2807,iter,1,0.25
Patrick_92,water2099,iter,1,0.25
Patrick_93,D22072,iter,1,0.25
Patrick_93,D22073,iter,1,0.25
Patrick_93,D22630,iter,1,0.25
Patrick_93,D22633,iter,1,0.25
Patrick_93,Doody2087,iter,1,0.25
Patrick_93,Doody2088,iter,1,0.25
Patrick_93,daddy2081,iter,1,0.25
Patrick_93,daddy2082,iter,1,0.25
Patrick_93,daddy2086,iter,1,0.25
Patrick_93,tractor2634,iter,1,0.25
Patrick_94,D22072,iter,1,0.25
Patrick_94,D22075,iter,1,0.25
Patrick_94,baby2071,iter,1,0.25
Patrick_94,daddy2077,iter,1,0.25
Patrick_94,daddy2085,iter,1,0.25
Patrick_94,daddy2086,iter,1,0.25
Patrick_94,hello2093,iter,1,0.25
Patrick_94,horsey2095,iter,1,0.25
Patrick_94,horsey2800,iter,1,0.25
Patrick_94,horsey2801,iter,1,0.25
Patrick_94,quack quack2809,iter,1,0.25
Patrick_94,uh oh2805,iter,1,0.25
Patrick_94,uh oh2806,iter,1,0.25
Patrick_94,uh oh2807,iter,1,0.25
Patrick_94,water2099,iter,1,0.25
Patrick_95,D22072,iter,1,0.25
Patrick_95,D22631,iter,1,0.25
Patrick_95,D22633,iter,1,0.25
Patrick_95,Doody2089,iter,1,0.25
Patrick_95,Doody2090,iter,1,0.25
Patrick_95,daddy2078,iter,1,0.25
Patrick_95,daddy2080,iter,1,0.25
Patrick_95,daddy2081,iter,1,0.25
Patrick_95,daddy2086,iter,1,0.25
Patrick_95,hello2799,iter,1,0.25
Patrick_95,horsey2802,iter,1,0.25
Patrick_95,quack quack2809,iter,1,0.25
Patrick_95,tractor2096,iter,1,0.25
Patrick_95,tractor2634,iter,1,0.25
Patrick_96,hello2799,iter,1,0.25
Patrick_96,water2101,iter,1,0.25
Patrick_96,water2102,iter,1,0.25
Patrick_97,baby2070,iter,1,0.25
Patrick_97,horsey2800,iter,1,0.25
Patrick_97,water2098,iter,1,0.25
Patrick_97,water2101,iter,1,0.25
Patrick_98,D22072,iter,1,0.25
Patrick_98,D22075,iter,1,0.25
Patrick_98,D22076,iter,1,0.25
Patrick_98,Doody2088,iter,1,0.25
Patrick_98,daddy2080,iter,1,0.25
Patrick_98,daddy2081,iter,1,0.25
Patrick_98,daddy2085,iter,1,0.25
Patrick_98,daddy2086,iter,1,0.25
Patrick_98,horsey2801,iter,1,0.25
Patrick_99,D22631,iter,1,0.25
Patrick_99,Doody2089,iter,1,0.25
Patrick_99,Doody2091,iter,1,0.25
Patrick_99,Doody2092,iter,1,0.25
Patrick_99,daddy2077,iter,1,0.25
Patrick_99,daddy2078,iter,1,0.25
Patrick_99,daddy2079,iter,1,0.25
Patrick_99,daddy2081,iter,1,0.25
Patrick_99,daddy2084,iter,1,0.25
Patrick_99,daddy2086,iter,1,0.25
Patrick_99,quack quack2809,iter,1,0.25
Patrick_99,tractor2634,iter,1,0.25
Patrick_99,uh oh2807,iter,1,0.25
Rachel_100,Mummy3095,iter,1,0.25
Rachel_100,Mummy3569,iter,1,0.25
Rachel_100,doggy2112,iter,1,0.25
Rachel_100,doggy2113,iter,1,0.25
Rachel_100,doggy2638,iter,1,0.25
Rachel_100,doggy2639,iter,1,0.25
Rachel_100,get you2115,iter,1,0.25
Rachel_100,hello2812,iter,1,0.25
Rachel_11,biscuits2111,iter,1,0.25
Rachel_12,Mummy2116,iter,1,0.25
Rachel_12,Mummy3095,iter,1,0.25
Rachel_12,all gone2105,iter,1,0.25
Rachel_12,baby2106,iter,1,0.25
Rachel_12,doggy2112,iter,1,0.25
Rachel_12,doggy2113,iter,1,0.25
Rachel_12,doggy2114,iter,1,0.25
Rachel_12,doggy2638,iter,1,0.25
Rachel_12,doggy2639,iter,1,0.25
Rachel_12,flowers3094,iter,1,0.25
Rachel_12,get you2115,iter,1,0.25
Rachel_12,quack quack3096,iter,1,0.25
Rachel_12,quack quack3139,iter,1,0.25
Rachel_13,Beba2110,iter,1,0.25
Rachel_13,baby2107,iter,1,0.25
Rachel_13,baby2108,iter,1,0.25
Rachel_13,doggy2638,iter,1,0.25
Rachel_14,Mummy2116,iter,1,0.25
Rachel_14,Mummy3095,iter,1,0.25
Rachel_14,all gone2105,iter,1,0.25
Rachel_14,baby2106,iter,1,0.25
Rachel_14,beep beep2637,iter,1,0.25
Rachel_14,doggy2112,iter,1,0.25
Rachel_14,doggy2113,iter,1,0.25
Rachel_14,doggy2114,iter,1,0.25
Rachel_14,doggy2638,iter,1,0.25
Rachel_14,doggy2639,iter,1,0.25
Rachel_14,flowers3094,iter,1,0.25
Rachel_14,get you2115,iter,1,0.25
Rachel_14,hello2812,iter,1,0.25
Rachel_15,Daisy1800,iter,1,0.25
Rachel_15,all gone2105,iter,1,0.25
Rachel_15,baby2108,iter,1,0.25
Rachel_15,doggy2112,iter,1,0.25
Rachel_15,doggy2113,iter,1,0.25
Rachel_15,doggy2114,iter,1,0.25
Rachel_15,get you2115,iter,1,0.25
Rachel_16,Beba2110,iter,1,0.25
Rachel_17,Beba2110,iter,1,0.25
Rachel_17,Mummy2116,iter,1,0.25
Rachel_17,baby2106,iter,1,0.25
Rachel_17,baby2107,iter,1,0.25
Rachel_17,beep beep2637,iter,1,0.25
Rachel_17,doggy2112,iter,1,0.25
Rachel_17,doggy2113,iter,1,0.25
Rachel_17,doggy2638,iter,1,0.25
Rachel_17,doggy2639,iter,1,0.25
Rachel_17,hello2812,iter,1,0.25
Rachel_17,piggy2640,iter,1,0.25
Rachel_18,Daisy1800,iter,1,0.25
Rachel_18,Mummy2116,iter,1,0.25
Rachel_18,Mummy3569,iter,1,0.25
Rachel_18,all gone2105,iter,1,0.25
Rachel_18,baby2106,iter,1,0.25
Rachel_18,baby2108,iter,1,0.25
Rachel_18,beep beep2637,iter,1,0.25
Rachel_18,doggy2112,iter,1,0.25
Rachel_18,doggy2113,iter,1,0.25
Rachel_18,flowers3094,iter,1,0.25
Rachel_18,get you2115,iter,1,0.25
Rachel_18,night night1802,iter,1,0.25
Rachel_18,quack quack3139,iter,1,0.25
Rachel_19,Mummy2116,iter,1,0.25
Rachel_19,Mummy3095,iter,1,0.25
Rachel_19,all gone2105,iter,1,0.25
Rachel_19,baby2108,iter,1,0.25
Rachel_19,doggy2114,iter,1,0.25
Rachel_19,flowers3094,iter,1,0.25
Rachel_19,get you2115,iter,1,0.25
Rachel_19,quack quack3096,iter,1,0.25
Rachel_2,Mummy2116,iter,1,0.25
Rachel_2,Mummy3095,iter,1,0.25
Rachel_2,doggy2112,iter,1,0.25
Rachel_2,doggy2639,iter,1,0.25
Rachel_2,flowers3094,iter,1,0.25
Rachel_20,Mummy2116,iter,1,0.25
Rachel_20,Mummy3095,iter,1,0.25
Rachel_20,all gone2105,iter,1,0.25
Rachel_20,doggy2112,iter,1,0.25
Rachel_20,doggy2638,iter,1,0.25
Rachel_20,get you2115,iter,1,0.25
Rachel_20,hello2812,iter,1,0.25
Rachel_20,night night1802,iter,1,0.25
Rachel_22,Beba2110,iter,1,0.25
Rachel_22,baby2106,iter,1,0.25
Rachel_22,baby2107,iter,1,0.25
Rachel_22,baby2108,iter,1,0.25
Rachel_25,Beba2110,iter,1,0.25
Rachel_25,all gone2105,iter,1,0.25
Rachel_25,baby2107,iter,1,0.25
Rachel_25,baby2108,iter,1,0.25
Rachel_25,beep beep2637,iter,1,0.25
Rachel_25,doggy2112,iter,1,0.25
Rachel_25,doggy2113,iter,1,0.25
Rachel_25,doggy2638,iter,1,0.25
Rachel_25,doggy2639,iter,1,0.25
Rachel_25,hello2812,iter,1,0.25
Rachel_25,night night1802,iter,1,0.25
Rachel_25,piggy2640,iter,1,0.25
Rachel_26,all gone2105,iter,1,0.25
Rachel_26,baby2106,iter,1,0.25
Rachel_26,baby2108,iter,1,0.25
Rachel_26,doggy2112,iter,1,0.25
Rachel_26,doggy2638,iter,1,0.25
Rachel_26,get you2115,iter,1,0.25
Rachel_26,hello2812,iter,1,0.25
Rachel_27,all gone2105,iter,1,0.25
Rachel_27,baby2106,iter,1,0.25
Rachel_27,baby2108,iter,1,0.25
Rachel_27,doggy2112,iter,1,0.25
Rachel_27,doggy2113,iter,1,0.25
Rachel_27,doggy2638,iter,1,0.25
Rachel_27,night night1802,iter,1,0.25
Rachel_27,quack quack3096,iter,1,0.25
Rachel_28,Mummy3095,iter,1,0.25
Rachel_28,all gone2105,iter,1,0.25
Rachel_28,baby2106,iter,1,0.25
Rachel_28,baby2108,iter,1,0.25
Rachel_28,beep beep2637,iter,1,0.25
Rachel_28,doggy2113,iter,1,0.25
Rachel_28,doggy2114,iter,1,0.25
Rachel_28,doggy2639,iter,1,0.25
Rachel_28,get you2115,iter,1,0.25
Rachel_28,hello2812,iter,1,0.25
Rachel_28,night night1802,iter,1,0.25
Rachel_29,Beba2110,iter,1,0.25
Rachel_29,all gone2105,iter,1,0.25
Rachel_29,baby2108,iter,1,0.25
Rachel_29,beep beep2637,iter,1,0.25
Rachel_29,doggy2113,iter,1,0.25
Rachel_29,doggy2638,iter,1,0.25
Rachel_29,doggy2639,iter,1,0.25
Rachel_29,get you2115,iter,1,0.25
Rachel_29,hello2812,iter,1,0.25
Rachel_29,piggy2640,iter,1,0.25
Rachel_3,Mummy2116,iter,1,0.25
Rachel_3,baby2107,iter,1,0.25
Rachel_3,baby2108,iter,1,0.25
Rachel_3,beep beep2637,iter,1,0.25
Rachel_3,doggy2113,iter,1,0.25
Rachel_3,doggy2638,iter,1,0.25
Rachel_3,get you2115,iter,1,0.25
Rachel_3,hello2812,iter,1,0.25
Rachel_3,piggy2640,iter,1,0.25
Rachel_30,Mummy2116,iter,1,0.25
Rachel_30,all gone2105,iter,1,0.25
Rachel_30,baby2106,iter,1,0.25
Rachel_30,baby2108,iter,1,0.25
Rachel_30,beep beep2637,iter,1,0.25
Rachel_30,doggy2112,iter,1,0.25
Rachel_30,doggy2113,iter,1,0.25
Rachel_30,doggy2114,iter,1,0.25
Rachel_30,doggy2639,iter,1,0.25
Rachel_30,night night1802,iter,1,0.25
Rachel_30,quack quack3096,iter,1,0.25
Rachel_32,Beba2110,iter,1,0.25
Rachel_32,baby2106,iter,1,0.25
Rachel_33,Mummy2116,iter,1,0.25
Rachel_33,Mummy3569,iter,1,0.25
Rachel_33,all gone2105,iter,1,0.25
Rachel_33,doggy2114,iter,1,0.25
Rachel_33,doggy2638,iter,1,0.25
Rachel_33,doggy2639,iter,1,0.25
Rachel_33,get you2115,iter,1,0.25
Rachel_33,hello2812,iter,1,0.25
Rachel_33,quack quack3139,iter,1,0.25
Rachel_34,Mummy2116,iter,1,0.25
Rachel_34,Mummy3095,iter,1,0.25
Rachel_34,all gone2105,iter,1,0.25
Rachel_34,doggy2113,iter,1,0.25
Rachel_34,doggy2639,iter,1,0.25
Rachel_34,quack quack3096,iter,1,0.25
Rachel_34,quack quack3139,iter,1,0.25
Rachel_35,Beba2109,iter,1,0.25
Rachel_35,Beba2110,iter,1,0.25
Rachel_35,all gone2105,iter,1,0.25
Rachel_35,baby2106,iter,1,0.25
Rachel_35,baby2107,iter,1,0.25
Rachel_35,baby2108,iter,1,0.25
Rachel_35,doggy2112,iter,1,0.25
Rachel_35,doggy2113,iter,1,0.25
Rachel_35,doggy2639,iter,1,0.25
Rachel_35,get you2115,iter,1,0.25
Rachel_36,Daisy1800,iter,1,0.25
Rachel_36,all gone2105,iter,1,0.25
Rachel_36,doggy2638,iter,1,0.25
Rachel_36,night night1802,iter,1,0.25
Rachel_37,Mummy2116,iter,1,0.25
Rachel_37,Mummy3095,iter,1,0.25
Rachel_37,all gone2105,iter,1,0.25
Rachel_37,doggy2639,iter,1,0.25
Rachel_37,flowers3094,iter,1,0.25
Rachel_38,Beba2109,iter,1,0.25
Rachel_38,Beba2110,iter,1,0.25
Rachel_38,Mummy2116,iter,1,0.25
Rachel_38,all gone2105,iter,1,0.25
Rachel_38,baby2106,iter,1,0.25
Rachel_38,baby2107,iter,1,0.25
Rachel_38,beep beep2637,iter,1,0.25
Rachel_38,doggy2112,iter,1,0.25
Rachel_38,doggy2113,iter,1,0.25
Rachel_38,doggy2639,iter,1,0.25
Rachel_38,get you2115,iter,1,0.25
Rachel_38,piggy2640,iter,1,0.25
Rachel_39,Mummy3095,iter,1,0.25
Rachel_39,all gone2105,iter,1,0.25
Rachel_39,baby2106,iter,1,0.25
Rachel_39,doggy2113,iter,1,0.25
Rachel_39,doggy2639,iter,1,0.25
Rachel_39,flowers3094,iter,1,0.25
Rachel_39,hello2812,iter,1,0.25
Rachel_39,night night1802,iter,1,0.25
Rachel_39,quack quack3096,iter,1,0.25
Rachel_39,quack quack3139,iter,1,0.25
Rachel_4,Mummy2116,iter,1,0.25
Rachel_4,all gone2105,iter,1,0.25
Rachel_4,baby2106,iter,1,0.25
Rachel_4,baby2108,iter,1,0.25
Rachel_4,beep beep2637,iter,1,0.25
Rachel_4,doggy2112,iter,1,0.25
Rachel_4,get you2115,iter,1,0.25
Rachel_4,night night1802,iter,1,0.25
Rachel_4,quack quack3096,iter,1,0.25
Rachel_40,Daisy1800,iter,1,0.25
Rachel_40,Mummy3569,iter,1,0.25
Rachel_40,all gone2105,iter,1,0.25
Rachel_40,baby2108,iter,1,0.25
Rachel_40,beep beep2637,iter,1,0.25
Rachel_40,doggy2112,iter,1,0.25
Rachel_40,doggy2113,iter,1,0.25
Rachel_40,doggy2114,iter,1,0.25
Rachel_40,doggy2639,iter,1,0.25
Rachel_40,flowers3094,iter,1,0.25
Rachel_40,get you2115,iter,1,0.25
Rachel_40,hello2812,iter,1,0.25
Rachel_40,night night1802,iter,1,0.25
Rachel_40,quack quack3096,iter,1,0.25
Rachel_40,quack quack3139,iter,1,0.25
Rachel_41,Mummy2116,iter,1,0.25
Rachel_41,Mummy3569,iter,1,0.25
Rachel_41,all gone2105,iter,1,0.25
Rachel_41,doggy2112,iter,1,0.25
Rachel_41,doggy2113,iter,1,0.25
Rachel_41,doggy2114,iter,1,0.25
Rachel_41,doggy2638,iter,1,0.25
Rachel_41,get you2115,iter,1,0.25
Rachel_41,quack quack3096,iter,1,0.25
Rachel_41,quack quack3139,iter,1,0.25
Rachel_42,Beba2109,iter,1,0.25
Rachel_42,baby2106,iter,1,0.25
Rachel_42,baby2108,iter,1,0.25
Rachel_43,Daisy1800,iter,1,0.25
Rachel_43,Mummy2116,iter,1,0.25
Rachel_43,all gone2105,iter,1,0.25
Rachel_43,baby2106,iter,1,0.25
Rachel_43,baby2108,iter,1,0.25
Rachel_43,doggy2638,iter,1,0.25
Rachel_43,doggy2639,iter,1,0.25
Rachel_43,get you2115,iter,1,0.25
Rachel_43,hello2812,iter,1,0.25
Rachel_44,biscuits2111,iter,1,0.25
Rachel_45,Daisy1800,iter,1,0.25
Rachel_45,Mummy3095,iter,1,0.25
Rachel_45,Mummy3569,iter,1,0.25
Rachel_45,all gone2105,iter,1,0.25
Rachel_45,baby2106,iter,1,0.25
Rachel_45,beep beep2637,iter,1,0.25
Rachel_45,doggy2112,iter,1,0.25
Rachel_45,doggy2113,iter,1,0.25
Rachel_45,doggy2114,iter,1,0.25
Rachel_45,flowers3094,iter,1,0.25
Rachel_45,get you2115,iter,1,0.25
Rachel_45,hello2812,iter,1,0.25
Rachel_46,apple2636,iter,1,0.25
Rachel_46,baby2106,iter,1,0.25
Rachel_46,baby2107,iter,1,0.25
Rachel_46,baby2108,iter,1,0.25
Rachel_48,Mummy2116,iter,1,0.25
Rachel_48,all gone2105,iter,1,0.25
Rachel_48,doggy2112,iter,1,0.25
Rachel_48,doggy2113,iter,1,0.25
Rachel_48,doggy2114,iter,1,0.25
Rachel_48,doggy2639,iter,1,0.25
Rachel_48,flowers3094,iter,1,0.25
Rachel_48,get you2115,iter,1,0.25
Rachel_48,quack quack3139,iter,1,0.25
Rachel_49,Beba2109,iter,1,0.25
Rachel_49,Beba2110,iter,1,0.25
Rachel_49,Mummy2116,iter,1,0.25
Rachel_49,all gone2105,iter,1,0.25
Rachel_49,baby2106,iter,1,0.25
Rachel_49,baby2107,iter,1,0.25
Rachel_49,baby2108,iter,1,0.25
Rachel_49,beep beep2637,iter,1,0.25
Rachel_49,doggy2112,iter,1,0.25
Rachel_49,doggy2113,iter,1,0.25
Rachel_49,doggy2638,iter,1,0.25
Rachel_49,get you2115,iter,1,0.25
Rachel_49,hello2812,iter,1,0.25
Rachel_49,night night1802,iter,1,0.25
Rachel_50,baby2108,iter,1,0.25
Rachel_50,beep beep2637,iter,1,0.25
Rachel_51,Beba2109,iter,1,0.25
Rachel_51,Beba2110,iter,1,0.25
Rachel_51,baby2106,iter,1,0.25
Rachel_51,baby2108,iter,1,0.25
Rachel_51,piggy2640,iter,1,0.25
Rachel_52,Beba2109,iter,1,0.25
Rachel_52,Mummy2116,iter,1,0.25
Rachel_52,baby2106,iter,1,0.25
Rachel_52,baby2108,iter,1,0.25
Rachel_52,beep beep2637,iter,1,0.25
Rachel_52,doggy2112,iter,1,0.25
Rachel_52,hello2812,iter,1,0.25
Rachel_52,night night1802,iter,1,0.25
Rachel_52,piggy2640,iter,1,0.25
Rachel_53,Mummy2116,iter,1,0.25
Rachel_53,Mummy3095,iter,1,0.25
Rachel_53,all gone2105,iter,1,0.25
Rachel_53,doggy2112,iter,1,0.25
Rachel_53,doggy2113,iter,1,0.25
Rachel_53,quack quack3096,iter,1,0.25
Rachel_54,Daisy1800,iter,1,0.25
Rachel_54,Mummy3095,iter,1,0.25
Rachel_54,Mummy3569,iter,1,0.25
Rachel_54,all gone2105,iter,1,0.25
Rachel_54,beep beep2637,iter,1,0.25
Rachel_54,doggy2112,iter,1,0.25
Rachel_54,doggy2114,iter,1,0.25
Rachel_54,doggy2638,iter,1,0.25
Rachel_54,doggy2639,iter,1,0.25
Rachel_54,get you2115,iter,1,0.25
Rachel_54,hello2812,iter,1,0.25
Rachel_54,quack quack3096,iter,1,0.25
Rachel_54,quack quack3139,iter,1,0.25
Rachel_55,doggy2112,iter,1,0.25
Rachel_55,doggy2113,iter,1,0.25
Rachel_55,night night1802,iter,1,0.25
Rachel_56,Mummy2116,iter,1,0.25
Rachel_56,Mummy3095,iter,1,0.25
Rachel_56,all gone2105,iter,1,0.25
Rachel_56,baby2106,iter,1,0.25
Rachel_56,baby2108,iter,1,0.25
Rachel_56,beep beep2637,iter,1,0.25
Rachel_56,doggy2113,iter,1,0.25
Rachel_56,doggy2114,iter,1,0.25
Rachel_56,doggy2639,iter,1,0.25
Rachel_56,hello2812,iter,1,0.25
Rachel_56,quack quack3096,iter,1,0.25
Rachel_57,Daisy1800,iter,1,0.25
Rachel_57,Mummy2116,iter,1,0.25
Rachel_57,Mummy3569,iter,1,0.25
Rachel_57,baby2106,iter,1,0.25
Rachel_57,baby2108,iter,1,0.25
Rachel_57,doggy2113,iter,1,0.25
Rachel_57,doggy2638,iter,1,0.25
Rachel_57,flowers3094,iter,1,0.25
Rachel_57,get you2115,iter,1,0.25
Rachel_57,night night1802,iter,1,0.25
Rachel_57,quack quack3139,iter,1,0.25
Rachel_59,Mummy2116,iter,1,0.25
Rachel_59,all gone2105,iter,1,0.25
Rachel_59,doggy2114,iter,1,0.25
Rachel_59,doggy2638,iter,1,0.25
Rachel_59,doggy2639,iter,1,0.25
Rachel_59,flowers3094,iter,1,0.25
Rachel_59,get you2115,iter,1,0.25
Rachel_59,hello2812,iter,1,0.25
Rachel_59,quack quack3096,iter,1,0.25
Rachel_59,quack quack3139,iter,1,0.25
Rachel_6,Mummy2116,iter,1,0.25
Rachel_6,Mummy3095,iter,1,0.25
Rachel_6,all gone2105,iter,1,0.25
Rachel_6,baby2106,iter,1,0.25
Rachel_6,beep beep2637,iter,1,0.25
Rachel_6,doggy2112,iter,1,0.25
Rachel_6,doggy2114,iter,1,0.25
Rachel_6,doggy2638,iter,1,0.25
Rachel_6,doggy2639,iter,1,0.25
Rachel_6,flowers3094,iter,1,0.25
Rachel_6,hello2812,iter,1,0.25
Rachel_6,night night1802,iter,1,0.25
Rachel_6,quack quack3096,iter,1,0.25
Rachel_60,Beba2109,iter,1,0.25
Rachel_60,Beba2110,iter,1,0.25
Rachel_60,Mummy2116,iter,1,0.25
Rachel_60,all gone2105,iter,1,0.25
Rachel_60,baby2106,iter,1,0.25
Rachel_60,doggy2112,iter,1,0.25
Rachel_60,doggy2638,iter,1,0.25
Rachel_60,doggy2639,iter,1,0.25
Rachel_60,get you2115,iter,1,0.25
Rachel_60,hello2812,iter,1,0.25
Rachel_60,night night1802,iter,1,0.25
Rachel_60,piggy2640,iter,1,0.25
Rachel_61,Beba2109,iter,1,0.25
Rachel_61,piggy2640,iter,1,0.25
Rachel_62,Beba2110,iter,1,0.25
Rachel_62,baby2107,iter,1,0.25
Rachel_62,baby2108,iter,1,0.25
Rachel_62,beep beep2637,iter,1,0.25
Rachel_62,doggy2638,iter,1,0.25
Rachel_65,baby2107,iter,1,0.25
Rachel_65,baby2108,iter,1,0.25
Rachel_66,Beba2110,iter,1,0.25
Rachel_66,baby2106,iter,1,0.25
Rachel_66,baby2107,iter,1,0.25
Rachel_66,baby2108,iter,1,0.25
Rachel_66,doggy2638,iter,1,0.25
Rachel_67,Mummy3095,iter,1,0.25
Rachel_67,Mummy3569,iter,1,0.25
Rachel_67,all gone2105,iter,1,0.25
Rachel_67,doggy2112,iter,1,0.25
Rachel_67,doggy2113,iter,1,0.25
Rachel_67,flowers3094,iter,1,0.25
Rachel_67,get you2115,iter,1,0.25
Rachel_67,quack quack3096,iter,1,0.25
Rachel_68,Mummy2116,iter,1,0.25
Rachel_68,Mummy3095,iter,1,0.25
Rachel_68,Mummy3569,iter,1,0.25
Rachel_68,all gone2105,iter,1,0.25
Rachel_68,baby2106,iter,1,0.25
Rachel_68,baby2108,iter,1,0.25
Rachel_68,doggy2112,iter,1,0.25
Rachel_68,doggy2113,iter,1,0.25
Rachel_68,doggy2114,iter,1,0.25
Rachel_68,doggy2638,iter,1,0.25
Rachel_68,doggy2639,iter,1,0.25
Rachel_68,flowers3094,iter,1,0.25
Rachel_68,get you2115,iter,1,0.25
Rachel_68,quack quack3139,iter,1,0.25
Rachel_69,Beba2110,iter,1,0.25
Rachel_69,Mummy2116,iter,1,0.25
Rachel_69,all gone2105,iter,1,0.25
Rachel_69,baby2107,iter,1,0.25
Rachel_69,beep beep2637,iter,1,0.25
Rachel_69,doggy2112,iter,1,0.25
Rachel_69,doggy2113,iter,1,0.25
Rachel_69,doggy2639,iter,1,0.25
Rachel_69,get you2115,iter,1,0.25
Rachel_69,piggy2640,iter,1,0.25
Rachel_7,Mummy3095,iter,1,0.25
Rachel_7,all gone2105,iter,1,0.25
Rachel_7,beep beep2637,iter,1,0.25
Rachel_7,doggy2112,iter,1,0.25
Rachel_7,doggy2114,iter,1,0.25
Rachel_7,doggy2638,iter,1,0.25
Rachel_7,doggy2639,iter,1,0.25
Rachel_7,get you2115,iter,1,0.25
Rachel_7,hello2812,iter,1,0.25
Rachel_7,quack quack3096,iter,1,0.25
Rachel_70,Beba2109,iter,1,0.25
Rachel_70,Beba2110,iter,1,0.25
Rachel_70,all gone2105,iter,1,0.25
Rachel_70,baby2107,iter,1,0.25
Rachel_70,beep beep2637,iter,1,0.25
Rachel_70,doggy2113,iter,1,0.25
Rachel_70,doggy2638,iter,1,0.25
Rachel_70,get you2115,iter,1,0.25
Rachel_70,night night1802,iter,1,0.25
Rachel_71,Mummy3095,iter,1,0.25
Rachel_71,doggy2112,iter,1,0.25
Rachel_71,doggy2113,iter,1,0.25
Rachel_71,doggy2639,iter,1,0.25
Rachel_71,quack quack3096,iter,1,0.25
Rachel_72,baby2108,iter,1,0.25
Rachel_74,Mummy2116,iter,1,0.25
Rachel_74,Mummy3095,iter,1,0.25
Rachel_74,all gone2105,iter,1,0.25
Rachel_74,doggy2114,iter,1,0.25
Rachel_74,doggy2638,iter,1,0.25
Rachel_74,doggy2639,iter,1,0.25
Rachel_74,get you2115,iter,1,0.25
Rachel_74,quack quack3096,iter,1,0.25
Rachel_75,all gone2105,iter,1,0.25
Rachel_75,doggy2112,iter,1,0.25
Rachel_75,doggy2638,iter,1,0.25
Rachel_75,night night1802,iter,1,0.25
Rachel_76,Mummy3095,iter,1,0.25
Rachel_76,all gone2105,iter,1,0.25
Rachel_76,doggy2113,iter,1,0.25
Rachel_76,doggy2638,iter,1,0.25
Rachel_76,get you2115,iter,1,0.25
Rachel_76,quack quack3096,iter,1,0.25
Rachel_77,Mummy2116,iter,1,0.25
Rachel_77,Mummy3095,iter,1,0.25
Rachel_77,doggy2113,iter,1,0.25
Rachel_77,flowers3094,iter,1,0.25
Rachel_77,hello2812,iter,1,0.25
Rachel_77,quack quack3139,iter,1,0.25
Rachel_78,Mummy3095,iter,1,0.25
Rachel_78,all gone2105,iter,1,0.25
Rachel_78,doggy2113,iter,1,0.25
Rachel_78,quack quack3096,iter,1,0.25
Rachel_79,Beba2110,iter,1,0.25
Rachel_79,baby2107,iter,1,0.25
Rachel_79,baby2108,iter,1,0.25
Rachel_79,doggy2638,iter,1,0.25
Rachel_79,piggy2640,iter,1,0.25
Rachel_8,Mummy2116,iter,1,0.25
Rachel_8,Mummy3095,iter,1,0.25
Rachel_8,all gone2105,iter,1,0.25
Rachel_8,baby2108,iter,1,0.25
Rachel_8,doggy2112,iter,1,0.25
Rachel_8,doggy2113,iter,1,0.25
Rachel_8,doggy2639,iter,1,0.25
Rachel_8,get you2115,iter,1,0.25
Rachel_8,night night1802,iter,1,0.25
Rachel_8,quack quack3096,iter,1,0.25
Rachel_80,Daisy1800,iter,1,0.25
Rachel_80,Mummy2116,iter,1,0.25
Rachel_80,Mummy3095,iter,1,0.25
Rachel_80,Mummy3569,iter,1,0.25
Rachel_80,all gone2105,iter,1,0.25
Rachel_80,baby2108,iter,1,0.25
Rachel_80,doggy2112,iter,1,0.25
Rachel_80,doggy2113,iter,1,0.25
Rachel_80,doggy2114,iter,1,0.25
Rachel_80,doggy2638,iter,1,0.25
Rachel_80,doggy2639,iter,1,0.25
Rachel_80,hello2812,iter,1,0.25
Rachel_80,night night1802,iter,1,0.25
Rachel_80,quack quack3096,iter,1,0.25
Rachel_80,quack quack3139,iter,1,0.25
Rachel_81,Daisy1800,iter,1,0.25
Rachel_81,Mummy2116,iter,1,0.25
Rachel_81,Mummy3569,iter,1,0.25
Rachel_81,all gone2105,iter,1,0.25
Rachel_81,baby2108,iter,1,0.25
Rachel_81,doggy2112,iter,1,0.25
Rachel_81,doggy2113,iter,1,0.25
Rachel_81,doggy2114,iter,1,0.25
Rachel_81,doggy2638,iter,1,0.25
Rachel_81,doggy2639,iter,1,0.25
Rachel_81,flowers3094,iter,1,0.25
Rachel_81,hello2812,iter,1,0.25
Rachel_81,quack quack3096,iter,1,0.25
Rachel_82,Daisy1800,iter,1,0.25
Rachel_82,Mummy3095,iter,1,0.25
Rachel_82,all gone2105,iter,1,0.25
Rachel_82,baby2106,iter,1,0.25
Rachel_82,baby2108,iter,1,0.25
Rachel_82,beep beep2637,iter,1,0.25
Rachel_82,doggy2112,iter,1,0.25
Rachel_82,doggy2114,iter,1,0.25
Rachel_82,doggy2638,iter,1,0.25
Rachel_82,flowers3094,iter,1,0.25
Rachel_82,get you2115,iter,1,0.25
Rachel_82,hello2812,iter,1,0.25
Rachel_82,quack quack3139,iter,1,0.25
Rachel_83,baby2106,iter,1,0.25
Rachel_83,beep beep2637,iter,1,0.25
Rachel_83,doggy2112,iter,1,0.25
Rachel_83,doggy2113,iter,1,0.25
Rachel_83,doggy2638,iter,1,0.25
Rachel_83,doggy2639,iter,1,0.25
Rachel_83,hello2812,iter,1,0.25
Rachel_83,quack quack3096,iter,1,0.25
Rachel_84,all gone2105,iter,1,0.25
Rachel_84,doggy2112,iter,1,0.25
Rachel_84,night night1802,iter,1,0.25
Rachel_86,Mummy2116,iter,1,0.25
Rachel_86,Mummy3095,iter,1,0.25
Rachel_86,beep beep2637,iter,1,0.25
Rachel_86,doggy2112,iter,1,0.25
Rachel_86,doggy2114,iter,1,0.25
Rachel_86,doggy2638,iter,1,0.25
Rachel_86,doggy2639,iter,1,0.25
Rachel_86,flowers3094,iter,1,0.25
Rachel_86,get you2115,iter,1,0.25
Rachel_86,hello2812,iter,1,0.25
Rachel_86,quack quack3096,iter,1,0.25
Rachel_86,quack quack3139,iter,1,0.25
Rachel_87,Mummy2116,iter,1,0.25
Rachel_87,all gone2105,iter,1,0.25
Rachel_87,baby2106,iter,1,0.25
Rachel_87,baby2107,iter,1,0.25
Rachel_87,beep beep2637,iter,1,0.25
Rachel_87,doggy2113,iter,1,0.25
Rachel_87,doggy2638,iter,1,0.25
Rachel_87,doggy2639,iter,1,0.25
Rachel_87,get you2115,iter,1,0.25
Rachel_87,piggy2640,iter,1,0.25
Rachel_88,biscuits2111,iter,1,0.25
Rachel_88,biscuits3579,iter,1,0.25
Rachel_89,Daisy1800,iter,1,0.25
Rachel_89,Mummy3095,iter,1,0.25
Rachel_89,Mummy3569,iter,1,0.25
Rachel_89,baby2106,iter,1,0.25
Rachel_89,baby2108,iter,1,0.25
Rachel_89,doggy2113,iter,1,0.25
Rachel_89,doggy2114,iter,1,0.25
Rachel_89,doggy2638,iter,1,0.25
Rachel_89,flowers3094,iter,1,0.25
Rachel_89,get you2115,iter,1,0.25
Rachel_89,night night1802,iter,1,0.25
Rachel_89,quack quack3096,iter,1,0.25
Rachel_89,quack quack3139,iter,1,0.25
Rachel_9,Mummy2116,iter,1,0.25
Rachel_9,Mummy3569,iter,1,0.25
Rachel_9,all gone2105,iter,1,0.25
Rachel_9,baby2108,iter,1,0.25
Rachel_9,beep beep2637,iter,1,0.25
Rachel_9,doggy2113,iter,1,0.25
Rachel_9,doggy2114,iter,1,0.25
Rachel_9,doggy2638,iter,1,0.25
Rachel_9,doggy2639,iter,1,0.25
Rachel_9,flowers3094,iter,1,0.25
Rachel_9,get you2115,iter,1,0.25
Rachel_9,hello2812,iter,1,0.25
Rachel_9,quack quack3139,iter,1,0.25
Rachel_90,biscuits3579,iter,1,0.25
Rachel_91,Mummy3095,iter,1,0.25
Rachel_91,baby2106,iter,1,0.25
Rachel_91,baby2108,iter,1,0.25
Rachel_91,doggy2112,iter,1,0.25
Rachel_91,doggy2114,iter,1,0.25
Rachel_91,doggy2639,iter,1,0.25
Rachel_91,get you2115,iter,1,0.25
Rachel_91,hello2812,iter,1,0.25
Rachel_91,quack quack3096,iter,1,0.25
Rachel_91,quack quack3139,iter,1,0.25
Rachel_92,Mummy2116,iter,1,0.25
Rachel_92,Mummy3095,iter,1,0.25
Rachel_92,baby2106,iter,1,0.25
Rachel_92,baby2108,iter,1,0.25
Rachel_92,doggy2112,iter,1,0.25
Rachel_92,doggy2113,iter,1,0.25
Rachel_92,doggy2114,iter,1,0.25
Rachel_92,doggy2639,iter,1,0.25
Rachel_92,get you2115,iter,1,0.25
Rachel_92,night night1802,iter,1,0.25
Rachel_92,quack quack3096,iter,1,0.25
Rachel_92,quack quack3139,iter,1,0.25
Rachel_95,baby2106,iter,1,0.25
Rachel_95,baby2107,iter,1,0.25
Rachel_95,baby2108,iter,1,0.25
Rachel_95,beep beep2637,iter,1,0.25
Rachel_96,Daisy1800,iter,1,0.25
Rachel_96,Mummy2116,iter,1,0.25
Rachel_96,Mummy3095,iter,1,0.25
Rachel_96,Mummy3569,iter,1,0.25
Rachel_96,all gone2105,iter,1,0.25
Rachel_96,baby2106,iter,1,0.25
Rachel_96,doggy2112,iter,1,0.25
Rachel_96,doggy2639,iter,1,0.25
Rachel_96,flowers3094,iter,1,0.25
Rachel_96,get you2115,iter,1,0.25
Rachel_96,night night1802,iter,1,0.25
Rachel_96,quack quack3096,iter,1,0.25
Rachel_97,Daisy1800,iter,1,0.25
Rachel_97,Mummy3095,iter,1,0.25
Rachel_97,all gone2105,iter,1,0.25
Rachel_97,baby2106,iter,1,0.25
Rachel_97,baby2108,iter,1,0.25
Rachel_97,doggy2638,iter,1,0.25
Rachel_97,flowers3094,iter,1,0.25
Rachel_97,hello2812,iter,1,0.25
Rachel_97,night night1802,iter,1,0.25
Rachel_97,quack quack3096,iter,1,0.25
Rachel_97,quack quack3139,iter,1,0.25
Rachel_98,baby2108,iter,1,0.25
Rachel_98,doggy2112,iter,1,0.25
Rachel_98,doggy2113,iter,1,0.25
Rachel_98,doggy2114,iter,1,0.25
Rachel_98,doggy2638,iter,1,0.25
Rachel_98,doggy2639,iter,1,0.25
Rachel_98,get you2115,iter,1,0.25
Rachel_98,hello2812,iter,1,0.25
Rachel_98,night night1802,iter,1,0.25
Rachel_98,quack quack3139,iter,1,0.25
Rachel_99,Mummy2116,iter,1,0.25
Rachel_99,all gone2105,iter,1,0.25
Rachel_99,baby2106,iter,1,0.25
Rachel_99,baby2108,iter,1,0.25
Rachel_99,doggy2112,iter,1,0.25
Rachel_99,doggy2113,iter,1,0.25
Rachel_99,doggy2638,iter,1,0.25
Rachel_99,doggy2639,iter,1,0.25
Rachel_99,hello2812,iter,1,0.25
Rachel_99,piggy2640,iter,1,0.25
Radia_1,BOTTLE2393,iter,1,0.25
Radia_1,ayee!2699,iter,1,0.25
Radia_1,daalu3372,iter,1,0.25
Radia_1,dadi2401,iter,1,0.25
Radia_1,dhakan2391,iter,1,0.25
Radia_1,kapra2406,iter,1,0.25
Radia_1,"kha lo,kha lun2408",iter,1,0.25
Radia_1,nahin1893,iter,1,0.25
Radia_1,nino BT2404,iter,1,0.25
Radia_1,nino BT2405,iter,1,0.25
Radia_1,oho!2952,iter,1,0.25
Radia_1,sona3373,iter,1,0.25
Radia_1,theek hai2409,iter,1,0.25
Radia_1,vava BT2400,iter,1,0.25
Radia_10,BASKET2403,iter,1,0.25
Radia_10,BOTTLE2392,iter,1,0.25
Radia_10,PILLOW2397,iter,1,0.25
Radia_10,gir gaya2407,iter,1,0.25
Radia_10,kapra2406,iter,1,0.25
Radia_10,"kha lo,kha lun2408",iter,1,0.25
Radia_10,khana2394,iter,1,0.25
Radia_10,nino BT2404,iter,1,0.25
Radia_10,nino BT2405,iter,1,0.25
Radia_10,oho!2952,iter,1,0.25
Radia_10,vava BT2399,iter,1,0.25
Radia_10,vava BT2400,iter,1,0.25
Radia_100,BOTTLE2392,iter,1,0.25
Radia_100,BOTTLE2393,iter,1,0.25
Radia_100,ayee!2699,iter,1,0.25
Radia_100,daalu3372,iter,1,0.25
Radia_100,dadi2401,iter,1,0.25
Radia_100,dadi2402,iter,1,0.25
Radia_100,dhakan2391,iter,1,0.25
Radia_100,khana2394,iter,1,0.25
Radia_100,nahin1893,iter,1,0.25
Radia_100,nino BT2404,iter,1,0.25
Radia_100,sona2411,iter,1,0.25
Radia_100,sona3373,iter,1,0.25
Radia_100,theek hai2409,iter,1,0.25
Radia_100,toba3370,iter,1,0.25
Radia_100,vava BT2399,iter,1,0.25
Radia_100,vava BT2400,iter,1,0.25
Radia_11,BASKET2403,iter,1,0.25
Radia_11,BOTTLE2392,iter,1,0.25
Radia_11,dadi2401,iter,1,0.25
Radia_11,dadi2402,iter,1,0.25
Radia_11,vava BT2400,iter,1,0.25
Radia_12,MAMA3368,iter,1,0.25
Radia_13,BASKET2403,iter,1,0.25
Radia_13,acha2953,iter,1,0.25
Radia_13,davayee1894,iter,1,0.25
Radia_13,dhakan2391,iter,1,0.25
Radia_13,kapra2406,iter,1,0.25
Radia_13,"kha lo,kha lun2408",iter,1,0.25
Radia_13,khana2394,iter,1,0.25
Radia_13,nino BT2404,iter,1,0.25
Radia_13,oho!2952,iter,1,0.25
Radia_13,vava BT2399,iter,1,0.25
Radia_13,vava BT2400,iter,1,0.25
Radia_14,Allah3561,iter,1,0.25
Radia_14,BOTTLE2392,iter,1,0.25
Radia_14,PILLOW2397,iter,1,0.25
Radia_14,acha2953,iter,1,0.25
Radia_14,ayee!2699,iter,1,0.25
Radia_14,dadi2401,iter,1,0.25
Radia_14,dadi2402,iter,1,0.25
Radia_14,davayee1894,iter,1,0.25
Radia_14,ganda2398,iter,1,0.25
Radia_14,kapra2406,iter,1,0.25
Radia_14,khana2394,iter,1,0.25
Radia_14,nahin1893,iter,1,0.25
Radia_14,nino BT2405,iter,1,0.25
Radia_14,oho!2952,iter,1,0.25
Radia_14,sona2411,iter,1,0.25
Radia_14,vava BT2399,iter,1,0.25
Radia_14,vava BT2400,iter,1,0.25
Radia_15,BOTTLE2392,iter,1,0.25
Radia_15,ayee!2699,iter,1,0.25
Radia_15,daalu3372,iter,1,0.25
Radia_15,dadi2401,iter,1,0.25
Radia_15,davayee1894,iter,1,0.25
Radia_15,khana2394,iter,1,0.25
Radia_15,nahin1893,iter,1,0.25
Radia_15,nino BT2404,iter,1,0.25
Radia_15,nino BT2405,iter,1,0.25
Radia_15,oho!2952,iter,1,0.25
Radia_15,sona2411,iter,1,0.25
Radia_16,PILLOW3371,iter,1,0.25
Radia_16,acha2953,iter,1,0.25
Radia_16,ayee!2699,iter,1,0.25
Radia_16,chalo3367,iter,1,0.25
Radia_16,dadi2401,iter,1,0.25
Radia_16,kapra2406,iter,1,0.25
Radia_16,khana2394,iter,1,0.25
Radia_16,nahin1893,iter,1,0.25
Radia_16,oho!2952,iter,1,0.25
Radia_16,sona2410,iter,1,0.25
Radia_16,sona3373,iter,1,0.25
Radia_16,theek hai2409,iter,1,0.25
Radia_16,vava BT2399,iter,1,0.25
Radia_16,vava BT2400,iter,1,0.25
Radia_17,PILLOW2397,iter,1,0.25
Radia_17,acha2953,iter,1,0.25
Radia_17,daalu3372,iter,1,0.25
Radia_17,"kha lo,kha lun2408",iter,1,0.25
Radia_17,nino BT2404,iter,1,0.25
Radia_17,oho!2952,iter,1,0.25
Radia_17,sona2410,iter,1,0.25
Radia_17,sona2411,iter,1,0.25
Radia_17,sona3373,iter,1,0.25
Radia_17,theek hai2409,iter,1,0.25
Radia_18,BOTTLE2392,iter,1,0.25
Radia_18,PILLOW2397,iter,1,0.25
Radia_18,ayee!2699,iter,1,0.25
Radia_18,dadi2401,iter,1,0.25
Radia_18,dadi2402,iter,1,0.25
Radia_18,davayee1894,iter,1,0.25
Radia_18,ganda2398,iter,1,0.25
Radia_18,gir gaya2407,iter,1,0.25
Radia_18,"kha lo,kha lun2408",iter,1,0.25
Radia_18,khana2394,iter,1,0.25
Radia_18,nahin1893,iter,1,0.25
Radia_18,sona2410,iter,1,0.25
Radia_18,theek hai2409,iter,1,0.25
Radia_18,vava BT2400,iter,1,0.25
Radia_19,BOTTLE2392,iter,1,0.25
Radia_19,PILLOW2397,iter,1,0.25
Radia_19,acha2953,iter,1,0.25
Radia_19,dadi2401,iter,1,0.25
Radia_19,gir gaya2407,iter,1,0.25
Radia_19,kapra2406,iter,1,0.25
Radia_19,"kha lo,kha lun2408",iter,1,0.25
Radia_19,nahin1893,iter,1,0.25
Radia_19,nino BT2404,iter,1,0.25
Radia_19,nino BT2405,iter,1,0.25
Radia_19,oho!2952,iter,1,0.25
Radia_19,theek hai2409,iter,1,0.25
Radia_19,vava BT2399,iter,1,0.25
Radia_2,PILLOW2397,iter,1,0.25
Radia_2,PILLOW3371,iter,1,0.25
Radia_2,acha2953,iter,1,0.25
Radia_2,ayee!2699,iter,1,0.25
Radia_2,daalu3372,iter,1,0.25
Radia_2,davayee1894,iter,1,0.25
Radia_2,kapra2406,iter,1,0.25
Radia_2,khana2394,iter,1,0.25
Radia_2,nahin1893,iter,1,0.25
Radia_2,nino BT2404,iter,1,0.25
Radia_2,oho!2952,iter,1,0.25
Radia_2,sona2410,iter,1,0.25
Radia_2,sona2411,iter,1,0.25
Radia_20,Allah3561,iter,1,0.25
Radia_20,PILLOW2397,iter,1,0.25
Radia_20,acha2953,iter,1,0.25
Radia_20,ayee!2699,iter,1,0.25
Radia_20,dadi2401,iter,1,0.25
Radia_20,davayee1894,iter,1,0.25
Radia_20,dhakan2391,iter,1,0.25
Radia_20,ganda2398,iter,1,0.25
Radia_20,gir gaya2407,iter,1,0.25
Radia_20,kapra2406,iter,1,0.25
Radia_20,"kha lo,kha lun2408",iter,1,0.25
Radia_20,khana2394,iter,1,0.25
Radia_20,nahin1893,iter,1,0.25
Radia_20,nino BT2404,iter,1,0.25
Radia_20,sona2411,iter,1,0.25
Radia_20,vava BT2399,iter,1,0.25
Radia_20,vava BT2400,iter,1,0.25
Radia_21,acha2953,iter,1,0.25
Radia_21,dadi2401,iter,1,0.25
Radia_21,dadi2402,iter,1,0.25
Radia_21,dhakan2391,iter,1,0.25
Radia_21,machar2396,iter,1,0.25
Radia_21,vava BT2399,iter,1,0.25
Radia_21,vava BT2400,iter,1,0.25
Radia_22,BASKET2403,iter,1,0.25
Radia_22,acha2953,iter,1,0.25
Radia_22,dadi2401,iter,1,0.25
Radia_22,machar2395,iter,1,0.25
Radia_22,vava BT2399,iter,1,0.25
Radia_23,Allah3561,iter,1,0.25
Radia_23,BOTTLE2392,iter,1,0.25
Radia_23,dadi2401,iter,1,0.25
Radia_23,davayee1894,iter,1,0.25
Radia_23,ganda2398,iter,1,0.25
Radia_23,khana2394,iter,1,0.25
Radia_23,nahin1893,iter,1,0.25
Radia_23,nino BT2404,iter,1,0.25
Radia_23,oho!2952,iter,1,0.25
Radia_23,sona2410,iter,1,0.25
Radia_23,sona2411,iter,1,0.25
Radia_24,Allah3561,iter,1,0.25
Radia_24,BOTTLE2392,iter,1,0.25
Radia_24,MAMA3368,iter,1,0.25
Radia_24,PILLOW2397,iter,1,0.25
Radia_24,acha2953,iter,1,0.25
Radia_24,ayee!2699,iter,1,0.25
Radia_24,dadi2401,iter,1,0.25
Radia_24,davayee1894,iter,1,0.25
Radia_24,gir gaya2407,iter,1,0.25
Radia_24,nahin1893,iter,1,0.25
Radia_24,nino BT2405,iter,1,0.25
Radia_24,oho!2952,iter,1,0.25
Radia_24,sona2410,iter,1,0.25
Radia_24,sona2411,iter,1,0.25
Radia_24,vava BT2400,iter,1,0.25
Radia_25,BOTTLE2392,iter,1,0.25
Radia_25,PILLOW2397,iter,1,0.25
Radia_25,ayee!2699,iter,1,0.25
Radia_25,chalo3367,iter,1,0.25
Radia_25,daalu3372,iter,1,0.25
Radia_25,dadi2401,iter,1,0.25
Radia_25,dadi2402,iter,1,0.25
Radia_25,ganda2398,iter,1,0.25
Radia_25,kapra2406,iter,1,0.25
Radia_25,"kha lo,kha lun2408",iter,1,0.25
Radia_25,nino BT2404,iter,1,0.25
Radia_25,nino BT2405,iter,1,0.25
Radia_25,oho!2952,iter,1,0.25
Radia_25,sona2411,iter,1,0.25
Radia_25,sona3373,iter,1,0.25
Radia_25,theek hai2409,iter,1,0.25
Radia_26,BOTTLE2392,iter,1,0.25
Radia_26,PILLOW2397,iter,1,0.25
Radia_26,gir gaya2407,iter,1,0.25
Radia_26,kapra2406,iter,1,0.25
Radia_26,khana2394,iter,1,0.25
Radia_26,nino BT2404,iter,1,0.25
Radia_26,nino BT2405,iter,1,0.25
Radia_26,oho!2952,iter,1,0.25
Radia_26,sona2410,iter,1,0.25
Radia_26,theek hai2409,iter,1,0.25
Radia_26,vava BT2399,iter,1,0.25
Radia_26,vava BT2400,iter,1,0.25
Radia_28,PILLOW2397,iter,1,0.25
Radia_28,ayee!2699,iter,1,0.25
Radia_28,ganda2398,iter,1,0.25
Radia_28,gir gaya2407,iter,1,0.25
Radia_28,khana2394,iter,1,0.25
Radia_28,nino BT2404,iter,1,0.25
Radia_28,oho!2952,iter,1,0.25
Radia_28,sona2410,iter,1,0.25
Radia_28,sona2411,iter,1,0.25
Radia_28,theek hai2409,iter,1,0.25
Radia_29,PILLOW2397,iter,1,0.25
Radia_29,chalo3367,iter,1,0.25
Radia_29,dadi2401,iter,1,0.25
Radia_29,dadi2402,iter,1,0.25
Radia_29,davayee1894,iter,1,0.25
Radia_29,kapra2406,iter,1,0.25
Radia_29,"kha lo,kha lun2408",iter,1,0.25
Radia_29,nino BT2404,iter,1,0.25
Radia_29,sona2410,iter,1,0.25
Radia_29,sona2411,iter,1,0.25
Radia_3,BASKET2403,iter,1,0.25
Radia_3,BOTTLE2393,iter,1,0.25
Radia_3,PILLOW2397,iter,1,0.25
Radia_3,acha2953,iter,1,0.25
Radia_3,ayee!2699,iter,1,0.25
Radia_3,davayee1894,iter,1,0.25
Radia_3,dhakan2391,iter,1,0.25
Radia_3,gir gaya2407,iter,1,0.25
Radia_3,kapra2406,iter,1,0.25
Radia_3,"kha lo,kha lun2408",iter,1,0.25
Radia_3,khana2394,iter,1,0.25
Radia_3,nahin1893,iter,1,0.25
Radia_3,nino BT2404,iter,1,0.25
Radia_3,sona2410,iter,1,0.25
Radia_3,theek hai2409,iter,1,0.25
Radia_3,vava BT2400,iter,1,0.25
Radia_30,dhakan2391,iter,1,0.25
Radia_30,theek hai2409,iter,1,0.25
Radia_31,BASKET2403,iter,1,0.25
Radia_31,BOTTLE2393,iter,1,0.25
Radia_31,acha2953,iter,1,0.25
Radia_32,BOTTLE2392,iter,1,0.25
Radia_32,BOTTLE2393,iter,1,0.25
Radia_32,PILLOW2397,iter,1,0.25
Radia_32,acha2953,iter,1,0.25
Radia_32,dadi2401,iter,1,0.25
Radia_32,dadi2402,iter,1,0.25
Radia_32,dhakan2391,iter,1,0.25
Radia_32,khana2394,iter,1,0.25
Radia_32,nahin1893,iter,1,0.25
Radia_32,nino BT2405,iter,1,0.25
Radia_32,oho!2952,iter,1,0.25
Radia_32,sona2411,iter,1,0.25
Radia_32,theek hai2409,iter,1,0.25
Radia_32,vava BT2399,iter,1,0.25
Radia_32,vava BT2400,iter,1,0.25
Radia_33,BOTTLE2392,iter,1,0.25
Radia_33,PILLOW3371,iter,1,0.25
Radia_33,acha2953,iter,1,0.25
Radia_33,ayee!2699,iter,1,0.25
Radia_33,chalo3367,iter,1,0.25
Radia_33,daalu3372,iter,1,0.25
Radia_33,davayee1894,iter,1,0.25
Radia_33,kapra2406,iter,1,0.25
Radia_33,nino BT2405,iter,1,0.25
Radia_33,oho!2952,iter,1,0.25
Radia_33,sona2410,iter,1,0.25
Radia_33,sona2411,iter,1,0.25
Radia_33,sona3373,iter,1,0.25
Radia_33,theek hai2409,iter,1,0.25
Radia_34,Allah3561,iter,1,0.25
Radia_34,PILLOW3371,iter,1,0.25
Radia_34,acha2953,iter,1,0.25
Radia_34,ayee!2699,iter,1,0.25
Radia_34,chalo3367,iter,1,0.25
Radia_34,dadi2402,iter,1,0.25
Radia_34,davayee1894,iter,1,0.25
Radia_34,kapra2406,iter,1,0.25
Radia_34,khana2394,iter,1,0.25
Radia_34,nino BT2404,iter,1,0.25
Radia_34,nino BT2405,iter,1,0.25
Radia_34,oho!2952,iter,1,0.25
Radia_34,sona2410,iter,1,0.25
Radia_34,sona2411,iter,1,0.25
Radia_34,theek hai2409,iter,1,0.25
Radia_34,vava BT2400,iter,1,0.25
Radia_35,PILLOW2397,iter,1,0.25
Radia_35,PILLOW3371,iter,1,0.25
Radia_35,dadi2401,iter,1,0.25
Radia_35,dadi2402,iter,1,0.25
Radia_35,kapra2406,iter,1,0.25
Radia_35,"kha lo,kha lun2408",iter,1,0.25
Radia_35,nahin1893,iter,1,0.25
Radia_35,nino BT2405,iter,1,0.25
Radia_35,sona2410,iter,1,0.25
Radia_35,sona2411,iter,1,0.25
Radia_36,BOTTLE2392,iter,1,0.25
Radia_36,acha2953,iter,1,0.25
Radia_36,ayee!2699,iter,1,0.25
Radia_36,dadi2402,iter,1,0.25
Radia_36,davayee1894,iter,1,0.25
Radia_36,ganda2398,iter,1,0.25
Radia_36,"kha lo,kha lun2408",iter,1,0.25
Radia_36,khana2394,iter,1,0.25
Radia_36,nahin1893,iter,1,0.25
Radia_36,nino BT2404,iter,1,0.25
Radia_36,sona2410,iter,1,0.25
Radia_36,sona2411,iter,1,0.25
Radia_36,theek hai2409,iter,1,0.25
Radia_36,vava BT2399,iter,1,0.25
Radia_36,vava BT2400,iter,1,0.25
Radia_37,Allah3561,iter,1,0.25
Radia_37,MAMA3368,iter,1,0.25
Radia_37,PILLOW2397,iter,1,0.25
Radia_37,ayee!2699,iter,1,0.25
Radia_37,dadi2401,iter,1,0.25
Radia_37,dadi2402,iter,1,0.25
Radia_37,"kha lo,kha lun2408",iter,1,0.25
Radia_37,oho!2952,iter,1,0.25
Radia_37,theek hai2409,iter,1,0.25
Radia_37,vava BT2399,iter,1,0.25
Radia_38,MAMA3369,iter,1,0.25
Radia_38,gir gaya2407,iter,1,0.25
Radia_39,BOTTLE2393,iter,1,0.25
Radia_39,machar2396,iter,1,0.25
Radia_4,MAMA3368,iter,1,0.25
Radia_40,BASKET2403,iter,1,0.25
Radia_40,BOTTLE2393,iter,1,0.25
Radia_40,acha2953,iter,1,0.25
Radia_40,dadi2401,iter,1,0.25
Radia_41,PILLOW2397,iter,1,0.25
Radia_41,kapra2406,iter,1,0.25
Radia_41,sona3373,iter,1,0.25
Radia_42,Allah3561,iter,1,0.25
Radia_42,BOTTLE2392,iter,1,0.25
Radia_42,PILLOW2397,iter,1,0.25
Radia_42,chalo3367,iter,1,0.25
Radia_42,daalu3372,iter,1,0.25
Radia_42,kapra2406,iter,1,0.25
Radia_42,"kha lo,kha lun2408",iter,1,0.25
Radia_42,sona2410,iter,1,0.25
Radia_43,BOTTLE2393,iter,1,0.25
Radia_43,acha2953,iter,1,0.25
Radia_43,dadi2401,iter,1,0.25
Radia_43,davayee1894,iter,1,0.25
Radia_43,kapra2406,iter,1,0.25
Radia_43,"kha lo,kha lun2408",iter,1,0.25
Radia_43,khana2394,iter,1,0.25
Radia_43,nino BT2405,iter,1,0.25
Radia_43,sona2410,iter,1,0.25
Radia_43,sona2411,iter,1,0.25
Radia_43,toba3370,iter,1,0.25
Radia_43,vava BT2399,iter,1,0.25
Radia_43,vava BT2400,iter,1,0.25
Radia_44,BOTTLE2392,iter,1,0.25
Radia_44,theek hai2409,iter,1,0.25
Radia_45,BASKET2403,iter,1,0.25
Radia_45,BOTTLE2392,iter,1,0.25
Radia_45,BOTTLE2393,iter,1,0.25
Radia_45,acha2953,iter,1,0.25
Radia_45,dadi2401,iter,1,0.25
Radia_45,dadi2402,iter,1,0.25
Radia_45,dhakan2391,iter,1,0.25
Radia_45,machar2395,iter,1,0.25
Radia_45,machar2396,iter,1,0.25
Radia_45,vava BT2400,iter,1,0.25
Radia_46,BOTTLE2392,iter,1,0.25
Radia_46,PILLOW3371,iter,1,0.25
Radia_46,daalu3372,iter,1,0.25
Radia_46,kapra2406,iter,1,0.25
Radia_46,"kha lo,kha lun2408",iter,1,0.25
Radia_46,khana2394,iter,1,0.25
Radia_46,sona2410,iter,1,0.25
Radia_46,sona3373,iter,1,0.25
Radia_47,dadi2401,iter,1,0.25
Radia_47,davayee1894,iter,1,0.25
Radia_47,vava BT2399,iter,1,0.25
Radia_48,BASKET2403,iter,1,0.25
Radia_48,BOTTLE2393,iter,1,0.25
Radia_48,dadi2401,iter,1,0.25
Radia_48,dadi2402,iter,1,0.25
Radia_48,davayee1894,iter,1,0.25
Radia_48,theek hai2409,iter,1,0.25
Radia_49,BOTTLE2393,iter,1,0.25
Radia_49,dadi2402,iter,1,0.25
Radia_49,dhakan2391,iter,1,0.25
Radia_49,machar2395,iter,1,0.25
Radia_49,machar2396,iter,1,0.25
Radia_5,BOTTLE2393,iter,1,0.25
Radia_5,machar2396,iter,1,0.25
Radia_50,BASKET2403,iter,1,0.25
Radia_50,BOTTLE2393,iter,1,0.25
Radia_50,PILLOW3371,iter,1,0.25
Radia_50,acha2953,iter,1,0.25
Radia_50,dadi2402,iter,1,0.25
Radia_50,gir gaya2407,iter,1,0.25
Radia_50,kapra2406,iter,1,0.25
Radia_50,"kha lo,kha lun2408",iter,1,0.25
Radia_50,nahin1893,iter,1,0.25
Radia_50,sona2410,iter,1,0.25
Radia_50,sona2411,iter,1,0.25
Radia_50,vava BT2399,iter,1,0.25
Radia_50,vava BT2400,iter,1,0.25
Radia_51,BOTTLE2392,iter,1,0.25
Radia_51,MAMA3368,iter,1,0.25
Radia_51,PILLOW2397,iter,1,0.25
Radia_51,ayee!2699,iter,1,0.25
Radia_51,dadi2402,iter,1,0.25
Radia_51,ganda2398,iter,1,0.25
Radia_51,gir gaya2407,iter,1,0.25
Radia_51,kapra2406,iter,1,0.25
Radia_51,"kha lo,kha lun2408",iter,1,0.25
Radia_51,khana2394,iter,1,0.25
Radia_51,nahin1893,iter,1,0.25
Radia_51,theek hai2409,iter,1,0.25
Radia_51,vava BT2400,iter,1,0.25
Radia_52,dadi2401,iter,1,0.25
Radia_52,dadi2402,iter,1,0.25
Radia_52,vava BT2399,iter,1,0.25
Radia_52,vava BT2400,iter,1,0.25
Radia_53,BOTTLE2393,iter,1,0.25
Radia_53,acha2953,iter,1,0.25
Radia_54,BASKET2403,iter,1,0.25
Radia_54,BOTTLE2393,iter,1,0.25
Radia_54,acha2953,iter,1,0.25
Radia_54,dhakan2391,iter,1,0.25
Radia_55,Allah3561,iter,1,0.25
Radia_55,acha2953,iter,1,0.25
Radia_55,ayee!2699,iter,1,0.25
Radia_55,gir gaya2407,iter,1,0.25
Radia_55,nino BT2404,iter,1,0.25
Radia_55,oho!2952,iter,1,0.25
Radia_55,sona2410,iter,1,0.25
Radia_55,sona2411,iter,1,0.25
Radia_56,PILLOW3371,iter,1,0.25
Radia_56,acha2953,iter,1,0.25
Radia_56,ayee!2699,iter,1,0.25
Radia_56,daalu3372,iter,1,0.25
Radia_56,dadi2401,iter,1,0.25
Radia_56,dadi2402,iter,1,0.25
Radia_56,davayee1894,iter,1,0.25
Radia_56,gir gaya2407,iter,1,0.25
Radia_56,kapra2406,iter,1,0.25
Radia_56,"kha lo,kha lun2408",iter,1,0.25
Radia_56,khana2394,iter,1,0.25
Radia_56,nino BT2404,iter,1,0.25
Radia_56,nino BT2405,iter,1,0.25
Radia_56,oho!2952,iter,1,0.25
Radia_56,sona2410,iter,1,0.25
Radia_56,vava BT2399,iter,1,0.25
Radia_57,BOTTLE2392,iter,1,0.25
Radia_57,ayee!2699,iter,1,0.25
Radia_57,daalu3372,iter,1,0.25
Radia_57,dadi2401,iter,1,0.25
Radia_57,dadi2402,iter,1,0.25
Radia_57,"kha lo,kha lun2408",iter,1,0.25
Radia_57,khana2394,iter,1,0.25
Radia_57,nahin1893,iter,1,0.25
Radia_57,nino BT2405,iter,1,0.25
Radia_57,sona3373,iter,1,0.25
Radia_57,vava BT2399,iter,1,0.25
Radia_57,vava BT2400,iter,1,0.25
Radia_59,BOTTLE2392,iter,1,0.25
Radia_59,BOTTLE2393,iter,1,0.25
Radia_59,dhakan2391,iter,1,0.25
Radia_59,theek hai2409,iter,1,0.25
Radia_6,ayee!2699,iter,1,0.25
Radia_6,daalu3372,iter,1,0.25
Radia_6,kapra2406,iter,1,0.25
Radia_6,nino BT2404,iter,1,0.25
Radia_6,nino BT2405,iter,1,0.25
Radia_6,oho!2952,iter,1,0.25
Radia_6,sona2411,iter,1,0.25
Radia_6,theek hai2409,iter,1,0.25
Radia_60,BOTTLE2392,iter,1,0.25
Radia_60,PILLOW2397,iter,1,0.25
Radia_60,PILLOW3371,iter,1,0.25
Radia_60,ayee!2699,iter,1,0.25
Radia_60,dadi2401,iter,1,0.25
Radia_60,gir gaya2407,iter,1,0.25
Radia_60,kapra2406,iter,1,0.25
Radia_60,nahin1893,iter,1,0.25
Radia_60,nino BT2404,iter,1,0.25
Radia_60,oho!2952,iter,1,0.25
Radia_60,sona2410,iter,1,0.25
Radia_60,sona2411,iter,1,0.25
Radia_60,theek hai2409,iter,1,0.25
Radia_61,Allah3561,iter,1,0.25
Radia_61,PILLOW2397,iter,1,0.25
Radia_61,acha2953,iter,1,0.25
Radia_61,chalo3367,iter,1,0.25
Radia_61,daalu3372,iter,1,0.25
Radia_61,ganda2398,iter,1,0.25
Radia_61,kapra2406,iter,1,0.25
Radia_61,nino BT2404,iter,1,0.25
Radia_61,nino BT2405,iter,1,0.25
Radia_61,oho!2952,iter,1,0.25
Radia_61,sona2410,iter,1,0.25
Radia_61,theek hai2409,iter,1,0.25
Radia_62,BOTTLE2392,iter,1,0.25
Radia_62,ayee!2699,iter,1,0.25
Radia_62,dadi2402,iter,1,0.25
Radia_62,gir gaya2407,iter,1,0.25
Radia_62,kapra2406,iter,1,0.25
Radia_62,"kha lo,kha lun2408",iter,1,0.25
Radia_62,khana2394,iter,1,0.25
Radia_62,nino BT2405,iter,1,0.25
Radia_62,sona2410,iter,1,0.25
Radia_62,sona2411,iter,1,0.25
Radia_62,theek hai2409,iter,1,0.25
Radia_62,toba3370,iter,1,0.25
Radia_63,BOTTLE2392,iter,1,0.25
Radia_63,PILLOW2397,iter,1,0.25
Radia_63,acha2953,iter,1,0.25
Radia_63,chalo3367,iter,1,0.25
Radia_63,daalu3372,iter,1,0.25
Radia_63,dadi2402,iter,1,0.25
Radia_63,ganda2398,iter,1,0.25
Radia_63,kapra2406,iter,1,0.25
Radia_63,"kha lo,kha lun2408",iter,1,0.25
Radia_63,khana2394,iter,1,0.25
Radia_63,nahin1893,iter,1,0.25
Radia_63,nino BT2405,iter,1,0.25
Radia_63,oho!2952,iter,1,0.25
Radia_63,sona2410,iter,1,0.25
Radia_63,sona2411,iter,1,0.25
Radia_63,vava BT2399,iter,1,0.25
Radia_63,vava BT2400,iter,1,0.25
Radia_64,BOTTLE2392,iter,1,0.25
Radia_64,BOTTLE2393,iter,1,0.25
Radia_64,PILLOW2397,iter,1,0.25
Radia_64,dadi2402,iter,1,0.25
Radia_64,davayee1894,iter,1,0.25
Radia_64,gir gaya2407,iter,1,0.25
Radia_64,kapra2406,iter,1,0.25
Radia_64,khana2394,iter,1,0.25
Radia_64,nahin1893,iter,1,0.25
Radia_64,oho!2952,iter,1,0.25
Radia_64,sona2410,iter,1,0.25
Radia_64,theek hai2409,iter,1,0.25
Radia_64,toba3370,iter,1,0.25
Radia_64,vava BT2399,iter,1,0.25
Radia_65,BOTTLE2392,iter,1,0.25
Radia_65,PILLOW2397,iter,1,0.25
Radia_65,acha2953,iter,1,0.25
Radia_65,ayee!2699,iter,1,0.25
Radia_65,daalu3372,iter,1,0.25
Radia_65,dadi2402,iter,1,0.25
Radia_65,kapra2406,iter,1,0.25
Radia_65,"kha lo,kha lun2408",iter,1,0.25
Radia_65,khana2394,iter,1,0.25
Radia_65,nahin1893,iter,1,0.25
Radia_65,nino BT2404,iter,1,0.25
Radia_65,sona2410,iter,1,0.25
Radia_65,sona2411,iter,1,0.25
Radia_65,theek hai2409,iter,1,0.25
Radia_65,vava BT2399,iter,1,0.25
Radia_66,BOTTLE2392,iter,1,0.25
Radia_66,PILLOW2397,iter,1,0.25
Radia_66,PILLOW3371,iter,1,0.25
Radia_66,daalu3372,iter,1,0.25
Radia_66,kapra2406,iter,1,0.25
Radia_66,sona2410,iter,1,0.25
Radia_66,sona2411,iter,1,0.25
Radia_66,sona3373,iter,1,0.25
Radia_67,MAMA3368,iter,1,0.25
Radia_67,MAMA3369,iter,1,0.25
Radia_68,chalo3367,iter,1,0.25
Radia_68,dadi2402,iter,1,0.25
Radia_68,davayee1894,iter,1,0.25
Radia_68,"kha lo,kha lun2408",iter,1,0.25
Radia_68,khana2394,iter,1,0.25
Radia_68,nahin1893,iter,1,0.25
Radia_68,nino BT2405,iter,1,0.25
Radia_68,sona2411,iter,1,0.25
Radia_69,ayee!2699,iter,1,0.25
Radia_69,gir gaya2407,iter,1,0.25
Radia_7,BOTTLE2392,iter,1,0.25
Radia_7,PILLOW2397,iter,1,0.25
Radia_7,"kha lo,kha lun2408",iter,1,0.25
Radia_7,sona3373,iter,1,0.25
Radia_70,Allah3561,iter,1,0.25
Radia_70,PILLOW2397,iter,1,0.25
Radia_70,PILLOW3371,iter,1,0.25
Radia_70,acha2953,iter,1,0.25
Radia_70,gir gaya2407,iter,1,0.25
Radia_70,kapra2406,iter,1,0.25
Radia_70,nino BT2404,iter,1,0.25
Radia_70,nino BT2405,iter,1,0.25
Radia_70,oho!2952,iter,1,0.25
Radia_70,sona2410,iter,1,0.25
Radia_70,theek hai2409,iter,1,0.25
Radia_71,BOTTLE2393,iter,1,0.25
Radia_71,davayee1894,iter,1,0.25
Radia_71,dhakan2391,iter,1,0.25
Radia_71,gir gaya2407,iter,1,0.25
Radia_71,kapra2406,iter,1,0.25
Radia_71,"kha lo,kha lun2408",iter,1,0.25
Radia_71,khana2394,iter,1,0.25
Radia_71,nahin1893,iter,1,0.25
Radia_71,nino BT2405,iter,1,0.25
Radia_71,oho!2952,iter,1,0.25
Radia_71,sona2411,iter,1,0.25
Radia_71,theek hai2409,iter,1,0.25
Radia_71,toba3370,iter,1,0.25
Radia_71,vava BT2399,iter,1,0.25
Radia_72,MAMA3369,iter,1,0.25
Radia_72,ayee!2699,iter,1,0.25
Radia_72,gir gaya2407,iter,1,0.25
Radia_74,Allah3561,iter,1,0.25
Radia_74,MAMA3368,iter,1,0.25
Radia_74,PILLOW2397,iter,1,0.25
Radia_74,ayee!2699,iter,1,0.25
Radia_74,ganda2398,iter,1,0.25
Radia_74,gir gaya2407,iter,1,0.25
Radia_74,"kha lo,kha lun2408",iter,1,0.25
Radia_74,nahin1893,iter,1,0.25
Radia_74,nino BT2404,iter,1,0.25
Radia_74,oho!2952,iter,1,0.25
Radia_74,sona2410,iter,1,0.25
Radia_74,sona2411,iter,1,0.25
Radia_74,theek hai2409,iter,1,0.25
Radia_74,vava BT2400,iter,1,0.25
Radia_76,BOTTLE2393,iter,1,0.25
Radia_76,davayee1894,iter,1,0.25
Radia_76,kapra2406,iter,1,0.25
Radia_76,khana2394,iter,1,0.25
Radia_76,nahin1893,iter,1,0.25
Radia_76,nino BT2404,iter,1,0.25
Radia_76,sona2410,iter,1,0.25
Radia_76,sona2411,iter,1,0.25
Radia_76,theek hai2409,iter,1,0.25
Radia_76,toba3370,iter,1,0.25
Radia_76,vava BT2399,iter,1,0.25
Radia_77,BASKET2403,iter,1,0.25
Radia_77,BOTTLE2392,iter,1,0.25
Radia_77,PILLOW2397,iter,1,0.25
Radia_77,acha2953,iter,1,0.25
Radia_77,dadi2401,iter,1,0.25
Radia_77,dadi2402,iter,1,0.25
Radia_77,ganda2398,iter,1,0.25
Radia_77,gir gaya2407,iter,1,0.25
Radia_77,"kha lo,kha lun2408",iter,1,0.25
Radia_77,nino BT2404,iter,1,0.25
Radia_77,nino BT2405,iter,1,0.25
Radia_77,oho!2952,iter,1,0.25
Radia_77,sona2410,iter,1,0.25
Radia_77,sona2411,iter,1,0.25
Radia_77,theek hai2409,iter,1,0.25
Radia_77,vava BT2400,iter,1,0.25
Radia_78,Allah3561,iter,1,0.25
Radia_78,BOTTLE2392,iter,1,0.25
Radia_78,PILLOW2397,iter,1,0.25
Radia_78,PILLOW3371,iter,1,0.25
Radia_78,chalo3367,iter,1,0.25
Radia_78,dadi2402,iter,1,0.25
Radia_78,kapra2406,iter,1,0.25
Radia_78,"kha lo,kha lun2408",iter,1,0.25
Radia_78,khana2394,iter,1,0.25
Radia_78,nino BT2404,iter,1,0.25
Radia_78,nino BT2405,iter,1,0.25
Radia_78,oho!2952,iter,1,0.25
Radia_78,sona3373,iter,1,0.25
Radia_78,vava BT2399,iter,1,0.25
Radia_78,vava BT2400,iter,1,0.25
Radia_79,BOTTLE2393,iter,1,0.25
Radia_79,PILLOW2397,iter,1,0.25
Radia_79,ayee!2699,iter,1,0.25
Radia_79,dadi2402,iter,1,0.25
Radia_79,davayee1894,iter,1,0.25
Radia_79,gir gaya2407,iter,1,0.25
Radia_79,kapra2406,iter,1,0.25
Radia_79,"kha lo,kha lun2408",iter,1,0.25
Radia_79,nahin1893,iter,1,0.25
Radia_79,nino BT2405,iter,1,0.25
Radia_79,sona2411,iter,1,0.25
Radia_79,theek hai2409,iter,1,0.25
Radia_79,vava BT2399,iter,1,0.25
Radia_79,vava BT2400,iter,1,0.25
Radia_8,PILLOW3371,iter,1,0.25
Radia_8,acha2953,iter,1,0.25
Radia_8,ayee!2699,iter,1,0.25
Radia_8,daalu3372,iter,1,0.25
Radia_8,dadi2401,iter,1,0.25
Radia_8,ganda2398,iter,1,0.25
Radia_8,gir gaya2407,iter,1,0.25
Radia_8,kapra2406,iter,1,0.25
Radia_8,khana2394,iter,1,0.25
Radia_8,nahin1893,iter,1,0.25
Radia_8,nino BT2404,iter,1,0.25
Radia_8,nino BT2405,iter,1,0.25
Radia_8,sona2411,iter,1,0.25
Radia_8,sona3373,iter,1,0.25
Radia_8,vava BT2400,iter,1,0.25
Radia_80,PILLOW2397,iter,1,0.25
Radia_80,acha2953,iter,1,0.25
Radia_80,ayee!2699,iter,1,0.25
Radia_80,daalu3372,iter,1,0.25
Radia_80,dadi2402,iter,1,0.25
Radia_80,ganda2398,iter,1,0.25
Radia_80,kapra2406,iter,1,0.25
Radia_80,khana2394,iter,1,0.25
Radia_80,nino BT2405,iter,1,0.25
Radia_80,oho!2952,iter,1,0.25
Radia_80,sona2410,iter,1,0.25
Radia_80,sona2411,iter,1,0.25
Radia_80,theek hai2409,iter,1,0.25
Radia_80,vava BT2400,iter,1,0.25
Radia_81,acha2953,iter,1,0.25
Radia_81,dadi2401,iter,1,0.25
Radia_81,dadi2402,iter,1,0.25
Radia_81,davayee1894,iter,1,0.25
Radia_81,dhakan2391,iter,1,0.25
Radia_81,gir gaya2407,iter,1,0.25
Radia_81,"kha lo,kha lun2408",iter,1,0.25
Radia_81,nahin1893,iter,1,0.25
Radia_81,nino BT2404,iter,1,0.25
Radia_81,oho!2952,iter,1,0.25
Radia_81,sona2411,iter,1,0.25
Radia_81,sona3373,iter,1,0.25
Radia_81,theek hai2409,iter,1,0.25
Radia_81,toba3370,iter,1,0.25
Radia_81,vava BT2399,iter,1,0.25
Radia_82,Allah3561,iter,1,0.25
Radia_82,PILLOW2397,iter,1,0.25
Radia_82,PILLOW3371,iter,1,0.25
Radia_82,acha2953,iter,1,0.25
Radia_82,ayee!2699,iter,1,0.25
Radia_82,chalo3367,iter,1,0.25
Radia_82,gir gaya2407,iter,1,0.25
Radia_82,kapra2406,iter,1,0.25
Radia_82,"kha lo,kha lun2408",iter,1,0.25
Radia_82,oho!2952,iter,1,0.25
Radia_82,sona2411,iter,1,0.25
Radia_82,sona3373,iter,1,0.25
Radia_82,theek hai2409,iter,1,0.25
Radia_83,Allah3561,iter,1,0.25
Radia_83,PILLOW2397,iter,1,0.25
Radia_83,ayee!2699,iter,1,0.25
Radia_83,chalo3367,iter,1,0.25
Radia_83,daalu3372,iter,1,0.25
Radia_83,dadi2402,iter,1,0.25
Radia_83,davayee1894,iter,1,0.25
Radia_83,ganda2398,iter,1,0.25
Radia_83,gir gaya2407,iter,1,0.25
Radia_83,nahin1893,iter,1,0.25
Radia_83,sona2410,iter,1,0.25
Radia_83,sona3373,iter,1,0.25
Radia_83,vava BT2399,iter,1,0.25
Radia_83,vava BT2400,iter,1,0.25
Radia_84,PILLOW2397,iter,1,0.25
Radia_84,PILLOW3371,iter,1,0.25
Radia_84,acha2953,iter,1,0.25
Radia_84,chalo3367,iter,1,0.25
Radia_84,dadi2401,iter,1,0.25
Radia_84,dadi2402,iter,1,0.25
Radia_84,ganda2398,iter,1,0.25
Radia_84,kapra2406,iter,1,0.25
Radia_84,khana2394,iter,1,0.25
Radia_84,nahin1893,iter,1,0.25
Radia_84,oho!2952,iter,1,0.25
Radia_84,sona2410,iter,1,0.25
Radia_84,sona2411,iter,1,0.25
Radia_84,theek hai2409,iter,1,0.25
Radia_84,vava BT2399,iter,1,0.25
Radia_84,vava BT2400,iter,1,0.25
Radia_85,MAMA3369,iter,1,0.25
Radia_85,gir gaya2407,iter,1,0.25
Radia_86,PILLOW2397,iter,1,0.25
Radia_86,acha2953,iter,1,0.25
Radia_86,ayee!2699,iter,1,0.25
Radia_86,chalo3367,iter,1,0.25
Radia_86,daalu3372,iter,1,0.25
Radia_86,ganda2398,iter,1,0.25
Radia_86,kapra2406,iter,1,0.25
Radia_86,"kha lo,kha lun2408",iter,1,0.25
Radia_86,nino BT2405,iter,1,0.25
Radia_86,oho!2952,iter,1,0.25
Radia_86,sona2410,iter,1,0.25
Radia_86,sona2411,iter,1,0.25
Radia_86,sona3373,iter,1,0.25
Radia_87,BOTTLE2392,iter,1,0.25
Radia_87,PILLOW2397,iter,1,0.25
Radia_87,acha2953,iter,1,0.25
Radia_87,ayee!2699,iter,1,0.25
Radia_87,davayee1894,iter,1,0.25
Radia_87,kapra2406,iter,1,0.25
Radia_87,khana2394,iter,1,0.25
Radia_87,nahin1893,iter,1,0.25
Radia_87,nino BT2405,iter,1,0.25
Radia_87,oho!2952,iter,1,0.25
Radia_87,sona2411,iter,1,0.25
Radia_87,theek hai2409,iter,1,0.25
Radia_87,vava BT2399,iter,1,0.25
Radia_87,vava BT2400,iter,1,0.25
Radia_88,acha2953,iter,1,0.25
Radia_88,ayee!2699,iter,1,0.25
Radia_88,dadi2401,iter,1,0.25
Radia_88,davayee1894,iter,1,0.25
Radia_88,gir gaya2407,iter,1,0.25
Radia_88,khana2394,iter,1,0.25
Radia_88,nahin1893,iter,1,0.25
Radia_88,nino BT2404,iter,1,0.25
Radia_88,nino BT2405,iter,1,0.25
Radia_88,oho!2952,iter,1,0.25
Radia_88,sona3373,iter,1,0.25
Radia_88,theek hai2409,iter,1,0.25
Radia_88,toba3370,iter,1,0.25
Radia_89,BOTTLE2392,iter,1,0.25
Radia_89,PILLOW2397,iter,1,0.25
Radia_89,acha2953,iter,1,0.25
Radia_89,ayee!2699,iter,1,0.25
Radia_89,dadi2401,iter,1,0.25
Radia_89,dadi2402,iter,1,0.25
Radia_89,davayee1894,iter,1,0.25
Radia_89,ganda2398,iter,1,0.25
Radia_89,gir gaya2407,iter,1,0.25
Radia_89,kapra2406,iter,1,0.25
Radia_89,"kha lo,kha lun2408",iter,1,0.25
Radia_89,nino BT2404,iter,1,0.25
Radia_89,oho!2952,iter,1,0.25
Radia_89,sona2410,iter,1,0.25
Radia_89,theek hai2409,iter,1,0.25
Radia_89,vava BT2399,iter,1,0.25
Radia_9,BASKET2403,iter,1,0.25
Radia_9,acha2953,iter,1,0.25
Radia_9,dadi2401,iter,1,0.25
Radia_9,davayee1894,iter,1,0.25
Radia_9,dhakan2391,iter,1,0.25
Radia_9,theek hai2409,iter,1,0.25
Radia_90,Allah3561,iter,1,0.25
Radia_90,BOTTLE2392,iter,1,0.25
Radia_90,acha2953,iter,1,0.25
Radia_90,ayee!2699,iter,1,0.25
Radia_90,dadi2401,iter,1,0.25
Radia_90,dadi2402,iter,1,0.25
Radia_90,ganda2398,iter,1,0.25
Radia_90,gir gaya2407,iter,1,0.25
Radia_90,"kha lo,kha lun2408",iter,1,0.25
Radia_90,sona2410,iter,1,0.25
Radia_90,theek hai2409,iter,1,0.25
Radia_90,vava BT2399,iter,1,0.25
Radia_90,vava BT2400,iter,1,0.25
Radia_91,Allah3561,iter,1,0.25
Radia_91,PILLOW2397,iter,1,0.25
Radia_91,PILLOW3371,iter,1,0.25
Radia_91,acha2953,iter,1,0.25
Radia_91,ayee!2699,iter,1,0.25
Radia_91,daalu3372,iter,1,0.25
Radia_91,davayee1894,iter,1,0.25
Radia_91,ganda2398,iter,1,0.25
Radia_91,gir gaya2407,iter,1,0.25
Radia_91,kapra2406,iter,1,0.25
Radia_91,"kha lo,kha lun2408",iter,1,0.25
Radia_91,nino BT2405,iter,1,0.25
Radia_91,oho!2952,iter,1,0.25
Radia_91,sona2410,iter,1,0.25
Radia_91,theek hai2409,iter,1,0.25
Radia_91,vava BT2399,iter,1,0.25
Radia_92,BOTTLE2392,iter,1,0.25
Radia_92,PILLOW3371,iter,1,0.25
Radia_92,ayee!2699,iter,1,0.25
Radia_92,daalu3372,iter,1,0.25
Radia_92,davayee1894,iter,1,0.25
Radia_92,"kha lo,kha lun2408",iter,1,0.25
Radia_92,nino BT2404,iter,1,0.25
Radia_92,nino BT2405,iter,1,0.25
Radia_92,sona3373,iter,1,0.25
Radia_92,theek hai2409,iter,1,0.25
Radia_92,vava BT2399,iter,1,0.25
Radia_92,vava BT2400,iter,1,0.25
Radia_93,PILLOW2397,iter,1,0.25
Radia_93,chalo3367,iter,1,0.25
Radia_93,kapra2406,iter,1,0.25
Radia_93,sona2411,iter,1,0.25
Radia_93,sona3373,iter,1,0.25
Radia_95,Allah3561,iter,1,0.25
Radia_95,ayee!2699,iter,1,0.25
Radia_95,dadi2402,iter,1,0.25
Radia_95,davayee1894,iter,1,0.25
Radia_95,ganda2398,iter,1,0.25
Radia_95,gir gaya2407,iter,1,0.25
Radia_95,kapra2406,iter,1,0.25
Radia_95,"kha lo,kha lun2408",iter,1,0.25
Radia_95,nahin1893,iter,1,0.25
Radia_95,oho!2952,iter,1,0.25
Radia_95,sona2411,iter,1,0.25
Radia_95,theek hai2409,iter,1,0.25
Radia_95,vava BT2399,iter,1,0.25
Radia_96,BOTTLE2392,iter,1,0.25
Radia_96,PILLOW2397,iter,1,0.25
Radia_96,ayee!2699,iter,1,0.25
Radia_96,dadi2401,iter,1,0.25
Radia_96,dadi2402,iter,1,0.25
Radia_96,davayee1894,iter,1,0.25
Radia_96,kapra2406,iter,1,0.25
Radia_96,"kha lo,kha lun2408",iter,1,0.25
Radia_96,nahin1893,iter,1,0.25
Radia_96,nino BT2405,iter,1,0.25
Radia_96,oho!2952,iter,1,0.25
Radia_96,sona3373,iter,1,0.25
Radia_96,theek hai2409,iter,1,0.25
Radia_96,toba3370,iter,1,0.25
Radia_96,vava BT2399,iter,1,0.25
Radia_97,Allah3561,iter,1,0.25
Radia_97,ayee!2699,iter,1,0.25
Radia_97,gir gaya2407,iter,1,0.25
Radia_97,nino BT2404,iter,1,0.25
Radia_97,sona2411,iter,1,0.25
Radia_97,theek hai2409,iter,1,0.25
Radia_98,Allah3561,iter,1,0.25
Radia_98,PILLOW2397,iter,1,0.25
Radia_98,PILLOW3371,iter,1,0.25
Radia_98,ayee!2699,iter,1,0.25
Radia_98,chalo3367,iter,1,0.25
Radia_98,dadi2401,iter,1,0.25
Radia_98,davayee1894,iter,1,0.25
Radia_98,ganda2398,iter,1,0.25
Radia_98,kapra2406,iter,1,0.25
Radia_98,"kha lo,kha lun2408",iter,1,0.25
Radia_98,khana2394,iter,1,0.25
Radia_98,nino BT2405,iter,1,0.25
Radia_98,sona2410,iter,1,0.25
Radia_98,sona3373,iter,1,0.25
Radia_98,theek hai2409,iter,1,0.25
Radia_99,MAMA3369,iter,1,0.25
Radia_99,gir gaya2407,iter,1,0.25
Romuald_1,alors2974,iter,1,0.25
Romuald_1,cassé2472,iter,1,0.25
Romuald_1,cassé2473,iter,1,0.25
Romuald_1,cassé2474,iter,1,0.25
Romuald_1,cassé2475,iter,1,0.25
Romuald_1,cassé2476,iter,1,0.25
Romuald_1,cassé2477,iter,1,0.25
Romuald_1,cassé2479,iter,1,0.25
Romuald_1,cheval2480,iter,1,0.25
Romuald_1,cochon2481,iter,1,0.25
Romuald_1,hop-là2976,iter,1,0.25
Romuald_1,hop-là2977,iter,1,0.25
Romuald_1,l'avion2468,iter,1,0.25
Romuald_1,mouton1913,iter,1,0.25
Romuald_1,papa2485,iter,1,0.25
Romuald_1,un livre2486,iter,1,0.25
Romuald_1,voilà2981,iter,1,0.25
Romuald_10,cassé2472,iter,1,0.25
Romuald_10,cassé2475,iter,1,0.25
Romuald_10,cassé2476,iter,1,0.25
Romuald_10,cassé2479,iter,1,0.25
Romuald_10,cochon2481,iter,1,0.25
Romuald_10,cochon2482,iter,1,0.25
Romuald_10,la tête2483,iter,1,0.25
Romuald_10,mouton2980,iter,1,0.25
Romuald_100,allô2973,iter,1,0.25
Romuald_100,alors2974,iter,1,0.25
Romuald_100,ballon2469,iter,1,0.25
Romuald_100,cassé2475,iter,1,0.25
Romuald_100,cassé2476,iter,1,0.25
Romuald_100,cassé2477,iter,1,0.25
Romuald_100,cassé2479,iter,1,0.25
Romuald_100,cassé3391,iter,1,0.25
Romuald_100,cochon2481,iter,1,0.25
Romuald_100,hop-là2976,iter,1,0.25
Romuald_100,la tête2483,iter,1,0.25
Romuald_100,la vache2484,iter,1,0.25
Romuald_100,mouton1913,iter,1,0.25
Romuald_100,mouton1914,iter,1,0.25
Romuald_100,mouton2980,iter,1,0.25
Romuald_100,papa2485,iter,1,0.25
Romuald_100,un livre2487,iter,1,0.25
Romuald_100,voilà2981,iter,1,0.25
Romuald_11,ballon2469,iter,1,0.25
Romuald_11,bobo2470,iter,1,0.25
Romuald_11,cassé2473,iter,1,0.25
Romuald_11,cassé2475,iter,1,0.25
Romuald_11,cassé2476,iter,1,0.25
Romuald_11,cassé2478,iter,1,0.25
Romuald_11,cassé2975,iter,1,0.25
Romuald_11,cheval2480,iter,1,0.25
Romuald_11,cochon2481,iter,1,0.25
Romuald_11,cochon2482,iter,1,0.25
Romuald_11,hop-là2976,iter,1,0.25
Romuald_11,hop-là2977,iter,1,0.25
Romuald_11,la tête2483,iter,1,0.25
Romuald_11,mouton2980,iter,1,0.25
Romuald_11,papa2485,iter,1,0.25
Romuald_11,un livre2487,iter,1,0.25
Romuald_12,allô2973,iter,1,0.25
Romuald_12,alors2974,iter,1,0.25
Romuald_12,ballon2469,iter,1,0.25
Romuald_12,cassé2473,iter,1,0.25
Romuald_12,cassé2477,iter,1,0.25
Romuald_12,cassé2478,iter,1,0.25
Romuald_12,cassé2975,iter,1,0.25
Romuald_12,cassé3391,iter,1,0.25
Romuald_12,cochon2482,iter,1,0.25
Romuald_12,l'avion2468,iter,1,0.25
Romuald_12,la tête2483,iter,1,0.25
Romuald_12,mouton1913,iter,1,0.25
Romuald_12,mouton2978,iter,1,0.25
Romuald_12,mouton2980,iter,1,0.25
Romuald_12,papa2485,iter,1,0.25
Romuald_12,un livre2486,iter,1,0.25
Romuald_12,voilà2981,iter,1,0.25
Romuald_13,alors2974,iter,1,0.25
Romuald_13,cassé2472,iter,1,0.25
Romuald_13,cassé2473,iter,1,0.25
Romuald_13,cassé2475,iter,1,0.25
Romuald_13,cassé2477,iter,1,0.25
Romuald_13,cassé2478,iter,1,0.25
Romuald_13,cochon2481,iter,1,0.25
Romuald_13,cochon2482,iter,1,0.25
Romuald_13,hop-là2976,iter,1,0.25
Romuald_13,hop-là2977,iter,1,0.25
Romuald_13,l'avion2468,iter,1,0.25
Romuald_13,la tête2483,iter,1,0.25
Romuald_13,mouton1913,iter,1,0.25
Romuald_13,mouton1914,iter,1,0.25
Romuald_13,mouton2979,iter,1,0.25
Romuald_13,un livre2486,iter,1,0.25
Romuald_13,un livre2487,iter,1,0.25
Romuald_14,cassé2473,iter,1,0.25
Romuald_14,cassé2475,iter,1,0.25
Romuald_14,cassé2477,iter,1,0.25
Romuald_14,cassé2478,iter,1,0.25
Romuald_14,cassé2479,iter,1,0.25
Romuald_14,cassé3391,iter,1,0.25
Romuald_14,cochon2481,iter,1,0.25
Romuald_14,cochon2482,iter,1,0.25
Romuald_14,la tête2483,iter,1,0.25
Romuald_14,mouton1913,iter,1,0.25
Romuald_14,mouton2979,iter,1,0.25
Romuald_14,mouton2980,iter,1,0.25
Romuald_14,papa2485,iter,1,0.25
Romuald_14,un livre2486,iter,1,0.25
Romuald_14,un livre2487,iter,1,0.25
Romuald_14,voilà2981,iter,1,0.25
Romuald_15,ballon2469,iter,1,0.25
Romuald_15,bobo2471,iter,1,0.25
Romuald_15,cassé2475,iter,1,0.25
Romuald_15,cassé2476,iter,1,0.25
Romuald_15,cassé2478,iter,1,0.25
Romuald_15,cassé2975,iter,1,0.25
Romuald_15,cassé3391,iter,1,0.25
Romuald_15,hop-là2976,iter,1,0.25
Romuald_15,hop-là2977,iter,1,0.25
Romuald_15,la tête2483,iter,1,0.25
Romuald_15,la vache2484,iter,1,0.25
Romuald_15,mouton1913,iter,1,0.25
Romuald_15,mouton2978,iter,1,0.25
Romuald_15,mouton2979,iter,1,0.25
Romuald_15,papa2485,iter,1,0.25
Romuald_15,un livre2487,iter,1,0.25
Romuald_16,bobo2471,iter,1,0.25
Romuald_16,cassé2472,iter,1,0.25
Romuald_16,cassé2473,iter,1,0.25
Romuald_16,cassé2474,iter,1,0.25
Romuald_16,cassé2475,iter,1,0.25
Romuald_16,cassé2478,iter,1,0.25
Romuald_16,cassé2479,iter,1,0.25
Romuald_16,cassé3391,iter,1,0.25
Romuald_16,l'avion2468,iter,1,0.25
Romuald_16,la tête2483,iter,1,0.25
Romuald_16,mouton1913,iter,1,0.25
Romuald_16,mouton2978,iter,1,0.25
Romuald_16,mouton2979,iter,1,0.25
Romuald_16,mouton2980,iter,1,0.25
Romuald_16,un livre2486,iter,1,0.25
Romuald_16,un livre2487,iter,1,0.25
Romuald_17,allô2973,iter,1,0.25
Romuald_17,bobo2471,iter,1,0.25
Romuald_17,cassé2473,iter,1,0.25
Romuald_17,cassé2474,iter,1,0.25
Romuald_17,cassé2477,iter,1,0.25
Romuald_17,cassé2479,iter,1,0.25
Romuald_17,cochon2481,iter,1,0.25
Romuald_17,cochon2482,iter,1,0.25
Romuald_17,hop-là2976,iter,1,0.25
Romuald_17,hop-là2977,iter,1,0.25
Romuald_17,l'avion2468,iter,1,0.25
Romuald_17,la vache2484,iter,1,0.25
Romuald_17,mouton1913,iter,1,0.25
Romuald_17,un livre2486,iter,1,0.25
Romuald_17,un livre2487,iter,1,0.25
Romuald_17,voilà2981,iter,1,0.25
Romuald_18,allô2973,iter,1,0.25
Romuald_18,alors2974,iter,1,0.25
Romuald_18,ballon2469,iter,1,0.25
Romuald_18,bobo2470,iter,1,0.25
Romuald_18,bobo2471,iter,1,0.25
Romuald_18,cassé2473,iter,1,0.25
Romuald_18,cassé2475,iter,1,0.25
Romuald_18,cassé2476,iter,1,0.25
Romuald_18,cassé2477,iter,1,0.25
Romuald_18,cassé3391,iter,1,0.25
Romuald_18,cochon2481,iter,1,0.25
Romuald_18,cochon2482,iter,1,0.25
Romuald_18,l'avion2468,iter,1,0.25
Romuald_18,la tête2483,iter,1,0.25
Romuald_18,mouton1914,iter,1,0.25
Romuald_18,mouton2979,iter,1,0.25
Romuald_18,mouton2980,iter,1,0.25
Romuald_18,un livre2487,iter,1,0.25
Romuald_19,alors2974,iter,1,0.25
Romuald_19,bobo2470,iter,1,0.25
Romuald_19,bobo2471,iter,1,0.25
Romuald_19,cassé2475,iter,1,0.25
Romuald_19,cassé2476,iter,1,0.25
Romuald_19,cassé2478,iter,1,0.25
Romuald_19,cassé2479,iter,1,0.25
Romuald_19,cassé2975,iter,1,0.25
Romuald_19,cochon2481,iter,1,0.25
Romuald_19,cochon2482,iter,1,0.25
Romuald_19,l'avion2468,iter,1,0.25
Romuald_19,la tête2483,iter,1,0.25
Romuald_19,mouton1913,iter,1,0.25
Romuald_19,mouton1914,iter,1,0.25
Romuald_19,mouton2979,iter,1,0.25
Romuald_19,un livre2486,iter,1,0.25
Romuald_2,cassé2476,iter,1,0.25
Romuald_2,cochon2481,iter,1,0.25
Romuald_2,cochon2482,iter,1,0.25
Romuald_2,la tête2483,iter,1,0.25
Romuald_2,mouton1913,iter,1,0.25
Romuald_2,mouton1914,iter,1,0.25
Romuald_2,papa2485,iter,1,0.25
Romuald_2,un livre2486,iter,1,0.25
Romuald_20,cassé2473,iter,1,0.25
Romuald_20,cassé2474,iter,1,0.25
Romuald_20,cassé2475,iter,1,0.25
Romuald_20,cassé2477,iter,1,0.25
Romuald_20,cassé2975,iter,1,0.25
Romuald_20,cassé3391,iter,1,0.25
Romuald_20,cochon2481,iter,1,0.25
Romuald_20,hop-là2977,iter,1,0.25
Romuald_20,l'avion2468,iter,1,0.25
Romuald_20,la tête2483,iter,1,0.25
Romuald_20,mouton1913,iter,1,0.25
Romuald_20,mouton1914,iter,1,0.25
Romuald_20,mouton2980,iter,1,0.25
Romuald_20,un livre2486,iter,1,0.25
Romuald_20,voilà2981,iter,1,0.25
Romuald_21,allô2973,iter,1,0.25
Romuald_21,ballon2469,iter,1,0.25
Romuald_21,bobo2471,iter,1,0.25
Romuald_21,bobo2654,iter,1,0.25
Romuald_21,cassé2472,iter,1,0.25
Romuald_21,cassé2474,iter,1,0.25
Romuald_21,cassé2476,iter,1,0.25
Romuald_21,cassé2478,iter,1,0.25
Romuald_21,cassé2975,iter,1,0.25
Romuald_21,cochon2481,iter,1,0.25
Romuald_21,cochon2482,iter,1,0.25
Romuald_21,hop-là2977,iter,1,0.25
Romuald_21,la tête2483,iter,1,0.25
Romuald_21,mouton2978,iter,1,0.25
Romuald_21,papa2485,iter,1,0.25
Romuald_21,un livre2486,iter,1,0.25
Romuald_21,un livre2487,iter,1,0.25
Romuald_22,ballon2469,iter,1,0.25
Romuald_22,bobo2653,iter,1,0.25
Romuald_22,bobo2654,iter,1,0.25
Romuald_22,cassé2473,iter,1,0.25
Romuald_22,cassé2475,iter,1,0.25
Romuald_22,cassé2476,iter,1,0.25
Romuald_22,cassé2477,iter,1,0.25
Romuald_22,cassé2478,iter,1,0.25
Romuald_22,cassé2479,iter,1,0.25
Romuald_22,cassé2975,iter,1,0.25
Romuald_22,cochon2482,iter,1,0.25
Romuald_22,la vache2484,iter,1,0.25
Romuald_22,mouton1913,iter,1,0.25
Romuald_22,mouton2978,iter,1,0.25
Romuald_22,mouton2979,iter,1,0.25
Romuald_22,papa2485,iter,1,0.25
Romuald_22,voilà2981,iter,1,0.25
Romuald_23,ballon2469,iter,1,0.25
Romuald_23,bobo2470,iter,1,0.25
Romuald_23,bobo2471,iter,1,0.25
Romuald_23,bobo2653,iter,1,0.25
Romuald_23,bobo2654,iter,1,0.25
Romuald_23,cassé2473,iter,1,0.25
Romuald_23,cassé2476,iter,1,0.25
Romuald_23,cassé2478,iter,1,0.25
Romuald_23,cassé2975,iter,1,0.25
Romuald_23,cochon2481,iter,1,0.25
Romuald_23,hop-là2976,iter,1,0.25
Romuald_23,hop-là2977,iter,1,0.25
Romuald_23,la tête2483,iter,1,0.25
Romuald_23,mouton1913,iter,1,0.25
Romuald_23,mouton1914,iter,1,0.25
Romuald_23,mouton2980,iter,1,0.25
Romuald_23,un livre2486,iter,1,0.25
Romuald_23,voilà2981,iter,1,0.25
Romuald_24,bobo2470,iter,1,0.25
Romuald_24,cassé2473,iter,1,0.25
Romuald_24,cassé2474,iter,1,0.25
Romuald_24,cassé2477,iter,1,0.25
Romuald_24,cassé2479,iter,1,0.25
Romuald_24,cassé2975,iter,1,0.25
Romuald_24,cochon2481,iter,1,0.25
Romuald_24,cochon2482,iter,1,0.25
Romuald_24,hop-là2977,iter,1,0.25
Romuald_24,l'avion2468,iter,1,0.25
Romuald_24,la vache2484,iter,1,0.25
Romuald_24,mouton1913,iter,1,0.25
Romuald_24,mouton1914,iter,1,0.25
Romuald_24,mouton2979,iter,1,0.25
Romuald_24,mouton2980,iter,1,0.25
Romuald_24,un livre2487,iter,1,0.25
Romuald_25,allô2973,iter,1,0.25
Romuald_25,alors2974,iter,1,0.25
Romuald_25,ballon2469,iter,1,0.25
Romuald_25,bobo2470,iter,1,0.25
Romuald_25,cassé2472,iter,1,0.25
Romuald_25,cassé2473,iter,1,0.25
Romuald_25,cassé2474,iter,1,0.25
Romuald_25,cassé2475,iter,1,0.25
Romuald_25,cassé2477,iter,1,0.25
Romuald_25,cassé2975,iter,1,0.25
Romuald_25,l'avion2468,iter,1,0.25
Romuald_25,mouton1914,iter,1,0.25
Romuald_25,un livre2486,iter,1,0.25
Romuald_25,un livre2487,iter,1,0.25
Romuald_25,voilà2981,iter,1,0.25
Romuald_26,alors2974,iter,1,0.25
Romuald_26,bobo2471,iter,1,0.25
Romuald_26,cassé2472,iter,1,0.25
Romuald_26,cassé2473,iter,1,0.25
Romuald_26,cassé2474,iter,1,0.25
Romuald_26,cassé2477,iter,1,0.25
Romuald_26,cassé2478,iter,1,0.25
Romuald_26,cassé2975,iter,1,0.25
Romuald_26,cochon2482,iter,1,0.25
Romuald_26,hop-là2976,iter,1,0.25
Romuald_26,hop-là2977,iter,1,0.25
Romuald_26,l'avion2468,iter,1,0.25
Romuald_26,mouton2978,iter,1,0.25
Romuald_26,mouton2980,iter,1,0.25
Romuald_26,papa2485,iter,1,0.25
Romuald_26,un livre2487,iter,1,0.25
Romuald_26,voilà2981,iter,1,0.25
Romuald_27,allô2973,iter,1,0.25
Romuald_27,cassé2472,iter,1,0.25
Romuald_27,cassé2474,iter,1,0.25
Romuald_27,cassé2476,iter,1,0.25
Romuald_27,cassé2478,iter,1,0.25
Romuald_27,cassé2479,iter,1,0.25
Romuald_27,cassé2975,iter,1,0.25
Romuald_27,cochon2481,iter,1,0.25
Romuald_27,l'avion2468,iter,1,0.25
Romuald_27,la tête2483,iter,1,0.25
Romuald_27,mouton1914,iter,1,0.25
Romuald_27,mouton2978,iter,1,0.25
Romuald_27,mouton2979,iter,1,0.25
Romuald_27,un livre2487,iter,1,0.25
Romuald_28,bobo2470,iter,1,0.25
Romuald_28,bobo2653,iter,1,0.25
Romuald_28,bobo2654,iter,1,0.25
Romuald_28,hop-là2976,iter,1,0.25
Romuald_28,papa2485,iter,1,0.25
Romuald_29,bobo2470,iter,1,0.25
Romuald_29,bobo2653,iter,1,0.25
Romuald_29,hop-là2977,iter,1,0.25
Romuald_29,papa2485,iter,1,0.25
Romuald_3,ballon2469,iter,1,0.25
Romuald_3,bobo2471,iter,1,0.25
Romuald_3,bobo2654,iter,1,0.25
Romuald_3,cassé2472,iter,1,0.25
Romuald_3,cassé2473,iter,1,0.25
Romuald_3,cassé2477,iter,1,0.25
Romuald_3,cassé2479,iter,1,0.25
Romuald_3,cassé2975,iter,1,0.25
Romuald_3,hop-là2976,iter,1,0.25
Romuald_3,la tête2483,iter,1,0.25
Romuald_3,la vache2484,iter,1,0.25
Romuald_3,mouton1913,iter,1,0.25
Romuald_3,mouton1914,iter,1,0.25
Romuald_3,mouton2978,iter,1,0.25
Romuald_3,mouton2980,iter,1,0.25
Romuald_3,un livre2486,iter,1,0.25
Romuald_30,allô2973,iter,1,0.25
Romuald_30,ballon2469,iter,1,0.25
Romuald_30,bobo2471,iter,1,0.25
Romuald_30,cassé2472,iter,1,0.25
Romuald_30,cassé2473,iter,1,0.25
Romuald_30,cassé2474,iter,1,0.25
Romuald_30,cassé2479,iter,1,0.25
Romuald_30,cassé2975,iter,1,0.25
Romuald_30,cochon2481,iter,1,0.25
Romuald_30,l'avion2468,iter,1,0.25
Romuald_30,la vache2484,iter,1,0.25
Romuald_30,mouton1913,iter,1,0.25
Romuald_30,mouton1914,iter,1,0.25
Romuald_30,mouton2978,iter,1,0.25
Romuald_30,mouton2980,iter,1,0.25
Romuald_30,papa2485,iter,1,0.25
Romuald_30,un livre2486,iter,1,0.25
Romuald_30,voilà2981,iter,1,0.25
Romuald_31,allô2973,iter,1,0.25
Romuald_31,bobo2470,iter,1,0.25
Romuald_31,cassé2474,iter,1,0.25
Romuald_31,cassé2475,iter,1,0.25
Romuald_31,cassé2478,iter,1,0.25
Romuald_31,cassé2479,iter,1,0.25
Romuald_31,cassé2975,iter,1,0.25
Romuald_31,cochon2482,iter,1,0.25
Romuald_31,hop-là2976,iter,1,0.25
Romuald_31,l'avion2468,iter,1,0.25
Romuald_31,la tête2483,iter,1,0.25
Romuald_31,mouton1913,iter,1,0.25
Romuald_31,mouton2980,iter,1,0.25
Romuald_32,allô2973,iter,1,0.25
Romuald_32,alors2974,iter,1,0.25
Romuald_32,bobo2470,iter,1,0.25
Romuald_32,bobo2471,iter,1,0.25
Romuald_32,cassé2472,iter,1,0.25
Romuald_32,cassé2478,iter,1,0.25
Romuald_32,cassé2975,iter,1,0.25
Romuald_32,cheval2480,iter,1,0.25
Romuald_32,hop-là2976,iter,1,0.25
Romuald_32,l'avion2468,iter,1,0.25
Romuald_32,la tête2483,iter,1,0.25
Romuald_32,mouton2978,iter,1,0.25
Romuald_32,mouton2980,iter,1,0.25
Romuald_32,papa2485,iter,1,0.25
Romuald_32,un livre2487,iter,1,0.25
Romuald_32,voilà2981,iter,1,0.25
Romuald_33,cassé2472,iter,1,0.25
Romuald_33,cassé2473,iter,1,0.25
Romuald_33,cassé2475,iter,1,0.25
Romuald_33,cassé2478,iter,1,0.25
Romuald_33,cassé2479,iter,1,0.25
Romuald_33,cassé3391,iter,1,0.25
Romuald_33,cochon2482,iter,1,0.25
Romuald_33,la tête2483,iter,1,0.25
Romuald_33,mouton2978,iter,1,0.25
Romuald_33,mouton2979,iter,1,0.25
Romuald_33,mouton2980,iter,1,0.25
Romuald_34,alors2974,iter,1,0.25
Romuald_34,ballon2469,iter,1,0.25
Romuald_34,cassé2473,iter,1,0.25
Romuald_34,cassé2474,iter,1,0.25
Romuald_34,cassé2477,iter,1,0.25
Romuald_34,cassé2478,iter,1,0.25
Romuald_34,cassé2479,iter,1,0.25
Romuald_34,cheval2480,iter,1,0.25
Romuald_34,cochon2481,iter,1,0.25
Romuald_34,hop-là2976,iter,1,0.25
Romuald_34,hop-là2977,iter,1,0.25
Romuald_34,l'avion2468,iter,1,0.25
Romuald_34,la tête2483,iter,1,0.25
Romuald_34,mouton1914,iter,1,0.25
Romuald_34,mouton2979,iter,1,0.25
Romuald_34,papa2485,iter,1,0.25
Romuald_34,voilà2981,iter,1,0.25
Romuald_35,allô2973,iter,1,0.25
Romuald_35,bobo2470,iter,1,0.25
Romuald_35,cassé2472,iter,1,0.25
Romuald_35,cassé2473,iter,1,0.25
Romuald_35,cassé2474,iter,1,0.25
Romuald_35,cassé2476,iter,1,0.25
Romuald_35,cassé2478,iter,1,0.25
Romuald_35,cheval2480,iter,1,0.25
Romuald_35,cochon2482,iter,1,0.25
Romuald_35,la tête2483,iter,1,0.25
Romuald_35,la vache2484,iter,1,0.25
Romuald_35,mouton1913,iter,1,0.25
Romuald_35,mouton2978,iter,1,0.25
Romuald_35,mouton2979,iter,1,0.25
Romuald_35,mouton2980,iter,1,0.25
Romuald_35,papa2485,iter,1,0.25
Romuald_35,un livre2486,iter,1,0.25
Romuald_36,allô2973,iter,1,0.25
Romuald_36,alors2974,iter,1,0.25
Romuald_36,ballon2469,iter,1,0.25
Romuald_36,bobo2470,iter,1,0.25
Romuald_36,cassé2472,iter,1,0.25
Romuald_36,cassé2473,iter,1,0.25
Romuald_36,cassé2474,iter,1,0.25
Romuald_36,cassé2476,iter,1,0.25
Romuald_36,cassé2479,iter,1,0.25
Romuald_36,cassé2975,iter,1,0.25
Romuald_36,cheval2480,iter,1,0.25
Romuald_36,hop-là2976,iter,1,0.25
Romuald_36,l'avion2468,iter,1,0.25
Romuald_36,la tête2483,iter,1,0.25
Romuald_36,mouton1913,iter,1,0.25
Romuald_36,mouton2979,iter,1,0.25
Romuald_36,papa2485,iter,1,0.25
Romuald_36,un livre2486,iter,1,0.25
Romuald_36,voilà2981,iter,1,0.25
Romuald_37,ballon2469,iter,1,0.25
Romuald_37,cassé2473,iter,1,0.25
Romuald_37,cassé2477,iter,1,0.25
Romuald_37,cassé2478,iter,1,0.25
Romuald_37,cassé2479,iter,1,0.25
Romuald_37,cassé2975,iter,1,0.25
Romuald_37,cochon2481,iter,1,0.25
Romuald_37,cochon2482,iter,1,0.25
Romuald_37,hop-là2976,iter,1,0.25
Romuald_37,hop-là2977,iter,1,0.25
Romuald_37,l'avion2468,iter,1,0.25
Romuald_37,la tête2483,iter,1,0.25
Romuald_37,mouton1913,iter,1,0.25
Romuald_37,mouton2978,iter,1,0.25
Romuald_37,voilà2981,iter,1,0.25
Romuald_38,allô2973,iter,1,0.25
Romuald_38,ballon2469,iter,1,0.25
Romuald_38,bobo2471,iter,1,0.25
Romuald_38,cassé2473,iter,1,0.25
Romuald_38,cassé2475,iter,1,0.25
Romuald_38,cassé2476,iter,1,0.25
Romuald_38,cassé2477,iter,1,0.25
Romuald_38,cassé2479,iter,1,0.25
Romuald_38,cassé3391,iter,1,0.25
Romuald_38,cochon2481,iter,1,0.25
Romuald_38,cochon2482,iter,1,0.25
Romuald_38,hop-là2976,iter,1,0.25
Romuald_38,l'avion2468,iter,1,0.25
Romuald_38,mouton1913,iter,1,0.25
Romuald_38,mouton2978,iter,1,0.25
Romuald_38,mouton2979,iter,1,0.25
Romuald_38,un livre2486,iter,1,0.25
Romuald_38,un livre2487,iter,1,0.25
Romuald_38,voilà2981,iter,1,0.25
Romuald_39,allô2973,iter,1,0.25
Romuald_39,alors2974,iter,1,0.25
Romuald_39,cassé2472,iter,1,0.25
Romuald_39,cassé2474,iter,1,0.25
Romuald_39,cassé2478,iter,1,0.25
Romuald_39,cassé2975,iter,1,0.25
Romuald_39,cochon2482,iter,1,0.25
Romuald_39,l'avion2468,iter,1,0.25
Romuald_39,la tête2483,iter,1,0.25
Romuald_39,la vache2484,iter,1,0.25
Romuald_39,mouton1913,iter,1,0.25
Romuald_39,mouton1914,iter,1,0.25
Romuald_39,mouton2978,iter,1,0.25
Romuald_39,mouton2980,iter,1,0.25
Romuald_39,papa2485,iter,1,0.25
Romuald_39,un livre2486,iter,1,0.25
Romuald_39,un livre2487,iter,1,0.25
Romuald_39,voilà2981,iter,1,0.25
Romuald_4,allô2973,iter,1,0.25
Romuald_4,alors2974,iter,1,0.25
Romuald_4,ballon2469,iter,1,0.25
Romuald_4,cassé2472,iter,1,0.25
Romuald_4,cassé2474,iter,1,0.25
Romuald_4,cassé2477,iter,1,0.25
Romuald_4,cochon2481,iter,1,0.25
Romuald_4,cochon2482,iter,1,0.25
Romuald_4,hop-là2976,iter,1,0.25
Romuald_4,l'avion2468,iter,1,0.25
Romuald_4,la tête2483,iter,1,0.25
Romuald_4,mouton2978,iter,1,0.25
Romuald_4,mouton2980,iter,1,0.25
Romuald_4,papa2485,iter,1,0.25
Romuald_4,un livre2487,iter,1,0.25
Romuald_40,allô2973,iter,1,0.25
Romuald_40,ballon2469,iter,1,0.25
Romuald_40,bobo2471,iter,1,0.25
Romuald_40,cassé2473,iter,1,0.25
Romuald_40,cassé2475,iter,1,0.25
Romuald_40,cassé2476,iter,1,0.25
Romuald_40,cassé2477,iter,1,0.25
Romuald_40,cassé2478,iter,1,0.25
Romuald_40,cassé2479,iter,1,0.25
Romuald_40,cheval2480,iter,1,0.25
Romuald_40,cochon2482,iter,1,0.25
Romuald_40,mouton1913,iter,1,0.25
Romuald_40,mouton2979,iter,1,0.25
Romuald_40,un livre2487,iter,1,0.25
Romuald_41,allô2973,iter,1,0.25
Romuald_41,alors2974,iter,1,0.25
Romuald_41,ballon2469,iter,1,0.25
Romuald_41,bobo2470,iter,1,0.25
Romuald_41,bobo2471,iter,1,0.25
Romuald_41,cassé2474,iter,1,0.25
Romuald_41,cassé2475,iter,1,0.25
Romuald_41,cassé2479,iter,1,0.25
Romuald_41,cassé2975,iter,1,0.25
Romuald_41,cheval2480,iter,1,0.25
Romuald_41,cochon2481,iter,1,0.25
Romuald_41,la tête2483,iter,1,0.25
Romuald_41,mouton1914,iter,1,0.25
Romuald_41,mouton2978,iter,1,0.25
Romuald_41,mouton2980,iter,1,0.25
Romuald_41,papa2485,iter,1,0.25
Romuald_42,alors2974,iter,1,0.25
Romuald_42,ballon2469,iter,1,0.25
Romuald_42,bobo2470,iter,1,0.25
Romuald_42,bobo2471,iter,1,0.25
Romuald_42,cassé2473,iter,1,0.25
Romuald_42,cassé2475,iter,1,0.25
Romuald_42,cassé2476,iter,1,0.25
Romuald_42,cassé2477,iter,1,0.25
Romuald_42,cassé2479,iter,1,0.25
Romuald_42,cochon2481,iter,1,0.25
Romuald_42,hop-là2976,iter,1,0.25
Romuald_42,mouton1913,iter,1,0.25
Romuald_42,mouton2978,iter,1,0.25
Romuald_42,mouton2979,iter,1,0.25
Romuald_42,papa2485,iter,1,0.25
Romuald_42,un livre2487,iter,1,0.25
Romuald_42,voilà2981,iter,1,0.25
Romuald_43,ballon2469,iter,1,0.25
Romuald_43,bobo2470,iter,1,0.25
Romuald_43,bobo2471,iter,1,0.25
Romuald_43,bobo2653,iter,1,0.25
Romuald_43,cassé2473,iter,1,0.25
Romuald_43,cassé2476,iter,1,0.25
Romuald_43,cassé2477,iter,1,0.25
Romuald_43,cassé2478,iter,1,0.25
Romuald_43,cochon2481,iter,1,0.25
Romuald_43,cochon2482,iter,1,0.25
Romuald_43,hop-là2976,iter,1,0.25
Romuald_43,hop-là2977,iter,1,0.25
Romuald_43,mouton1913,iter,1,0.25
Romuald_43,mouton2979,iter,1,0.25
Romuald_43,mouton2980,iter,1,0.25
Romuald_43,papa2485,iter,1,0.25
Romuald_43,voilà2981,iter,1,0.25
Romuald_45,bobo2470,iter,1,0.25
Romuald_45,bobo2471,iter,1,0.25
Romuald_45,cassé2472,iter,1,0.25
Romuald_45,cassé2473,iter,1,0.25
Romuald_45,cassé2474,iter,1,0.25
Romuald_45,cassé2476,iter,1,0.25
Romuald_45,cassé2477,iter,1,0.25
Romuald_45,cassé2478,iter,1,0.25
Romuald_45,cassé2975,iter,1,0.25
Romuald_45,cheval2480,iter,1,0.25
Romuald_45,hop-là2976,iter,1,0.25
Romuald_45,hop-là2977,iter,1,0.25
Romuald_45,mouton1914,iter,1,0.25
Romuald_45,mouton2980,iter,1,0.25
Romuald_45,papa2485,iter,1,0.25
Romuald_46,allô2973,iter,1,0.25
Romuald_46,alors2974,iter,1,0.25
Romuald_46,ballon2469,iter,1,0.25
Romuald_46,bobo2471,iter,1,0.25
Romuald_46,cassé2472,iter,1,0.25
Romuald_46,cassé2473,iter,1,0.25
Romuald_46,cassé2474,iter,1,0.25
Romuald_46,cassé2476,iter,1,0.25
Romuald_46,cassé2478,iter,1,0.25
Romuald_46,cassé2975,iter,1,0.25
Romuald_46,cassé3391,iter,1,0.25
Romuald_46,hop-là2976,iter,1,0.25
Romuald_46,hop-là2977,iter,1,0.25
Romuald_46,l'avion2468,iter,1,0.25
Romuald_46,la tête2483,iter,1,0.25
Romuald_46,mouton1913,iter,1,0.25
Romuald_46,mouton1914,iter,1,0.25
Romuald_46,mouton2980,iter,1,0.25
Romuald_46,un livre2486,iter,1,0.25
Romuald_47,allô2973,iter,1,0.25
Romuald_47,ballon2469,iter,1,0.25
Romuald_47,bobo2470,iter,1,0.25
Romuald_47,bobo2471,iter,1,0.25
Romuald_47,cassé2477,iter,1,0.25
Romuald_47,cassé2478,iter,1,0.25
Romuald_47,cassé2479,iter,1,0.25
Romuald_47,cassé2975,iter,1,0.25
Romuald_47,la vache2484,iter,1,0.25
Romuald_47,mouton1913,iter,1,0.25
Romuald_47,mouton2979,iter,1,0.25
Romuald_47,mouton2980,iter,1,0.25
Romuald_47,papa2485,iter,1,0.25
Romuald_47,un livre2486,iter,1,0.25
Romuald_47,un livre2487,iter,1,0.25
Romuald_47,voilà2981,iter,1,0.25
Romuald_48,bobo2471,iter,1,0.25
Romuald_48,cassé2477,iter,1,0.25
Romuald_48,cassé2478,iter,1,0.25
Romuald_48,cochon2481,iter,1,0.25
Romuald_48,cochon2482,iter,1,0.25
Romuald_48,la tête2483,iter,1,0.25
Romuald_48,la vache2484,iter,1,0.25
Romuald_48,mouton2978,iter,1,0.25
Romuald_48,mouton2979,iter,1,0.25
Romuald_48,papa2485,iter,1,0.25
Romuald_48,un livre2486,iter,1,0.25
Romuald_49,allô2973,iter,1,0.25
Romuald_49,alors2974,iter,1,0.25
Romuald_49,bobo2471,iter,1,0.25
Romuald_49,cassé2476,iter,1,0.25
Romuald_49,cassé2477,iter,1,0.25
Romuald_49,cheval2480,iter,1,0.25
Romuald_49,cochon2482,iter,1,0.25
Romuald_49,hop-là2976,iter,1,0.25
Romuald_49,l'avion2468,iter,1,0.25
Romuald_49,mouton1913,iter,1,0.25
Romuald_49,mouton1914,iter,1,0.25
Romuald_49,mouton2978,iter,1,0.25
Romuald_49,mouton2979,iter,1,0.25
Romuald_49,mouton2980,iter,1,0.25
Romuald_49,papa2485,iter,1,0.25
Romuald_49,voilà2981,iter,1,0.25
Romuald_5,alors2974,iter,1,0.25
Romuald_5,bobo2653,iter,1,0.25
Romuald_5,cassé2472,iter,1,0.25
Romuald_5,cassé2474,iter,1,0.25
Romuald_5,cassé2477,iter,1,0.25
Romuald_5,cassé2478,iter,1,0.25
Romuald_5,cassé2479,iter,1,0.25
Romuald_5,cassé2975,iter,1,0.25
Romuald_5,cochon2482,iter,1,0.25
Romuald_5,hop-là2976,iter,1,0.25
Romuald_5,la tête2483,iter,1,0.25
Romuald_5,la vache2484,iter,1,0.25
Romuald_5,mouton2978,iter,1,0.25
Romuald_5,mouton2979,iter,1,0.25
Romuald_5,papa2485,iter,1,0.25
Romuald_5,un livre2486,iter,1,0.25
Romuald_5,un livre2487,iter,1,0.25
Romuald_50,allô2973,iter,1,0.25
Romuald_50,ballon2469,iter,1,0.25
Romuald_50,cheval2480,iter,1,0.25
Romuald_50,cochon2481,iter,1,0.25
Romuald_50,l'avion2468,iter,1,0.25
Romuald_50,la tête2483,iter,1,0.25
Romuald_50,voilà2981,iter,1,0.25
Romuald_51,allô2973,iter,1,0.25
Romuald_51,alors2974,iter,1,0.25
Romuald_51,bobo2471,iter,1,0.25
Romuald_51,cassé2476,iter,1,0.25
Romuald_51,cassé2478,iter,1,0.25
Romuald_51,cassé2479,iter,1,0.25
Romuald_51,cassé2975,iter,1,0.25
Romuald_51,cassé3391,iter,1,0.25
Romuald_51,hop-là2976,iter,1,0.25
Romuald_51,l'avion2468,iter,1,0.25
Romuald_51,mouton1913,iter,1,0.25
Romuald_51,mouton2979,iter,1,0.25
Romuald_51,mouton2980,iter,1,0.25
Romuald_51,un livre2486,iter,1,0.25
Romuald_51,un livre2487,iter,1,0.25
Romuald_52,alors2974,iter,1,0.25
Romuald_52,cassé2474,iter,1,0.25
Romuald_52,cassé2475,iter,1,0.25
Romuald_52,cassé2477,iter,1,0.25
Romuald_52,cassé2478,iter,1,0.25
Romuald_52,cassé2975,iter,1,0.25
Romuald_52,cheval2480,iter,1,0.25
Romuald_52,cochon2481,iter,1,0.25
Romuald_52,hop-là2976,iter,1,0.25
Romuald_52,hop-là2977,iter,1,0.25
Romuald_52,la tête2483,iter,1,0.25
Romuald_52,mouton1913,iter,1,0.25
Romuald_52,mouton1914,iter,1,0.25
Romuald_52,mouton2978,iter,1,0.25
Romuald_52,mouton2979,iter,1,0.25
Romuald_52,un livre2487,iter,1,0.25
Romuald_53,bobo2471,iter,1,0.25
Romuald_53,hop-là2977,iter,1,0.25
Romuald_54,ballon2469,iter,1,0.25
Romuald_54,bobo2471,iter,1,0.25
Romuald_54,cassé2472,iter,1,0.25
Romuald_54,cassé2473,iter,1,0.25
Romuald_54,cassé2474,iter,1,0.25
Romuald_54,cassé2477,iter,1,0.25
Romuald_54,cassé2975,iter,1,0.25
Romuald_54,hop-là2976,iter,1,0.25
Romuald_54,hop-là2977,iter,1,0.25
Romuald_54,la tête2483,iter,1,0.25
Romuald_54,mouton1913,iter,1,0.25
Romuald_54,mouton2978,iter,1,0.25
Romuald_54,mouton2980,iter,1,0.25
Romuald_54,un livre2486,iter,1,0.25
Romuald_54,voilà2981,iter,1,0.25
Romuald_55,alors2974,iter,1,0.25
Romuald_55,ballon2469,iter,1,0.25
Romuald_55,bobo2471,iter,1,0.25
Romuald_55,cassé2474,iter,1,0.25
Romuald_55,cassé2475,iter,1,0.25
Romuald_55,cassé2476,iter,1,0.25
Romuald_55,cassé2477,iter,1,0.25
Romuald_55,cassé2479,iter,1,0.25
Romuald_55,cochon2481,iter,1,0.25
Romuald_55,hop-là2977,iter,1,0.25
Romuald_55,la vache2484,iter,1,0.25
Romuald_55,mouton1913,iter,1,0.25
Romuald_55,mouton1914,iter,1,0.25
Romuald_55,mouton2978,iter,1,0.25
Romuald_55,mouton2980,iter,1,0.25
Romuald_55,un livre2486,iter,1,0.25
Romuald_56,alors2974,iter,1,0.25
Romuald_56,bobo2470,iter,1,0.25
Romuald_56,bobo2471,iter,1,0.25
Romuald_56,cassé2472,iter,1,0.25
Romuald_56,cassé2473,iter,1,0.25
Romuald_56,cassé2474,iter,1,0.25
Romuald_56,cassé2477,iter,1,0.25
Romuald_56,cassé2479,iter,1,0.25
Romuald_56,cassé3391,iter,1,0.25
Romuald_56,cochon2482,iter,1,0.25
Romuald_56,hop-là2976,iter,1,0.25
Romuald_56,la tête2483,iter,1,0.25
Romuald_56,la vache2484,iter,1,0.25
Romuald_56,mouton1913,iter,1,0.25
Romuald_56,mouton2980,iter,1,0.25
Romuald_56,papa2485,iter,1,0.25
Romuald_56,un livre2487,iter,1,0.25
Romuald_57,allô2973,iter,1,0.25
Romuald_57,alors2974,iter,1,0.25
Romuald_57,cassé2472,iter,1,0.25
Romuald_57,cassé2476,iter,1,0.25
Romuald_57,cassé2477,iter,1,0.25
Romuald_57,cassé2975,iter,1,0.25
Romuald_57,cassé3391,iter,1,0.25
Romuald_57,cochon2481,iter,1,0.25
Romuald_57,cochon2482,iter,1,0.25
Romuald_57,hop-là2976,iter,1,0.25
Romuald_57,hop-là2977,iter,1,0.25
Romuald_57,l'avion2468,iter,1,0.25
Romuald_57,la tête2483,iter,1,0.25
Romuald_57,mouton1914,iter,1,0.25
Romuald_57,mouton2978,iter,1,0.25
Romuald_57,mouton2980,iter,1,0.25
Romuald_57,papa2485,iter,1,0.25
Romuald_57,voilà2981,iter,1,0.25
Romuald_58,alors2974,iter,1,0.25
Romuald_58,ballon2469,iter,1,0.25
Romuald_58,bobo2470,iter,1,0.25
Romuald_58,bobo2471,iter,1,0.25
Romuald_58,cassé2475,iter,1,0.25
Romuald_58,cassé2476,iter,1,0.25
Romuald_58,cassé2477,iter,1,0.25
Romuald_58,cassé2478,iter,1,0.25
Romuald_58,cassé2479,iter,1,0.25
Romuald_58,cassé2975,iter,1,0.25
Romuald_58,cochon2481,iter,1,0.25
Romuald_58,la vache2484,iter,1,0.25
Romuald_58,mouton1913,iter,1,0.25
Romuald_58,mouton2978,iter,1,0.25
Romuald_58,mouton2979,iter,1,0.25
Romuald_58,mouton2980,iter,1,0.25
Romuald_58,papa2485,iter,1,0.25
Romuald_58,un livre2486,iter,1,0.25
Romuald_59,ballon2469,iter,1,0.25
Romuald_59,cassé2473,iter,1,0.25
Romuald_59,cassé2474,iter,1,0.25
Romuald_59,cassé2975,iter,1,0.25
Romuald_59,cochon2481,iter,1,0.25
Romuald_59,cochon2482,iter,1,0.25
Romuald_59,l'avion2468,iter,1,0.25
Romuald_59,la tête2483,iter,1,0.25
Romuald_59,mouton1913,iter,1,0.25
Romuald_59,mouton1914,iter,1,0.25
Romuald_59,mouton2978,iter,1,0.25
Romuald_59,un livre2486,iter,1,0.25
Romuald_59,un livre2487,iter,1,0.25
Romuald_6,allô2973,iter,1,0.25
Romuald_6,alors2974,iter,1,0.25
Romuald_6,bobo2470,iter,1,0.25
Romuald_6,bobo2471,iter,1,0.25
Romuald_6,cassé2473,iter,1,0.25
Romuald_6,cassé2477,iter,1,0.25
Romuald_6,cassé2478,iter,1,0.25
Romuald_6,cassé2479,iter,1,0.25
Romuald_6,hop-là2976,iter,1,0.25
Romuald_6,hop-là2977,iter,1,0.25
Romuald_6,la tête2483,iter,1,0.25
Romuald_6,mouton2978,iter,1,0.25
Romuald_6,papa2485,iter,1,0.25
Romuald_6,un livre2486,iter,1,0.25
Romuald_6,un livre2487,iter,1,0.25
Romuald_60,cassé2472,iter,1,0.25
Romuald_60,cassé2474,iter,1,0.25
Romuald_60,cassé2475,iter,1,0.25
Romuald_60,cassé2476,iter,1,0.25
Romuald_60,cassé2479,iter,1,0.25
Romuald_60,cheval2480,iter,1,0.25
Romuald_60,cochon2482,iter,1,0.25
Romuald_60,hop-là2977,iter,1,0.25
Romuald_60,l'avion2468,iter,1,0.25
Romuald_60,mouton1914,iter,1,0.25
Romuald_60,mouton2978,iter,1,0.25
Romuald_60,mouton2979,iter,1,0.25
Romuald_60,mouton2980,iter,1,0.25
Romuald_60,un livre2486,iter,1,0.25
Romuald_61,alors2974,iter,1,0.25
Romuald_61,bobo2470,iter,1,0.25
Romuald_61,cassé2474,iter,1,0.25
Romuald_61,cassé2476,iter,1,0.25
Romuald_61,cassé2477,iter,1,0.25
Romuald_61,cassé2478,iter,1,0.25
Romuald_61,cassé2479,iter,1,0.25
Romuald_61,hop-là2976,iter,1,0.25
Romuald_61,la tête2483,iter,1,0.25
Romuald_61,la vache2484,iter,1,0.25
Romuald_61,mouton1913,iter,1,0.25
Romuald_61,mouton2979,iter,1,0.25
Romuald_61,papa2485,iter,1,0.25
Romuald_61,un livre2486,iter,1,0.25
Romuald_61,un livre2487,iter,1,0.25
Romuald_62,alors2974,iter,1,0.25
Romuald_62,bobo2471,iter,1,0.25
Romuald_62,cassé2472,iter,1,0.25
Romuald_62,cassé2473,iter,1,0.25
Romuald_62,cassé2478,iter,1,0.25
Romuald_62,cassé2479,iter,1,0.25
Romuald_62,cassé2975,iter,1,0.25
Romuald_62,cochon2481,iter,1,0.25
Romuald_62,hop-là2976,iter,1,0.25
Romuald_62,l'avion2468,iter,1,0.25
Romuald_62,mouton2978,iter,1,0.25
Romuald_62,mouton2979,iter,1,0.25
Romuald_62,mouton2980,iter,1,0.25
Romuald_62,papa2485,iter,1,0.25
Romuald_62,un livre2487,iter,1,0.25
Romuald_63,allô2973,iter,1,0.25
Romuald_63,bobo2471,iter,1,0.25
Romuald_63,cassé2472,iter,1,0.25
Romuald_63,cassé2474,iter,1,0.25
Romuald_63,cassé2475,iter,1,0.25
Romuald_63,cassé2478,iter,1,0.25
Romuald_63,cassé2479,iter,1,0.25
Romuald_63,cassé2975,iter,1,0.25
Romuald_63,cochon2481,iter,1,0.25
Romuald_63,cochon2482,iter,1,0.25
Romuald_63,hop-là2976,iter,1,0.25
Romuald_63,hop-là2977,iter,1,0.25
Romuald_63,l'avion2468,iter,1,0.25
Romuald_63,la tête2483,iter,1,0.25
Romuald_63,la vache2484,iter,1,0.25
Romuald_63,mouton1913,iter,1,0.25
Romuald_63,mouton1914,iter,1,0.25
Romuald_63,mouton2980,iter,1,0.25
Romuald_65,hop-là2976,iter,1,0.25
Romuald_65,hop-là2977,iter,1,0.25
Romuald_65,papa2485,iter,1,0.25
Romuald_66,allô2973,iter,1,0.25
Romuald_66,alors2974,iter,1,0.25
Romuald_66,ballon2469,iter,1,0.25
Romuald_66,cassé2472,iter,1,0.25
Romuald_66,cassé2474,iter,1,0.25
Romuald_66,cassé2477,iter,1,0.25
Romuald_66,cassé2479,iter,1,0.25
Romuald_66,cassé2975,iter,1,0.25
Romuald_66,hop-là2976,iter,1,0.25
Romuald_66,la tête2483,iter,1,0.25
Romuald_66,la vache2484,iter,1,0.25
Romuald_66,mouton1913,iter,1,0.25
Romuald_66,mouton1914,iter,1,0.25
Romuald_66,mouton2978,iter,1,0.25
Romuald_66,mouton2980,iter,1,0.25
Romuald_66,un livre2486,iter,1,0.25
Romuald_67,bobo2470,iter,1,0.25
Romuald_67,cassé2476,iter,1,0.25
Romuald_67,cassé2477,iter,1,0.25
Romuald_67,cochon2481,iter,1,0.25
Romuald_67,cochon2482,iter,1,0.25
Romuald_67,hop-là2976,iter,1,0.25
Romuald_67,hop-là2977,iter,1,0.25
Romuald_67,la tête2483,iter,1,0.25
Romuald_67,la vache2484,iter,1,0.25
Romuald_67,mouton1914,iter,1,0.25
Romuald_69,bobo2470,iter,1,0.25
Romuald_69,bobo2471,iter,1,0.25
Romuald_69,cassé2476,iter,1,0.25
Romuald_69,cassé2477,iter,1,0.25
Romuald_69,cassé2478,iter,1,0.25
Romuald_69,cochon2482,iter,1,0.25
Romuald_69,la vache2484,iter,1,0.25
Romuald_69,mouton1914,iter,1,0.25
Romuald_69,mouton2978,iter,1,0.25
Romuald_69,mouton2979,iter,1,0.25
Romuald_69,mouton2980,iter,1,0.25
Romuald_7,alors2974,iter,1,0.25
Romuald_7,bobo2470,iter,1,0.25
Romuald_7,cassé2473,iter,1,0.25
Romuald_7,cassé2475,iter,1,0.25
Romuald_7,cassé2476,iter,1,0.25
Romuald_7,cassé2477,iter,1,0.25
Romuald_7,cassé2478,iter,1,0.25
Romuald_7,cheval2480,iter,1,0.25
Romuald_7,la tête2483,iter,1,0.25
Romuald_7,mouton1913,iter,1,0.25
Romuald_7,mouton1914,iter,1,0.25
Romuald_7,mouton2978,iter,1,0.25
Romuald_7,mouton2979,iter,1,0.25
Romuald_7,un livre2486,iter,1,0.25
Romuald_7,un livre2487,iter,1,0.25
Romuald_7,voilà2981,iter,1,0.25
Romuald_70,allô2973,iter,1,0.25
Romuald_70,alors2974,iter,1,0.25
Romuald_70,ballon2469,iter,1,0.25
Romuald_70,bobo2471,iter,1,0.25
Romuald_70,cassé2472,iter,1,0.25
Romuald_70,cassé2473,iter,1,0.25
Romuald_70,cassé2474,iter,1,0.25
Romuald_70,cassé2475,iter,1,0.25
Romuald_70,cassé2975,iter,1,0.25
Romuald_70,cochon2482,iter,1,0.25
Romuald_70,hop-là2976,iter,1,0.25
Romuald_70,la tête2483,iter,1,0.25
Romuald_70,mouton1913,iter,1,0.25
Romuald_70,mouton1914,iter,1,0.25
Romuald_70,mouton2979,iter,1,0.25
Romuald_70,un livre2486,iter,1,0.25
Romuald_72,bobo2470,iter,1,0.25
Romuald_72,cassé2477,iter,1,0.25
Romuald_72,cassé2478,iter,1,0.25
Romuald_72,cochon2482,iter,1,0.25
Romuald_72,hop-là2976,iter,1,0.25
Romuald_72,hop-là2977,iter,1,0.25
Romuald_72,la vache2484,iter,1,0.25
Romuald_72,mouton1913,iter,1,0.25
Romuald_72,mouton1914,iter,1,0.25
Romuald_72,mouton2980,iter,1,0.25
Romuald_72,un livre2486,iter,1,0.25
Romuald_73,allô2973,iter,1,0.25
Romuald_73,alors2974,iter,1,0.25
Romuald_73,bobo2471,iter,1,0.25
Romuald_73,cassé2473,iter,1,0.25
Romuald_73,cassé2474,iter,1,0.25
Romuald_73,cassé2477,iter,1,0.25
Romuald_73,cassé2478,iter,1,0.25
Romuald_73,cassé2479,iter,1,0.25
Romuald_73,cochon2482,iter,1,0.25
Romuald_73,hop-là2977,iter,1,0.25
Romuald_73,la tête2483,iter,1,0.25
Romuald_73,papa2485,iter,1,0.25
Romuald_73,un livre2486,iter,1,0.25
Romuald_73,un livre2487,iter,1,0.25
Romuald_73,voilà2981,iter,1,0.25
Romuald_74,bobo2470,iter,1,0.25
Romuald_74,bobo2654,iter,1,0.25
Romuald_74,hop-là2977,iter,1,0.25
Romuald_74,papa2485,iter,1,0.25
Romuald_75,hop-là2977,iter,1,0.25
Romuald_76,allô2973,iter,1,0.25
Romuald_76,alors2974,iter,1,0.25
Romuald_76,bobo2471,iter,1,0.25
Romuald_76,cassé2472,iter,1,0.25
Romuald_76,cassé2473,iter,1,0.25
Romuald_76,cassé2474,iter,1,0.25
Romuald_76,cassé2475,iter,1,0.25
Romuald_76,cassé2477,iter,1,0.25
Romuald_76,cassé2975,iter,1,0.25
Romuald_76,cheval2480,iter,1,0.25
Romuald_76,cochon2481,iter,1,0.25
Romuald_76,cochon2482,iter,1,0.25
Romuald_76,hop-là2976,iter,1,0.25
Romuald_76,mouton1914,iter,1,0.25
Romuald_76,un livre2486,iter,1,0.25
Romuald_76,voilà2981,iter,1,0.25
Romuald_77,cassé2472,iter,1,0.25
Romuald_77,cassé2475,iter,1,0.25
Romuald_77,cassé2476,iter,1,0.25
Romuald_77,cassé2477,iter,1,0.25
Romuald_77,cassé2478,iter,1,0.25
Romuald_77,cassé2479,iter,1,0.25
Romuald_77,cassé2975,iter,1,0.25
Romuald_77,cassé3391,iter,1,0.25
Romuald_77,cheval2480,iter,1,0.25
Romuald_77,cochon2482,iter,1,0.25
Romuald_77,l'avion2468,iter,1,0.25
Romuald_77,la tête2483,iter,1,0.25
Romuald_77,mouton1914,iter,1,0.25
Romuald_77,papa2485,iter,1,0.25
Romuald_77,un livre2486,iter,1,0.25
Romuald_77,un livre2487,iter,1,0.25
Romuald_77,voilà2981,iter,1,0.25
Romuald_78,allô2973,iter,1,0.25
Romuald_78,alors2974,iter,1,0.25
Romuald_78,bobo2470,iter,1,0.25
Romuald_78,bobo2471,iter,1,0.25
Romuald_78,cassé2475,iter,1,0.25
Romuald_78,cassé2477,iter,1,0.25
Romuald_78,cassé2478,iter,1,0.25
Romuald_78,cassé2479,iter,1,0.25
Romuald_78,cochon2482,iter,1,0.25
Romuald_78,hop-là2976,iter,1,0.25
Romuald_78,hop-là2977,iter,1,0.25
Romuald_78,la tête2483,iter,1,0.25
Romuald_78,la vache2484,iter,1,0.25
Romuald_78,mouton2978,iter,1,0.25
Romuald_78,mouton2980,iter,1,0.25
Romuald_78,un livre2486,iter,1,0.25
Romuald_78,un livre2487,iter,1,0.25
Romuald_79,ballon2469,iter,1,0.25
Romuald_79,bobo2471,iter,1,0.25
Romuald_79,cassé2472,iter,1,0.25
Romuald_79,cassé2476,iter,1,0.25
Romuald_79,cassé2479,iter,1,0.25
Romuald_79,cochon2481,iter,1,0.25
Romuald_79,hop-là2976,iter,1,0.25
Romuald_79,l'avion2468,iter,1,0.25
Romuald_79,la tête2483,iter,1,0.25
Romuald_79,mouton1913,iter,1,0.25
Romuald_79,mouton1914,iter,1,0.25
Romuald_79,mouton2978,iter,1,0.25
Romuald_79,mouton2980,iter,1,0.25
Romuald_79,un livre2486,iter,1,0.25
Romuald_79,un livre2487,iter,1,0.25
Romuald_8,allô2973,iter,1,0.25
Romuald_8,alors2974,iter,1,0.25
Romuald_8,bobo2470,iter,1,0.25
Romuald_8,bobo2471,iter,1,0.25
Romuald_8,cassé2473,iter,1,0.25
Romuald_8,cassé2474,iter,1,0.25
Romuald_8,cassé2476,iter,1,0.25
Romuald_8,cassé2477,iter,1,0.25
Romuald_8,cassé2478,iter,1,0.25
Romuald_8,cassé2479,iter,1,0.25
Romuald_8,cassé2975,iter,1,0.25
Romuald_8,hop-là2977,iter,1,0.25
Romuald_8,la tête2483,iter,1,0.25
Romuald_8,mouton1913,iter,1,0.25
Romuald_8,mouton1914,iter,1,0.25
Romuald_8,papa2485,iter,1,0.25
Romuald_8,un livre2486,iter,1,0.25
Romuald_80,bobo2470,iter,1,0.25
Romuald_80,bobo2471,iter,1,0.25
Romuald_80,hop-là2977,iter,1,0.25
Romuald_81,ballon2469,iter,1,0.25
Romuald_81,bobo2470,iter,1,0.25
Romuald_81,bobo2471,iter,1,0.25
Romuald_81,cassé2472,iter,1,0.25
Romuald_81,cassé2474,iter,1,0.25
Romuald_81,cassé2475,iter,1,0.25
Romuald_81,cassé2479,iter,1,0.25
Romuald_81,cochon2482,iter,1,0.25
Romuald_81,hop-là2976,iter,1,0.25
Romuald_81,hop-là2977,iter,1,0.25
Romuald_81,la tête2483,iter,1,0.25
Romuald_81,mouton1913,iter,1,0.25
Romuald_81,mouton2978,iter,1,0.25
Romuald_81,mouton2980,iter,1,0.25
Romuald_81,papa2485,iter,1,0.25
Romuald_81,un livre2486,iter,1,0.25
Romuald_82,alors2974,iter,1,0.25
Romuald_82,bobo2470,iter,1,0.25
Romuald_82,bobo2471,iter,1,0.25
Romuald_82,cassé2472,iter,1,0.25
Romuald_82,cassé2473,iter,1,0.25
Romuald_82,cassé2474,iter,1,0.25
Romuald_82,cassé2475,iter,1,0.25
Romuald_82,cassé3391,iter,1,0.25
Romuald_82,cochon2481,iter,1,0.25
Romuald_82,hop-là2977,iter,1,0.25
Romuald_82,la tête2483,iter,1,0.25
Romuald_82,la vache2484,iter,1,0.25
Romuald_82,mouton1914,iter,1,0.25
Romuald_82,mouton2978,iter,1,0.25
Romuald_82,mouton2979,iter,1,0.25
Romuald_82,mouton2980,iter,1,0.25
Romuald_82,un livre2486,iter,1,0.25
Romuald_82,un livre2487,iter,1,0.25
Romuald_84,allô2973,iter,1,0.25
Romuald_84,bobo2470,iter,1,0.25
Romuald_84,cassé2473,iter,1,0.25
Romuald_84,cassé2474,iter,1,0.25
Romuald_84,cassé2475,iter,1,0.25
Romuald_84,cassé2476,iter,1,0.25
Romuald_84,cassé2478,iter,1,0.25
Romuald_84,cassé2479,iter,1,0.25
Romuald_84,cassé3391,iter,1,0.25
Romuald_84,cochon2481,iter,1,0.25
Romuald_84,l'avion2468,iter,1,0.25
Romuald_84,la tête2483,iter,1,0.25
Romuald_84,mouton1913,iter,1,0.25
Romuald_84,mouton2978,iter,1,0.25
Romuald_84,mouton2979,iter,1,0.25
Romuald_84,mouton2980,iter,1,0.25
Romuald_84,papa2485,iter,1,0.25
Romuald_85,bobo2471,iter,1,0.25
Romuald_85,hop-là2976,iter,1,0.25
Romuald_85,hop-là2977,iter,1,0.25
Romuald_86,alors2974,iter,1,0.25
Romuald_86,bobo2470,iter,1,0.25
Romuald_86,cassé2472,iter,1,0.25
Romuald_86,cassé2474,iter,1,0.25
Romuald_86,cassé2476,iter,1,0.25
Romuald_86,cassé2477,iter,1,0.25
Romuald_86,cassé2478,iter,1,0.25
Romuald_86,cassé2479,iter,1,0.25
Romuald_86,cassé2975,iter,1,0.25
Romuald_86,cochon2481,iter,1,0.25
Romuald_86,hop-là2976,iter,1,0.25
Romuald_86,hop-là2977,iter,1,0.25
Romuald_86,l'avion2468,iter,1,0.25
Romuald_86,la vache2484,iter,1,0.25
Romuald_86,mouton1913,iter,1,0.25
Romuald_86,papa2485,iter,1,0.25
Romuald_86,un livre2487,iter,1,0.25
Romuald_87,allô2973,iter,1,0.25
Romuald_87,alors2974,iter,1,0.25
Romuald_87,ballon2469,iter,1,0.25
Romuald_87,bobo2470,iter,1,0.25
Romuald_87,bobo2471,iter,1,0.25
Romuald_87,cassé2474,iter,1,0.25
Romuald_87,cassé2477,iter,1,0.25
Romuald_87,cassé2479,iter,1,0.25
Romuald_87,cassé2975,iter,1,0.25
Romuald_87,cochon2481,iter,1,0.25
Romuald_87,cochon2482,iter,1,0.25
Romuald_87,hop-là2976,iter,1,0.25
Romuald_87,hop-là2977,iter,1,0.25
Romuald_87,la tête2483,iter,1,0.25
Romuald_87,mouton1913,iter,1,0.25
Romuald_87,mouton2980,iter,1,0.25
Romuald_87,papa2485,iter,1,0.25
Romuald_87,un livre2487,iter,1,0.25
Romuald_88,allô2973,iter,1,0.25
Romuald_88,bobo2470,iter,1,0.25
Romuald_88,cassé2472,iter,1,0.25
Romuald_88,cassé2473,iter,1,0.25
Romuald_88,cassé2474,iter,1,0.25
Romuald_88,cassé2475,iter,1,0.25
Romuald_88,cassé2477,iter,1,0.25
Romuald_88,cochon2482,iter,1,0.25
Romuald_88,hop-là2976,iter,1,0.25
Romuald_88,hop-là2977,iter,1,0.25
Romuald_88,mouton1913,iter,1,0.25
Romuald_88,mouton1914,iter,1,0.25
Romuald_88,mouton2979,iter,1,0.25
Romuald_88,mouton2980,iter,1,0.25
Romuald_88,un livre2486,iter,1,0.25
Romuald_88,voilà2981,iter,1,0.25
Romuald_89,alors2974,iter,1,0.25
Romuald_89,ballon2469,iter,1,0.25
Romuald_89,bobo2471,iter,1,0.25
Romuald_89,cassé2472,iter,1,0.25
Romuald_89,cassé2474,iter,1,0.25
Romuald_89,cassé2475,iter,1,0.25
Romuald_89,cassé2477,iter,1,0.25
Romuald_89,cassé2478,iter,1,0.25
Romuald_89,cochon2481,iter,1,0.25
Romuald_89,l'avion2468,iter,1,0.25
Romuald_89,la tête2483,iter,1,0.25
Romuald_89,mouton1913,iter,1,0.25
Romuald_89,mouton1914,iter,1,0.25
Romuald_89,un livre2486,iter,1,0.25
Romuald_89,voilà2981,iter,1,0.25
Romuald_9,bobo2654,iter,1,0.25
Romuald_9,hop-là2977,iter,1,0.25
Romuald_9,papa2485,iter,1,0.25
Romuald_90,allô2973,iter,1,0.25
Romuald_90,ballon2469,iter,1,0.25
Romuald_90,bobo2470,iter,1,0.25
Romuald_90,cassé2474,iter,1,0.25
Romuald_90,cassé2475,iter,1,0.25
Romuald_90,cassé2477,iter,1,0.25
Romuald_90,cassé2478,iter,1,0.25
Romuald_90,cassé2479,iter,1,0.25
Romuald_90,cheval2480,iter,1,0.25
Romuald_90,cochon2481,iter,1,0.25
Romuald_90,hop-là2976,iter,1,0.25
Romuald_90,hop-là2977,iter,1,0.25
Romuald_90,l'avion2468,iter,1,0.25
Romuald_90,la vache2484,iter,1,0.25
Romuald_90,mouton1913,iter,1,0.25
Romuald_90,mouton2980,iter,1,0.25
Romuald_90,voilà2981,iter,1,0.25
Romuald_92,allô2973,iter,1,0.25
Romuald_92,alors2974,iter,1,0.25
Romuald_92,ballon2469,iter,1,0.25
Romuald_92,bobo2470,iter,1,0.25
Romuald_92,cassé2475,iter,1,0.25
Romuald_92,cassé2476,iter,1,0.25
Romuald_92,cassé2478,iter,1,0.25
Romuald_92,cochon2481,iter,1,0.25
Romuald_92,hop-là2977,iter,1,0.25
Romuald_92,la tête2483,iter,1,0.25
Romuald_92,mouton1913,iter,1,0.25
Romuald_92,mouton1914,iter,1,0.25
Romuald_92,mouton2978,iter,1,0.25
Romuald_92,mouton2979,iter,1,0.25
Romuald_92,mouton2980,iter,1,0.25
Romuald_92,papa2485,iter,1,0.25
Romuald_93,bobo2470,iter,1,0.25
Romuald_93,bobo2471,iter,1,0.25
Romuald_93,cassé2472,iter,1,0.25
Romuald_93,cassé2477,iter,1,0.25
Romuald_93,cassé2478,iter,1,0.25
Romuald_93,hop-là2976,iter,1,0.25
Romuald_93,hop-là2977,iter,1,0.25
Romuald_93,la tête2483,iter,1,0.25
Romuald_93,la vache2484,iter,1,0.25
Romuald_93,mouton2978,iter,1,0.25
Romuald_93,mouton2979,iter,1,0.25
Romuald_94,allô2973,iter,1,0.25
Romuald_94,alors2974,iter,1,0.25
Romuald_94,bobo2470,iter,1,0.25
Romuald_94,bobo2471,iter,1,0.25
Romuald_94,cassé2473,iter,1,0.25
Romuald_94,cassé2474,iter,1,0.25
Romuald_94,cassé2475,iter,1,0.25
Romuald_94,cassé2478,iter,1,0.25
Romuald_94,cochon2482,iter,1,0.25
Romuald_94,l'avion2468,iter,1,0.25
Romuald_94,la tête2483,iter,1,0.25
Romuald_94,mouton1914,iter,1,0.25
Romuald_94,mouton2978,iter,1,0.25
Romuald_94,mouton2979,iter,1,0.25
Romuald_94,un livre2487,iter,1,0.25
Romuald_94,voilà2981,iter,1,0.25
Romuald_95,bobo2470,iter,1,0.25
Romuald_95,bobo2471,iter,1,0.25
Romuald_95,bobo2653,iter,1,0.25
Romuald_95,hop-là2976,iter,1,0.25
Romuald_95,papa2485,iter,1,0.25
Romuald_96,cassé2473,iter,1,0.25
Romuald_96,cassé2474,iter,1,0.25
Romuald_96,cassé2477,iter,1,0.25
Romuald_96,cassé2478,iter,1,0.25
Romuald_96,cassé2479,iter,1,0.25
Romuald_96,cassé3391,iter,1,0.25
Romuald_96,cochon2481,iter,1,0.25
Romuald_96,cochon2482,iter,1,0.25
Romuald_96,mouton2978,iter,1,0.25
Romuald_96,mouton2979,iter,1,0.25
Romuald_97,allô2973,iter,1,0.25
Romuald_97,bobo2471,iter,1,0.25
Romuald_97,cassé2473,iter,1,0.25
Romuald_97,cassé2475,iter,1,0.25
Romuald_97,cassé2476,iter,1,0.25
Romuald_97,cassé2478,iter,1,0.25
Romuald_97,cassé2479,iter,1,0.25
Romuald_97,cheval2480,iter,1,0.25
Romuald_97,cochon2482,iter,1,0.25
Romuald_97,l'avion2468,iter,1,0.25
Romuald_97,la tête2483,iter,1,0.25
Romuald_97,mouton2978,iter,1,0.25
Romuald_97,mouton2979,iter,1,0.25
Romuald_97,mouton2980,iter,1,0.25
Romuald_97,un livre2486,iter,1,0.25
Romuald_97,voilà2981,iter,1,0.25
Romuald_98,allô2973,iter,1,0.25
Romuald_98,alors2974,iter,1,0.25
Romuald_98,ballon2469,iter,1,0.25
Romuald_98,bobo2470,iter,1,0.25
Romuald_98,bobo2471,iter,1,0.25
Romuald_98,cassé2472,iter,1,0.25
Romuald_98,cassé2473,iter,1,0.25
Romuald_98,cassé2476,iter,1,0.25
Romuald_98,cassé2477,iter,1,0.25
Romuald_98,cassé2479,iter,1,0.25
Romuald_98,cassé2975,iter,1,0.25
Romuald_98,hop-là2976,iter,1,0.25
Romuald_98,mouton1913,iter,1,0.25
Romuald_98,mouton1914,iter,1,0.25
Romuald_98,mouton2978,iter,1,0.25
Romuald_98,mouton2980,iter,1,0.25
Romuald_98,un livre2486,iter,1,0.25
Shazim_1,AUNTI3562,iter,1,0.25
Shazim_1,AUNTI3563,iter,1,0.25
Shazim_1,CATTY BT2412,iter,1,0.25
Shazim_1,CATTY BT2413,iter,1,0.25
Shazim_1,CATTY BT2414,iter,1,0.25
Shazim_1,DOGGY BT3387,iter,1,0.25
Shazim_1,ajao2955,iter,1,0.25
Shazim_1,ajao3565,iter,1,0.25
Shazim_1,chachu3390,iter,1,0.25
Shazim_1,dado3389,iter,1,0.25
Shazim_1,duddu BT3378,iter,1,0.25
Shazim_10,AUNTI3562,iter,1,0.25
Shazim_10,AUNTI3563,iter,1,0.25
Shazim_10,CATTY BT2412,iter,1,0.25
Shazim_10,CATTY BT2413,iter,1,0.25
Shazim_10,CATTY BT2414,iter,1,0.25
Shazim_10,CATTY BT3374,iter,1,0.25
Shazim_10,ajao2955,iter,1,0.25
Shazim_10,chachu3390,iter,1,0.25
Shazim_10,chuchu BT3381,iter,1,0.25
Shazim_10,dado3389,iter,1,0.25
Shazim_10,duddu BT3378,iter,1,0.25
Shazim_100,AUNTI3562,iter,1,0.25
Shazim_100,AUNTI3563,iter,1,0.25
Shazim_100,CATTY BT3375,iter,1,0.25
Shazim_100,ajao2955,iter,1,0.25
Shazim_100,chachu3390,iter,1,0.25
Shazim_100,chuchu BT3381,iter,1,0.25
Shazim_100,dado3389,iter,1,0.25
Shazim_11,CATTY BT2414,iter,1,0.25
Shazim_11,EYES2703,iter,1,0.25
Shazim_11,EYES2954,iter,1,0.25
Shazim_11,MAMA2417,iter,1,0.25
Shazim_11,MAMA3379,iter,1,0.25
Shazim_11,ayee!2700,iter,1,0.25
Shazim_11,ayee!2701,iter,1,0.25
Shazim_11,baba3384,iter,1,0.25
Shazim_11,baba3385,iter,1,0.25
Shazim_11,mamu3382,iter,1,0.25
Shazim_11,phuppo3388,iter,1,0.25
Shazim_12,AUNTI3562,iter,1,0.25
Shazim_12,CATTY BT2414,iter,1,0.25
Shazim_12,CATTY BT3374,iter,1,0.25
Shazim_12,TRACTOR3376,iter,1,0.25
Shazim_12,ajao2955,iter,1,0.25
Shazim_12,ayee!2702,iter,1,0.25
Shazim_12,baba2419,iter,1,0.25
Shazim_12,bhayee1896,iter,1,0.25
Shazim_12,chunti2420,iter,1,0.25
Shazim_12,dado3389,iter,1,0.25
Shazim_12,miyon BT1895,iter,1,0.25
Shazim_13,AUNTI3563,iter,1,0.25
Shazim_13,CATTY BT2414,iter,1,0.25
Shazim_13,EYES2703,iter,1,0.25
Shazim_13,Kashmir2704,iter,1,0.25
Shazim_13,MAMA3379,iter,1,0.25
Shazim_13,ajao2955,iter,1,0.25
Shazim_13,ayee!2701,iter,1,0.25
Shazim_13,ayee!2702,iter,1,0.25
Shazim_13,chunti2420,iter,1,0.25
Shazim_13,khala2416,iter,1,0.25
Shazim_13,mamu3382,iter,1,0.25
Shazim_13,nano2415,iter,1,0.25
Shazim_14,AUNTI3562,iter,1,0.25
Shazim_14,CATTY BT2412,iter,1,0.25
Shazim_14,CATTY BT2414,iter,1,0.25
Shazim_14,EYES2954,iter,1,0.25
Shazim_14,MAMA2417,iter,1,0.25
Shazim_14,MAMA3380,iter,1,0.25
Shazim_14,"ajjan, BT3566",iter,1,0.25
Shazim_14,ayee!2700,iter,1,0.25
Shazim_14,ayee!2701,iter,1,0.25
Shazim_14,ayee!2702,iter,1,0.25
Shazim_14,baow baowBT2418,iter,1,0.25
Shazim_14,bhayee1896,iter,1,0.25
Shazim_14,chunti2420,iter,1,0.25
Shazim_14,nano2415,iter,1,0.25
Shazim_15,AUNTI3564,iter,1,0.25
Shazim_15,CATTY BT2414,iter,1,0.25
Shazim_15,EYES2703,iter,1,0.25
Shazim_15,EYES2954,iter,1,0.25
Shazim_15,MAMA3380,iter,1,0.25
Shazim_15,ajao2955,iter,1,0.25
Shazim_15,ajao3565,iter,1,0.25
Shazim_15,"ajjan, BT3566",iter,1,0.25
Shazim_15,ayee!2700,iter,1,0.25
Shazim_15,baba2419,iter,1,0.25
Shazim_15,baow baowBT2418,iter,1,0.25
Shazim_15,bhayee1896,iter,1,0.25
Shazim_15,miyon BT1895,iter,1,0.25
Shazim_16,AUNTI3562,iter,1,0.25
Shazim_16,AUNTI3563,iter,1,0.25
Shazim_16,CATTY BT2412,iter,1,0.25
Shazim_16,CATTY BT3374,iter,1,0.25
Shazim_16,CATTY BT3375,iter,1,0.25
Shazim_16,TRACTOR3376,iter,1,0.25
Shazim_16,ajao2955,iter,1,0.25
Shazim_16,ajao3565,iter,1,0.25
Shazim_16,ayee!2700,iter,1,0.25
Shazim_16,ayee!2701,iter,1,0.25
Shazim_16,baow baowBT2418,iter,1,0.25
Shazim_16,bhayee1896,iter,1,0.25
Shazim_16,chuchu BT3381,iter,1,0.25
Shazim_16,khala2416,iter,1,0.25
Shazim_17,AUNTI3562,iter,1,0.25
Shazim_17,AUNTI3563,iter,1,0.25
Shazim_17,CATTY BT2412,iter,1,0.25
Shazim_17,CATTY BT3374,iter,1,0.25
Shazim_17,EYES2703,iter,1,0.25
Shazim_17,EYES2954,iter,1,0.25
Shazim_17,TRACTOR3376,iter,1,0.25
Shazim_17,baba2419,iter,1,0.25
Shazim_17,chachu3390,iter,1,0.25
Shazim_17,dado3389,iter,1,0.25
Shazim_17,khala2416,iter,1,0.25
Shazim_17,miyon BT1895,iter,1,0.25
Shazim_17,nano2415,iter,1,0.25
Shazim_18,AUNTI3564,iter,1,0.25
Shazim_18,EYES2954,iter,1,0.25
Shazim_18,khala2416,iter,1,0.25
Shazim_18,khala3377,iter,1,0.25
Shazim_19,EYES2954,iter,1,0.25
Shazim_19,"ajjan, BT3566",iter,1,0.25
Shazim_19,billi3386,iter,1,0.25
Shazim_19,khala2416,iter,1,0.25
Shazim_2,baba2419,iter,1,0.25
Shazim_2,baba3384,iter,1,0.25
Shazim_2,baow baowBT2418,iter,1,0.25
Shazim_20,EYES2954,iter,1,0.25
Shazim_20,ayee!2701,iter,1,0.25
Shazim_20,ayee!2702,iter,1,0.25
Shazim_20,bhayee1896,iter,1,0.25
Shazim_20,billi3386,iter,1,0.25
Shazim_20,khala3377,iter,1,0.25
Shazim_20,nano2415,iter,1,0.25
Shazim_21,AUNTI3562,iter,1,0.25
Shazim_21,AUNTI3563,iter,1,0.25
Shazim_21,CATTY BT2412,iter,1,0.25
Shazim_21,EYES2954,iter,1,0.25
Shazim_21,Kashmir2704,iter,1,0.25
Shazim_21,MAMA3380,iter,1,0.25
Shazim_21,ajao3565,iter,1,0.25
Shazim_21,ayee!2700,iter,1,0.25
Shazim_21,ayee!2701,iter,1,0.25
Shazim_21,baow baowBT2418,iter,1,0.25
Shazim_21,chunti2420,iter,1,0.25
Shazim_21,nano2415,iter,1,0.25
Shazim_22,AUNTI3562,iter,1,0.25
Shazim_22,CATTY BT2412,iter,1,0.25
Shazim_22,CATTY BT2413,iter,1,0.25
Shazim_22,CATTY BT3374,iter,1,0.25
Shazim_22,CATTY BT3375,iter,1,0.25
Shazim_22,TRACTOR3376,iter,1,0.25
Shazim_22,baba2419,iter,1,0.25
Shazim_22,baow baowBT2418,iter,1,0.25
Shazim_22,chachu3390,iter,1,0.25
Shazim_22,dado3389,iter,1,0.25
Shazim_22,miyon BT1895,iter,1,0.25
Shazim_23,AUNTI3564,iter,1,0.25
Shazim_23,CATTY BT2412,iter,1,0.25
Shazim_23,CATTY BT2414,iter,1,0.25
Shazim_23,EYES2703,iter,1,0.25
Shazim_23,EYES2954,iter,1,0.25
Shazim_23,ajao2955,iter,1,0.25
Shazim_23,"ajjan, BT3566",iter,1,0.25
Shazim_23,ayee!2700,iter,1,0.25
Shazim_23,ayee!2701,iter,1,0.25
Shazim_23,ayee!2702,iter,1,0.25
Shazim_23,baow baowBT2418,iter,1,0.25
Shazim_23,chunti2420,iter,1,0.25
Shazim_23,nano2415,iter,1,0.25
Shazim_24,CATTY BT2413,iter,1,0.25
Shazim_24,CATTY BT2414,iter,1,0.25
Shazim_24,CATTY BT3375,iter,1,0.25
Shazim_24,DOGGY BT3387,iter,1,0.25
Shazim_24,TRACTOR3376,iter,1,0.25
Shazim_24,ajao3565,iter,1,0.25
Shazim_24,chuchu BT3381,iter,1,0.25
Shazim_24,chunti2420,iter,1,0.25
Shazim_24,dado3389,iter,1,0.25
Shazim_25,CATTY BT2413,iter,1,0.25
Shazim_25,CATTY BT2414,iter,1,0.25
Shazim_25,CATTY BT3375,iter,1,0.25
Shazim_25,DOGGY BT3387,iter,1,0.25
Shazim_25,ajao2955,iter,1,0.25
Shazim_25,ajao3565,iter,1,0.25
Shazim_26,CATTY BT2414,iter,1,0.25
Shazim_26,EYES2703,iter,1,0.25
Shazim_26,ayee!2701,iter,1,0.25
Shazim_26,baba3384,iter,1,0.25
Shazim_26,baba3385,iter,1,0.25
Shazim_26,mamu3382,iter,1,0.25
Shazim_26,phuppo3388,iter,1,0.25
Shazim_27,EYES2954,iter,1,0.25
Shazim_27,MAMA2417,iter,1,0.25
Shazim_27,ajao2955,iter,1,0.25
Shazim_27,ayee!2700,iter,1,0.25
Shazim_27,ayee!2702,iter,1,0.25
Shazim_27,baba2419,iter,1,0.25
Shazim_27,baow baowBT2418,iter,1,0.25
Shazim_27,bhayee1896,iter,1,0.25
Shazim_27,chunti2420,iter,1,0.25
Shazim_27,khala2416,iter,1,0.25
Shazim_27,mamu3382,iter,1,0.25
Shazim_28,EYES2703,iter,1,0.25
Shazim_28,MAMA3380,iter,1,0.25
Shazim_28,ajao2955,iter,1,0.25
Shazim_28,ayee!2700,iter,1,0.25
Shazim_28,bhayee1896,iter,1,0.25
Shazim_28,khala2416,iter,1,0.25
Shazim_28,mamu3383,iter,1,0.25
Shazim_28,miyon BT1895,iter,1,0.25
Shazim_29,CATTY BT2412,iter,1,0.25
Shazim_29,CATTY BT2413,iter,1,0.25
Shazim_29,CATTY BT3374,iter,1,0.25
Shazim_29,CATTY BT3375,iter,1,0.25
Shazim_29,DOGGY BT3387,iter,1,0.25
Shazim_29,TRACTOR3376,iter,1,0.25
Shazim_29,ajao3565,iter,1,0.25
Shazim_29,chachu3390,iter,1,0.25
Shazim_3,AUNTI3563,iter,1,0.25
Shazim_3,CATTY BT3374,iter,1,0.25
Shazim_3,DOGGY BT3387,iter,1,0.25
Shazim_3,TRACTOR3376,iter,1,0.25
Shazim_3,ajao2955,iter,1,0.25
Shazim_3,ajao3565,iter,1,0.25
Shazim_3,chuchu BT3381,iter,1,0.25
Shazim_3,chunti2420,iter,1,0.25
Shazim_3,duddu BT3378,iter,1,0.25
Shazim_30,MAMA2417,iter,1,0.25
Shazim_30,MAMA3379,iter,1,0.25
Shazim_30,baba2419,iter,1,0.25
Shazim_30,baow baowBT2418,iter,1,0.25
Shazim_30,miyon BT1895,iter,1,0.25
Shazim_30,phuppo3388,iter,1,0.25
Shazim_31,AUNTI3563,iter,1,0.25
Shazim_31,AUNTI3564,iter,1,0.25
Shazim_31,CATTY BT2414,iter,1,0.25
Shazim_31,Kashmir2704,iter,1,0.25
Shazim_31,MAMA3379,iter,1,0.25
Shazim_31,ajao2955,iter,1,0.25
Shazim_31,"ajjan, BT3566",iter,1,0.25
Shazim_31,ayee!2700,iter,1,0.25
Shazim_31,ayee!2702,iter,1,0.25
Shazim_31,baba2419,iter,1,0.25
Shazim_31,baow baowBT2418,iter,1,0.25
Shazim_31,bhayee1896,iter,1,0.25
Shazim_31,nano2415,iter,1,0.25
Shazim_32,baba2419,iter,1,0.25
Shazim_32,baba3385,iter,1,0.25
Shazim_33,AUNTI3562,iter,1,0.25
Shazim_33,AUNTI3563,iter,1,0.25
Shazim_33,CATTY BT2413,iter,1,0.25
Shazim_33,CATTY BT2414,iter,1,0.25
Shazim_33,DOGGY BT3387,iter,1,0.25
Shazim_33,chachu3390,iter,1,0.25
Shazim_33,chuchu BT3381,iter,1,0.25
Shazim_33,duddu BT3378,iter,1,0.25
Shazim_34,AUNTI3562,iter,1,0.25
Shazim_34,CATTY BT2414,iter,1,0.25
Shazim_34,CATTY BT3375,iter,1,0.25
Shazim_34,DOGGY BT3387,iter,1,0.25
Shazim_34,ajao2955,iter,1,0.25
Shazim_34,ajao3565,iter,1,0.25
Shazim_34,chunti2420,iter,1,0.25
Shazim_34,duddu BT3378,iter,1,0.25
Shazim_35,AUNTI3563,iter,1,0.25
Shazim_35,CATTY BT2413,iter,1,0.25
Shazim_35,CATTY BT3375,iter,1,0.25
Shazim_35,EYES2703,iter,1,0.25
Shazim_35,TRACTOR3376,iter,1,0.25
Shazim_35,ajao2955,iter,1,0.25
Shazim_35,ajao3565,iter,1,0.25
Shazim_35,"ajjan, BT3566",iter,1,0.25
Shazim_35,ayee!2702,iter,1,0.25
Shazim_35,baow baowBT2418,iter,1,0.25
Shazim_35,bhayee1896,iter,1,0.25
Shazim_35,chachu3390,iter,1,0.25
Shazim_35,dado3389,iter,1,0.25
Shazim_35,khala2416,iter,1,0.25
Shazim_35,mamu3382,iter,1,0.25
Shazim_36,AUNTI3564,iter,1,0.25
Shazim_36,EYES2954,iter,1,0.25
Shazim_36,"ajjan, BT3566",iter,1,0.25
Shazim_36,baba2419,iter,1,0.25
Shazim_36,khala2416,iter,1,0.25
Shazim_36,khala3377,iter,1,0.25
Shazim_36,miyon BT1895,iter,1,0.25
Shazim_37,AUNTI3562,iter,1,0.25
Shazim_37,AUNTI3563,iter,1,0.25
Shazim_37,CATTY BT2412,iter,1,0.25
Shazim_37,CATTY BT3374,iter,1,0.25
Shazim_37,CATTY BT3375,iter,1,0.25
Shazim_37,ajao2955,iter,1,0.25
Shazim_37,chuchu BT3381,iter,1,0.25
Shazim_37,chunti2420,iter,1,0.25
Shazim_37,dado3389,iter,1,0.25
Shazim_38,CATTY BT2412,iter,1,0.25
Shazim_38,CATTY BT2414,iter,1,0.25
Shazim_38,CATTY BT3374,iter,1,0.25
Shazim_38,CATTY BT3375,iter,1,0.25
Shazim_38,ajao3565,iter,1,0.25
Shazim_38,chunti2420,iter,1,0.25
Shazim_38,dado3389,iter,1,0.25
Shazim_39,AUNTI3562,iter,1,0.25
Shazim_39,CATTY BT2412,iter,1,0.25
Shazim_39,CATTY BT2414,iter,1,0.25
Shazim_39,DOGGY BT3387,iter,1,0.25
Shazim_39,EYES2703,iter,1,0.25
Shazim_39,TRACTOR3376,iter,1,0.25
Shazim_39,ajao3565,iter,1,0.25
Shazim_39,"ajjan, BT3566",iter,1,0.25
Shazim_39,ayee!2702,iter,1,0.25
Shazim_39,chachu3390,iter,1,0.25
Shazim_39,duddu BT3378,iter,1,0.25
Shazim_4,AUNTI3562,iter,1,0.25
Shazim_4,CATTY BT2414,iter,1,0.25
Shazim_4,CATTY BT3374,iter,1,0.25
Shazim_4,DOGGY BT3387,iter,1,0.25
Shazim_4,EYES2954,iter,1,0.25
Shazim_4,ajao2955,iter,1,0.25
Shazim_4,ajao3565,iter,1,0.25
Shazim_4,"ajjan, BT3566",iter,1,0.25
Shazim_4,ayee!2700,iter,1,0.25
Shazim_4,ayee!2701,iter,1,0.25
Shazim_4,ayee!2702,iter,1,0.25
Shazim_4,chachu3390,iter,1,0.25
Shazim_4,chuchu BT3381,iter,1,0.25
Shazim_4,chunti2420,iter,1,0.25
Shazim_4,duddu BT3378,iter,1,0.25
Shazim_40,CATTY BT2412,iter,1,0.25
Shazim_40,CATTY BT2413,iter,1,0.25
Shazim_40,CATTY BT2414,iter,1,0.25
Shazim_40,CATTY BT3374,iter,1,0.25
Shazim_40,CATTY BT3375,iter,1,0.25
Shazim_40,DOGGY BT3387,iter,1,0.25
Shazim_40,TRACTOR3376,iter,1,0.25
Shazim_40,ajao3565,iter,1,0.25
Shazim_40,dado3389,iter,1,0.25
Shazim_40,duddu BT3378,iter,1,0.25
Shazim_41,baba2419,iter,1,0.25
Shazim_41,baow baowBT2418,iter,1,0.25
Shazim_41,bhayee1896,iter,1,0.25
Shazim_42,AUNTI3562,iter,1,0.25
Shazim_42,AUNTI3563,iter,1,0.25
Shazim_42,CATTY BT2414,iter,1,0.25
Shazim_42,CATTY BT3374,iter,1,0.25
Shazim_42,CATTY BT3375,iter,1,0.25
Shazim_42,DOGGY BT3387,iter,1,0.25
Shazim_42,EYES2703,iter,1,0.25
Shazim_42,EYES2954,iter,1,0.25
Shazim_42,TRACTOR3376,iter,1,0.25
Shazim_42,"ajjan, BT3566",iter,1,0.25
Shazim_42,ayee!2701,iter,1,0.25
Shazim_42,chuchu BT3381,iter,1,0.25
Shazim_42,duddu BT3378,iter,1,0.25
Shazim_43,AUNTI3562,iter,1,0.25
Shazim_43,CATTY BT2412,iter,1,0.25
Shazim_43,CATTY BT2414,iter,1,0.25
Shazim_43,ajao3565,iter,1,0.25
Shazim_43,chuchu BT3381,iter,1,0.25
Shazim_43,chunti2420,iter,1,0.25
Shazim_44,CATTY BT2412,iter,1,0.25
Shazim_44,CATTY BT2414,iter,1,0.25
Shazim_44,ajao2955,iter,1,0.25
Shazim_44,ajao3565,iter,1,0.25
Shazim_44,chuchu BT3381,iter,1,0.25
Shazim_45,AUNTI3564,iter,1,0.25
Shazim_45,CATTY BT2412,iter,1,0.25
Shazim_45,Kashmir2704,iter,1,0.25
Shazim_45,MAMA2417,iter,1,0.25
Shazim_45,ajao3565,iter,1,0.25
Shazim_45,ayee!2701,iter,1,0.25
Shazim_45,ayee!2702,iter,1,0.25
Shazim_45,baba2419,iter,1,0.25
Shazim_45,bhayee1896,iter,1,0.25
Shazim_45,chunti2420,iter,1,0.25
Shazim_45,khala2416,iter,1,0.25
Shazim_45,nano2415,iter,1,0.25
Shazim_46,AUNTI3563,iter,1,0.25
Shazim_46,AUNTI3564,iter,1,0.25
Shazim_46,EYES2954,iter,1,0.25
Shazim_46,ajao2955,iter,1,0.25
Shazim_46,ayee!2700,iter,1,0.25
Shazim_46,ayee!2702,iter,1,0.25
Shazim_46,bhayee1896,iter,1,0.25
Shazim_46,billi3386,iter,1,0.25
Shazim_46,khala2416,iter,1,0.25
Shazim_46,khala3377,iter,1,0.25
Shazim_47,bhayee1896,iter,1,0.25
Shazim_48,MAMA3380,iter,1,0.25
Shazim_48,baba2419,iter,1,0.25
Shazim_48,bhayee1896,iter,1,0.25
Shazim_48,miyon BT1895,iter,1,0.25
Shazim_48,phuppo3388,iter,1,0.25
Shazim_49,AUNTI3562,iter,1,0.25
Shazim_49,CATTY BT2414,iter,1,0.25
Shazim_49,DOGGY BT3387,iter,1,0.25
Shazim_49,EYES2703,iter,1,0.25
Shazim_49,EYES2954,iter,1,0.25
Shazim_49,ayee!2701,iter,1,0.25
Shazim_49,ayee!2702,iter,1,0.25
Shazim_49,chuchu BT3381,iter,1,0.25
Shazim_5,CATTY BT2412,iter,1,0.25
Shazim_5,EYES2703,iter,1,0.25
Shazim_5,EYES2954,iter,1,0.25
Shazim_5,MAMA3379,iter,1,0.25
Shazim_5,ajao2955,iter,1,0.25
Shazim_5,ayee!2700,iter,1,0.25
Shazim_5,ayee!2702,iter,1,0.25
Shazim_5,baba3384,iter,1,0.25
Shazim_5,baba3385,iter,1,0.25
Shazim_5,baow baowBT2418,iter,1,0.25
Shazim_5,mamu3382,iter,1,0.25
Shazim_5,miyon BT1895,iter,1,0.25
Shazim_5,phuppo3388,iter,1,0.25
Shazim_50,EYES2954,iter,1,0.25
Shazim_50,MAMA3379,iter,1,0.25
Shazim_50,ayee!2700,iter,1,0.25
Shazim_50,ayee!2702,iter,1,0.25
Shazim_50,baba2419,iter,1,0.25
Shazim_50,baba3384,iter,1,0.25
Shazim_50,baow baowBT2418,iter,1,0.25
Shazim_50,mamu3383,iter,1,0.25
Shazim_50,nano2415,iter,1,0.25
Shazim_51,EYES2703,iter,1,0.25
Shazim_51,ayee!2700,iter,1,0.25
Shazim_51,ayee!2701,iter,1,0.25
Shazim_51,ayee!2702,iter,1,0.25
Shazim_51,bhayee1896,iter,1,0.25
Shazim_52,AUNTI3564,iter,1,0.25
Shazim_52,EYES2703,iter,1,0.25
Shazim_52,ajao3565,iter,1,0.25
Shazim_52,"ajjan, BT3566",iter,1,0.25
Shazim_52,ayee!2700,iter,1,0.25
Shazim_52,ayee!2701,iter,1,0.25
Shazim_52,ayee!2702,iter,1,0.25
Shazim_52,billi3386,iter,1,0.25
Shazim_52,nano2415,iter,1,0.25
Shazim_53,CATTY BT2414,iter,1,0.25
Shazim_53,"ajjan, BT3566",iter,1,0.25
Shazim_53,ayee!2700,iter,1,0.25
Shazim_53,ayee!2701,iter,1,0.25
Shazim_53,ayee!2702,iter,1,0.25
Shazim_53,baba2419,iter,1,0.25
Shazim_53,baow baowBT2418,iter,1,0.25
Shazim_53,chunti2420,iter,1,0.25
Shazim_53,khala2416,iter,1,0.25
Shazim_53,khala3377,iter,1,0.25
Shazim_53,mamu3382,iter,1,0.25
Shazim_53,miyon BT1895,iter,1,0.25
Shazim_53,nano2415,iter,1,0.25
Shazim_54,AUNTI3563,iter,1,0.25
Shazim_54,CATTY BT2412,iter,1,0.25
Shazim_54,CATTY BT3374,iter,1,0.25
Shazim_54,CATTY BT3375,iter,1,0.25
Shazim_54,ajao2955,iter,1,0.25
Shazim_54,"ajjan, BT3566",iter,1,0.25
Shazim_54,ayee!2700,iter,1,0.25
Shazim_54,chunti2420,iter,1,0.25
Shazim_54,dado3389,iter,1,0.25
Shazim_54,duddu BT3378,iter,1,0.25
Shazim_55,AUNTI3562,iter,1,0.25
Shazim_55,CATTY BT2412,iter,1,0.25
Shazim_55,CATTY BT2413,iter,1,0.25
Shazim_55,CATTY BT2414,iter,1,0.25
Shazim_55,CATTY BT3375,iter,1,0.25
Shazim_55,DOGGY BT3387,iter,1,0.25
Shazim_55,EYES2954,iter,1,0.25
Shazim_55,TRACTOR3376,iter,1,0.25
Shazim_55,ajao3565,iter,1,0.25
Shazim_55,ayee!2700,iter,1,0.25
Shazim_55,baow baowBT2418,iter,1,0.25
Shazim_55,dado3389,iter,1,0.25
Shazim_55,khala2416,iter,1,0.25
Shazim_56,CATTY BT2413,iter,1,0.25
Shazim_56,CATTY BT3375,iter,1,0.25
Shazim_56,chachu3390,iter,1,0.25
Shazim_56,chuchu BT3381,iter,1,0.25
Shazim_56,chunti2420,iter,1,0.25
Shazim_56,duddu BT3378,iter,1,0.25
Shazim_57,AUNTI3562,iter,1,0.25
Shazim_57,AUNTI3563,iter,1,0.25
Shazim_57,CATTY BT2414,iter,1,0.25
Shazim_57,DOGGY BT3387,iter,1,0.25
Shazim_57,EYES2703,iter,1,0.25
Shazim_57,TRACTOR3376,iter,1,0.25
Shazim_57,ayee!2700,iter,1,0.25
Shazim_57,baba2419,iter,1,0.25
Shazim_57,bhayee1896,iter,1,0.25
Shazim_57,chunti2420,iter,1,0.25
Shazim_57,duddu BT3378,iter,1,0.25
Shazim_57,khala2416,iter,1,0.25
Shazim_57,nano2415,iter,1,0.25
Shazim_58,MAMA3379,iter,1,0.25
Shazim_58,MAMA3380,iter,1,0.25
Shazim_58,baba3384,iter,1,0.25
Shazim_58,baba3385,iter,1,0.25
Shazim_58,bhayee1896,iter,1,0.25
Shazim_58,phuppo3388,iter,1,0.25
Shazim_59,AUNTI3562,iter,1,0.25
Shazim_59,CATTY BT2412,iter,1,0.25
Shazim_59,CATTY BT2413,iter,1,0.25
Shazim_59,CATTY BT2414,iter,1,0.25
Shazim_59,CATTY BT3375,iter,1,0.25
Shazim_59,DOGGY BT3387,iter,1,0.25
Shazim_59,ajao3565,iter,1,0.25
Shazim_59,chunti2420,iter,1,0.25
Shazim_59,dado3389,iter,1,0.25
Shazim_59,duddu BT3378,iter,1,0.25
Shazim_6,AUNTI3564,iter,1,0.25
Shazim_6,EYES2954,iter,1,0.25
Shazim_6,"ajjan, BT3566",iter,1,0.25
Shazim_6,baow baowBT2418,iter,1,0.25
Shazim_6,miyon BT1895,iter,1,0.25
Shazim_60,CATTY BT2412,iter,1,0.25
Shazim_60,DOGGY BT3387,iter,1,0.25
Shazim_60,TRACTOR3376,iter,1,0.25
Shazim_60,chuchu BT3381,iter,1,0.25
Shazim_60,chunti2420,iter,1,0.25
Shazim_60,dado3389,iter,1,0.25
Shazim_60,duddu BT3378,iter,1,0.25
Shazim_61,AUNTI3562,iter,1,0.25
Shazim_61,AUNTI3563,iter,1,0.25
Shazim_61,EYES2954,iter,1,0.25
Shazim_61,ayee!2700,iter,1,0.25
Shazim_61,ayee!2701,iter,1,0.25
Shazim_61,ayee!2702,iter,1,0.25
Shazim_61,khala2416,iter,1,0.25
Shazim_61,nano2415,iter,1,0.25
Shazim_62,CATTY BT2412,iter,1,0.25
Shazim_62,TRACTOR3376,iter,1,0.25
Shazim_62,chachu3390,iter,1,0.25
Shazim_62,chuchu BT3381,iter,1,0.25
Shazim_62,dado3389,iter,1,0.25
Shazim_63,AUNTI3564,iter,1,0.25
Shazim_63,EYES2954,iter,1,0.25
Shazim_63,"ajjan, BT3566",iter,1,0.25
Shazim_63,baow baowBT2418,iter,1,0.25
Shazim_63,bhayee1896,iter,1,0.25
Shazim_63,khala2416,iter,1,0.25
Shazim_63,khala3377,iter,1,0.25
Shazim_64,AUNTI3563,iter,1,0.25
Shazim_64,AUNTI3564,iter,1,0.25
Shazim_64,EYES2703,iter,1,0.25
Shazim_64,EYES2954,iter,1,0.25
Shazim_64,MAMA3379,iter,1,0.25
Shazim_64,MAMA3380,iter,1,0.25
Shazim_64,ajao2955,iter,1,0.25
Shazim_64,ajao3565,iter,1,0.25
Shazim_64,"ajjan, BT3566",iter,1,0.25
Shazim_64,ayee!2702,iter,1,0.25
Shazim_64,baow baowBT2418,iter,1,0.25
Shazim_64,nano2415,iter,1,0.25
Shazim_65,AUNTI3563,iter,1,0.25
Shazim_65,CATTY BT2412,iter,1,0.25
Shazim_65,CATTY BT2414,iter,1,0.25
Shazim_65,DOGGY BT3387,iter,1,0.25
Shazim_65,TRACTOR3376,iter,1,0.25
Shazim_65,ajao2955,iter,1,0.25
Shazim_65,ayee!2700,iter,1,0.25
Shazim_65,ayee!2701,iter,1,0.25
Shazim_65,chachu3390,iter,1,0.25
Shazim_65,chunti2420,iter,1,0.25
Shazim_65,duddu BT3378,iter,1,0.25
Shazim_66,AUNTI3564,iter,1,0.25
Shazim_66,CATTY BT2412,iter,1,0.25
Shazim_66,"ajjan, BT3566",iter,1,0.25
Shazim_66,ayee!2700,iter,1,0.25
Shazim_66,ayee!2702,iter,1,0.25
Shazim_66,chunti2420,iter,1,0.25
Shazim_66,khala3377,iter,1,0.25
Shazim_66,nano2415,iter,1,0.25
Shazim_67,CATTY BT2412,iter,1,0.25
Shazim_67,CATTY BT2413,iter,1,0.25
Shazim_67,CATTY BT2414,iter,1,0.25
Shazim_67,CATTY BT3374,iter,1,0.25
Shazim_67,chachu3390,iter,1,0.25
Shazim_67,chunti2420,iter,1,0.25
Shazim_67,duddu BT3378,iter,1,0.25
Shazim_68,CATTY BT2412,iter,1,0.25
Shazim_68,CATTY BT2414,iter,1,0.25
Shazim_68,EYES2703,iter,1,0.25
Shazim_68,EYES2954,iter,1,0.25
Shazim_68,MAMA3379,iter,1,0.25
Shazim_68,MAMA3380,iter,1,0.25
Shazim_68,ayee!2700,iter,1,0.25
Shazim_68,baba3384,iter,1,0.25
Shazim_68,baba3385,iter,1,0.25
Shazim_68,billi3386,iter,1,0.25
Shazim_68,miyon BT1895,iter,1,0.25
Shazim_68,nano2415,iter,1,0.25
Shazim_69,AUNTI3563,iter,1,0.25
Shazim_69,ajao2955,iter,1,0.25
Shazim_69,ayee!2700,iter,1,0.25
Shazim_69,ayee!2701,iter,1,0.25
Shazim_69,ayee!2702,iter,1,0.25
Shazim_69,baow baowBT2418,iter,1,0.25
Shazim_69,bhayee1896,iter,1,0.25
Shazim_69,chunti2420,iter,1,0.25
Shazim_69,khala2416,iter,1,0.25
Shazim_69,mamu3382,iter,1,0.25
Shazim_69,miyon BT1895,iter,1,0.25
Shazim_69,nano2415,iter,1,0.25
Shazim_7,AUNTI3562,iter,1,0.25
Shazim_7,CATTY BT2412,iter,1,0.25
Shazim_7,CATTY BT3374,iter,1,0.25
Shazim_7,DOGGY BT3387,iter,1,0.25
Shazim_7,TRACTOR3376,iter,1,0.25
Shazim_7,ajao2955,iter,1,0.25
Shazim_7,dado3389,iter,1,0.25
Shazim_7,duddu BT3378,iter,1,0.25
Shazim_70,AUNTI3562,iter,1,0.25
Shazim_70,CATTY BT2414,iter,1,0.25
Shazim_70,CATTY BT3375,iter,1,0.25
Shazim_70,DOGGY BT3387,iter,1,0.25
Shazim_70,TRACTOR3376,iter,1,0.25
Shazim_70,ajao2955,iter,1,0.25
Shazim_70,chachu3390,iter,1,0.25
Shazim_70,chunti2420,iter,1,0.25
Shazim_70,dado3389,iter,1,0.25
Shazim_71,MAMA2417,iter,1,0.25
Shazim_71,MAMA3379,iter,1,0.25
Shazim_71,baow baowBT2418,iter,1,0.25
Shazim_71,mamu3382,iter,1,0.25
Shazim_71,phuppo3388,iter,1,0.25
Shazim_72,khala2416,iter,1,0.25
Shazim_72,khala3377,iter,1,0.25
Shazim_72,miyon BT1895,iter,1,0.25
Shazim_73,EYES2703,iter,1,0.25
Shazim_73,MAMA2417,iter,1,0.25
Shazim_73,MAMA3380,iter,1,0.25
Shazim_73,ayee!2700,iter,1,0.25
Shazim_73,ayee!2701,iter,1,0.25
Shazim_73,ayee!2702,iter,1,0.25
Shazim_73,baba2419,iter,1,0.25
Shazim_73,chunti2420,iter,1,0.25
Shazim_73,khala2416,iter,1,0.25
Shazim_73,mamu3382,iter,1,0.25
Shazim_73,miyon BT1895,iter,1,0.25
Shazim_74,AUNTI3562,iter,1,0.25
Shazim_74,AUNTI3563,iter,1,0.25
Shazim_74,AUNTI3564,iter,1,0.25
Shazim_74,CATTY BT2412,iter,1,0.25
Shazim_74,CATTY BT3374,iter,1,0.25
Shazim_74,CATTY BT3375,iter,1,0.25
Shazim_74,DOGGY BT3387,iter,1,0.25
Shazim_74,EYES2703,iter,1,0.25
Shazim_74,ajao2955,iter,1,0.25
Shazim_74,ajao3565,iter,1,0.25
Shazim_74,"ajjan, BT3566",iter,1,0.25
Shazim_74,ayee!2700,iter,1,0.25
Shazim_74,chuchu BT3381,iter,1,0.25
Shazim_74,chunti2420,iter,1,0.25
Shazim_74,dado3389,iter,1,0.25
Shazim_74,duddu BT3378,iter,1,0.25
Shazim_75,AUNTI3562,iter,1,0.25
Shazim_75,AUNTI3563,iter,1,0.25
Shazim_75,AUNTI3564,iter,1,0.25
Shazim_75,EYES2703,iter,1,0.25
Shazim_75,ajao2955,iter,1,0.25
Shazim_75,ajao3565,iter,1,0.25
Shazim_75,"ajjan, BT3566",iter,1,0.25
Shazim_75,ayee!2700,iter,1,0.25
Shazim_75,ayee!2701,iter,1,0.25
Shazim_75,ayee!2702,iter,1,0.25
Shazim_75,billi3386,iter,1,0.25
Shazim_75,nano2415,iter,1,0.25
Shazim_76,AUNTI3562,iter,1,0.25
Shazim_76,AUNTI3564,iter,1,0.25
Shazim_76,CATTY BT2412,iter,1,0.25
Shazim_76,CATTY BT2414,iter,1,0.25
Shazim_76,CATTY BT3374,iter,1,0.25
Shazim_76,CATTY BT3375,iter,1,0.25
Shazim_76,EYES2954,iter,1,0.25
Shazim_76,"ajjan, BT3566",iter,1,0.25
Shazim_76,ayee!2700,iter,1,0.25
Shazim_76,ayee!2701,iter,1,0.25
Shazim_76,chachu3390,iter,1,0.25
Shazim_76,chuchu BT3381,iter,1,0.25
Shazim_76,chunti2420,iter,1,0.25
Shazim_77,AUNTI3563,iter,1,0.25
Shazim_77,CATTY BT2413,iter,1,0.25
Shazim_77,CATTY BT2414,iter,1,0.25
Shazim_77,CATTY BT3375,iter,1,0.25
Shazim_77,TRACTOR3376,iter,1,0.25
Shazim_77,chunti2420,iter,1,0.25
Shazim_78,MAMA3380,iter,1,0.25
Shazim_78,mamu3382,iter,1,0.25
Shazim_79,CATTY BT3374,iter,1,0.25
Shazim_79,DOGGY BT3387,iter,1,0.25
Shazim_79,TRACTOR3376,iter,1,0.25
Shazim_79,ajao3565,iter,1,0.25
Shazim_79,chuchu BT3381,iter,1,0.25
Shazim_8,AUNTI3563,iter,1,0.25
Shazim_8,EYES2703,iter,1,0.25
Shazim_8,EYES2954,iter,1,0.25
Shazim_8,"ajjan, BT3566",iter,1,0.25
Shazim_8,ayee!2701,iter,1,0.25
Shazim_8,ayee!2702,iter,1,0.25
Shazim_8,khala3377,iter,1,0.25
Shazim_8,nano2415,iter,1,0.25
Shazim_80,MAMA3379,iter,1,0.25
Shazim_80,baba2419,iter,1,0.25
Shazim_80,baba3385,iter,1,0.25
Shazim_80,bhayee1896,iter,1,0.25
Shazim_80,mamu3383,iter,1,0.25
Shazim_81,MAMA3379,iter,1,0.25
Shazim_81,ayee!2700,iter,1,0.25
Shazim_81,baba2419,iter,1,0.25
Shazim_81,baba3384,iter,1,0.25
Shazim_81,baow baowBT2418,iter,1,0.25
Shazim_81,bhayee1896,iter,1,0.25
Shazim_81,mamu3382,iter,1,0.25
Shazim_81,mamu3383,iter,1,0.25
Shazim_82,baba2419,iter,1,0.25
Shazim_82,baba3384,iter,1,0.25
Shazim_82,baow baowBT2418,iter,1,0.25
Shazim_83,AUNTI3563,iter,1,0.25
Shazim_83,CATTY BT2413,iter,1,0.25
Shazim_83,CATTY BT3375,iter,1,0.25
Shazim_83,TRACTOR3376,iter,1,0.25
Shazim_83,ajao3565,iter,1,0.25
Shazim_83,chachu3390,iter,1,0.25
Shazim_83,chunti2420,iter,1,0.25
Shazim_84,AUNTI3562,iter,1,0.25
Shazim_84,AUNTI3564,iter,1,0.25
Shazim_84,CATTY BT3375,iter,1,0.25
Shazim_84,EYES2703,iter,1,0.25
Shazim_84,EYES2954,iter,1,0.25
Shazim_84,MAMA2417,iter,1,0.25
Shazim_84,TRACTOR3376,iter,1,0.25
Shazim_84,ajao2955,iter,1,0.25
Shazim_84,ajao3565,iter,1,0.25
Shazim_84,"ajjan, BT3566",iter,1,0.25
Shazim_84,ayee!2702,iter,1,0.25
Shazim_84,chuchu BT3381,iter,1,0.25
Shazim_84,dado3389,iter,1,0.25
Shazim_84,duddu BT3378,iter,1,0.25
Shazim_84,mamu3382,iter,1,0.25
Shazim_85,ajao2955,iter,1,0.25
Shazim_85,ajao3565,iter,1,0.25
Shazim_85,ayee!2702,iter,1,0.25
Shazim_85,khala2416,iter,1,0.25
Shazim_85,khala3377,iter,1,0.25
Shazim_85,miyon BT1895,iter,1,0.25
Shazim_85,nano2415,iter,1,0.25
Shazim_86,AUNTI3564,iter,1,0.25
Shazim_86,CATTY BT2412,iter,1,0.25
Shazim_86,CATTY BT3374,iter,1,0.25
Shazim_86,CATTY BT3375,iter,1,0.25
Shazim_86,DOGGY BT3387,iter,1,0.25
Shazim_86,EYES2703,iter,1,0.25
Shazim_86,EYES2954,iter,1,0.25
Shazim_86,TRACTOR3376,iter,1,0.25
Shazim_86,ajao2955,iter,1,0.25
Shazim_86,ayee!2702,iter,1,0.25
Shazim_86,chachu3390,iter,1,0.25
Shazim_86,chuchu BT3381,iter,1,0.25
Shazim_87,AUNTI3562,iter,1,0.25
Shazim_87,AUNTI3563,iter,1,0.25
Shazim_87,AUNTI3564,iter,1,0.25
Shazim_87,CATTY BT2412,iter,1,0.25
Shazim_87,CATTY BT3374,iter,1,0.25
Shazim_87,DOGGY BT3387,iter,1,0.25
Shazim_87,ajao2955,iter,1,0.25
Shazim_87,ajao3565,iter,1,0.25
Shazim_87,ayee!2701,iter,1,0.25
Shazim_87,chachu3390,iter,1,0.25
Shazim_87,chuchu BT3381,iter,1,0.25
Shazim_87,chunti2420,iter,1,0.25
Shazim_88,AUNTI3562,iter,1,0.25
Shazim_88,AUNTI3563,iter,1,0.25
Shazim_88,CATTY BT2414,iter,1,0.25
Shazim_88,CATTY BT3374,iter,1,0.25
Shazim_88,ajao2955,iter,1,0.25
Shazim_89,AUNTI3562,iter,1,0.25
Shazim_89,CATTY BT2412,iter,1,0.25
Shazim_89,DOGGY BT3387,iter,1,0.25
Shazim_89,ajao2955,iter,1,0.25
Shazim_89,chuchu BT3381,iter,1,0.25
Shazim_89,chunti2420,iter,1,0.25
Shazim_89,dado3389,iter,1,0.25
Shazim_89,duddu BT3378,iter,1,0.25
Shazim_9,AUNTI3562,iter,1,0.25
Shazim_9,AUNTI3564,iter,1,0.25
Shazim_9,CATTY BT2414,iter,1,0.25
Shazim_9,CATTY BT3375,iter,1,0.25
Shazim_9,DOGGY BT3387,iter,1,0.25
Shazim_9,EYES2703,iter,1,0.25
Shazim_9,EYES2954,iter,1,0.25
Shazim_9,ajao2955,iter,1,0.25
Shazim_9,ajao3565,iter,1,0.25
Shazim_9,ayee!2702,iter,1,0.25
Shazim_9,chachu3390,iter,1,0.25
Shazim_9,chuchu BT3381,iter,1,0.25
Shazim_90,AUNTI3564,iter,1,0.25
Shazim_90,CATTY BT2412,iter,1,0.25
Shazim_90,EYES2703,iter,1,0.25
Shazim_90,"ajjan, BT3566",iter,1,0.25
Shazim_90,ayee!2700,iter,1,0.25
Shazim_90,ayee!2702,iter,1,0.25
Shazim_90,baba2419,iter,1,0.25
Shazim_90,bhayee1896,iter,1,0.25
Shazim_90,khala3377,iter,1,0.25
Shazim_90,mamu3382,iter,1,0.25
Shazim_91,AUNTI3562,iter,1,0.25
Shazim_91,AUNTI3563,iter,1,0.25
Shazim_91,CATTY BT2412,iter,1,0.25
Shazim_91,CATTY BT2414,iter,1,0.25
Shazim_91,CATTY BT3375,iter,1,0.25
Shazim_91,ajao2955,iter,1,0.25
Shazim_91,ayee!2700,iter,1,0.25
Shazim_91,ayee!2701,iter,1,0.25
Shazim_91,baow baowBT2418,iter,1,0.25
Shazim_91,bhayee1896,iter,1,0.25
Shazim_91,chunti2420,iter,1,0.25
Shazim_91,duddu BT3378,iter,1,0.25
Shazim_92,CATTY BT2413,iter,1,0.25
Shazim_92,CATTY BT3375,iter,1,0.25
Shazim_92,ajao2955,iter,1,0.25
Shazim_92,ajao3565,iter,1,0.25
Shazim_92,chuchu BT3381,iter,1,0.25
Shazim_92,chunti2420,iter,1,0.25
Shazim_92,duddu BT3378,iter,1,0.25
Shazim_93,MAMA2417,iter,1,0.25
Shazim_93,mamu3382,iter,1,0.25
Shazim_94,EYES2703,iter,1,0.25
Shazim_94,Kashmir2704,iter,1,0.25
Shazim_94,MAMA3380,iter,1,0.25
Shazim_94,ayee!2700,iter,1,0.25
Shazim_94,baba2419,iter,1,0.25
Shazim_94,baba3384,iter,1,0.25
Shazim_94,baba3385,iter,1,0.25
Shazim_94,bhayee1896,iter,1,0.25
Shazim_94,billi3386,iter,1,0.25
Shazim_94,chunti2420,iter,1,0.25
Shazim_94,mamu3382,iter,1,0.25
Shazim_94,miyon BT1895,iter,1,0.25
Shazim_94,nano2415,iter,1,0.25
Shazim_94,phuppo3388,iter,1,0.25
Shazim_95,CATTY BT2414,iter,1,0.25
Shazim_95,EYES2703,iter,1,0.25
Shazim_95,MAMA2417,iter,1,0.25
Shazim_95,ayee!2700,iter,1,0.25
Shazim_95,ayee!2701,iter,1,0.25
Shazim_95,ayee!2702,iter,1,0.25
Shazim_95,baba2419,iter,1,0.25
Shazim_95,chunti2420,iter,1,0.25
Shazim_95,khala2416,iter,1,0.25
Shazim_95,khala3377,iter,1,0.25
Shazim_96,EYES2703,iter,1,0.25
Shazim_96,MAMA2417,iter,1,0.25
Shazim_96,MAMA3379,iter,1,0.25
Shazim_96,ayee!2700,iter,1,0.25
Shazim_96,ayee!2701,iter,1,0.25
Shazim_96,baba3384,iter,1,0.25
Shazim_96,baow baowBT2418,iter,1,0.25
Shazim_96,khala2416,iter,1,0.25
Shazim_96,mamu3382,iter,1,0.25
Shazim_96,nano2415,iter,1,0.25
Shazim_97,AUNTI3564,iter,1,0.25
Shazim_97,EYES2703,iter,1,0.25
Shazim_97,Kashmir2704,iter,1,0.25
Shazim_97,MAMA3379,iter,1,0.25
Shazim_97,ajao2955,iter,1,0.25
Shazim_97,"ajjan, BT3566",iter,1,0.25
Shazim_97,baba2419,iter,1,0.25
Shazim_97,baow baowBT2418,iter,1,0.25
Shazim_97,bhayee1896,iter,1,0.25
Shazim_97,miyon BT1895,iter,1,0.25
Shazim_97,nano2415,iter,1,0.25
Shazim_98,baba2419,iter,1,0.25
Shazim_98,bhayee1896,iter,1,0.25
Shazim_99,CATTY BT2412,iter,1,0.25
Shazim_99,CATTY BT2413,iter,1,0.25
Shazim_99,CATTY BT3375,iter,1,0.25
Shazim_99,DOGGY BT3387,iter,1,0.25
Shazim_99,ajao2955,iter,1,0.25
Shazim_99,chachu3390,iter,1,0.25
Shazim_99,chunti2420,iter,1,0.25
Sini_1,juna2684,iter,1,0.25
Sini_1,kirja1833,iter,1,0.25
Sini_1,leipä2891,iter,1,0.25
Sini_1,loppu3268,iter,1,0.25
Sini_1,napa2893,iter,1,0.25
Sini_1,nappi2173,iter,1,0.25
Sini_1,pallo1838,iter,1,0.25
Sini_1,pupu2174,iter,1,0.25
Sini_1,pupu2175,iter,1,0.25
Sini_1,puuro1841,iter,1,0.25
Sini_1,pyörä1842,iter,1,0.25
Sini_1,tyttö3276,iter,1,0.25
Sini_1,vettä3543,iter,1,0.25
Sini_10,heppa3532,iter,1,0.25
Sini_10,kiikkaa3260,iter,1,0.25
Sini_10,kiikkaa3261,iter,1,0.25
Sini_10,korkki3265,iter,1,0.25
Sini_10,koti2172,iter,1,0.25
Sini_10,kuppi3267,iter,1,0.25
Sini_10,laukku3534,iter,1,0.25
Sini_10,leipä2891,iter,1,0.25
Sini_10,loppu3535,iter,1,0.25
Sini_10,rikki3539,iter,1,0.25
Sini_10,sakset3273,iter,1,0.25
Sini_10,suklaa3541,iter,1,0.25
Sini_10,ukki3542,iter,1,0.25
Sini_10,vettä3543,iter,1,0.25
Sini_100,heihei2683,iter,1,0.25
Sini_100,nami2892,iter,1,0.25
Sini_11,kiikkaa3261,iter,1,0.25
Sini_11,kirja1833,iter,1,0.25
Sini_11,korkki3264,iter,1,0.25
Sini_11,koti2172,iter,1,0.25
Sini_11,kukka3266,iter,1,0.25
Sini_11,kuppi3267,iter,1,0.25
Sini_11,laukku3534,iter,1,0.25
Sini_11,rikki3539,iter,1,0.25
Sini_11,tiktak2178,iter,1,0.25
Sini_12,kirja1834,iter,1,0.25
Sini_12,koti2172,iter,1,0.25
Sini_12,leipä2891,iter,1,0.25
Sini_12,mummi3146,iter,1,0.25
Sini_12,nami2892,iter,1,0.25
Sini_12,nappi3270,iter,1,0.25
Sini_12,piilo1840,iter,1,0.25
Sini_12,pupu2175,iter,1,0.25
Sini_12,pyörä1842,iter,1,0.25
Sini_12,tässä1843,iter,1,0.25
Sini_12,viili2685,iter,1,0.25
Sini_13,heihei2683,iter,1,0.25
Sini_13,heppa3532,iter,1,0.25
Sini_13,laukku3534,iter,1,0.25
Sini_13,loppu3535,iter,1,0.25
Sini_13,napa2893,iter,1,0.25
Sini_13,suklaa3541,iter,1,0.25
Sini_13,tyttö3277,iter,1,0.25
Sini_13,täti2177,iter,1,0.25
Sini_14,kirja1834,iter,1,0.25
Sini_14,kynä1836,iter,1,0.25
Sini_14,leipä2891,iter,1,0.25
Sini_14,loppu3536,iter,1,0.25
Sini_14,minun1837,iter,1,0.25
Sini_14,napa2893,iter,1,0.25
Sini_14,pallo1839,iter,1,0.25
Sini_14,pupu2175,iter,1,0.25
Sini_14,pyörä1842,iter,1,0.25
Sini_14,viili2685,iter,1,0.25
Sini_15,heppa3532,iter,1,0.25
Sini_15,juna2684,iter,1,0.25
Sini_15,korva1835,iter,1,0.25
Sini_15,koti2172,iter,1,0.25
Sini_15,loppu3269,iter,1,0.25
Sini_15,nami2892,iter,1,0.25
Sini_15,napa2893,iter,1,0.25
Sini_15,piilo1840,iter,1,0.25
Sini_15,puuro1841,iter,1,0.25
Sini_15,pyörä1842,iter,1,0.25
Sini_15,täti2177,iter,1,0.25
Sini_16,heppa3532,iter,1,0.25
Sini_16,istuu3533,iter,1,0.25
Sini_16,kirja1833,iter,1,0.25
Sini_16,laukku3534,iter,1,0.25
Sini_16,leipä2891,iter,1,0.25
Sini_16,nami2892,iter,1,0.25
Sini_16,napa2893,iter,1,0.25
Sini_16,nappi2173,iter,1,0.25
Sini_16,nappi3538,iter,1,0.25
Sini_16,pallo1839,iter,1,0.25
Sini_16,piilo1840,iter,1,0.25
Sini_16,pyörä1842,iter,1,0.25
Sini_16,setä2176,iter,1,0.25
Sini_16,tässä1843,iter,1,0.25
Sini_16,täti2177,iter,1,0.25
Sini_16,vettä3543,iter,1,0.25
Sini_17,heppa3532,iter,1,0.25
Sini_17,rikki3539,iter,1,0.25
Sini_17,suklaa3541,iter,1,0.25
Sini_17,tutti3274,iter,1,0.25
Sini_17,tyttö3277,iter,1,0.25
Sini_17,ukki3542,iter,1,0.25
Sini_17,vettä3543,iter,1,0.25
Sini_17,viili2685,iter,1,0.25
Sini_17,yhtään3531,iter,1,0.25
Sini_18,napa2893,iter,1,0.25
Sini_18,nappi2173,iter,1,0.25
Sini_18,nappi3538,iter,1,0.25
Sini_18,pallo1838,iter,1,0.25
Sini_18,pupu2174,iter,1,0.25
Sini_19,setä2176,iter,1,0.25
Sini_19,tyttö3275,iter,1,0.25
Sini_19,täti2177,iter,1,0.25
Sini_19,yhtään3531,iter,1,0.25
Sini_2,setä2176,iter,1,0.25
Sini_2,tutti3274,iter,1,0.25
Sini_2,tyttö3276,iter,1,0.25
Sini_2,tässä1843,iter,1,0.25
Sini_20,kakku3259,iter,1,0.25
Sini_20,kiikkaa3260,iter,1,0.25
Sini_20,kirja1833,iter,1,0.25
Sini_20,korkki3265,iter,1,0.25
Sini_20,korva1835,iter,1,0.25
Sini_20,kvaak-kvaak3278,iter,1,0.25
Sini_20,kynä1836,iter,1,0.25
Sini_20,sakset3273,iter,1,0.25
Sini_20,suklaa3541,iter,1,0.25
Sini_20,tiktak2178,iter,1,0.25
Sini_21,heppa3532,iter,1,0.25
Sini_21,korva1835,iter,1,0.25
Sini_21,koti2172,iter,1,0.25
Sini_21,loppu3268,iter,1,0.25
Sini_21,loppu3269,iter,1,0.25
Sini_21,mummi3146,iter,1,0.25
Sini_21,pallo1839,iter,1,0.25
Sini_21,piilo1840,iter,1,0.25
Sini_21,pyörä1842,iter,1,0.25
Sini_22,loppu3536,iter,1,0.25
Sini_22,pupu2174,iter,1,0.25
Sini_22,pyörä1842,iter,1,0.25
Sini_23,kakku3259,iter,1,0.25
Sini_23,kirja1833,iter,1,0.25
Sini_23,kirja1834,iter,1,0.25
Sini_23,korkki3264,iter,1,0.25
Sini_23,rikki3272,iter,1,0.25
Sini_24,istuu3533,iter,1,0.25
Sini_24,loppu3537,iter,1,0.25
Sini_24,nami2892,iter,1,0.25
Sini_24,napa2893,iter,1,0.25
Sini_24,nappi3270,iter,1,0.25
Sini_24,nappi3538,iter,1,0.25
Sini_24,vettä3543,iter,1,0.25
Sini_25,hauhau2686,iter,1,0.25
Sini_25,heppa3532,iter,1,0.25
Sini_25,korkki3265,iter,1,0.25
Sini_25,kukka3266,iter,1,0.25
Sini_25,kvaak-kvaak3278,iter,1,0.25
Sini_25,laukku3534,iter,1,0.25
Sini_25,leipä2891,iter,1,0.25
Sini_25,loppu3536,iter,1,0.25
Sini_25,nami2892,iter,1,0.25
Sini_25,ukki3542,iter,1,0.25
Sini_25,viili2685,iter,1,0.25
Sini_25,yhtään3531,iter,1,0.25
Sini_26,juna2684,iter,1,0.25
Sini_26,korva1835,iter,1,0.25
Sini_26,koti2172,iter,1,0.25
Sini_26,mummi3146,iter,1,0.25
Sini_26,nami2892,iter,1,0.25
Sini_26,nappi3270,iter,1,0.25
Sini_26,pallo1839,iter,1,0.25
Sini_26,pupu2175,iter,1,0.25
Sini_26,puuro1841,iter,1,0.25
Sini_26,pyörä1842,iter,1,0.25
Sini_27,heihei2683,iter,1,0.25
Sini_27,istuu3533,iter,1,0.25
Sini_27,kirja1833,iter,1,0.25
Sini_27,koti2172,iter,1,0.25
Sini_27,kynä1836,iter,1,0.25
Sini_27,loppu3268,iter,1,0.25
Sini_27,nami2892,iter,1,0.25
Sini_27,piilo1840,iter,1,0.25
Sini_27,setä2176,iter,1,0.25
Sini_27,tyttö3276,iter,1,0.25
Sini_27,tyttö3277,iter,1,0.25
Sini_27,täti2177,iter,1,0.25
Sini_28,hauhau2686,iter,1,0.25
Sini_28,juna2684,iter,1,0.25
Sini_28,kakku3259,iter,1,0.25
Sini_28,kiikkaa3260,iter,1,0.25
Sini_28,kirja1834,iter,1,0.25
Sini_28,korkki3264,iter,1,0.25
Sini_28,koti2172,iter,1,0.25
Sini_28,kukka3266,iter,1,0.25
Sini_28,kynä1836,iter,1,0.25
Sini_28,laukku3534,iter,1,0.25
Sini_28,leipä2891,iter,1,0.25
Sini_28,nami2892,iter,1,0.25
Sini_28,pallo1838,iter,1,0.25
Sini_28,pupu2175,iter,1,0.25
Sini_28,rikki3272,iter,1,0.25
Sini_29,kiikkaa3261,iter,1,0.25
Sini_29,kiikkaa3262,iter,1,0.25
Sini_29,kuppi3267,iter,1,0.25
Sini_29,laukku3534,iter,1,0.25
Sini_29,roska3540,iter,1,0.25
Sini_3,heihei2683,iter,1,0.25
Sini_3,laukku3534,iter,1,0.25
Sini_3,leipä2891,iter,1,0.25
Sini_3,loppu3269,iter,1,0.25
Sini_3,loppu3537,iter,1,0.25
Sini_3,nami2892,iter,1,0.25
Sini_3,napa2893,iter,1,0.25
Sini_3,nappi2173,iter,1,0.25
Sini_3,ukki3542,iter,1,0.25
Sini_30,hauhau2686,iter,1,0.25
Sini_30,heihei2683,iter,1,0.25
Sini_30,juna2684,iter,1,0.25
Sini_30,laukku3534,iter,1,0.25
Sini_30,loppu3268,iter,1,0.25
Sini_30,napa2893,iter,1,0.25
Sini_30,nappi3270,iter,1,0.25
Sini_30,nappi3538,iter,1,0.25
Sini_30,ukki3542,iter,1,0.25
Sini_31,leipä2891,iter,1,0.25
Sini_31,pallo1838,iter,1,0.25
Sini_31,pupu2174,iter,1,0.25
Sini_32,loppu3535,iter,1,0.25
Sini_32,loppu3536,iter,1,0.25
Sini_32,napa2893,iter,1,0.25
Sini_32,nappi3270,iter,1,0.25
Sini_32,pallo1838,iter,1,0.25
Sini_32,pallo1839,iter,1,0.25
Sini_33,hauhau2686,iter,1,0.25
Sini_33,kirja1833,iter,1,0.25
Sini_33,minun1837,iter,1,0.25
Sini_33,mummi3146,iter,1,0.25
Sini_33,puuro1841,iter,1,0.25
Sini_33,viili2685,iter,1,0.25
Sini_34,kiikkaa3262,iter,1,0.25
Sini_34,korkki3264,iter,1,0.25
Sini_34,korva1835,iter,1,0.25
Sini_34,koti2172,iter,1,0.25
Sini_34,kukka3266,iter,1,0.25
Sini_34,sakset3273,iter,1,0.25
Sini_35,heihei2683,iter,1,0.25
Sini_35,juna2684,iter,1,0.25
Sini_35,korkki3265,iter,1,0.25
Sini_35,laukku3534,iter,1,0.25
Sini_35,loppu3536,iter,1,0.25
Sini_35,loppu3537,iter,1,0.25
Sini_35,rikki3272,iter,1,0.25
Sini_35,yhtään3531,iter,1,0.25
Sini_36,kiikkaa3260,iter,1,0.25
Sini_36,kiikkaa3261,iter,1,0.25
Sini_36,kiikkaa3262,iter,1,0.25
Sini_36,kirja1833,iter,1,0.25
Sini_36,kirja1834,iter,1,0.25
Sini_36,korkki3263,iter,1,0.25
Sini_36,korkki3264,iter,1,0.25
Sini_36,laukku3534,iter,1,0.25
Sini_36,suklaa3541,iter,1,0.25
Sini_37,korkki3263,iter,1,0.25
Sini_37,korkki3265,iter,1,0.25
Sini_37,kukka3266,iter,1,0.25
Sini_37,kuppi3267,iter,1,0.25
Sini_37,kvaak-kvaak3278,iter,1,0.25
Sini_37,roska3540,iter,1,0.25
Sini_38,juna2684,iter,1,0.25
Sini_38,kiikkaa3260,iter,1,0.25
Sini_38,korkki3264,iter,1,0.25
Sini_38,korva1835,iter,1,0.25
Sini_38,kynä1836,iter,1,0.25
Sini_38,nami2892,iter,1,0.25
Sini_38,nappi2173,iter,1,0.25
Sini_38,piilo1840,iter,1,0.25
Sini_38,pupu2175,iter,1,0.25
Sini_38,rikki3272,iter,1,0.25
Sini_38,tiktak2178,iter,1,0.25
Sini_38,tässä1843,iter,1,0.25
Sini_39,hauhau2686,iter,1,0.25
Sini_39,kirja1833,iter,1,0.25
Sini_39,korva1835,iter,1,0.25
Sini_39,kynä1836,iter,1,0.25
Sini_39,mummi3146,iter,1,0.25
Sini_39,napa2893,iter,1,0.25
Sini_39,pallo1838,iter,1,0.25
Sini_39,pallo1839,iter,1,0.25
Sini_39,piilo1840,iter,1,0.25
Sini_39,pupu2174,iter,1,0.25
Sini_39,roska3540,iter,1,0.25
Sini_39,tässä1843,iter,1,0.25
Sini_39,vettä3543,iter,1,0.25
Sini_4,hauhau2686,iter,1,0.25
Sini_4,heppa3532,iter,1,0.25
Sini_4,kirja1834,iter,1,0.25
Sini_4,koti2172,iter,1,0.25
Sini_4,leipä2891,iter,1,0.25
Sini_4,loppu3268,iter,1,0.25
Sini_4,loppu3535,iter,1,0.25
Sini_4,napa2893,iter,1,0.25
Sini_4,nappi3270,iter,1,0.25
Sini_4,pallo1838,iter,1,0.25
Sini_4,piilo1840,iter,1,0.25
Sini_4,rikki3539,iter,1,0.25
Sini_4,setä2176,iter,1,0.25
Sini_4,tässä1843,iter,1,0.25
Sini_4,täti2177,iter,1,0.25
Sini_4,ukki3542,iter,1,0.25
Sini_4,viili2685,iter,1,0.25
Sini_40,hauhau2686,iter,1,0.25
Sini_40,juna2684,iter,1,0.25
Sini_40,loppu3269,iter,1,0.25
Sini_40,loppu3535,iter,1,0.25
Sini_40,pupu2175,iter,1,0.25
Sini_40,vettä3543,iter,1,0.25
Sini_40,viili2685,iter,1,0.25
Sini_40,yhtään3531,iter,1,0.25
Sini_41,hauhau2686,iter,1,0.25
Sini_41,laukku3534,iter,1,0.25
Sini_41,leipä2891,iter,1,0.25
Sini_41,nami2892,iter,1,0.25
Sini_41,roska3540,iter,1,0.25
Sini_41,tutti3274,iter,1,0.25
Sini_41,tyttö3275,iter,1,0.25
Sini_41,vettä3543,iter,1,0.25
Sini_41,viili2685,iter,1,0.25
Sini_42,juna2684,iter,1,0.25
Sini_42,kirja1833,iter,1,0.25
Sini_42,kirja1834,iter,1,0.25
Sini_42,leipä2891,iter,1,0.25
Sini_42,loppu3268,iter,1,0.25
Sini_42,minun1837,iter,1,0.25
Sini_42,nami2892,iter,1,0.25
Sini_42,pallo1838,iter,1,0.25
Sini_42,tyttö3275,iter,1,0.25
Sini_43,juna2684,iter,1,0.25
Sini_43,koti2172,iter,1,0.25
Sini_43,leipä2891,iter,1,0.25
Sini_43,nami2892,iter,1,0.25
Sini_43,pallo1838,iter,1,0.25
Sini_43,pallo1839,iter,1,0.25
Sini_43,pallo3271,iter,1,0.25
Sini_43,pyörä1842,iter,1,0.25
Sini_44,kirja1834,iter,1,0.25
Sini_44,korva1835,iter,1,0.25
Sini_44,loppu3268,iter,1,0.25
Sini_44,napa2893,iter,1,0.25
Sini_44,pallo1838,iter,1,0.25
Sini_44,pallo1839,iter,1,0.25
Sini_44,piilo1840,iter,1,0.25
Sini_44,pupu2175,iter,1,0.25
Sini_44,pyörä1842,iter,1,0.25
Sini_44,setä2176,iter,1,0.25
Sini_44,tyttö3276,iter,1,0.25
Sini_45,hauhau2686,iter,1,0.25
Sini_45,laukku3534,iter,1,0.25
Sini_45,loppu3536,iter,1,0.25
Sini_45,napa2893,iter,1,0.25
Sini_45,täti2177,iter,1,0.25
Sini_45,ukki3542,iter,1,0.25
Sini_45,viili2685,iter,1,0.25
Sini_46,koti2172,iter,1,0.25
Sini_46,minun1837,iter,1,0.25
Sini_46,mummi3146,iter,1,0.25
Sini_46,napa2893,iter,1,0.25
Sini_46,pallo1838,iter,1,0.25
Sini_46,pallo1839,iter,1,0.25
Sini_46,piilo1840,iter,1,0.25
Sini_46,pyörä1842,iter,1,0.25
Sini_46,setä2176,iter,1,0.25
Sini_46,viili2685,iter,1,0.25
Sini_47,kakku3259,iter,1,0.25
Sini_47,korkki3263,iter,1,0.25
Sini_47,korkki3265,iter,1,0.25
Sini_47,kvaak-kvaak3278,iter,1,0.25
Sini_47,kynä1836,iter,1,0.25
Sini_47,rikki3272,iter,1,0.25
Sini_47,tiktak2178,iter,1,0.25
Sini_47,ukki3542,iter,1,0.25
Sini_48,heihei2683,iter,1,0.25
Sini_48,korva1835,iter,1,0.25
Sini_48,kynä1836,iter,1,0.25
Sini_48,nami2892,iter,1,0.25
Sini_48,napa2893,iter,1,0.25
Sini_48,pallo1838,iter,1,0.25
Sini_48,rikki3539,iter,1,0.25
Sini_48,roska3540,iter,1,0.25
Sini_48,ukki3542,iter,1,0.25
Sini_48,viili2685,iter,1,0.25
Sini_49,heppa3532,iter,1,0.25
Sini_49,istuu3533,iter,1,0.25
Sini_49,loppu3269,iter,1,0.25
Sini_49,loppu3535,iter,1,0.25
Sini_49,nappi3270,iter,1,0.25
Sini_49,pupu2174,iter,1,0.25
Sini_49,pupu2175,iter,1,0.25
Sini_49,roska3540,iter,1,0.25
Sini_49,suklaa3541,iter,1,0.25
Sini_49,vettä3543,iter,1,0.25
Sini_5,tyttö3276,iter,1,0.25
Sini_50,heihei2683,iter,1,0.25
Sini_50,heppa3532,iter,1,0.25
Sini_50,loppu3268,iter,1,0.25
Sini_50,loppu3536,iter,1,0.25
Sini_50,loppu3537,iter,1,0.25
Sini_50,nami2892,iter,1,0.25
Sini_50,roska3540,iter,1,0.25
Sini_50,suklaa3541,iter,1,0.25
Sini_50,vettä3543,iter,1,0.25
Sini_51,heihei2683,iter,1,0.25
Sini_51,kiikkaa3262,iter,1,0.25
Sini_51,korkki3265,iter,1,0.25
Sini_51,loppu3535,iter,1,0.25
Sini_51,napa2893,iter,1,0.25
Sini_51,nappi3538,iter,1,0.25
Sini_51,rikki3272,iter,1,0.25
Sini_51,rikki3539,iter,1,0.25
Sini_51,sakset3273,iter,1,0.25
Sini_51,ukki3542,iter,1,0.25
Sini_51,vettä3543,iter,1,0.25
Sini_51,yhtään3531,iter,1,0.25
Sini_52,juna2684,iter,1,0.25
Sini_52,kirja1833,iter,1,0.25
Sini_52,koti2172,iter,1,0.25
Sini_52,kynä1836,iter,1,0.25
Sini_52,leipä2891,iter,1,0.25
Sini_52,napa2893,iter,1,0.25
Sini_52,nappi2173,iter,1,0.25
Sini_52,pallo1838,iter,1,0.25
Sini_52,puuro1841,iter,1,0.25
Sini_52,pyörä1842,iter,1,0.25
Sini_52,setä2176,iter,1,0.25
Sini_52,tutti3274,iter,1,0.25
Sini_52,tyttö3275,iter,1,0.25
Sini_52,yhtään3531,iter,1,0.25
Sini_53,hauhau2686,iter,1,0.25
Sini_53,heppa3532,iter,1,0.25
Sini_53,istuu3533,iter,1,0.25
Sini_53,kiikkaa3260,iter,1,0.25
Sini_53,korkki3264,iter,1,0.25
Sini_53,kukka3266,iter,1,0.25
Sini_53,kuppi3267,iter,1,0.25
Sini_53,laukku3534,iter,1,0.25
Sini_53,rikki3272,iter,1,0.25
Sini_54,heppa3532,iter,1,0.25
Sini_54,istuu3533,iter,1,0.25
Sini_54,loppu3535,iter,1,0.25
Sini_54,napa2893,iter,1,0.25
Sini_54,nappi3538,iter,1,0.25
Sini_54,tyttö3275,iter,1,0.25
Sini_54,tyttö3277,iter,1,0.25
Sini_55,heihei2683,iter,1,0.25
Sini_55,kirja1834,iter,1,0.25
Sini_55,laukku3534,iter,1,0.25
Sini_55,loppu3537,iter,1,0.25
Sini_55,nami2892,iter,1,0.25
Sini_55,nappi3538,iter,1,0.25
Sini_55,pupu2175,iter,1,0.25
Sini_55,roska3540,iter,1,0.25
Sini_55,suklaa3541,iter,1,0.25
Sini_55,ukki3542,iter,1,0.25
Sini_56,koti2172,iter,1,0.25
Sini_56,kynä1836,iter,1,0.25
Sini_56,minun1837,iter,1,0.25
Sini_56,piilo1840,iter,1,0.25
Sini_56,pupu2175,iter,1,0.25
Sini_56,setä2176,iter,1,0.25
Sini_56,täti2177,iter,1,0.25
Sini_56,viili2685,iter,1,0.25
Sini_57,istuu3533,iter,1,0.25
Sini_57,korva1835,iter,1,0.25
Sini_57,mummi3146,iter,1,0.25
Sini_57,nami2892,iter,1,0.25
Sini_57,napa2893,iter,1,0.25
Sini_57,nappi3538,iter,1,0.25
Sini_57,piilo1840,iter,1,0.25
Sini_57,puuro1841,iter,1,0.25
Sini_57,roska3540,iter,1,0.25
Sini_57,täti2177,iter,1,0.25
Sini_57,ukki3542,iter,1,0.25
Sini_57,vettä3543,iter,1,0.25
Sini_58,kiikkaa3260,iter,1,0.25
Sini_58,kirja1834,iter,1,0.25
Sini_58,suklaa3541,iter,1,0.25
Sini_58,ukki3542,iter,1,0.25
Sini_59,hauhau2686,iter,1,0.25
Sini_59,korkki3263,iter,1,0.25
Sini_59,kynä1836,iter,1,0.25
Sini_59,leipä2891,iter,1,0.25
Sini_59,minun1837,iter,1,0.25
Sini_59,mummi3146,iter,1,0.25
Sini_59,pallo1838,iter,1,0.25
Sini_59,piilo1840,iter,1,0.25
Sini_59,viili2685,iter,1,0.25
Sini_6,istuu3533,iter,1,0.25
Sini_6,tutti3274,iter,1,0.25
Sini_6,vettä3543,iter,1,0.25
Sini_60,heihei2683,iter,1,0.25
Sini_60,juna2684,iter,1,0.25
Sini_60,korva1835,iter,1,0.25
Sini_60,loppu3535,iter,1,0.25
Sini_60,mummi3146,iter,1,0.25
Sini_60,nami2892,iter,1,0.25
Sini_60,piilo1840,iter,1,0.25
Sini_60,pupu2174,iter,1,0.25
Sini_60,pupu2175,iter,1,0.25
Sini_60,puuro1841,iter,1,0.25
Sini_60,tässä1843,iter,1,0.25
Sini_60,viili2685,iter,1,0.25
Sini_61,kiikkaa3262,iter,1,0.25
Sini_61,kynä1836,iter,1,0.25
Sini_61,rikki3272,iter,1,0.25
Sini_62,kiikkaa3261,iter,1,0.25
Sini_62,korkki3265,iter,1,0.25
Sini_62,kukka3266,iter,1,0.25
Sini_62,rikki3539,iter,1,0.25
Sini_63,kiikkaa3261,iter,1,0.25
Sini_63,kirja1833,iter,1,0.25
Sini_63,korkki3265,iter,1,0.25
Sini_63,kukka3266,iter,1,0.25
Sini_63,mummi3146,iter,1,0.25
Sini_63,pallo1838,iter,1,0.25
Sini_63,piilo1840,iter,1,0.25
Sini_63,pupu2175,iter,1,0.25
Sini_63,pyörä1842,iter,1,0.25
Sini_63,täti2177,iter,1,0.25
Sini_63,viili2685,iter,1,0.25
Sini_64,hauhau2686,iter,1,0.25
Sini_64,heppa3532,iter,1,0.25
Sini_64,istuu3533,iter,1,0.25
Sini_64,loppu3268,iter,1,0.25
Sini_64,loppu3535,iter,1,0.25
Sini_64,loppu3537,iter,1,0.25
Sini_64,nappi3538,iter,1,0.25
Sini_64,pupu2175,iter,1,0.25
Sini_64,suklaa3541,iter,1,0.25
Sini_64,viili2685,iter,1,0.25
Sini_64,yhtään3531,iter,1,0.25
Sini_65,juna2684,iter,1,0.25
Sini_65,kirja1834,iter,1,0.25
Sini_65,loppu3268,iter,1,0.25
Sini_65,loppu3537,iter,1,0.25
Sini_65,nappi2173,iter,1,0.25
Sini_65,nappi3538,iter,1,0.25
Sini_65,piilo1840,iter,1,0.25
Sini_65,puuro1841,iter,1,0.25
Sini_65,setä2176,iter,1,0.25
Sini_65,suklaa3541,iter,1,0.25
Sini_65,viili2685,iter,1,0.25
Sini_65,yhtään3531,iter,1,0.25
Sini_66,leipä2891,iter,1,0.25
Sini_66,loppu3536,iter,1,0.25
Sini_66,nami2892,iter,1,0.25
Sini_66,nappi2173,iter,1,0.25
Sini_66,pallo1838,iter,1,0.25
Sini_66,pallo1839,iter,1,0.25
Sini_66,piilo1840,iter,1,0.25
Sini_66,pupu2174,iter,1,0.25
Sini_66,puuro1841,iter,1,0.25
Sini_66,tässä1843,iter,1,0.25
Sini_66,täti2177,iter,1,0.25
Sini_66,ukki3542,iter,1,0.25
Sini_66,yhtään3531,iter,1,0.25
Sini_67,kiikkaa3262,iter,1,0.25
Sini_67,kukka3266,iter,1,0.25
Sini_67,rikki3272,iter,1,0.25
Sini_67,rikki3539,iter,1,0.25
Sini_67,sakset3273,iter,1,0.25
Sini_67,tiktak2178,iter,1,0.25
Sini_68,kakku3259,iter,1,0.25
Sini_68,kiikkaa3262,iter,1,0.25
Sini_68,kirja1833,iter,1,0.25
Sini_68,kirja1834,iter,1,0.25
Sini_68,korkki3264,iter,1,0.25
Sini_68,kvaak-kvaak3278,iter,1,0.25
Sini_68,laukku3534,iter,1,0.25
Sini_69,heihei2683,iter,1,0.25
Sini_69,kirja1833,iter,1,0.25
Sini_69,kynä1836,iter,1,0.25
Sini_69,napa2893,iter,1,0.25
Sini_69,piilo1840,iter,1,0.25
Sini_69,puuro1841,iter,1,0.25
Sini_7,hauhau2686,iter,1,0.25
Sini_7,heppa3532,iter,1,0.25
Sini_7,kirja1833,iter,1,0.25
Sini_7,kirja1834,iter,1,0.25
Sini_7,kynä1836,iter,1,0.25
Sini_7,laukku3534,iter,1,0.25
Sini_7,nami2892,iter,1,0.25
Sini_7,napa2893,iter,1,0.25
Sini_7,nappi3538,iter,1,0.25
Sini_7,pallo1839,iter,1,0.25
Sini_7,ukki3542,iter,1,0.25
Sini_7,vettä3543,iter,1,0.25
Sini_7,viili2685,iter,1,0.25
Sini_7,yhtään3531,iter,1,0.25
Sini_70,heppa3532,iter,1,0.25
Sini_70,loppu3268,iter,1,0.25
Sini_70,loppu3269,iter,1,0.25
Sini_70,loppu3535,iter,1,0.25
Sini_70,loppu3537,iter,1,0.25
Sini_70,napa2893,iter,1,0.25
Sini_70,nappi3270,iter,1,0.25
Sini_70,pallo1838,iter,1,0.25
Sini_70,piilo1840,iter,1,0.25
Sini_70,pupu2175,iter,1,0.25
Sini_70,puuro1841,iter,1,0.25
Sini_70,pyörä1842,iter,1,0.25
Sini_70,tässä1843,iter,1,0.25
Sini_71,heihei2683,iter,1,0.25
Sini_71,istuu3533,iter,1,0.25
Sini_71,juna2684,iter,1,0.25
Sini_71,kirja1834,iter,1,0.25
Sini_71,leipä2891,iter,1,0.25
Sini_71,loppu3537,iter,1,0.25
Sini_71,mummi3146,iter,1,0.25
Sini_71,napa2893,iter,1,0.25
Sini_71,pallo1838,iter,1,0.25
Sini_71,piilo1840,iter,1,0.25
Sini_71,rikki3539,iter,1,0.25
Sini_71,roska3540,iter,1,0.25
Sini_71,suklaa3541,iter,1,0.25
Sini_71,viili2685,iter,1,0.25
Sini_72,loppu3536,iter,1,0.25
Sini_72,loppu3537,iter,1,0.25
Sini_72,nappi2173,iter,1,0.25
Sini_72,nappi3270,iter,1,0.25
Sini_72,piilo1840,iter,1,0.25
Sini_72,pupu2175,iter,1,0.25
Sini_72,puuro1841,iter,1,0.25
Sini_73,istuu3533,iter,1,0.25
Sini_73,juna2684,iter,1,0.25
Sini_73,korva1835,iter,1,0.25
Sini_73,laukku3534,iter,1,0.25
Sini_73,loppu3535,iter,1,0.25
Sini_73,loppu3536,iter,1,0.25
Sini_73,napa2893,iter,1,0.25
Sini_73,nappi2173,iter,1,0.25
Sini_73,nappi3538,iter,1,0.25
Sini_73,pallo1838,iter,1,0.25
Sini_73,piilo1840,iter,1,0.25
Sini_73,pupu2174,iter,1,0.25
Sini_73,ukki3542,iter,1,0.25
Sini_73,viili2685,iter,1,0.25
Sini_74,istuu3533,iter,1,0.25
Sini_74,juna2684,iter,1,0.25
Sini_74,laukku3534,iter,1,0.25
Sini_74,loppu3268,iter,1,0.25
Sini_74,loppu3536,iter,1,0.25
Sini_74,loppu3537,iter,1,0.25
Sini_74,nappi3538,iter,1,0.25
Sini_74,rikki3539,iter,1,0.25
Sini_74,ukki3542,iter,1,0.25
Sini_74,vettä3543,iter,1,0.25
Sini_74,yhtään3531,iter,1,0.25
Sini_75,loppu3268,iter,1,0.25
Sini_75,tutti3274,iter,1,0.25
Sini_75,tyttö3275,iter,1,0.25
Sini_75,tyttö3276,iter,1,0.25
Sini_75,vettä3543,iter,1,0.25
Sini_76,kiikkaa3261,iter,1,0.25
Sini_76,kiikkaa3262,iter,1,0.25
Sini_76,kirja1834,iter,1,0.25
Sini_76,kuppi3267,iter,1,0.25
Sini_76,kvaak-kvaak3278,iter,1,0.25
Sini_77,heppa3532,iter,1,0.25
Sini_77,juna2684,iter,1,0.25
Sini_77,kirja1833,iter,1,0.25
Sini_77,koti2172,iter,1,0.25
Sini_77,loppu3269,iter,1,0.25
Sini_77,loppu3535,iter,1,0.25
Sini_77,loppu3536,iter,1,0.25
Sini_77,pallo1839,iter,1,0.25
Sini_77,piilo1840,iter,1,0.25
Sini_77,pupu2174,iter,1,0.25
Sini_77,pupu2175,iter,1,0.25
Sini_77,puuro1841,iter,1,0.25
Sini_77,tässä1843,iter,1,0.25
Sini_77,täti2177,iter,1,0.25
Sini_78,kakku3259,iter,1,0.25
Sini_78,kiikkaa3260,iter,1,0.25
Sini_78,kiikkaa3261,iter,1,0.25
Sini_78,kirja1834,iter,1,0.25
Sini_78,korkki3265,iter,1,0.25
Sini_78,korva1835,iter,1,0.25
Sini_78,kuppi3267,iter,1,0.25
Sini_79,heihei2683,iter,1,0.25
Sini_79,kiikkaa3260,iter,1,0.25
Sini_79,korva1835,iter,1,0.25
Sini_79,leipä2891,iter,1,0.25
Sini_79,minun1837,iter,1,0.25
Sini_79,napa2893,iter,1,0.25
Sini_79,pallo1838,iter,1,0.25
Sini_79,puuro1841,iter,1,0.25
Sini_79,pyörä1842,iter,1,0.25
Sini_79,rikki3272,iter,1,0.25
Sini_79,tässä1843,iter,1,0.25
Sini_79,viili2685,iter,1,0.25
Sini_8,heihei2683,iter,1,0.25
Sini_8,loppu3535,iter,1,0.25
Sini_8,nami2892,iter,1,0.25
Sini_8,pupu2175,iter,1,0.25
Sini_8,suklaa3541,iter,1,0.25
Sini_8,ukki3542,iter,1,0.25
Sini_80,laukku3534,iter,1,0.25
Sini_80,loppu3268,iter,1,0.25
Sini_80,loppu3535,iter,1,0.25
Sini_80,nami2892,iter,1,0.25
Sini_80,nappi2173,iter,1,0.25
Sini_80,pupu2174,iter,1,0.25
Sini_80,yhtään3531,iter,1,0.25
Sini_81,juna2684,iter,1,0.25
Sini_81,kirja1833,iter,1,0.25
Sini_81,kynä1836,iter,1,0.25
Sini_81,leipä2891,iter,1,0.25
Sini_81,loppu3268,iter,1,0.25
Sini_81,minun1837,iter,1,0.25
Sini_81,nappi3270,iter,1,0.25
Sini_81,pallo1839,iter,1,0.25
Sini_81,piilo1840,iter,1,0.25
Sini_81,pupu2175,iter,1,0.25
Sini_81,pyörä1842,iter,1,0.25
Sini_82,kvaak-kvaak3278,iter,1,0.25
Sini_82,rikki3539,iter,1,0.25
Sini_82,suklaa3541,iter,1,0.25
Sini_82,tiktak2178,iter,1,0.25
Sini_83,juna2684,iter,1,0.25
Sini_83,kakku3259,iter,1,0.25
Sini_83,korkki3263,iter,1,0.25
Sini_83,kuppi3267,iter,1,0.25
Sini_83,kynä1836,iter,1,0.25
Sini_83,leipä2891,iter,1,0.25
Sini_83,minun1837,iter,1,0.25
Sini_83,napa2893,iter,1,0.25
Sini_83,pallo1839,iter,1,0.25
Sini_83,pyörä1842,iter,1,0.25
Sini_83,viili2685,iter,1,0.25
Sini_84,heppa3532,iter,1,0.25
Sini_84,juna2684,iter,1,0.25
Sini_84,kirja1833,iter,1,0.25
Sini_84,kirja1834,iter,1,0.25
Sini_84,koti2172,iter,1,0.25
Sini_84,mummi3146,iter,1,0.25
Sini_84,piilo1840,iter,1,0.25
Sini_84,pupu2174,iter,1,0.25
Sini_84,suklaa3541,iter,1,0.25
Sini_85,istuu3533,iter,1,0.25
Sini_85,tutti3274,iter,1,0.25
Sini_85,tässä1843,iter,1,0.25
Sini_85,yhtään3531,iter,1,0.25
Sini_86,heihei2683,iter,1,0.25
Sini_86,kakku3259,iter,1,0.25
Sini_86,kiikkaa3261,iter,1,0.25
Sini_86,korkki3265,iter,1,0.25
Sini_86,leipä2891,iter,1,0.25
Sini_86,loppu3535,iter,1,0.25
Sini_86,loppu3536,iter,1,0.25
Sini_86,loppu3537,iter,1,0.25
Sini_86,nappi3538,iter,1,0.25
Sini_86,rikki3539,iter,1,0.25
Sini_86,vettä3543,iter,1,0.25
Sini_86,viili2685,iter,1,0.25
Sini_87,tutti3274,iter,1,0.25
Sini_87,tyttö3275,iter,1,0.25
Sini_87,tyttö3276,iter,1,0.25
Sini_87,tyttö3277,iter,1,0.25
Sini_87,tässä1843,iter,1,0.25
Sini_87,vettä3543,iter,1,0.25
Sini_87,yhtään3531,iter,1,0.25
Sini_88,kirja1833,iter,1,0.25
Sini_88,korkki3265,iter,1,0.25
Sini_88,kukka3266,iter,1,0.25
Sini_88,kuppi3267,iter,1,0.25
Sini_88,kynä1836,iter,1,0.25
Sini_88,leipä2891,iter,1,0.25
Sini_88,napa2893,iter,1,0.25
Sini_88,pallo1839,iter,1,0.25
Sini_88,piilo1840,iter,1,0.25
Sini_88,pupu2174,iter,1,0.25
Sini_88,pupu2175,iter,1,0.25
Sini_88,rikki3272,iter,1,0.25
Sini_88,sakset3273,iter,1,0.25
Sini_88,tässä1843,iter,1,0.25
Sini_88,täti2177,iter,1,0.25
Sini_89,kiikkaa3260,iter,1,0.25
Sini_89,kiikkaa3261,iter,1,0.25
Sini_89,kirja1834,iter,1,0.25
Sini_89,korkki3263,iter,1,0.25
Sini_89,korkki3264,iter,1,0.25
Sini_89,korva1835,iter,1,0.25
Sini_89,kukka3266,iter,1,0.25
Sini_89,laukku3534,iter,1,0.25
Sini_89,rikki3539,iter,1,0.25
Sini_89,roska3540,iter,1,0.25
Sini_89,sakset3273,iter,1,0.25
Sini_89,ukki3542,iter,1,0.25
Sini_9,leipä2891,iter,1,0.25
Sini_9,loppu3268,iter,1,0.25
Sini_9,loppu3535,iter,1,0.25
Sini_9,loppu3536,iter,1,0.25
Sini_9,loppu3537,iter,1,0.25
Sini_9,nappi3270,iter,1,0.25
Sini_9,pallo1838,iter,1,0.25
Sini_9,puuro1841,iter,1,0.25
Sini_90,kirja1834,iter,1,0.25
Sini_90,nam-nam3279,iter,1,0.25
Sini_90,nappi2173,iter,1,0.25
Sini_90,pallo1838,iter,1,0.25
Sini_90,piilo1840,iter,1,0.25
Sini_90,tässä1843,iter,1,0.25
Sini_91,nappi2173,iter,1,0.25
Sini_91,nappi3270,iter,1,0.25
Sini_91,pallo1838,iter,1,0.25
Sini_91,pallo1839,iter,1,0.25
Sini_92,heppa3532,iter,1,0.25
Sini_92,napa2893,iter,1,0.25
Sini_92,setä2176,iter,1,0.25
Sini_92,suklaa3541,iter,1,0.25
Sini_92,tutti3274,iter,1,0.25
Sini_92,täti2177,iter,1,0.25
Sini_92,viili2685,iter,1,0.25
Sini_93,korkki3263,iter,1,0.25
Sini_93,korkki3264,iter,1,0.25
Sini_93,koti2172,iter,1,0.25
Sini_93,kukka3266,iter,1,0.25
Sini_93,kvaak-kvaak3278,iter,1,0.25
Sini_93,tiktak2178,iter,1,0.25
Sini_94,hauhau2686,iter,1,0.25
Sini_94,kirja1833,iter,1,0.25
Sini_94,korva1835,iter,1,0.25
Sini_94,koti2172,iter,1,0.25
Sini_94,leipä2891,iter,1,0.25
Sini_94,napa2893,iter,1,0.25
Sini_94,nappi2173,iter,1,0.25
Sini_94,pupu2174,iter,1,0.25
Sini_94,pyörä1842,iter,1,0.25
Sini_94,setä2176,iter,1,0.25
Sini_94,tyttö3276,iter,1,0.25
Sini_94,tyttö3277,iter,1,0.25
Sini_94,tässä1843,iter,1,0.25
Sini_94,täti2177,iter,1,0.25
Sini_94,viili2685,iter,1,0.25
Sini_95,korva1835,iter,1,0.25
Sini_95,koti2172,iter,1,0.25
Sini_95,minun1837,iter,1,0.25
Sini_95,nami2892,iter,1,0.25
Sini_95,pallo1838,iter,1,0.25
Sini_95,pallo1839,iter,1,0.25
Sini_95,pupu2174,iter,1,0.25
Sini_95,pupu2175,iter,1,0.25
Sini_95,puuro1841,iter,1,0.25
Sini_95,tyttö3276,iter,1,0.25
Sini_95,tyttö3277,iter,1,0.25
Sini_95,täti2177,iter,1,0.25
Sini_96,hauhau2686,iter,1,0.25
Sini_96,istuu3533,iter,1,0.25
Sini_96,korva1835,iter,1,0.25
Sini_96,koti2172,iter,1,0.25
Sini_96,nami2892,iter,1,0.25
Sini_96,nappi2173,iter,1,0.25
Sini_96,piilo1840,iter,1,0.25
Sini_96,setä2176,iter,1,0.25
Sini_96,tyttö3277,iter,1,0.25
Sini_96,yhtään3531,iter,1,0.25
Sini_97,heihei2683,iter,1,0.25
Sini_97,istuu3533,iter,1,0.25
Sini_97,loppu3535,iter,1,0.25
Sini_97,loppu3536,iter,1,0.25
Sini_97,loppu3537,iter,1,0.25
Sini_97,napa2893,iter,1,0.25
Sini_97,nappi3538,iter,1,0.25
Sini_97,pupu2175,iter,1,0.25
Sini_97,rikki3539,iter,1,0.25
Sini_97,roska3540,iter,1,0.25
Sini_97,ukki3542,iter,1,0.25
Sini_98,heppa3532,iter,1,0.25
Sini_98,leipä2891,iter,1,0.25
Sini_98,piilo1840,iter,1,0.25
Sini_99,kakku3259,iter,1,0.25
Sini_99,kiikkaa3260,iter,1,0.25
Sini_99,kiikkaa3262,iter,1,0.25
Sini_99,kirja1833,iter,1,0.25
Sini_99,korkki3265,iter,1,0.25
Sini_99,korva1835,iter,1,0.25
Sini_99,koti2172,iter,1,0.25
Sini_99,kuppi3267,iter,1,0.25
Sini_99,kynä1836,iter,1,0.25
Sini_99,leipä2891,iter,1,0.25
Sini_99,minun1837,iter,1,0.25
Sini_99,napa2893,iter,1,0.25
Sini_99,puuro1841,iter,1,0.25
Sini_99,rikki3539,iter,1,0.25
Sini_99,tiktak2178,iter,1,0.25
Sini_99,tässä1843,iter,1,0.25
Sini_99,ukki3542,iter,1,0.25
Takeru_1,all gone2244,iter,1,0.25
Takeru_1,all gone2245,iter,1,0.25
Takeru_1,big2906,iter,1,0.25
Takeru_1,juice1860,iter,1,0.25
Takeru_1,look!2241,iter,1,0.25
Takeru_1,more1864,iter,1,0.25
Takeru_1,please2227,iter,1,0.25
Takeru_1,that2688,iter,1,0.25
Takeru_1,that2690,iter,1,0.25
Takeru_1,what2252,iter,1,0.25
Takeru_1,what2263,iter,1,0.25
Takeru_10,Barney1857,iter,1,0.25
Takeru_10,all gone2244,iter,1,0.25
Takeru_10,flower2230,iter,1,0.25
Takeru_10,flower2901,iter,1,0.25
Takeru_10,found it2898,iter,1,0.25
Takeru_10,go go2229,iter,1,0.25
Takeru_10,good2231,iter,1,0.25
Takeru_10,juice1861,iter,1,0.25
Takeru_10,look!2240,iter,1,0.25
Takeru_10,please2227,iter,1,0.25
Takeru_10,put it there2907,iter,1,0.25
Takeru_10,what2247,iter,1,0.25
Takeru_10,what2250,iter,1,0.25
Takeru_10,what2252,iter,1,0.25
Takeru_10,what2254,iter,1,0.25
Takeru_10,what2262,iter,1,0.25
Takeru_100,aye-aye2896,iter,1,0.25
Takeru_100,combine3286,iter,1,0.25
Takeru_100,found it2898,iter,1,0.25
Takeru_100,good2902,iter,1,0.25
Takeru_100,juice1862,iter,1,0.25
Takeru_100,please2225,iter,1,0.25
Takeru_100,that2688,iter,1,0.25
Takeru_100,that2689,iter,1,0.25
Takeru_100,that2897,iter,1,0.25
Takeru_100,what2248,iter,1,0.25
Takeru_100,what2249,iter,1,0.25
Takeru_100,what2253,iter,1,0.25
Takeru_100,what2256,iter,1,0.25
Takeru_100,what2259,iter,1,0.25
Takeru_100,who2221,iter,1,0.25
Takeru_100,whoops3304,iter,1,0.25
Takeru_11,Barney1857,iter,1,0.25
Takeru_11,aye-aye2687,iter,1,0.25
Takeru_11,ball1858,iter,1,0.25
Takeru_11,combine3287,iter,1,0.25
Takeru_11,do it!3546,iter,1,0.25
Takeru_11,don't want to2232,iter,1,0.25
Takeru_11,go go3289,iter,1,0.25
Takeru_11,good2903,iter,1,0.25
Takeru_11,hooray3291,iter,1,0.25
Takeru_11,more1864,iter,1,0.25
Takeru_11,stuck2267,iter,1,0.25
Takeru_11,take2266,iter,1,0.25
Takeru_11,take3317,iter,1,0.25
Takeru_11,take3319,iter,1,0.25
Takeru_11,what2248,iter,1,0.25
Takeru_11,what2257,iter,1,0.25
Takeru_11,what2258,iter,1,0.25
Takeru_12,daddy3324,iter,1,0.25
Takeru_12,ouch2904,iter,1,0.25
Takeru_12,please2225,iter,1,0.25
Takeru_12,take3317,iter,1,0.25
Takeru_12,take3318,iter,1,0.25
Takeru_12,who2222,iter,1,0.25
Takeru_12,whoops3304,iter,1,0.25
Takeru_13,hooray3292,iter,1,0.25
Takeru_13,wait!3302,iter,1,0.25
Takeru_14,all gone2242,iter,1,0.25
Takeru_14,aye-aye2687,iter,1,0.25
Takeru_14,big2906,iter,1,0.25
Takeru_14,bread3308,iter,1,0.25
Takeru_14,do it!2905,iter,1,0.25
Takeru_14,flower2230,iter,1,0.25
Takeru_14,please2225,iter,1,0.25
Takeru_14,take2266,iter,1,0.25
Takeru_14,what2249,iter,1,0.25
Takeru_14,what2250,iter,1,0.25
Takeru_14,what2257,iter,1,0.25
Takeru_14,what2261,iter,1,0.25
Takeru_15,Barney1857,iter,1,0.25
Takeru_15,juice2228,iter,1,0.25
Takeru_15,stuck2269,iter,1,0.25
Takeru_15,what2249,iter,1,0.25
Takeru_15,what2252,iter,1,0.25
Takeru_15,what2253,iter,1,0.25
Takeru_15,what2258,iter,1,0.25
Takeru_15,what2260,iter,1,0.25
Takeru_15,who2221,iter,1,0.25
Takeru_15,who2222,iter,1,0.25
Takeru_15,who2223,iter,1,0.25
Takeru_16,all gone2242,iter,1,0.25
Takeru_16,all gone2244,iter,1,0.25
Takeru_16,choochoo2899,iter,1,0.25
Takeru_16,doggie2271,iter,1,0.25
Takeru_16,don't want to2232,iter,1,0.25
Takeru_16,found it3545,iter,1,0.25
Takeru_16,look!2241,iter,1,0.25
Takeru_16,take3316,iter,1,0.25
Takeru_16,take3317,iter,1,0.25
Takeru_16,that2689,iter,1,0.25
Takeru_16,wait!3302,iter,1,0.25
Takeru_16,what2250,iter,1,0.25
Takeru_16,what2253,iter,1,0.25
Takeru_16,what2255,iter,1,0.25
Takeru_16,what2257,iter,1,0.25
Takeru_16,who2224,iter,1,0.25
Takeru_16,whoops3548,iter,1,0.25
Takeru_16,yellow2235,iter,1,0.25
Takeru_17,Barney2217,iter,1,0.25
Takeru_17,all gone2243,iter,1,0.25
Takeru_17,choochoo2899,iter,1,0.25
Takeru_17,choochoo3576,iter,1,0.25
Takeru_17,do it!2905,iter,1,0.25
Takeru_17,doggie2271,iter,1,0.25
Takeru_17,good2902,iter,1,0.25
Takeru_17,juice1861,iter,1,0.25
Takeru_17,ouch2904,iter,1,0.25
Takeru_17,what2249,iter,1,0.25
Takeru_17,who2223,iter,1,0.25
Takeru_18,daddy3323,iter,1,0.25
Takeru_18,do it!2905,iter,1,0.25
Takeru_18,don't want to2232,iter,1,0.25
Takeru_18,look!2241,iter,1,0.25
Takeru_18,more1864,iter,1,0.25
Takeru_18,put it there2907,iter,1,0.25
Takeru_18,take2265,iter,1,0.25
Takeru_18,wait!3302,iter,1,0.25
Takeru_19,all gone2242,iter,1,0.25
Takeru_19,ball2218,iter,1,0.25
Takeru_19,flower2901,iter,1,0.25
Takeru_19,please2227,iter,1,0.25
Takeru_19,that2688,iter,1,0.25
Takeru_19,train2237,iter,1,0.25
Takeru_19,train2238,iter,1,0.25
Takeru_19,what2246,iter,1,0.25
Takeru_19,what2263,iter,1,0.25
Takeru_20,aye-aye2687,iter,1,0.25
Takeru_20,flower2901,iter,1,0.25
Takeru_20,look!2240,iter,1,0.25
Takeru_20,take2265,iter,1,0.25
Takeru_20,what2256,iter,1,0.25
Takeru_20,what2258,iter,1,0.25
Takeru_20,what2262,iter,1,0.25
Takeru_20,what2263,iter,1,0.25
Takeru_20,who2221,iter,1,0.25
Takeru_20,who2223,iter,1,0.25
Takeru_20,yellow2235,iter,1,0.25
Takeru_21,found it3545,iter,1,0.25
Takeru_21,hooray3291,iter,1,0.25
Takeru_21,hooray3292,iter,1,0.25
Takeru_21,juice2228,iter,1,0.25
Takeru_21,more1864,iter,1,0.25
Takeru_21,more3303,iter,1,0.25
Takeru_21,take2266,iter,1,0.25
Takeru_21,take3316,iter,1,0.25
Takeru_21,wait!3301,iter,1,0.25
Takeru_22,all gone2242,iter,1,0.25
Takeru_22,all gone2243,iter,1,0.25
Takeru_22,big2906,iter,1,0.25
Takeru_22,don't want to2232,iter,1,0.25
Takeru_22,flower2901,iter,1,0.25
Takeru_22,good2902,iter,1,0.25
Takeru_22,good2903,iter,1,0.25
Takeru_22,stuck2269,iter,1,0.25
Takeru_22,that2897,iter,1,0.25
Takeru_22,what2250,iter,1,0.25
Takeru_22,what2252,iter,1,0.25
Takeru_22,what2257,iter,1,0.25
Takeru_22,who2221,iter,1,0.25
Takeru_22,who2222,iter,1,0.25
Takeru_23,Barney2217,iter,1,0.25
Takeru_23,big2906,iter,1,0.25
Takeru_23,go go3289,iter,1,0.25
Takeru_23,hooray2233,iter,1,0.25
Takeru_23,look!2241,iter,1,0.25
Takeru_23,ouch1863,iter,1,0.25
Takeru_23,take2264,iter,1,0.25
Takeru_23,take2265,iter,1,0.25
Takeru_23,what2246,iter,1,0.25
Takeru_23,what2252,iter,1,0.25
Takeru_23,what2263,iter,1,0.25
Takeru_24,all gone2242,iter,1,0.25
Takeru_24,aye-aye2687,iter,1,0.25
Takeru_24,do it!3546,iter,1,0.25
Takeru_24,don't want to2232,iter,1,0.25
Takeru_24,flower2901,iter,1,0.25
Takeru_24,found it3544,iter,1,0.25
Takeru_24,good2903,iter,1,0.25
Takeru_24,more3303,iter,1,0.25
Takeru_24,please2225,iter,1,0.25
Takeru_24,put it there3104,iter,1,0.25
Takeru_24,stuck2267,iter,1,0.25
Takeru_24,that2688,iter,1,0.25
Takeru_24,that2689,iter,1,0.25
Takeru_24,what2247,iter,1,0.25
Takeru_24,what2255,iter,1,0.25
Takeru_24,what2262,iter,1,0.25
Takeru_24,what2263,iter,1,0.25
Takeru_24,who2222,iter,1,0.25
Takeru_25,ball1858,iter,1,0.25
Takeru_25,ball2218,iter,1,0.25
Takeru_25,juice1860,iter,1,0.25
Takeru_25,put it there2907,iter,1,0.25
Takeru_25,train2236,iter,1,0.25
Takeru_25,what2248,iter,1,0.25
Takeru_25,what2249,iter,1,0.25
Takeru_25,what2254,iter,1,0.25
Takeru_25,what2255,iter,1,0.25
Takeru_25,what2260,iter,1,0.25
Takeru_25,what2263,iter,1,0.25
Takeru_25,who2223,iter,1,0.25
Takeru_25,yellow2235,iter,1,0.25
Takeru_26,big2906,iter,1,0.25
Takeru_26,combine3287,iter,1,0.25
Takeru_26,good2902,iter,1,0.25
Takeru_26,hooray2233,iter,1,0.25
Takeru_26,juice1860,iter,1,0.25
Takeru_26,mom3296,iter,1,0.25
Takeru_26,ouch1863,iter,1,0.25
Takeru_26,please2225,iter,1,0.25
Takeru_26,please2226,iter,1,0.25
Takeru_26,take2266,iter,1,0.25
Takeru_26,take3316,iter,1,0.25
Takeru_26,that2688,iter,1,0.25
Takeru_26,what2259,iter,1,0.25
Takeru_26,what2260,iter,1,0.25
Takeru_26,what2261,iter,1,0.25
Takeru_26,what2262,iter,1,0.25
Takeru_27,aye-aye2896,iter,1,0.25
Takeru_27,do it!2905,iter,1,0.25
Takeru_27,doggie2271,iter,1,0.25
Takeru_27,doggie2272,iter,1,0.25
Takeru_27,go go2229,iter,1,0.25
Takeru_27,more1864,iter,1,0.25
Takeru_27,stuck2269,iter,1,0.25
Takeru_27,what2246,iter,1,0.25
Takeru_27,what2247,iter,1,0.25
Takeru_27,what2254,iter,1,0.25
Takeru_27,what2255,iter,1,0.25
Takeru_27,what2260,iter,1,0.25
Takeru_27,what2262,iter,1,0.25
Takeru_28,all gone2242,iter,1,0.25
Takeru_28,aye-aye2687,iter,1,0.25
Takeru_28,aye-aye2896,iter,1,0.25
Takeru_28,do it!3293,iter,1,0.25
Takeru_28,don't want to2232,iter,1,0.25
Takeru_28,found it3545,iter,1,0.25
Takeru_28,good2903,iter,1,0.25
Takeru_28,juice1860,iter,1,0.25
Takeru_28,more3303,iter,1,0.25
Takeru_28,please2227,iter,1,0.25
Takeru_28,take2264,iter,1,0.25
Takeru_28,take2266,iter,1,0.25
Takeru_28,what2254,iter,1,0.25
Takeru_28,what2258,iter,1,0.25
Takeru_29,ball1858,iter,1,0.25
Takeru_29,combine3288,iter,1,0.25
Takeru_29,juice1860,iter,1,0.25
Takeru_29,more3303,iter,1,0.25
Takeru_29,please2227,iter,1,0.25
Takeru_29,stuck2268,iter,1,0.25
Takeru_29,take2264,iter,1,0.25
Takeru_29,take2265,iter,1,0.25
Takeru_29,wait!3301,iter,1,0.25
Takeru_29,wait!3302,iter,1,0.25
Takeru_29,what2257,iter,1,0.25
Takeru_29,what2259,iter,1,0.25
Takeru_29,who2223,iter,1,0.25
Takeru_29,yellow2234,iter,1,0.25
Takeru_29,yellow2235,iter,1,0.25
Takeru_3,Barney1857,iter,1,0.25
Takeru_3,all gone2245,iter,1,0.25
Takeru_3,big2906,iter,1,0.25
Takeru_3,bread3308,iter,1,0.25
Takeru_3,choochoo3576,iter,1,0.25
Takeru_3,good2902,iter,1,0.25
Takeru_3,juice1861,iter,1,0.25
Takeru_3,juice1862,iter,1,0.25
Takeru_3,pigeon3312,iter,1,0.25
Takeru_3,please2225,iter,1,0.25
Takeru_3,what2248,iter,1,0.25
Takeru_3,what2255,iter,1,0.25
Takeru_3,what2257,iter,1,0.25
Takeru_30,do it!3546,iter,1,0.25
Takeru_30,don't want to3290,iter,1,0.25
Takeru_30,found it3544,iter,1,0.25
Takeru_30,juice2228,iter,1,0.25
Takeru_30,look!2240,iter,1,0.25
Takeru_30,take2265,iter,1,0.25
Takeru_30,take3316,iter,1,0.25
Takeru_30,take3321,iter,1,0.25
Takeru_31,that2688,iter,1,0.25
Takeru_32,aye-aye2687,iter,1,0.25
Takeru_32,ball1858,iter,1,0.25
Takeru_32,big2906,iter,1,0.25
Takeru_32,don't want to2232,iter,1,0.25
Takeru_32,flower2901,iter,1,0.25
Takeru_32,mom3294,iter,1,0.25
Takeru_32,that2689,iter,1,0.25
Takeru_32,train2238,iter,1,0.25
Takeru_32,what2250,iter,1,0.25
Takeru_32,what2255,iter,1,0.25
Takeru_32,what2256,iter,1,0.25
Takeru_32,what2259,iter,1,0.25
Takeru_32,whoops3304,iter,1,0.25
Takeru_32,yellow2234,iter,1,0.25
Takeru_33,big2906,iter,1,0.25
Takeru_33,choochoo2220,iter,1,0.25
Takeru_33,do it!2905,iter,1,0.25
Takeru_33,found it2898,iter,1,0.25
Takeru_33,take2266,iter,1,0.25
Takeru_33,that2689,iter,1,0.25
Takeru_33,that2690,iter,1,0.25
Takeru_33,what2247,iter,1,0.25
Takeru_33,what2249,iter,1,0.25
Takeru_33,what2258,iter,1,0.25
Takeru_33,what2260,iter,1,0.25
Takeru_34,all gone2243,iter,1,0.25
Takeru_34,ball1858,iter,1,0.25
Takeru_34,ball2219,iter,1,0.25
Takeru_34,choochoo2899,iter,1,0.25
Takeru_34,do it!2905,iter,1,0.25
Takeru_34,don't want to2232,iter,1,0.25
Takeru_34,go go3289,iter,1,0.25
Takeru_34,juice2228,iter,1,0.25
Takeru_34,ouch1863,iter,1,0.25
Takeru_34,stuck2268,iter,1,0.25
Takeru_34,take2264,iter,1,0.25
Takeru_34,take3316,iter,1,0.25
Takeru_34,take3319,iter,1,0.25
Takeru_34,what2247,iter,1,0.25
Takeru_34,what2254,iter,1,0.25
Takeru_34,who2221,iter,1,0.25
Takeru_35,aye-aye2687,iter,1,0.25
Takeru_35,choochoo3576,iter,1,0.25
Takeru_36,all gone2243,iter,1,0.25
Takeru_36,ball2218,iter,1,0.25
Takeru_36,combine3287,iter,1,0.25
Takeru_36,combine3288,iter,1,0.25
Takeru_36,do it!3293,iter,1,0.25
Takeru_36,do it!3546,iter,1,0.25
Takeru_36,flower2901,iter,1,0.25
Takeru_36,found it3545,iter,1,0.25
Takeru_36,juice1862,iter,1,0.25
Takeru_36,more1864,iter,1,0.25
Takeru_36,take2264,iter,1,0.25
Takeru_36,take3320,iter,1,0.25
Takeru_36,train2239,iter,1,0.25
Takeru_36,wait!3301,iter,1,0.25
Takeru_36,wait!3302,iter,1,0.25
Takeru_36,what2250,iter,1,0.25
Takeru_36,what2252,iter,1,0.25
Takeru_36,what2256,iter,1,0.25
Takeru_36,who2223,iter,1,0.25
Takeru_36,yellow2234,iter,1,0.25
Takeru_37,combine3287,iter,1,0.25
Takeru_37,combine3288,iter,1,0.25
Takeru_37,do it!2905,iter,1,0.25
Takeru_37,juice2228,iter,1,0.25
Takeru_37,take3322,iter,1,0.25
Takeru_37,wait!3301,iter,1,0.25
Takeru_37,wait!3302,iter,1,0.25
Takeru_37,who2223,iter,1,0.25
Takeru_38,daddy3323,iter,1,0.25
Takeru_38,daddy3324,iter,1,0.25
Takeru_38,don't want to3290,iter,1,0.25
Takeru_38,hooray3291,iter,1,0.25
Takeru_38,hooray3292,iter,1,0.25
Takeru_38,more3303,iter,1,0.25
Takeru_39,Barney1857,iter,1,0.25
Takeru_39,all gone2244,iter,1,0.25
Takeru_39,go go2229,iter,1,0.25
Takeru_39,hooray2233,iter,1,0.25
Takeru_39,please2226,iter,1,0.25
Takeru_39,stuck2269,iter,1,0.25
Takeru_39,take2266,iter,1,0.25
Takeru_39,that2688,iter,1,0.25
Takeru_39,train2236,iter,1,0.25
Takeru_39,what2250,iter,1,0.25
Takeru_39,what2253,iter,1,0.25
Takeru_39,what2254,iter,1,0.25
Takeru_39,what2261,iter,1,0.25
Takeru_39,who2221,iter,1,0.25
Takeru_4,Barney2217,iter,1,0.25
Takeru_4,all gone2245,iter,1,0.25
Takeru_4,aye-aye2687,iter,1,0.25
Takeru_4,combine3287,iter,1,0.25
Takeru_4,elephant2273,iter,1,0.25
Takeru_4,go go2229,iter,1,0.25
Takeru_4,hooray2233,iter,1,0.25
Takeru_4,that2689,iter,1,0.25
Takeru_4,train2238,iter,1,0.25
Takeru_4,what2249,iter,1,0.25
Takeru_4,what2256,iter,1,0.25
Takeru_4,what2261,iter,1,0.25
Takeru_4,what2263,iter,1,0.25
Takeru_4,who2224,iter,1,0.25
Takeru_4,whoops3548,iter,1,0.25
Takeru_40,choochoo3576,iter,1,0.25
Takeru_40,go go3289,iter,1,0.25
Takeru_40,good2231,iter,1,0.25
Takeru_40,look!2241,iter,1,0.25
Takeru_40,who2221,iter,1,0.25
Takeru_41,combine3287,iter,1,0.25
Takeru_41,daddy3324,iter,1,0.25
Takeru_41,take2264,iter,1,0.25
Takeru_41,take3317,iter,1,0.25
Takeru_41,take3321,iter,1,0.25
Takeru_41,who2223,iter,1,0.25
Takeru_42,choochoo2220,iter,1,0.25
Takeru_42,combine3287,iter,1,0.25
Takeru_42,found it3544,iter,1,0.25
Takeru_42,ouch1863,iter,1,0.25
Takeru_42,put it there2907,iter,1,0.25
Takeru_42,take3321,iter,1,0.25
Takeru_42,whoops3304,iter,1,0.25
Takeru_42,yellow2235,iter,1,0.25
Takeru_43,all gone2242,iter,1,0.25
Takeru_43,all gone2244,iter,1,0.25
Takeru_43,ball2218,iter,1,0.25
Takeru_43,big2906,iter,1,0.25
Takeru_43,choochoo2899,iter,1,0.25
Takeru_43,food3297,iter,1,0.25
Takeru_43,juice1860,iter,1,0.25
Takeru_43,ouch1863,iter,1,0.25
Takeru_43,that2690,iter,1,0.25
Takeru_43,train2237,iter,1,0.25
Takeru_43,what2248,iter,1,0.25
Takeru_43,what2249,iter,1,0.25
Takeru_43,what2250,iter,1,0.25
Takeru_44,ball2218,iter,1,0.25
Takeru_44,do it!3546,iter,1,0.25
Takeru_44,good2902,iter,1,0.25
Takeru_44,good2903,iter,1,0.25
Takeru_44,juice1861,iter,1,0.25
Takeru_44,that2688,iter,1,0.25
Takeru_44,what2249,iter,1,0.25
Takeru_44,what2252,iter,1,0.25
Takeru_44,what2253,iter,1,0.25
Takeru_44,what2254,iter,1,0.25
Takeru_44,what2256,iter,1,0.25
Takeru_44,what2258,iter,1,0.25
Takeru_44,what2262,iter,1,0.25
Takeru_44,yellow2234,iter,1,0.25
Takeru_45,Barney1857,iter,1,0.25
Takeru_45,choochoo2220,iter,1,0.25
Takeru_45,choochoo2899,iter,1,0.25
Takeru_45,choochoo3576,iter,1,0.25
Takeru_45,go go3289,iter,1,0.25
Takeru_45,ouch2904,iter,1,0.25
Takeru_45,put it there2907,iter,1,0.25
Takeru_45,what2255,iter,1,0.25
Takeru_45,what2260,iter,1,0.25
Takeru_46,Barney2217,iter,1,0.25
Takeru_46,all gone2244,iter,1,0.25
Takeru_46,all gone2245,iter,1,0.25
Takeru_46,do it!2905,iter,1,0.25
Takeru_46,ouch1863,iter,1,0.25
Takeru_46,please2227,iter,1,0.25
Takeru_46,what2247,iter,1,0.25
Takeru_46,what2256,iter,1,0.25
Takeru_46,what2258,iter,1,0.25
Takeru_46,what2259,iter,1,0.25
Takeru_47,combine3288,iter,1,0.25
Takeru_47,do it!3546,iter,1,0.25
Takeru_47,juice2228,iter,1,0.25
Takeru_47,look!2241,iter,1,0.25
Takeru_47,take2266,iter,1,0.25
Takeru_47,take3316,iter,1,0.25
Takeru_47,take3318,iter,1,0.25
Takeru_47,take3320,iter,1,0.25
Takeru_48,bread3309,iter,1,0.25
Takeru_48,pigeon3312,iter,1,0.25
Takeru_48,pigeon3313,iter,1,0.25
Takeru_49,all gone2242,iter,1,0.25
Takeru_49,ball2218,iter,1,0.25
Takeru_49,combine3287,iter,1,0.25
Takeru_49,flower2230,iter,1,0.25
Takeru_49,flower2901,iter,1,0.25
Takeru_49,go go3289,iter,1,0.25
Takeru_49,good2231,iter,1,0.25
Takeru_49,good2903,iter,1,0.25
Takeru_49,hooray2233,iter,1,0.25
Takeru_49,please2227,iter,1,0.25
Takeru_49,take2266,iter,1,0.25
Takeru_49,that2688,iter,1,0.25
Takeru_49,that2690,iter,1,0.25
Takeru_49,train2237,iter,1,0.25
Takeru_49,wait!3302,iter,1,0.25
Takeru_49,what2251,iter,1,0.25
Takeru_5,ball2219,iter,1,0.25
Takeru_5,elephant2274,iter,1,0.25
Takeru_5,go go2229,iter,1,0.25
Takeru_5,good2902,iter,1,0.25
Takeru_5,juice1862,iter,1,0.25
Takeru_5,please2226,iter,1,0.25
Takeru_5,stuck2269,iter,1,0.25
Takeru_5,take2265,iter,1,0.25
Takeru_5,that2689,iter,1,0.25
Takeru_5,train2237,iter,1,0.25
Takeru_5,what2249,iter,1,0.25
Takeru_5,what2252,iter,1,0.25
Takeru_5,what2257,iter,1,0.25
Takeru_5,what2261,iter,1,0.25
Takeru_5,who2222,iter,1,0.25
Takeru_50,all gone2244,iter,1,0.25
Takeru_50,ball2219,iter,1,0.25
Takeru_50,do it!3546,iter,1,0.25
Takeru_50,flower2901,iter,1,0.25
Takeru_50,go go2229,iter,1,0.25
Takeru_50,please2225,iter,1,0.25
Takeru_50,take2264,iter,1,0.25
Takeru_50,take2266,iter,1,0.25
Takeru_50,that2689,iter,1,0.25
Takeru_50,what2246,iter,1,0.25
Takeru_50,what2248,iter,1,0.25
Takeru_50,what2249,iter,1,0.25
Takeru_50,what2250,iter,1,0.25
Takeru_50,what2253,iter,1,0.25
Takeru_50,what2259,iter,1,0.25
Takeru_50,what2263,iter,1,0.25
Takeru_51,all gone2243,iter,1,0.25
Takeru_51,all gone2244,iter,1,0.25
Takeru_51,juice1860,iter,1,0.25
Takeru_51,that2690,iter,1,0.25
Takeru_51,what2246,iter,1,0.25
Takeru_51,what2248,iter,1,0.25
Takeru_51,what2250,iter,1,0.25
Takeru_51,what2254,iter,1,0.25
Takeru_51,what2258,iter,1,0.25
Takeru_51,yellow2234,iter,1,0.25
Takeru_52,ball2218,iter,1,0.25
Takeru_52,big3547,iter,1,0.25
Takeru_52,choochoo2900,iter,1,0.25
Takeru_52,flower2901,iter,1,0.25
Takeru_52,found it3545,iter,1,0.25
Takeru_52,look!2240,iter,1,0.25
Takeru_52,ouch1863,iter,1,0.25
Takeru_52,ouch2904,iter,1,0.25
Takeru_52,that2897,iter,1,0.25
Takeru_52,what2247,iter,1,0.25
Takeru_52,what2249,iter,1,0.25
Takeru_52,what2261,iter,1,0.25
Takeru_52,who2222,iter,1,0.25
Takeru_53,all gone2244,iter,1,0.25
Takeru_53,choochoo2220,iter,1,0.25
Takeru_53,choochoo3576,iter,1,0.25
Takeru_53,do it!3293,iter,1,0.25
Takeru_53,found it3545,iter,1,0.25
Takeru_53,good2231,iter,1,0.25
Takeru_53,more1864,iter,1,0.25
Takeru_53,take2265,iter,1,0.25
Takeru_53,wait!3302,iter,1,0.25
Takeru_53,what2246,iter,1,0.25
Takeru_53,what2253,iter,1,0.25
Takeru_53,who2222,iter,1,0.25
Takeru_53,yellow2235,iter,1,0.25
Takeru_54,Barney2217,iter,1,0.25
Takeru_54,ball2218,iter,1,0.25
Takeru_54,ball2219,iter,1,0.25
Takeru_54,combine3287,iter,1,0.25
Takeru_54,elephant2273,iter,1,0.25
Takeru_54,go go2229,iter,1,0.25
Takeru_54,go go3289,iter,1,0.25
Takeru_54,juice1862,iter,1,0.25
Takeru_54,ouch1863,iter,1,0.25
Takeru_54,stuck2269,iter,1,0.25
Takeru_54,take2264,iter,1,0.25
Takeru_54,take3317,iter,1,0.25
Takeru_54,that2689,iter,1,0.25
Takeru_54,what2261,iter,1,0.25
Takeru_54,what2263,iter,1,0.25
Takeru_54,yellow2234,iter,1,0.25
Takeru_55,aye-aye2687,iter,1,0.25
Takeru_55,big2906,iter,1,0.25
Takeru_55,choochoo2220,iter,1,0.25
Takeru_55,combine3288,iter,1,0.25
Takeru_55,don't want to2232,iter,1,0.25
Takeru_55,flower2230,iter,1,0.25
Takeru_55,go go3289,iter,1,0.25
Takeru_55,mom3294,iter,1,0.25
Takeru_55,mom3295,iter,1,0.25
Takeru_55,ouch1863,iter,1,0.25
Takeru_55,put it there3104,iter,1,0.25
Takeru_55,stuck2269,iter,1,0.25
Takeru_55,that2689,iter,1,0.25
Takeru_55,train2236,iter,1,0.25
Takeru_55,what2262,iter,1,0.25
Takeru_55,what2263,iter,1,0.25
Takeru_55,yellow2235,iter,1,0.25
Takeru_56,mom3294,iter,1,0.25
Takeru_56,mom3295,iter,1,0.25
Takeru_57,all gone2244,iter,1,0.25
Takeru_57,aye-aye2896,iter,1,0.25
Takeru_57,choochoo2220,iter,1,0.25
Takeru_57,choochoo3576,iter,1,0.25
Takeru_57,flower2901,iter,1,0.25
Takeru_57,please2226,iter,1,0.25
Takeru_57,what2254,iter,1,0.25
Takeru_57,what2255,iter,1,0.25
Takeru_57,what2256,iter,1,0.25
Takeru_57,what2263,iter,1,0.25
Takeru_57,who2223,iter,1,0.25
Takeru_58,don't want to2232,iter,1,0.25
Takeru_58,good2902,iter,1,0.25
Takeru_58,stuck2269,iter,1,0.25
Takeru_58,that2897,iter,1,0.25
Takeru_58,what2247,iter,1,0.25
Takeru_58,what2249,iter,1,0.25
Takeru_58,what2255,iter,1,0.25
Takeru_58,what2258,iter,1,0.25
Takeru_58,what2261,iter,1,0.25
Takeru_59,all gone2245,iter,1,0.25
Takeru_59,flower2230,iter,1,0.25
Takeru_59,go go3289,iter,1,0.25
Takeru_59,good2903,iter,1,0.25
Takeru_59,put it there2907,iter,1,0.25
Takeru_59,stuck2269,iter,1,0.25
Takeru_59,take2264,iter,1,0.25
Takeru_59,take2266,iter,1,0.25
Takeru_59,what2254,iter,1,0.25
Takeru_59,what2255,iter,1,0.25
Takeru_59,what2257,iter,1,0.25
Takeru_59,whoops3548,iter,1,0.25
Takeru_59,yellow2235,iter,1,0.25
Takeru_6,Barney1857,iter,1,0.25
Takeru_6,don't want to2232,iter,1,0.25
Takeru_6,look!2240,iter,1,0.25
Takeru_6,stuck2269,iter,1,0.25
Takeru_6,take2266,iter,1,0.25
Takeru_6,that2689,iter,1,0.25
Takeru_6,what2247,iter,1,0.25
Takeru_6,yellow2235,iter,1,0.25
Takeru_60,combine3288,iter,1,0.25
Takeru_60,do it!2905,iter,1,0.25
Takeru_60,don't want to2232,iter,1,0.25
Takeru_60,hooray3291,iter,1,0.25
Takeru_60,look!2241,iter,1,0.25
Takeru_60,ouch2904,iter,1,0.25
Takeru_60,take3320,iter,1,0.25
Takeru_60,wait!3301,iter,1,0.25
Takeru_60,wait!3302,iter,1,0.25
Takeru_60,whoops3548,iter,1,0.25
Takeru_61,aye-aye2687,iter,1,0.25
Takeru_61,ball2218,iter,1,0.25
Takeru_61,hooray2233,iter,1,0.25
Takeru_61,juice1862,iter,1,0.25
Takeru_61,look!2241,iter,1,0.25
Takeru_61,train2237,iter,1,0.25
Takeru_62,do it!2905,iter,1,0.25
Takeru_62,good2903,iter,1,0.25
Takeru_62,juice2228,iter,1,0.25
Takeru_62,look!2241,iter,1,0.25
Takeru_62,mom3296,iter,1,0.25
Takeru_63,aye-aye2896,iter,1,0.25
Takeru_63,do it!2905,iter,1,0.25
Takeru_63,food3298,iter,1,0.25
Takeru_63,food3300,iter,1,0.25
Takeru_63,found it2898,iter,1,0.25
Takeru_63,go go2229,iter,1,0.25
Takeru_63,good2903,iter,1,0.25
Takeru_63,put it there2907,iter,1,0.25
Takeru_63,train2237,iter,1,0.25
Takeru_64,all gone2245,iter,1,0.25
Takeru_64,big2906,iter,1,0.25
Takeru_64,choochoo2220,iter,1,0.25
Takeru_64,combine3286,iter,1,0.25
Takeru_64,elephant2273,iter,1,0.25
Takeru_64,go go3289,iter,1,0.25
Takeru_64,good2231,iter,1,0.25
Takeru_64,ouch1863,iter,1,0.25
Takeru_64,put it there2907,iter,1,0.25
Takeru_64,stuck2268,iter,1,0.25
Takeru_64,take3320,iter,1,0.25
Takeru_64,that2688,iter,1,0.25
Takeru_64,train2237,iter,1,0.25
Takeru_64,what2246,iter,1,0.25
Takeru_64,what2247,iter,1,0.25
Takeru_64,what2263,iter,1,0.25
Takeru_65,ball2219,iter,1,0.25
Takeru_65,found it2898,iter,1,0.25
Takeru_65,good2231,iter,1,0.25
Takeru_65,please2226,iter,1,0.25
Takeru_65,stuck2269,iter,1,0.25
Takeru_65,take2266,iter,1,0.25
Takeru_65,train2236,iter,1,0.25
Takeru_65,what2246,iter,1,0.25
Takeru_65,what2249,iter,1,0.25
Takeru_65,what2252,iter,1,0.25
Takeru_65,what2255,iter,1,0.25
Takeru_65,what2260,iter,1,0.25
Takeru_65,who2221,iter,1,0.25
Takeru_65,who2222,iter,1,0.25
Takeru_66,big2906,iter,1,0.25
Takeru_66,don't want to2232,iter,1,0.25
Takeru_66,go go2229,iter,1,0.25
Takeru_66,good2902,iter,1,0.25
Takeru_66,put it there2907,iter,1,0.25
Takeru_66,stuck2269,iter,1,0.25
Takeru_66,train2238,iter,1,0.25
Takeru_66,what2247,iter,1,0.25
Takeru_66,what2263,iter,1,0.25
Takeru_67,combine3287,iter,1,0.25
Takeru_67,do it!2905,iter,1,0.25
Takeru_67,do it!3293,iter,1,0.25
Takeru_67,doggie2271,iter,1,0.25
Takeru_67,found it3545,iter,1,0.25
Takeru_67,mom3296,iter,1,0.25
Takeru_67,more1864,iter,1,0.25
Takeru_67,please2227,iter,1,0.25
Takeru_67,take3320,iter,1,0.25
Takeru_67,that2897,iter,1,0.25
Takeru_67,what2247,iter,1,0.25
Takeru_67,what2260,iter,1,0.25
Takeru_67,what2261,iter,1,0.25
Takeru_67,what2263,iter,1,0.25
Takeru_68,all gone2245,iter,1,0.25
Takeru_68,aye-aye2896,iter,1,0.25
Takeru_68,ball1858,iter,1,0.25
Takeru_68,big2906,iter,1,0.25
Takeru_68,choochoo2899,iter,1,0.25
Takeru_68,combine3288,iter,1,0.25
Takeru_68,don't want to2232,iter,1,0.25
Takeru_68,found it2898,iter,1,0.25
Takeru_68,found it3544,iter,1,0.25
Takeru_68,go go2229,iter,1,0.25
Takeru_68,hooray3292,iter,1,0.25
Takeru_68,more1864,iter,1,0.25
Takeru_68,take2265,iter,1,0.25
Takeru_68,train2236,iter,1,0.25
Takeru_68,train2237,iter,1,0.25
Takeru_68,what2249,iter,1,0.25
Takeru_68,who2223,iter,1,0.25
Takeru_68,whoops3304,iter,1,0.25
Takeru_69,ball1858,iter,1,0.25
Takeru_69,flower2230,iter,1,0.25
Takeru_69,look!2240,iter,1,0.25
Takeru_69,more1864,iter,1,0.25
Takeru_69,ouch2904,iter,1,0.25
Takeru_69,please2225,iter,1,0.25
Takeru_69,please2226,iter,1,0.25
Takeru_69,that2688,iter,1,0.25
Takeru_69,what2252,iter,1,0.25
Takeru_69,what2254,iter,1,0.25
Takeru_69,what2259,iter,1,0.25
Takeru_69,what2262,iter,1,0.25
Takeru_69,who2221,iter,1,0.25
Takeru_69,who2222,iter,1,0.25
Takeru_7,juice1861,iter,1,0.25
Takeru_7,take2264,iter,1,0.25
Takeru_7,train2236,iter,1,0.25
Takeru_70,big3547,iter,1,0.25
Takeru_70,combine3288,iter,1,0.25
Takeru_70,flower2901,iter,1,0.25
Takeru_70,look!2240,iter,1,0.25
Takeru_70,more1864,iter,1,0.25
Takeru_70,ouch2904,iter,1,0.25
Takeru_70,please2226,iter,1,0.25
Takeru_70,stuck2269,iter,1,0.25
Takeru_70,that2688,iter,1,0.25
Takeru_70,that2690,iter,1,0.25
Takeru_70,train2237,iter,1,0.25
Takeru_70,what2260,iter,1,0.25
Takeru_70,whoops3548,iter,1,0.25
Takeru_70,yellow2234,iter,1,0.25
Takeru_71,Barney1857,iter,1,0.25
Takeru_71,ball2218,iter,1,0.25
Takeru_71,go go3289,iter,1,0.25
Takeru_71,good2231,iter,1,0.25
Takeru_71,juice1860,iter,1,0.25
Takeru_71,mom3296,iter,1,0.25
Takeru_71,put it there2907,iter,1,0.25
Takeru_71,what2249,iter,1,0.25
Takeru_71,what2253,iter,1,0.25
Takeru_71,what2255,iter,1,0.25
Takeru_72,pigeon3314,iter,1,0.25
Takeru_73,Barney1857,iter,1,0.25
Takeru_73,all gone2242,iter,1,0.25
Takeru_73,all gone2243,iter,1,0.25
Takeru_73,go go2229,iter,1,0.25
Takeru_73,go go3289,iter,1,0.25
Takeru_73,what2251,iter,1,0.25
Takeru_73,what2259,iter,1,0.25
Takeru_73,what2261,iter,1,0.25
Takeru_73,what2262,iter,1,0.25
Takeru_73,who2221,iter,1,0.25
Takeru_73,who2222,iter,1,0.25
Takeru_73,yellow2234,iter,1,0.25
Takeru_74,all gone2242,iter,1,0.25
Takeru_74,ball1859,iter,1,0.25
Takeru_74,ball2218,iter,1,0.25
Takeru_74,bread3305,iter,1,0.25
Takeru_74,bread3306,iter,1,0.25
Takeru_74,good2903,iter,1,0.25
Takeru_74,pigeon3313,iter,1,0.25
Takeru_74,pigeon3315,iter,1,0.25
Takeru_74,please2226,iter,1,0.25
Takeru_74,stuck2269,iter,1,0.25
Takeru_74,that2688,iter,1,0.25
Takeru_74,what2257,iter,1,0.25
Takeru_74,who2222,iter,1,0.25
Takeru_75,all gone2243,iter,1,0.25
Takeru_75,aye-aye2896,iter,1,0.25
Takeru_75,ball1858,iter,1,0.25
Takeru_75,ball1859,iter,1,0.25
Takeru_75,ball2218,iter,1,0.25
Takeru_75,bread3310,iter,1,0.25
Takeru_75,food3298,iter,1,0.25
Takeru_75,juice1861,iter,1,0.25
Takeru_75,pigeon3312,iter,1,0.25
Takeru_75,train2239,iter,1,0.25
Takeru_75,what2251,iter,1,0.25
Takeru_75,what2262,iter,1,0.25
Takeru_75,who2222,iter,1,0.25
Takeru_75,who2223,iter,1,0.25
Takeru_76,aye-aye2687,iter,1,0.25
Takeru_76,aye-aye2896,iter,1,0.25
Takeru_76,found it2898,iter,1,0.25
Takeru_76,good2231,iter,1,0.25
Takeru_76,juice1862,iter,1,0.25
Takeru_76,please2225,iter,1,0.25
Takeru_76,take2265,iter,1,0.25
Takeru_76,what2252,iter,1,0.25
Takeru_76,what2255,iter,1,0.25
Takeru_76,what2257,iter,1,0.25
Takeru_76,who2222,iter,1,0.25
Takeru_77,all gone2245,iter,1,0.25
Takeru_77,elephant2274,iter,1,0.25
Takeru_77,flower2230,iter,1,0.25
Takeru_77,found it2898,iter,1,0.25
Takeru_77,go go2229,iter,1,0.25
Takeru_77,look!2240,iter,1,0.25
Takeru_77,please2226,iter,1,0.25
Takeru_77,take2264,iter,1,0.25
Takeru_77,that2690,iter,1,0.25
Takeru_77,train2236,iter,1,0.25
Takeru_77,what2259,iter,1,0.25
Takeru_78,Barney2217,iter,1,0.25
Takeru_78,all gone2242,iter,1,0.25
Takeru_78,elephant2274,iter,1,0.25
Takeru_78,good2902,iter,1,0.25
Takeru_78,look!2241,iter,1,0.25
Takeru_78,ouch1863,iter,1,0.25
Takeru_78,ouch2904,iter,1,0.25
Takeru_78,take3317,iter,1,0.25
Takeru_78,that2689,iter,1,0.25
Takeru_78,what2248,iter,1,0.25
Takeru_78,what2258,iter,1,0.25
Takeru_78,what2263,iter,1,0.25
Takeru_78,who2222,iter,1,0.25
Takeru_78,who2223,iter,1,0.25
Takeru_79,Barney1857,iter,1,0.25
Takeru_79,aye-aye2896,iter,1,0.25
Takeru_79,flower2901,iter,1,0.25
Takeru_79,mom3294,iter,1,0.25
Takeru_79,mom3295,iter,1,0.25
Takeru_79,ouch2904,iter,1,0.25
Takeru_79,stuck2269,iter,1,0.25
Takeru_79,take2266,iter,1,0.25
Takeru_79,train2237,iter,1,0.25
Takeru_79,what2252,iter,1,0.25
Takeru_79,what2253,iter,1,0.25
Takeru_79,what2261,iter,1,0.25
Takeru_79,what2263,iter,1,0.25
Takeru_79,who2221,iter,1,0.25
Takeru_79,yellow2234,iter,1,0.25
Takeru_8,Barney2217,iter,1,0.25
Takeru_8,all gone2243,iter,1,0.25
Takeru_8,all gone2244,iter,1,0.25
Takeru_8,ball2218,iter,1,0.25
Takeru_8,juice1860,iter,1,0.25
Takeru_8,mom3296,iter,1,0.25
Takeru_8,more1864,iter,1,0.25
Takeru_8,please2225,iter,1,0.25
Takeru_8,stuck2269,iter,1,0.25
Takeru_8,train2238,iter,1,0.25
Takeru_8,what2249,iter,1,0.25
Takeru_8,what2250,iter,1,0.25
Takeru_8,who2222,iter,1,0.25
Takeru_80,all gone2243,iter,1,0.25
Takeru_80,juice1860,iter,1,0.25
Takeru_80,please2225,iter,1,0.25
Takeru_80,that2688,iter,1,0.25
Takeru_80,train2237,iter,1,0.25
Takeru_80,what2247,iter,1,0.25
Takeru_80,what2251,iter,1,0.25
Takeru_80,what2252,iter,1,0.25
Takeru_80,what2253,iter,1,0.25
Takeru_80,what2260,iter,1,0.25
Takeru_80,who2223,iter,1,0.25
Takeru_81,aye-aye2896,iter,1,0.25
Takeru_81,ball2218,iter,1,0.25
Takeru_81,don't want to2232,iter,1,0.25
Takeru_81,flower2230,iter,1,0.25
Takeru_81,look!2240,iter,1,0.25
Takeru_81,more1864,iter,1,0.25
Takeru_81,please2226,iter,1,0.25
Takeru_81,train2238,iter,1,0.25
Takeru_81,yellow2235,iter,1,0.25
Takeru_82,aye-aye2687,iter,1,0.25
Takeru_82,ball1859,iter,1,0.25
Takeru_82,juice1861,iter,1,0.25
Takeru_82,stuck2269,iter,1,0.25
Takeru_82,take2264,iter,1,0.25
Takeru_82,that2689,iter,1,0.25
Takeru_82,what2257,iter,1,0.25
Takeru_83,all gone2243,iter,1,0.25
Takeru_83,ball1858,iter,1,0.25
Takeru_83,ball2218,iter,1,0.25
Takeru_83,daddy3324,iter,1,0.25
Takeru_83,doggie2272,iter,1,0.25
Takeru_83,more1864,iter,1,0.25
Takeru_83,ouch1863,iter,1,0.25
Takeru_83,please2225,iter,1,0.25
Takeru_83,what2249,iter,1,0.25
Takeru_83,what2253,iter,1,0.25
Takeru_83,what2254,iter,1,0.25
Takeru_83,what2262,iter,1,0.25
Takeru_83,who2222,iter,1,0.25
Takeru_83,who2223,iter,1,0.25
Takeru_84,all gone2242,iter,1,0.25
Takeru_84,all gone2244,iter,1,0.25
Takeru_84,aye-aye2687,iter,1,0.25
Takeru_84,go go2229,iter,1,0.25
Takeru_84,go go3289,iter,1,0.25
Takeru_84,good2231,iter,1,0.25
Takeru_84,more1864,iter,1,0.25
Takeru_84,put it there3104,iter,1,0.25
Takeru_84,that2689,iter,1,0.25
Takeru_84,that2897,iter,1,0.25
Takeru_84,what2248,iter,1,0.25
Takeru_84,what2251,iter,1,0.25
Takeru_84,what2260,iter,1,0.25
Takeru_84,yellow2235,iter,1,0.25
Takeru_85,Barney1857,iter,1,0.25
Takeru_85,aye-aye2687,iter,1,0.25
Takeru_85,combine3288,iter,1,0.25
Takeru_85,doggie2272,iter,1,0.25
Takeru_85,flower2901,iter,1,0.25
Takeru_85,food3299,iter,1,0.25
Takeru_85,found it3544,iter,1,0.25
Takeru_85,good2902,iter,1,0.25
Takeru_85,look!2240,iter,1,0.25
Takeru_85,please2227,iter,1,0.25
Takeru_85,stuck2267,iter,1,0.25
Takeru_85,what2247,iter,1,0.25
Takeru_85,what2256,iter,1,0.25
Takeru_85,what2257,iter,1,0.25
Takeru_85,what2262,iter,1,0.25
Takeru_86,Barney1857,iter,1,0.25
Takeru_86,all gone2243,iter,1,0.25
Takeru_86,aye-aye2896,iter,1,0.25
Takeru_86,flower2230,iter,1,0.25
Takeru_86,go go3289,iter,1,0.25
Takeru_86,good2231,iter,1,0.25
Takeru_86,ouch2904,iter,1,0.25
Takeru_86,take2265,iter,1,0.25
Takeru_86,that2689,iter,1,0.25
Takeru_86,that2690,iter,1,0.25
Takeru_86,train2237,iter,1,0.25
Takeru_86,train2239,iter,1,0.25
Takeru_86,what2256,iter,1,0.25
Takeru_86,who2221,iter,1,0.25
Takeru_86,who2224,iter,1,0.25
Takeru_87,do it!3546,iter,1,0.25
Takeru_87,found it3545,iter,1,0.25
Takeru_87,juice2228,iter,1,0.25
Takeru_87,take3319,iter,1,0.25
Takeru_87,take3321,iter,1,0.25
Takeru_88,daddy3324,iter,1,0.25
Takeru_88,do it!2905,iter,1,0.25
Takeru_88,do it!3293,iter,1,0.25
Takeru_88,do it!3546,iter,1,0.25
Takeru_88,flower2901,iter,1,0.25
Takeru_88,found it3544,iter,1,0.25
Takeru_88,take3320,iter,1,0.25
Takeru_88,that2689,iter,1,0.25
Takeru_88,whoops3304,iter,1,0.25
Takeru_88,whoops3548,iter,1,0.25
Takeru_89,all gone2245,iter,1,0.25
Takeru_89,ball1858,iter,1,0.25
Takeru_89,elephant2273,iter,1,0.25
Takeru_89,flower2230,iter,1,0.25
Takeru_89,go go3289,iter,1,0.25
Takeru_89,more1864,iter,1,0.25
Takeru_89,please2226,iter,1,0.25
Takeru_89,take2265,iter,1,0.25
Takeru_89,train2239,iter,1,0.25
Takeru_89,what2262,iter,1,0.25
Takeru_89,who2221,iter,1,0.25
Takeru_9,found it3544,iter,1,0.25
Takeru_9,stuck2269,iter,1,0.25
Takeru_9,take3316,iter,1,0.25
Takeru_9,take3317,iter,1,0.25
Takeru_9,take3318,iter,1,0.25
Takeru_9,take3320,iter,1,0.25
Takeru_9,take3321,iter,1,0.25
Takeru_9,that2690,iter,1,0.25
Takeru_9,whoops3304,iter,1,0.25
Takeru_90,ball1858,iter,1,0.25
Takeru_90,pigeon3314,iter,1,0.25
Takeru_91,Barney2217,iter,1,0.25
Takeru_91,all gone2244,iter,1,0.25
Takeru_91,aye-aye2687,iter,1,0.25
Takeru_91,go go2229,iter,1,0.25
Takeru_91,good2231,iter,1,0.25
Takeru_91,juice1861,iter,1,0.25
Takeru_91,juice1862,iter,1,0.25
Takeru_91,stuck2269,iter,1,0.25
Takeru_91,take2265,iter,1,0.25
Takeru_91,train2237,iter,1,0.25
Takeru_91,what2248,iter,1,0.25
Takeru_91,what2259,iter,1,0.25
Takeru_92,all gone2242,iter,1,0.25
Takeru_92,all gone2244,iter,1,0.25
Takeru_92,aye-aye2687,iter,1,0.25
Takeru_92,big2906,iter,1,0.25
Takeru_92,big3547,iter,1,0.25
Takeru_92,do it!3546,iter,1,0.25
Takeru_92,don't want to2232,iter,1,0.25
Takeru_92,found it3544,iter,1,0.25
Takeru_92,go go3289,iter,1,0.25
Takeru_92,good2903,iter,1,0.25
Takeru_92,look!2240,iter,1,0.25
Takeru_92,mom3296,iter,1,0.25
Takeru_92,take2264,iter,1,0.25
Takeru_92,take2265,iter,1,0.25
Takeru_92,train2237,iter,1,0.25
Takeru_92,yellow2234,iter,1,0.25
Takeru_93,big3547,iter,1,0.25
Takeru_93,combine3287,iter,1,0.25
Takeru_93,combine3288,iter,1,0.25
Takeru_93,daddy3323,iter,1,0.25
Takeru_93,daddy3324,iter,1,0.25
Takeru_93,do it!3546,iter,1,0.25
Takeru_93,found it3544,iter,1,0.25
Takeru_93,put it there2907,iter,1,0.25
Takeru_93,take2264,iter,1,0.25
Takeru_94,ball1858,iter,1,0.25
Takeru_94,choochoo2899,iter,1,0.25
Takeru_94,do it!2905,iter,1,0.25
Takeru_94,don't want to2232,iter,1,0.25
Takeru_94,elephant2274,iter,1,0.25
Takeru_94,good2231,iter,1,0.25
Takeru_94,look!2241,iter,1,0.25
Takeru_94,more1864,iter,1,0.25
Takeru_94,take2265,iter,1,0.25
Takeru_94,that2897,iter,1,0.25
Takeru_94,what2246,iter,1,0.25
Takeru_94,what2247,iter,1,0.25
Takeru_94,what2249,iter,1,0.25
Takeru_94,what2256,iter,1,0.25
Takeru_95,combine3288,iter,1,0.25
Takeru_95,daddy3324,iter,1,0.25
Takeru_95,don't want to3290,iter,1,0.25
Takeru_95,juice2228,iter,1,0.25
Takeru_95,who2222,iter,1,0.25
Takeru_95,whoops3304,iter,1,0.25
Takeru_95,whoops3548,iter,1,0.25
Takeru_96,ball1858,iter,1,0.25
Takeru_96,elephant2274,iter,1,0.25
Takeru_96,good2231,iter,1,0.25
Takeru_96,good2902,iter,1,0.25
Takeru_96,juice1861,iter,1,0.25
Takeru_96,more1864,iter,1,0.25
Takeru_96,ouch2904,iter,1,0.25
Takeru_96,put it there2907,iter,1,0.25
Takeru_96,train2238,iter,1,0.25
Takeru_96,what2252,iter,1,0.25
Takeru_96,what2253,iter,1,0.25
Takeru_96,what2254,iter,1,0.25
Takeru_96,who2223,iter,1,0.25
Takeru_97,ball2218,iter,1,0.25
Takeru_97,go go3289,iter,1,0.25
Takeru_97,good2902,iter,1,0.25
Takeru_97,juice1862,iter,1,0.25
Takeru_97,look!2241,iter,1,0.25
Takeru_97,mom3296,iter,1,0.25
Takeru_97,take2265,iter,1,0.25
Takeru_97,what2251,iter,1,0.25
Takeru_97,what2252,iter,1,0.25
Takeru_97,what2255,iter,1,0.25
Takeru_97,what2259,iter,1,0.25
Takeru_97,what2263,iter,1,0.25
Takeru_98,ball1858,iter,1,0.25
Takeru_98,choochoo2220,iter,1,0.25
Takeru_98,combine3286,iter,1,0.25
Takeru_98,elephant2273,iter,1,0.25
Takeru_98,more1864,iter,1,0.25
Takeru_98,please2225,iter,1,0.25
Takeru_98,take2264,iter,1,0.25
Takeru_98,take2265,iter,1,0.25
Takeru_98,take3320,iter,1,0.25
Takeru_98,take3321,iter,1,0.25
Takeru_98,what2247,iter,1,0.25
Takeru_98,what2249,iter,1,0.25
Takeru_98,what2260,iter,1,0.25
Takeru_98,what2261,iter,1,0.25
Takeru_98,what2263,iter,1,0.25
Takeru_98,whoops3304,iter,1,0.25
Takeru_98,whoops3548,iter,1,0.25
Takeru_99,combine3288,iter,1,0.25
Takeru_99,do it!3546,iter,1,0.25
Takeru_99,go go2229,iter,1,0.25
Takeru_99,hooray3291,iter,1,0.25
Takeru_99,more3303,iter,1,0.25
Takeru_99,ouch2904,iter,1,0.25
Taro_1,biting sound1923,iter,1,0.25
Taro_1,biting sound1926,iter,1,0.25
Taro_1,biting sound1927,iter,1,0.25
Taro_10,baby2494,iter,1,0.25
Taro_100,shoes3396,iter,1,0.25
Taro_100,shoes3397,iter,1,0.25
Taro_100,went in3392,iter,1,0.25
Taro_11,sleep3402,iter,1,0.25
Taro_12,sleep3403,iter,1,0.25
Taro_13,alligator1929,iter,1,0.25
Taro_13,alligator1930,iter,1,0.25
Taro_13,alligator1933,iter,1,0.25
Taro_13,alligator1936,iter,1,0.25
Taro_13,alligator2517,iter,1,0.25
Taro_13,alligator2518,iter,1,0.25
Taro_13,apple2515,iter,1,0.25
Taro_13,ball1919,iter,1,0.25
Taro_13,bath/sound of pouring water2656,iter,1,0.25
Taro_13,doggy2519,iter,1,0.25
Taro_13,doggy2521,iter,1,0.25
Taro_13,ouch3018,iter,1,0.25
Taro_14,shoes3395,iter,1,0.25
Taro_14,shoes3396,iter,1,0.25
Taro_14,shoes3397,iter,1,0.25
Taro_15,alligator1929,iter,1,0.25
Taro_15,alligator1930,iter,1,0.25
Taro_15,alligator1938,iter,1,0.25
Taro_15,baby2494,iter,1,0.25
Taro_15,ball1919,iter,1,0.25
Taro_15,bath/sound of pouring water2505,iter,1,0.25
Taro_15,bath/sound of pouring water2656,iter,1,0.25
Taro_15,here2511,iter,1,0.25
Taro_15,juice2508,iter,1,0.25
Taro_16,bath/sound of pouring water2656,iter,1,0.25
Taro_16,found3020,iter,1,0.25
Taro_17,apple2516,iter,1,0.25
Taro_18,bath/sound of pouring water2504,iter,1,0.25
Taro_18,train2501,iter,1,0.25
Taro_19,biting sound2709,iter,1,0.25
Taro_2,alligator1928,iter,1,0.25
Taro_2,alligator1930,iter,1,0.25
Taro_2,alligator1933,iter,1,0.25
Taro_2,alligator1937,iter,1,0.25
Taro_2,alligator1938,iter,1,0.25
Taro_2,alligator1940,iter,1,0.25
Taro_2,alligator2517,iter,1,0.25
Taro_2,apple2514,iter,1,0.25
Taro_2,apple2515,iter,1,0.25
Taro_2,baby2497,iter,1,0.25
Taro_2,ouch3018,iter,1,0.25
Taro_20,shoes3396,iter,1,0.25
Taro_20,shoes3398,iter,1,0.25
Taro_20,shoes3399,iter,1,0.25
Taro_21,shoes3396,iter,1,0.25
Taro_21,shoes3397,iter,1,0.25
Taro_21,shoes3398,iter,1,0.25
Taro_22,bird2513,iter,1,0.25
Taro_24,alligator1931,iter,1,0.25
Taro_24,alligator1934,iter,1,0.25
Taro_24,alligator1936,iter,1,0.25
Taro_24,alligator1937,iter,1,0.25
Taro_24,alligator1940,iter,1,0.25
Taro_24,alligator2518,iter,1,0.25
Taro_24,apple2516,iter,1,0.25
Taro_24,bath/sound of pouring water2504,iter,1,0.25
Taro_24,bath/sound of pouring water2506,iter,1,0.25
Taro_24,doggy2521,iter,1,0.25
Taro_24,here2511,iter,1,0.25
Taro_24,ouch3019,iter,1,0.25
Taro_24,shoes3397,iter,1,0.25
Taro_24,shoes3399,iter,1,0.25
Taro_24,shoes3400,iter,1,0.25
Taro_25,alligator1930,iter,1,0.25
Taro_25,alligator1932,iter,1,0.25
Taro_25,alligator1937,iter,1,0.25
Taro_25,apple2515,iter,1,0.25
Taro_25,baby2496,iter,1,0.25
Taro_25,baby2497,iter,1,0.25
Taro_25,ball1919,iter,1,0.25
Taro_25,bath/sound of pouring water2505,iter,1,0.25
Taro_25,found3020,iter,1,0.25
Taro_26,apple2514,iter,1,0.25
Taro_26,sleep3404,iter,1,0.25
Taro_26,sleep3406,iter,1,0.25
Taro_27,alligator1930,iter,1,0.25
Taro_27,baby2497,iter,1,0.25
Taro_27,bath/sound of pouring water2656,iter,1,0.25
Taro_27,car3127,iter,1,0.25
Taro_27,doggy2521,iter,1,0.25
Taro_27,here2511,iter,1,0.25
Taro_27,juice2508,iter,1,0.25
Taro_27,ouch3019,iter,1,0.25
Taro_27,shoes3395,iter,1,0.25
Taro_28,biting sound2709,iter,1,0.25
Taro_29,sleep3403,iter,1,0.25
Taro_30,ball1919,iter,1,0.25
Taro_31,ball1922,iter,1,0.25
Taro_32,all gone2512,iter,1,0.25
Taro_32,alligator1928,iter,1,0.25
Taro_32,alligator1931,iter,1,0.25
Taro_32,alligator1933,iter,1,0.25
Taro_32,alligator1936,iter,1,0.25
Taro_32,alligator1940,iter,1,0.25
Taro_32,alligator2518,iter,1,0.25
Taro_32,apple2514,iter,1,0.25
Taro_32,apple2516,iter,1,0.25
Taro_32,baby2497,iter,1,0.25
Taro_32,found3020,iter,1,0.25
Taro_33,alligator1931,iter,1,0.25
Taro_33,alligator1933,iter,1,0.25
Taro_33,alligator1939,iter,1,0.25
Taro_33,alligator2517,iter,1,0.25
Taro_33,alligator2518,iter,1,0.25
Taro_33,apple2515,iter,1,0.25
Taro_33,found3020,iter,1,0.25
Taro_34,biting sound1927,iter,1,0.25
Taro_35,biting sound2709,iter,1,0.25
Taro_36,biting sound1924,iter,1,0.25
Taro_36,biting sound1925,iter,1,0.25
Taro_36,biting sound1927,iter,1,0.25
Taro_37,found3020,iter,1,0.25
Taro_38,biting sound2712,iter,1,0.25
Taro_39,all gone2512,iter,1,0.25
Taro_39,baby2494,iter,1,0.25
Taro_40,shoes3399,iter,1,0.25
Taro_41,baby2494,iter,1,0.25
Taro_41,bath/sound of pouring water2505,iter,1,0.25
Taro_41,bath/sound of pouring water2506,iter,1,0.25
Taro_41,bird2513,iter,1,0.25
Taro_41,juice2509,iter,1,0.25
Taro_41,ouch3019,iter,1,0.25
Taro_41,train2499,iter,1,0.25
Taro_41,train2501,iter,1,0.25
Taro_42,alligator1933,iter,1,0.25
Taro_42,alligator1935,iter,1,0.25
Taro_42,alligator1937,iter,1,0.25
Taro_42,alligator1940,iter,1,0.25
Taro_42,alligator2517,iter,1,0.25
Taro_42,baby2497,iter,1,0.25
Taro_42,doggy2520,iter,1,0.25
Taro_44,sleep3401,iter,1,0.25
Taro_44,sleep3402,iter,1,0.25
Taro_45,alligator1930,iter,1,0.25
Taro_45,alligator1934,iter,1,0.25
Taro_45,alligator2517,iter,1,0.25
Taro_45,alligator2518,iter,1,0.25
Taro_45,bath/sound of pouring water2505,iter,1,0.25
Taro_45,bath/sound of pouring water2506,iter,1,0.25
Taro_45,car3127,iter,1,0.25
Taro_45,found3020,iter,1,0.25
Taro_45,juice2508,iter,1,0.25
Taro_45,shoes3395,iter,1,0.25
Taro_45,shoes3397,iter,1,0.25
Taro_45,shoes3398,iter,1,0.25
Taro_46,alligator1938,iter,1,0.25
Taro_46,alligator1940,iter,1,0.25
Taro_46,apple2515,iter,1,0.25
Taro_46,baby2496,iter,1,0.25
Taro_46,bath/sound of pouring water2656,iter,1,0.25
Taro_46,found3020,iter,1,0.25
Taro_47,alligator1928,iter,1,0.25
Taro_47,alligator1929,iter,1,0.25
Taro_47,alligator1932,iter,1,0.25
Taro_47,alligator1935,iter,1,0.25
Taro_47,alligator1937,iter,1,0.25
Taro_47,alligator1939,iter,1,0.25
Taro_47,apple2515,iter,1,0.25
Taro_47,ball1919,iter,1,0.25
Taro_47,doggy2519,iter,1,0.25
Taro_47,doggy2520,iter,1,0.25
Taro_47,here2511,iter,1,0.25
Taro_49,bath/sound of pouring water2656,iter,1,0.25
Taro_49,juice2508,iter,1,0.25
Taro_5,baby2494,iter,1,0.25
Taro_5,baby2495,iter,1,0.25
Taro_5,train2501,iter,1,0.25
Taro_50,baby2497,iter,1,0.25
Taro_50,baby3126,iter,1,0.25
Taro_50,found3020,iter,1,0.25
Taro_50,juice2508,iter,1,0.25
Taro_50,ouch3018,iter,1,0.25
Taro_52,alligator1930,iter,1,0.25
Taro_52,alligator1940,iter,1,0.25
Taro_52,apple2516,iter,1,0.25
Taro_52,baby2497,iter,1,0.25
Taro_52,bath/sound of pouring water2656,iter,1,0.25
Taro_52,car3127,iter,1,0.25
Taro_52,doggy2521,iter,1,0.25
Taro_52,found3020,iter,1,0.25
Taro_52,juice2508,iter,1,0.25
Taro_52,ouch3018,iter,1,0.25
Taro_53,alligator2517,iter,1,0.25
Taro_53,found3020,iter,1,0.25
Taro_53,ouch3019,iter,1,0.25
Taro_55,alligator1938,iter,1,0.25
Taro_55,alligator2517,iter,1,0.25
Taro_55,apple2514,iter,1,0.25
Taro_55,baby2494,iter,1,0.25
Taro_55,bath/sound of pouring water2656,iter,1,0.25
Taro_55,juice2510,iter,1,0.25
Taro_55,ouch3018,iter,1,0.25
Taro_56,biting sound1925,iter,1,0.25
Taro_56,biting sound1926,iter,1,0.25
Taro_57,alligator1929,iter,1,0.25
Taro_57,alligator1930,iter,1,0.25
Taro_57,alligator1939,iter,1,0.25
Taro_57,alligator2518,iter,1,0.25
Taro_57,apple2514,iter,1,0.25
Taro_57,baby2496,iter,1,0.25
Taro_57,car3127,iter,1,0.25
Taro_57,daddy3407,iter,1,0.25
Taro_57,doggy2519,iter,1,0.25
Taro_57,found3020,iter,1,0.25
Taro_58,alligator1929,iter,1,0.25
Taro_58,alligator1932,iter,1,0.25
Taro_58,apple2514,iter,1,0.25
Taro_58,apple2515,iter,1,0.25
Taro_58,ball1919,iter,1,0.25
Taro_58,bath/sound of pouring water2656,iter,1,0.25
Taro_59,apple2516,iter,1,0.25
Taro_6,alligator1928,iter,1,0.25
Taro_6,alligator1933,iter,1,0.25
Taro_6,alligator1939,iter,1,0.25
Taro_6,alligator2517,iter,1,0.25
Taro_6,apple2516,iter,1,0.25
Taro_6,baby2494,iter,1,0.25
Taro_6,baby2497,iter,1,0.25
Taro_6,baby3126,iter,1,0.25
Taro_6,bath/sound of pouring water2503,iter,1,0.25
Taro_6,doggy2519,iter,1,0.25
Taro_6,doggy2520,iter,1,0.25
Taro_6,train2500,iter,1,0.25
Taro_6,train2502,iter,1,0.25
Taro_60,bath/sound of pouring water2504,iter,1,0.25
Taro_60,train2502,iter,1,0.25
Taro_61,alligator1929,iter,1,0.25
Taro_61,alligator1930,iter,1,0.25
Taro_61,alligator2517,iter,1,0.25
Taro_61,alligator2518,iter,1,0.25
Taro_61,apple2515,iter,1,0.25
Taro_61,baby2494,iter,1,0.25
Taro_61,here2511,iter,1,0.25
Taro_61,juice2508,iter,1,0.25
Taro_62,alligator1936,iter,1,0.25
Taro_62,baby2494,iter,1,0.25
Taro_62,baby2496,iter,1,0.25
Taro_62,baby2497,iter,1,0.25
Taro_62,juice2508,iter,1,0.25
Taro_63,daddy3407,iter,1,0.25
Taro_63,daddy3408,iter,1,0.25
Taro_64,alligator1931,iter,1,0.25
Taro_64,alligator1932,iter,1,0.25
Taro_64,alligator1936,iter,1,0.25
Taro_64,alligator1939,iter,1,0.25
Taro_64,baby2494,iter,1,0.25
Taro_64,baby2496,iter,1,0.25
Taro_64,ouch3018,iter,1,0.25
Taro_65,bath/sound of pouring water2656,iter,1,0.25
Taro_65,here2511,iter,1,0.25
Taro_65,shoes3398,iter,1,0.25
Taro_65,shoes3399,iter,1,0.25
Taro_68,alligator1930,iter,1,0.25
Taro_68,alligator1931,iter,1,0.25
Taro_68,alligator1937,iter,1,0.25
Taro_68,alligator2517,iter,1,0.25
Taro_68,alligator2518,iter,1,0.25
Taro_68,apple2514,iter,1,0.25
Taro_68,bath/sound of pouring water2505,iter,1,0.25
Taro_68,bath/sound of pouring water2656,iter,1,0.25
Taro_68,here2511,iter,1,0.25
Taro_68,hot3017,iter,1,0.25
Taro_68,juice2508,iter,1,0.25
Taro_68,ouch3018,iter,1,0.25
Taro_68,shoes3400,iter,1,0.25
Taro_71,alligator1928,iter,1,0.25
Taro_71,alligator1939,iter,1,0.25
Taro_71,alligator2517,iter,1,0.25
Taro_71,baby2494,iter,1,0.25
Taro_71,ball1919,iter,1,0.25
Taro_71,doggy2520,iter,1,0.25
Taro_71,juice2508,iter,1,0.25
Taro_72,alligator1931,iter,1,0.25
Taro_72,alligator1936,iter,1,0.25
Taro_72,alligator1938,iter,1,0.25
Taro_72,alligator1939,iter,1,0.25
Taro_72,alligator2517,iter,1,0.25
Taro_72,baby2494,iter,1,0.25
Taro_72,ball1919,iter,1,0.25
Taro_72,bath/sound of pouring water2504,iter,1,0.25
Taro_72,bath/sound of pouring water2506,iter,1,0.25
Taro_72,juice2508,iter,1,0.25
Taro_73,bath/sound of pouring water2656,iter,1,0.25
Taro_74,alligator1934,iter,1,0.25
Taro_74,alligator1935,iter,1,0.25
Taro_74,alligator1937,iter,1,0.25
Taro_74,alligator1939,iter,1,0.25
Taro_74,alligator2517,iter,1,0.25
Taro_74,apple2515,iter,1,0.25
Taro_74,baby2494,iter,1,0.25
Taro_74,baby2497,iter,1,0.25
Taro_74,doggy2521,iter,1,0.25
Taro_75,train2502,iter,1,0.25
Taro_76,alligator2517,iter,1,0.25
Taro_76,juice2508,iter,1,0.25
Taro_76,ouch3018,iter,1,0.25
Taro_76,shoes3400,iter,1,0.25
Taro_77,biting sound1927,iter,1,0.25
Taro_78,biting sound1924,iter,1,0.25
Taro_8,alligator1930,iter,1,0.25
Taro_8,alligator1933,iter,1,0.25
Taro_8,alligator1935,iter,1,0.25
Taro_8,alligator1936,iter,1,0.25
Taro_8,alligator2518,iter,1,0.25
Taro_8,apple2516,iter,1,0.25
Taro_8,baby2494,iter,1,0.25
Taro_8,baby2497,iter,1,0.25
Taro_8,doggy2521,iter,1,0.25
Taro_80,sleep3405,iter,1,0.25
Taro_82,alligator1932,iter,1,0.25
Taro_82,alligator1938,iter,1,0.25
Taro_82,alligator2518,iter,1,0.25
Taro_82,ball1919,iter,1,0.25
Taro_82,car3127,iter,1,0.25
Taro_82,daddy3408,iter,1,0.25
Taro_83,alligator1930,iter,1,0.25
Taro_83,alligator1931,iter,1,0.25
Taro_83,alligator1933,iter,1,0.25
Taro_83,alligator1937,iter,1,0.25
Taro_83,alligator2518,iter,1,0.25
Taro_83,apple2514,iter,1,0.25
Taro_83,baby2494,iter,1,0.25
Taro_83,car3127,iter,1,0.25
Taro_83,daddy3408,iter,1,0.25
Taro_83,here2511,iter,1,0.25
Taro_85,baby2494,iter,1,0.25
Taro_85,ball1919,iter,1,0.25
Taro_86,found3020,iter,1,0.25
Taro_87,biting sound1925,iter,1,0.25
Taro_88,biting sound2714,iter,1,0.25
Taro_9,bath/sound of pouring water2656,iter,1,0.25
Taro_9,here2511,iter,1,0.25
Taro_9,ouch3018,iter,1,0.25
Taro_90,bath/sound of pouring water2504,iter,1,0.25
Taro_90,bath/sound of pouring water2506,iter,1,0.25
Taro_90,found3020,iter,1,0.25
Taro_90,"pencil, writing2507",iter,1,0.25
Taro_90,train2498,iter,1,0.25
Taro_90,train2501,iter,1,0.25
Taro_90,train2502,iter,1,0.25
Taro_91,apple2515,iter,1,0.25
Taro_91,apple2516,iter,1,0.25
Taro_91,sleep3402,iter,1,0.25
Taro_91,sleep3404,iter,1,0.25
Taro_92,shoes3397,iter,1,0.25
Taro_92,shoes3398,iter,1,0.25
Taro_93,train2498,iter,1,0.25
Taro_95,all gone2512,iter,1,0.25
Taro_95,train2502,iter,1,0.25
Taro_98,alligator1929,iter,1,0.25
Taro_98,alligator1932,iter,1,0.25
Taro_98,alligator1939,iter,1,0.25
Taro_98,alligator2517,iter,1,0.25
Taro_98,apple2514,iter,1,0.25
Taro_98,apple2516,iter,1,0.25
Taro_98,bath/sound of pouring water2506,iter,1,0.25
Taro_98,car3127,iter,1,0.25
Taro_98,doggy2521,iter,1,0.25
Taro_98,here2511,iter,1,0.25
Taro_98,ouch3019,iter,1,0.25
Taro_98,shoes3397,iter,1,0.25
Taro_99,alligator1928,iter,1,0.25
Taro_99,alligator1931,iter,1,0.25
Taro_99,alligator1937,iter,1,0.25
Taro_99,alligator1939,iter,1,0.25
Taro_99,apple2516,iter,1,0.25
Taro_99,baby2494,iter,1,0.25
Taro_99,baby2497,iter,1,0.25
Taro_99,baby3126,iter,1,0.25
Taro_99,bath/sound of pouring water2504,iter,1,0.25
Taro_99,juice2508,iter,1,0.25
Taro_99,ouch3019,iter,1,0.25
Taro_99,shoes3395,iter,1,0.25
Tobias_1,what's that2821,iter,1,0.25
Tobias_1,what's that2822,iter,1,0.25
Tobias_10,quack quack2125,iter,1,0.25
Tobias_10,quack quack2663,iter,1,0.25
Tobias_10,ribbit ribbit3100,iter,1,0.25
Tobias_100,baby2119,iter,1,0.25
Tobias_100,eeyore2813,iter,1,0.25
Tobias_100,eeyore2814,iter,1,0.25
Tobias_100,eeyore2815,iter,1,0.25
Tobias_100,honk honk2817,iter,1,0.25
Tobias_100,monkey3157,iter,1,0.25
Tobias_100,what's that2822,iter,1,0.25
Tobias_100,what's that3103,iter,1,0.25
Tobias_100,woof woof2673,iter,1,0.25
Tobias_100,woof woof2823,iter,1,0.25
Tobias_100,woof woof2824,iter,1,0.25
Tobias_11,quack quack2126,iter,1,0.25
Tobias_11,quack quack2127,iter,1,0.25
Tobias_11,quack quack3099,iter,1,0.25
Tobias_12,eeyore2814,iter,1,0.25
Tobias_12,honk honk2672,iter,1,0.25
Tobias_12,honk honk2817,iter,1,0.25
Tobias_12,hoo hoo2674,iter,1,0.25
Tobias_12,neenaw2820,iter,1,0.25
Tobias_12,toot toot2645,iter,1,0.25
Tobias_12,what's that3103,iter,1,0.25
Tobias_12,woof woof2823,iter,1,0.25
Tobias_13,peacock2123,iter,1,0.25
Tobias_13,what's that2822,iter,1,0.25
Tobias_13,what's that3101,iter,1,0.25
Tobias_14,honk honk2671,iter,1,0.25
Tobias_15,quack quack2125,iter,1,0.25
Tobias_15,quack quack2127,iter,1,0.25
Tobias_16,eeyore3098,iter,1,0.25
Tobias_16,quack quack2124,iter,1,0.25
Tobias_16,quack quack2125,iter,1,0.25
Tobias_16,quack quack2126,iter,1,0.25
Tobias_16,quack quack2663,iter,1,0.25
Tobias_16,quack quack3099,iter,1,0.25
Tobias_16,ribbit ribbit3100,iter,1,0.25
Tobias_17,quack quack2125,iter,1,0.25
Tobias_17,quack quack2642,iter,1,0.25
Tobias_17,quack quack2663,iter,1,0.25
Tobias_17,ribbit ribbit3100,iter,1,0.25
Tobias_17,toot toot2130,iter,1,0.25
Tobias_18,eeyore2815,iter,1,0.25
Tobias_18,eeyore2816,iter,1,0.25
Tobias_18,honk honk1803,iter,1,0.25
Tobias_18,honk honk2817,iter,1,0.25
Tobias_18,hoo hoo2674,iter,1,0.25
Tobias_18,monkey3157,iter,1,0.25
Tobias_18,neenaw2122,iter,1,0.25
Tobias_18,neenaw2820,iter,1,0.25
Tobias_18,tortoise2131,iter,1,0.25
Tobias_18,woof woof2673,iter,1,0.25
Tobias_18,woof woof2824,iter,1,0.25
Tobias_19,eeyore2121,iter,1,0.25
Tobias_19,honk honk2671,iter,1,0.25
Tobias_19,honk honk2819,iter,1,0.25
Tobias_2,eeyore3098,iter,1,0.25
Tobias_2,quack quack2125,iter,1,0.25
Tobias_2,quack quack2126,iter,1,0.25
Tobias_2,quack quack2127,iter,1,0.25
Tobias_2,quack quack2643,iter,1,0.25
Tobias_2,quack quack3099,iter,1,0.25
Tobias_2,ribbit ribbit3100,iter,1,0.25
Tobias_20,baby2119,iter,1,0.25
Tobias_20,eek eek1806,iter,1,0.25
Tobias_21,eeyore3098,iter,1,0.25
Tobias_21,quack quack2124,iter,1,0.25
Tobias_21,quack quack2127,iter,1,0.25
Tobias_21,quack quack2128,iter,1,0.25
Tobias_21,quack quack2643,iter,1,0.25
Tobias_21,ribbit ribbit3100,iter,1,0.25
Tobias_22,eeyore2815,iter,1,0.25
Tobias_22,eeyore2816,iter,1,0.25
Tobias_22,honk honk2819,iter,1,0.25
Tobias_22,tortoise2131,iter,1,0.25
Tobias_22,what's that2822,iter,1,0.25
Tobias_22,woof woof2823,iter,1,0.25
Tobias_22,woof woof2824,iter,1,0.25
Tobias_24,eeyore2813,iter,1,0.25
Tobias_24,honk honk2817,iter,1,0.25
Tobias_24,honk honk2819,iter,1,0.25
Tobias_24,quack quack2126,iter,1,0.25
Tobias_24,ribbit ribbit3100,iter,1,0.25
Tobias_24,toot toot2130,iter,1,0.25
Tobias_24,what's that3103,iter,1,0.25
Tobias_24,woof woof2673,iter,1,0.25
Tobias_24,woof woof2824,iter,1,0.25
Tobias_25,honk honk1803,iter,1,0.25
Tobias_25,toot toot2130,iter,1,0.25
Tobias_25,toot toot2645,iter,1,0.25
Tobias_25,tortoise2131,iter,1,0.25
Tobias_29,what's that2822,iter,1,0.25
Tobias_3,honk honk1803,iter,1,0.25
Tobias_3,honk honk2817,iter,1,0.25
Tobias_3,woof woof2823,iter,1,0.25
Tobias_3,woof woof2824,iter,1,0.25
Tobias_30,eeyore2813,iter,1,0.25
Tobias_30,eeyore3097,iter,1,0.25
Tobias_30,honk honk1803,iter,1,0.25
Tobias_30,honk honk2671,iter,1,0.25
Tobias_30,honk honk2672,iter,1,0.25
Tobias_30,honk honk2817,iter,1,0.25
Tobias_30,honk honk2819,iter,1,0.25
Tobias_30,hoo hoo2674,iter,1,0.25
Tobias_30,woof woof2823,iter,1,0.25
Tobias_32,honk honk2819,iter,1,0.25
Tobias_32,woof woof2673,iter,1,0.25
Tobias_33,eek eek1806,iter,1,0.25
Tobias_33,eeyore2815,iter,1,0.25
Tobias_33,honk honk1803,iter,1,0.25
Tobias_33,honk honk2819,iter,1,0.25
Tobias_33,neenaw2122,iter,1,0.25
Tobias_33,neenaw2820,iter,1,0.25
Tobias_33,tortoise2131,iter,1,0.25
Tobias_33,woof woof1805,iter,1,0.25
Tobias_33,woof woof2824,iter,1,0.25
Tobias_34,honk honk2671,iter,1,0.25
Tobias_34,neenaw2122,iter,1,0.25
Tobias_35,ribbit ribbit3100,iter,1,0.25
Tobias_35,what's that2822,iter,1,0.25
Tobias_39,honk honk2671,iter,1,0.25
Tobias_39,neenaw2122,iter,1,0.25
Tobias_39,woof woof1805,iter,1,0.25
Tobias_4,eek eek1806,iter,1,0.25
Tobias_4,honk honk2671,iter,1,0.25
Tobias_4,honk honk2819,iter,1,0.25
Tobias_4,woof woof2824,iter,1,0.25
Tobias_40,toot toot2646,iter,1,0.25
Tobias_41,baby2118,iter,1,0.25
Tobias_41,eeyore2813,iter,1,0.25
Tobias_41,honk honk2671,iter,1,0.25
Tobias_41,honk honk2818,iter,1,0.25
Tobias_41,honk honk2819,iter,1,0.25
Tobias_41,honk honk3155,iter,1,0.25
Tobias_41,woof woof2673,iter,1,0.25
Tobias_42,honk honk2817,iter,1,0.25
Tobias_42,quack quack2125,iter,1,0.25
Tobias_42,quack quack2128,iter,1,0.25
Tobias_42,what's that2822,iter,1,0.25
Tobias_43,eeyore2814,iter,1,0.25
Tobias_43,eeyore2815,iter,1,0.25
Tobias_43,neenaw2820,iter,1,0.25
Tobias_43,toot toot2645,iter,1,0.25
Tobias_43,tortoise2131,iter,1,0.25
Tobias_43,woof woof1805,iter,1,0.25
Tobias_43,woof woof2673,iter,1,0.25
Tobias_44,quack quack2126,iter,1,0.25
Tobias_44,quack quack2127,iter,1,0.25
Tobias_44,quack quack2642,iter,1,0.25
Tobias_44,ribbit ribbit3100,iter,1,0.25
Tobias_45,quack quack2128,iter,1,0.25
Tobias_46,eeyore2121,iter,1,0.25
Tobias_46,eeyore2813,iter,1,0.25
Tobias_46,eeyore2815,iter,1,0.25
Tobias_46,neenaw2820,iter,1,0.25
Tobias_46,tortoise2131,iter,1,0.25
Tobias_46,woof woof2823,iter,1,0.25
Tobias_47,eek eek1806,iter,1,0.25
Tobias_47,honk honk2817,iter,1,0.25
Tobias_47,woof woof2823,iter,1,0.25
Tobias_48,eek eek1806,iter,1,0.25
Tobias_48,eeyore2121,iter,1,0.25
Tobias_48,eeyore2813,iter,1,0.25
Tobias_48,eeyore3097,iter,1,0.25
Tobias_48,honk honk2817,iter,1,0.25
Tobias_48,honk honk2819,iter,1,0.25
Tobias_48,honk honk3155,iter,1,0.25
Tobias_48,hoo hoo2674,iter,1,0.25
Tobias_48,neenaw2122,iter,1,0.25
Tobias_48,tortoise2131,iter,1,0.25
Tobias_48,woof woof1805,iter,1,0.25
Tobias_48,woof woof2673,iter,1,0.25
Tobias_48,woof woof2823,iter,1,0.25
Tobias_49,eeyore3098,iter,1,0.25
Tobias_49,honk honk1803,iter,1,0.25
Tobias_49,peacock2123,iter,1,0.25
Tobias_49,quack quack2126,iter,1,0.25
Tobias_49,quack quack2643,iter,1,0.25
Tobias_49,quack quack2663,iter,1,0.25
Tobias_49,ribbit ribbit3100,iter,1,0.25
Tobias_49,tick tock2129,iter,1,0.25
Tobias_5,eek eek1806,iter,1,0.25
Tobias_5,honk honk1803,iter,1,0.25
Tobias_5,honk honk2671,iter,1,0.25
Tobias_5,honk honk2819,iter,1,0.25
Tobias_5,honk honk3155,iter,1,0.25
Tobias_5,hoo hoo2674,iter,1,0.25
Tobias_5,neenaw2122,iter,1,0.25
Tobias_5,woof woof1805,iter,1,0.25
Tobias_5,woof woof2824,iter,1,0.25
Tobias_51,honk honk2819,iter,1,0.25
Tobias_52,quack quack2125,iter,1,0.25
Tobias_52,quack quack2126,iter,1,0.25
Tobias_52,quack quack2643,iter,1,0.25
Tobias_52,quack quack3099,iter,1,0.25
Tobias_52,ribbit ribbit3100,iter,1,0.25
Tobias_52,ribbit ribbit3140,iter,1,0.25
Tobias_52,what's that2822,iter,1,0.25
Tobias_53,baby2118,iter,1,0.25
Tobias_53,eeyore2121,iter,1,0.25
Tobias_53,eeyore2813,iter,1,0.25
Tobias_53,eeyore2815,iter,1,0.25
Tobias_53,honk honk1803,iter,1,0.25
Tobias_53,honk honk3155,iter,1,0.25
Tobias_53,monkey3157,iter,1,0.25
Tobias_53,neenaw2820,iter,1,0.25
Tobias_53,what's that2822,iter,1,0.25
Tobias_53,woof woof1805,iter,1,0.25
Tobias_53,woof woof2673,iter,1,0.25
Tobias_53,woof woof2824,iter,1,0.25
Tobias_54,eek eek1806,iter,1,0.25
Tobias_54,eeyore2813,iter,1,0.25
Tobias_54,eeyore2816,iter,1,0.25
Tobias_54,honk honk2671,iter,1,0.25
Tobias_54,honk honk2672,iter,1,0.25
Tobias_54,honk honk2818,iter,1,0.25
Tobias_54,hoo hoo2674,iter,1,0.25
Tobias_54,woof woof1805,iter,1,0.25
Tobias_54,woof woof2824,iter,1,0.25
Tobias_55,eeyore2121,iter,1,0.25
Tobias_55,eeyore2814,iter,1,0.25
Tobias_55,honk honk2671,iter,1,0.25
Tobias_55,honk honk2817,iter,1,0.25
Tobias_55,honk honk2819,iter,1,0.25
Tobias_55,woof woof2673,iter,1,0.25
Tobias_56,ribbit ribbit3100,iter,1,0.25
Tobias_56,ribbit ribbit3140,iter,1,0.25
Tobias_57,eeyore2815,iter,1,0.25
Tobias_57,eeyore2816,iter,1,0.25
Tobias_57,eeyore3097,iter,1,0.25
Tobias_57,honk honk2672,iter,1,0.25
Tobias_57,honk honk2817,iter,1,0.25
Tobias_57,honk honk2819,iter,1,0.25
Tobias_57,toot toot2130,iter,1,0.25
Tobias_57,woof woof1805,iter,1,0.25
Tobias_57,woof woof2823,iter,1,0.25
Tobias_58,eeyore2121,iter,1,0.25
Tobias_58,honk honk1803,iter,1,0.25
Tobias_58,honk honk2817,iter,1,0.25
Tobias_58,honk honk2818,iter,1,0.25
Tobias_58,honk honk2819,iter,1,0.25
Tobias_58,honk honk3155,iter,1,0.25
Tobias_58,neenaw2122,iter,1,0.25
Tobias_58,woof woof2673,iter,1,0.25
Tobias_58,woof woof2824,iter,1,0.25
Tobias_59,quack quack2125,iter,1,0.25
Tobias_59,ribbit ribbit3141,iter,1,0.25
Tobias_59,what's that3101,iter,1,0.25
Tobias_6,eeyore2121,iter,1,0.25
Tobias_6,eeyore2815,iter,1,0.25
Tobias_6,honk honk2671,iter,1,0.25
Tobias_6,honk honk2672,iter,1,0.25
Tobias_6,honk honk2818,iter,1,0.25
Tobias_6,honk honk2819,iter,1,0.25
Tobias_6,neenaw2820,iter,1,0.25
Tobias_6,woof woof1805,iter,1,0.25
Tobias_6,woof woof2823,iter,1,0.25
Tobias_60,eeyore2813,iter,1,0.25
Tobias_60,eeyore2816,iter,1,0.25
Tobias_60,honk honk2672,iter,1,0.25
Tobias_61,quack quack2124,iter,1,0.25
Tobias_61,ribbit ribbit3100,iter,1,0.25
Tobias_61,tick tock2129,iter,1,0.25
Tobias_63,quack quack2124,iter,1,0.25
Tobias_63,quack quack2125,iter,1,0.25
Tobias_63,quack quack2127,iter,1,0.25
Tobias_63,quack quack2642,iter,1,0.25
Tobias_63,quack quack2643,iter,1,0.25
Tobias_63,quack quack2663,iter,1,0.25
Tobias_63,tick tock2129,iter,1,0.25
Tobias_64,eek eek1806,iter,1,0.25
Tobias_64,honk honk2671,iter,1,0.25
Tobias_64,honk honk2819,iter,1,0.25
Tobias_64,neenaw2122,iter,1,0.25
Tobias_64,spider2644,iter,1,0.25
Tobias_64,tortoise2131,iter,1,0.25
Tobias_64,woof woof1805,iter,1,0.25
Tobias_64,woof woof2824,iter,1,0.25
Tobias_65,quack quack2126,iter,1,0.25
Tobias_65,quack quack2127,iter,1,0.25
Tobias_65,quack quack2128,iter,1,0.25
Tobias_65,quack quack2643,iter,1,0.25
Tobias_65,quack quack2663,iter,1,0.25
Tobias_66,peacock2123,iter,1,0.25
Tobias_66,quack quack2127,iter,1,0.25
Tobias_66,quack quack2642,iter,1,0.25
Tobias_66,ribbit ribbit3100,iter,1,0.25
Tobias_67,what's that2821,iter,1,0.25
Tobias_67,what's that2822,iter,1,0.25
Tobias_68,eeyore2815,iter,1,0.25
Tobias_68,honk honk2672,iter,1,0.25
Tobias_68,honk honk2819,iter,1,0.25
Tobias_68,hoo hoo2674,iter,1,0.25
Tobias_68,woof woof2673,iter,1,0.25
Tobias_68,woof woof2824,iter,1,0.25
Tobias_70,eeyore2121,iter,1,0.25
Tobias_70,eeyore2816,iter,1,0.25
Tobias_70,eeyore3097,iter,1,0.25
Tobias_70,honk honk1803,iter,1,0.25
Tobias_70,honk honk2672,iter,1,0.25
Tobias_70,honk honk2817,iter,1,0.25
Tobias_70,monkey3157,iter,1,0.25
Tobias_70,neenaw2122,iter,1,0.25
Tobias_70,toot toot2130,iter,1,0.25
Tobias_70,what's that2822,iter,1,0.25
Tobias_70,woof woof2673,iter,1,0.25
Tobias_70,woof woof2823,iter,1,0.25
Tobias_71,monkey3157,iter,1,0.25
Tobias_72,a-boo2117,iter,1,0.25
Tobias_72,eeyore2121,iter,1,0.25
Tobias_72,eeyore2815,iter,1,0.25
Tobias_72,eeyore3097,iter,1,0.25
Tobias_72,honk honk2671,iter,1,0.25
Tobias_72,honk honk2672,iter,1,0.25
Tobias_72,monkey3157,iter,1,0.25
Tobias_72,neenaw2122,iter,1,0.25
Tobias_72,neenaw2820,iter,1,0.25
Tobias_72,toot toot2645,iter,1,0.25
Tobias_72,tortoise2131,iter,1,0.25
Tobias_72,woof woof2673,iter,1,0.25
Tobias_72,woof woof2823,iter,1,0.25
Tobias_72,woof woof2824,iter,1,0.25
Tobias_73,baby2118,iter,1,0.25
Tobias_73,eeyore2121,iter,1,0.25
Tobias_73,eeyore2813,iter,1,0.25
Tobias_74,toot toot2130,iter,1,0.25
Tobias_75,woof woof2673,iter,1,0.25
Tobias_76,honk honk2817,iter,1,0.25
Tobias_76,quack quack2124,iter,1,0.25
Tobias_76,quack quack2127,iter,1,0.25
Tobias_76,quack quack2128,iter,1,0.25
Tobias_76,toot toot2130,iter,1,0.25
Tobias_8,a-boo2117,iter,1,0.25
Tobias_8,baby2119,iter,1,0.25
Tobias_8,eeyore2814,iter,1,0.25
Tobias_8,honk honk2672,iter,1,0.25
Tobias_8,honk honk2819,iter,1,0.25
Tobias_8,hoo hoo2674,iter,1,0.25
Tobias_8,monkey3157,iter,1,0.25
Tobias_8,neenaw2122,iter,1,0.25
Tobias_8,toot toot2130,iter,1,0.25
Tobias_8,toot toot2645,iter,1,0.25
Tobias_8,tortoise2131,iter,1,0.25
Tobias_8,woof woof1805,iter,1,0.25
Tobias_8,woof woof2673,iter,1,0.25
Tobias_80,eeyore2813,iter,1,0.25
Tobias_80,eeyore2815,iter,1,0.25
Tobias_80,eeyore3097,iter,1,0.25
Tobias_80,honk honk2672,iter,1,0.25
Tobias_80,honk honk2818,iter,1,0.25
Tobias_80,hoo hoo2674,iter,1,0.25
Tobias_80,neenaw2820,iter,1,0.25
Tobias_81,eeyore2814,iter,1,0.25
Tobias_81,hippo2641,iter,1,0.25
Tobias_81,honk honk2817,iter,1,0.25
Tobias_81,honk honk2818,iter,1,0.25
Tobias_81,woof woof1805,iter,1,0.25
Tobias_81,woof woof2823,iter,1,0.25
Tobias_82,honk honk2819,iter,1,0.25
Tobias_82,what's that3103,iter,1,0.25
Tobias_82,woof woof2673,iter,1,0.25
Tobias_83,honk honk2671,iter,1,0.25
Tobias_83,monkey3156,iter,1,0.25
Tobias_84,honk honk2671,iter,1,0.25
Tobias_84,ribbit ribbit3100,iter,1,0.25
Tobias_84,what's that3101,iter,1,0.25
Tobias_84,woof woof2673,iter,1,0.25
Tobias_86,baby2119,iter,1,0.25
Tobias_86,eeyore2814,iter,1,0.25
Tobias_86,eeyore2815,iter,1,0.25
Tobias_86,honk honk1803,iter,1,0.25
Tobias_86,honk honk2672,iter,1,0.25
Tobias_86,honk honk2817,iter,1,0.25
Tobias_86,neenaw2820,iter,1,0.25
Tobias_86,toot toot2645,iter,1,0.25
Tobias_86,what's that3103,iter,1,0.25
Tobias_86,woof woof1805,iter,1,0.25
Tobias_88,quack quack2125,iter,1,0.25
Tobias_88,quack quack2128,iter,1,0.25
Tobias_88,quack quack3099,iter,1,0.25
Tobias_88,ribbit ribbit3100,iter,1,0.25
Tobias_89,eek eek1806,iter,1,0.25
Tobias_89,eeyore2121,iter,1,0.25
Tobias_89,eeyore2813,iter,1,0.25
Tobias_89,eeyore2814,iter,1,0.25
Tobias_89,eeyore2815,iter,1,0.25
Tobias_89,honk honk1803,iter,1,0.25
Tobias_89,quack quack2124,iter,1,0.25
Tobias_89,quack quack2127,iter,1,0.25
Tobias_89,quack quack2128,iter,1,0.25
Tobias_89,woof woof2673,iter,1,0.25
Tobias_89,woof woof2824,iter,1,0.25
Tobias_9,eeyore3098,iter,1,0.25
Tobias_9,quack quack2126,iter,1,0.25
Tobias_9,quack quack2127,iter,1,0.25
Tobias_9,quack quack2128,iter,1,0.25
Tobias_9,ribbit ribbit3100,iter,1,0.25
Tobias_9,toot toot2130,iter,1,0.25
Tobias_91,baby2120,iter,1,0.25
Tobias_91,eeyore2814,iter,1,0.25
Tobias_91,eeyore2816,iter,1,0.25
Tobias_91,honk honk2671,iter,1,0.25
Tobias_91,honk honk2818,iter,1,0.25
Tobias_91,toot toot2130,iter,1,0.25
Tobias_91,woof woof1805,iter,1,0.25
Tobias_91,woof woof2673,iter,1,0.25
Tobias_92,quack quack2124,iter,1,0.25
Tobias_92,quack quack2125,iter,1,0.25
Tobias_92,quack quack2643,iter,1,0.25
Tobias_93,quack quack2124,iter,1,0.25
Tobias_93,quack quack2127,iter,1,0.25
Tobias_93,quack quack2663,iter,1,0.25
Tobias_94,eeyore2815,iter,1,0.25
Tobias_94,honk honk1803,iter,1,0.25
Tobias_94,honk honk2817,iter,1,0.25
Tobias_94,honk honk2819,iter,1,0.25
Tobias_94,neenaw2820,iter,1,0.25
Tobias_94,woof woof2673,iter,1,0.25
Tobias_94,woof woof2823,iter,1,0.25
Tobias_94,woof woof2824,iter,1,0.25
Tobias_95,eeyore2816,iter,1,0.25
Tobias_95,toot toot2130,iter,1,0.25
Tobias_96,honk honk2817,iter,1,0.25
Tobias_96,quack quack2124,iter,1,0.25
Tobias_96,quack quack2126,iter,1,0.25
Tobias_96,quack quack3099,iter,1,0.25
Tobias_96,ribbit ribbit3100,iter,1,0.25
Tobias_97,what's that2822,iter,1,0.25
Tobias_98,eeyore2121,iter,1,0.25
Tobias_98,honk honk1803,iter,1,0.25
Tobias_98,honk honk2672,iter,1,0.25
Tobias_98,honk honk2818,iter,1,0.25
Tobias_98,honk honk2819,iter,1,0.25
Tobias_98,hoo hoo2674,iter,1,0.25
Tobias_98,neenaw2820,iter,1,0.25
Tobias_98,toot toot2130,iter,1,0.25
Tobias_98,woof woof2673,iter,1,0.25
Tobias_98,woof woof2824,iter,1,0.25
Tobias_99,eek eek1806,iter,1,0.25
Tobias_99,eeyore2121,iter,1,0.25
Tobias_99,eeyore2813,iter,1,0.25
Tobias_99,eeyore2814,iter,1,0.25
Tobias_99,honk honk2817,iter,1,0.25
Tobias_99,honk honk2818,iter,1,0.25
Tobias_99,honk honk2819,iter,1,0.25
Tobias_99,neenaw2122,iter,1,0.25
Tobias_99,tortoise2131,iter,1,0.25
Tobias_99,what's that2822,iter,1,0.25
Tobias_99,woof woof1805,iter,1,0.25
Vincent_1,a pas2982,iter,1,0.25
Vincent_1,allô2984,iter,1,0.25
Vincent_1,bravo2990,iter,1,0.25
Vincent_1,caché2994,iter,1,0.25
Vincent_1,encore2995,iter,1,0.25
Vincent_1,garage2999,iter,1,0.25
Vincent_1,ici3000,iter,1,0.25
Vincent_1,ici3001,iter,1,0.25
Vincent_1,l'avion2488,iter,1,0.25
Vincent_1,la lune2491,iter,1,0.25
Vincent_1,la lune2492,iter,1,0.25
Vincent_1,le pain3003,iter,1,0.25
Vincent_1,là-haut1915,iter,1,0.25
Vincent_1,marche pas3123,iter,1,0.25
Vincent_1,marche pas3124,iter,1,0.25
Vincent_1,marche pas3125,iter,1,0.25
Vincent_1,super3010,iter,1,0.25
Vincent_1,voilà3014,iter,1,0.25
Vincent_1,voilà3016,iter,1,0.25
Vincent_10,allô2707,iter,1,0.25
Vincent_10,bravo2989,iter,1,0.25
Vincent_10,bravo2992,iter,1,0.25
Vincent_10,casser3114,iter,1,0.25
Vincent_10,chercher3115,iter,1,0.25
Vincent_10,chercher3116,iter,1,0.25
Vincent_10,entends2996,iter,1,0.25
Vincent_10,la lune2491,iter,1,0.25
Vincent_10,la lune3119,iter,1,0.25
Vincent_10,le pain3003,iter,1,0.25
Vincent_10,le pain3005,iter,1,0.25
Vincent_10,le pain3006,iter,1,0.25
Vincent_10,là-haut1916,iter,1,0.25
Vincent_10,marche pas3007,iter,1,0.25
Vincent_10,marche pas3120,iter,1,0.25
Vincent_10,marche pas3121,iter,1,0.25
Vincent_10,micro3008,iter,1,0.25
Vincent_100,accroche2983,iter,1,0.25
Vincent_100,allô2984,iter,1,0.25
Vincent_100,bravo2989,iter,1,0.25
Vincent_100,bravo2990,iter,1,0.25
Vincent_100,bravo2991,iter,1,0.25
Vincent_100,entends2996,iter,1,0.25
Vincent_100,essaye3117,iter,1,0.25
Vincent_100,ici3000,iter,1,0.25
Vincent_100,la lune2491,iter,1,0.25
Vincent_100,le pain3005,iter,1,0.25
Vincent_100,le pain3006,iter,1,0.25
Vincent_100,là-haut1915,iter,1,0.25
Vincent_100,là-haut1917,iter,1,0.25
Vincent_100,marche pas3125,iter,1,0.25
Vincent_100,micro3008,iter,1,0.25
Vincent_100,super3010,iter,1,0.25
Vincent_100,un deux3012,iter,1,0.25
Vincent_100,un deux3013,iter,1,0.25
Vincent_100,voilà3014,iter,1,0.25
Vincent_11,allô2986,iter,1,0.25
Vincent_11,bravo2990,iter,1,0.25
Vincent_11,bravo2991,iter,1,0.25
Vincent_11,bravo2992,iter,1,0.25
Vincent_11,bravo2993,iter,1,0.25
Vincent_11,l'avion2489,iter,1,0.25
Vincent_11,l'avion3118,iter,1,0.25
Vincent_11,la lune2490,iter,1,0.25
Vincent_11,la lune2493,iter,1,0.25
Vincent_11,la lune3119,iter,1,0.25
Vincent_11,le chien3002,iter,1,0.25
Vincent_11,le pain3005,iter,1,0.25
Vincent_11,là-haut1915,iter,1,0.25
Vincent_11,là-haut1917,iter,1,0.25
Vincent_11,marche pas3120,iter,1,0.25
Vincent_11,marche pas3122,iter,1,0.25
Vincent_11,marche pas3123,iter,1,0.25
Vincent_11,un deux3013,iter,1,0.25
Vincent_11,voilà3016,iter,1,0.25
Vincent_12,a pas2982,iter,1,0.25
Vincent_12,accroche2983,iter,1,0.25
Vincent_12,allô2984,iter,1,0.25
Vincent_12,attends2988,iter,1,0.25
Vincent_12,caché2994,iter,1,0.25
Vincent_12,chercher3116,iter,1,0.25
Vincent_12,encore2995,iter,1,0.25
Vincent_12,entends2996,iter,1,0.25
Vincent_12,essaye2997,iter,1,0.25
Vincent_12,l'avion2488,iter,1,0.25
Vincent_12,là-haut1915,iter,1,0.25
Vincent_12,là-haut1918,iter,1,0.25
Vincent_12,voilà3014,iter,1,0.25
Vincent_12,voilà3016,iter,1,0.25
Vincent_13,bravo2993,iter,1,0.25
Vincent_13,encore2995,iter,1,0.25
Vincent_13,entends2996,iter,1,0.25
Vincent_13,essaye2997,iter,1,0.25
Vincent_13,ici3000,iter,1,0.25
Vincent_13,la lune2491,iter,1,0.25
Vincent_13,le pain3005,iter,1,0.25
Vincent_13,marche pas3007,iter,1,0.25
Vincent_13,micro3008,iter,1,0.25
Vincent_13,ok3009,iter,1,0.25
Vincent_13,super3010,iter,1,0.25
Vincent_13,un autre3011,iter,1,0.25
Vincent_13,un deux3012,iter,1,0.25
Vincent_13,voilà3014,iter,1,0.25
Vincent_14,accroche2983,iter,1,0.25
Vincent_14,allô2707,iter,1,0.25
Vincent_14,allô2984,iter,1,0.25
Vincent_14,allô2985,iter,1,0.25
Vincent_14,allô2986,iter,1,0.25
Vincent_14,bravo2992,iter,1,0.25
Vincent_14,caché2994,iter,1,0.25
Vincent_14,chercher3115,iter,1,0.25
Vincent_14,chercher3116,iter,1,0.25
Vincent_14,entends2996,iter,1,0.25
Vincent_14,fermé2998,iter,1,0.25
Vincent_14,ici3001,iter,1,0.25
Vincent_14,la lune2491,iter,1,0.25
Vincent_14,la lune2655,iter,1,0.25
Vincent_14,la lune2664,iter,1,0.25
Vincent_14,là-haut1916,iter,1,0.25
Vincent_14,là-haut1918,iter,1,0.25
Vincent_14,marche pas3007,iter,1,0.25
Vincent_14,ok3009,iter,1,0.25
Vincent_15,la lune2492,iter,1,0.25
Vincent_16,allô2987,iter,1,0.25
Vincent_16,bravo2991,iter,1,0.25
Vincent_16,bravo2992,iter,1,0.25
Vincent_16,caché2994,iter,1,0.25
Vincent_16,fermé2998,iter,1,0.25
Vincent_16,ici3001,iter,1,0.25
Vincent_16,l'avion3118,iter,1,0.25
Vincent_16,la lune2492,iter,1,0.25
Vincent_16,la lune2665,iter,1,0.25
Vincent_16,la lune3119,iter,1,0.25
Vincent_16,le chien3002,iter,1,0.25
Vincent_16,le pain3003,iter,1,0.25
Vincent_16,le pain3006,iter,1,0.25
Vincent_16,marche pas3120,iter,1,0.25
Vincent_16,marche pas3121,iter,1,0.25
Vincent_16,marche pas3123,iter,1,0.25
Vincent_16,voilà3014,iter,1,0.25
Vincent_16,voilà3016,iter,1,0.25
Vincent_17,accroche2983,iter,1,0.25
Vincent_17,allô2986,iter,1,0.25
Vincent_17,allô2987,iter,1,0.25
Vincent_17,bravo2991,iter,1,0.25
Vincent_17,bravo2993,iter,1,0.25
Vincent_17,casser3114,iter,1,0.25
Vincent_17,chercher3115,iter,1,0.25
Vincent_17,encore2995,iter,1,0.25
Vincent_17,essaye3117,iter,1,0.25
Vincent_17,ici3000,iter,1,0.25
Vincent_17,le pain3006,iter,1,0.25
Vincent_17,marche pas3007,iter,1,0.25
Vincent_17,marche pas3124,iter,1,0.25
Vincent_17,marche pas3125,iter,1,0.25
Vincent_17,micro3008,iter,1,0.25
Vincent_17,ok3009,iter,1,0.25
Vincent_18,a pas2982,iter,1,0.25
Vincent_18,allô2985,iter,1,0.25
Vincent_18,allô2987,iter,1,0.25
Vincent_18,bravo2991,iter,1,0.25
Vincent_18,chercher3115,iter,1,0.25
Vincent_18,encore2995,iter,1,0.25
Vincent_18,garage2999,iter,1,0.25
Vincent_18,ici3001,iter,1,0.25
Vincent_18,la lune2492,iter,1,0.25
Vincent_18,le chien3002,iter,1,0.25
Vincent_18,le pain3003,iter,1,0.25
Vincent_18,le pain3004,iter,1,0.25
Vincent_18,là-haut1915,iter,1,0.25
Vincent_18,là-haut1916,iter,1,0.25
Vincent_18,là-haut1918,iter,1,0.25
Vincent_18,marche pas3122,iter,1,0.25
Vincent_18,marche pas3123,iter,1,0.25
Vincent_18,micro3008,iter,1,0.25
Vincent_18,ok3009,iter,1,0.25
Vincent_19,a pas2982,iter,1,0.25
Vincent_19,allô2985,iter,1,0.25
Vincent_19,casser3114,iter,1,0.25
Vincent_19,essaye2997,iter,1,0.25
Vincent_19,fermé2998,iter,1,0.25
Vincent_19,la lune2491,iter,1,0.25
Vincent_19,la lune2492,iter,1,0.25
Vincent_19,le pain3003,iter,1,0.25
Vincent_19,le pain3004,iter,1,0.25
Vincent_19,là-haut1916,iter,1,0.25
Vincent_19,là-haut1918,iter,1,0.25
Vincent_19,marche pas3120,iter,1,0.25
Vincent_19,marche pas3121,iter,1,0.25
Vincent_19,marche pas3125,iter,1,0.25
Vincent_19,super3010,iter,1,0.25
Vincent_19,voilà3014,iter,1,0.25
Vincent_19,voilà3015,iter,1,0.25
Vincent_2,a pas2982,iter,1,0.25
Vincent_2,accroche2983,iter,1,0.25
Vincent_2,attends2988,iter,1,0.25
Vincent_2,chercher3116,iter,1,0.25
Vincent_2,encore2995,iter,1,0.25
Vincent_2,l'avion2488,iter,1,0.25
Vincent_2,l'avion2489,iter,1,0.25
Vincent_2,la lune2493,iter,1,0.25
Vincent_2,la lune2655,iter,1,0.25
Vincent_2,le chien3002,iter,1,0.25
Vincent_2,le pain3004,iter,1,0.25
Vincent_2,le pain3005,iter,1,0.25
Vincent_2,le pain3006,iter,1,0.25
Vincent_2,là-haut1917,iter,1,0.25
Vincent_2,marche pas3123,iter,1,0.25
Vincent_2,super3010,iter,1,0.25
Vincent_2,un autre3011,iter,1,0.25
Vincent_2,un deux3013,iter,1,0.25
Vincent_2,voilà3014,iter,1,0.25
Vincent_2,voilà3016,iter,1,0.25
Vincent_20,bravo2990,iter,1,0.25
Vincent_20,bravo2992,iter,1,0.25
Vincent_20,caché2994,iter,1,0.25
Vincent_20,casser3114,iter,1,0.25
Vincent_20,chercher3116,iter,1,0.25
Vincent_20,encore2995,iter,1,0.25
Vincent_20,l'avion2489,iter,1,0.25
Vincent_20,l'avion3118,iter,1,0.25
Vincent_20,le pain3003,iter,1,0.25
Vincent_20,là-haut1917,iter,1,0.25
Vincent_20,là-haut1918,iter,1,0.25
Vincent_20,marche pas3120,iter,1,0.25
Vincent_20,marche pas3121,iter,1,0.25
Vincent_20,marche pas3122,iter,1,0.25
Vincent_20,marche pas3124,iter,1,0.25
Vincent_20,voilà3015,iter,1,0.25
Vincent_21,a pas2982,iter,1,0.25
Vincent_21,accroche2983,iter,1,0.25
Vincent_21,allô2707,iter,1,0.25
Vincent_21,allô2984,iter,1,0.25
Vincent_21,allô2985,iter,1,0.25
Vincent_21,attends2988,iter,1,0.25
Vincent_21,bravo2993,iter,1,0.25
Vincent_21,caché2994,iter,1,0.25
Vincent_21,chercher3116,iter,1,0.25
Vincent_21,essaye2997,iter,1,0.25
Vincent_21,garage2999,iter,1,0.25
Vincent_21,l'avion2489,iter,1,0.25
Vincent_21,l'avion3118,iter,1,0.25
Vincent_21,le pain3004,iter,1,0.25
Vincent_21,là-haut1918,iter,1,0.25
Vincent_21,marche pas3125,iter,1,0.25
Vincent_21,super3010,iter,1,0.25
Vincent_21,voilà3014,iter,1,0.25
Vincent_22,l'avion2488,iter,1,0.25
Vincent_22,l'avion2489,iter,1,0.25
Vincent_22,la lune2492,iter,1,0.25
Vincent_22,la lune2655,iter,1,0.25
Vincent_22,la lune3119,iter,1,0.25
Vincent_22,là-haut1915,iter,1,0.25
Vincent_22,là-haut1918,iter,1,0.25
Vincent_23,allô2984,iter,1,0.25
Vincent_23,bravo2990,iter,1,0.25
Vincent_23,bravo2992,iter,1,0.25
Vincent_23,casser3114,iter,1,0.25
Vincent_23,ici3001,iter,1,0.25
Vincent_23,l'avion3118,iter,1,0.25
Vincent_23,la lune2491,iter,1,0.25
Vincent_23,le pain3004,iter,1,0.25
Vincent_23,le pain3006,iter,1,0.25
Vincent_23,là-haut1915,iter,1,0.25
Vincent_23,là-haut1916,iter,1,0.25
Vincent_23,là-haut1917,iter,1,0.25
Vincent_23,là-haut1918,iter,1,0.25
Vincent_23,marche pas3124,iter,1,0.25
Vincent_23,micro3008,iter,1,0.25
Vincent_23,ok3009,iter,1,0.25
Vincent_23,voilà3015,iter,1,0.25
Vincent_23,voilà3016,iter,1,0.25
Vincent_24,allô2984,iter,1,0.25
Vincent_24,allô2986,iter,1,0.25
Vincent_24,casser3114,iter,1,0.25
Vincent_24,chercher3115,iter,1,0.25
Vincent_24,encore2995,iter,1,0.25
Vincent_24,l'avion3118,iter,1,0.25
Vincent_24,la lune3119,iter,1,0.25
Vincent_24,le chien3002,iter,1,0.25
Vincent_24,le pain3005,iter,1,0.25
Vincent_24,marche pas3120,iter,1,0.25
Vincent_24,marche pas3121,iter,1,0.25
Vincent_24,marche pas3123,iter,1,0.25
Vincent_24,marche pas3124,iter,1,0.25
Vincent_24,marche pas3125,iter,1,0.25
Vincent_24,micro3008,iter,1,0.25
Vincent_24,voilà3014,iter,1,0.25
Vincent_25,allô2707,iter,1,0.25
Vincent_25,attends2988,iter,1,0.25
Vincent_25,essaye2997,iter,1,0.25
Vincent_25,l'avion2488,iter,1,0.25
Vincent_25,l'avion2489,iter,1,0.25
Vincent_25,la lune2491,iter,1,0.25
Vincent_25,la lune2664,iter,1,0.25
Vincent_25,le pain3003,iter,1,0.25
Vincent_25,le pain3005,iter,1,0.25
Vincent_25,le pain3006,iter,1,0.25
Vincent_25,là-haut1917,iter,1,0.25
Vincent_25,micro3008,iter,1,0.25
Vincent_25,ok3009,iter,1,0.25
Vincent_25,un deux3012,iter,1,0.25
Vincent_25,voilà3015,iter,1,0.25
Vincent_26,a pas2982,iter,1,0.25
Vincent_26,allô2986,iter,1,0.25
Vincent_26,allô2987,iter,1,0.25
Vincent_26,attends2988,iter,1,0.25
Vincent_26,bravo2989,iter,1,0.25
Vincent_26,caché2994,iter,1,0.25
Vincent_26,chercher3115,iter,1,0.25
Vincent_26,essaye3117,iter,1,0.25
Vincent_26,fermé2998,iter,1,0.25
Vincent_26,l'avion3118,iter,1,0.25
Vincent_26,la lune2492,iter,1,0.25
Vincent_26,la lune2493,iter,1,0.25
Vincent_26,la lune3119,iter,1,0.25
Vincent_26,le chien3002,iter,1,0.25
Vincent_26,le pain3005,iter,1,0.25
Vincent_26,marche pas3007,iter,1,0.25
Vincent_26,marche pas3121,iter,1,0.25
Vincent_26,marche pas3124,iter,1,0.25
Vincent_26,un deux3012,iter,1,0.25
Vincent_26,voilà3016,iter,1,0.25
Vincent_27,attends2988,iter,1,0.25
Vincent_27,bravo2991,iter,1,0.25
Vincent_27,caché3113,iter,1,0.25
Vincent_27,chercher3115,iter,1,0.25
Vincent_27,chercher3116,iter,1,0.25
Vincent_27,l'avion2488,iter,1,0.25
Vincent_27,l'avion3118,iter,1,0.25
Vincent_27,la lune2492,iter,1,0.25
Vincent_27,la lune3119,iter,1,0.25
Vincent_27,le pain3003,iter,1,0.25
Vincent_27,là-haut1916,iter,1,0.25
Vincent_27,marche pas3124,iter,1,0.25
Vincent_27,marche pas3125,iter,1,0.25
Vincent_27,ok3009,iter,1,0.25
Vincent_27,super3010,iter,1,0.25
Vincent_27,un deux3013,iter,1,0.25
Vincent_28,allô2984,iter,1,0.25
Vincent_28,allô2985,iter,1,0.25
Vincent_28,allô2987,iter,1,0.25
Vincent_28,attends2988,iter,1,0.25
Vincent_28,bravo2990,iter,1,0.25
Vincent_28,bravo2991,iter,1,0.25
Vincent_28,bravo2993,iter,1,0.25
Vincent_28,caché2994,iter,1,0.25
Vincent_28,casser3114,iter,1,0.25
Vincent_28,ici3001,iter,1,0.25
Vincent_28,la lune2490,iter,1,0.25
Vincent_28,le pain3004,iter,1,0.25
Vincent_28,le pain3006,iter,1,0.25
Vincent_28,là-haut1916,iter,1,0.25
Vincent_28,là-haut1917,iter,1,0.25
Vincent_28,marche pas3007,iter,1,0.25
Vincent_28,marche pas3120,iter,1,0.25
Vincent_28,marche pas3121,iter,1,0.25
Vincent_28,micro3008,iter,1,0.25
Vincent_29,allô2984,iter,1,0.25
Vincent_29,allô2987,iter,1,0.25
Vincent_29,attends2988,iter,1,0.25
Vincent_29,bravo2993,iter,1,0.25
Vincent_29,caché2994,iter,1,0.25
Vincent_29,essaye2997,iter,1,0.25
Vincent_29,garage2999,iter,1,0.25
Vincent_29,l'avion3118,iter,1,0.25
Vincent_29,la lune2492,iter,1,0.25
Vincent_29,le pain3003,iter,1,0.25
Vincent_29,là-haut1915,iter,1,0.25
Vincent_29,là-haut1917,iter,1,0.25
Vincent_29,là-haut1918,iter,1,0.25
Vincent_29,marche pas3007,iter,1,0.25
Vincent_29,marche pas3123,iter,1,0.25
Vincent_29,marche pas3125,iter,1,0.25
Vincent_29,ok3009,iter,1,0.25
Vincent_29,un deux3012,iter,1,0.25
Vincent_3,allô2984,iter,1,0.25
Vincent_3,attends2988,iter,1,0.25
Vincent_3,chercher3116,iter,1,0.25
Vincent_3,essaye2997,iter,1,0.25
Vincent_3,ici3000,iter,1,0.25
Vincent_3,l'avion2488,iter,1,0.25
Vincent_3,l'avion2489,iter,1,0.25
Vincent_3,la lune2492,iter,1,0.25
Vincent_3,le chien3002,iter,1,0.25
Vincent_3,le pain3003,iter,1,0.25
Vincent_3,le pain3004,iter,1,0.25
Vincent_3,le pain3005,iter,1,0.25
Vincent_3,le pain3006,iter,1,0.25
Vincent_3,là-haut1915,iter,1,0.25
Vincent_3,marche pas3121,iter,1,0.25
Vincent_3,marche pas3124,iter,1,0.25
Vincent_3,super3010,iter,1,0.25
Vincent_3,voilà3016,iter,1,0.25
Vincent_30,allô2985,iter,1,0.25
Vincent_30,bravo2993,iter,1,0.25
Vincent_30,caché2994,iter,1,0.25
Vincent_30,caché3113,iter,1,0.25
Vincent_30,fermé2998,iter,1,0.25
Vincent_30,l'avion2488,iter,1,0.25
Vincent_30,l'avion3118,iter,1,0.25
Vincent_30,le pain3005,iter,1,0.25
Vincent_30,là-haut1918,iter,1,0.25
Vincent_30,marche pas3121,iter,1,0.25
Vincent_30,marche pas3122,iter,1,0.25
Vincent_30,marche pas3123,iter,1,0.25
Vincent_30,marche pas3124,iter,1,0.25
Vincent_30,marche pas3125,iter,1,0.25
Vincent_30,super3010,iter,1,0.25
Vincent_30,un deux3012,iter,1,0.25
Vincent_31,allô2985,iter,1,0.25
Vincent_31,bravo2989,iter,1,0.25
Vincent_31,caché2994,iter,1,0.25
Vincent_31,caché3113,iter,1,0.25
Vincent_31,ici3001,iter,1,0.25
Vincent_31,la lune2491,iter,1,0.25
Vincent_31,le chien3002,iter,1,0.25
Vincent_31,le pain3004,iter,1,0.25
Vincent_31,le pain3005,iter,1,0.25
Vincent_31,là-haut1916,iter,1,0.25
Vincent_31,là-haut1918,iter,1,0.25
Vincent_31,marche pas3122,iter,1,0.25
Vincent_31,marche pas3124,iter,1,0.25
Vincent_31,micro3008,iter,1,0.25
Vincent_31,super3010,iter,1,0.25
Vincent_31,un deux3013,iter,1,0.25
Vincent_32,allô2707,iter,1,0.25
Vincent_32,allô2984,iter,1,0.25
Vincent_32,allô2987,iter,1,0.25
Vincent_32,bravo2989,iter,1,0.25
Vincent_32,casser3114,iter,1,0.25
Vincent_32,chercher3115,iter,1,0.25
Vincent_32,encore2995,iter,1,0.25
Vincent_32,essaye2997,iter,1,0.25
Vincent_32,fermé2998,iter,1,0.25
Vincent_32,la lune3119,iter,1,0.25
Vincent_32,le pain3004,iter,1,0.25
Vincent_32,le pain3005,iter,1,0.25
Vincent_32,là-haut1916,iter,1,0.25
Vincent_32,là-haut1917,iter,1,0.25
Vincent_32,là-haut1918,iter,1,0.25
Vincent_32,marche pas3121,iter,1,0.25
Vincent_32,marche pas3122,iter,1,0.25
Vincent_32,micro3008,iter,1,0.25
Vincent_32,un autre3011,iter,1,0.25
Vincent_32,un deux3013,iter,1,0.25
Vincent_33,allô2707,iter,1,0.25
Vincent_33,bravo2991,iter,1,0.25
Vincent_33,chercher3115,iter,1,0.25
Vincent_33,chercher3116,iter,1,0.25
Vincent_33,fermé2998,iter,1,0.25
Vincent_33,ici3001,iter,1,0.25
Vincent_33,l'avion2489,iter,1,0.25
Vincent_33,l'avion3118,iter,1,0.25
Vincent_33,la lune2491,iter,1,0.25
Vincent_33,la lune2492,iter,1,0.25
Vincent_33,la lune2493,iter,1,0.25
Vincent_33,le pain3003,iter,1,0.25
Vincent_33,marche pas3121,iter,1,0.25
Vincent_33,marche pas3122,iter,1,0.25
Vincent_33,ok3009,iter,1,0.25
Vincent_33,super3010,iter,1,0.25
Vincent_33,un deux3012,iter,1,0.25
Vincent_33,voilà3015,iter,1,0.25
Vincent_33,voilà3016,iter,1,0.25
Vincent_34,allô2985,iter,1,0.25
Vincent_34,allô2987,iter,1,0.25
Vincent_34,chercher3115,iter,1,0.25
Vincent_34,l'avion2489,iter,1,0.25
Vincent_34,la lune2492,iter,1,0.25
Vincent_34,le chien3002,iter,1,0.25
Vincent_34,le pain3003,iter,1,0.25
Vincent_34,le pain3004,iter,1,0.25
Vincent_34,le pain3005,iter,1,0.25
Vincent_34,le pain3006,iter,1,0.25
Vincent_34,là-haut1917,iter,1,0.25
Vincent_34,là-haut1918,iter,1,0.25
Vincent_34,marche pas3007,iter,1,0.25
Vincent_34,marche pas3122,iter,1,0.25
Vincent_34,un deux3012,iter,1,0.25
Vincent_34,un deux3013,iter,1,0.25
Vincent_34,voilà3014,iter,1,0.25
Vincent_34,voilà3016,iter,1,0.25
Vincent_35,allô2707,iter,1,0.25
Vincent_35,bravo2989,iter,1,0.25
Vincent_35,bravo2991,iter,1,0.25
Vincent_35,bravo2992,iter,1,0.25
Vincent_35,bravo2993,iter,1,0.25
Vincent_35,casser3114,iter,1,0.25
Vincent_35,chercher3116,iter,1,0.25
Vincent_35,essaye3117,iter,1,0.25
Vincent_35,ici3001,iter,1,0.25
Vincent_35,la lune2491,iter,1,0.25
Vincent_35,le pain3003,iter,1,0.25
Vincent_35,le pain3004,iter,1,0.25
Vincent_35,marche pas3121,iter,1,0.25
Vincent_35,marche pas3123,iter,1,0.25
Vincent_35,voilà3016,iter,1,0.25
Vincent_36,allô2984,iter,1,0.25
Vincent_36,allô2987,iter,1,0.25
Vincent_36,bravo2990,iter,1,0.25
Vincent_36,bravo2991,iter,1,0.25
Vincent_36,bravo2993,iter,1,0.25
Vincent_36,encore2995,iter,1,0.25
Vincent_36,fermé2998,iter,1,0.25
Vincent_36,garage2999,iter,1,0.25
Vincent_36,ici3000,iter,1,0.25
Vincent_36,l'avion2488,iter,1,0.25
Vincent_36,l'avion2489,iter,1,0.25
Vincent_36,l'avion3118,iter,1,0.25
Vincent_36,le pain3003,iter,1,0.25
Vincent_36,le pain3004,iter,1,0.25
Vincent_36,le pain3005,iter,1,0.25
Vincent_36,là-haut1916,iter,1,0.25
Vincent_36,marche pas3120,iter,1,0.25
Vincent_36,ok3009,iter,1,0.25
Vincent_36,voilà3014,iter,1,0.25
Vincent_37,allô2707,iter,1,0.25
Vincent_37,allô2984,iter,1,0.25
Vincent_37,bravo2993,iter,1,0.25
Vincent_37,encore2995,iter,1,0.25
Vincent_37,garage2999,iter,1,0.25
Vincent_37,ici3000,iter,1,0.25
Vincent_37,la lune2491,iter,1,0.25
Vincent_37,le chien3002,iter,1,0.25
Vincent_37,le pain3003,iter,1,0.25
Vincent_37,le pain3004,iter,1,0.25
Vincent_37,le pain3006,iter,1,0.25
Vincent_37,super3010,iter,1,0.25
Vincent_37,un autre3011,iter,1,0.25
Vincent_37,un deux3013,iter,1,0.25
Vincent_37,voilà3016,iter,1,0.25
Vincent_38,a pas2982,iter,1,0.25
Vincent_38,allô2707,iter,1,0.25
Vincent_38,allô2985,iter,1,0.25
Vincent_38,allô2986,iter,1,0.25
Vincent_38,caché2994,iter,1,0.25
Vincent_38,chercher3115,iter,1,0.25
Vincent_38,l'avion2488,iter,1,0.25
Vincent_38,la lune3119,iter,1,0.25
Vincent_38,le chien3002,iter,1,0.25
Vincent_38,le pain3003,iter,1,0.25
Vincent_38,le pain3004,iter,1,0.25
Vincent_38,le pain3005,iter,1,0.25
Vincent_38,là-haut1915,iter,1,0.25
Vincent_38,là-haut1918,iter,1,0.25
Vincent_38,marche pas3120,iter,1,0.25
Vincent_38,marche pas3122,iter,1,0.25
Vincent_38,super3010,iter,1,0.25
Vincent_38,un deux3012,iter,1,0.25
Vincent_38,voilà3016,iter,1,0.25
Vincent_39,allô2985,iter,1,0.25
Vincent_39,allô2987,iter,1,0.25
Vincent_39,attends2988,iter,1,0.25
Vincent_39,bravo2989,iter,1,0.25
Vincent_39,bravo2991,iter,1,0.25
Vincent_39,chercher3116,iter,1,0.25
Vincent_39,entends2996,iter,1,0.25
Vincent_39,essaye2997,iter,1,0.25
Vincent_39,fermé2998,iter,1,0.25
Vincent_39,l'avion3118,iter,1,0.25
Vincent_39,la lune2491,iter,1,0.25
Vincent_39,la lune3119,iter,1,0.25
Vincent_39,le chien3002,iter,1,0.25
Vincent_39,marche pas3121,iter,1,0.25
Vincent_39,micro3008,iter,1,0.25
Vincent_39,super3010,iter,1,0.25
Vincent_39,voilà3014,iter,1,0.25
Vincent_39,voilà3015,iter,1,0.25
Vincent_4,allô2707,iter,1,0.25
Vincent_4,allô2985,iter,1,0.25
Vincent_4,allô2987,iter,1,0.25
Vincent_4,bravo2990,iter,1,0.25
Vincent_4,bravo2992,iter,1,0.25
Vincent_4,bravo2993,iter,1,0.25
Vincent_4,caché3113,iter,1,0.25
Vincent_4,casser3114,iter,1,0.25
Vincent_4,chercher3115,iter,1,0.25
Vincent_4,encore2995,iter,1,0.25
Vincent_4,essaye3117,iter,1,0.25
Vincent_4,ici3000,iter,1,0.25
Vincent_4,la lune3119,iter,1,0.25
Vincent_4,marche pas3123,iter,1,0.25
Vincent_4,marche pas3125,iter,1,0.25
Vincent_4,micro3008,iter,1,0.25
Vincent_4,ok3009,iter,1,0.25
Vincent_40,a pas2982,iter,1,0.25
Vincent_40,accroche2983,iter,1,0.25
Vincent_40,allô2986,iter,1,0.25
Vincent_40,allô2987,iter,1,0.25
Vincent_40,fermé2998,iter,1,0.25
Vincent_40,l'avion2489,iter,1,0.25
Vincent_40,la lune2490,iter,1,0.25
Vincent_40,la lune3119,iter,1,0.25
Vincent_40,là-haut1915,iter,1,0.25
Vincent_40,là-haut1916,iter,1,0.25
Vincent_40,là-haut1918,iter,1,0.25
Vincent_40,marche pas3007,iter,1,0.25
Vincent_40,marche pas3121,iter,1,0.25
Vincent_40,ok3009,iter,1,0.25
Vincent_40,un autre3011,iter,1,0.25
Vincent_40,un deux3013,iter,1,0.25
Vincent_40,voilà3014,iter,1,0.25
Vincent_40,voilà3015,iter,1,0.25
Vincent_40,voilà3016,iter,1,0.25
Vincent_41,allô2984,iter,1,0.25
Vincent_41,allô2987,iter,1,0.25
Vincent_41,attends2988,iter,1,0.25
Vincent_41,bravo2989,iter,1,0.25
Vincent_41,bravo2992,iter,1,0.25
Vincent_41,caché2994,iter,1,0.25
Vincent_41,caché3113,iter,1,0.25
Vincent_41,essaye3117,iter,1,0.25
Vincent_41,ici3001,iter,1,0.25
Vincent_41,l'avion2488,iter,1,0.25
Vincent_41,le pain3003,iter,1,0.25
Vincent_41,le pain3004,iter,1,0.25
Vincent_41,le pain3005,iter,1,0.25
Vincent_41,là-haut1917,iter,1,0.25
Vincent_41,marche pas3007,iter,1,0.25
Vincent_41,marche pas3124,iter,1,0.25
Vincent_41,ok3009,iter,1,0.25
Vincent_41,un deux3013,iter,1,0.25
Vincent_41,voilà3014,iter,1,0.25
Vincent_42,a pas2982,iter,1,0.25
Vincent_42,allô2707,iter,1,0.25
Vincent_42,allô2984,iter,1,0.25
Vincent_42,bravo2989,iter,1,0.25
Vincent_42,bravo2993,iter,1,0.25
Vincent_42,l'avion2488,iter,1,0.25
Vincent_42,l'avion2489,iter,1,0.25
Vincent_42,la lune2491,iter,1,0.25
Vincent_42,la lune2492,iter,1,0.25
Vincent_42,le chien3002,iter,1,0.25
Vincent_42,le pain3003,iter,1,0.25
Vincent_42,le pain3005,iter,1,0.25
Vincent_42,le pain3006,iter,1,0.25
Vincent_42,là-haut1918,iter,1,0.25
Vincent_42,marche pas3007,iter,1,0.25
Vincent_42,micro3008,iter,1,0.25
Vincent_42,un deux3013,iter,1,0.25
Vincent_42,voilà3015,iter,1,0.25
Vincent_42,voilà3016,iter,1,0.25
Vincent_43,allô2986,iter,1,0.25
Vincent_43,allô2987,iter,1,0.25
Vincent_43,bravo2989,iter,1,0.25
Vincent_43,bravo2992,iter,1,0.25
Vincent_43,bravo2993,iter,1,0.25
Vincent_43,caché3113,iter,1,0.25
Vincent_43,chercher3115,iter,1,0.25
Vincent_43,l'avion2488,iter,1,0.25
Vincent_43,l'avion2489,iter,1,0.25
Vincent_43,l'avion3118,iter,1,0.25
Vincent_43,la lune2491,iter,1,0.25
Vincent_43,le chien3002,iter,1,0.25
Vincent_43,le pain3005,iter,1,0.25
Vincent_43,là-haut1917,iter,1,0.25
Vincent_43,là-haut1918,iter,1,0.25
Vincent_43,marche pas3121,iter,1,0.25
Vincent_43,marche pas3123,iter,1,0.25
Vincent_43,un autre3011,iter,1,0.25
Vincent_43,un deux3012,iter,1,0.25
Vincent_44,allô2987,iter,1,0.25
Vincent_44,bravo2990,iter,1,0.25
Vincent_44,bravo2993,iter,1,0.25
Vincent_44,ici3001,iter,1,0.25
Vincent_44,l'avion2488,iter,1,0.25
Vincent_44,la lune2491,iter,1,0.25
Vincent_44,la lune2492,iter,1,0.25
Vincent_44,la lune2493,iter,1,0.25
Vincent_44,la lune2664,iter,1,0.25
Vincent_44,le pain3003,iter,1,0.25
Vincent_44,le pain3006,iter,1,0.25
Vincent_44,là-haut1917,iter,1,0.25
Vincent_44,là-haut1918,iter,1,0.25
Vincent_44,ok3009,iter,1,0.25
Vincent_44,un autre3011,iter,1,0.25
Vincent_44,voilà3014,iter,1,0.25
Vincent_44,voilà3015,iter,1,0.25
Vincent_45,allô2986,iter,1,0.25
Vincent_45,l'avion3118,iter,1,0.25
Vincent_45,la lune2490,iter,1,0.25
Vincent_45,la lune2491,iter,1,0.25
Vincent_45,la lune2492,iter,1,0.25
Vincent_45,voilà3015,iter,1,0.25
Vincent_46,a pas2982,iter,1,0.25
Vincent_46,accroche2983,iter,1,0.25
Vincent_46,allô2984,iter,1,0.25
Vincent_46,bravo2989,iter,1,0.25
Vincent_46,encore2995,iter,1,0.25
Vincent_46,entends2996,iter,1,0.25
Vincent_46,ici3001,iter,1,0.25
Vincent_46,l'avion2488,iter,1,0.25
Vincent_46,la lune2491,iter,1,0.25
Vincent_46,la lune2492,iter,1,0.25
Vincent_46,la lune3119,iter,1,0.25
Vincent_46,le pain3006,iter,1,0.25
Vincent_46,là-haut1916,iter,1,0.25
Vincent_46,marche pas3007,iter,1,0.25
Vincent_46,marche pas3120,iter,1,0.25
Vincent_46,marche pas3121,iter,1,0.25
Vincent_46,marche pas3123,iter,1,0.25
Vincent_46,un autre3011,iter,1,0.25
Vincent_46,voilà3015,iter,1,0.25
Vincent_47,accroche2983,iter,1,0.25
Vincent_47,allô2984,iter,1,0.25
Vincent_47,allô2986,iter,1,0.25
Vincent_47,bravo2990,iter,1,0.25
Vincent_47,bravo2992,iter,1,0.25
Vincent_47,caché2994,iter,1,0.25
Vincent_47,casser3114,iter,1,0.25
Vincent_47,chercher3115,iter,1,0.25
Vincent_47,chercher3116,iter,1,0.25
Vincent_47,entends2996,iter,1,0.25
Vincent_47,essaye2997,iter,1,0.25
Vincent_47,essaye3117,iter,1,0.25
Vincent_47,l'avion3118,iter,1,0.25
Vincent_47,marche pas3120,iter,1,0.25
Vincent_47,marche pas3122,iter,1,0.25
Vincent_47,micro3008,iter,1,0.25
Vincent_47,un deux3012,iter,1,0.25
Vincent_47,un deux3013,iter,1,0.25
Vincent_47,voilà3016,iter,1,0.25
Vincent_48,accroche2983,iter,1,0.25
Vincent_48,allô2985,iter,1,0.25
Vincent_48,bravo2990,iter,1,0.25
Vincent_48,bravo2991,iter,1,0.25
Vincent_48,bravo2992,iter,1,0.25
Vincent_48,caché3113,iter,1,0.25
Vincent_48,chercher3115,iter,1,0.25
Vincent_48,chercher3116,iter,1,0.25
Vincent_48,encore2995,iter,1,0.25
Vincent_48,essaye2997,iter,1,0.25
Vincent_48,fermé2998,iter,1,0.25
Vincent_48,ici3001,iter,1,0.25
Vincent_48,là-haut1917,iter,1,0.25
Vincent_48,marche pas3007,iter,1,0.25
Vincent_48,marche pas3120,iter,1,0.25
Vincent_48,marche pas3123,iter,1,0.25
Vincent_48,marche pas3124,iter,1,0.25
Vincent_48,ok3009,iter,1,0.25
Vincent_48,voilà3014,iter,1,0.25
Vincent_49,a pas2982,iter,1,0.25
Vincent_49,allô2984,iter,1,0.25
Vincent_49,bravo2989,iter,1,0.25
Vincent_49,chercher3116,iter,1,0.25
Vincent_49,ici3000,iter,1,0.25
Vincent_49,ici3001,iter,1,0.25
Vincent_49,l'avion2488,iter,1,0.25
Vincent_49,le chien3002,iter,1,0.25
Vincent_49,le pain3003,iter,1,0.25
Vincent_49,le pain3004,iter,1,0.25
Vincent_49,le pain3005,iter,1,0.25
Vincent_49,le pain3006,iter,1,0.25
Vincent_49,là-haut1915,iter,1,0.25
Vincent_49,là-haut1918,iter,1,0.25
Vincent_49,marche pas3007,iter,1,0.25
Vincent_49,marche pas3122,iter,1,0.25
Vincent_49,ok3009,iter,1,0.25
Vincent_49,un deux3013,iter,1,0.25
Vincent_49,voilà3016,iter,1,0.25
Vincent_5,allô2707,iter,1,0.25
Vincent_5,bravo2989,iter,1,0.25
Vincent_5,bravo2990,iter,1,0.25
Vincent_5,bravo2992,iter,1,0.25
Vincent_5,chercher3116,iter,1,0.25
Vincent_5,encore2995,iter,1,0.25
Vincent_5,entends2996,iter,1,0.25
Vincent_5,garage2999,iter,1,0.25
Vincent_5,ici3000,iter,1,0.25
Vincent_5,ici3001,iter,1,0.25
Vincent_5,l'avion2488,iter,1,0.25
Vincent_5,la lune3119,iter,1,0.25
Vincent_5,le chien3002,iter,1,0.25
Vincent_5,le pain3004,iter,1,0.25
Vincent_5,là-haut1916,iter,1,0.25
Vincent_5,marche pas3120,iter,1,0.25
Vincent_5,un deux3013,iter,1,0.25
Vincent_5,voilà3014,iter,1,0.25
Vincent_50,a pas2982,iter,1,0.25
Vincent_50,allô2707,iter,1,0.25
Vincent_50,allô2984,iter,1,0.25
Vincent_50,bravo2990,iter,1,0.25
Vincent_50,bravo2991,iter,1,0.25
Vincent_50,bravo2992,iter,1,0.25
Vincent_50,fermé2998,iter,1,0.25
Vincent_50,garage2999,iter,1,0.25
Vincent_50,l'avion2488,iter,1,0.25
Vincent_50,la lune2491,iter,1,0.25
Vincent_50,la lune2492,iter,1,0.25
Vincent_50,le pain3003,iter,1,0.25
Vincent_50,le pain3005,iter,1,0.25
Vincent_50,le pain3006,iter,1,0.25
Vincent_50,ok3009,iter,1,0.25
Vincent_50,un deux3012,iter,1,0.25
Vincent_50,voilà3014,iter,1,0.25
Vincent_51,allô2984,iter,1,0.25
Vincent_51,allô2987,iter,1,0.25
Vincent_51,attends2988,iter,1,0.25
Vincent_51,bravo2989,iter,1,0.25
Vincent_51,bravo2990,iter,1,0.25
Vincent_51,caché2994,iter,1,0.25
Vincent_51,entends2996,iter,1,0.25
Vincent_51,ici3000,iter,1,0.25
Vincent_51,l'avion2489,iter,1,0.25
Vincent_51,le chien3002,iter,1,0.25
Vincent_51,le pain3004,iter,1,0.25
Vincent_51,le pain3005,iter,1,0.25
Vincent_51,le pain3006,iter,1,0.25
Vincent_51,marche pas3007,iter,1,0.25
Vincent_51,marche pas3121,iter,1,0.25
Vincent_51,marche pas3122,iter,1,0.25
Vincent_51,voilà3014,iter,1,0.25
Vincent_51,voilà3015,iter,1,0.25
Vincent_52,allô2985,iter,1,0.25
Vincent_52,bravo2993,iter,1,0.25
Vincent_52,chercher3115,iter,1,0.25
Vincent_52,fermé2998,iter,1,0.25
Vincent_52,l'avion2489,iter,1,0.25
Vincent_52,l'avion3118,iter,1,0.25
Vincent_52,la lune2491,iter,1,0.25
Vincent_52,le chien3002,iter,1,0.25
Vincent_52,le pain3006,iter,1,0.25
Vincent_52,marche pas3120,iter,1,0.25
Vincent_52,marche pas3122,iter,1,0.25
Vincent_52,marche pas3123,iter,1,0.25
Vincent_52,marche pas3124,iter,1,0.25
Vincent_52,micro3008,iter,1,0.25
Vincent_52,super3010,iter,1,0.25
Vincent_52,un deux3012,iter,1,0.25
Vincent_52,un deux3013,iter,1,0.25
Vincent_52,voilà3015,iter,1,0.25
Vincent_53,a pas2982,iter,1,0.25
Vincent_53,allô2707,iter,1,0.25
Vincent_53,allô2987,iter,1,0.25
Vincent_53,bravo2990,iter,1,0.25
Vincent_53,bravo2992,iter,1,0.25
Vincent_53,bravo2993,iter,1,0.25
Vincent_53,chercher3115,iter,1,0.25
Vincent_53,encore2995,iter,1,0.25
Vincent_53,entends2996,iter,1,0.25
Vincent_53,essaye3117,iter,1,0.25
Vincent_53,fermé2998,iter,1,0.25
Vincent_53,la lune3119,iter,1,0.25
Vincent_53,le pain3004,iter,1,0.25
Vincent_53,là-haut1918,iter,1,0.25
Vincent_53,marche pas3007,iter,1,0.25
Vincent_53,marche pas3124,iter,1,0.25
Vincent_53,super3010,iter,1,0.25
Vincent_53,un autre3011,iter,1,0.25
Vincent_53,un deux3012,iter,1,0.25
Vincent_53,voilà3016,iter,1,0.25
Vincent_54,accroche2983,iter,1,0.25
Vincent_54,allô2984,iter,1,0.25
Vincent_54,allô2985,iter,1,0.25
Vincent_54,attends2988,iter,1,0.25
Vincent_54,bravo2991,iter,1,0.25
Vincent_54,bravo2992,iter,1,0.25
Vincent_54,bravo2993,iter,1,0.25
Vincent_54,caché2994,iter,1,0.25
Vincent_54,casser3114,iter,1,0.25
Vincent_54,chercher3115,iter,1,0.25
Vincent_54,chercher3116,iter,1,0.25
Vincent_54,essaye2997,iter,1,0.25
Vincent_54,fermé2998,iter,1,0.25
Vincent_54,ici3001,iter,1,0.25
Vincent_54,ok3009,iter,1,0.25
Vincent_54,super3010,iter,1,0.25
Vincent_55,accroche2983,iter,1,0.25
Vincent_55,attends2988,iter,1,0.25
Vincent_55,bravo2989,iter,1,0.25
Vincent_55,bravo2991,iter,1,0.25
Vincent_55,bravo2992,iter,1,0.25
Vincent_55,caché3113,iter,1,0.25
Vincent_55,casser3114,iter,1,0.25
Vincent_55,chercher3115,iter,1,0.25
Vincent_55,encore2995,iter,1,0.25
Vincent_55,entends2996,iter,1,0.25
Vincent_55,l'avion2489,iter,1,0.25
Vincent_55,l'avion3118,iter,1,0.25
Vincent_55,le pain3004,iter,1,0.25
Vincent_55,marche pas3120,iter,1,0.25
Vincent_55,marche pas3121,iter,1,0.25
Vincent_55,marche pas3123,iter,1,0.25
Vincent_55,marche pas3125,iter,1,0.25
Vincent_55,un deux3013,iter,1,0.25
Vincent_55,voilà3015,iter,1,0.25
Vincent_56,l'avion3118,iter,1,0.25
Vincent_56,la lune2492,iter,1,0.25
Vincent_56,la lune2665,iter,1,0.25
Vincent_56,là-haut1915,iter,1,0.25
Vincent_56,là-haut1916,iter,1,0.25
Vincent_56,là-haut1918,iter,1,0.25
Vincent_56,voilà3014,iter,1,0.25
Vincent_57,allô2707,iter,1,0.25
Vincent_57,allô2984,iter,1,0.25
Vincent_57,allô2985,iter,1,0.25
Vincent_57,bravo2992,iter,1,0.25
Vincent_57,bravo2993,iter,1,0.25
Vincent_57,casser3114,iter,1,0.25
Vincent_57,encore2995,iter,1,0.25
Vincent_57,essaye2997,iter,1,0.25
Vincent_57,fermé2998,iter,1,0.25
Vincent_57,l'avion2489,iter,1,0.25
Vincent_57,la lune2492,iter,1,0.25
Vincent_57,la lune3119,iter,1,0.25
Vincent_57,le pain3003,iter,1,0.25
Vincent_57,le pain3004,iter,1,0.25
Vincent_57,là-haut1916,iter,1,0.25
Vincent_57,marche pas3007,iter,1,0.25
Vincent_57,un autre3011,iter,1,0.25
Vincent_58,allô2707,iter,1,0.25
Vincent_58,allô2984,iter,1,0.25
Vincent_58,allô2985,iter,1,0.25
Vincent_58,attends2988,iter,1,0.25
Vincent_58,bravo2989,iter,1,0.25
Vincent_58,bravo2992,iter,1,0.25
Vincent_58,bravo2993,iter,1,0.25
Vincent_58,caché3113,iter,1,0.25
Vincent_58,casser3114,iter,1,0.25
Vincent_58,chercher3116,iter,1,0.25
Vincent_58,ici3000,iter,1,0.25
Vincent_58,l'avion3118,iter,1,0.25
Vincent_58,le pain3004,iter,1,0.25
Vincent_58,marche pas3007,iter,1,0.25
Vincent_58,marche pas3122,iter,1,0.25
Vincent_58,un deux3013,iter,1,0.25
Vincent_58,voilà3014,iter,1,0.25
Vincent_59,allô2707,iter,1,0.25
Vincent_59,allô2985,iter,1,0.25
Vincent_59,bravo2990,iter,1,0.25
Vincent_59,casser3114,iter,1,0.25
Vincent_59,encore2995,iter,1,0.25
Vincent_59,le chien3002,iter,1,0.25
Vincent_59,marche pas3007,iter,1,0.25
Vincent_59,marche pas3124,iter,1,0.25
Vincent_59,marche pas3125,iter,1,0.25
Vincent_59,voilà3014,iter,1,0.25
Vincent_59,voilà3015,iter,1,0.25
Vincent_59,voilà3016,iter,1,0.25
Vincent_6,caché2994,iter,1,0.25
Vincent_6,caché3113,iter,1,0.25
Vincent_6,casser3114,iter,1,0.25
Vincent_6,chercher3116,iter,1,0.25
Vincent_6,essaye3117,iter,1,0.25
Vincent_6,fermé2998,iter,1,0.25
Vincent_6,ici3000,iter,1,0.25
Vincent_6,l'avion3118,iter,1,0.25
Vincent_6,la lune3119,iter,1,0.25
Vincent_6,le pain3003,iter,1,0.25
Vincent_6,là-haut1915,iter,1,0.25
Vincent_6,là-haut1916,iter,1,0.25
Vincent_6,marche pas3007,iter,1,0.25
Vincent_6,marche pas3124,iter,1,0.25
Vincent_6,micro3008,iter,1,0.25
Vincent_6,ok3009,iter,1,0.25
Vincent_60,allô2987,iter,1,0.25
Vincent_60,attends2988,iter,1,0.25
Vincent_60,bravo2992,iter,1,0.25
Vincent_60,chercher3116,iter,1,0.25
Vincent_60,essaye3117,iter,1,0.25
Vincent_60,ici3001,iter,1,0.25
Vincent_60,le chien3002,iter,1,0.25
Vincent_60,le pain3003,iter,1,0.25
Vincent_60,là-haut1917,iter,1,0.25
Vincent_60,là-haut1918,iter,1,0.25
Vincent_60,marche pas3007,iter,1,0.25
Vincent_60,marche pas3122,iter,1,0.25
Vincent_60,marche pas3123,iter,1,0.25
Vincent_60,micro3008,iter,1,0.25
Vincent_60,ok3009,iter,1,0.25
Vincent_60,un deux3012,iter,1,0.25
Vincent_60,un deux3013,iter,1,0.25
Vincent_61,a pas2982,iter,1,0.25
Vincent_61,allô2984,iter,1,0.25
Vincent_61,allô2987,iter,1,0.25
Vincent_61,bravo2989,iter,1,0.25
Vincent_61,casser3114,iter,1,0.25
Vincent_61,chercher3115,iter,1,0.25
Vincent_61,ici3000,iter,1,0.25
Vincent_61,l'avion2489,iter,1,0.25
Vincent_61,l'avion3118,iter,1,0.25
Vincent_61,la lune2491,iter,1,0.25
Vincent_61,le chien3002,iter,1,0.25
Vincent_61,le pain3004,iter,1,0.25
Vincent_61,le pain3006,iter,1,0.25
Vincent_61,là-haut1916,iter,1,0.25
Vincent_61,là-haut1918,iter,1,0.25
Vincent_61,marche pas3120,iter,1,0.25
Vincent_61,marche pas3124,iter,1,0.25
Vincent_61,micro3008,iter,1,0.25
Vincent_61,un autre3011,iter,1,0.25
Vincent_61,voilà3016,iter,1,0.25
Vincent_62,là-haut1917,iter,1,0.25
Vincent_62,là-haut1918,iter,1,0.25
Vincent_63,allô2707,iter,1,0.25
Vincent_63,allô2985,iter,1,0.25
Vincent_63,bravo2989,iter,1,0.25
Vincent_63,bravo2992,iter,1,0.25
Vincent_63,ici3001,iter,1,0.25
Vincent_63,l'avion2488,iter,1,0.25
Vincent_63,la lune2490,iter,1,0.25
Vincent_63,la lune2491,iter,1,0.25
Vincent_63,la lune2493,iter,1,0.25
Vincent_63,le pain3004,iter,1,0.25
Vincent_63,là-haut1915,iter,1,0.25
Vincent_63,là-haut1918,iter,1,0.25
Vincent_63,marche pas3007,iter,1,0.25
Vincent_63,super3010,iter,1,0.25
Vincent_63,un deux3012,iter,1,0.25
Vincent_63,voilà3015,iter,1,0.25
Vincent_64,a pas2982,iter,1,0.25
Vincent_64,allô2707,iter,1,0.25
Vincent_64,allô2984,iter,1,0.25
Vincent_64,bravo2989,iter,1,0.25
Vincent_64,bravo2990,iter,1,0.25
Vincent_64,casser3114,iter,1,0.25
Vincent_64,chercher3115,iter,1,0.25
Vincent_64,essaye2997,iter,1,0.25
Vincent_64,ici3001,iter,1,0.25
Vincent_64,le pain3003,iter,1,0.25
Vincent_64,le pain3004,iter,1,0.25
Vincent_64,là-haut1915,iter,1,0.25
Vincent_64,marche pas3007,iter,1,0.25
Vincent_64,marche pas3121,iter,1,0.25
Vincent_64,ok3009,iter,1,0.25
Vincent_64,un deux3012,iter,1,0.25
Vincent_64,un deux3013,iter,1,0.25
Vincent_64,voilà3014,iter,1,0.25
Vincent_65,allô2707,iter,1,0.25
Vincent_65,attends2988,iter,1,0.25
Vincent_65,essaye2997,iter,1,0.25
Vincent_65,ici3000,iter,1,0.25
Vincent_65,ici3001,iter,1,0.25
Vincent_65,l'avion2488,iter,1,0.25
Vincent_65,l'avion2489,iter,1,0.25
Vincent_65,la lune2492,iter,1,0.25
Vincent_65,le pain3003,iter,1,0.25
Vincent_65,le pain3006,iter,1,0.25
Vincent_65,là-haut1917,iter,1,0.25
Vincent_65,là-haut1918,iter,1,0.25
Vincent_65,super3010,iter,1,0.25
Vincent_65,voilà3015,iter,1,0.25
Vincent_66,bravo2989,iter,1,0.25
Vincent_66,bravo2991,iter,1,0.25
Vincent_66,caché3113,iter,1,0.25
Vincent_66,casser3114,iter,1,0.25
Vincent_66,chercher3115,iter,1,0.25
Vincent_66,chercher3116,iter,1,0.25
Vincent_66,ici3000,iter,1,0.25
Vincent_66,l'avion2489,iter,1,0.25
Vincent_66,l'avion3118,iter,1,0.25
Vincent_66,la lune2491,iter,1,0.25
Vincent_66,le chien3002,iter,1,0.25
Vincent_66,le pain3003,iter,1,0.25
Vincent_66,marche pas3007,iter,1,0.25
Vincent_66,marche pas3123,iter,1,0.25
Vincent_66,marche pas3125,iter,1,0.25
Vincent_66,super3010,iter,1,0.25
Vincent_66,un autre3011,iter,1,0.25
Vincent_66,voilà3014,iter,1,0.25
Vincent_67,allô2984,iter,1,0.25
Vincent_67,bravo2991,iter,1,0.25
Vincent_67,bravo2992,iter,1,0.25
Vincent_67,bravo2993,iter,1,0.25
Vincent_67,chercher3116,iter,1,0.25
Vincent_67,entends2996,iter,1,0.25
Vincent_67,essaye3117,iter,1,0.25
Vincent_67,fermé2998,iter,1,0.25
Vincent_67,l'avion2488,iter,1,0.25
Vincent_67,l'avion3118,iter,1,0.25
Vincent_67,la lune2491,iter,1,0.25
Vincent_67,là-haut1915,iter,1,0.25
Vincent_67,marche pas3007,iter,1,0.25
Vincent_67,marche pas3121,iter,1,0.25
Vincent_67,super3010,iter,1,0.25
Vincent_67,un deux3013,iter,1,0.25
Vincent_68,a pas2982,iter,1,0.25
Vincent_68,allô2707,iter,1,0.25
Vincent_68,allô2986,iter,1,0.25
Vincent_68,allô2987,iter,1,0.25
Vincent_68,bravo2991,iter,1,0.25
Vincent_68,bravo2992,iter,1,0.25
Vincent_68,encore2995,iter,1,0.25
Vincent_68,ici3001,iter,1,0.25
Vincent_68,l'avion3118,iter,1,0.25
Vincent_68,la lune2491,iter,1,0.25
Vincent_68,la lune3119,iter,1,0.25
Vincent_68,le pain3005,iter,1,0.25
Vincent_68,le pain3006,iter,1,0.25
Vincent_68,là-haut1918,iter,1,0.25
Vincent_68,marche pas3007,iter,1,0.25
Vincent_68,micro3008,iter,1,0.25
Vincent_68,super3010,iter,1,0.25
Vincent_68,un deux3012,iter,1,0.25
Vincent_69,allô2707,iter,1,0.25
Vincent_69,allô2984,iter,1,0.25
Vincent_69,bravo2990,iter,1,0.25
Vincent_69,bravo2991,iter,1,0.25
Vincent_69,bravo2993,iter,1,0.25
Vincent_69,encore2995,iter,1,0.25
Vincent_69,essaye2997,iter,1,0.25
Vincent_69,essaye3117,iter,1,0.25
Vincent_69,garage2999,iter,1,0.25
Vincent_69,l'avion2488,iter,1,0.25
Vincent_69,l'avion2489,iter,1,0.25
Vincent_69,le pain3003,iter,1,0.25
Vincent_69,là-haut1915,iter,1,0.25
Vincent_69,marche pas3007,iter,1,0.25
Vincent_69,marche pas3122,iter,1,0.25
Vincent_69,marche pas3123,iter,1,0.25
Vincent_69,marche pas3124,iter,1,0.25
Vincent_69,micro3008,iter,1,0.25
Vincent_69,ok3009,iter,1,0.25
Vincent_7,allô2987,iter,1,0.25
Vincent_7,attends2988,iter,1,0.25
Vincent_7,bravo2992,iter,1,0.25
Vincent_7,caché3113,iter,1,0.25
Vincent_7,chercher3115,iter,1,0.25
Vincent_7,entends2996,iter,1,0.25
Vincent_7,fermé2998,iter,1,0.25
Vincent_7,garage2999,iter,1,0.25
Vincent_7,l'avion2489,iter,1,0.25
Vincent_7,le pain3003,iter,1,0.25
Vincent_7,le pain3004,iter,1,0.25
Vincent_7,le pain3006,iter,1,0.25
Vincent_7,là-haut1918,iter,1,0.25
Vincent_7,marche pas3007,iter,1,0.25
Vincent_7,marche pas3121,iter,1,0.25
Vincent_7,marche pas3122,iter,1,0.25
Vincent_7,voilà3014,iter,1,0.25
Vincent_7,voilà3016,iter,1,0.25
Vincent_70,a pas2982,iter,1,0.25
Vincent_70,bravo2989,iter,1,0.25
Vincent_70,bravo2990,iter,1,0.25
Vincent_70,caché2994,iter,1,0.25
Vincent_70,fermé2998,iter,1,0.25
Vincent_70,l'avion2489,iter,1,0.25
Vincent_70,la lune2490,iter,1,0.25
Vincent_70,la lune2664,iter,1,0.25
Vincent_70,ok3009,iter,1,0.25
Vincent_70,un deux3013,iter,1,0.25
Vincent_70,voilà3014,iter,1,0.25
Vincent_70,voilà3015,iter,1,0.25
Vincent_71,accroche2983,iter,1,0.25
Vincent_71,allô2984,iter,1,0.25
Vincent_71,allô2986,iter,1,0.25
Vincent_71,bravo2989,iter,1,0.25
Vincent_71,casser3114,iter,1,0.25
Vincent_71,encore2995,iter,1,0.25
Vincent_71,entends2996,iter,1,0.25
Vincent_71,essaye2997,iter,1,0.25
Vincent_71,garage2999,iter,1,0.25
Vincent_71,l'avion3118,iter,1,0.25
Vincent_71,la lune2492,iter,1,0.25
Vincent_71,là-haut1915,iter,1,0.25
Vincent_71,là-haut1916,iter,1,0.25
Vincent_71,là-haut1918,iter,1,0.25
Vincent_71,marche pas3120,iter,1,0.25
Vincent_71,marche pas3123,iter,1,0.25
Vincent_71,un autre3011,iter,1,0.25
Vincent_71,un deux3012,iter,1,0.25
Vincent_71,un deux3013,iter,1,0.25
Vincent_72,allô2984,iter,1,0.25
Vincent_72,attends2988,iter,1,0.25
Vincent_72,bravo2990,iter,1,0.25
Vincent_72,bravo2993,iter,1,0.25
Vincent_72,caché3113,iter,1,0.25
Vincent_72,essaye3117,iter,1,0.25
Vincent_72,ici3001,iter,1,0.25
Vincent_72,le chien3002,iter,1,0.25
Vincent_72,marche pas3120,iter,1,0.25
Vincent_72,marche pas3121,iter,1,0.25
Vincent_72,marche pas3123,iter,1,0.25
Vincent_72,ok3009,iter,1,0.25
Vincent_72,voilà3014,iter,1,0.25
Vincent_73,a pas2982,iter,1,0.25
Vincent_73,bravo2991,iter,1,0.25
Vincent_73,bravo2993,iter,1,0.25
Vincent_73,caché2994,iter,1,0.25
Vincent_73,chercher3115,iter,1,0.25
Vincent_73,encore2995,iter,1,0.25
Vincent_73,essaye3117,iter,1,0.25
Vincent_73,ici3000,iter,1,0.25
Vincent_73,la lune3119,iter,1,0.25
Vincent_73,marche pas3120,iter,1,0.25
Vincent_73,marche pas3123,iter,1,0.25
Vincent_73,un deux3012,iter,1,0.25
Vincent_73,un deux3013,iter,1,0.25
Vincent_73,voilà3016,iter,1,0.25
Vincent_74,a pas2982,iter,1,0.25
Vincent_74,allô2986,iter,1,0.25
Vincent_74,bravo2989,iter,1,0.25
Vincent_74,bravo2992,iter,1,0.25
Vincent_74,chercher3115,iter,1,0.25
Vincent_74,essaye3117,iter,1,0.25
Vincent_74,garage2999,iter,1,0.25
Vincent_74,l'avion2488,iter,1,0.25
Vincent_74,l'avion3118,iter,1,0.25
Vincent_74,la lune2655,iter,1,0.25
Vincent_74,le pain3006,iter,1,0.25
Vincent_74,là-haut1916,iter,1,0.25
Vincent_74,marche pas3007,iter,1,0.25
Vincent_74,ok3009,iter,1,0.25
Vincent_74,un deux3013,iter,1,0.25
Vincent_75,a pas2982,iter,1,0.25
Vincent_75,allô2985,iter,1,0.25
Vincent_75,allô2986,iter,1,0.25
Vincent_75,bravo2992,iter,1,0.25
Vincent_75,bravo2993,iter,1,0.25
Vincent_75,caché3113,iter,1,0.25
Vincent_75,entends2996,iter,1,0.25
Vincent_75,le pain3004,iter,1,0.25
Vincent_75,le pain3005,iter,1,0.25
Vincent_75,marche pas3122,iter,1,0.25
Vincent_75,marche pas3123,iter,1,0.25
Vincent_75,marche pas3125,iter,1,0.25
Vincent_75,ok3009,iter,1,0.25
Vincent_75,super3010,iter,1,0.25
Vincent_75,un deux3013,iter,1,0.25
Vincent_76,allô2984,iter,1,0.25
Vincent_76,allô2986,iter,1,0.25
Vincent_76,attends2988,iter,1,0.25
Vincent_76,bravo2990,iter,1,0.25
Vincent_76,bravo2993,iter,1,0.25
Vincent_76,caché2994,iter,1,0.25
Vincent_76,essaye2997,iter,1,0.25
Vincent_76,ici3000,iter,1,0.25
Vincent_76,l'avion2488,iter,1,0.25
Vincent_76,l'avion2489,iter,1,0.25
Vincent_76,la lune2492,iter,1,0.25
Vincent_76,le pain3006,iter,1,0.25
Vincent_76,là-haut1915,iter,1,0.25
Vincent_76,un deux3012,iter,1,0.25
Vincent_76,un deux3013,iter,1,0.25
Vincent_77,l'avion2489,iter,1,0.25
Vincent_77,la lune2492,iter,1,0.25
Vincent_77,la lune2655,iter,1,0.25
Vincent_77,la lune2665,iter,1,0.25
Vincent_77,là-haut1915,iter,1,0.25
Vincent_77,là-haut1916,iter,1,0.25
Vincent_78,accroche2983,iter,1,0.25
Vincent_78,bravo2990,iter,1,0.25
Vincent_78,bravo2991,iter,1,0.25
Vincent_78,caché2994,iter,1,0.25
Vincent_78,casser3114,iter,1,0.25
Vincent_78,chercher3115,iter,1,0.25
Vincent_78,chercher3116,iter,1,0.25
Vincent_78,le chien3002,iter,1,0.25
Vincent_78,le pain3003,iter,1,0.25
Vincent_78,le pain3004,iter,1,0.25
Vincent_78,le pain3006,iter,1,0.25
Vincent_78,là-haut1915,iter,1,0.25
Vincent_78,là-haut1918,iter,1,0.25
Vincent_78,marche pas3121,iter,1,0.25
Vincent_78,marche pas3124,iter,1,0.25
Vincent_78,micro3008,iter,1,0.25
Vincent_78,un autre3011,iter,1,0.25
Vincent_78,un deux3012,iter,1,0.25
Vincent_78,voilà3016,iter,1,0.25
Vincent_79,accroche2983,iter,1,0.25
Vincent_79,allô2707,iter,1,0.25
Vincent_79,allô2984,iter,1,0.25
Vincent_79,attends2988,iter,1,0.25
Vincent_79,bravo2992,iter,1,0.25
Vincent_79,casser3114,iter,1,0.25
Vincent_79,ici3001,iter,1,0.25
Vincent_79,la lune2492,iter,1,0.25
Vincent_79,le pain3004,iter,1,0.25
Vincent_79,le pain3005,iter,1,0.25
Vincent_79,le pain3006,iter,1,0.25
Vincent_79,là-haut1918,iter,1,0.25
Vincent_79,marche pas3007,iter,1,0.25
Vincent_79,marche pas3124,iter,1,0.25
Vincent_79,marche pas3125,iter,1,0.25
Vincent_79,un autre3011,iter,1,0.25
Vincent_79,un deux3012,iter,1,0.25
Vincent_79,voilà3014,iter,1,0.25
Vincent_79,voilà3015,iter,1,0.25
Vincent_79,voilà3016,iter,1,0.25
Vincent_8,accroche2983,iter,1,0.25
Vincent_8,allô2707,iter,1,0.25
Vincent_8,allô2987,iter,1,0.25
Vincent_8,attends2988,iter,1,0.25
Vincent_8,bravo2991,iter,1,0.25
Vincent_8,caché2994,iter,1,0.25
Vincent_8,caché3113,iter,1,0.25
Vincent_8,entends2996,iter,1,0.25
Vincent_8,l'avion2488,iter,1,0.25
Vincent_8,l'avion2489,iter,1,0.25
Vincent_8,la lune2490,iter,1,0.25
Vincent_8,la lune3119,iter,1,0.25
Vincent_8,le chien3002,iter,1,0.25
Vincent_8,marche pas3120,iter,1,0.25
Vincent_8,marche pas3125,iter,1,0.25
Vincent_8,micro3008,iter,1,0.25
Vincent_8,ok3009,iter,1,0.25
Vincent_8,un autre3011,iter,1,0.25
Vincent_8,un deux3012,iter,1,0.25
Vincent_8,voilà3016,iter,1,0.25
Vincent_80,accroche2983,iter,1,0.25
Vincent_80,allô2986,iter,1,0.25
Vincent_80,attends2988,iter,1,0.25
Vincent_80,bravo2990,iter,1,0.25
Vincent_80,bravo2991,iter,1,0.25
Vincent_80,encore2995,iter,1,0.25
Vincent_80,fermé2998,iter,1,0.25
Vincent_80,ici3000,iter,1,0.25
Vincent_80,l'avion2489,iter,1,0.25
Vincent_80,le pain3005,iter,1,0.25
Vincent_80,là-haut1916,iter,1,0.25
Vincent_80,marche pas3007,iter,1,0.25
Vincent_80,marche pas3121,iter,1,0.25
Vincent_80,marche pas3123,iter,1,0.25
Vincent_80,ok3009,iter,1,0.25
Vincent_80,super3010,iter,1,0.25
Vincent_80,un deux3013,iter,1,0.25
Vincent_80,voilà3014,iter,1,0.25
Vincent_80,voilà3015,iter,1,0.25
Vincent_80,voilà3016,iter,1,0.25
Vincent_81,allô2707,iter,1,0.25
Vincent_81,allô2984,iter,1,0.25
Vincent_81,allô2985,iter,1,0.25
Vincent_81,allô2987,iter,1,0.25
Vincent_81,bravo2989,iter,1,0.25
Vincent_81,bravo2990,iter,1,0.25
Vincent_81,essaye3117,iter,1,0.25
Vincent_81,ici3000,iter,1,0.25
Vincent_81,l'avion2489,iter,1,0.25
Vincent_81,la lune2490,iter,1,0.25
Vincent_81,la lune2655,iter,1,0.25
Vincent_81,la lune2664,iter,1,0.25
Vincent_81,le pain3004,iter,1,0.25
Vincent_81,un autre3011,iter,1,0.25
Vincent_81,un deux3013,iter,1,0.25
Vincent_81,voilà3015,iter,1,0.25
Vincent_81,voilà3016,iter,1,0.25
Vincent_82,accroche2983,iter,1,0.25
Vincent_82,allô2985,iter,1,0.25
Vincent_82,bravo2991,iter,1,0.25
Vincent_82,casser3114,iter,1,0.25
Vincent_82,essaye3117,iter,1,0.25
Vincent_82,fermé2998,iter,1,0.25
Vincent_82,l'avion2488,iter,1,0.25
Vincent_82,la lune2491,iter,1,0.25
Vincent_82,la lune2492,iter,1,0.25
Vincent_82,la lune2655,iter,1,0.25
Vincent_82,la lune3119,iter,1,0.25
Vincent_82,le pain3004,iter,1,0.25
Vincent_82,marche pas3007,iter,1,0.25
Vincent_82,marche pas3120,iter,1,0.25
Vincent_82,marche pas3121,iter,1,0.25
Vincent_82,marche pas3123,iter,1,0.25
Vincent_82,micro3008,iter,1,0.25
Vincent_82,un deux3012,iter,1,0.25
Vincent_82,voilà3014,iter,1,0.25
Vincent_83,allô2984,iter,1,0.25
Vincent_83,allô2985,iter,1,0.25
Vincent_83,bravo2993,iter,1,0.25
Vincent_83,caché2994,iter,1,0.25
Vincent_83,chercher3115,iter,1,0.25
Vincent_83,garage2999,iter,1,0.25
Vincent_83,l'avion2488,iter,1,0.25
Vincent_83,l'avion3118,iter,1,0.25
Vincent_83,la lune2491,iter,1,0.25
Vincent_83,le chien3002,iter,1,0.25
Vincent_83,le pain3005,iter,1,0.25
Vincent_83,le pain3006,iter,1,0.25
Vincent_83,là-haut1915,iter,1,0.25
Vincent_83,marche pas3124,iter,1,0.25
Vincent_83,marche pas3125,iter,1,0.25
Vincent_83,ok3009,iter,1,0.25
Vincent_83,un deux3013,iter,1,0.25
Vincent_83,voilà3014,iter,1,0.25
Vincent_84,allô2986,iter,1,0.25
Vincent_84,allô2987,iter,1,0.25
Vincent_84,bravo2990,iter,1,0.25
Vincent_84,bravo2992,iter,1,0.25
Vincent_84,chercher3115,iter,1,0.25
Vincent_84,encore2995,iter,1,0.25
Vincent_84,entends2996,iter,1,0.25
Vincent_84,fermé2998,iter,1,0.25
Vincent_84,l'avion2488,iter,1,0.25
Vincent_84,l'avion3118,iter,1,0.25
Vincent_84,la lune2491,iter,1,0.25
Vincent_84,la lune3119,iter,1,0.25
Vincent_84,le pain3004,iter,1,0.25
Vincent_84,là-haut1917,iter,1,0.25
Vincent_84,là-haut1918,iter,1,0.25
Vincent_84,marche pas3122,iter,1,0.25
Vincent_84,micro3008,iter,1,0.25
Vincent_84,ok3009,iter,1,0.25
Vincent_84,voilà3014,iter,1,0.25
Vincent_85,garage2999,iter,1,0.25
Vincent_85,l'avion2489,iter,1,0.25
Vincent_85,là-haut1915,iter,1,0.25
Vincent_86,a pas2982,iter,1,0.25
Vincent_86,accroche2983,iter,1,0.25
Vincent_86,allô2707,iter,1,0.25
Vincent_86,allô2985,iter,1,0.25
Vincent_86,allô2986,iter,1,0.25
Vincent_86,attends2988,iter,1,0.25
Vincent_86,bravo2989,iter,1,0.25
Vincent_86,bravo2992,iter,1,0.25
Vincent_86,chercher3115,iter,1,0.25
Vincent_86,essaye3117,iter,1,0.25
Vincent_86,fermé2998,iter,1,0.25
Vincent_86,ici3000,iter,1,0.25
Vincent_86,l'avion2488,iter,1,0.25
Vincent_86,l'avion2489,iter,1,0.25
Vincent_86,la lune2491,iter,1,0.25
Vincent_86,le chien3002,iter,1,0.25
Vincent_86,marche pas3125,iter,1,0.25
Vincent_86,ok3009,iter,1,0.25
Vincent_86,un deux3012,iter,1,0.25
Vincent_87,allô2984,iter,1,0.25
Vincent_87,bravo2990,iter,1,0.25
Vincent_87,bravo2992,iter,1,0.25
Vincent_87,garage2999,iter,1,0.25
Vincent_87,ici3001,iter,1,0.25
Vincent_87,l'avion2488,iter,1,0.25
Vincent_87,l'avion2489,iter,1,0.25
Vincent_87,l'avion3118,iter,1,0.25
Vincent_87,la lune2490,iter,1,0.25
Vincent_87,la lune2493,iter,1,0.25
Vincent_87,le pain3003,iter,1,0.25
Vincent_87,le pain3006,iter,1,0.25
Vincent_87,là-haut1915,iter,1,0.25
Vincent_87,là-haut1916,iter,1,0.25
Vincent_87,marche pas3120,iter,1,0.25
Vincent_87,marche pas3124,iter,1,0.25
Vincent_87,ok3009,iter,1,0.25
Vincent_87,voilà3014,iter,1,0.25
Vincent_87,voilà3015,iter,1,0.25
Vincent_88,allô2984,iter,1,0.25
Vincent_88,allô2985,iter,1,0.25
Vincent_88,bravo2990,iter,1,0.25
Vincent_88,bravo2992,iter,1,0.25
Vincent_88,chercher3115,iter,1,0.25
Vincent_88,entends2996,iter,1,0.25
Vincent_88,fermé2998,iter,1,0.25
Vincent_88,la lune2491,iter,1,0.25
Vincent_88,la lune3119,iter,1,0.25
Vincent_88,le chien3002,iter,1,0.25
Vincent_88,là-haut1918,iter,1,0.25
Vincent_88,marche pas3120,iter,1,0.25
Vincent_88,marche pas3122,iter,1,0.25
Vincent_88,marche pas3123,iter,1,0.25
Vincent_88,marche pas3125,iter,1,0.25
Vincent_88,ok3009,iter,1,0.25
Vincent_88,super3010,iter,1,0.25
Vincent_88,voilà3014,iter,1,0.25
Vincent_89,a pas2982,iter,1,0.25
Vincent_89,accroche2983,iter,1,0.25
Vincent_89,allô2707,iter,1,0.25
Vincent_89,allô2984,iter,1,0.25
Vincent_89,allô2987,iter,1,0.25
Vincent_89,bravo2993,iter,1,0.25
Vincent_89,chercher3115,iter,1,0.25
Vincent_89,essaye3117,iter,1,0.25
Vincent_89,garage2999,iter,1,0.25
Vincent_89,ici3000,iter,1,0.25
Vincent_89,l'avion2489,iter,1,0.25
Vincent_89,la lune2492,iter,1,0.25
Vincent_89,le pain3004,iter,1,0.25
Vincent_89,là-haut1917,iter,1,0.25
Vincent_89,marche pas3123,iter,1,0.25
Vincent_89,un autre3011,iter,1,0.25
Vincent_89,un deux3013,iter,1,0.25
Vincent_89,voilà3015,iter,1,0.25
Vincent_9,a pas2982,iter,1,0.25
Vincent_9,allô2707,iter,1,0.25
Vincent_9,allô2984,iter,1,0.25
Vincent_9,attends2988,iter,1,0.25
Vincent_9,bravo2993,iter,1,0.25
Vincent_9,caché3113,iter,1,0.25
Vincent_9,entends2996,iter,1,0.25
Vincent_9,essaye2997,iter,1,0.25
Vincent_9,essaye3117,iter,1,0.25
Vincent_9,fermé2998,iter,1,0.25
Vincent_9,ici3000,iter,1,0.25
Vincent_9,l'avion2488,iter,1,0.25
Vincent_9,l'avion3118,iter,1,0.25
Vincent_9,la lune2491,iter,1,0.25
Vincent_9,le pain3006,iter,1,0.25
Vincent_9,là-haut1916,iter,1,0.25
Vincent_9,super3010,iter,1,0.25
Vincent_9,un deux3013,iter,1,0.25
Vincent_9,voilà3014,iter,1,0.25
Vincent_90,bravo2990,iter,1,0.25
Vincent_90,bravo2993,iter,1,0.25
Vincent_90,caché3113,iter,1,0.25
Vincent_90,casser3114,iter,1,0.25
Vincent_90,encore2995,iter,1,0.25
Vincent_90,entends2996,iter,1,0.25
Vincent_90,ici3000,iter,1,0.25
Vincent_90,ici3001,iter,1,0.25
Vincent_90,la lune2492,iter,1,0.25
Vincent_90,le pain3004,iter,1,0.25
Vincent_90,là-haut1915,iter,1,0.25
Vincent_90,là-haut1916,iter,1,0.25
Vincent_90,là-haut1917,iter,1,0.25
Vincent_90,là-haut1918,iter,1,0.25
Vincent_90,marche pas3122,iter,1,0.25
Vincent_90,ok3009,iter,1,0.25
Vincent_90,super3010,iter,1,0.25
Vincent_90,voilà3015,iter,1,0.25
Vincent_90,voilà3016,iter,1,0.25
Vincent_91,allô2707,iter,1,0.25
Vincent_91,allô2984,iter,1,0.25
Vincent_91,allô2985,iter,1,0.25
Vincent_91,allô2986,iter,1,0.25
Vincent_91,attends2988,iter,1,0.25
Vincent_91,chercher3115,iter,1,0.25
Vincent_91,essaye2997,iter,1,0.25
Vincent_91,garage2999,iter,1,0.25
Vincent_91,l'avion2489,iter,1,0.25
Vincent_91,l'avion3118,iter,1,0.25
Vincent_91,le pain3004,iter,1,0.25
Vincent_91,là-haut1916,iter,1,0.25
Vincent_91,là-haut1917,iter,1,0.25
Vincent_91,marche pas3122,iter,1,0.25
Vincent_91,marche pas3123,iter,1,0.25
Vincent_91,marche pas3124,iter,1,0.25
Vincent_91,micro3008,iter,1,0.25
Vincent_91,voilà3014,iter,1,0.25
Vincent_92,a pas2982,iter,1,0.25
Vincent_92,allô2986,iter,1,0.25
Vincent_92,bravo2990,iter,1,0.25
Vincent_92,bravo2991,iter,1,0.25
Vincent_92,bravo2992,iter,1,0.25
Vincent_92,bravo2993,iter,1,0.25
Vincent_92,l'avion2488,iter,1,0.25
Vincent_92,la lune2491,iter,1,0.25
Vincent_92,la lune2492,iter,1,0.25
Vincent_92,la lune2493,iter,1,0.25
Vincent_92,le pain3005,iter,1,0.25
Vincent_92,le pain3006,iter,1,0.25
Vincent_92,là-haut1916,iter,1,0.25
Vincent_92,là-haut1918,iter,1,0.25
Vincent_92,micro3008,iter,1,0.25
Vincent_92,ok3009,iter,1,0.25
Vincent_92,un deux3012,iter,1,0.25
Vincent_93,allô2707,iter,1,0.25
Vincent_93,allô2984,iter,1,0.25
Vincent_93,allô2987,iter,1,0.25
Vincent_93,bravo2989,iter,1,0.25
Vincent_93,bravo2991,iter,1,0.25
Vincent_93,bravo2992,iter,1,0.25
Vincent_93,caché2994,iter,1,0.25
Vincent_93,essaye2997,iter,1,0.25
Vincent_93,essaye3117,iter,1,0.25
Vincent_93,ici3001,iter,1,0.25
Vincent_93,l'avion2489,iter,1,0.25
Vincent_93,la lune2492,iter,1,0.25
Vincent_93,la lune3119,iter,1,0.25
Vincent_93,là-haut1916,iter,1,0.25
Vincent_93,marche pas3120,iter,1,0.25
Vincent_93,marche pas3125,iter,1,0.25
Vincent_93,super3010,iter,1,0.25
Vincent_93,voilà3014,iter,1,0.25
Vincent_94,a pas2982,iter,1,0.25
Vincent_94,allô2984,iter,1,0.25
Vincent_94,allô2985,iter,1,0.25
Vincent_94,bravo2993,iter,1,0.25
Vincent_94,caché2994,iter,1,0.25
Vincent_94,chercher3116,iter,1,0.25
Vincent_94,encore2995,iter,1,0.25
Vincent_94,essaye3117,iter,1,0.25
Vincent_94,fermé2998,iter,1,0.25
Vincent_94,la lune2491,iter,1,0.25
Vincent_94,la lune3119,iter,1,0.25
Vincent_94,le pain3005,iter,1,0.25
Vincent_94,là-haut1918,iter,1,0.25
Vincent_94,marche pas3120,iter,1,0.25
Vincent_94,marche pas3124,iter,1,0.25
Vincent_94,marche pas3125,iter,1,0.25
Vincent_94,un deux3012,iter,1,0.25
Vincent_94,voilà3015,iter,1,0.25
Vincent_95,accroche2983,iter,1,0.25
Vincent_95,allô2984,iter,1,0.25
Vincent_95,allô2987,iter,1,0.25
Vincent_95,attends2988,iter,1,0.25
Vincent_95,bravo2990,iter,1,0.25
Vincent_95,bravo2991,iter,1,0.25
Vincent_95,chercher3115,iter,1,0.25
Vincent_95,encore2995,iter,1,0.25
Vincent_95,entends2996,iter,1,0.25
Vincent_95,ici3001,iter,1,0.25
Vincent_95,la lune2491,iter,1,0.25
Vincent_95,la lune2492,iter,1,0.25
Vincent_95,la lune2664,iter,1,0.25
Vincent_95,là-haut1915,iter,1,0.25
Vincent_95,ok3009,iter,1,0.25
Vincent_95,un deux3012,iter,1,0.25
Vincent_96,allô2707,iter,1,0.25
Vincent_96,allô2987,iter,1,0.25
Vincent_96,attends2988,iter,1,0.25
Vincent_96,bravo2990,iter,1,0.25
Vincent_96,bravo2992,iter,1,0.25
Vincent_96,casser3114,iter,1,0.25
Vincent_96,chercher3116,iter,1,0.25
Vincent_96,encore2995,iter,1,0.25
Vincent_96,essaye2997,iter,1,0.25
Vincent_96,ici3000,iter,1,0.25
Vincent_96,la lune2491,iter,1,0.25
Vincent_96,la lune3119,iter,1,0.25
Vincent_96,le pain3004,iter,1,0.25
Vincent_96,là-haut1918,iter,1,0.25
Vincent_96,marche pas3120,iter,1,0.25
Vincent_96,marche pas3121,iter,1,0.25
Vincent_96,ok3009,iter,1,0.25
Vincent_96,super3010,iter,1,0.25
Vincent_96,un autre3011,iter,1,0.25
Vincent_97,allô2985,iter,1,0.25
Vincent_97,allô2987,iter,1,0.25
Vincent_97,bravo2989,iter,1,0.25
Vincent_97,bravo2990,iter,1,0.25
Vincent_97,bravo2993,iter,1,0.25
Vincent_97,chercher3115,iter,1,0.25
Vincent_97,chercher3116,iter,1,0.25
Vincent_97,entends2996,iter,1,0.25
Vincent_97,fermé2998,iter,1,0.25
Vincent_97,l'avion2488,iter,1,0.25
Vincent_97,l'avion3118,iter,1,0.25
Vincent_97,la lune2655,iter,1,0.25
Vincent_97,le pain3005,iter,1,0.25
Vincent_97,là-haut1916,iter,1,0.25
Vincent_97,marche pas3120,iter,1,0.25
Vincent_97,marche pas3122,iter,1,0.25
Vincent_97,un autre3011,iter,1,0.25
Vincent_97,un deux3013,iter,1,0.25
Vincent_97,voilà3016,iter,1,0.25
Vincent_98,allô2707,iter,1,0.25
Vincent_98,allô2984,iter,1,0.25
Vincent_98,allô2986,iter,1,0.25
Vincent_98,bravo2989,iter,1,0.25
Vincent_98,bravo2992,iter,1,0.25
Vincent_98,bravo2993,iter,1,0.25
Vincent_98,caché2994,iter,1,0.25
Vincent_98,chercher3115,iter,1,0.25
Vincent_98,la lune2664,iter,1,0.25
Vincent_98,le pain3003,iter,1,0.25
Vincent_98,le pain3005,iter,1,0.25
Vincent_98,là-haut1916,iter,1,0.25
Vincent_98,là-haut1918,iter,1,0.25
Vincent_98,ok3009,iter,1,0.25
Vincent_98,un deux3012,iter,1,0.25
Vincent_99,a pas2982,iter,1,0.25
Vincent_99,allô2986,iter,1,0.25
Vincent_99,bravo2990,iter,1,0.25
Vincent_99,bravo2993,iter,1,0.25
Vincent_99,chercher3116,iter,1,0.25
Vincent_99,encore2995,iter,1,0.25
Vincent_99,l'avion2488,iter,1,0.25
Vincent_99,l'avion3118,iter,1,0.25
Vincent_99,la lune2491,iter,1,0.25
Vincent_99,la lune2492,iter,1,0.25
Vincent_99,le pain3004,iter,1,0.25
Vincent_99,là-haut1915,iter,1,0.25
Vincent_99,marche pas3007,iter,1,0.25
Vincent_99,marche pas3120,iter,1,0.25
Vincent_99,marche pas3121,iter,1,0.25
Vincent_99,marche pas3123,iter,1,0.25
Vincent_99,marche pas3124,iter,1,0.25
Vincent_99,super3010,iter,1,0.25
Vincent_99,voilà3014,iter,1,0.25
