Speaker_ID,gloss1,data_type,degree,threshold
Adeline_1,bisou994,iter,1,0.25
Adeline_1,bisou996,iter,1,0.25
Adeline_1,bisou998,iter,1,0.25
Adeline_1,bobo1000,iter,1,0.25
Adeline_1,chapeau1005,iter,1,0.25
Adeline_1,chapeau1007,iter,1,0.25
Adeline_1,coucou1019,iter,1,0.25
Adeline_1,coucou1020,iter,1,0.25
Adeline_1,encore1327,iter,1,0.25
Adeline_1,encore1328,iter,1,0.25
Adeline_1,encore1330,iter,1,0.25
Adeline_1,encore1332,iter,1,0.25
Adeline_1,encore1333,iter,1,0.25
Adeline_1,encore1339,iter,1,0.25
Adeline_1,vachou1030,iter,1,0.25
Adeline_10,au revoir1469,iter,1,0.25
Adeline_10,au revoir1474,iter,1,0.25
Adeline_10,encore1330,iter,1,0.25
Adeline_10,encore1337,iter,1,0.25
Adeline_10,encore1338,iter,1,0.25
Adeline_100,bisou994,iter,1,0.25
Adeline_100,bisou995,iter,1,0.25
Adeline_100,bisou997,iter,1,0.25
Adeline_100,bisou998,iter,1,0.25
Adeline_100,chapeau1003,iter,1,0.25
Adeline_100,chapeau1005,iter,1,0.25
Adeline_100,chapeau1006,iter,1,0.25
Adeline_100,chapeau1010,iter,1,0.25
Adeline_100,coucou1011,iter,1,0.25
Adeline_100,coucou1013,iter,1,0.25
Adeline_100,coucou1015,iter,1,0.25
Adeline_100,coucou1017,iter,1,0.25
Adeline_100,coucou1018,iter,1,0.25
Adeline_100,coucou1019,iter,1,0.25
Adeline_100,encore1326,iter,1,0.25
Adeline_100,encore1329,iter,1,0.25
Adeline_100,encore1335,iter,1,0.25
Adeline_100,maman1023,iter,1,0.25
Adeline_100,vachou1030,iter,1,0.25
Adeline_11,bobo1000,iter,1,0.25
Adeline_11,bobo1001,iter,1,0.25
Adeline_11,bobo999,iter,1,0.25
Adeline_11,chapeau1009,iter,1,0.25
Adeline_11,chapeau1010,iter,1,0.25
Adeline_11,coucou1012,iter,1,0.25
Adeline_11,coucou1013,iter,1,0.25
Adeline_11,coucou1015,iter,1,0.25
Adeline_11,coucou1016,iter,1,0.25
Adeline_11,coucou1018,iter,1,0.25
Adeline_11,dodo1021,iter,1,0.25
Adeline_11,encore1328,iter,1,0.25
Adeline_11,encore1330,iter,1,0.25
Adeline_11,encore1333,iter,1,0.25
Adeline_11,encore1339,iter,1,0.25
Adeline_11,oiseau1025,iter,1,0.25
Adeline_11,vachou1030,iter,1,0.25
Adeline_12,au revoir1469,iter,1,0.25
Adeline_12,au revoir1472,iter,1,0.25
Adeline_12,au revoir1473,iter,1,0.25
Adeline_12,bisou998,iter,1,0.25
Adeline_12,bobo1000,iter,1,0.25
Adeline_12,bobo1001,iter,1,0.25
Adeline_12,bobo999,iter,1,0.25
Adeline_12,chapeau1005,iter,1,0.25
Adeline_12,chapeau1009,iter,1,0.25
Adeline_12,coucou1014,iter,1,0.25
Adeline_12,coucou1019,iter,1,0.25
Adeline_12,encore1326,iter,1,0.25
Adeline_12,encore1327,iter,1,0.25
Adeline_12,encore1329,iter,1,0.25
Adeline_12,encore1331,iter,1,0.25
Adeline_12,encore1332,iter,1,0.25
Adeline_12,oiseau1025,iter,1,0.25
Adeline_14,au revoir1468,iter,1,0.25
Adeline_14,au revoir1469,iter,1,0.25
Adeline_14,au revoir1471,iter,1,0.25
Adeline_14,au revoir1472,iter,1,0.25
Adeline_14,bisou996,iter,1,0.25
Adeline_14,bisou998,iter,1,0.25
Adeline_14,bobo999,iter,1,0.25
Adeline_14,chapeau1009,iter,1,0.25
Adeline_14,chapeau1010,iter,1,0.25
Adeline_14,coucou1016,iter,1,0.25
Adeline_14,coucou1017,iter,1,0.25
Adeline_14,encore1327,iter,1,0.25
Adeline_14,encore1336,iter,1,0.25
Adeline_14,encore1338,iter,1,0.25
Adeline_14,oiseau1025,iter,1,0.25
Adeline_14,papa1026,iter,1,0.25
Adeline_15,bisou996,iter,1,0.25
Adeline_15,bobo1000,iter,1,0.25
Adeline_15,chapeau1006,iter,1,0.25
Adeline_15,chapeau1008,iter,1,0.25
Adeline_15,coucou1011,iter,1,0.25
Adeline_15,coucou1017,iter,1,0.25
Adeline_15,coucou1019,iter,1,0.25
Adeline_15,encore1326,iter,1,0.25
Adeline_15,encore1328,iter,1,0.25
Adeline_15,encore1334,iter,1,0.25
Adeline_15,encore1337,iter,1,0.25
Adeline_15,maman1023,iter,1,0.25
Adeline_15,oiseau1025,iter,1,0.25
Adeline_15,papa1027,iter,1,0.25
Adeline_15,vachou1030,iter,1,0.25
Adeline_16,au revoir1471,iter,1,0.25
Adeline_16,bisou995,iter,1,0.25
Adeline_16,bisou996,iter,1,0.25
Adeline_16,bisou998,iter,1,0.25
Adeline_16,bobo999,iter,1,0.25
Adeline_16,chapeau1004,iter,1,0.25
Adeline_16,chapeau1005,iter,1,0.25
Adeline_16,coucou1015,iter,1,0.25
Adeline_16,coucou1016,iter,1,0.25
Adeline_16,coucou1019,iter,1,0.25
Adeline_16,coucou1020,iter,1,0.25
Adeline_16,encore1327,iter,1,0.25
Adeline_16,encore1328,iter,1,0.25
Adeline_16,encore1332,iter,1,0.25
Adeline_16,encore1333,iter,1,0.25
Adeline_16,encore1334,iter,1,0.25
Adeline_16,encore1339,iter,1,0.25
Adeline_16,vachou1030,iter,1,0.25
Adeline_17,bisou996,iter,1,0.25
Adeline_17,bisou997,iter,1,0.25
Adeline_17,bobo999,iter,1,0.25
Adeline_17,chapeau1005,iter,1,0.25
Adeline_17,chapeau1009,iter,1,0.25
Adeline_17,coucou1014,iter,1,0.25
Adeline_17,coucou1016,iter,1,0.25
Adeline_17,coucou1017,iter,1,0.25
Adeline_17,coucou1019,iter,1,0.25
Adeline_17,encore1330,iter,1,0.25
Adeline_17,encore1337,iter,1,0.25
Adeline_17,papa1028,iter,1,0.25
Adeline_17,vachou1030,iter,1,0.25
Adeline_18,au revoir1469,iter,1,0.25
Adeline_18,au revoir1473,iter,1,0.25
Adeline_18,encore1328,iter,1,0.25
Adeline_18,encore1329,iter,1,0.25
Adeline_18,encore1337,iter,1,0.25
Adeline_18,encore1338,iter,1,0.25
Adeline_19,bisou997,iter,1,0.25
Adeline_19,voiture1034,iter,1,0.25
Adeline_2,au revoir1471,iter,1,0.25
Adeline_2,au revoir1474,iter,1,0.25
Adeline_2,encore1326,iter,1,0.25
Adeline_2,encore1327,iter,1,0.25
Adeline_2,encore1332,iter,1,0.25
Adeline_2,encore1333,iter,1,0.25
Adeline_2,encore1334,iter,1,0.25
Adeline_2,encore1336,iter,1,0.25
Adeline_2,encore1337,iter,1,0.25
Adeline_2,encore1338,iter,1,0.25
Adeline_20,au revoir1468,iter,1,0.25
Adeline_20,au revoir1469,iter,1,0.25
Adeline_20,bisou996,iter,1,0.25
Adeline_20,bobo1000,iter,1,0.25
Adeline_20,chapeau1005,iter,1,0.25
Adeline_20,chapeau1007,iter,1,0.25
Adeline_20,coucou1011,iter,1,0.25
Adeline_20,coucou1018,iter,1,0.25
Adeline_20,coucou1019,iter,1,0.25
Adeline_20,dodo1021,iter,1,0.25
Adeline_20,encore1328,iter,1,0.25
Adeline_20,encore1329,iter,1,0.25
Adeline_20,encore1333,iter,1,0.25
Adeline_20,encore1335,iter,1,0.25
Adeline_20,encore1336,iter,1,0.25
Adeline_20,encore1339,iter,1,0.25
Adeline_20,papa1027,iter,1,0.25
Adeline_20,vachou1030,iter,1,0.25
Adeline_21,bisou994,iter,1,0.25
Adeline_21,bisou996,iter,1,0.25
Adeline_21,bisou997,iter,1,0.25
Adeline_21,bobo1000,iter,1,0.25
Adeline_21,bobo1001,iter,1,0.25
Adeline_21,chapeau1002,iter,1,0.25
Adeline_21,chapeau1005,iter,1,0.25
Adeline_21,chapeau1010,iter,1,0.25
Adeline_21,coucou1014,iter,1,0.25
Adeline_21,encore1328,iter,1,0.25
Adeline_21,encore1330,iter,1,0.25
Adeline_21,encore1336,iter,1,0.25
Adeline_21,encore1337,iter,1,0.25
Adeline_21,encore1338,iter,1,0.25
Adeline_21,papa1026,iter,1,0.25
Adeline_21,papa1028,iter,1,0.25
Adeline_21,vachou1030,iter,1,0.25
Adeline_22,au revoir1468,iter,1,0.25
Adeline_22,au revoir1469,iter,1,0.25
Adeline_22,au revoir1470,iter,1,0.25
Adeline_22,au revoir1472,iter,1,0.25
Adeline_22,au revoir1474,iter,1,0.25
Adeline_22,au revoir1475,iter,1,0.25
Adeline_22,encore1326,iter,1,0.25
Adeline_22,encore1339,iter,1,0.25
Adeline_23,bisou994,iter,1,0.25
Adeline_23,bisou997,iter,1,0.25
Adeline_23,bisou998,iter,1,0.25
Adeline_23,bobo1000,iter,1,0.25
Adeline_23,chapeau1002,iter,1,0.25
Adeline_23,chapeau1004,iter,1,0.25
Adeline_23,chapeau1006,iter,1,0.25
Adeline_23,chapeau1010,iter,1,0.25
Adeline_23,coucou1013,iter,1,0.25
Adeline_23,coucou1016,iter,1,0.25
Adeline_23,coucou1017,iter,1,0.25
Adeline_23,coucou1020,iter,1,0.25
Adeline_23,encore1326,iter,1,0.25
Adeline_23,encore1327,iter,1,0.25
Adeline_23,encore1336,iter,1,0.25
Adeline_23,encore1337,iter,1,0.25
Adeline_23,encore1338,iter,1,0.25
Adeline_23,vachou1030,iter,1,0.25
Adeline_24,au revoir1471,iter,1,0.25
Adeline_24,au revoir1475,iter,1,0.25
Adeline_24,bisou996,iter,1,0.25
Adeline_24,chapeau1002,iter,1,0.25
Adeline_24,chapeau1004,iter,1,0.25
Adeline_24,coucou1011,iter,1,0.25
Adeline_24,coucou1016,iter,1,0.25
Adeline_24,coucou1018,iter,1,0.25
Adeline_24,encore1326,iter,1,0.25
Adeline_24,encore1328,iter,1,0.25
Adeline_24,encore1330,iter,1,0.25
Adeline_24,encore1331,iter,1,0.25
Adeline_24,encore1334,iter,1,0.25
Adeline_24,encore1335,iter,1,0.25
Adeline_24,encore1336,iter,1,0.25
Adeline_24,papa1028,iter,1,0.25
Adeline_25,au revoir1469,iter,1,0.25
Adeline_25,au revoir1471,iter,1,0.25
Adeline_25,au revoir1473,iter,1,0.25
Adeline_25,au revoir1474,iter,1,0.25
Adeline_25,bisou996,iter,1,0.25
Adeline_25,bobo1001,iter,1,0.25
Adeline_25,bobo999,iter,1,0.25
Adeline_25,chapeau1002,iter,1,0.25
Adeline_25,chapeau1003,iter,1,0.25
Adeline_25,chapeau1004,iter,1,0.25
Adeline_25,chapeau1005,iter,1,0.25
Adeline_25,chapeau1007,iter,1,0.25
Adeline_25,coucou1015,iter,1,0.25
Adeline_25,encore1326,iter,1,0.25
Adeline_25,encore1331,iter,1,0.25
Adeline_25,encore1333,iter,1,0.25
Adeline_25,encore1338,iter,1,0.25
Adeline_25,papa1026,iter,1,0.25
Adeline_25,papa1027,iter,1,0.25
Adeline_26,au revoir1473,iter,1,0.25
Adeline_26,au revoir1475,iter,1,0.25
Adeline_26,bisou995,iter,1,0.25
Adeline_26,bisou996,iter,1,0.25
Adeline_26,bisou998,iter,1,0.25
Adeline_26,chapeau1005,iter,1,0.25
Adeline_26,chapeau1010,iter,1,0.25
Adeline_26,coucou1013,iter,1,0.25
Adeline_26,coucou1014,iter,1,0.25
Adeline_26,coucou1019,iter,1,0.25
Adeline_26,encore1328,iter,1,0.25
Adeline_26,encore1330,iter,1,0.25
Adeline_26,encore1331,iter,1,0.25
Adeline_26,encore1332,iter,1,0.25
Adeline_26,encore1335,iter,1,0.25
Adeline_26,encore1338,iter,1,0.25
Adeline_26,papa1028,iter,1,0.25
Adeline_26,vachou1030,iter,1,0.25
Adeline_27,bisou994,iter,1,0.25
Adeline_27,bisou996,iter,1,0.25
Adeline_27,dodo1021,iter,1,0.25
Adeline_28,bisou997,iter,1,0.25
Adeline_28,bobo1000,iter,1,0.25
Adeline_28,maman1024,iter,1,0.25
Adeline_28,papa1026,iter,1,0.25
Adeline_28,papa1027,iter,1,0.25
Adeline_29,au revoir1468,iter,1,0.25
Adeline_29,au revoir1471,iter,1,0.25
Adeline_29,bisou998,iter,1,0.25
Adeline_29,chapeau1002,iter,1,0.25
Adeline_29,chapeau1005,iter,1,0.25
Adeline_29,chapeau1008,iter,1,0.25
Adeline_29,coucou1012,iter,1,0.25
Adeline_29,coucou1017,iter,1,0.25
Adeline_29,coucou1018,iter,1,0.25
Adeline_29,coucou1020,iter,1,0.25
Adeline_29,encore1327,iter,1,0.25
Adeline_29,encore1328,iter,1,0.25
Adeline_29,encore1331,iter,1,0.25
Adeline_29,encore1334,iter,1,0.25
Adeline_29,encore1336,iter,1,0.25
Adeline_29,encore1339,iter,1,0.25
Adeline_3,bisou994,iter,1,0.25
Adeline_3,bisou996,iter,1,0.25
Adeline_3,bobo1001,iter,1,0.25
Adeline_3,bobo999,iter,1,0.25
Adeline_30,bisou995,iter,1,0.25
Adeline_30,bisou998,iter,1,0.25
Adeline_30,chapeau1003,iter,1,0.25
Adeline_30,chapeau1004,iter,1,0.25
Adeline_30,chapeau1005,iter,1,0.25
Adeline_30,chapeau1006,iter,1,0.25
Adeline_30,coucou1011,iter,1,0.25
Adeline_30,coucou1012,iter,1,0.25
Adeline_30,coucou1014,iter,1,0.25
Adeline_30,dodo1021,iter,1,0.25
Adeline_30,encore1330,iter,1,0.25
Adeline_30,encore1331,iter,1,0.25
Adeline_30,encore1335,iter,1,0.25
Adeline_31,bisou995,iter,1,0.25
Adeline_31,bisou996,iter,1,0.25
Adeline_31,bobo1000,iter,1,0.25
Adeline_31,bobo999,iter,1,0.25
Adeline_31,chapeau1003,iter,1,0.25
Adeline_31,chapeau1005,iter,1,0.25
Adeline_31,chapeau1006,iter,1,0.25
Adeline_31,chapeau1008,iter,1,0.25
Adeline_31,coucou1015,iter,1,0.25
Adeline_31,dodo1021,iter,1,0.25
Adeline_31,encore1327,iter,1,0.25
Adeline_31,encore1330,iter,1,0.25
Adeline_31,encore1332,iter,1,0.25
Adeline_31,encore1333,iter,1,0.25
Adeline_31,encore1336,iter,1,0.25
Adeline_31,papa1026,iter,1,0.25
Adeline_31,papa1028,iter,1,0.25
Adeline_32,au revoir1469,iter,1,0.25
Adeline_32,au revoir1470,iter,1,0.25
Adeline_32,au revoir1471,iter,1,0.25
Adeline_32,au revoir1472,iter,1,0.25
Adeline_32,bisou996,iter,1,0.25
Adeline_32,bobo1001,iter,1,0.25
Adeline_32,chapeau1003,iter,1,0.25
Adeline_32,chapeau1006,iter,1,0.25
Adeline_32,coucou1011,iter,1,0.25
Adeline_32,coucou1020,iter,1,0.25
Adeline_32,encore1328,iter,1,0.25
Adeline_32,encore1332,iter,1,0.25
Adeline_32,encore1333,iter,1,0.25
Adeline_32,encore1336,iter,1,0.25
Adeline_32,encore1337,iter,1,0.25
Adeline_32,encore1338,iter,1,0.25
Adeline_32,papa1026,iter,1,0.25
Adeline_33,bisou994,iter,1,0.25
Adeline_33,bisou996,iter,1,0.25
Adeline_33,bobo1000,iter,1,0.25
Adeline_33,bobo1001,iter,1,0.25
Adeline_33,bobo999,iter,1,0.25
Adeline_33,chapeau1005,iter,1,0.25
Adeline_33,chapeau1008,iter,1,0.25
Adeline_33,coucou1013,iter,1,0.25
Adeline_33,coucou1014,iter,1,0.25
Adeline_33,coucou1016,iter,1,0.25
Adeline_33,coucou1019,iter,1,0.25
Adeline_33,encore1329,iter,1,0.25
Adeline_33,encore1330,iter,1,0.25
Adeline_33,encore1332,iter,1,0.25
Adeline_33,encore1335,iter,1,0.25
Adeline_33,encore1337,iter,1,0.25
Adeline_33,oiseau1025,iter,1,0.25
Adeline_34,au revoir1470,iter,1,0.25
Adeline_34,bisou995,iter,1,0.25
Adeline_34,bisou998,iter,1,0.25
Adeline_34,bobo999,iter,1,0.25
Adeline_34,chapeau1003,iter,1,0.25
Adeline_34,chapeau1004,iter,1,0.25
Adeline_34,chapeau1005,iter,1,0.25
Adeline_34,chapeau1010,iter,1,0.25
Adeline_34,coucou1014,iter,1,0.25
Adeline_34,coucou1015,iter,1,0.25
Adeline_34,encore1326,iter,1,0.25
Adeline_34,encore1333,iter,1,0.25
Adeline_34,encore1336,iter,1,0.25
Adeline_34,encore1337,iter,1,0.25
Adeline_34,encore1339,iter,1,0.25
Adeline_34,papa1027,iter,1,0.25
Adeline_35,bisou994,iter,1,0.25
Adeline_35,bisou995,iter,1,0.25
Adeline_35,bisou997,iter,1,0.25
Adeline_35,bisou998,iter,1,0.25
Adeline_35,bobo1000,iter,1,0.25
Adeline_35,chapeau1008,iter,1,0.25
Adeline_35,coucou1017,iter,1,0.25
Adeline_35,coucou1018,iter,1,0.25
Adeline_35,dodo1021,iter,1,0.25
Adeline_35,encore1326,iter,1,0.25
Adeline_35,encore1329,iter,1,0.25
Adeline_35,encore1330,iter,1,0.25
Adeline_35,encore1332,iter,1,0.25
Adeline_35,encore1333,iter,1,0.25
Adeline_35,encore1336,iter,1,0.25
Adeline_35,maman1023,iter,1,0.25
Adeline_35,papa1026,iter,1,0.25
Adeline_35,vachou1030,iter,1,0.25
Adeline_36,au revoir1474,iter,1,0.25
Adeline_36,bisou994,iter,1,0.25
Adeline_36,bisou995,iter,1,0.25
Adeline_36,bisou997,iter,1,0.25
Adeline_36,bisou998,iter,1,0.25
Adeline_36,chapeau1002,iter,1,0.25
Adeline_36,chapeau1004,iter,1,0.25
Adeline_36,chapeau1008,iter,1,0.25
Adeline_36,coucou1011,iter,1,0.25
Adeline_36,coucou1017,iter,1,0.25
Adeline_36,coucou1018,iter,1,0.25
Adeline_36,encore1330,iter,1,0.25
Adeline_36,encore1331,iter,1,0.25
Adeline_36,encore1332,iter,1,0.25
Adeline_36,papa1026,iter,1,0.25
Adeline_36,papa1027,iter,1,0.25
Adeline_36,papa1028,iter,1,0.25
Adeline_37,bisou994,iter,1,0.25
Adeline_37,bisou995,iter,1,0.25
Adeline_37,bisou996,iter,1,0.25
Adeline_37,chapeau1004,iter,1,0.25
Adeline_37,chapeau1007,iter,1,0.25
Adeline_37,chapeau1010,iter,1,0.25
Adeline_37,coucou1011,iter,1,0.25
Adeline_37,coucou1013,iter,1,0.25
Adeline_37,coucou1016,iter,1,0.25
Adeline_37,coucou1018,iter,1,0.25
Adeline_37,dodo1021,iter,1,0.25
Adeline_37,encore1330,iter,1,0.25
Adeline_37,encore1334,iter,1,0.25
Adeline_37,encore1338,iter,1,0.25
Adeline_37,maman1023,iter,1,0.25
Adeline_38,bisou994,iter,1,0.25
Adeline_38,bisou996,iter,1,0.25
Adeline_38,bisou997,iter,1,0.25
Adeline_38,chapeau1003,iter,1,0.25
Adeline_38,chapeau1005,iter,1,0.25
Adeline_38,chapeau1006,iter,1,0.25
Adeline_38,chapeau1007,iter,1,0.25
Adeline_38,coucou1012,iter,1,0.25
Adeline_38,coucou1018,iter,1,0.25
Adeline_38,dodo1021,iter,1,0.25
Adeline_38,encore1332,iter,1,0.25
Adeline_38,encore1335,iter,1,0.25
Adeline_38,encore1337,iter,1,0.25
Adeline_38,oiseau1025,iter,1,0.25
Adeline_38,papa1026,iter,1,0.25
Adeline_38,voiture1034,iter,1,0.25
Adeline_39,bisou998,iter,1,0.25
Adeline_39,chapeau1002,iter,1,0.25
Adeline_39,chapeau1005,iter,1,0.25
Adeline_39,chapeau1008,iter,1,0.25
Adeline_39,chapeau1009,iter,1,0.25
Adeline_39,chapeau1010,iter,1,0.25
Adeline_39,coucou1016,iter,1,0.25
Adeline_39,coucou1019,iter,1,0.25
Adeline_39,encore1326,iter,1,0.25
Adeline_39,encore1329,iter,1,0.25
Adeline_39,encore1336,iter,1,0.25
Adeline_39,encore1337,iter,1,0.25
Adeline_39,encore1338,iter,1,0.25
Adeline_39,papa1027,iter,1,0.25
Adeline_4,bisou995,iter,1,0.25
Adeline_4,bisou997,iter,1,0.25
Adeline_4,bobo1000,iter,1,0.25
Adeline_4,bobo1001,iter,1,0.25
Adeline_4,bobo999,iter,1,0.25
Adeline_4,chapeau1004,iter,1,0.25
Adeline_4,chapeau1005,iter,1,0.25
Adeline_4,chapeau1009,iter,1,0.25
Adeline_4,chapeau1010,iter,1,0.25
Adeline_4,coucou1011,iter,1,0.25
Adeline_4,coucou1015,iter,1,0.25
Adeline_4,coucou1017,iter,1,0.25
Adeline_4,encore1331,iter,1,0.25
Adeline_4,encore1332,iter,1,0.25
Adeline_4,encore1336,iter,1,0.25
Adeline_40,au revoir1473,iter,1,0.25
Adeline_40,au revoir1475,iter,1,0.25
Adeline_40,bobo1001,iter,1,0.25
Adeline_40,bobo999,iter,1,0.25
Adeline_40,chapeau1002,iter,1,0.25
Adeline_40,chapeau1004,iter,1,0.25
Adeline_40,coucou1012,iter,1,0.25
Adeline_40,coucou1015,iter,1,0.25
Adeline_40,coucou1017,iter,1,0.25
Adeline_40,coucou1018,iter,1,0.25
Adeline_40,dodo1021,iter,1,0.25
Adeline_40,encore1326,iter,1,0.25
Adeline_40,encore1327,iter,1,0.25
Adeline_40,encore1335,iter,1,0.25
Adeline_40,encore1338,iter,1,0.25
Adeline_40,papa1028,iter,1,0.25
Adeline_40,vachou1030,iter,1,0.25
Adeline_41,au revoir1469,iter,1,0.25
Adeline_41,au revoir1471,iter,1,0.25
Adeline_41,au revoir1472,iter,1,0.25
Adeline_41,au revoir1473,iter,1,0.25
Adeline_41,chapeau1006,iter,1,0.25
Adeline_41,chapeau1007,iter,1,0.25
Adeline_41,chapeau1008,iter,1,0.25
Adeline_41,coucou1012,iter,1,0.25
Adeline_41,coucou1016,iter,1,0.25
Adeline_41,coucou1017,iter,1,0.25
Adeline_41,coucou1018,iter,1,0.25
Adeline_41,coucou1019,iter,1,0.25
Adeline_41,encore1326,iter,1,0.25
Adeline_41,encore1329,iter,1,0.25
Adeline_41,encore1332,iter,1,0.25
Adeline_41,encore1334,iter,1,0.25
Adeline_41,encore1335,iter,1,0.25
Adeline_41,encore1336,iter,1,0.25
Adeline_41,encore1339,iter,1,0.25
Adeline_42,au revoir1471,iter,1,0.25
Adeline_42,au revoir1472,iter,1,0.25
Adeline_42,au revoir1475,iter,1,0.25
Adeline_42,encore1330,iter,1,0.25
Adeline_42,encore1331,iter,1,0.25
Adeline_42,encore1333,iter,1,0.25
Adeline_42,encore1339,iter,1,0.25
Adeline_43,bisou995,iter,1,0.25
Adeline_43,bisou997,iter,1,0.25
Adeline_43,bobo1000,iter,1,0.25
Adeline_43,chapeau1003,iter,1,0.25
Adeline_43,chapeau1004,iter,1,0.25
Adeline_43,chapeau1007,iter,1,0.25
Adeline_43,coucou1013,iter,1,0.25
Adeline_43,coucou1014,iter,1,0.25
Adeline_43,coucou1016,iter,1,0.25
Adeline_43,encore1329,iter,1,0.25
Adeline_43,encore1330,iter,1,0.25
Adeline_43,encore1331,iter,1,0.25
Adeline_43,encore1335,iter,1,0.25
Adeline_43,encore1338,iter,1,0.25
Adeline_43,papa1026,iter,1,0.25
Adeline_44,bisou995,iter,1,0.25
Adeline_44,bobo1001,iter,1,0.25
Adeline_44,chapeau1003,iter,1,0.25
Adeline_44,chapeau1005,iter,1,0.25
Adeline_44,chapeau1007,iter,1,0.25
Adeline_44,chapeau1009,iter,1,0.25
Adeline_44,coucou1013,iter,1,0.25
Adeline_44,coucou1015,iter,1,0.25
Adeline_44,coucou1018,iter,1,0.25
Adeline_44,coucou1020,iter,1,0.25
Adeline_44,dodo1021,iter,1,0.25
Adeline_44,encore1327,iter,1,0.25
Adeline_44,encore1328,iter,1,0.25
Adeline_44,encore1330,iter,1,0.25
Adeline_44,encore1331,iter,1,0.25
Adeline_44,encore1334,iter,1,0.25
Adeline_44,encore1335,iter,1,0.25
Adeline_44,encore1337,iter,1,0.25
Adeline_45,bisou994,iter,1,0.25
Adeline_45,bobo999,iter,1,0.25
Adeline_45,chapeau1010,iter,1,0.25
Adeline_45,coucou1011,iter,1,0.25
Adeline_45,coucou1013,iter,1,0.25
Adeline_45,coucou1014,iter,1,0.25
Adeline_45,coucou1016,iter,1,0.25
Adeline_45,dodo1021,iter,1,0.25
Adeline_45,encore1326,iter,1,0.25
Adeline_45,encore1335,iter,1,0.25
Adeline_45,encore1336,iter,1,0.25
Adeline_45,encore1337,iter,1,0.25
Adeline_45,papa1027,iter,1,0.25
Adeline_46,bisou995,iter,1,0.25
Adeline_46,chapeau1002,iter,1,0.25
Adeline_46,chapeau1008,iter,1,0.25
Adeline_46,coucou1014,iter,1,0.25
Adeline_46,coucou1019,iter,1,0.25
Adeline_46,coucou1020,iter,1,0.25
Adeline_46,dodo1021,iter,1,0.25
Adeline_46,encore1326,iter,1,0.25
Adeline_46,encore1327,iter,1,0.25
Adeline_46,encore1328,iter,1,0.25
Adeline_46,encore1331,iter,1,0.25
Adeline_46,encore1333,iter,1,0.25
Adeline_46,encore1338,iter,1,0.25
Adeline_46,papa1028,iter,1,0.25
Adeline_46,vachou1030,iter,1,0.25
Adeline_47,bisou994,iter,1,0.25
Adeline_47,bisou997,iter,1,0.25
Adeline_47,bobo999,iter,1,0.25
Adeline_47,coucou1011,iter,1,0.25
Adeline_47,coucou1017,iter,1,0.25
Adeline_47,coucou1019,iter,1,0.25
Adeline_47,coucou1020,iter,1,0.25
Adeline_47,dodo1021,iter,1,0.25
Adeline_47,encore1326,iter,1,0.25
Adeline_47,encore1328,iter,1,0.25
Adeline_47,encore1329,iter,1,0.25
Adeline_47,encore1332,iter,1,0.25
Adeline_47,encore1334,iter,1,0.25
Adeline_47,encore1338,iter,1,0.25
Adeline_47,encore1339,iter,1,0.25
Adeline_47,oiseau1025,iter,1,0.25
Adeline_47,vachou1030,iter,1,0.25
Adeline_48,bisou998,iter,1,0.25
Adeline_48,chapeau1004,iter,1,0.25
Adeline_48,chapeau1005,iter,1,0.25
Adeline_48,chapeau1006,iter,1,0.25
Adeline_48,coucou1013,iter,1,0.25
Adeline_48,coucou1019,iter,1,0.25
Adeline_48,encore1326,iter,1,0.25
Adeline_48,encore1328,iter,1,0.25
Adeline_48,encore1329,iter,1,0.25
Adeline_48,encore1334,iter,1,0.25
Adeline_48,encore1336,iter,1,0.25
Adeline_48,maman1022,iter,1,0.25
Adeline_48,papa1028,iter,1,0.25
Adeline_49,bisou998,iter,1,0.25
Adeline_49,chapeau1004,iter,1,0.25
Adeline_49,chapeau1005,iter,1,0.25
Adeline_49,chapeau1010,iter,1,0.25
Adeline_49,coucou1011,iter,1,0.25
Adeline_49,coucou1019,iter,1,0.25
Adeline_49,encore1327,iter,1,0.25
Adeline_49,encore1331,iter,1,0.25
Adeline_49,encore1332,iter,1,0.25
Adeline_49,encore1336,iter,1,0.25
Adeline_49,maman1023,iter,1,0.25
Adeline_49,oiseau1025,iter,1,0.25
Adeline_49,papa1027,iter,1,0.25
Adeline_49,parti1029,iter,1,0.25
Adeline_5,bisou995,iter,1,0.25
Adeline_5,bisou998,iter,1,0.25
Adeline_5,bobo1001,iter,1,0.25
Adeline_5,bobo999,iter,1,0.25
Adeline_5,chapeau1004,iter,1,0.25
Adeline_5,chapeau1008,iter,1,0.25
Adeline_5,coucou1012,iter,1,0.25
Adeline_5,coucou1016,iter,1,0.25
Adeline_5,coucou1020,iter,1,0.25
Adeline_5,encore1326,iter,1,0.25
Adeline_5,encore1328,iter,1,0.25
Adeline_5,encore1338,iter,1,0.25
Adeline_5,encore1339,iter,1,0.25
Adeline_5,papa1028,iter,1,0.25
Adeline_5,parti1029,iter,1,0.25
Adeline_5,vachou1030,iter,1,0.25
Adeline_50,au revoir1473,iter,1,0.25
Adeline_50,encore1327,iter,1,0.25
Adeline_50,encore1329,iter,1,0.25
Adeline_50,encore1337,iter,1,0.25
Adeline_50,encore1338,iter,1,0.25
Adeline_51,au revoir1470,iter,1,0.25
Adeline_51,au revoir1475,iter,1,0.25
Adeline_51,bisou995,iter,1,0.25
Adeline_51,bobo999,iter,1,0.25
Adeline_51,chapeau1002,iter,1,0.25
Adeline_51,chapeau1003,iter,1,0.25
Adeline_51,chapeau1004,iter,1,0.25
Adeline_51,chapeau1005,iter,1,0.25
Adeline_51,coucou1015,iter,1,0.25
Adeline_51,coucou1017,iter,1,0.25
Adeline_51,coucou1019,iter,1,0.25
Adeline_51,encore1326,iter,1,0.25
Adeline_51,encore1330,iter,1,0.25
Adeline_51,encore1334,iter,1,0.25
Adeline_51,encore1338,iter,1,0.25
Adeline_51,encore1339,iter,1,0.25
Adeline_51,oiseau1025,iter,1,0.25
Adeline_52,au revoir1473,iter,1,0.25
Adeline_52,bisou995,iter,1,0.25
Adeline_52,bisou998,iter,1,0.25
Adeline_52,bobo1000,iter,1,0.25
Adeline_52,bobo999,iter,1,0.25
Adeline_52,chapeau1002,iter,1,0.25
Adeline_52,chapeau1004,iter,1,0.25
Adeline_52,chapeau1006,iter,1,0.25
Adeline_52,chapeau1008,iter,1,0.25
Adeline_52,chapeau1009,iter,1,0.25
Adeline_52,coucou1012,iter,1,0.25
Adeline_52,coucou1013,iter,1,0.25
Adeline_52,coucou1014,iter,1,0.25
Adeline_52,encore1332,iter,1,0.25
Adeline_52,encore1333,iter,1,0.25
Adeline_52,encore1336,iter,1,0.25
Adeline_52,encore1338,iter,1,0.25
Adeline_53,bisou997,iter,1,0.25
Adeline_53,bobo1000,iter,1,0.25
Adeline_53,bobo1001,iter,1,0.25
Adeline_53,chapeau1005,iter,1,0.25
Adeline_53,chapeau1007,iter,1,0.25
Adeline_53,chapeau1008,iter,1,0.25
Adeline_53,coucou1013,iter,1,0.25
Adeline_53,coucou1014,iter,1,0.25
Adeline_53,coucou1016,iter,1,0.25
Adeline_53,dodo1021,iter,1,0.25
Adeline_53,encore1334,iter,1,0.25
Adeline_53,encore1336,iter,1,0.25
Adeline_54,au revoir1468,iter,1,0.25
Adeline_54,au revoir1473,iter,1,0.25
Adeline_54,chapeau1002,iter,1,0.25
Adeline_54,chapeau1006,iter,1,0.25
Adeline_54,chapeau1008,iter,1,0.25
Adeline_54,chapeau1009,iter,1,0.25
Adeline_54,chapeau1010,iter,1,0.25
Adeline_54,coucou1012,iter,1,0.25
Adeline_54,coucou1014,iter,1,0.25
Adeline_54,coucou1015,iter,1,0.25
Adeline_54,coucou1017,iter,1,0.25
Adeline_54,encore1328,iter,1,0.25
Adeline_54,encore1330,iter,1,0.25
Adeline_54,encore1333,iter,1,0.25
Adeline_54,encore1335,iter,1,0.25
Adeline_54,encore1339,iter,1,0.25
Adeline_54,papa1026,iter,1,0.25
Adeline_55,bisou997,iter,1,0.25
Adeline_55,bisou998,iter,1,0.25
Adeline_55,bobo1001,iter,1,0.25
Adeline_55,bobo999,iter,1,0.25
Adeline_55,chapeau1003,iter,1,0.25
Adeline_55,chapeau1005,iter,1,0.25
Adeline_55,chapeau1006,iter,1,0.25
Adeline_55,chapeau1010,iter,1,0.25
Adeline_55,coucou1012,iter,1,0.25
Adeline_55,coucou1013,iter,1,0.25
Adeline_55,coucou1018,iter,1,0.25
Adeline_55,coucou1020,iter,1,0.25
Adeline_55,encore1329,iter,1,0.25
Adeline_55,encore1336,iter,1,0.25
Adeline_55,encore1337,iter,1,0.25
Adeline_55,papa1028,iter,1,0.25
Adeline_55,vachou1030,iter,1,0.25
Adeline_56,au revoir1471,iter,1,0.25
Adeline_56,bisou997,iter,1,0.25
Adeline_56,bisou998,iter,1,0.25
Adeline_56,bobo1000,iter,1,0.25
Adeline_56,bobo1001,iter,1,0.25
Adeline_56,chapeau1002,iter,1,0.25
Adeline_56,chapeau1006,iter,1,0.25
Adeline_56,chapeau1008,iter,1,0.25
Adeline_56,chapeau1009,iter,1,0.25
Adeline_56,coucou1015,iter,1,0.25
Adeline_56,coucou1020,iter,1,0.25
Adeline_56,encore1328,iter,1,0.25
Adeline_56,encore1329,iter,1,0.25
Adeline_56,encore1332,iter,1,0.25
Adeline_56,encore1336,iter,1,0.25
Adeline_56,encore1338,iter,1,0.25
Adeline_56,encore1339,iter,1,0.25
Adeline_57,bisou994,iter,1,0.25
Adeline_57,bisou995,iter,1,0.25
Adeline_57,bobo999,iter,1,0.25
Adeline_57,chapeau1006,iter,1,0.25
Adeline_57,chapeau1010,iter,1,0.25
Adeline_57,coucou1012,iter,1,0.25
Adeline_57,coucou1016,iter,1,0.25
Adeline_57,dodo1021,iter,1,0.25
Adeline_57,encore1333,iter,1,0.25
Adeline_57,encore1336,iter,1,0.25
Adeline_57,encore1337,iter,1,0.25
Adeline_57,encore1339,iter,1,0.25
Adeline_57,maman1022,iter,1,0.25
Adeline_57,maman1023,iter,1,0.25
Adeline_58,voilà1031,iter,1,0.25
Adeline_59,bisou998,iter,1,0.25
Adeline_59,bobo1001,iter,1,0.25
Adeline_59,bobo999,iter,1,0.25
Adeline_59,chapeau1003,iter,1,0.25
Adeline_59,chapeau1005,iter,1,0.25
Adeline_59,chapeau1006,iter,1,0.25
Adeline_59,chapeau1007,iter,1,0.25
Adeline_59,coucou1012,iter,1,0.25
Adeline_59,coucou1020,iter,1,0.25
Adeline_59,dodo1021,iter,1,0.25
Adeline_59,encore1330,iter,1,0.25
Adeline_59,encore1333,iter,1,0.25
Adeline_59,encore1334,iter,1,0.25
Adeline_59,encore1339,iter,1,0.25
Adeline_59,maman1022,iter,1,0.25
Adeline_59,maman1023,iter,1,0.25
Adeline_59,oiseau1025,iter,1,0.25
Adeline_6,au revoir1472,iter,1,0.25
Adeline_6,au revoir1473,iter,1,0.25
Adeline_6,au revoir1474,iter,1,0.25
Adeline_6,encore1334,iter,1,0.25
Adeline_60,au revoir1473,iter,1,0.25
Adeline_60,bisou997,iter,1,0.25
Adeline_60,chapeau1003,iter,1,0.25
Adeline_60,chapeau1005,iter,1,0.25
Adeline_60,chapeau1006,iter,1,0.25
Adeline_60,chapeau1007,iter,1,0.25
Adeline_60,chapeau1010,iter,1,0.25
Adeline_60,coucou1011,iter,1,0.25
Adeline_60,coucou1012,iter,1,0.25
Adeline_60,coucou1017,iter,1,0.25
Adeline_60,coucou1019,iter,1,0.25
Adeline_60,coucou1020,iter,1,0.25
Adeline_60,encore1326,iter,1,0.25
Adeline_60,encore1328,iter,1,0.25
Adeline_60,encore1335,iter,1,0.25
Adeline_60,encore1337,iter,1,0.25
Adeline_60,papa1027,iter,1,0.25
Adeline_61,au revoir1468,iter,1,0.25
Adeline_61,au revoir1471,iter,1,0.25
Adeline_61,au revoir1474,iter,1,0.25
Adeline_61,au revoir1475,iter,1,0.25
Adeline_61,encore1326,iter,1,0.25
Adeline_61,encore1330,iter,1,0.25
Adeline_61,encore1332,iter,1,0.25
Adeline_61,encore1334,iter,1,0.25
Adeline_61,encore1336,iter,1,0.25
Adeline_61,encore1337,iter,1,0.25
Adeline_61,encore1338,iter,1,0.25
Adeline_62,au revoir1469,iter,1,0.25
Adeline_62,au revoir1472,iter,1,0.25
Adeline_62,au revoir1473,iter,1,0.25
Adeline_62,au revoir1474,iter,1,0.25
Adeline_62,bisou995,iter,1,0.25
Adeline_62,bisou996,iter,1,0.25
Adeline_62,bisou998,iter,1,0.25
Adeline_62,chapeau1005,iter,1,0.25
Adeline_62,chapeau1006,iter,1,0.25
Adeline_62,chapeau1008,iter,1,0.25
Adeline_62,chapeau1010,iter,1,0.25
Adeline_62,coucou1016,iter,1,0.25
Adeline_62,coucou1018,iter,1,0.25
Adeline_62,encore1326,iter,1,0.25
Adeline_62,encore1329,iter,1,0.25
Adeline_62,encore1330,iter,1,0.25
Adeline_62,encore1336,iter,1,0.25
Adeline_62,encore1337,iter,1,0.25
Adeline_62,papa1027,iter,1,0.25
Adeline_63,bisou995,iter,1,0.25
Adeline_63,bisou998,iter,1,0.25
Adeline_63,bobo1001,iter,1,0.25
Adeline_63,bobo999,iter,1,0.25
Adeline_63,chapeau1002,iter,1,0.25
Adeline_63,chapeau1007,iter,1,0.25
Adeline_63,coucou1011,iter,1,0.25
Adeline_63,coucou1013,iter,1,0.25
Adeline_63,coucou1016,iter,1,0.25
Adeline_63,coucou1019,iter,1,0.25
Adeline_63,encore1326,iter,1,0.25
Adeline_63,encore1327,iter,1,0.25
Adeline_63,encore1332,iter,1,0.25
Adeline_63,encore1334,iter,1,0.25
Adeline_63,papa1026,iter,1,0.25
Adeline_63,papa1028,iter,1,0.25
Adeline_64,bisou994,iter,1,0.25
Adeline_64,chapeau1008,iter,1,0.25
Adeline_64,coucou1014,iter,1,0.25
Adeline_64,coucou1015,iter,1,0.25
Adeline_64,coucou1017,iter,1,0.25
Adeline_64,coucou1018,iter,1,0.25
Adeline_64,coucou1020,iter,1,0.25
Adeline_64,encore1328,iter,1,0.25
Adeline_64,encore1331,iter,1,0.25
Adeline_64,encore1333,iter,1,0.25
Adeline_64,encore1334,iter,1,0.25
Adeline_64,encore1335,iter,1,0.25
Adeline_64,papa1028,iter,1,0.25
Adeline_64,vachou1030,iter,1,0.25
Adeline_65,bisou997,iter,1,0.25
Adeline_65,bobo999,iter,1,0.25
Adeline_65,chapeau1006,iter,1,0.25
Adeline_65,chapeau1008,iter,1,0.25
Adeline_65,chapeau1009,iter,1,0.25
Adeline_65,chapeau1010,iter,1,0.25
Adeline_65,coucou1016,iter,1,0.25
Adeline_65,dodo1021,iter,1,0.25
Adeline_65,encore1332,iter,1,0.25
Adeline_65,encore1336,iter,1,0.25
Adeline_65,encore1337,iter,1,0.25
Adeline_65,encore1338,iter,1,0.25
Adeline_65,maman1023,iter,1,0.25
Adeline_65,oiseau1025,iter,1,0.25
Adeline_65,papa1027,iter,1,0.25
Adeline_65,papa1028,iter,1,0.25
Adeline_66,bisou995,iter,1,0.25
Adeline_66,bisou997,iter,1,0.25
Adeline_66,bobo1001,iter,1,0.25
Adeline_66,bobo999,iter,1,0.25
Adeline_66,chapeau1002,iter,1,0.25
Adeline_66,chapeau1003,iter,1,0.25
Adeline_66,chapeau1004,iter,1,0.25
Adeline_66,chapeau1006,iter,1,0.25
Adeline_66,chapeau1009,iter,1,0.25
Adeline_66,chapeau1010,iter,1,0.25
Adeline_66,coucou1015,iter,1,0.25
Adeline_66,coucou1017,iter,1,0.25
Adeline_66,coucou1019,iter,1,0.25
Adeline_66,coucou1020,iter,1,0.25
Adeline_66,dodo1021,iter,1,0.25
Adeline_66,vachou1030,iter,1,0.25
Adeline_67,papa1026,iter,1,0.25
Adeline_67,papa1028,iter,1,0.25
Adeline_68,bisou996,iter,1,0.25
Adeline_68,bobo1001,iter,1,0.25
Adeline_68,chapeau1002,iter,1,0.25
Adeline_68,chapeau1003,iter,1,0.25
Adeline_68,chapeau1004,iter,1,0.25
Adeline_68,chapeau1009,iter,1,0.25
Adeline_68,coucou1011,iter,1,0.25
Adeline_68,coucou1012,iter,1,0.25
Adeline_68,coucou1015,iter,1,0.25
Adeline_68,coucou1020,iter,1,0.25
Adeline_68,encore1328,iter,1,0.25
Adeline_68,encore1330,iter,1,0.25
Adeline_68,encore1331,iter,1,0.25
Adeline_68,encore1336,iter,1,0.25
Adeline_68,encore1339,iter,1,0.25
Adeline_69,vachou1030,iter,1,0.25
Adeline_69,voiture1033,iter,1,0.25
Adeline_69,voiture1034,iter,1,0.25
Adeline_7,bisou998,iter,1,0.25
Adeline_7,bobo999,iter,1,0.25
Adeline_7,chapeau1004,iter,1,0.25
Adeline_7,chapeau1005,iter,1,0.25
Adeline_7,chapeau1007,iter,1,0.25
Adeline_7,chapeau1009,iter,1,0.25
Adeline_7,coucou1012,iter,1,0.25
Adeline_7,coucou1013,iter,1,0.25
Adeline_7,coucou1015,iter,1,0.25
Adeline_7,coucou1017,iter,1,0.25
Adeline_7,coucou1020,iter,1,0.25
Adeline_7,encore1329,iter,1,0.25
Adeline_7,encore1331,iter,1,0.25
Adeline_7,encore1334,iter,1,0.25
Adeline_7,encore1336,iter,1,0.25
Adeline_7,encore1337,iter,1,0.25
Adeline_7,encore1339,iter,1,0.25
Adeline_7,papa1027,iter,1,0.25
Adeline_70,au revoir1469,iter,1,0.25
Adeline_70,au revoir1471,iter,1,0.25
Adeline_70,au revoir1474,iter,1,0.25
Adeline_70,encore1326,iter,1,0.25
Adeline_70,encore1328,iter,1,0.25
Adeline_70,encore1329,iter,1,0.25
Adeline_70,encore1331,iter,1,0.25
Adeline_70,encore1333,iter,1,0.25
Adeline_70,encore1337,iter,1,0.25
Adeline_70,encore1338,iter,1,0.25
Adeline_71,bisou995,iter,1,0.25
Adeline_71,bobo1001,iter,1,0.25
Adeline_71,bobo999,iter,1,0.25
Adeline_71,chapeau1002,iter,1,0.25
Adeline_71,chapeau1004,iter,1,0.25
Adeline_71,chapeau1005,iter,1,0.25
Adeline_71,chapeau1007,iter,1,0.25
Adeline_71,chapeau1010,iter,1,0.25
Adeline_71,coucou1016,iter,1,0.25
Adeline_71,coucou1017,iter,1,0.25
Adeline_71,encore1327,iter,1,0.25
Adeline_71,encore1328,iter,1,0.25
Adeline_71,encore1335,iter,1,0.25
Adeline_71,maman1022,iter,1,0.25
Adeline_71,maman1023,iter,1,0.25
Adeline_71,papa1028,iter,1,0.25
Adeline_72,bisou995,iter,1,0.25
Adeline_72,bisou997,iter,1,0.25
Adeline_72,bobo1001,iter,1,0.25
Adeline_72,chapeau1003,iter,1,0.25
Adeline_72,chapeau1004,iter,1,0.25
Adeline_72,chapeau1008,iter,1,0.25
Adeline_72,chapeau1009,iter,1,0.25
Adeline_72,coucou1011,iter,1,0.25
Adeline_72,coucou1015,iter,1,0.25
Adeline_72,encore1326,iter,1,0.25
Adeline_72,encore1327,iter,1,0.25
Adeline_72,encore1328,iter,1,0.25
Adeline_72,encore1334,iter,1,0.25
Adeline_72,encore1337,iter,1,0.25
Adeline_72,encore1339,iter,1,0.25
Adeline_72,papa1027,iter,1,0.25
Adeline_73,bisou997,iter,1,0.25
Adeline_73,bobo1000,iter,1,0.25
Adeline_73,bobo999,iter,1,0.25
Adeline_73,chapeau1008,iter,1,0.25
Adeline_73,coucou1012,iter,1,0.25
Adeline_73,coucou1013,iter,1,0.25
Adeline_73,coucou1015,iter,1,0.25
Adeline_73,coucou1017,iter,1,0.25
Adeline_73,coucou1020,iter,1,0.25
Adeline_73,encore1326,iter,1,0.25
Adeline_73,encore1334,iter,1,0.25
Adeline_73,oiseau1025,iter,1,0.25
Adeline_73,papa1028,iter,1,0.25
Adeline_73,vachou1030,iter,1,0.25
Adeline_73,voilà1032,iter,1,0.25
Adeline_73,voiture1034,iter,1,0.25
Adeline_74,au revoir1468,iter,1,0.25
Adeline_74,au revoir1472,iter,1,0.25
Adeline_74,au revoir1474,iter,1,0.25
Adeline_74,encore1331,iter,1,0.25
Adeline_74,encore1336,iter,1,0.25
Adeline_74,encore1337,iter,1,0.25
Adeline_74,encore1339,iter,1,0.25
Adeline_75,au revoir1468,iter,1,0.25
Adeline_75,au revoir1473,iter,1,0.25
Adeline_75,bisou996,iter,1,0.25
Adeline_75,bisou997,iter,1,0.25
Adeline_75,bisou998,iter,1,0.25
Adeline_75,bobo1000,iter,1,0.25
Adeline_75,chapeau1004,iter,1,0.25
Adeline_75,chapeau1005,iter,1,0.25
Adeline_75,chapeau1007,iter,1,0.25
Adeline_75,chapeau1010,iter,1,0.25
Adeline_75,coucou1011,iter,1,0.25
Adeline_75,coucou1014,iter,1,0.25
Adeline_75,coucou1016,iter,1,0.25
Adeline_75,coucou1017,iter,1,0.25
Adeline_75,encore1327,iter,1,0.25
Adeline_75,encore1328,iter,1,0.25
Adeline_75,encore1332,iter,1,0.25
Adeline_75,encore1334,iter,1,0.25
Adeline_77,au revoir1471,iter,1,0.25
Adeline_77,au revoir1473,iter,1,0.25
Adeline_77,bobo1000,iter,1,0.25
Adeline_77,bobo999,iter,1,0.25
Adeline_77,chapeau1006,iter,1,0.25
Adeline_77,chapeau1010,iter,1,0.25
Adeline_77,coucou1013,iter,1,0.25
Adeline_77,coucou1014,iter,1,0.25
Adeline_77,coucou1017,iter,1,0.25
Adeline_77,coucou1019,iter,1,0.25
Adeline_77,dodo1021,iter,1,0.25
Adeline_77,encore1327,iter,1,0.25
Adeline_77,encore1329,iter,1,0.25
Adeline_77,encore1332,iter,1,0.25
Adeline_77,encore1334,iter,1,0.25
Adeline_77,encore1338,iter,1,0.25
Adeline_78,au revoir1468,iter,1,0.25
Adeline_78,au revoir1469,iter,1,0.25
Adeline_78,au revoir1471,iter,1,0.25
Adeline_78,au revoir1473,iter,1,0.25
Adeline_78,au revoir1475,iter,1,0.25
Adeline_78,bisou995,iter,1,0.25
Adeline_78,bobo1001,iter,1,0.25
Adeline_78,bobo999,iter,1,0.25
Adeline_78,chapeau1003,iter,1,0.25
Adeline_78,chapeau1007,iter,1,0.25
Adeline_78,coucou1013,iter,1,0.25
Adeline_78,dodo1021,iter,1,0.25
Adeline_78,encore1326,iter,1,0.25
Adeline_78,encore1329,iter,1,0.25
Adeline_78,encore1330,iter,1,0.25
Adeline_78,encore1331,iter,1,0.25
Adeline_78,encore1334,iter,1,0.25
Adeline_78,encore1337,iter,1,0.25
Adeline_78,papa1026,iter,1,0.25
Adeline_78,vachou1030,iter,1,0.25
Adeline_79,au revoir1469,iter,1,0.25
Adeline_79,au revoir1471,iter,1,0.25
Adeline_79,au revoir1472,iter,1,0.25
Adeline_79,au revoir1473,iter,1,0.25
Adeline_79,au revoir1475,iter,1,0.25
Adeline_79,encore1327,iter,1,0.25
Adeline_79,encore1328,iter,1,0.25
Adeline_79,encore1331,iter,1,0.25
Adeline_79,encore1335,iter,1,0.25
Adeline_79,encore1338,iter,1,0.25
Adeline_79,encore1339,iter,1,0.25
Adeline_8,bisou994,iter,1,0.25
Adeline_8,bisou996,iter,1,0.25
Adeline_8,bobo1001,iter,1,0.25
Adeline_8,chapeau1004,iter,1,0.25
Adeline_8,chapeau1008,iter,1,0.25
Adeline_8,coucou1015,iter,1,0.25
Adeline_8,coucou1018,iter,1,0.25
Adeline_8,encore1327,iter,1,0.25
Adeline_8,encore1331,iter,1,0.25
Adeline_8,encore1336,iter,1,0.25
Adeline_8,encore1339,iter,1,0.25
Adeline_8,papa1026,iter,1,0.25
Adeline_8,papa1028,iter,1,0.25
Adeline_80,au revoir1469,iter,1,0.25
Adeline_80,au revoir1470,iter,1,0.25
Adeline_80,au revoir1475,iter,1,0.25
Adeline_80,bisou994,iter,1,0.25
Adeline_80,bobo999,iter,1,0.25
Adeline_80,chapeau1002,iter,1,0.25
Adeline_80,chapeau1008,iter,1,0.25
Adeline_80,coucou1012,iter,1,0.25
Adeline_80,coucou1016,iter,1,0.25
Adeline_80,coucou1017,iter,1,0.25
Adeline_80,coucou1018,iter,1,0.25
Adeline_80,encore1328,iter,1,0.25
Adeline_80,encore1329,iter,1,0.25
Adeline_80,encore1335,iter,1,0.25
Adeline_80,encore1337,iter,1,0.25
Adeline_80,oiseau1025,iter,1,0.25
Adeline_80,papa1026,iter,1,0.25
Adeline_81,bisou995,iter,1,0.25
Adeline_81,bobo1000,iter,1,0.25
Adeline_81,bobo1001,iter,1,0.25
Adeline_81,coucou1011,iter,1,0.25
Adeline_81,coucou1019,iter,1,0.25
Adeline_81,dodo1021,iter,1,0.25
Adeline_81,encore1333,iter,1,0.25
Adeline_81,encore1334,iter,1,0.25
Adeline_81,encore1335,iter,1,0.25
Adeline_81,encore1339,iter,1,0.25
Adeline_81,maman1022,iter,1,0.25
Adeline_81,maman1023,iter,1,0.25
Adeline_81,papa1027,iter,1,0.25
Adeline_81,papa1028,iter,1,0.25
Adeline_81,voiture1033,iter,1,0.25
Adeline_81,voiture1034,iter,1,0.25
Adeline_82,bisou995,iter,1,0.25
Adeline_82,bisou996,iter,1,0.25
Adeline_82,chapeau1002,iter,1,0.25
Adeline_82,chapeau1003,iter,1,0.25
Adeline_82,chapeau1004,iter,1,0.25
Adeline_82,chapeau1010,iter,1,0.25
Adeline_82,coucou1015,iter,1,0.25
Adeline_82,coucou1019,iter,1,0.25
Adeline_82,encore1332,iter,1,0.25
Adeline_82,encore1336,iter,1,0.25
Adeline_82,encore1338,iter,1,0.25
Adeline_82,encore1339,iter,1,0.25
Adeline_82,papa1026,iter,1,0.25
Adeline_82,papa1028,iter,1,0.25
Adeline_82,voiture1033,iter,1,0.25
Adeline_83,au revoir1469,iter,1,0.25
Adeline_83,au revoir1473,iter,1,0.25
Adeline_83,au revoir1475,iter,1,0.25
Adeline_83,bisou994,iter,1,0.25
Adeline_83,bisou996,iter,1,0.25
Adeline_83,bobo1000,iter,1,0.25
Adeline_83,bobo999,iter,1,0.25
Adeline_83,chapeau1004,iter,1,0.25
Adeline_83,chapeau1005,iter,1,0.25
Adeline_83,chapeau1007,iter,1,0.25
Adeline_83,coucou1012,iter,1,0.25
Adeline_83,coucou1013,iter,1,0.25
Adeline_83,coucou1014,iter,1,0.25
Adeline_83,coucou1015,iter,1,0.25
Adeline_83,dodo1021,iter,1,0.25
Adeline_83,encore1330,iter,1,0.25
Adeline_83,encore1334,iter,1,0.25
Adeline_83,papa1027,iter,1,0.25
Adeline_84,au revoir1470,iter,1,0.25
Adeline_84,bisou994,iter,1,0.25
Adeline_84,bisou998,iter,1,0.25
Adeline_84,bobo1000,iter,1,0.25
Adeline_84,chapeau1003,iter,1,0.25
Adeline_84,chapeau1005,iter,1,0.25
Adeline_84,chapeau1008,iter,1,0.25
Adeline_84,coucou1013,iter,1,0.25
Adeline_84,coucou1016,iter,1,0.25
Adeline_84,coucou1017,iter,1,0.25
Adeline_84,coucou1019,iter,1,0.25
Adeline_84,encore1328,iter,1,0.25
Adeline_84,encore1329,iter,1,0.25
Adeline_84,encore1339,iter,1,0.25
Adeline_84,papa1026,iter,1,0.25
Adeline_84,vachou1030,iter,1,0.25
Adeline_85,bisou995,iter,1,0.25
Adeline_85,bisou996,iter,1,0.25
Adeline_85,voiture1033,iter,1,0.25
Adeline_86,bisou994,iter,1,0.25
Adeline_86,bisou995,iter,1,0.25
Adeline_86,bobo1001,iter,1,0.25
Adeline_86,bobo999,iter,1,0.25
Adeline_86,encore1329,iter,1,0.25
Adeline_86,encore1331,iter,1,0.25
Adeline_86,encore1332,iter,1,0.25
Adeline_86,encore1335,iter,1,0.25
Adeline_86,encore1336,iter,1,0.25
Adeline_86,maman1024,iter,1,0.25
Adeline_87,bisou994,iter,1,0.25
Adeline_87,bisou998,iter,1,0.25
Adeline_87,bobo999,iter,1,0.25
Adeline_87,encore1331,iter,1,0.25
Adeline_87,encore1333,iter,1,0.25
Adeline_87,maman1022,iter,1,0.25
Adeline_87,maman1024,iter,1,0.25
Adeline_87,oiseau1025,iter,1,0.25
Adeline_87,papa1026,iter,1,0.25
Adeline_88,au revoir1468,iter,1,0.25
Adeline_88,au revoir1471,iter,1,0.25
Adeline_88,au revoir1474,iter,1,0.25
Adeline_88,chapeau1008,iter,1,0.25
Adeline_88,chapeau1009,iter,1,0.25
Adeline_88,coucou1014,iter,1,0.25
Adeline_88,coucou1015,iter,1,0.25
Adeline_88,coucou1019,iter,1,0.25
Adeline_88,encore1326,iter,1,0.25
Adeline_88,encore1328,iter,1,0.25
Adeline_88,encore1331,iter,1,0.25
Adeline_88,encore1334,iter,1,0.25
Adeline_88,encore1337,iter,1,0.25
Adeline_88,encore1338,iter,1,0.25
Adeline_88,encore1339,iter,1,0.25
Adeline_88,oiseau1025,iter,1,0.25
Adeline_88,papa1026,iter,1,0.25
Adeline_88,papa1028,iter,1,0.25
Adeline_89,au revoir1469,iter,1,0.25
Adeline_89,au revoir1473,iter,1,0.25
Adeline_89,encore1327,iter,1,0.25
Adeline_89,encore1332,iter,1,0.25
Adeline_89,encore1333,iter,1,0.25
Adeline_89,encore1334,iter,1,0.25
Adeline_9,au revoir1468,iter,1,0.25
Adeline_9,au revoir1469,iter,1,0.25
Adeline_9,au revoir1470,iter,1,0.25
Adeline_9,bisou994,iter,1,0.25
Adeline_9,bisou995,iter,1,0.25
Adeline_9,bobo1000,iter,1,0.25
Adeline_9,chapeau1007,iter,1,0.25
Adeline_9,coucou1014,iter,1,0.25
Adeline_9,coucou1019,iter,1,0.25
Adeline_9,encore1326,iter,1,0.25
Adeline_9,encore1328,iter,1,0.25
Adeline_9,encore1332,iter,1,0.25
Adeline_9,encore1333,iter,1,0.25
Adeline_9,encore1335,iter,1,0.25
Adeline_9,papa1027,iter,1,0.25
Adeline_9,vachou1030,iter,1,0.25
Adeline_90,bobo1001,iter,1,0.25
Adeline_90,bobo999,iter,1,0.25
Adeline_90,chapeau1004,iter,1,0.25
Adeline_90,chapeau1010,iter,1,0.25
Adeline_90,coucou1011,iter,1,0.25
Adeline_90,coucou1012,iter,1,0.25
Adeline_90,coucou1013,iter,1,0.25
Adeline_90,coucou1018,iter,1,0.25
Adeline_90,coucou1020,iter,1,0.25
Adeline_90,encore1327,iter,1,0.25
Adeline_90,encore1330,iter,1,0.25
Adeline_90,encore1331,iter,1,0.25
Adeline_90,encore1334,iter,1,0.25
Adeline_90,encore1336,iter,1,0.25
Adeline_90,encore1337,iter,1,0.25
Adeline_91,au revoir1473,iter,1,0.25
Adeline_91,au revoir1475,iter,1,0.25
Adeline_91,encore1330,iter,1,0.25
Adeline_91,encore1331,iter,1,0.25
Adeline_91,encore1335,iter,1,0.25
Adeline_91,encore1337,iter,1,0.25
Adeline_91,encore1338,iter,1,0.25
Adeline_92,bisou995,iter,1,0.25
Adeline_92,bisou998,iter,1,0.25
Adeline_92,voiture1033,iter,1,0.25
Adeline_92,voiture1034,iter,1,0.25
Adeline_93,au revoir1471,iter,1,0.25
Adeline_93,bisou997,iter,1,0.25
Adeline_93,bobo1001,iter,1,0.25
Adeline_93,bobo999,iter,1,0.25
Adeline_93,chapeau1003,iter,1,0.25
Adeline_93,chapeau1010,iter,1,0.25
Adeline_93,coucou1011,iter,1,0.25
Adeline_93,coucou1017,iter,1,0.25
Adeline_93,coucou1019,iter,1,0.25
Adeline_93,encore1326,iter,1,0.25
Adeline_93,encore1331,iter,1,0.25
Adeline_93,encore1333,iter,1,0.25
Adeline_93,encore1336,iter,1,0.25
Adeline_93,encore1338,iter,1,0.25
Adeline_93,encore1339,iter,1,0.25
Adeline_93,oiseau1025,iter,1,0.25
Adeline_93,vachou1030,iter,1,0.25
Adeline_94,bisou996,iter,1,0.25
Adeline_94,bisou997,iter,1,0.25
Adeline_94,bisou998,iter,1,0.25
Adeline_94,bobo999,iter,1,0.25
Adeline_94,chapeau1002,iter,1,0.25
Adeline_94,coucou1011,iter,1,0.25
Adeline_94,coucou1012,iter,1,0.25
Adeline_94,coucou1013,iter,1,0.25
Adeline_94,coucou1017,iter,1,0.25
Adeline_94,encore1331,iter,1,0.25
Adeline_94,encore1332,iter,1,0.25
Adeline_94,encore1333,iter,1,0.25
Adeline_94,encore1334,iter,1,0.25
Adeline_94,encore1338,iter,1,0.25
Adeline_94,maman1023,iter,1,0.25
Adeline_94,papa1026,iter,1,0.25
Adeline_94,papa1027,iter,1,0.25
Adeline_95,vachou1030,iter,1,0.25
Adeline_95,voilà1031,iter,1,0.25
Adeline_95,voiture1033,iter,1,0.25
Adeline_95,voiture1034,iter,1,0.25
Adeline_96,bisou994,iter,1,0.25
Adeline_96,bobo1001,iter,1,0.25
Adeline_96,chapeau1003,iter,1,0.25
Adeline_96,chapeau1005,iter,1,0.25
Adeline_96,chapeau1006,iter,1,0.25
Adeline_96,chapeau1010,iter,1,0.25
Adeline_96,coucou1011,iter,1,0.25
Adeline_96,coucou1014,iter,1,0.25
Adeline_96,coucou1018,iter,1,0.25
Adeline_96,coucou1019,iter,1,0.25
Adeline_96,encore1334,iter,1,0.25
Adeline_96,encore1336,iter,1,0.25
Adeline_96,papa1027,iter,1,0.25
Adeline_96,papa1028,iter,1,0.25
Adeline_97,bisou995,iter,1,0.25
Adeline_97,bisou998,iter,1,0.25
Adeline_97,chapeau1003,iter,1,0.25
Adeline_97,chapeau1004,iter,1,0.25
Adeline_97,chapeau1005,iter,1,0.25
Adeline_97,chapeau1010,iter,1,0.25
Adeline_97,coucou1015,iter,1,0.25
Adeline_97,coucou1016,iter,1,0.25
Adeline_97,coucou1017,iter,1,0.25
Adeline_97,coucou1018,iter,1,0.25
Adeline_97,encore1330,iter,1,0.25
Adeline_97,encore1332,iter,1,0.25
Adeline_97,encore1336,iter,1,0.25
Adeline_97,encore1337,iter,1,0.25
Adeline_97,encore1338,iter,1,0.25
Adeline_97,maman1023,iter,1,0.25
Adeline_97,vachou1030,iter,1,0.25
Adeline_98,bisou994,iter,1,0.25
Adeline_98,bisou997,iter,1,0.25
Adeline_98,maman1024,iter,1,0.25
Adeline_98,papa1027,iter,1,0.25
Adeline_98,papa1028,iter,1,0.25
Adeline_99,bobo999,iter,1,0.25
Adeline_99,chapeau1007,iter,1,0.25
Adeline_99,chapeau1008,iter,1,0.25
Adeline_99,chapeau1010,iter,1,0.25
Adeline_99,coucou1011,iter,1,0.25
Adeline_99,coucou1016,iter,1,0.25
Adeline_99,coucou1019,iter,1,0.25
Adeline_99,encore1329,iter,1,0.25
Adeline_99,encore1330,iter,1,0.25
Adeline_99,encore1334,iter,1,0.25
Adeline_99,encore1339,iter,1,0.25
Adeline_99,papa1027,iter,1,0.25
Afan_1,DOGGY BT607,iter,1,0.25
Afan_1,baba582,iter,1,0.25
Afan_1,baba585,iter,1,0.25
Afan_1,chunti599,iter,1,0.25
Afan_1,chunti600,iter,1,0.25
Afan_1,chunti601,iter,1,0.25
Afan_1,dada613,iter,1,0.25
Afan_1,dawaye605,iter,1,0.25
Afan_1,idhar1248,iter,1,0.25
Afan_1,na/ nahin590,iter,1,0.25
Afan_1,na/ nahin595,iter,1,0.25
Afan_10,anda1251,iter,1,0.25
Afan_10,anda1252,iter,1,0.25
Afan_100,Bazil597,iter,1,0.25
Afan_11,DOGGY BT607,iter,1,0.25
Afan_11,na/ nahin589,iter,1,0.25
Afan_11,na/ nahin590,iter,1,0.25
Afan_11,yay hai616,iter,1,0.25
Afan_12,baba582,iter,1,0.25
Afan_12,baba583,iter,1,0.25
Afan_12,baba584,iter,1,0.25
Afan_12,baba587,iter,1,0.25
Afan_12,mama574,iter,1,0.25
Afan_12,mama576,iter,1,0.25
Afan_12,mama577,iter,1,0.25
Afan_12,mama578,iter,1,0.25
Afan_13,chacha614,iter,1,0.25
Afan_13,dada612,iter,1,0.25
Afan_13,dada613,iter,1,0.25
Afan_14,ajao1245,iter,1,0.25
Afan_14,chunti601,iter,1,0.25
Afan_14,dada612,iter,1,0.25
Afan_14,dada613,iter,1,0.25
Afan_14,dawaye605,iter,1,0.25
Afan_14,idhar1248,iter,1,0.25
Afan_14,idhar1250,iter,1,0.25
Afan_14,na/ nahin590,iter,1,0.25
Afan_14,na/ nahin591,iter,1,0.25
Afan_15,DOGGY BT607,iter,1,0.25
Afan_15,baba583,iter,1,0.25
Afan_15,baba585,iter,1,0.25
Afan_15,baba586,iter,1,0.25
Afan_15,baba587,iter,1,0.25
Afan_15,dawaye604,iter,1,0.25
Afan_15,mama575,iter,1,0.25
Afan_15,mama576,iter,1,0.25
Afan_16,UNCLE1259,iter,1,0.25
Afan_17,baba583,iter,1,0.25
Afan_17,baba584,iter,1,0.25
Afan_17,baba588,iter,1,0.25
Afan_17,idhar1250,iter,1,0.25
Afan_18,Bazil596,iter,1,0.25
Afan_18,baba583,iter,1,0.25
Afan_18,baba585,iter,1,0.25
Afan_18,baba588,iter,1,0.25
Afan_18,dada612,iter,1,0.25
Afan_18,mama575,iter,1,0.25
Afan_18,mama576,iter,1,0.25
Afan_18,mama577,iter,1,0.25
Afan_18,mama578,iter,1,0.25
Afan_18,mama579,iter,1,0.25
Afan_19,DOGGY BT607,iter,1,0.25
Afan_19,Durrain603,iter,1,0.25
Afan_19,baba582,iter,1,0.25
Afan_19,baba583,iter,1,0.25
Afan_19,baba587,iter,1,0.25
Afan_19,bhow bhow598,iter,1,0.25
Afan_19,dawaye605,iter,1,0.25
Afan_19,dawaye606,iter,1,0.25
Afan_19,na/ nahin590,iter,1,0.25
Afan_19,na/ nahin591,iter,1,0.25
Afan_19,na/ nahin592,iter,1,0.25
Afan_19,na/ nahin594,iter,1,0.25
Afan_19,na/ nahin595,iter,1,0.25
Afan_2,Durrain602,iter,1,0.25
Afan_2,dada612,iter,1,0.25
Afan_20,Durrain602,iter,1,0.25
Afan_20,baba582,iter,1,0.25
Afan_20,baba584,iter,1,0.25
Afan_20,baba585,iter,1,0.25
Afan_20,baba586,iter,1,0.25
Afan_20,baba588,iter,1,0.25
Afan_20,chunti600,iter,1,0.25
Afan_20,mama573,iter,1,0.25
Afan_20,mama579,iter,1,0.25
Afan_20,na/ nahin589,iter,1,0.25
Afan_20,na/ nahin592,iter,1,0.25
Afan_21,DOGGY BT607,iter,1,0.25
Afan_21,Rabia615,iter,1,0.25
Afan_21,baba584,iter,1,0.25
Afan_21,mama572,iter,1,0.25
Afan_21,mama575,iter,1,0.25
Afan_21,mama577,iter,1,0.25
Afan_21,ooper1261,iter,1,0.25
Afan_22,dawaye604,iter,1,0.25
Afan_22,na/ nahin591,iter,1,0.25
Afan_22,na/ nahin594,iter,1,0.25
Afan_22,yay hai616,iter,1,0.25
Afan_23,UNCLE1257,iter,1,0.25
Afan_23,UNCLE1258,iter,1,0.25
Afan_25,baba585,iter,1,0.25
Afan_25,baba588,iter,1,0.25
Afan_25,dada612,iter,1,0.25
Afan_25,dada613,iter,1,0.25
Afan_25,dawaye605,iter,1,0.25
Afan_25,mama576,iter,1,0.25
Afan_25,mama577,iter,1,0.25
Afan_26,DOGGY BT607,iter,1,0.25
Afan_26,Durrain603,iter,1,0.25
Afan_26,baba583,iter,1,0.25
Afan_26,baba585,iter,1,0.25
Afan_26,baba588,iter,1,0.25
Afan_26,dada612,iter,1,0.25
Afan_26,mama573,iter,1,0.25
Afan_26,mama574,iter,1,0.25
Afan_26,mama575,iter,1,0.25
Afan_26,mama576,iter,1,0.25
Afan_26,mama578,iter,1,0.25
Afan_26,na/ nahin592,iter,1,0.25
Afan_26,na/ nahin593,iter,1,0.25
Afan_26,na/ nahin595,iter,1,0.25
Afan_27,udhar1260,iter,1,0.25
Afan_28,AUNTI1246,iter,1,0.25
Afan_28,anda1251,iter,1,0.25
Afan_28,pani610,iter,1,0.25
Afan_29,dawaye605,iter,1,0.25
Afan_29,na/ nahin589,iter,1,0.25
Afan_29,na/ nahin593,iter,1,0.25
Afan_3,AUNTI1247,iter,1,0.25
Afan_3,anda1252,iter,1,0.25
Afan_3,pani609,iter,1,0.25
Afan_3,pani610,iter,1,0.25
Afan_30,dada613,iter,1,0.25
Afan_30,dawaye604,iter,1,0.25
Afan_30,dawaye605,iter,1,0.25
Afan_30,na/ nahin590,iter,1,0.25
Afan_30,na/ nahin593,iter,1,0.25
Afan_31,Bazil596,iter,1,0.25
Afan_31,ajao1245,iter,1,0.25
Afan_32,UNCLE1258,iter,1,0.25
Afan_33,ajao1245,iter,1,0.25
Afan_33,dada612,iter,1,0.25
Afan_33,idhar1250,iter,1,0.25
Afan_33,ooper1261,iter,1,0.25
Afan_33,udhar1260,iter,1,0.25
Afan_34,dada612,iter,1,0.25
Afan_34,na/ nahin594,iter,1,0.25
Afan_35,Bazil597,iter,1,0.25
Afan_35,dada613,iter,1,0.25
Afan_35,ooper1261,iter,1,0.25
Afan_36,pani610,iter,1,0.25
Afan_37,baba582,iter,1,0.25
Afan_37,baba584,iter,1,0.25
Afan_37,baba585,iter,1,0.25
Afan_37,baba586,iter,1,0.25
Afan_37,bhow bhow598,iter,1,0.25
Afan_37,mama572,iter,1,0.25
Afan_37,mama575,iter,1,0.25
Afan_37,mama580,iter,1,0.25
Afan_38,UNCLE1257,iter,1,0.25
Afan_39,dawaye606,iter,1,0.25
Afan_39,mama572,iter,1,0.25
Afan_39,mama575,iter,1,0.25
Afan_39,mama578,iter,1,0.25
Afan_39,mama581,iter,1,0.25
Afan_39,na/ nahin591,iter,1,0.25
Afan_39,na/ nahin592,iter,1,0.25
Afan_39,na/ nahin594,iter,1,0.25
Afan_39,na/ nahin595,iter,1,0.25
Afan_4,AUNTI1246,iter,1,0.25
Afan_4,anda1251,iter,1,0.25
Afan_4,pani609,iter,1,0.25
Afan_4,pani610,iter,1,0.25
Afan_40,baba582,iter,1,0.25
Afan_40,baba584,iter,1,0.25
Afan_40,mama578,iter,1,0.25
Afan_40,mama579,iter,1,0.25
Afan_41,Durrain602,iter,1,0.25
Afan_41,dada613,iter,1,0.25
Afan_41,dawaye605,iter,1,0.25
Afan_42,ajao1245,iter,1,0.25
Afan_42,dada612,iter,1,0.25
Afan_42,idhar1249,iter,1,0.25
Afan_42,ooper1261,iter,1,0.25
Afan_43,baba587,iter,1,0.25
Afan_43,bhow bhow598,iter,1,0.25
Afan_44,DOGGY BT607,iter,1,0.25
Afan_44,baba586,iter,1,0.25
Afan_44,mama573,iter,1,0.25
Afan_44,mama574,iter,1,0.25
Afan_44,mama575,iter,1,0.25
Afan_44,mama577,iter,1,0.25
Afan_44,mama578,iter,1,0.25
Afan_45,UNCLE1253,iter,1,0.25
Afan_45,UNCLE1256,iter,1,0.25
Afan_45,UNCLE1257,iter,1,0.25
Afan_46,baba586,iter,1,0.25
Afan_46,mama573,iter,1,0.25
Afan_46,mama579,iter,1,0.25
Afan_46,mama581,iter,1,0.25
Afan_47,AUNTI1246,iter,1,0.25
Afan_47,ajao1245,iter,1,0.25
Afan_47,anda1251,iter,1,0.25
Afan_47,anda1252,iter,1,0.25
Afan_47,dada613,iter,1,0.25
Afan_47,ganda608,iter,1,0.25
Afan_47,idhar1249,iter,1,0.25
Afan_47,udhar1260,iter,1,0.25
Afan_48,AUNTI1246,iter,1,0.25
Afan_48,AUNTI1247,iter,1,0.25
Afan_48,ganda608,iter,1,0.25
Afan_48,pani609,iter,1,0.25
Afan_49,pani609,iter,1,0.25
Afan_49,pani611,iter,1,0.25
Afan_5,dada613,iter,1,0.25
Afan_5,na/ nahin592,iter,1,0.25
Afan_5,na/ nahin594,iter,1,0.25
Afan_5,na/ nahin595,iter,1,0.25
Afan_50,chunti599,iter,1,0.25
Afan_50,chunti601,iter,1,0.25
Afan_51,UNCLE1253,iter,1,0.25
Afan_51,UNCLE1256,iter,1,0.25
Afan_52,DOGGY BT607,iter,1,0.25
Afan_52,baba585,iter,1,0.25
Afan_52,baba586,iter,1,0.25
Afan_52,mama575,iter,1,0.25
Afan_52,mama577,iter,1,0.25
Afan_52,mama580,iter,1,0.25
Afan_53,baba588,iter,1,0.25
Afan_53,bhow bhow598,iter,1,0.25
Afan_54,UNCLE1253,iter,1,0.25
Afan_55,DOGGY BT607,iter,1,0.25
Afan_55,na/ nahin589,iter,1,0.25
Afan_55,na/ nahin590,iter,1,0.25
Afan_55,na/ nahin592,iter,1,0.25
Afan_55,na/ nahin593,iter,1,0.25
Afan_55,na/ nahin595,iter,1,0.25
Afan_55,yay hai616,iter,1,0.25
Afan_56,DOGGY BT607,iter,1,0.25
Afan_56,baba582,iter,1,0.25
Afan_56,baba583,iter,1,0.25
Afan_56,baba584,iter,1,0.25
Afan_56,baba585,iter,1,0.25
Afan_56,baba587,iter,1,0.25
Afan_56,baba588,iter,1,0.25
Afan_56,mama575,iter,1,0.25
Afan_56,mama577,iter,1,0.25
Afan_56,mama578,iter,1,0.25
Afan_56,mama581,iter,1,0.25
Afan_57,baba585,iter,1,0.25
Afan_57,baba587,iter,1,0.25
Afan_57,baba588,iter,1,0.25
Afan_57,bhow bhow598,iter,1,0.25
Afan_57,mama575,iter,1,0.25
Afan_57,mama581,iter,1,0.25
Afan_58,Durrain602,iter,1,0.25
Afan_58,dada613,iter,1,0.25
Afan_59,DOGGY BT607,iter,1,0.25
Afan_59,baba584,iter,1,0.25
Afan_59,baba588,iter,1,0.25
Afan_59,mama576,iter,1,0.25
Afan_59,mama577,iter,1,0.25
Afan_59,mama578,iter,1,0.25
Afan_6,dada613,iter,1,0.25
Afan_6,dawaye605,iter,1,0.25
Afan_6,na/ nahin594,iter,1,0.25
Afan_60,UNCLE1255,iter,1,0.25
Afan_60,UNCLE1257,iter,1,0.25
Afan_60,UNCLE1259,iter,1,0.25
Afan_61,Durrain602,iter,1,0.25
Afan_61,Durrain603,iter,1,0.25
Afan_61,dawaye606,iter,1,0.25
Afan_62,Bazil596,iter,1,0.25
Afan_62,baba585,iter,1,0.25
Afan_62,baba586,iter,1,0.25
Afan_62,bhow bhow598,iter,1,0.25
Afan_62,dawaye605,iter,1,0.25
Afan_62,mama572,iter,1,0.25
Afan_62,mama574,iter,1,0.25
Afan_62,mama581,iter,1,0.25
Afan_63,UNCLE1253,iter,1,0.25
Afan_63,UNCLE1255,iter,1,0.25
Afan_63,UNCLE1256,iter,1,0.25
Afan_63,UNCLE1258,iter,1,0.25
Afan_64,DOGGY BT607,iter,1,0.25
Afan_64,Rabia615,iter,1,0.25
Afan_64,baba583,iter,1,0.25
Afan_64,bhow bhow598,iter,1,0.25
Afan_64,dada612,iter,1,0.25
Afan_64,dada613,iter,1,0.25
Afan_64,mama574,iter,1,0.25
Afan_64,mama575,iter,1,0.25
Afan_64,mama577,iter,1,0.25
Afan_64,mama580,iter,1,0.25
Afan_64,mama581,iter,1,0.25
Afan_65,dada612,iter,1,0.25
Afan_66,Bazil597,iter,1,0.25
Afan_66,dada612,iter,1,0.25
Afan_66,idhar1248,iter,1,0.25
Afan_66,idhar1250,iter,1,0.25
Afan_66,ooper1261,iter,1,0.25
Afan_67,baba582,iter,1,0.25
Afan_67,bhow bhow598,iter,1,0.25
Afan_67,mama572,iter,1,0.25
Afan_67,mama577,iter,1,0.25
Afan_67,mama579,iter,1,0.25
Afan_68,UNCLE1253,iter,1,0.25
Afan_68,UNCLE1257,iter,1,0.25
Afan_68,UNCLE1258,iter,1,0.25
Afan_69,AUNTI1247,iter,1,0.25
Afan_69,anda1251,iter,1,0.25
Afan_69,anda1252,iter,1,0.25
Afan_7,baba583,iter,1,0.25
Afan_7,mama575,iter,1,0.25
Afan_7,mama580,iter,1,0.25
Afan_7,mama581,iter,1,0.25
Afan_70,baba583,iter,1,0.25
Afan_70,baba586,iter,1,0.25
Afan_70,baba587,iter,1,0.25
Afan_70,dada613,iter,1,0.25
Afan_70,dawaye605,iter,1,0.25
Afan_71,baba582,iter,1,0.25
Afan_71,baba586,iter,1,0.25
Afan_71,baba587,iter,1,0.25
Afan_71,bhow bhow598,iter,1,0.25
Afan_71,mama575,iter,1,0.25
Afan_71,mama578,iter,1,0.25
Afan_72,baba588,iter,1,0.25
Afan_72,bhow bhow598,iter,1,0.25
Afan_73,DOGGY BT607,iter,1,0.25
Afan_73,baba583,iter,1,0.25
Afan_73,baba585,iter,1,0.25
Afan_73,baba586,iter,1,0.25
Afan_73,mama574,iter,1,0.25
Afan_73,mama580,iter,1,0.25
Afan_73,mama581,iter,1,0.25
Afan_74,dada612,iter,1,0.25
Afan_74,dada613,iter,1,0.25
Afan_74,dawaye604,iter,1,0.25
Afan_74,na/ nahin592,iter,1,0.25
Afan_75,ajao1245,iter,1,0.25
Afan_75,anda1252,iter,1,0.25
Afan_75,ganda608,iter,1,0.25
Afan_75,pani611,iter,1,0.25
Afan_76,DOGGY BT607,iter,1,0.25
Afan_76,baba582,iter,1,0.25
Afan_76,baba583,iter,1,0.25
Afan_76,baba584,iter,1,0.25
Afan_76,bhow bhow598,iter,1,0.25
Afan_76,mama574,iter,1,0.25
Afan_76,mama575,iter,1,0.25
Afan_76,mama581,iter,1,0.25
Afan_77,pani609,iter,1,0.25
Afan_77,pani611,iter,1,0.25
Afan_78,anda1252,iter,1,0.25
Afan_79,baba586,iter,1,0.25
Afan_79,baba587,iter,1,0.25
Afan_79,baba588,iter,1,0.25
Afan_79,bhow bhow598,iter,1,0.25
Afan_79,mama572,iter,1,0.25
Afan_8,Bazil596,iter,1,0.25
Afan_8,baba582,iter,1,0.25
Afan_8,baba585,iter,1,0.25
Afan_8,bhow bhow598,iter,1,0.25
Afan_8,idhar1248,iter,1,0.25
Afan_80,idhar1250,iter,1,0.25
Afan_80,udhar1260,iter,1,0.25
Afan_81,dada612,iter,1,0.25
Afan_82,dawaye606,iter,1,0.25
Afan_82,na/ nahin595,iter,1,0.25
Afan_83,Durrain602,iter,1,0.25
Afan_83,baba585,iter,1,0.25
Afan_83,chunti599,iter,1,0.25
Afan_83,chunti601,iter,1,0.25
Afan_83,dada613,iter,1,0.25
Afan_83,dawaye604,iter,1,0.25
Afan_83,na/ nahin589,iter,1,0.25
Afan_83,udhar1260,iter,1,0.25
Afan_84,baba583,iter,1,0.25
Afan_84,bhow bhow598,iter,1,0.25
Afan_84,idhar1248,iter,1,0.25
Afan_84,idhar1250,iter,1,0.25
Afan_84,ooper1261,iter,1,0.25
Afan_84,udhar1260,iter,1,0.25
Afan_85,UNCLE1253,iter,1,0.25
Afan_85,UNCLE1256,iter,1,0.25
Afan_85,UNCLE1257,iter,1,0.25
Afan_85,UNCLE1258,iter,1,0.25
Afan_85,UNCLE1259,iter,1,0.25
Afan_86,chunti599,iter,1,0.25
Afan_87,UNCLE1253,iter,1,0.25
Afan_87,UNCLE1255,iter,1,0.25
Afan_88,baba582,iter,1,0.25
Afan_88,baba583,iter,1,0.25
Afan_88,baba584,iter,1,0.25
Afan_88,baba585,iter,1,0.25
Afan_88,baba587,iter,1,0.25
Afan_88,dada613,iter,1,0.25
Afan_88,dawaye604,iter,1,0.25
Afan_88,na/ nahin592,iter,1,0.25
Afan_88,na/ nahin593,iter,1,0.25
Afan_88,na/ nahin595,iter,1,0.25
Afan_88,yay hai616,iter,1,0.25
Afan_89,Bazil597,iter,1,0.25
Afan_89,ajao1245,iter,1,0.25
Afan_89,idhar1248,iter,1,0.25
Afan_9,baba588,iter,1,0.25
Afan_9,bhow bhow598,iter,1,0.25
Afan_9,idhar1248,iter,1,0.25
Afan_90,pani609,iter,1,0.25
Afan_90,pani610,iter,1,0.25
Afan_91,Bazil596,iter,1,0.25
Afan_91,ajao1245,iter,1,0.25
Afan_91,dada613,iter,1,0.25
Afan_91,idhar1249,iter,1,0.25
Afan_91,udhar1260,iter,1,0.25
Afan_92,dawaye604,iter,1,0.25
Afan_92,na/ nahin589,iter,1,0.25
Afan_92,na/ nahin590,iter,1,0.25
Afan_92,na/ nahin593,iter,1,0.25
Afan_92,na/ nahin594,iter,1,0.25
Afan_92,na/ nahin595,iter,1,0.25
Afan_93,DOGGY BT607,iter,1,0.25
Afan_93,dada612,iter,1,0.25
Afan_93,dada613,iter,1,0.25
Afan_93,dawaye605,iter,1,0.25
Afan_93,na/ nahin590,iter,1,0.25
Afan_94,UNCLE1255,iter,1,0.25
Afan_95,DOGGY BT607,iter,1,0.25
Afan_95,dada613,iter,1,0.25
Afan_95,dawaye604,iter,1,0.25
Afan_96,baba585,iter,1,0.25
Afan_96,baba587,iter,1,0.25
Afan_96,mama576,iter,1,0.25
Afan_96,mama577,iter,1,0.25
Afan_96,mama578,iter,1,0.25
Afan_96,mama579,iter,1,0.25
Afan_97,baba583,iter,1,0.25
Afan_97,baba584,iter,1,0.25
Afan_97,baba585,iter,1,0.25
Afan_97,baba586,iter,1,0.25
Afan_97,baba587,iter,1,0.25
Afan_97,baba588,iter,1,0.25
Afan_97,mama575,iter,1,0.25
Afan_97,mama581,iter,1,0.25
Afan_98,Durrain602,iter,1,0.25
Afan_98,dawaye605,iter,1,0.25
Afan_98,dawaye606,iter,1,0.25
Afan_99,Bazil597,iter,1,0.25
Afan_99,baba584,iter,1,0.25
Afan_99,dawaye606,iter,1,0.25
Afan_99,mama573,iter,1,0.25
Afan_99,mama575,iter,1,0.25
Afan_99,mama576,iter,1,0.25
Atte_1,Atti1752,iter,1,0.25
Atte_1,Atti1760,iter,1,0.25
Atte_1,auto1106,iter,1,0.25
Atte_1,auto1108,iter,1,0.25
Atte_1,auto1111,iter,1,0.25
Atte_1,auto1115,iter,1,0.25
Atte_1,auto1116,iter,1,0.25
Atte_1,auto1118,iter,1,0.25
Atte_1,auto1127,iter,1,0.25
Atte_1,auto1130,iter,1,0.25
Atte_1,isi1139,iter,1,0.25
Atte_1,matto1489,iter,1,0.25
Atte_1,ukko1762,iter,1,0.25
Atte_1,ukko1766,iter,1,0.25
Atte_1,äiti1095,iter,1,0.25
Atte_1,äiti1099,iter,1,0.25
Atte_10,loppu1482,iter,1,0.25
Atte_100,Atti1752,iter,1,0.25
Atte_100,Atti1756,iter,1,0.25
Atte_100,auto1112,iter,1,0.25
Atte_100,auto1115,iter,1,0.25
Atte_100,auto1120,iter,1,0.25
Atte_100,auto1122,iter,1,0.25
Atte_100,auto1124,iter,1,0.25
Atte_100,auto1128,iter,1,0.25
Atte_100,auto1135,iter,1,0.25
Atte_100,auto1136,iter,1,0.25
Atte_100,ukko1766,iter,1,0.25
Atte_100,äiti1093,iter,1,0.25
Atte_100,äiti1095,iter,1,0.25
Atte_100,äiti1098,iter,1,0.25
Atte_100,äiti1100,iter,1,0.25
Atte_11,aja1103,iter,1,0.25
Atte_11,auto1114,iter,1,0.25
Atte_11,auto1119,iter,1,0.25
Atte_11,auto1132,iter,1,0.25
Atte_11,auto1136,iter,1,0.25
Atte_11,isi1139,iter,1,0.25
Atte_11,isi1142,iter,1,0.25
Atte_11,isi1143,iter,1,0.25
Atte_11,isi1145,iter,1,0.25
Atte_11,kala276,iter,1,0.25
Atte_11,äiti1096,iter,1,0.25
Atte_11,äiti1100,iter,1,0.25
Atte_12,auto1109,iter,1,0.25
Atte_12,auto1115,iter,1,0.25
Atte_12,auto1120,iter,1,0.25
Atte_12,auto1126,iter,1,0.25
Atte_12,auto1129,iter,1,0.25
Atte_12,auto1131,iter,1,0.25
Atte_12,isi1140,iter,1,0.25
Atte_12,ukko1764,iter,1,0.25
Atte_12,ukko1765,iter,1,0.25
Atte_12,äiti1094,iter,1,0.25
Atte_12,äiti1101,iter,1,0.25
Atte_13,Atti1752,iter,1,0.25
Atte_13,Atti1755,iter,1,0.25
Atte_13,aja1103,iter,1,0.25
Atte_13,auto1105,iter,1,0.25
Atte_13,auto1106,iter,1,0.25
Atte_13,auto1107,iter,1,0.25
Atte_13,auto1108,iter,1,0.25
Atte_13,auto1124,iter,1,0.25
Atte_13,auto1125,iter,1,0.25
Atte_13,auto1128,iter,1,0.25
Atte_13,auto1129,iter,1,0.25
Atte_13,auto1136,iter,1,0.25
Atte_13,isi1140,iter,1,0.25
Atte_13,isi1141,iter,1,0.25
Atte_13,ukko1765,iter,1,0.25
Atte_14,Atti1755,iter,1,0.25
Atte_14,Atti1757,iter,1,0.25
Atte_14,Atti1758,iter,1,0.25
Atte_14,Atti1759,iter,1,0.25
Atte_14,auto1105,iter,1,0.25
Atte_14,auto1108,iter,1,0.25
Atte_14,auto1109,iter,1,0.25
Atte_14,auto1110,iter,1,0.25
Atte_14,auto1135,iter,1,0.25
Atte_14,isi1141,iter,1,0.25
Atte_14,isi1144,iter,1,0.25
Atte_14,isi1145,iter,1,0.25
Atte_14,matto1489,iter,1,0.25
Atte_14,ukko1763,iter,1,0.25
Atte_14,äiti1096,iter,1,0.25
Atte_15,ankka1750,iter,1,0.25
Atte_15,ukko1761,iter,1,0.25
Atte_15,ukko1767,iter,1,0.25
Atte_16,aja1104,iter,1,0.25
Atte_16,auto1110,iter,1,0.25
Atte_16,auto1117,iter,1,0.25
Atte_16,auto1122,iter,1,0.25
Atte_16,auto1125,iter,1,0.25
Atte_16,auto1128,iter,1,0.25
Atte_16,auto1136,iter,1,0.25
Atte_16,isi1146,iter,1,0.25
Atte_16,ukko1761,iter,1,0.25
Atte_16,äiti1098,iter,1,0.25
Atte_17,Atti1756,iter,1,0.25
Atte_17,Atti1758,iter,1,0.25
Atte_17,Atti1759,iter,1,0.25
Atte_17,auto1108,iter,1,0.25
Atte_17,auto1111,iter,1,0.25
Atte_17,auto1112,iter,1,0.25
Atte_17,auto1116,iter,1,0.25
Atte_17,auto1131,iter,1,0.25
Atte_17,isi1142,iter,1,0.25
Atte_17,matto1486,iter,1,0.25
Atte_17,matto1489,iter,1,0.25
Atte_17,ukko1761,iter,1,0.25
Atte_17,äiti1097,iter,1,0.25
Atte_17,äiti1101,iter,1,0.25
Atte_17,äiti1102,iter,1,0.25
Atte_17,ääni1092,iter,1,0.25
Atte_18,Atti1752,iter,1,0.25
Atte_18,Atti1755,iter,1,0.25
Atte_18,Atti1757,iter,1,0.25
Atte_18,auto1109,iter,1,0.25
Atte_18,auto1111,iter,1,0.25
Atte_18,auto1117,iter,1,0.25
Atte_18,auto1120,iter,1,0.25
Atte_18,auto1124,iter,1,0.25
Atte_18,auto1125,iter,1,0.25
Atte_18,auto1128,iter,1,0.25
Atte_18,auto1133,iter,1,0.25
Atte_18,auto1136,iter,1,0.25
Atte_18,isi1142,iter,1,0.25
Atte_18,isi1146,iter,1,0.25
Atte_18,matto1486,iter,1,0.25
Atte_18,pupu277,iter,1,0.25
Atte_18,ukko1766,iter,1,0.25
Atte_18,äiti1097,iter,1,0.25
Atte_18,äiti1102,iter,1,0.25
Atte_19,pallo1496,iter,1,0.25
Atte_19,pallo1498,iter,1,0.25
Atte_2,Atti1754,iter,1,0.25
Atte_2,aja1103,iter,1,0.25
Atte_2,auto1112,iter,1,0.25
Atte_2,auto1120,iter,1,0.25
Atte_2,auto1123,iter,1,0.25
Atte_2,auto1127,iter,1,0.25
Atte_2,auto1131,iter,1,0.25
Atte_2,auto1133,iter,1,0.25
Atte_2,auto1135,iter,1,0.25
Atte_2,auto1136,iter,1,0.25
Atte_2,isi1145,iter,1,0.25
Atte_2,isi1146,iter,1,0.25
Atte_2,matto1486,iter,1,0.25
Atte_2,matto1487,iter,1,0.25
Atte_2,matto1489,iter,1,0.25
Atte_2,ukko1767,iter,1,0.25
Atte_2,äiti1097,iter,1,0.25
Atte_2,äiti1102,iter,1,0.25
Atte_20,kello1478,iter,1,0.25
Atte_21,auto1109,iter,1,0.25
Atte_21,auto1119,iter,1,0.25
Atte_21,auto1122,iter,1,0.25
Atte_21,auto1123,iter,1,0.25
Atte_21,auto1126,iter,1,0.25
Atte_21,auto1128,iter,1,0.25
Atte_21,auto1129,iter,1,0.25
Atte_21,auto1130,iter,1,0.25
Atte_21,auto1135,iter,1,0.25
Atte_21,auto1136,iter,1,0.25
Atte_21,ukko1763,iter,1,0.25
Atte_21,ukko1765,iter,1,0.25
Atte_21,äiti1094,iter,1,0.25
Atte_22,Atti1755,iter,1,0.25
Atte_22,Atti1757,iter,1,0.25
Atte_22,aja1104,iter,1,0.25
Atte_22,auto1105,iter,1,0.25
Atte_22,auto1106,iter,1,0.25
Atte_22,auto1109,iter,1,0.25
Atte_22,auto1115,iter,1,0.25
Atte_22,auto1117,iter,1,0.25
Atte_22,auto1121,iter,1,0.25
Atte_22,auto1131,iter,1,0.25
Atte_22,isi1141,iter,1,0.25
Atte_22,isi1143,iter,1,0.25
Atte_22,matto1486,iter,1,0.25
Atte_22,matto1487,iter,1,0.25
Atte_22,matto1488,iter,1,0.25
Atte_22,ukko1765,iter,1,0.25
Atte_22,äiti1094,iter,1,0.25
Atte_22,äiti1098,iter,1,0.25
Atte_22,äiti1100,iter,1,0.25
Atte_24,Atti1757,iter,1,0.25
Atte_24,Atti1758,iter,1,0.25
Atte_24,aja1104,iter,1,0.25
Atte_24,auto1105,iter,1,0.25
Atte_24,auto1107,iter,1,0.25
Atte_24,auto1111,iter,1,0.25
Atte_24,auto1112,iter,1,0.25
Atte_24,matto1486,iter,1,0.25
Atte_24,ukko1762,iter,1,0.25
Atte_24,ukko1767,iter,1,0.25
Atte_24,äiti1095,iter,1,0.25
Atte_24,äiti1096,iter,1,0.25
Atte_24,äiti1099,iter,1,0.25
Atte_24,äiti1100,iter,1,0.25
Atte_24,ääni1092,iter,1,0.25
Atte_25,aja1104,iter,1,0.25
Atte_25,auto1111,iter,1,0.25
Atte_25,auto1127,iter,1,0.25
Atte_25,auto1138,iter,1,0.25
Atte_25,isi1139,iter,1,0.25
Atte_25,isi1140,iter,1,0.25
Atte_25,isi1146,iter,1,0.25
Atte_25,ukko1765,iter,1,0.25
Atte_25,äiti1102,iter,1,0.25
Atte_25,ääni1092,iter,1,0.25
Atte_26,ankka1749,iter,1,0.25
Atte_26,ankka1750,iter,1,0.25
Atte_26,ukko1762,iter,1,0.25
Atte_26,ukko1765,iter,1,0.25
Atte_26,ukko1766,iter,1,0.25
Atte_27,Minni1492,iter,1,0.25
Atte_27,auto1105,iter,1,0.25
Atte_27,auto1109,iter,1,0.25
Atte_27,auto1112,iter,1,0.25
Atte_27,auto1114,iter,1,0.25
Atte_27,auto1115,iter,1,0.25
Atte_27,auto1132,iter,1,0.25
Atte_27,auto1137,iter,1,0.25
Atte_27,auto1138,iter,1,0.25
Atte_27,äiti1093,iter,1,0.25
Atte_27,äiti1096,iter,1,0.25
Atte_27,äiti1099,iter,1,0.25
Atte_28,kala276,iter,1,0.25
Atte_28,kello1477,iter,1,0.25
Atte_28,pallo1498,iter,1,0.25
Atte_29,kello1478,iter,1,0.25
Atte_29,nalle1494,iter,1,0.25
Atte_29,pallo1498,iter,1,0.25
Atte_3,Atti1757,iter,1,0.25
Atte_3,auto1117,iter,1,0.25
Atte_3,auto1119,iter,1,0.25
Atte_3,auto1124,iter,1,0.25
Atte_3,auto1129,iter,1,0.25
Atte_3,auto1133,iter,1,0.25
Atte_3,isi1146,iter,1,0.25
Atte_3,ukko1763,iter,1,0.25
Atte_3,ukko1765,iter,1,0.25
Atte_3,ukko1766,iter,1,0.25
Atte_3,ukko1767,iter,1,0.25
Atte_3,äiti1095,iter,1,0.25
Atte_3,äiti1096,iter,1,0.25
Atte_30,Atti1753,iter,1,0.25
Atte_30,Atti1757,iter,1,0.25
Atte_30,aja1103,iter,1,0.25
Atte_30,aja1104,iter,1,0.25
Atte_30,auto1107,iter,1,0.25
Atte_30,auto1111,iter,1,0.25
Atte_30,auto1114,iter,1,0.25
Atte_30,auto1115,iter,1,0.25
Atte_30,auto1127,iter,1,0.25
Atte_30,auto1129,iter,1,0.25
Atte_30,auto1134,iter,1,0.25
Atte_30,auto1136,iter,1,0.25
Atte_30,isi1140,iter,1,0.25
Atte_30,matto1486,iter,1,0.25
Atte_30,äiti1098,iter,1,0.25
Atte_31,auto1109,iter,1,0.25
Atte_31,auto1115,iter,1,0.25
Atte_31,auto1134,iter,1,0.25
Atte_31,isi1144,iter,1,0.25
Atte_31,matto1486,iter,1,0.25
Atte_31,matto1488,iter,1,0.25
Atte_31,ukko1766,iter,1,0.25
Atte_31,äiti1093,iter,1,0.25
Atte_31,äiti1095,iter,1,0.25
Atte_31,äiti1102,iter,1,0.25
Atte_32,Atti1756,iter,1,0.25
Atte_32,Atti1760,iter,1,0.25
Atte_32,auto1115,iter,1,0.25
Atte_32,auto1116,iter,1,0.25
Atte_32,auto1121,iter,1,0.25
Atte_32,auto1123,iter,1,0.25
Atte_32,auto1126,iter,1,0.25
Atte_32,auto1132,iter,1,0.25
Atte_32,auto1133,iter,1,0.25
Atte_32,matto1488,iter,1,0.25
Atte_32,matto1489,iter,1,0.25
Atte_32,pupu277,iter,1,0.25
Atte_32,ukko1762,iter,1,0.25
Atte_32,ukko1765,iter,1,0.25
Atte_32,äiti1093,iter,1,0.25
Atte_32,äiti1094,iter,1,0.25
Atte_32,äiti1095,iter,1,0.25
Atte_33,auto1116,iter,1,0.25
Atte_33,auto1127,iter,1,0.25
Atte_33,auto1129,iter,1,0.25
Atte_33,auto1135,iter,1,0.25
Atte_33,isi1139,iter,1,0.25
Atte_33,isi1141,iter,1,0.25
Atte_33,isi1144,iter,1,0.25
Atte_33,ukko1765,iter,1,0.25
Atte_33,äiti1098,iter,1,0.25
Atte_33,äiti1100,iter,1,0.25
Atte_33,äiti1101,iter,1,0.25
Atte_34,auto1116,iter,1,0.25
Atte_34,auto1119,iter,1,0.25
Atte_34,matto1488,iter,1,0.25
Atte_34,äiti1094,iter,1,0.25
Atte_34,äiti1099,iter,1,0.25
Atte_35,kala276,iter,1,0.25
Atte_35,kello1478,iter,1,0.25
Atte_35,kello1479,iter,1,0.25
Atte_35,pallo1497,iter,1,0.25
Atte_36,Atti1752,iter,1,0.25
Atte_36,Atti1757,iter,1,0.25
Atte_36,Atti1760,iter,1,0.25
Atte_36,aja1104,iter,1,0.25
Atte_36,auto1108,iter,1,0.25
Atte_36,auto1113,iter,1,0.25
Atte_36,auto1127,iter,1,0.25
Atte_36,auto1128,iter,1,0.25
Atte_36,auto1133,iter,1,0.25
Atte_36,isi1140,iter,1,0.25
Atte_36,isi1143,iter,1,0.25
Atte_36,isi1146,iter,1,0.25
Atte_36,matto1488,iter,1,0.25
Atte_36,pupu277,iter,1,0.25
Atte_36,ukko1762,iter,1,0.25
Atte_36,äiti1093,iter,1,0.25
Atte_36,äiti1097,iter,1,0.25
Atte_36,äiti1102,iter,1,0.25
Atte_37,loppu1484,iter,1,0.25
Atte_38,aja1103,iter,1,0.25
Atte_38,ankka1747,iter,1,0.25
Atte_38,auto1112,iter,1,0.25
Atte_38,auto1131,iter,1,0.25
Atte_38,auto1134,iter,1,0.25
Atte_38,auto1135,iter,1,0.25
Atte_38,auto1138,iter,1,0.25
Atte_38,isi1142,iter,1,0.25
Atte_38,isi1144,iter,1,0.25
Atte_38,isi1146,iter,1,0.25
Atte_38,ukko1761,iter,1,0.25
Atte_38,ukko1762,iter,1,0.25
Atte_38,ukko1764,iter,1,0.25
Atte_38,ukko1766,iter,1,0.25
Atte_38,äiti1093,iter,1,0.25
Atte_38,äiti1094,iter,1,0.25
Atte_39,Atti1752,iter,1,0.25
Atte_39,Atti1754,iter,1,0.25
Atte_39,aja1104,iter,1,0.25
Atte_39,auto1107,iter,1,0.25
Atte_39,auto1109,iter,1,0.25
Atte_39,auto1111,iter,1,0.25
Atte_39,auto1112,iter,1,0.25
Atte_39,auto1117,iter,1,0.25
Atte_39,auto1121,iter,1,0.25
Atte_39,auto1133,iter,1,0.25
Atte_39,auto1134,iter,1,0.25
Atte_39,matto1489,iter,1,0.25
Atte_39,ukko1763,iter,1,0.25
Atte_39,ukko1766,iter,1,0.25
Atte_39,äiti1094,iter,1,0.25
Atte_39,äiti1099,iter,1,0.25
Atte_4,auto1107,iter,1,0.25
Atte_4,auto1109,iter,1,0.25
Atte_4,auto1119,iter,1,0.25
Atte_4,auto1124,iter,1,0.25
Atte_4,auto1127,iter,1,0.25
Atte_4,auto1128,iter,1,0.25
Atte_4,auto1137,iter,1,0.25
Atte_4,isi1140,iter,1,0.25
Atte_4,ukko1766,iter,1,0.25
Atte_4,äiti1095,iter,1,0.25
Atte_4,äiti1098,iter,1,0.25
Atte_40,Atti1751,iter,1,0.25
Atte_40,Atti1752,iter,1,0.25
Atte_40,Atti1753,iter,1,0.25
Atte_40,Atti1757,iter,1,0.25
Atte_40,Atti1758,iter,1,0.25
Atte_40,auto1105,iter,1,0.25
Atte_40,auto1111,iter,1,0.25
Atte_40,auto1114,iter,1,0.25
Atte_40,auto1118,iter,1,0.25
Atte_40,auto1128,iter,1,0.25
Atte_40,auto1137,iter,1,0.25
Atte_40,isi1140,iter,1,0.25
Atte_40,isi1141,iter,1,0.25
Atte_40,matto1486,iter,1,0.25
Atte_40,ukko1766,iter,1,0.25
Atte_40,ukko1767,iter,1,0.25
Atte_40,äiti1095,iter,1,0.25
Atte_40,äiti1102,iter,1,0.25
Atte_41,Atti1757,iter,1,0.25
Atte_41,auto1106,iter,1,0.25
Atte_41,auto1113,iter,1,0.25
Atte_41,auto1117,iter,1,0.25
Atte_41,auto1118,iter,1,0.25
Atte_41,auto1119,iter,1,0.25
Atte_41,auto1129,iter,1,0.25
Atte_41,auto1132,iter,1,0.25
Atte_41,äiti1094,iter,1,0.25
Atte_41,äiti1095,iter,1,0.25
Atte_42,Atti1751,iter,1,0.25
Atte_42,Atti1753,iter,1,0.25
Atte_42,Atti1755,iter,1,0.25
Atte_42,Atti1758,iter,1,0.25
Atte_42,auto1106,iter,1,0.25
Atte_42,auto1110,iter,1,0.25
Atte_42,auto1114,iter,1,0.25
Atte_42,auto1115,iter,1,0.25
Atte_42,auto1117,iter,1,0.25
Atte_42,auto1125,iter,1,0.25
Atte_42,auto1137,iter,1,0.25
Atte_42,isi1143,iter,1,0.25
Atte_42,isi1145,iter,1,0.25
Atte_42,matto1487,iter,1,0.25
Atte_42,pupu277,iter,1,0.25
Atte_42,äiti1093,iter,1,0.25
Atte_42,äiti1096,iter,1,0.25
Atte_42,äiti1100,iter,1,0.25
Atte_43,Atti1753,iter,1,0.25
Atte_43,Atti1754,iter,1,0.25
Atte_43,Atti1755,iter,1,0.25
Atte_43,Atti1756,iter,1,0.25
Atte_43,Atti1757,iter,1,0.25
Atte_43,Atti1758,iter,1,0.25
Atte_43,auto1108,iter,1,0.25
Atte_43,auto1112,iter,1,0.25
Atte_43,auto1116,iter,1,0.25
Atte_43,auto1119,iter,1,0.25
Atte_43,auto1123,iter,1,0.25
Atte_43,auto1128,iter,1,0.25
Atte_43,auto1129,iter,1,0.25
Atte_43,auto1135,iter,1,0.25
Atte_43,isi1142,iter,1,0.25
Atte_43,pupu277,iter,1,0.25
Atte_43,ukko1764,iter,1,0.25
Atte_43,äiti1093,iter,1,0.25
Atte_43,äiti1094,iter,1,0.25
Atte_44,Atti1756,iter,1,0.25
Atte_44,Atti1760,iter,1,0.25
Atte_44,auto1109,iter,1,0.25
Atte_44,auto1110,iter,1,0.25
Atte_44,auto1115,iter,1,0.25
Atte_44,auto1116,iter,1,0.25
Atte_44,auto1117,iter,1,0.25
Atte_44,auto1127,iter,1,0.25
Atte_44,auto1129,iter,1,0.25
Atte_44,auto1133,iter,1,0.25
Atte_44,auto1136,iter,1,0.25
Atte_44,ukko1761,iter,1,0.25
Atte_44,ukko1762,iter,1,0.25
Atte_44,ääni1092,iter,1,0.25
Atte_45,loppu1485,iter,1,0.25
Atte_46,Atti1759,iter,1,0.25
Atte_46,aja1103,iter,1,0.25
Atte_46,auto1106,iter,1,0.25
Atte_46,auto1107,iter,1,0.25
Atte_46,auto1114,iter,1,0.25
Atte_46,auto1117,iter,1,0.25
Atte_46,auto1128,iter,1,0.25
Atte_46,auto1129,iter,1,0.25
Atte_46,auto1136,iter,1,0.25
Atte_46,ukko1764,iter,1,0.25
Atte_46,ukko1765,iter,1,0.25
Atte_46,ukko1767,iter,1,0.25
Atte_46,äiti1096,iter,1,0.25
Atte_46,äiti1098,iter,1,0.25
Atte_46,äiti1101,iter,1,0.25
Atte_47,Atti1755,iter,1,0.25
Atte_47,Atti1756,iter,1,0.25
Atte_47,Atti1759,iter,1,0.25
Atte_47,aja1104,iter,1,0.25
Atte_47,auto1105,iter,1,0.25
Atte_47,auto1112,iter,1,0.25
Atte_47,auto1114,iter,1,0.25
Atte_47,auto1115,iter,1,0.25
Atte_47,auto1118,iter,1,0.25
Atte_47,auto1121,iter,1,0.25
Atte_47,auto1126,iter,1,0.25
Atte_47,auto1129,iter,1,0.25
Atte_47,auto1131,iter,1,0.25
Atte_47,isi1143,iter,1,0.25
Atte_47,isi1145,iter,1,0.25
Atte_47,kala276,iter,1,0.25
Atte_47,ukko1765,iter,1,0.25
Atte_47,äiti1099,iter,1,0.25
Atte_48,Minni1491,iter,1,0.25
Atte_48,auto1113,iter,1,0.25
Atte_48,auto1117,iter,1,0.25
Atte_48,auto1121,iter,1,0.25
Atte_48,auto1128,iter,1,0.25
Atte_48,matto1486,iter,1,0.25
Atte_48,matto1487,iter,1,0.25
Atte_48,äiti1095,iter,1,0.25
Atte_48,äiti1098,iter,1,0.25
Atte_48,äiti1100,iter,1,0.25
Atte_49,Atti1754,iter,1,0.25
Atte_49,auto1108,iter,1,0.25
Atte_49,auto1111,iter,1,0.25
Atte_49,auto1116,iter,1,0.25
Atte_49,auto1118,iter,1,0.25
Atte_49,auto1128,iter,1,0.25
Atte_49,auto1130,iter,1,0.25
Atte_49,auto1132,iter,1,0.25
Atte_49,auto1136,iter,1,0.25
Atte_49,äiti1093,iter,1,0.25
Atte_5,Atti1757,iter,1,0.25
Atte_5,auto1106,iter,1,0.25
Atte_5,auto1117,iter,1,0.25
Atte_5,auto1122,iter,1,0.25
Atte_5,auto1127,iter,1,0.25
Atte_5,isi1139,iter,1,0.25
Atte_5,isi1142,iter,1,0.25
Atte_5,isi1144,iter,1,0.25
Atte_5,isi1145,iter,1,0.25
Atte_5,kala276,iter,1,0.25
Atte_5,ukko1761,iter,1,0.25
Atte_5,ukko1762,iter,1,0.25
Atte_5,ukko1763,iter,1,0.25
Atte_5,ukko1764,iter,1,0.25
Atte_5,äiti1101,iter,1,0.25
Atte_50,auto1110,iter,1,0.25
Atte_50,auto1115,iter,1,0.25
Atte_50,auto1116,iter,1,0.25
Atte_50,auto1119,iter,1,0.25
Atte_50,auto1122,iter,1,0.25
Atte_50,auto1124,iter,1,0.25
Atte_50,auto1127,iter,1,0.25
Atte_50,auto1128,iter,1,0.25
Atte_50,auto1138,iter,1,0.25
Atte_50,matto1486,iter,1,0.25
Atte_50,matto1489,iter,1,0.25
Atte_50,äiti1097,iter,1,0.25
Atte_50,äiti1099,iter,1,0.25
Atte_51,Atti1751,iter,1,0.25
Atte_51,Atti1752,iter,1,0.25
Atte_51,Atti1755,iter,1,0.25
Atte_51,auto1110,iter,1,0.25
Atte_51,auto1112,iter,1,0.25
Atte_51,auto1117,iter,1,0.25
Atte_51,auto1119,iter,1,0.25
Atte_51,auto1120,iter,1,0.25
Atte_51,auto1130,iter,1,0.25
Atte_51,auto1135,iter,1,0.25
Atte_51,isi1139,iter,1,0.25
Atte_51,äiti1095,iter,1,0.25
Atte_51,äiti1097,iter,1,0.25
Atte_51,äiti1098,iter,1,0.25
Atte_52,Atti1756,iter,1,0.25
Atte_52,auto1106,iter,1,0.25
Atte_52,auto1108,iter,1,0.25
Atte_52,auto1110,iter,1,0.25
Atte_52,auto1113,iter,1,0.25
Atte_52,auto1116,iter,1,0.25
Atte_52,auto1118,iter,1,0.25
Atte_52,auto1120,iter,1,0.25
Atte_52,auto1123,iter,1,0.25
Atte_52,auto1127,iter,1,0.25
Atte_52,auto1138,iter,1,0.25
Atte_52,äiti1097,iter,1,0.25
Atte_52,äiti1101,iter,1,0.25
Atte_53,Atti1753,iter,1,0.25
Atte_53,Atti1756,iter,1,0.25
Atte_53,auto1109,iter,1,0.25
Atte_53,auto1113,iter,1,0.25
Atte_53,auto1117,iter,1,0.25
Atte_53,auto1129,iter,1,0.25
Atte_53,auto1132,iter,1,0.25
Atte_53,auto1133,iter,1,0.25
Atte_53,auto1134,iter,1,0.25
Atte_53,isi1146,iter,1,0.25
Atte_53,matto1488,iter,1,0.25
Atte_53,äiti1093,iter,1,0.25
Atte_53,äiti1098,iter,1,0.25
Atte_53,äiti1099,iter,1,0.25
Atte_54,Atti1757,iter,1,0.25
Atte_54,aja1103,iter,1,0.25
Atte_54,auto1107,iter,1,0.25
Atte_54,auto1108,iter,1,0.25
Atte_54,auto1109,iter,1,0.25
Atte_54,auto1110,iter,1,0.25
Atte_54,auto1113,iter,1,0.25
Atte_54,auto1115,iter,1,0.25
Atte_54,auto1116,iter,1,0.25
Atte_54,auto1120,iter,1,0.25
Atte_54,auto1134,iter,1,0.25
Atte_54,auto1136,iter,1,0.25
Atte_54,isi1140,iter,1,0.25
Atte_54,isi1144,iter,1,0.25
Atte_54,matto1489,iter,1,0.25
Atte_54,ukko1761,iter,1,0.25
Atte_54,ukko1764,iter,1,0.25
Atte_54,äiti1099,iter,1,0.25
Atte_54,äiti1100,iter,1,0.25
Atte_55,ankka1748,iter,1,0.25
Atte_55,ukko1767,iter,1,0.25
Atte_56,matto1488,iter,1,0.25
Atte_56,matto1489,iter,1,0.25
Atte_57,Atti1757,iter,1,0.25
Atte_57,Atti1759,iter,1,0.25
Atte_57,auto1106,iter,1,0.25
Atte_57,auto1113,iter,1,0.25
Atte_57,auto1117,iter,1,0.25
Atte_57,auto1122,iter,1,0.25
Atte_57,auto1126,iter,1,0.25
Atte_57,auto1127,iter,1,0.25
Atte_57,auto1128,iter,1,0.25
Atte_57,auto1131,iter,1,0.25
Atte_57,isi1146,iter,1,0.25
Atte_57,ukko1765,iter,1,0.25
Atte_57,äiti1093,iter,1,0.25
Atte_57,äiti1097,iter,1,0.25
Atte_57,äiti1101,iter,1,0.25
Atte_58,Atti1755,iter,1,0.25
Atte_58,Atti1758,iter,1,0.25
Atte_58,Atti1760,iter,1,0.25
Atte_58,auto1107,iter,1,0.25
Atte_58,auto1134,iter,1,0.25
Atte_58,auto1135,iter,1,0.25
Atte_58,auto1136,iter,1,0.25
Atte_58,isi1140,iter,1,0.25
Atte_58,isi1146,iter,1,0.25
Atte_58,matto1488,iter,1,0.25
Atte_58,ukko1763,iter,1,0.25
Atte_58,äiti1096,iter,1,0.25
Atte_58,äiti1097,iter,1,0.25
Atte_59,kippaa1481,iter,1,0.25
Atte_59,loppu1482,iter,1,0.25
Atte_59,pappa1499,iter,1,0.25
Atte_6,aja1104,iter,1,0.25
Atte_6,ankka1748,iter,1,0.25
Atte_6,auto1106,iter,1,0.25
Atte_6,auto1110,iter,1,0.25
Atte_6,auto1119,iter,1,0.25
Atte_6,auto1120,iter,1,0.25
Atte_6,auto1126,iter,1,0.25
Atte_6,auto1129,iter,1,0.25
Atte_6,isi1141,iter,1,0.25
Atte_6,isi1145,iter,1,0.25
Atte_6,isi1146,iter,1,0.25
Atte_6,ukko1766,iter,1,0.25
Atte_6,äiti1093,iter,1,0.25
Atte_6,äiti1100,iter,1,0.25
Atte_60,Atti1757,iter,1,0.25
Atte_60,Atti1758,iter,1,0.25
Atte_60,auto1105,iter,1,0.25
Atte_60,auto1111,iter,1,0.25
Atte_60,auto1113,iter,1,0.25
Atte_60,auto1115,iter,1,0.25
Atte_60,auto1122,iter,1,0.25
Atte_60,auto1127,iter,1,0.25
Atte_60,auto1136,iter,1,0.25
Atte_60,isi1144,iter,1,0.25
Atte_60,matto1487,iter,1,0.25
Atte_60,pupu277,iter,1,0.25
Atte_60,ukko1761,iter,1,0.25
Atte_60,äiti1094,iter,1,0.25
Atte_61,Minni1490,iter,1,0.25
Atte_61,aja1104,iter,1,0.25
Atte_61,auto1108,iter,1,0.25
Atte_61,auto1110,iter,1,0.25
Atte_61,auto1120,iter,1,0.25
Atte_61,auto1121,iter,1,0.25
Atte_61,auto1127,iter,1,0.25
Atte_61,auto1128,iter,1,0.25
Atte_61,auto1132,iter,1,0.25
Atte_61,isi1140,iter,1,0.25
Atte_61,isi1146,iter,1,0.25
Atte_61,äiti1095,iter,1,0.25
Atte_61,äiti1097,iter,1,0.25
Atte_61,ääni1092,iter,1,0.25
Atte_62,Atti1752,iter,1,0.25
Atte_62,Atti1755,iter,1,0.25
Atte_62,Atti1759,iter,1,0.25
Atte_62,aja1103,iter,1,0.25
Atte_62,auto1111,iter,1,0.25
Atte_62,auto1113,iter,1,0.25
Atte_62,auto1124,iter,1,0.25
Atte_62,auto1127,iter,1,0.25
Atte_62,auto1134,iter,1,0.25
Atte_62,auto1135,iter,1,0.25
Atte_62,isi1141,iter,1,0.25
Atte_62,isi1142,iter,1,0.25
Atte_62,isi1143,iter,1,0.25
Atte_62,matto1488,iter,1,0.25
Atte_62,äiti1093,iter,1,0.25
Atte_62,äiti1098,iter,1,0.25
Atte_63,aja1104,iter,1,0.25
Atte_63,auto1107,iter,1,0.25
Atte_63,auto1110,iter,1,0.25
Atte_63,auto1113,iter,1,0.25
Atte_63,auto1115,iter,1,0.25
Atte_63,auto1117,iter,1,0.25
Atte_63,auto1119,iter,1,0.25
Atte_63,auto1129,iter,1,0.25
Atte_63,auto1132,iter,1,0.25
Atte_63,isi1139,iter,1,0.25
Atte_63,matto1486,iter,1,0.25
Atte_63,matto1487,iter,1,0.25
Atte_63,matto1488,iter,1,0.25
Atte_63,pupu277,iter,1,0.25
Atte_63,ukko1761,iter,1,0.25
Atte_63,ukko1763,iter,1,0.25
Atte_63,ääni1092,iter,1,0.25
Atte_64,Atti1751,iter,1,0.25
Atte_64,auto1105,iter,1,0.25
Atte_64,auto1108,iter,1,0.25
Atte_64,auto1112,iter,1,0.25
Atte_64,auto1121,iter,1,0.25
Atte_64,auto1125,iter,1,0.25
Atte_64,auto1128,iter,1,0.25
Atte_64,auto1129,iter,1,0.25
Atte_64,auto1132,iter,1,0.25
Atte_64,äiti1094,iter,1,0.25
Atte_64,äiti1099,iter,1,0.25
Atte_64,äiti1100,iter,1,0.25
Atte_65,Atti1754,iter,1,0.25
Atte_65,Atti1759,iter,1,0.25
Atte_65,auto1105,iter,1,0.25
Atte_65,auto1106,iter,1,0.25
Atte_65,auto1122,iter,1,0.25
Atte_65,auto1125,iter,1,0.25
Atte_65,auto1126,iter,1,0.25
Atte_65,auto1130,iter,1,0.25
Atte_65,auto1137,iter,1,0.25
Atte_65,auto1138,iter,1,0.25
Atte_66,auto1107,iter,1,0.25
Atte_66,auto1112,iter,1,0.25
Atte_66,auto1116,iter,1,0.25
Atte_66,auto1117,iter,1,0.25
Atte_66,auto1128,iter,1,0.25
Atte_66,matto1486,iter,1,0.25
Atte_66,matto1487,iter,1,0.25
Atte_66,matto1489,iter,1,0.25
Atte_66,äiti1098,iter,1,0.25
Atte_66,äiti1100,iter,1,0.25
Atte_67,Atti1756,iter,1,0.25
Atte_67,Atti1757,iter,1,0.25
Atte_67,auto1109,iter,1,0.25
Atte_67,auto1111,iter,1,0.25
Atte_67,auto1115,iter,1,0.25
Atte_67,auto1116,iter,1,0.25
Atte_67,auto1121,iter,1,0.25
Atte_67,auto1125,iter,1,0.25
Atte_67,isi1139,iter,1,0.25
Atte_67,isi1140,iter,1,0.25
Atte_67,isi1141,iter,1,0.25
Atte_67,matto1487,iter,1,0.25
Atte_67,matto1488,iter,1,0.25
Atte_68,kello1479,iter,1,0.25
Atte_69,Atti1753,iter,1,0.25
Atte_69,Atti1755,iter,1,0.25
Atte_69,Atti1758,iter,1,0.25
Atte_69,Atti1759,iter,1,0.25
Atte_69,aja1103,iter,1,0.25
Atte_69,auto1112,iter,1,0.25
Atte_69,auto1114,iter,1,0.25
Atte_69,auto1116,iter,1,0.25
Atte_69,auto1117,iter,1,0.25
Atte_69,auto1134,iter,1,0.25
Atte_69,isi1146,iter,1,0.25
Atte_69,matto1488,iter,1,0.25
Atte_69,matto1489,iter,1,0.25
Atte_69,ukko1761,iter,1,0.25
Atte_69,ukko1764,iter,1,0.25
Atte_69,äiti1097,iter,1,0.25
Atte_7,Atti1752,iter,1,0.25
Atte_7,Atti1753,iter,1,0.25
Atte_7,Atti1755,iter,1,0.25
Atte_7,Atti1756,iter,1,0.25
Atte_7,aja1103,iter,1,0.25
Atte_7,auto1105,iter,1,0.25
Atte_7,auto1110,iter,1,0.25
Atte_7,auto1113,iter,1,0.25
Atte_7,auto1116,iter,1,0.25
Atte_7,auto1118,iter,1,0.25
Atte_7,auto1123,iter,1,0.25
Atte_7,auto1124,iter,1,0.25
Atte_7,auto1130,iter,1,0.25
Atte_7,auto1137,iter,1,0.25
Atte_7,matto1489,iter,1,0.25
Atte_7,ukko1766,iter,1,0.25
Atte_7,äiti1097,iter,1,0.25
Atte_70,aja1103,iter,1,0.25
Atte_70,ankka1747,iter,1,0.25
Atte_70,auto1106,iter,1,0.25
Atte_70,auto1110,iter,1,0.25
Atte_70,auto1112,iter,1,0.25
Atte_70,auto1114,iter,1,0.25
Atte_70,auto1115,iter,1,0.25
Atte_70,auto1122,iter,1,0.25
Atte_70,auto1126,iter,1,0.25
Atte_70,auto1128,iter,1,0.25
Atte_70,auto1135,iter,1,0.25
Atte_70,isi1142,iter,1,0.25
Atte_70,ukko1764,iter,1,0.25
Atte_71,Atti1753,iter,1,0.25
Atte_71,Atti1754,iter,1,0.25
Atte_71,auto1105,iter,1,0.25
Atte_71,auto1107,iter,1,0.25
Atte_71,auto1110,iter,1,0.25
Atte_71,auto1121,iter,1,0.25
Atte_71,auto1132,iter,1,0.25
Atte_71,auto1134,iter,1,0.25
Atte_71,auto1135,iter,1,0.25
Atte_71,matto1487,iter,1,0.25
Atte_71,pupu277,iter,1,0.25
Atte_71,ukko1761,iter,1,0.25
Atte_71,ukko1763,iter,1,0.25
Atte_71,ukko1764,iter,1,0.25
Atte_71,äiti1095,iter,1,0.25
Atte_71,ääni1092,iter,1,0.25
Atte_72,kippaa1480,iter,1,0.25
Atte_72,loppu1482,iter,1,0.25
Atte_72,pupu277,iter,1,0.25
Atte_73,Atti1754,iter,1,0.25
Atte_73,Atti1760,iter,1,0.25
Atte_73,auto1111,iter,1,0.25
Atte_73,auto1120,iter,1,0.25
Atte_73,auto1127,iter,1,0.25
Atte_73,auto1128,iter,1,0.25
Atte_73,auto1132,iter,1,0.25
Atte_73,auto1135,iter,1,0.25
Atte_73,auto1136,iter,1,0.25
Atte_73,isi1144,iter,1,0.25
Atte_73,isi1146,iter,1,0.25
Atte_73,pupu277,iter,1,0.25
Atte_73,ukko1765,iter,1,0.25
Atte_73,äiti1102,iter,1,0.25
Atte_74,aja1104,iter,1,0.25
Atte_74,auto1106,iter,1,0.25
Atte_74,auto1111,iter,1,0.25
Atte_74,auto1120,iter,1,0.25
Atte_74,auto1122,iter,1,0.25
Atte_74,auto1136,iter,1,0.25
Atte_74,isi1145,iter,1,0.25
Atte_74,ukko1764,iter,1,0.25
Atte_74,äiti1097,iter,1,0.25
Atte_74,äiti1101,iter,1,0.25
Atte_74,ääni1092,iter,1,0.25
Atte_75,Atti1751,iter,1,0.25
Atte_75,auto1112,iter,1,0.25
Atte_75,auto1115,iter,1,0.25
Atte_75,auto1117,iter,1,0.25
Atte_75,auto1122,iter,1,0.25
Atte_75,auto1126,iter,1,0.25
Atte_75,auto1128,iter,1,0.25
Atte_75,auto1131,iter,1,0.25
Atte_75,auto1133,iter,1,0.25
Atte_75,auto1135,iter,1,0.25
Atte_75,auto1137,iter,1,0.25
Atte_75,isi1144,iter,1,0.25
Atte_75,matto1488,iter,1,0.25
Atte_75,ukko1767,iter,1,0.25
Atte_75,äiti1093,iter,1,0.25
Atte_75,äiti1102,iter,1,0.25
Atte_76,Atti1754,iter,1,0.25
Atte_76,Atti1755,iter,1,0.25
Atte_76,Atti1756,iter,1,0.25
Atte_76,Atti1757,iter,1,0.25
Atte_76,Atti1760,iter,1,0.25
Atte_76,auto1116,iter,1,0.25
Atte_76,auto1128,iter,1,0.25
Atte_76,auto1135,iter,1,0.25
Atte_76,auto1137,iter,1,0.25
Atte_76,auto1138,iter,1,0.25
Atte_76,äiti1098,iter,1,0.25
Atte_76,äiti1102,iter,1,0.25
Atte_77,Atti1751,iter,1,0.25
Atte_77,Atti1753,iter,1,0.25
Atte_77,aja1103,iter,1,0.25
Atte_77,auto1115,iter,1,0.25
Atte_77,auto1116,iter,1,0.25
Atte_77,auto1123,iter,1,0.25
Atte_77,auto1129,iter,1,0.25
Atte_77,auto1131,iter,1,0.25
Atte_77,auto1133,iter,1,0.25
Atte_77,matto1486,iter,1,0.25
Atte_77,ukko1764,iter,1,0.25
Atte_77,ukko1765,iter,1,0.25
Atte_77,äiti1094,iter,1,0.25
Atte_77,äiti1099,iter,1,0.25
Atte_77,äiti1101,iter,1,0.25
Atte_77,ääni1092,iter,1,0.25
Atte_78,Atti1751,iter,1,0.25
Atte_78,auto1105,iter,1,0.25
Atte_78,auto1121,iter,1,0.25
Atte_78,auto1125,iter,1,0.25
Atte_78,auto1130,iter,1,0.25
Atte_78,auto1131,iter,1,0.25
Atte_78,auto1133,iter,1,0.25
Atte_78,auto1134,iter,1,0.25
Atte_78,äiti1093,iter,1,0.25
Atte_78,äiti1097,iter,1,0.25
Atte_79,Atti1751,iter,1,0.25
Atte_79,Atti1757,iter,1,0.25
Atte_79,auto1115,iter,1,0.25
Atte_79,auto1117,iter,1,0.25
Atte_79,auto1125,iter,1,0.25
Atte_79,auto1138,iter,1,0.25
Atte_8,pallo1496,iter,1,0.25
Atte_8,pallo1497,iter,1,0.25
Atte_80,ankka1747,iter,1,0.25
Atte_80,auto1107,iter,1,0.25
Atte_80,auto1109,iter,1,0.25
Atte_80,auto1117,iter,1,0.25
Atte_80,auto1122,iter,1,0.25
Atte_80,auto1123,iter,1,0.25
Atte_80,auto1129,iter,1,0.25
Atte_80,auto1132,iter,1,0.25
Atte_80,auto1136,iter,1,0.25
Atte_80,auto1138,iter,1,0.25
Atte_80,isi1144,iter,1,0.25
Atte_80,isi1145,iter,1,0.25
Atte_80,isi1146,iter,1,0.25
Atte_80,ukko1761,iter,1,0.25
Atte_80,ukko1762,iter,1,0.25
Atte_80,äiti1097,iter,1,0.25
Atte_81,Atti1752,iter,1,0.25
Atte_81,Atti1755,iter,1,0.25
Atte_81,Atti1760,iter,1,0.25
Atte_81,aja1103,iter,1,0.25
Atte_81,auto1119,iter,1,0.25
Atte_81,auto1121,iter,1,0.25
Atte_81,auto1123,iter,1,0.25
Atte_81,auto1130,iter,1,0.25
Atte_81,auto1131,iter,1,0.25
Atte_81,isi1139,iter,1,0.25
Atte_81,isi1145,iter,1,0.25
Atte_81,isi1146,iter,1,0.25
Atte_81,ukko1766,iter,1,0.25
Atte_81,ukko1767,iter,1,0.25
Atte_81,äiti1094,iter,1,0.25
Atte_81,äiti1101,iter,1,0.25
Atte_81,äiti1102,iter,1,0.25
Atte_82,ankka1749,iter,1,0.25
Atte_82,auto1110,iter,1,0.25
Atte_82,auto1118,iter,1,0.25
Atte_82,auto1122,iter,1,0.25
Atte_82,auto1123,iter,1,0.25
Atte_82,auto1128,iter,1,0.25
Atte_82,auto1135,iter,1,0.25
Atte_82,isi1143,iter,1,0.25
Atte_82,ukko1763,iter,1,0.25
Atte_82,ukko1764,iter,1,0.25
Atte_82,ukko1765,iter,1,0.25
Atte_82,äiti1093,iter,1,0.25
Atte_82,äiti1100,iter,1,0.25
Atte_83,auto1112,iter,1,0.25
Atte_83,auto1118,iter,1,0.25
Atte_83,auto1133,iter,1,0.25
Atte_83,auto1135,iter,1,0.25
Atte_83,isi1139,iter,1,0.25
Atte_83,isi1140,iter,1,0.25
Atte_83,kala276,iter,1,0.25
Atte_83,kello1479,iter,1,0.25
Atte_83,äiti1093,iter,1,0.25
Atte_83,äiti1099,iter,1,0.25
Atte_83,äiti1101,iter,1,0.25
Atte_84,Minni1492,iter,1,0.25
Atte_85,Atti1751,iter,1,0.25
Atte_85,Atti1753,iter,1,0.25
Atte_85,Atti1760,iter,1,0.25
Atte_85,auto1116,iter,1,0.25
Atte_85,auto1117,iter,1,0.25
Atte_85,auto1123,iter,1,0.25
Atte_85,auto1124,iter,1,0.25
Atte_85,auto1126,iter,1,0.25
Atte_85,auto1130,iter,1,0.25
Atte_85,isi1140,iter,1,0.25
Atte_85,isi1145,iter,1,0.25
Atte_85,kala276,iter,1,0.25
Atte_85,ukko1767,iter,1,0.25
Atte_85,äiti1094,iter,1,0.25
Atte_85,äiti1097,iter,1,0.25
Atte_85,äiti1100,iter,1,0.25
Atte_86,Atti1755,iter,1,0.25
Atte_86,Atti1757,iter,1,0.25
Atte_86,Atti1760,iter,1,0.25
Atte_86,auto1107,iter,1,0.25
Atte_86,auto1109,iter,1,0.25
Atte_86,auto1111,iter,1,0.25
Atte_86,auto1114,iter,1,0.25
Atte_86,auto1119,iter,1,0.25
Atte_86,auto1131,iter,1,0.25
Atte_86,auto1135,iter,1,0.25
Atte_86,isi1143,iter,1,0.25
Atte_86,äiti1093,iter,1,0.25
Atte_86,äiti1094,iter,1,0.25
Atte_86,äiti1101,iter,1,0.25
Atte_87,Atti1756,iter,1,0.25
Atte_87,Atti1760,iter,1,0.25
Atte_87,aja1104,iter,1,0.25
Atte_87,auto1122,iter,1,0.25
Atte_87,auto1125,iter,1,0.25
Atte_87,isi1143,iter,1,0.25
Atte_87,isi1145,iter,1,0.25
Atte_87,matto1486,iter,1,0.25
Atte_87,matto1487,iter,1,0.25
Atte_87,matto1489,iter,1,0.25
Atte_87,pupu277,iter,1,0.25
Atte_87,äiti1094,iter,1,0.25
Atte_87,äiti1095,iter,1,0.25
Atte_87,äiti1098,iter,1,0.25
Atte_87,äiti1099,iter,1,0.25
Atte_87,äiti1100,iter,1,0.25
Atte_87,ääni1092,iter,1,0.25
Atte_88,loppu1482,iter,1,0.25
Atte_89,kello1477,iter,1,0.25
Atte_89,kello1479,iter,1,0.25
Atte_89,nalle1494,iter,1,0.25
Atte_89,nalle1495,iter,1,0.25
Atte_89,pallo1498,iter,1,0.25
Atte_9,ankka1747,iter,1,0.25
Atte_9,ankka1750,iter,1,0.25
Atte_90,Minni1492,iter,1,0.25
Atte_91,isi1139,iter,1,0.25
Atte_91,isi1144,iter,1,0.25
Atte_91,isi1145,iter,1,0.25
Atte_91,kippaa1480,iter,1,0.25
Atte_91,kippaa1481,iter,1,0.25
Atte_91,ukko1764,iter,1,0.25
Atte_92,aja1104,iter,1,0.25
Atte_92,auto1106,iter,1,0.25
Atte_92,auto1107,iter,1,0.25
Atte_92,auto1109,iter,1,0.25
Atte_92,auto1110,iter,1,0.25
Atte_92,auto1114,iter,1,0.25
Atte_92,auto1118,iter,1,0.25
Atte_92,auto1130,iter,1,0.25
Atte_92,auto1132,iter,1,0.25
Atte_92,isi1140,iter,1,0.25
Atte_92,ukko1763,iter,1,0.25
Atte_92,äiti1102,iter,1,0.25
Atte_93,Atti1753,iter,1,0.25
Atte_93,auto1118,iter,1,0.25
Atte_93,auto1120,iter,1,0.25
Atte_93,auto1122,iter,1,0.25
Atte_93,auto1123,iter,1,0.25
Atte_93,auto1130,iter,1,0.25
Atte_93,auto1131,iter,1,0.25
Atte_93,auto1137,iter,1,0.25
Atte_93,isi1143,iter,1,0.25
Atte_93,ukko1761,iter,1,0.25
Atte_93,äiti1093,iter,1,0.25
Atte_93,äiti1094,iter,1,0.25
Atte_93,äiti1099,iter,1,0.25
Atte_94,aja1103,iter,1,0.25
Atte_94,auto1105,iter,1,0.25
Atte_94,auto1109,iter,1,0.25
Atte_94,auto1114,iter,1,0.25
Atte_94,auto1115,iter,1,0.25
Atte_94,auto1121,iter,1,0.25
Atte_94,auto1123,iter,1,0.25
Atte_94,isi1142,iter,1,0.25
Atte_94,isi1143,iter,1,0.25
Atte_94,pupu277,iter,1,0.25
Atte_94,ukko1765,iter,1,0.25
Atte_94,ukko1767,iter,1,0.25
Atte_94,äiti1093,iter,1,0.25
Atte_96,Atti1752,iter,1,0.25
Atte_96,Atti1756,iter,1,0.25
Atte_96,auto1113,iter,1,0.25
Atte_96,auto1119,iter,1,0.25
Atte_96,auto1123,iter,1,0.25
Atte_96,auto1126,iter,1,0.25
Atte_96,auto1127,iter,1,0.25
Atte_96,auto1131,iter,1,0.25
Atte_96,auto1133,iter,1,0.25
Atte_96,auto1138,iter,1,0.25
Atte_96,isi1145,iter,1,0.25
Atte_96,pupu277,iter,1,0.25
Atte_96,ukko1765,iter,1,0.25
Atte_96,äiti1094,iter,1,0.25
Atte_96,äiti1099,iter,1,0.25
Atte_97,Atti1751,iter,1,0.25
Atte_97,Atti1754,iter,1,0.25
Atte_97,Atti1757,iter,1,0.25
Atte_97,auto1109,iter,1,0.25
Atte_97,auto1115,iter,1,0.25
Atte_97,auto1126,iter,1,0.25
Atte_97,auto1128,iter,1,0.25
Atte_97,auto1132,iter,1,0.25
Atte_97,isi1145,iter,1,0.25
Atte_97,ukko1767,iter,1,0.25
Atte_97,äiti1094,iter,1,0.25
Atte_97,äiti1095,iter,1,0.25
Atte_97,äiti1100,iter,1,0.25
Atte_97,äiti1102,iter,1,0.25
Atte_97,ääni1092,iter,1,0.25
Atte_98,Atti1753,iter,1,0.25
Atte_98,auto1108,iter,1,0.25
Atte_98,auto1111,iter,1,0.25
Atte_98,auto1114,iter,1,0.25
Atte_98,auto1116,iter,1,0.25
Atte_98,auto1118,iter,1,0.25
Atte_98,auto1127,iter,1,0.25
Atte_98,auto1128,iter,1,0.25
Atte_98,auto1133,iter,1,0.25
Atte_98,auto1138,iter,1,0.25
Atte_98,isi1144,iter,1,0.25
Atte_98,matto1486,iter,1,0.25
Atte_98,ukko1765,iter,1,0.25
Atte_99,Atti1752,iter,1,0.25
Atte_99,Atti1754,iter,1,0.25
Atte_99,Atti1758,iter,1,0.25
Atte_99,auto1113,iter,1,0.25
Atte_99,auto1115,iter,1,0.25
Atte_99,auto1120,iter,1,0.25
Atte_99,auto1124,iter,1,0.25
Atte_99,auto1125,iter,1,0.25
Atte_99,auto1133,iter,1,0.25
Atte_99,auto1134,iter,1,0.25
Atte_99,äiti1094,iter,1,0.25
Atte_99,äiti1095,iter,1,0.25
Atte_99,äiti1098,iter,1,0.25
Basile_1,bisou668,iter,1,0.25
Basile_1,coucou678,iter,1,0.25
Basile_1,encore1276,iter,1,0.25
Basile_1,est là1279,iter,1,0.25
Basile_1,est là1280,iter,1,0.25
Basile_1,lequel680,iter,1,0.25
Basile_1,mouton702,iter,1,0.25
Basile_1,papa711,iter,1,0.25
Basile_1,papa712,iter,1,0.25
Basile_1,pin pon714,iter,1,0.25
Basile_1,pin pon719,iter,1,0.25
Basile_1,teuton721,iter,1,0.25
Basile_10,bisou668,iter,1,0.25
Basile_10,canard/coin-coin674,iter,1,0.25
Basile_10,maman694,iter,1,0.25
Basile_10,maman696,iter,1,0.25
Basile_10,maman699,iter,1,0.25
Basile_10,maman701,iter,1,0.25
Basile_100,bravo669,iter,1,0.25
Basile_100,est là1280,iter,1,0.25
Basile_100,maman691,iter,1,0.25
Basile_100,maman693,iter,1,0.25
Basile_100,maman696,iter,1,0.25
Basile_100,maman697,iter,1,0.25
Basile_100,maman701,iter,1,0.25
Basile_100,mouton702,iter,1,0.25
Basile_100,nonnon708,iter,1,0.25
Basile_100,pin pon720,iter,1,0.25
Basile_11,bravo669,iter,1,0.25
Basile_11,canard/coin-coin672,iter,1,0.25
Basile_11,canard/coin-coin675,iter,1,0.25
Basile_11,coucou678,iter,1,0.25
Basile_11,divan679,iter,1,0.25
Basile_11,encore1278,iter,1,0.25
Basile_11,est là1281,iter,1,0.25
Basile_11,maman692,iter,1,0.25
Basile_11,maman693,iter,1,0.25
Basile_11,maman695,iter,1,0.25
Basile_11,maman696,iter,1,0.25
Basile_11,maman697,iter,1,0.25
Basile_11,maman699,iter,1,0.25
Basile_11,maman701,iter,1,0.25
Basile_11,pin pon714,iter,1,0.25
Basile_11,pin pon715,iter,1,0.25
Basile_11,pin pon720,iter,1,0.25
Basile_12,bisou668,iter,1,0.25
Basile_12,bravo670,iter,1,0.25
Basile_12,divan679,iter,1,0.25
Basile_12,maman692,iter,1,0.25
Basile_12,maman693,iter,1,0.25
Basile_12,maman694,iter,1,0.25
Basile_12,maman698,iter,1,0.25
Basile_12,papa710,iter,1,0.25
Basile_12,pin pon714,iter,1,0.25
Basile_12,pin pon715,iter,1,0.25
Basile_12,pin pon720,iter,1,0.25
Basile_13,canard/coin-coin671,iter,1,0.25
Basile_13,canard/coin-coin674,iter,1,0.25
Basile_13,est là1280,iter,1,0.25
Basile_13,maman691,iter,1,0.25
Basile_13,maman695,iter,1,0.25
Basile_13,maman698,iter,1,0.25
Basile_13,maman699,iter,1,0.25
Basile_13,nonnon708,iter,1,0.25
Basile_13,teuton721,iter,1,0.25
Basile_14,bisou668,iter,1,0.25
Basile_14,est là1281,iter,1,0.25
Basile_14,maman691,iter,1,0.25
Basile_14,maman692,iter,1,0.25
Basile_14,maman695,iter,1,0.25
Basile_14,maman696,iter,1,0.25
Basile_14,maman699,iter,1,0.25
Basile_14,mouton702,iter,1,0.25
Basile_14,papa710,iter,1,0.25
Basile_14,papa713,iter,1,0.25
Basile_14,pin pon720,iter,1,0.25
Basile_15,bisou668,iter,1,0.25
Basile_15,bravo670,iter,1,0.25
Basile_15,est là1280,iter,1,0.25
Basile_15,maman693,iter,1,0.25
Basile_15,maman694,iter,1,0.25
Basile_15,maman701,iter,1,0.25
Basile_15,papa713,iter,1,0.25
Basile_15,pin pon715,iter,1,0.25
Basile_15,pin pon717,iter,1,0.25
Basile_16,est là1281,iter,1,0.25
Basile_16,maman693,iter,1,0.25
Basile_16,maman694,iter,1,0.25
Basile_16,maman695,iter,1,0.25
Basile_16,maman698,iter,1,0.25
Basile_16,maman700,iter,1,0.25
Basile_16,papa712,iter,1,0.25
Basile_16,papa713,iter,1,0.25
Basile_16,pin pon714,iter,1,0.25
Basile_16,pin pon715,iter,1,0.25
Basile_16,pin pon716,iter,1,0.25
Basile_16,pin pon717,iter,1,0.25
Basile_17,canard/coin-coin672,iter,1,0.25
Basile_17,canard/coin-coin673,iter,1,0.25
Basile_17,canard/coin-coin674,iter,1,0.25
Basile_17,canard/coin-coin675,iter,1,0.25
Basile_17,encore1276,iter,1,0.25
Basile_17,est là1279,iter,1,0.25
Basile_17,livre689,iter,1,0.25
Basile_17,maman691,iter,1,0.25
Basile_17,maman692,iter,1,0.25
Basile_17,maman694,iter,1,0.25
Basile_17,maman695,iter,1,0.25
Basile_17,maman696,iter,1,0.25
Basile_17,maman700,iter,1,0.25
Basile_18,encore1276,iter,1,0.25
Basile_18,est là1279,iter,1,0.25
Basile_18,livre682,iter,1,0.25
Basile_18,livre684,iter,1,0.25
Basile_18,maman694,iter,1,0.25
Basile_18,maman697,iter,1,0.25
Basile_18,maman699,iter,1,0.25
Basile_18,maman700,iter,1,0.25
Basile_18,maman701,iter,1,0.25
Basile_18,mouton702,iter,1,0.25
Basile_18,teuton721,iter,1,0.25
Basile_19,canard/coin-coin673,iter,1,0.25
Basile_19,canard/coin-coin674,iter,1,0.25
Basile_19,canard/coin-coin675,iter,1,0.25
Basile_19,maman692,iter,1,0.25
Basile_19,maman696,iter,1,0.25
Basile_19,maman699,iter,1,0.25
Basile_19,mouton702,iter,1,0.25
Basile_2,bisou668,iter,1,0.25
Basile_2,bravo669,iter,1,0.25
Basile_2,canard/coin-coin672,iter,1,0.25
Basile_2,cassé676,iter,1,0.25
Basile_2,encore1276,iter,1,0.25
Basile_2,encore1278,iter,1,0.25
Basile_2,est là1279,iter,1,0.25
Basile_2,maman693,iter,1,0.25
Basile_2,maman699,iter,1,0.25
Basile_2,mouton702,iter,1,0.25
Basile_2,nonnon709,iter,1,0.25
Basile_2,papa710,iter,1,0.25
Basile_2,papa711,iter,1,0.25
Basile_2,pin pon714,iter,1,0.25
Basile_2,pin pon717,iter,1,0.25
Basile_2,pin pon719,iter,1,0.25
Basile_2,voiture723,iter,1,0.25
Basile_20,maman691,iter,1,0.25
Basile_20,maman692,iter,1,0.25
Basile_20,maman695,iter,1,0.25
Basile_20,maman701,iter,1,0.25
Basile_20,papa711,iter,1,0.25
Basile_20,pin pon715,iter,1,0.25
Basile_20,pin pon716,iter,1,0.25
Basile_20,pin pon718,iter,1,0.25
Basile_20,pin pon719,iter,1,0.25
Basile_20,pin pon720,iter,1,0.25
Basile_21,est là1281,iter,1,0.25
Basile_21,livre681,iter,1,0.25
Basile_21,livre682,iter,1,0.25
Basile_21,livre688,iter,1,0.25
Basile_22,bisou668,iter,1,0.25
Basile_22,bravo669,iter,1,0.25
Basile_22,maman693,iter,1,0.25
Basile_22,maman694,iter,1,0.25
Basile_22,maman695,iter,1,0.25
Basile_22,maman697,iter,1,0.25
Basile_22,maman699,iter,1,0.25
Basile_22,papa711,iter,1,0.25
Basile_22,papa712,iter,1,0.25
Basile_22,pin pon714,iter,1,0.25
Basile_22,pin pon716,iter,1,0.25
Basile_22,pin pon720,iter,1,0.25
Basile_23,est là1280,iter,1,0.25
Basile_23,livre688,iter,1,0.25
Basile_24,est là1279,iter,1,0.25
Basile_24,livre682,iter,1,0.25
Basile_24,livre684,iter,1,0.25
Basile_24,livre686,iter,1,0.25
Basile_25,bisou668,iter,1,0.25
Basile_25,cassé676,iter,1,0.25
Basile_25,encore1277,iter,1,0.25
Basile_25,livre683,iter,1,0.25
Basile_25,livre684,iter,1,0.25
Basile_25,livre685,iter,1,0.25
Basile_25,maman693,iter,1,0.25
Basile_25,maman697,iter,1,0.25
Basile_25,maman698,iter,1,0.25
Basile_25,maman701,iter,1,0.25
Basile_25,mouton702,iter,1,0.25
Basile_26,bisou668,iter,1,0.25
Basile_26,bravo669,iter,1,0.25
Basile_26,canard/coin-coin672,iter,1,0.25
Basile_26,cassé676,iter,1,0.25
Basile_26,coucou678,iter,1,0.25
Basile_26,papa711,iter,1,0.25
Basile_26,pin pon716,iter,1,0.25
Basile_26,pin pon717,iter,1,0.25
Basile_27,bravo669,iter,1,0.25
Basile_27,bravo670,iter,1,0.25
Basile_27,cassé676,iter,1,0.25
Basile_27,coucou678,iter,1,0.25
Basile_27,encore1278,iter,1,0.25
Basile_27,maman692,iter,1,0.25
Basile_27,maman694,iter,1,0.25
Basile_27,maman697,iter,1,0.25
Basile_27,maman699,iter,1,0.25
Basile_27,papa712,iter,1,0.25
Basile_27,papa713,iter,1,0.25
Basile_27,pin pon714,iter,1,0.25
Basile_27,pin pon717,iter,1,0.25
Basile_27,pin pon718,iter,1,0.25
Basile_27,teuton721,iter,1,0.25
Basile_28,coucou678,iter,1,0.25
Basile_28,encore1277,iter,1,0.25
Basile_28,maman691,iter,1,0.25
Basile_28,maman696,iter,1,0.25
Basile_28,maman697,iter,1,0.25
Basile_28,mouton702,iter,1,0.25
Basile_28,pin pon714,iter,1,0.25
Basile_28,pin pon715,iter,1,0.25
Basile_28,pin pon717,iter,1,0.25
Basile_29,est là1279,iter,1,0.25
Basile_29,livre683,iter,1,0.25
Basile_29,livre684,iter,1,0.25
Basile_29,livre690,iter,1,0.25
Basile_3,livre685,iter,1,0.25
Basile_30,livre686,iter,1,0.25
Basile_30,livre690,iter,1,0.25
Basile_31,cassé676,iter,1,0.25
Basile_31,encore1276,iter,1,0.25
Basile_31,encore1277,iter,1,0.25
Basile_31,maman692,iter,1,0.25
Basile_31,maman693,iter,1,0.25
Basile_31,maman699,iter,1,0.25
Basile_31,maman700,iter,1,0.25
Basile_31,maman701,iter,1,0.25
Basile_31,papa713,iter,1,0.25
Basile_31,pin pon717,iter,1,0.25
Basile_32,est là1279,iter,1,0.25
Basile_32,livre681,iter,1,0.25
Basile_32,livre682,iter,1,0.25
Basile_32,livre686,iter,1,0.25
Basile_33,livre683,iter,1,0.25
Basile_33,livre686,iter,1,0.25
Basile_33,livre688,iter,1,0.25
Basile_34,livre681,iter,1,0.25
Basile_34,livre683,iter,1,0.25
Basile_34,livre685,iter,1,0.25
Basile_34,livre687,iter,1,0.25
Basile_34,livre688,iter,1,0.25
Basile_35,bisou668,iter,1,0.25
Basile_35,canard/coin-coin671,iter,1,0.25
Basile_35,canard/coin-coin673,iter,1,0.25
Basile_35,coucou677,iter,1,0.25
Basile_35,encore1278,iter,1,0.25
Basile_35,papa711,iter,1,0.25
Basile_35,pin pon715,iter,1,0.25
Basile_35,pin pon716,iter,1,0.25
Basile_35,pin pon718,iter,1,0.25
Basile_36,bisou668,iter,1,0.25
Basile_36,encore1276,iter,1,0.25
Basile_36,encore1277,iter,1,0.25
Basile_36,maman691,iter,1,0.25
Basile_36,maman692,iter,1,0.25
Basile_36,maman695,iter,1,0.25
Basile_36,maman697,iter,1,0.25
Basile_36,maman699,iter,1,0.25
Basile_36,mouton702,iter,1,0.25
Basile_36,papa712,iter,1,0.25
Basile_36,pin pon714,iter,1,0.25
Basile_36,pin pon715,iter,1,0.25
Basile_36,pin pon718,iter,1,0.25
Basile_37,est là1281,iter,1,0.25
Basile_37,livre683,iter,1,0.25
Basile_37,livre685,iter,1,0.25
Basile_37,livre690,iter,1,0.25
Basile_38,divan679,iter,1,0.25
Basile_38,est là1279,iter,1,0.25
Basile_38,maman691,iter,1,0.25
Basile_38,maman698,iter,1,0.25
Basile_38,maman700,iter,1,0.25
Basile_38,maman701,iter,1,0.25
Basile_38,mouton702,iter,1,0.25
Basile_38,musique703,iter,1,0.25
Basile_38,musique705,iter,1,0.25
Basile_38,nonnon708,iter,1,0.25
Basile_38,papa711,iter,1,0.25
Basile_38,pin pon714,iter,1,0.25
Basile_39,canard/coin-coin672,iter,1,0.25
Basile_39,canard/coin-coin673,iter,1,0.25
Basile_39,canard/coin-coin674,iter,1,0.25
Basile_39,canard/coin-coin675,iter,1,0.25
Basile_39,cassé676,iter,1,0.25
Basile_39,encore1277,iter,1,0.25
Basile_39,est là1279,iter,1,0.25
Basile_39,maman693,iter,1,0.25
Basile_39,maman696,iter,1,0.25
Basile_39,maman697,iter,1,0.25
Basile_39,maman699,iter,1,0.25
Basile_39,musique704,iter,1,0.25
Basile_39,papa713,iter,1,0.25
Basile_39,pin pon718,iter,1,0.25
Basile_39,teuton721,iter,1,0.25
Basile_39,voiture722,iter,1,0.25
Basile_4,est là1279,iter,1,0.25
Basile_4,lequel680,iter,1,0.25
Basile_4,mouton702,iter,1,0.25
Basile_4,papa711,iter,1,0.25
Basile_4,papa712,iter,1,0.25
Basile_4,papa713,iter,1,0.25
Basile_4,pin pon716,iter,1,0.25
Basile_4,pin pon719,iter,1,0.25
Basile_4,teuton721,iter,1,0.25
Basile_40,bisou668,iter,1,0.25
Basile_40,bravo669,iter,1,0.25
Basile_40,bravo670,iter,1,0.25
Basile_40,canard/coin-coin671,iter,1,0.25
Basile_40,coucou677,iter,1,0.25
Basile_40,teuton721,iter,1,0.25
Basile_41,bravo670,iter,1,0.25
Basile_41,maman692,iter,1,0.25
Basile_41,maman694,iter,1,0.25
Basile_41,maman695,iter,1,0.25
Basile_41,pin pon714,iter,1,0.25
Basile_41,pin pon715,iter,1,0.25
Basile_41,pin pon717,iter,1,0.25
Basile_41,pin pon718,iter,1,0.25
Basile_41,pin pon719,iter,1,0.25
Basile_42,bravo670,iter,1,0.25
Basile_42,maman691,iter,1,0.25
Basile_42,maman695,iter,1,0.25
Basile_42,maman696,iter,1,0.25
Basile_42,maman697,iter,1,0.25
Basile_42,nonnon709,iter,1,0.25
Basile_42,papa711,iter,1,0.25
Basile_42,pin pon719,iter,1,0.25
Basile_43,bisou668,iter,1,0.25
Basile_43,bravo670,iter,1,0.25
Basile_43,canard/coin-coin673,iter,1,0.25
Basile_43,canard/coin-coin675,iter,1,0.25
Basile_43,coucou677,iter,1,0.25
Basile_43,encore1277,iter,1,0.25
Basile_43,est là1281,iter,1,0.25
Basile_43,maman691,iter,1,0.25
Basile_43,maman692,iter,1,0.25
Basile_43,maman694,iter,1,0.25
Basile_43,maman698,iter,1,0.25
Basile_43,maman701,iter,1,0.25
Basile_43,mouton702,iter,1,0.25
Basile_43,musique705,iter,1,0.25
Basile_43,musique706,iter,1,0.25
Basile_43,musique707,iter,1,0.25
Basile_43,papa711,iter,1,0.25
Basile_43,pin pon716,iter,1,0.25
Basile_44,bravo669,iter,1,0.25
Basile_44,cassé676,iter,1,0.25
Basile_44,coucou677,iter,1,0.25
Basile_44,divan679,iter,1,0.25
Basile_44,encore1277,iter,1,0.25
Basile_44,encore1278,iter,1,0.25
Basile_44,maman695,iter,1,0.25
Basile_44,maman696,iter,1,0.25
Basile_44,pin pon714,iter,1,0.25
Basile_44,pin pon718,iter,1,0.25
Basile_45,canard/coin-coin672,iter,1,0.25
Basile_45,cassé676,iter,1,0.25
Basile_45,divan679,iter,1,0.25
Basile_45,est là1279,iter,1,0.25
Basile_45,est là1281,iter,1,0.25
Basile_45,nonnon709,iter,1,0.25
Basile_46,bisou668,iter,1,0.25
Basile_46,bravo670,iter,1,0.25
Basile_46,canard/coin-coin671,iter,1,0.25
Basile_46,canard/coin-coin673,iter,1,0.25
Basile_46,coucou677,iter,1,0.25
Basile_46,coucou678,iter,1,0.25
Basile_46,divan679,iter,1,0.25
Basile_46,encore1276,iter,1,0.25
Basile_46,est là1279,iter,1,0.25
Basile_46,est là1281,iter,1,0.25
Basile_46,mouton702,iter,1,0.25
Basile_46,nonnon708,iter,1,0.25
Basile_46,papa710,iter,1,0.25
Basile_46,papa713,iter,1,0.25
Basile_46,pin pon715,iter,1,0.25
Basile_46,pin pon717,iter,1,0.25
Basile_46,pin pon718,iter,1,0.25
Basile_47,maman691,iter,1,0.25
Basile_47,maman693,iter,1,0.25
Basile_47,maman694,iter,1,0.25
Basile_47,mouton702,iter,1,0.25
Basile_47,papa710,iter,1,0.25
Basile_47,papa711,iter,1,0.25
Basile_47,papa713,iter,1,0.25
Basile_47,pin pon716,iter,1,0.25
Basile_47,pin pon718,iter,1,0.25
Basile_47,pin pon719,iter,1,0.25
Basile_47,pin pon720,iter,1,0.25
Basile_48,bravo670,iter,1,0.25
Basile_48,est là1280,iter,1,0.25
Basile_48,est là1281,iter,1,0.25
Basile_48,maman691,iter,1,0.25
Basile_48,maman693,iter,1,0.25
Basile_48,maman698,iter,1,0.25
Basile_48,maman699,iter,1,0.25
Basile_48,maman700,iter,1,0.25
Basile_48,nonnon708,iter,1,0.25
Basile_48,pin pon715,iter,1,0.25
Basile_48,pin pon720,iter,1,0.25
Basile_49,canard/coin-coin674,iter,1,0.25
Basile_49,divan679,iter,1,0.25
Basile_49,encore1277,iter,1,0.25
Basile_49,encore1278,iter,1,0.25
Basile_49,est là1280,iter,1,0.25
Basile_49,nonnon708,iter,1,0.25
Basile_49,papa711,iter,1,0.25
Basile_49,pin pon716,iter,1,0.25
Basile_49,pin pon718,iter,1,0.25
Basile_49,teuton721,iter,1,0.25
Basile_49,voiture722,iter,1,0.25
Basile_5,bisou668,iter,1,0.25
Basile_5,bravo670,iter,1,0.25
Basile_5,canard/coin-coin673,iter,1,0.25
Basile_5,canard/coin-coin674,iter,1,0.25
Basile_5,cassé676,iter,1,0.25
Basile_5,encore1277,iter,1,0.25
Basile_5,est là1279,iter,1,0.25
Basile_5,est là1280,iter,1,0.25
Basile_5,est là1281,iter,1,0.25
Basile_5,livre682,iter,1,0.25
Basile_5,livre688,iter,1,0.25
Basile_5,maman692,iter,1,0.25
Basile_5,maman695,iter,1,0.25
Basile_5,maman700,iter,1,0.25
Basile_5,nonnon708,iter,1,0.25
Basile_50,bravo670,iter,1,0.25
Basile_50,canard/coin-coin674,iter,1,0.25
Basile_50,coucou677,iter,1,0.25
Basile_50,coucou678,iter,1,0.25
Basile_50,divan679,iter,1,0.25
Basile_50,papa712,iter,1,0.25
Basile_50,pin pon715,iter,1,0.25
Basile_50,pin pon718,iter,1,0.25
Basile_50,pin pon719,iter,1,0.25
Basile_51,canard/coin-coin673,iter,1,0.25
Basile_51,canard/coin-coin674,iter,1,0.25
Basile_51,cassé676,iter,1,0.25
Basile_51,coucou678,iter,1,0.25
Basile_51,encore1276,iter,1,0.25
Basile_51,encore1277,iter,1,0.25
Basile_51,encore1278,iter,1,0.25
Basile_51,est là1279,iter,1,0.25
Basile_51,papa712,iter,1,0.25
Basile_51,pin pon714,iter,1,0.25
Basile_51,pin pon718,iter,1,0.25
Basile_51,teuton721,iter,1,0.25
Basile_52,est là1279,iter,1,0.25
Basile_52,livre681,iter,1,0.25
Basile_52,livre687,iter,1,0.25
Basile_52,livre688,iter,1,0.25
Basile_52,livre689,iter,1,0.25
Basile_52,livre690,iter,1,0.25
Basile_53,musique706,iter,1,0.25
Basile_54,bravo670,iter,1,0.25
Basile_54,est là1279,iter,1,0.25
Basile_54,maman691,iter,1,0.25
Basile_54,maman696,iter,1,0.25
Basile_54,maman697,iter,1,0.25
Basile_54,maman698,iter,1,0.25
Basile_54,maman700,iter,1,0.25
Basile_54,papa713,iter,1,0.25
Basile_54,pin pon716,iter,1,0.25
Basile_54,pin pon718,iter,1,0.25
Basile_56,bravo670,iter,1,0.25
Basile_56,encore1276,iter,1,0.25
Basile_56,est là1280,iter,1,0.25
Basile_56,lequel680,iter,1,0.25
Basile_56,pin pon716,iter,1,0.25
Basile_56,teuton721,iter,1,0.25
Basile_57,bravo669,iter,1,0.25
Basile_57,bravo670,iter,1,0.25
Basile_57,cassé676,iter,1,0.25
Basile_57,maman699,iter,1,0.25
Basile_57,maman701,iter,1,0.25
Basile_57,mouton702,iter,1,0.25
Basile_57,pin pon715,iter,1,0.25
Basile_57,pin pon717,iter,1,0.25
Basile_57,pin pon719,iter,1,0.25
Basile_57,pin pon720,iter,1,0.25
Basile_57,teuton721,iter,1,0.25
Basile_58,bravo669,iter,1,0.25
Basile_58,cassé676,iter,1,0.25
Basile_58,coucou677,iter,1,0.25
Basile_58,coucou678,iter,1,0.25
Basile_58,est là1280,iter,1,0.25
Basile_58,maman696,iter,1,0.25
Basile_58,maman698,iter,1,0.25
Basile_58,maman699,iter,1,0.25
Basile_58,maman701,iter,1,0.25
Basile_58,papa710,iter,1,0.25
Basile_58,papa711,iter,1,0.25
Basile_58,pin pon714,iter,1,0.25
Basile_58,pin pon719,iter,1,0.25
Basile_58,pin pon720,iter,1,0.25
Basile_58,teuton721,iter,1,0.25
Basile_59,bisou668,iter,1,0.25
Basile_59,cassé676,iter,1,0.25
Basile_59,est là1281,iter,1,0.25
Basile_6,encore1277,iter,1,0.25
Basile_6,encore1278,iter,1,0.25
Basile_60,bravo670,iter,1,0.25
Basile_60,est là1279,iter,1,0.25
Basile_60,maman692,iter,1,0.25
Basile_60,nonnon709,iter,1,0.25
Basile_60,papa711,iter,1,0.25
Basile_60,papa713,iter,1,0.25
Basile_60,pin pon717,iter,1,0.25
Basile_60,pin pon719,iter,1,0.25
Basile_60,pin pon720,iter,1,0.25
Basile_61,bravo669,iter,1,0.25
Basile_61,bravo670,iter,1,0.25
Basile_61,canard/coin-coin672,iter,1,0.25
Basile_61,canard/coin-coin673,iter,1,0.25
Basile_61,encore1277,iter,1,0.25
Basile_61,est là1279,iter,1,0.25
Basile_61,est là1280,iter,1,0.25
Basile_61,est là1281,iter,1,0.25
Basile_61,livre683,iter,1,0.25
Basile_61,livre685,iter,1,0.25
Basile_61,livre686,iter,1,0.25
Basile_61,livre687,iter,1,0.25
Basile_61,livre689,iter,1,0.25
Basile_61,livre690,iter,1,0.25
Basile_61,maman696,iter,1,0.25
Basile_62,bisou668,iter,1,0.25
Basile_62,bravo670,iter,1,0.25
Basile_62,divan679,iter,1,0.25
Basile_62,est là1280,iter,1,0.25
Basile_62,mouton702,iter,1,0.25
Basile_62,pin pon715,iter,1,0.25
Basile_62,pin pon719,iter,1,0.25
Basile_62,pin pon720,iter,1,0.25
Basile_63,divan679,iter,1,0.25
Basile_63,est là1279,iter,1,0.25
Basile_63,papa713,iter,1,0.25
Basile_63,pin pon714,iter,1,0.25
Basile_63,pin pon716,iter,1,0.25
Basile_64,est là1279,iter,1,0.25
Basile_64,est là1280,iter,1,0.25
Basile_64,est là1281,iter,1,0.25
Basile_64,livre682,iter,1,0.25
Basile_64,livre684,iter,1,0.25
Basile_65,bisou668,iter,1,0.25
Basile_65,musique706,iter,1,0.25
Basile_66,bravo670,iter,1,0.25
Basile_66,maman693,iter,1,0.25
Basile_66,maman694,iter,1,0.25
Basile_66,maman695,iter,1,0.25
Basile_66,maman697,iter,1,0.25
Basile_66,maman698,iter,1,0.25
Basile_66,maman699,iter,1,0.25
Basile_66,maman700,iter,1,0.25
Basile_66,maman701,iter,1,0.25
Basile_66,nonnon709,iter,1,0.25
Basile_66,pin pon714,iter,1,0.25
Basile_66,pin pon716,iter,1,0.25
Basile_66,pin pon720,iter,1,0.25
Basile_67,bisou668,iter,1,0.25
Basile_67,divan679,iter,1,0.25
Basile_67,encore1277,iter,1,0.25
Basile_67,maman693,iter,1,0.25
Basile_67,maman697,iter,1,0.25
Basile_67,papa712,iter,1,0.25
Basile_67,papa713,iter,1,0.25
Basile_67,pin pon716,iter,1,0.25
Basile_67,pin pon720,iter,1,0.25
Basile_68,musique707,iter,1,0.25
Basile_69,musique705,iter,1,0.25
Basile_7,musique703,iter,1,0.25
Basile_7,musique705,iter,1,0.25
Basile_70,cassé676,iter,1,0.25
Basile_70,coucou677,iter,1,0.25
Basile_70,coucou678,iter,1,0.25
Basile_70,maman694,iter,1,0.25
Basile_70,maman697,iter,1,0.25
Basile_70,maman698,iter,1,0.25
Basile_70,maman699,iter,1,0.25
Basile_70,maman701,iter,1,0.25
Basile_70,pin pon715,iter,1,0.25
Basile_70,pin pon716,iter,1,0.25
Basile_70,pin pon718,iter,1,0.25
Basile_70,pin pon720,iter,1,0.25
Basile_71,bisou668,iter,1,0.25
Basile_71,bravo670,iter,1,0.25
Basile_71,canard/coin-coin674,iter,1,0.25
Basile_71,encore1278,iter,1,0.25
Basile_71,est là1280,iter,1,0.25
Basile_71,est là1281,iter,1,0.25
Basile_71,livre683,iter,1,0.25
Basile_71,livre685,iter,1,0.25
Basile_71,livre689,iter,1,0.25
Basile_71,livre690,iter,1,0.25
Basile_71,maman696,iter,1,0.25
Basile_71,maman699,iter,1,0.25
Basile_72,musique704,iter,1,0.25
Basile_72,musique706,iter,1,0.25
Basile_73,est là1281,iter,1,0.25
Basile_73,livre683,iter,1,0.25
Basile_73,livre686,iter,1,0.25
Basile_73,livre687,iter,1,0.25
Basile_73,livre689,iter,1,0.25
Basile_74,coucou677,iter,1,0.25
Basile_74,encore1276,iter,1,0.25
Basile_74,encore1277,iter,1,0.25
Basile_74,maman693,iter,1,0.25
Basile_74,maman695,iter,1,0.25
Basile_74,maman696,iter,1,0.25
Basile_74,maman698,iter,1,0.25
Basile_74,mouton702,iter,1,0.25
Basile_74,papa712,iter,1,0.25
Basile_74,papa713,iter,1,0.25
Basile_75,mouton702,iter,1,0.25
Basile_75,musique704,iter,1,0.25
Basile_76,est là1280,iter,1,0.25
Basile_76,livre685,iter,1,0.25
Basile_76,livre687,iter,1,0.25
Basile_76,livre689,iter,1,0.25
Basile_76,livre690,iter,1,0.25
Basile_77,canard/coin-coin673,iter,1,0.25
Basile_77,canard/coin-coin674,iter,1,0.25
Basile_77,coucou677,iter,1,0.25
Basile_77,encore1277,iter,1,0.25
Basile_77,encore1278,iter,1,0.25
Basile_77,est là1279,iter,1,0.25
Basile_77,maman691,iter,1,0.25
Basile_77,maman699,iter,1,0.25
Basile_77,maman700,iter,1,0.25
Basile_77,papa710,iter,1,0.25
Basile_77,papa713,iter,1,0.25
Basile_77,pin pon715,iter,1,0.25
Basile_77,pin pon717,iter,1,0.25
Basile_78,mouton702,iter,1,0.25
Basile_78,voiture722,iter,1,0.25
Basile_79,canard/coin-coin674,iter,1,0.25
Basile_79,canard/coin-coin675,iter,1,0.25
Basile_79,cassé676,iter,1,0.25
Basile_79,coucou677,iter,1,0.25
Basile_79,coucou678,iter,1,0.25
Basile_79,est là1279,iter,1,0.25
Basile_79,est là1281,iter,1,0.25
Basile_79,nonnon708,iter,1,0.25
Basile_79,nonnon709,iter,1,0.25
Basile_8,bravo669,iter,1,0.25
Basile_8,est là1280,iter,1,0.25
Basile_8,est là1281,iter,1,0.25
Basile_8,maman691,iter,1,0.25
Basile_8,maman693,iter,1,0.25
Basile_8,maman694,iter,1,0.25
Basile_8,mouton702,iter,1,0.25
Basile_8,nonnon708,iter,1,0.25
Basile_8,nonnon709,iter,1,0.25
Basile_8,papa710,iter,1,0.25
Basile_8,pin pon714,iter,1,0.25
Basile_80,bisou668,iter,1,0.25
Basile_80,bravo669,iter,1,0.25
Basile_80,bravo670,iter,1,0.25
Basile_80,canard/coin-coin671,iter,1,0.25
Basile_80,canard/coin-coin675,iter,1,0.25
Basile_80,divan679,iter,1,0.25
Basile_80,nonnon708,iter,1,0.25
Basile_80,nonnon709,iter,1,0.25
Basile_81,coucou677,iter,1,0.25
Basile_81,encore1277,iter,1,0.25
Basile_81,maman695,iter,1,0.25
Basile_81,maman699,iter,1,0.25
Basile_81,mouton702,iter,1,0.25
Basile_81,papa710,iter,1,0.25
Basile_81,papa711,iter,1,0.25
Basile_81,pin pon719,iter,1,0.25
Basile_81,pin pon720,iter,1,0.25
Basile_82,est là1280,iter,1,0.25
Basile_82,livre681,iter,1,0.25
Basile_82,livre682,iter,1,0.25
Basile_82,livre688,iter,1,0.25
Basile_83,mouton702,iter,1,0.25
Basile_83,musique704,iter,1,0.25
Basile_83,musique705,iter,1,0.25
Basile_84,bisou668,iter,1,0.25
Basile_85,bisou668,iter,1,0.25
Basile_86,bravo669,iter,1,0.25
Basile_86,bravo670,iter,1,0.25
Basile_86,canard/coin-coin673,iter,1,0.25
Basile_86,canard/coin-coin674,iter,1,0.25
Basile_86,encore1276,iter,1,0.25
Basile_86,est là1279,iter,1,0.25
Basile_86,est là1280,iter,1,0.25
Basile_86,livre682,iter,1,0.25
Basile_86,livre684,iter,1,0.25
Basile_86,livre686,iter,1,0.25
Basile_86,livre688,iter,1,0.25
Basile_86,maman695,iter,1,0.25
Basile_86,maman696,iter,1,0.25
Basile_86,mouton702,iter,1,0.25
Basile_86,nonnon708,iter,1,0.25
Basile_87,divan679,iter,1,0.25
Basile_87,maman694,iter,1,0.25
Basile_87,maman698,iter,1,0.25
Basile_87,maman699,iter,1,0.25
Basile_87,maman700,iter,1,0.25
Basile_87,papa712,iter,1,0.25
Basile_87,papa713,iter,1,0.25
Basile_87,pin pon714,iter,1,0.25
Basile_87,pin pon715,iter,1,0.25
Basile_87,pin pon717,iter,1,0.25
Basile_88,bravo669,iter,1,0.25
Basile_88,bravo670,iter,1,0.25
Basile_88,coucou677,iter,1,0.25
Basile_88,encore1276,iter,1,0.25
Basile_88,encore1278,iter,1,0.25
Basile_88,maman691,iter,1,0.25
Basile_88,maman695,iter,1,0.25
Basile_88,maman696,iter,1,0.25
Basile_88,maman698,iter,1,0.25
Basile_88,papa710,iter,1,0.25
Basile_88,pin pon718,iter,1,0.25
Basile_88,pin pon719,iter,1,0.25
Basile_88,pin pon720,iter,1,0.25
Basile_89,est là1279,iter,1,0.25
Basile_89,est là1280,iter,1,0.25
Basile_89,livre682,iter,1,0.25
Basile_89,livre684,iter,1,0.25
Basile_89,livre686,iter,1,0.25
Basile_89,livre690,iter,1,0.25
Basile_9,livre684,iter,1,0.25
Basile_9,livre686,iter,1,0.25
Basile_9,livre687,iter,1,0.25
Basile_9,livre689,iter,1,0.25
Basile_90,bisou668,iter,1,0.25
Basile_90,bravo670,iter,1,0.25
Basile_90,est là1279,iter,1,0.25
Basile_90,maman693,iter,1,0.25
Basile_90,maman701,iter,1,0.25
Basile_90,nonnon708,iter,1,0.25
Basile_90,papa712,iter,1,0.25
Basile_90,pin pon715,iter,1,0.25
Basile_90,pin pon717,iter,1,0.25
Basile_90,pin pon720,iter,1,0.25
Basile_91,bravo670,iter,1,0.25
Basile_91,coucou678,iter,1,0.25
Basile_91,encore1276,iter,1,0.25
Basile_91,encore1277,iter,1,0.25
Basile_91,papa710,iter,1,0.25
Basile_91,papa712,iter,1,0.25
Basile_91,pin pon718,iter,1,0.25
Basile_92,bisou668,iter,1,0.25
Basile_92,est là1281,iter,1,0.25
Basile_92,maman693,iter,1,0.25
Basile_92,maman695,iter,1,0.25
Basile_92,maman699,iter,1,0.25
Basile_92,maman700,iter,1,0.25
Basile_92,nonnon708,iter,1,0.25
Basile_92,nonnon709,iter,1,0.25
Basile_92,papa711,iter,1,0.25
Basile_92,pin pon715,iter,1,0.25
Basile_92,pin pon720,iter,1,0.25
Basile_93,canard/coin-coin671,iter,1,0.25
Basile_93,divan679,iter,1,0.25
Basile_93,est là1281,iter,1,0.25
Basile_93,livre681,iter,1,0.25
Basile_93,livre684,iter,1,0.25
Basile_93,livre685,iter,1,0.25
Basile_93,livre687,iter,1,0.25
Basile_93,livre690,iter,1,0.25
Basile_93,maman691,iter,1,0.25
Basile_93,maman693,iter,1,0.25
Basile_93,mouton702,iter,1,0.25
Basile_93,teuton721,iter,1,0.25
Basile_94,canard/coin-coin673,iter,1,0.25
Basile_94,canard/coin-coin675,iter,1,0.25
Basile_94,cassé676,iter,1,0.25
Basile_94,divan679,iter,1,0.25
Basile_94,encore1277,iter,1,0.25
Basile_94,nonnon709,iter,1,0.25
Basile_94,papa711,iter,1,0.25
Basile_94,pin pon714,iter,1,0.25
Basile_94,pin pon715,iter,1,0.25
Basile_94,voiture722,iter,1,0.25
Basile_95,bravo669,iter,1,0.25
Basile_95,encore1278,iter,1,0.25
Basile_95,maman693,iter,1,0.25
Basile_95,musique703,iter,1,0.25
Basile_95,musique705,iter,1,0.25
Basile_95,musique706,iter,1,0.25
Basile_95,musique707,iter,1,0.25
Basile_95,nonnon708,iter,1,0.25
Basile_95,papa711,iter,1,0.25
Basile_95,papa712,iter,1,0.25
Basile_95,pin pon716,iter,1,0.25
Basile_95,pin pon719,iter,1,0.25
Basile_95,voiture722,iter,1,0.25
Basile_96,canard/coin-coin672,iter,1,0.25
Basile_96,canard/coin-coin673,iter,1,0.25
Basile_96,canard/coin-coin675,iter,1,0.25
Basile_96,encore1276,iter,1,0.25
Basile_96,est là1281,iter,1,0.25
Basile_96,maman698,iter,1,0.25
Basile_96,mouton702,iter,1,0.25
Basile_96,papa711,iter,1,0.25
Basile_96,pin pon715,iter,1,0.25
Basile_96,pin pon718,iter,1,0.25
Basile_96,pin pon720,iter,1,0.25
Basile_97,canard/coin-coin672,iter,1,0.25
Basile_97,canard/coin-coin673,iter,1,0.25
Basile_97,cassé676,iter,1,0.25
Basile_97,coucou677,iter,1,0.25
Basile_97,est là1280,iter,1,0.25
Basile_97,nonnon708,iter,1,0.25
Basile_98,bisou668,iter,1,0.25
Basile_98,bravo669,iter,1,0.25
Basile_98,canard/coin-coin672,iter,1,0.25
Basile_98,cassé676,iter,1,0.25
Basile_98,nonnon708,iter,1,0.25
Basile_98,teuton721,iter,1,0.25
Basile_99,est là1280,iter,1,0.25
Basile_99,livre681,iter,1,0.25
Basile_99,livre684,iter,1,0.25
Basile_99,livre685,iter,1,0.25
Basile_99,livre687,iter,1,0.25
Basile_99,livre688,iter,1,0.25
Basile_99,livre690,iter,1,0.25
Carys_1,La-La919,iter,1,0.25
Carys_1,eira1310,iter,1,0.25
Carys_1,eira1311,iter,1,0.25
Carys_1,eisio1312,iter,1,0.25
Carys_1,eisio1313,iter,1,0.25
Carys_1,gaggag914,iter,1,0.25
Carys_1,hiya915,iter,1,0.25
Carys_1,hiya916,iter,1,0.25
Carys_1,hwnna917,iter,1,0.25
Carys_1,hwnna918,iter,1,0.25
Carys_1,tedi928,iter,1,0.25
Carys_1,tedi930,iter,1,0.25
Carys_10,La-La919,iter,1,0.25
Carys_10,eisio1313,iter,1,0.25
Carys_10,gaggag914,iter,1,0.25
Carys_10,hiya915,iter,1,0.25
Carys_10,hiya916,iter,1,0.25
Carys_10,hwnna917,iter,1,0.25
Carys_10,hwnna918,iter,1,0.25
Carys_10,tata925,iter,1,0.25
Carys_10,tata926,iter,1,0.25
Carys_10,tata927,iter,1,0.25
Carys_10,tedi928,iter,1,0.25
Carys_10,tedi929,iter,1,0.25
Carys_10,tedi930,iter,1,0.25
Carys_100,La-La919,iter,1,0.25
Carys_100,eisio1312,iter,1,0.25
Carys_100,eisio1313,iter,1,0.25
Carys_100,gaggag914,iter,1,0.25
Carys_100,hiya915,iter,1,0.25
Carys_100,hiya916,iter,1,0.25
Carys_100,hwnna917,iter,1,0.25
Carys_100,hwnna918,iter,1,0.25
Carys_100,tata925,iter,1,0.25
Carys_100,tata926,iter,1,0.25
Carys_100,tedi928,iter,1,0.25
Carys_100,tedi929,iter,1,0.25
Carys_100,tedi930,iter,1,0.25
Carys_11,La-La919,iter,1,0.25
Carys_11,eisio1312,iter,1,0.25
Carys_11,eisio1313,iter,1,0.25
Carys_11,hiya915,iter,1,0.25
Carys_11,hiya916,iter,1,0.25
Carys_11,hwnna917,iter,1,0.25
Carys_11,hwnna918,iter,1,0.25
Carys_11,tata925,iter,1,0.25
Carys_11,tata926,iter,1,0.25
Carys_11,tata927,iter,1,0.25
Carys_11,tedi928,iter,1,0.25
Carys_11,tedi929,iter,1,0.25
Carys_12,La-La919,iter,1,0.25
Carys_12,eisio1312,iter,1,0.25
Carys_12,eisio1313,iter,1,0.25
Carys_12,gaggag914,iter,1,0.25
Carys_12,hiya915,iter,1,0.25
Carys_12,hiya916,iter,1,0.25
Carys_12,hwnna918,iter,1,0.25
Carys_12,tata926,iter,1,0.25
Carys_12,tata927,iter,1,0.25
Carys_12,tedi928,iter,1,0.25
Carys_12,tedi929,iter,1,0.25
Carys_12,tedi930,iter,1,0.25
Carys_13,La-La919,iter,1,0.25
Carys_13,eisio1312,iter,1,0.25
Carys_13,eisio1313,iter,1,0.25
Carys_13,gaggag914,iter,1,0.25
Carys_13,hiya915,iter,1,0.25
Carys_13,hiya916,iter,1,0.25
Carys_13,hwnna917,iter,1,0.25
Carys_13,tata926,iter,1,0.25
Carys_13,tata927,iter,1,0.25
Carys_13,tedi928,iter,1,0.25
Carys_13,tedi930,iter,1,0.25
Carys_14,La-La919,iter,1,0.25
Carys_14,eira1310,iter,1,0.25
Carys_14,eira1311,iter,1,0.25
Carys_14,eisio1312,iter,1,0.25
Carys_14,eisio1313,iter,1,0.25
Carys_14,gaggag914,iter,1,0.25
Carys_14,hiya916,iter,1,0.25
Carys_14,hwnna917,iter,1,0.25
Carys_14,hwnna918,iter,1,0.25
Carys_14,tedi928,iter,1,0.25
Carys_14,tedi929,iter,1,0.25
Carys_14,tedi930,iter,1,0.25
Carys_16,La-La919,iter,1,0.25
Carys_16,Lucy921,iter,1,0.25
Carys_16,Meira922,iter,1,0.25
Carys_16,Meira923,iter,1,0.25
Carys_16,Meira924,iter,1,0.25
Carys_16,eira1311,iter,1,0.25
Carys_16,eisio1312,iter,1,0.25
Carys_16,eisio1313,iter,1,0.25
Carys_16,gaggag914,iter,1,0.25
Carys_16,hiya915,iter,1,0.25
Carys_16,hiya916,iter,1,0.25
Carys_16,lorry920,iter,1,0.25
Carys_17,La-La919,iter,1,0.25
Carys_17,Lucy921,iter,1,0.25
Carys_17,Meira923,iter,1,0.25
Carys_17,Meira924,iter,1,0.25
Carys_17,eira1310,iter,1,0.25
Carys_17,eira1311,iter,1,0.25
Carys_17,eisio1312,iter,1,0.25
Carys_17,eisio1313,iter,1,0.25
Carys_17,gaggag914,iter,1,0.25
Carys_17,hiya915,iter,1,0.25
Carys_17,hiya916,iter,1,0.25
Carys_17,hwnna918,iter,1,0.25
Carys_17,lorry920,iter,1,0.25
Carys_17,tata925,iter,1,0.25
Carys_17,tata926,iter,1,0.25
Carys_17,tata927,iter,1,0.25
Carys_17,tedi928,iter,1,0.25
Carys_17,tedi929,iter,1,0.25
Carys_17,tedi930,iter,1,0.25
Carys_18,La-La919,iter,1,0.25
Carys_18,Meira922,iter,1,0.25
Carys_18,Meira923,iter,1,0.25
Carys_18,Meira924,iter,1,0.25
Carys_18,eira1310,iter,1,0.25
Carys_18,eira1311,iter,1,0.25
Carys_18,eisio1312,iter,1,0.25
Carys_18,eisio1313,iter,1,0.25
Carys_18,hiya915,iter,1,0.25
Carys_18,hiya916,iter,1,0.25
Carys_18,lorry920,iter,1,0.25
Carys_19,eira1310,iter,1,0.25
Carys_19,eira1311,iter,1,0.25
Carys_19,eisio1312,iter,1,0.25
Carys_19,eisio1313,iter,1,0.25
Carys_19,gaggag914,iter,1,0.25
Carys_19,hiya915,iter,1,0.25
Carys_19,hiya916,iter,1,0.25
Carys_19,hwnna917,iter,1,0.25
Carys_19,hwnna918,iter,1,0.25
Carys_19,tedi929,iter,1,0.25
Carys_19,tedi930,iter,1,0.25
Carys_2,La-La919,iter,1,0.25
Carys_2,Lucy921,iter,1,0.25
Carys_2,eisio1313,iter,1,0.25
Carys_2,gaggag914,iter,1,0.25
Carys_2,hiya915,iter,1,0.25
Carys_2,hiya916,iter,1,0.25
Carys_2,hwnna917,iter,1,0.25
Carys_2,tata925,iter,1,0.25
Carys_2,tata926,iter,1,0.25
Carys_2,tata927,iter,1,0.25
Carys_2,tedi928,iter,1,0.25
Carys_2,tedi929,iter,1,0.25
Carys_2,tedi930,iter,1,0.25
Carys_20,La-La919,iter,1,0.25
Carys_20,Lucy921,iter,1,0.25
Carys_20,Meira923,iter,1,0.25
Carys_20,Meira924,iter,1,0.25
Carys_20,eira1310,iter,1,0.25
Carys_20,eisio1313,iter,1,0.25
Carys_20,gaggag914,iter,1,0.25
Carys_20,hiya915,iter,1,0.25
Carys_20,hiya916,iter,1,0.25
Carys_20,lorry920,iter,1,0.25
Carys_21,La-La919,iter,1,0.25
Carys_21,Lucy921,iter,1,0.25
Carys_21,Meira923,iter,1,0.25
Carys_21,Meira924,iter,1,0.25
Carys_21,eira1310,iter,1,0.25
Carys_21,eira1311,iter,1,0.25
Carys_21,eisio1312,iter,1,0.25
Carys_21,eisio1313,iter,1,0.25
Carys_21,gaggag914,iter,1,0.25
Carys_21,hiya915,iter,1,0.25
Carys_21,hiya916,iter,1,0.25
Carys_21,hwnna917,iter,1,0.25
Carys_21,hwnna918,iter,1,0.25
Carys_21,tata925,iter,1,0.25
Carys_21,tata926,iter,1,0.25
Carys_21,tata927,iter,1,0.25
Carys_21,tedi928,iter,1,0.25
Carys_21,tedi929,iter,1,0.25
Carys_21,tedi930,iter,1,0.25
Carys_22,La-La919,iter,1,0.25
Carys_22,Lucy921,iter,1,0.25
Carys_22,Meira922,iter,1,0.25
Carys_22,Meira923,iter,1,0.25
Carys_22,Meira924,iter,1,0.25
Carys_22,eira1311,iter,1,0.25
Carys_22,gaggag914,iter,1,0.25
Carys_22,hiya915,iter,1,0.25
Carys_22,hiya916,iter,1,0.25
Carys_22,lorry920,iter,1,0.25
Carys_23,La-La919,iter,1,0.25
Carys_23,Lucy921,iter,1,0.25
Carys_23,Meira922,iter,1,0.25
Carys_23,Meira924,iter,1,0.25
Carys_23,eira1310,iter,1,0.25
Carys_23,eira1311,iter,1,0.25
Carys_23,eisio1312,iter,1,0.25
Carys_23,gaggag914,iter,1,0.25
Carys_23,hiya915,iter,1,0.25
Carys_23,hiya916,iter,1,0.25
Carys_23,lorry920,iter,1,0.25
Carys_24,La-La919,iter,1,0.25
Carys_24,eira1310,iter,1,0.25
Carys_24,eira1311,iter,1,0.25
Carys_24,eisio1312,iter,1,0.25
Carys_24,eisio1313,iter,1,0.25
Carys_24,gaggag914,iter,1,0.25
Carys_24,hiya915,iter,1,0.25
Carys_24,hiya916,iter,1,0.25
Carys_24,hwnna917,iter,1,0.25
Carys_24,hwnna918,iter,1,0.25
Carys_24,tedi928,iter,1,0.25
Carys_24,tedi930,iter,1,0.25
Carys_25,Meira922,iter,1,0.25
Carys_25,Meira924,iter,1,0.25
Carys_25,eira1310,iter,1,0.25
Carys_25,eisio1312,iter,1,0.25
Carys_25,eisio1313,iter,1,0.25
Carys_25,gaggag914,iter,1,0.25
Carys_25,lorry920,iter,1,0.25
Carys_26,La-La919,iter,1,0.25
Carys_26,Lucy921,iter,1,0.25
Carys_26,eisio1312,iter,1,0.25
Carys_26,eisio1313,iter,1,0.25
Carys_26,gaggag914,iter,1,0.25
Carys_26,hiya915,iter,1,0.25
Carys_26,hwnna917,iter,1,0.25
Carys_26,hwnna918,iter,1,0.25
Carys_26,tata925,iter,1,0.25
Carys_26,tata926,iter,1,0.25
Carys_26,tata927,iter,1,0.25
Carys_26,tedi928,iter,1,0.25
Carys_26,tedi929,iter,1,0.25
Carys_26,tedi930,iter,1,0.25
Carys_27,La-La919,iter,1,0.25
Carys_27,Lucy921,iter,1,0.25
Carys_27,Meira922,iter,1,0.25
Carys_27,Meira923,iter,1,0.25
Carys_27,Meira924,iter,1,0.25
Carys_27,eira1310,iter,1,0.25
Carys_27,eisio1312,iter,1,0.25
Carys_27,gaggag914,iter,1,0.25
Carys_28,La-La919,iter,1,0.25
Carys_28,Lucy921,iter,1,0.25
Carys_28,eisio1312,iter,1,0.25
Carys_28,eisio1313,iter,1,0.25
Carys_28,gaggag914,iter,1,0.25
Carys_28,hiya916,iter,1,0.25
Carys_28,hwnna917,iter,1,0.25
Carys_28,hwnna918,iter,1,0.25
Carys_28,tata925,iter,1,0.25
Carys_28,tata926,iter,1,0.25
Carys_28,tata927,iter,1,0.25
Carys_28,tedi928,iter,1,0.25
Carys_28,tedi929,iter,1,0.25
Carys_29,La-La919,iter,1,0.25
Carys_29,Lucy921,iter,1,0.25
Carys_29,eisio1312,iter,1,0.25
Carys_29,eisio1313,iter,1,0.25
Carys_29,gaggag914,iter,1,0.25
Carys_29,hwnna917,iter,1,0.25
Carys_29,hwnna918,iter,1,0.25
Carys_29,tata925,iter,1,0.25
Carys_29,tata926,iter,1,0.25
Carys_29,tedi928,iter,1,0.25
Carys_29,tedi929,iter,1,0.25
Carys_3,La-La919,iter,1,0.25
Carys_3,Meira922,iter,1,0.25
Carys_3,Meira923,iter,1,0.25
Carys_3,Meira924,iter,1,0.25
Carys_3,eira1310,iter,1,0.25
Carys_3,eira1311,iter,1,0.25
Carys_3,eisio1312,iter,1,0.25
Carys_3,eisio1313,iter,1,0.25
Carys_3,gaggag914,iter,1,0.25
Carys_3,lorry920,iter,1,0.25
Carys_30,La-La919,iter,1,0.25
Carys_30,Meira922,iter,1,0.25
Carys_30,Meira923,iter,1,0.25
Carys_30,Meira924,iter,1,0.25
Carys_30,eira1310,iter,1,0.25
Carys_30,eira1311,iter,1,0.25
Carys_30,eisio1313,iter,1,0.25
Carys_30,gaggag914,iter,1,0.25
Carys_30,hiya915,iter,1,0.25
Carys_30,hiya916,iter,1,0.25
Carys_30,lorry920,iter,1,0.25
Carys_31,La-La919,iter,1,0.25
Carys_31,Lucy921,iter,1,0.25
Carys_31,Meira922,iter,1,0.25
Carys_31,Meira923,iter,1,0.25
Carys_31,Meira924,iter,1,0.25
Carys_31,eira1310,iter,1,0.25
Carys_31,eira1311,iter,1,0.25
Carys_31,eisio1312,iter,1,0.25
Carys_31,eisio1313,iter,1,0.25
Carys_31,hiya915,iter,1,0.25
Carys_31,hiya916,iter,1,0.25
Carys_31,hwnna917,iter,1,0.25
Carys_31,hwnna918,iter,1,0.25
Carys_31,lorry920,iter,1,0.25
Carys_31,tata925,iter,1,0.25
Carys_31,tata927,iter,1,0.25
Carys_31,tedi928,iter,1,0.25
Carys_31,tedi929,iter,1,0.25
Carys_31,tedi930,iter,1,0.25
Carys_32,La-La919,iter,1,0.25
Carys_32,eira1310,iter,1,0.25
Carys_32,eira1311,iter,1,0.25
Carys_32,eisio1312,iter,1,0.25
Carys_32,eisio1313,iter,1,0.25
Carys_32,gaggag914,iter,1,0.25
Carys_32,hiya915,iter,1,0.25
Carys_32,hwnna917,iter,1,0.25
Carys_32,hwnna918,iter,1,0.25
Carys_32,tedi928,iter,1,0.25
Carys_32,tedi929,iter,1,0.25
Carys_32,tedi930,iter,1,0.25
Carys_33,La-La919,iter,1,0.25
Carys_33,eira1310,iter,1,0.25
Carys_33,eira1311,iter,1,0.25
Carys_33,eisio1312,iter,1,0.25
Carys_33,eisio1313,iter,1,0.25
Carys_33,gaggag914,iter,1,0.25
Carys_33,lorry920,iter,1,0.25
Carys_33,tata925,iter,1,0.25
Carys_33,tata926,iter,1,0.25
Carys_33,tata927,iter,1,0.25
Carys_33,tedi929,iter,1,0.25
Carys_33,tedi930,iter,1,0.25
Carys_34,La-La919,iter,1,0.25
Carys_34,Lucy921,iter,1,0.25
Carys_34,eisio1312,iter,1,0.25
Carys_34,gaggag914,iter,1,0.25
Carys_34,hiya915,iter,1,0.25
Carys_34,hiya916,iter,1,0.25
Carys_34,hwnna917,iter,1,0.25
Carys_34,hwnna918,iter,1,0.25
Carys_34,tata925,iter,1,0.25
Carys_34,tata926,iter,1,0.25
Carys_34,tata927,iter,1,0.25
Carys_34,tedi928,iter,1,0.25
Carys_34,tedi929,iter,1,0.25
Carys_34,tedi930,iter,1,0.25
Carys_35,La-La919,iter,1,0.25
Carys_35,eira1310,iter,1,0.25
Carys_35,eira1311,iter,1,0.25
Carys_35,eisio1312,iter,1,0.25
Carys_35,eisio1313,iter,1,0.25
Carys_35,gaggag914,iter,1,0.25
Carys_35,hiya915,iter,1,0.25
Carys_35,hiya916,iter,1,0.25
Carys_35,hwnna917,iter,1,0.25
Carys_35,hwnna918,iter,1,0.25
Carys_35,tedi928,iter,1,0.25
Carys_35,tedi929,iter,1,0.25
Carys_35,tedi930,iter,1,0.25
Carys_36,La-La919,iter,1,0.25
Carys_36,eira1310,iter,1,0.25
Carys_36,eira1311,iter,1,0.25
Carys_36,eisio1312,iter,1,0.25
Carys_36,eisio1313,iter,1,0.25
Carys_36,gaggag914,iter,1,0.25
Carys_36,hiya915,iter,1,0.25
Carys_36,hiya916,iter,1,0.25
Carys_36,hwnna917,iter,1,0.25
Carys_36,hwnna918,iter,1,0.25
Carys_36,tedi928,iter,1,0.25
Carys_36,tedi930,iter,1,0.25
Carys_37,La-La919,iter,1,0.25
Carys_37,Meira922,iter,1,0.25
Carys_37,Meira923,iter,1,0.25
Carys_37,Meira924,iter,1,0.25
Carys_37,eira1310,iter,1,0.25
Carys_37,eira1311,iter,1,0.25
Carys_37,eisio1312,iter,1,0.25
Carys_37,eisio1313,iter,1,0.25
Carys_37,gaggag914,iter,1,0.25
Carys_37,hiya915,iter,1,0.25
Carys_37,hiya916,iter,1,0.25
Carys_37,hwnna917,iter,1,0.25
Carys_37,hwnna918,iter,1,0.25
Carys_37,lorry920,iter,1,0.25
Carys_37,tata925,iter,1,0.25
Carys_37,tata926,iter,1,0.25
Carys_37,tata927,iter,1,0.25
Carys_37,tedi928,iter,1,0.25
Carys_37,tedi930,iter,1,0.25
Carys_39,La-La919,iter,1,0.25
Carys_39,Lucy921,iter,1,0.25
Carys_39,eisio1312,iter,1,0.25
Carys_39,eisio1313,iter,1,0.25
Carys_39,gaggag914,iter,1,0.25
Carys_39,hiya915,iter,1,0.25
Carys_39,hiya916,iter,1,0.25
Carys_39,hwnna917,iter,1,0.25
Carys_39,tata925,iter,1,0.25
Carys_39,tata926,iter,1,0.25
Carys_39,tata927,iter,1,0.25
Carys_39,tedi928,iter,1,0.25
Carys_39,tedi930,iter,1,0.25
Carys_4,La-La919,iter,1,0.25
Carys_4,Lucy921,iter,1,0.25
Carys_4,eisio1312,iter,1,0.25
Carys_4,gaggag914,iter,1,0.25
Carys_4,hiya916,iter,1,0.25
Carys_4,hwnna917,iter,1,0.25
Carys_4,hwnna918,iter,1,0.25
Carys_4,tata925,iter,1,0.25
Carys_4,tata926,iter,1,0.25
Carys_4,tata927,iter,1,0.25
Carys_4,tedi928,iter,1,0.25
Carys_4,tedi929,iter,1,0.25
Carys_4,tedi930,iter,1,0.25
Carys_40,La-La919,iter,1,0.25
Carys_40,Lucy921,iter,1,0.25
Carys_40,Meira922,iter,1,0.25
Carys_40,Meira923,iter,1,0.25
Carys_40,Meira924,iter,1,0.25
Carys_40,eira1310,iter,1,0.25
Carys_40,eira1311,iter,1,0.25
Carys_40,eisio1312,iter,1,0.25
Carys_40,eisio1313,iter,1,0.25
Carys_40,gaggag914,iter,1,0.25
Carys_40,hiya915,iter,1,0.25
Carys_40,hiya916,iter,1,0.25
Carys_40,hwnna918,iter,1,0.25
Carys_40,lorry920,iter,1,0.25
Carys_40,tata925,iter,1,0.25
Carys_40,tata926,iter,1,0.25
Carys_40,tata927,iter,1,0.25
Carys_40,tedi928,iter,1,0.25
Carys_40,tedi929,iter,1,0.25
Carys_41,La-La919,iter,1,0.25
Carys_41,Lucy921,iter,1,0.25
Carys_41,Meira922,iter,1,0.25
Carys_41,Meira923,iter,1,0.25
Carys_41,eira1310,iter,1,0.25
Carys_41,eira1311,iter,1,0.25
Carys_41,eisio1312,iter,1,0.25
Carys_41,eisio1313,iter,1,0.25
Carys_41,gaggag914,iter,1,0.25
Carys_41,hiya915,iter,1,0.25
Carys_41,hiya916,iter,1,0.25
Carys_41,hwnna917,iter,1,0.25
Carys_41,hwnna918,iter,1,0.25
Carys_41,lorry920,iter,1,0.25
Carys_41,tata925,iter,1,0.25
Carys_41,tata926,iter,1,0.25
Carys_41,tata927,iter,1,0.25
Carys_41,tedi929,iter,1,0.25
Carys_41,tedi930,iter,1,0.25
Carys_43,La-La919,iter,1,0.25
Carys_43,Lucy921,iter,1,0.25
Carys_43,Meira922,iter,1,0.25
Carys_43,Meira923,iter,1,0.25
Carys_43,Meira924,iter,1,0.25
Carys_43,eira1310,iter,1,0.25
Carys_43,eira1311,iter,1,0.25
Carys_43,eisio1312,iter,1,0.25
Carys_43,eisio1313,iter,1,0.25
Carys_43,gaggag914,iter,1,0.25
Carys_43,hiya915,iter,1,0.25
Carys_43,hwnna917,iter,1,0.25
Carys_43,hwnna918,iter,1,0.25
Carys_43,lorry920,iter,1,0.25
Carys_43,tata925,iter,1,0.25
Carys_43,tata926,iter,1,0.25
Carys_43,tata927,iter,1,0.25
Carys_43,tedi928,iter,1,0.25
Carys_43,tedi929,iter,1,0.25
Carys_44,La-La919,iter,1,0.25
Carys_44,Lucy921,iter,1,0.25
Carys_44,Meira922,iter,1,0.25
Carys_44,Meira923,iter,1,0.25
Carys_44,Meira924,iter,1,0.25
Carys_44,eira1310,iter,1,0.25
Carys_44,eira1311,iter,1,0.25
Carys_44,eisio1312,iter,1,0.25
Carys_44,eisio1313,iter,1,0.25
Carys_44,gaggag914,iter,1,0.25
Carys_44,hiya915,iter,1,0.25
Carys_44,hiya916,iter,1,0.25
Carys_44,hwnna917,iter,1,0.25
Carys_44,hwnna918,iter,1,0.25
Carys_44,lorry920,iter,1,0.25
Carys_44,tata925,iter,1,0.25
Carys_44,tata927,iter,1,0.25
Carys_44,tedi928,iter,1,0.25
Carys_44,tedi929,iter,1,0.25
Carys_44,tedi930,iter,1,0.25
Carys_45,La-La919,iter,1,0.25
Carys_45,eira1310,iter,1,0.25
Carys_45,eira1311,iter,1,0.25
Carys_45,eisio1312,iter,1,0.25
Carys_45,eisio1313,iter,1,0.25
Carys_45,gaggag914,iter,1,0.25
Carys_45,hiya915,iter,1,0.25
Carys_45,hiya916,iter,1,0.25
Carys_45,hwnna917,iter,1,0.25
Carys_45,hwnna918,iter,1,0.25
Carys_45,tedi928,iter,1,0.25
Carys_46,La-La919,iter,1,0.25
Carys_46,Meira922,iter,1,0.25
Carys_46,Meira924,iter,1,0.25
Carys_46,eira1310,iter,1,0.25
Carys_46,eira1311,iter,1,0.25
Carys_46,eisio1312,iter,1,0.25
Carys_46,gaggag914,iter,1,0.25
Carys_46,lorry920,iter,1,0.25
Carys_47,La-La919,iter,1,0.25
Carys_47,eira1310,iter,1,0.25
Carys_47,eira1311,iter,1,0.25
Carys_47,eisio1313,iter,1,0.25
Carys_47,gaggag914,iter,1,0.25
Carys_47,hiya916,iter,1,0.25
Carys_47,hwnna917,iter,1,0.25
Carys_47,hwnna918,iter,1,0.25
Carys_47,tedi928,iter,1,0.25
Carys_47,tedi929,iter,1,0.25
Carys_47,tedi930,iter,1,0.25
Carys_48,La-La919,iter,1,0.25
Carys_48,Meira922,iter,1,0.25
Carys_48,Meira923,iter,1,0.25
Carys_48,Meira924,iter,1,0.25
Carys_48,eira1310,iter,1,0.25
Carys_48,eira1311,iter,1,0.25
Carys_48,eisio1312,iter,1,0.25
Carys_48,eisio1313,iter,1,0.25
Carys_48,gaggag914,iter,1,0.25
Carys_48,lorry920,iter,1,0.25
Carys_49,La-La919,iter,1,0.25
Carys_49,eisio1312,iter,1,0.25
Carys_49,eisio1313,iter,1,0.25
Carys_49,gaggag914,iter,1,0.25
Carys_49,hiya915,iter,1,0.25
Carys_49,hiya916,iter,1,0.25
Carys_49,hwnna917,iter,1,0.25
Carys_49,hwnna918,iter,1,0.25
Carys_49,tata925,iter,1,0.25
Carys_49,tata926,iter,1,0.25
Carys_49,tata927,iter,1,0.25
Carys_49,tedi928,iter,1,0.25
Carys_49,tedi929,iter,1,0.25
Carys_49,tedi930,iter,1,0.25
Carys_5,La-La919,iter,1,0.25
Carys_5,Meira922,iter,1,0.25
Carys_5,Meira923,iter,1,0.25
Carys_5,eira1310,iter,1,0.25
Carys_5,eisio1312,iter,1,0.25
Carys_5,eisio1313,iter,1,0.25
Carys_5,gaggag914,iter,1,0.25
Carys_5,lorry920,iter,1,0.25
Carys_50,La-La919,iter,1,0.25
Carys_50,eisio1312,iter,1,0.25
Carys_50,eisio1313,iter,1,0.25
Carys_50,gaggag914,iter,1,0.25
Carys_50,hwnna917,iter,1,0.25
Carys_50,hwnna918,iter,1,0.25
Carys_50,tata925,iter,1,0.25
Carys_50,tata927,iter,1,0.25
Carys_50,tedi928,iter,1,0.25
Carys_50,tedi929,iter,1,0.25
Carys_50,tedi930,iter,1,0.25
Carys_51,La-La919,iter,1,0.25
Carys_51,Meira922,iter,1,0.25
Carys_51,Meira923,iter,1,0.25
Carys_51,Meira924,iter,1,0.25
Carys_51,eira1310,iter,1,0.25
Carys_51,eira1311,iter,1,0.25
Carys_51,eisio1313,iter,1,0.25
Carys_51,gaggag914,iter,1,0.25
Carys_51,lorry920,iter,1,0.25
Carys_52,La-La919,iter,1,0.25
Carys_52,Lucy921,iter,1,0.25
Carys_52,eisio1313,iter,1,0.25
Carys_52,hwnna917,iter,1,0.25
Carys_52,hwnna918,iter,1,0.25
Carys_52,tata926,iter,1,0.25
Carys_52,tata927,iter,1,0.25
Carys_52,tedi928,iter,1,0.25
Carys_52,tedi929,iter,1,0.25
Carys_52,tedi930,iter,1,0.25
Carys_53,La-La919,iter,1,0.25
Carys_53,Meira922,iter,1,0.25
Carys_53,Meira923,iter,1,0.25
Carys_53,Meira924,iter,1,0.25
Carys_53,eira1310,iter,1,0.25
Carys_53,eira1311,iter,1,0.25
Carys_53,eisio1312,iter,1,0.25
Carys_53,eisio1313,iter,1,0.25
Carys_53,gaggag914,iter,1,0.25
Carys_53,hiya916,iter,1,0.25
Carys_53,hwnna917,iter,1,0.25
Carys_53,hwnna918,iter,1,0.25
Carys_53,lorry920,iter,1,0.25
Carys_53,tata925,iter,1,0.25
Carys_53,tata926,iter,1,0.25
Carys_53,tata927,iter,1,0.25
Carys_53,tedi928,iter,1,0.25
Carys_53,tedi929,iter,1,0.25
Carys_53,tedi930,iter,1,0.25
Carys_54,La-La919,iter,1,0.25
Carys_54,Meira923,iter,1,0.25
Carys_54,Meira924,iter,1,0.25
Carys_54,eira1310,iter,1,0.25
Carys_54,eira1311,iter,1,0.25
Carys_54,eisio1312,iter,1,0.25
Carys_54,eisio1313,iter,1,0.25
Carys_54,gaggag914,iter,1,0.25
Carys_54,lorry920,iter,1,0.25
Carys_55,La-La919,iter,1,0.25
Carys_55,Lucy921,iter,1,0.25
Carys_55,Meira923,iter,1,0.25
Carys_55,Meira924,iter,1,0.25
Carys_55,eira1310,iter,1,0.25
Carys_55,eira1311,iter,1,0.25
Carys_55,eisio1312,iter,1,0.25
Carys_55,eisio1313,iter,1,0.25
Carys_55,gaggag914,iter,1,0.25
Carys_55,hiya915,iter,1,0.25
Carys_55,hiya916,iter,1,0.25
Carys_55,hwnna917,iter,1,0.25
Carys_55,hwnna918,iter,1,0.25
Carys_55,lorry920,iter,1,0.25
Carys_55,tata925,iter,1,0.25
Carys_55,tata927,iter,1,0.25
Carys_55,tedi928,iter,1,0.25
Carys_55,tedi929,iter,1,0.25
Carys_55,tedi930,iter,1,0.25
Carys_56,La-La919,iter,1,0.25
Carys_56,Lucy921,iter,1,0.25
Carys_56,Meira922,iter,1,0.25
Carys_56,Meira923,iter,1,0.25
Carys_56,Meira924,iter,1,0.25
Carys_56,eira1310,iter,1,0.25
Carys_56,eira1311,iter,1,0.25
Carys_56,eisio1312,iter,1,0.25
Carys_56,eisio1313,iter,1,0.25
Carys_56,gaggag914,iter,1,0.25
Carys_56,hiya915,iter,1,0.25
Carys_56,hiya916,iter,1,0.25
Carys_56,hwnna917,iter,1,0.25
Carys_56,hwnna918,iter,1,0.25
Carys_56,lorry920,iter,1,0.25
Carys_56,tata926,iter,1,0.25
Carys_56,tata927,iter,1,0.25
Carys_56,tedi928,iter,1,0.25
Carys_56,tedi929,iter,1,0.25
Carys_56,tedi930,iter,1,0.25
Carys_57,La-La919,iter,1,0.25
Carys_57,Lucy921,iter,1,0.25
Carys_57,eira1310,iter,1,0.25
Carys_57,eira1311,iter,1,0.25
Carys_57,eisio1312,iter,1,0.25
Carys_57,eisio1313,iter,1,0.25
Carys_57,gaggag914,iter,1,0.25
Carys_57,lorry920,iter,1,0.25
Carys_57,tata925,iter,1,0.25
Carys_57,tata926,iter,1,0.25
Carys_57,tata927,iter,1,0.25
Carys_57,tedi928,iter,1,0.25
Carys_57,tedi929,iter,1,0.25
Carys_58,La-La919,iter,1,0.25
Carys_58,eisio1312,iter,1,0.25
Carys_58,eisio1313,iter,1,0.25
Carys_58,gaggag914,iter,1,0.25
Carys_58,hiya915,iter,1,0.25
Carys_58,hiya916,iter,1,0.25
Carys_58,hwnna917,iter,1,0.25
Carys_58,hwnna918,iter,1,0.25
Carys_58,tata925,iter,1,0.25
Carys_58,tata926,iter,1,0.25
Carys_58,tata927,iter,1,0.25
Carys_58,tedi928,iter,1,0.25
Carys_58,tedi929,iter,1,0.25
Carys_58,tedi930,iter,1,0.25
Carys_59,La-La919,iter,1,0.25
Carys_59,Meira922,iter,1,0.25
Carys_59,Meira923,iter,1,0.25
Carys_59,Meira924,iter,1,0.25
Carys_59,eira1310,iter,1,0.25
Carys_59,eira1311,iter,1,0.25
Carys_59,eisio1312,iter,1,0.25
Carys_59,eisio1313,iter,1,0.25
Carys_59,gaggag914,iter,1,0.25
Carys_59,hiya915,iter,1,0.25
Carys_59,hiya916,iter,1,0.25
Carys_59,hwnna917,iter,1,0.25
Carys_59,hwnna918,iter,1,0.25
Carys_59,tata925,iter,1,0.25
Carys_59,tata926,iter,1,0.25
Carys_59,tata927,iter,1,0.25
Carys_59,tedi928,iter,1,0.25
Carys_59,tedi929,iter,1,0.25
Carys_59,tedi930,iter,1,0.25
Carys_6,La-La919,iter,1,0.25
Carys_6,eira1310,iter,1,0.25
Carys_6,eira1311,iter,1,0.25
Carys_6,eisio1312,iter,1,0.25
Carys_6,gaggag914,iter,1,0.25
Carys_6,hiya915,iter,1,0.25
Carys_6,hiya916,iter,1,0.25
Carys_6,hwnna917,iter,1,0.25
Carys_6,hwnna918,iter,1,0.25
Carys_6,tedi929,iter,1,0.25
Carys_6,tedi930,iter,1,0.25
Carys_60,La-La919,iter,1,0.25
Carys_60,Meira922,iter,1,0.25
Carys_60,Meira923,iter,1,0.25
Carys_60,Meira924,iter,1,0.25
Carys_60,eira1310,iter,1,0.25
Carys_60,eira1311,iter,1,0.25
Carys_60,eisio1312,iter,1,0.25
Carys_60,eisio1313,iter,1,0.25
Carys_60,gaggag914,iter,1,0.25
Carys_60,lorry920,iter,1,0.25
Carys_61,La-La919,iter,1,0.25
Carys_61,Lucy921,iter,1,0.25
Carys_61,Meira922,iter,1,0.25
Carys_61,Meira923,iter,1,0.25
Carys_61,Meira924,iter,1,0.25
Carys_61,eira1310,iter,1,0.25
Carys_61,eira1311,iter,1,0.25
Carys_61,eisio1312,iter,1,0.25
Carys_61,eisio1313,iter,1,0.25
Carys_61,lorry920,iter,1,0.25
Carys_62,La-La919,iter,1,0.25
Carys_62,eira1310,iter,1,0.25
Carys_62,eisio1312,iter,1,0.25
Carys_62,eisio1313,iter,1,0.25
Carys_62,gaggag914,iter,1,0.25
Carys_62,hiya915,iter,1,0.25
Carys_62,hiya916,iter,1,0.25
Carys_62,hwnna917,iter,1,0.25
Carys_62,hwnna918,iter,1,0.25
Carys_62,tedi928,iter,1,0.25
Carys_62,tedi929,iter,1,0.25
Carys_62,tedi930,iter,1,0.25
Carys_63,La-La919,iter,1,0.25
Carys_63,Lucy921,iter,1,0.25
Carys_63,eira1310,iter,1,0.25
Carys_63,eira1311,iter,1,0.25
Carys_63,eisio1312,iter,1,0.25
Carys_63,eisio1313,iter,1,0.25
Carys_63,gaggag914,iter,1,0.25
Carys_63,lorry920,iter,1,0.25
Carys_63,tata925,iter,1,0.25
Carys_63,tata927,iter,1,0.25
Carys_63,tedi928,iter,1,0.25
Carys_63,tedi929,iter,1,0.25
Carys_64,La-La919,iter,1,0.25
Carys_64,Lucy921,iter,1,0.25
Carys_64,Meira922,iter,1,0.25
Carys_64,Meira923,iter,1,0.25
Carys_64,Meira924,iter,1,0.25
Carys_64,eira1310,iter,1,0.25
Carys_64,eira1311,iter,1,0.25
Carys_64,eisio1313,iter,1,0.25
Carys_64,gaggag914,iter,1,0.25
Carys_64,hiya915,iter,1,0.25
Carys_64,hiya916,iter,1,0.25
Carys_64,hwnna917,iter,1,0.25
Carys_64,hwnna918,iter,1,0.25
Carys_64,lorry920,iter,1,0.25
Carys_64,tata926,iter,1,0.25
Carys_64,tata927,iter,1,0.25
Carys_64,tedi928,iter,1,0.25
Carys_64,tedi929,iter,1,0.25
Carys_64,tedi930,iter,1,0.25
Carys_65,La-La919,iter,1,0.25
Carys_65,Lucy921,iter,1,0.25
Carys_65,eisio1312,iter,1,0.25
Carys_65,eisio1313,iter,1,0.25
Carys_65,gaggag914,iter,1,0.25
Carys_65,hwnna917,iter,1,0.25
Carys_65,hwnna918,iter,1,0.25
Carys_65,tata925,iter,1,0.25
Carys_65,tata926,iter,1,0.25
Carys_65,tata927,iter,1,0.25
Carys_65,tedi928,iter,1,0.25
Carys_65,tedi930,iter,1,0.25
Carys_66,eisio1312,iter,1,0.25
Carys_66,eisio1313,iter,1,0.25
Carys_66,gaggag914,iter,1,0.25
Carys_66,hwnna917,iter,1,0.25
Carys_66,hwnna918,iter,1,0.25
Carys_66,tata925,iter,1,0.25
Carys_66,tata926,iter,1,0.25
Carys_66,tata927,iter,1,0.25
Carys_66,tedi928,iter,1,0.25
Carys_66,tedi929,iter,1,0.25
Carys_66,tedi930,iter,1,0.25
Carys_67,La-La919,iter,1,0.25
Carys_67,Lucy921,iter,1,0.25
Carys_67,Meira922,iter,1,0.25
Carys_67,Meira923,iter,1,0.25
Carys_67,Meira924,iter,1,0.25
Carys_67,eira1310,iter,1,0.25
Carys_67,eira1311,iter,1,0.25
Carys_67,eisio1312,iter,1,0.25
Carys_67,eisio1313,iter,1,0.25
Carys_67,hiya915,iter,1,0.25
Carys_67,hwnna917,iter,1,0.25
Carys_67,hwnna918,iter,1,0.25
Carys_67,lorry920,iter,1,0.25
Carys_67,tata925,iter,1,0.25
Carys_67,tata926,iter,1,0.25
Carys_67,tata927,iter,1,0.25
Carys_67,tedi928,iter,1,0.25
Carys_67,tedi929,iter,1,0.25
Carys_67,tedi930,iter,1,0.25
Carys_68,La-La919,iter,1,0.25
Carys_68,Meira922,iter,1,0.25
Carys_68,Meira923,iter,1,0.25
Carys_68,eira1310,iter,1,0.25
Carys_68,eira1311,iter,1,0.25
Carys_68,eisio1312,iter,1,0.25
Carys_68,eisio1313,iter,1,0.25
Carys_68,gaggag914,iter,1,0.25
Carys_69,La-La919,iter,1,0.25
Carys_69,Lucy921,iter,1,0.25
Carys_69,eisio1312,iter,1,0.25
Carys_69,eisio1313,iter,1,0.25
Carys_69,gaggag914,iter,1,0.25
Carys_69,hwnna917,iter,1,0.25
Carys_69,hwnna918,iter,1,0.25
Carys_69,tata925,iter,1,0.25
Carys_69,tata927,iter,1,0.25
Carys_69,tedi928,iter,1,0.25
Carys_69,tedi929,iter,1,0.25
Carys_69,tedi930,iter,1,0.25
Carys_7,La-La919,iter,1,0.25
Carys_7,Meira922,iter,1,0.25
Carys_7,Meira923,iter,1,0.25
Carys_7,Meira924,iter,1,0.25
Carys_7,eira1310,iter,1,0.25
Carys_7,eisio1312,iter,1,0.25
Carys_7,eisio1313,iter,1,0.25
Carys_7,gaggag914,iter,1,0.25
Carys_7,lorry920,iter,1,0.25
Carys_70,La-La919,iter,1,0.25
Carys_70,Lucy921,iter,1,0.25
Carys_70,eisio1312,iter,1,0.25
Carys_70,eisio1313,iter,1,0.25
Carys_70,gaggag914,iter,1,0.25
Carys_70,hiya915,iter,1,0.25
Carys_70,hiya916,iter,1,0.25
Carys_70,hwnna917,iter,1,0.25
Carys_70,hwnna918,iter,1,0.25
Carys_70,tata925,iter,1,0.25
Carys_70,tata926,iter,1,0.25
Carys_70,tedi928,iter,1,0.25
Carys_70,tedi930,iter,1,0.25
Carys_72,La-La919,iter,1,0.25
Carys_72,Lucy921,iter,1,0.25
Carys_72,Meira922,iter,1,0.25
Carys_72,eira1310,iter,1,0.25
Carys_72,eira1311,iter,1,0.25
Carys_72,eisio1312,iter,1,0.25
Carys_72,eisio1313,iter,1,0.25
Carys_72,gaggag914,iter,1,0.25
Carys_72,hiya915,iter,1,0.25
Carys_72,hiya916,iter,1,0.25
Carys_72,hwnna917,iter,1,0.25
Carys_72,hwnna918,iter,1,0.25
Carys_72,lorry920,iter,1,0.25
Carys_72,tata925,iter,1,0.25
Carys_72,tata926,iter,1,0.25
Carys_72,tata927,iter,1,0.25
Carys_72,tedi928,iter,1,0.25
Carys_72,tedi929,iter,1,0.25
Carys_72,tedi930,iter,1,0.25
Carys_73,La-La919,iter,1,0.25
Carys_73,eisio1312,iter,1,0.25
Carys_73,gaggag914,iter,1,0.25
Carys_73,hiya915,iter,1,0.25
Carys_73,hiya916,iter,1,0.25
Carys_73,hwnna918,iter,1,0.25
Carys_73,tata925,iter,1,0.25
Carys_73,tata926,iter,1,0.25
Carys_73,tata927,iter,1,0.25
Carys_73,tedi928,iter,1,0.25
Carys_73,tedi929,iter,1,0.25
Carys_73,tedi930,iter,1,0.25
Carys_74,La-La919,iter,1,0.25
Carys_74,Lucy921,iter,1,0.25
Carys_74,Meira922,iter,1,0.25
Carys_74,Meira924,iter,1,0.25
Carys_74,eisio1312,iter,1,0.25
Carys_74,eisio1313,iter,1,0.25
Carys_74,gaggag914,iter,1,0.25
Carys_74,hiya915,iter,1,0.25
Carys_74,hiya916,iter,1,0.25
Carys_74,lorry920,iter,1,0.25
Carys_75,La-La919,iter,1,0.25
Carys_75,Lucy921,iter,1,0.25
Carys_75,Meira922,iter,1,0.25
Carys_75,Meira923,iter,1,0.25
Carys_75,Meira924,iter,1,0.25
Carys_75,eira1310,iter,1,0.25
Carys_75,eira1311,iter,1,0.25
Carys_75,eisio1312,iter,1,0.25
Carys_75,eisio1313,iter,1,0.25
Carys_75,gaggag914,iter,1,0.25
Carys_75,hiya915,iter,1,0.25
Carys_75,hiya916,iter,1,0.25
Carys_75,hwnna917,iter,1,0.25
Carys_75,hwnna918,iter,1,0.25
Carys_75,tata925,iter,1,0.25
Carys_75,tata926,iter,1,0.25
Carys_75,tata927,iter,1,0.25
Carys_75,tedi928,iter,1,0.25
Carys_75,tedi929,iter,1,0.25
Carys_75,tedi930,iter,1,0.25
Carys_76,Meira922,iter,1,0.25
Carys_76,Meira923,iter,1,0.25
Carys_76,Meira924,iter,1,0.25
Carys_76,eira1310,iter,1,0.25
Carys_76,eira1311,iter,1,0.25
Carys_76,eisio1312,iter,1,0.25
Carys_76,eisio1313,iter,1,0.25
Carys_76,gaggag914,iter,1,0.25
Carys_76,lorry920,iter,1,0.25
Carys_77,La-La919,iter,1,0.25
Carys_77,Lucy921,iter,1,0.25
Carys_77,eisio1312,iter,1,0.25
Carys_77,eisio1313,iter,1,0.25
Carys_77,gaggag914,iter,1,0.25
Carys_77,hwnna917,iter,1,0.25
Carys_77,hwnna918,iter,1,0.25
Carys_77,tata927,iter,1,0.25
Carys_77,tedi928,iter,1,0.25
Carys_77,tedi929,iter,1,0.25
Carys_77,tedi930,iter,1,0.25
Carys_78,La-La919,iter,1,0.25
Carys_78,Meira922,iter,1,0.25
Carys_78,Meira923,iter,1,0.25
Carys_78,Meira924,iter,1,0.25
Carys_78,eira1310,iter,1,0.25
Carys_78,eira1311,iter,1,0.25
Carys_78,eisio1312,iter,1,0.25
Carys_78,eisio1313,iter,1,0.25
Carys_78,gaggag914,iter,1,0.25
Carys_78,lorry920,iter,1,0.25
Carys_79,La-La919,iter,1,0.25
Carys_79,Meira922,iter,1,0.25
Carys_79,Meira923,iter,1,0.25
Carys_79,Meira924,iter,1,0.25
Carys_79,eira1311,iter,1,0.25
Carys_79,eisio1312,iter,1,0.25
Carys_79,eisio1313,iter,1,0.25
Carys_79,gaggag914,iter,1,0.25
Carys_79,lorry920,iter,1,0.25
Carys_8,La-La919,iter,1,0.25
Carys_8,Lucy921,iter,1,0.25
Carys_8,eisio1312,iter,1,0.25
Carys_8,eisio1313,iter,1,0.25
Carys_8,gaggag914,iter,1,0.25
Carys_8,hiya915,iter,1,0.25
Carys_8,hiya916,iter,1,0.25
Carys_8,hwnna918,iter,1,0.25
Carys_8,tata925,iter,1,0.25
Carys_8,tata926,iter,1,0.25
Carys_8,tata927,iter,1,0.25
Carys_8,tedi928,iter,1,0.25
Carys_8,tedi930,iter,1,0.25
Carys_80,La-La919,iter,1,0.25
Carys_80,eira1310,iter,1,0.25
Carys_80,eisio1313,iter,1,0.25
Carys_80,gaggag914,iter,1,0.25
Carys_80,hiya915,iter,1,0.25
Carys_80,hiya916,iter,1,0.25
Carys_80,hwnna917,iter,1,0.25
Carys_80,hwnna918,iter,1,0.25
Carys_80,tedi928,iter,1,0.25
Carys_80,tedi929,iter,1,0.25
Carys_80,tedi930,iter,1,0.25
Carys_81,La-La919,iter,1,0.25
Carys_81,Lucy921,iter,1,0.25
Carys_81,Meira922,iter,1,0.25
Carys_81,Meira923,iter,1,0.25
Carys_81,Meira924,iter,1,0.25
Carys_81,eira1310,iter,1,0.25
Carys_81,eira1311,iter,1,0.25
Carys_81,eisio1312,iter,1,0.25
Carys_81,eisio1313,iter,1,0.25
Carys_81,gaggag914,iter,1,0.25
Carys_81,hiya915,iter,1,0.25
Carys_81,lorry920,iter,1,0.25
Carys_82,La-La919,iter,1,0.25
Carys_82,Lucy921,iter,1,0.25
Carys_82,Meira922,iter,1,0.25
Carys_82,Meira923,iter,1,0.25
Carys_82,Meira924,iter,1,0.25
Carys_82,eira1310,iter,1,0.25
Carys_82,eira1311,iter,1,0.25
Carys_82,eisio1312,iter,1,0.25
Carys_82,eisio1313,iter,1,0.25
Carys_82,gaggag914,iter,1,0.25
Carys_82,hiya915,iter,1,0.25
Carys_82,hiya916,iter,1,0.25
Carys_82,lorry920,iter,1,0.25
Carys_83,La-La919,iter,1,0.25
Carys_83,Meira922,iter,1,0.25
Carys_83,Meira923,iter,1,0.25
Carys_83,Meira924,iter,1,0.25
Carys_83,eira1310,iter,1,0.25
Carys_83,eira1311,iter,1,0.25
Carys_83,eisio1312,iter,1,0.25
Carys_83,eisio1313,iter,1,0.25
Carys_83,gaggag914,iter,1,0.25
Carys_83,lorry920,iter,1,0.25
Carys_84,La-La919,iter,1,0.25
Carys_84,Lucy921,iter,1,0.25
Carys_84,eisio1312,iter,1,0.25
Carys_84,eisio1313,iter,1,0.25
Carys_84,gaggag914,iter,1,0.25
Carys_84,hiya915,iter,1,0.25
Carys_84,hiya916,iter,1,0.25
Carys_84,hwnna918,iter,1,0.25
Carys_84,tata925,iter,1,0.25
Carys_84,tata926,iter,1,0.25
Carys_84,tata927,iter,1,0.25
Carys_84,tedi928,iter,1,0.25
Carys_84,tedi929,iter,1,0.25
Carys_84,tedi930,iter,1,0.25
Carys_85,La-La919,iter,1,0.25
Carys_85,Lucy921,iter,1,0.25
Carys_85,Meira922,iter,1,0.25
Carys_85,Meira923,iter,1,0.25
Carys_85,Meira924,iter,1,0.25
Carys_85,eira1310,iter,1,0.25
Carys_85,eira1311,iter,1,0.25
Carys_85,eisio1312,iter,1,0.25
Carys_85,eisio1313,iter,1,0.25
Carys_85,gaggag914,iter,1,0.25
Carys_85,hiya915,iter,1,0.25
Carys_85,hiya916,iter,1,0.25
Carys_85,hwnna917,iter,1,0.25
Carys_85,hwnna918,iter,1,0.25
Carys_85,lorry920,iter,1,0.25
Carys_85,tata926,iter,1,0.25
Carys_85,tedi928,iter,1,0.25
Carys_85,tedi929,iter,1,0.25
Carys_85,tedi930,iter,1,0.25
Carys_86,Lucy921,iter,1,0.25
Carys_86,eisio1312,iter,1,0.25
Carys_86,eisio1313,iter,1,0.25
Carys_86,gaggag914,iter,1,0.25
Carys_86,hwnna917,iter,1,0.25
Carys_86,hwnna918,iter,1,0.25
Carys_86,tata925,iter,1,0.25
Carys_86,tata927,iter,1,0.25
Carys_86,tedi929,iter,1,0.25
Carys_86,tedi930,iter,1,0.25
Carys_87,La-La919,iter,1,0.25
Carys_87,Lucy921,iter,1,0.25
Carys_87,Meira922,iter,1,0.25
Carys_87,Meira923,iter,1,0.25
Carys_87,Meira924,iter,1,0.25
Carys_87,eira1310,iter,1,0.25
Carys_87,eira1311,iter,1,0.25
Carys_87,eisio1312,iter,1,0.25
Carys_87,eisio1313,iter,1,0.25
Carys_87,hiya915,iter,1,0.25
Carys_87,hiya916,iter,1,0.25
Carys_87,lorry920,iter,1,0.25
Carys_88,La-La919,iter,1,0.25
Carys_88,Lucy921,iter,1,0.25
Carys_88,eisio1312,iter,1,0.25
Carys_88,eisio1313,iter,1,0.25
Carys_88,gaggag914,iter,1,0.25
Carys_88,hwnna917,iter,1,0.25
Carys_88,hwnna918,iter,1,0.25
Carys_88,tata926,iter,1,0.25
Carys_88,tata927,iter,1,0.25
Carys_88,tedi929,iter,1,0.25
Carys_88,tedi930,iter,1,0.25
Carys_89,La-La919,iter,1,0.25
Carys_89,Lucy921,iter,1,0.25
Carys_89,eisio1312,iter,1,0.25
Carys_89,eisio1313,iter,1,0.25
Carys_89,gaggag914,iter,1,0.25
Carys_89,hiya915,iter,1,0.25
Carys_89,hiya916,iter,1,0.25
Carys_89,hwnna918,iter,1,0.25
Carys_89,tata926,iter,1,0.25
Carys_89,tata927,iter,1,0.25
Carys_89,tedi928,iter,1,0.25
Carys_89,tedi929,iter,1,0.25
Carys_89,tedi930,iter,1,0.25
Carys_9,La-La919,iter,1,0.25
Carys_9,Lucy921,iter,1,0.25
Carys_9,eisio1312,iter,1,0.25
Carys_9,eisio1313,iter,1,0.25
Carys_9,gaggag914,iter,1,0.25
Carys_9,hiya915,iter,1,0.25
Carys_9,hiya916,iter,1,0.25
Carys_9,hwnna917,iter,1,0.25
Carys_9,hwnna918,iter,1,0.25
Carys_9,tata925,iter,1,0.25
Carys_9,tata927,iter,1,0.25
Carys_9,tedi928,iter,1,0.25
Carys_9,tedi929,iter,1,0.25
Carys_9,tedi930,iter,1,0.25
Carys_90,La-La919,iter,1,0.25
Carys_90,eira1310,iter,1,0.25
Carys_90,eira1311,iter,1,0.25
Carys_90,eisio1312,iter,1,0.25
Carys_90,eisio1313,iter,1,0.25
Carys_90,gaggag914,iter,1,0.25
Carys_90,hiya915,iter,1,0.25
Carys_90,hiya916,iter,1,0.25
Carys_90,hwnna918,iter,1,0.25
Carys_90,tedi928,iter,1,0.25
Carys_90,tedi929,iter,1,0.25
Carys_90,tedi930,iter,1,0.25
Carys_92,La-La919,iter,1,0.25
Carys_92,Lucy921,iter,1,0.25
Carys_92,Meira923,iter,1,0.25
Carys_92,Meira924,iter,1,0.25
Carys_92,eira1310,iter,1,0.25
Carys_92,eira1311,iter,1,0.25
Carys_92,eisio1312,iter,1,0.25
Carys_92,eisio1313,iter,1,0.25
Carys_92,gaggag914,iter,1,0.25
Carys_92,hiya916,iter,1,0.25
Carys_92,lorry920,iter,1,0.25
Carys_93,La-La919,iter,1,0.25
Carys_93,eisio1313,iter,1,0.25
Carys_93,gaggag914,iter,1,0.25
Carys_93,hiya915,iter,1,0.25
Carys_93,hiya916,iter,1,0.25
Carys_93,hwnna917,iter,1,0.25
Carys_93,hwnna918,iter,1,0.25
Carys_93,tata926,iter,1,0.25
Carys_93,tata927,iter,1,0.25
Carys_93,tedi928,iter,1,0.25
Carys_93,tedi929,iter,1,0.25
Carys_93,tedi930,iter,1,0.25
Carys_94,La-La919,iter,1,0.25
Carys_94,Lucy921,iter,1,0.25
Carys_94,Meira922,iter,1,0.25
Carys_94,Meira923,iter,1,0.25
Carys_94,eira1310,iter,1,0.25
Carys_94,eira1311,iter,1,0.25
Carys_94,eisio1312,iter,1,0.25
Carys_94,eisio1313,iter,1,0.25
Carys_94,hiya915,iter,1,0.25
Carys_94,hiya916,iter,1,0.25
Carys_94,hwnna917,iter,1,0.25
Carys_94,hwnna918,iter,1,0.25
Carys_94,lorry920,iter,1,0.25
Carys_94,tata925,iter,1,0.25
Carys_94,tata926,iter,1,0.25
Carys_94,tata927,iter,1,0.25
Carys_94,tedi928,iter,1,0.25
Carys_94,tedi929,iter,1,0.25
Carys_94,tedi930,iter,1,0.25
Carys_95,La-La919,iter,1,0.25
Carys_95,eira1310,iter,1,0.25
Carys_95,eira1311,iter,1,0.25
Carys_95,eisio1312,iter,1,0.25
Carys_95,eisio1313,iter,1,0.25
Carys_95,gaggag914,iter,1,0.25
Carys_95,hiya915,iter,1,0.25
Carys_95,hwnna917,iter,1,0.25
Carys_95,hwnna918,iter,1,0.25
Carys_95,tedi928,iter,1,0.25
Carys_95,tedi929,iter,1,0.25
Carys_95,tedi930,iter,1,0.25
Carys_96,La-La919,iter,1,0.25
Carys_96,eira1310,iter,1,0.25
Carys_96,eira1311,iter,1,0.25
Carys_96,eisio1312,iter,1,0.25
Carys_96,eisio1313,iter,1,0.25
Carys_96,gaggag914,iter,1,0.25
Carys_96,lorry920,iter,1,0.25
Carys_97,La-La919,iter,1,0.25
Carys_97,Lucy921,iter,1,0.25
Carys_97,eisio1313,iter,1,0.25
Carys_97,gaggag914,iter,1,0.25
Carys_97,hiya915,iter,1,0.25
Carys_97,hiya916,iter,1,0.25
Carys_97,hwnna917,iter,1,0.25
Carys_97,hwnna918,iter,1,0.25
Carys_97,tata925,iter,1,0.25
Carys_97,tata927,iter,1,0.25
Carys_97,tedi928,iter,1,0.25
Carys_97,tedi929,iter,1,0.25
Carys_98,La-La919,iter,1,0.25
Carys_98,Lucy921,iter,1,0.25
Carys_98,eisio1312,iter,1,0.25
Carys_98,eisio1313,iter,1,0.25
Carys_98,gaggag914,iter,1,0.25
Carys_98,hiya915,iter,1,0.25
Carys_98,hwnna917,iter,1,0.25
Carys_98,hwnna918,iter,1,0.25
Carys_98,tata925,iter,1,0.25
Carys_98,tata926,iter,1,0.25
Carys_98,tata927,iter,1,0.25
Carys_98,tedi929,iter,1,0.25
Carys_98,tedi930,iter,1,0.25
Carys_99,La-La919,iter,1,0.25
Carys_99,Lucy921,iter,1,0.25
Carys_99,eisio1312,iter,1,0.25
Carys_99,eisio1313,iter,1,0.25
Carys_99,gaggag914,iter,1,0.25
Carys_99,hiya915,iter,1,0.25
Carys_99,hiya916,iter,1,0.25
Carys_99,hwnna918,iter,1,0.25
Carys_99,tata925,iter,1,0.25
Carys_99,tata926,iter,1,0.25
Carys_99,tedi928,iter,1,0.25
Carys_99,tedi929,iter,1,0.25
Carys_99,tedi930,iter,1,0.25
Eelis_1,kakka1521,iter,1,0.25
Eelis_1,kakka1523,iter,1,0.25
Eelis_1,kiikkaa1530,iter,1,0.25
Eelis_1,kiikkaa1531,iter,1,0.25
Eelis_10,Eetu1147,iter,1,0.25
Eelis_10,Eetu1148,iter,1,0.25
Eelis_100,Hippi1519,iter,1,0.25
Eelis_100,heppa1507,iter,1,0.25
Eelis_100,heppa1510,iter,1,0.25
Eelis_100,heppa1513,iter,1,0.25
Eelis_100,heppa1514,iter,1,0.25
Eelis_100,heppa1516,iter,1,0.25
Eelis_100,loppu1545,iter,1,0.25
Eelis_100,pappa1551,iter,1,0.25
Eelis_11,Hippi1517,iter,1,0.25
Eelis_11,heppa1502,iter,1,0.25
Eelis_11,heppa1503,iter,1,0.25
Eelis_11,heppa1511,iter,1,0.25
Eelis_11,loppu1547,iter,1,0.25
Eelis_11,pipi280,iter,1,0.25
Eelis_12,Eetu1147,iter,1,0.25
Eelis_12,istuu1151,iter,1,0.25
Eelis_13,kiikkaa1524,iter,1,0.25
Eelis_13,kiikkaa1531,iter,1,0.25
Eelis_13,kiikkaa1532,iter,1,0.25
Eelis_13,kukka1543,iter,1,0.25
Eelis_13,rikki1554,iter,1,0.25
Eelis_14,Hippi1517,iter,1,0.25
Eelis_14,heppa1505,iter,1,0.25
Eelis_14,heppa1506,iter,1,0.25
Eelis_14,heppa1513,iter,1,0.25
Eelis_14,heppa1516,iter,1,0.25
Eelis_14,pappa1551,iter,1,0.25
Eelis_14,pipi280,iter,1,0.25
Eelis_14,poppa1552,iter,1,0.25
Eelis_15,anna1775,iter,1,0.25
Eelis_15,räppäa282,iter,1,0.25
Eelis_16,Eetu1147,iter,1,0.25
Eelis_16,istuu1154,iter,1,0.25
Eelis_16,itkee1155,iter,1,0.25
Eelis_16,räppäa282,iter,1,0.25
Eelis_17,heppa1509,iter,1,0.25
Eelis_17,pipi279,iter,1,0.25
Eelis_17,poppa1553,iter,1,0.25
Eelis_18,omppu1776,iter,1,0.25
Eelis_19,kakka1520,iter,1,0.25
Eelis_19,kiikkaa1525,iter,1,0.25
Eelis_19,kiikkaa1527,iter,1,0.25
Eelis_19,kiikkaa1532,iter,1,0.25
Eelis_20,heppa1504,iter,1,0.25
Eelis_20,heppa1506,iter,1,0.25
Eelis_20,heppa1508,iter,1,0.25
Eelis_20,heppa1512,iter,1,0.25
Eelis_20,heppa1516,iter,1,0.25
Eelis_20,loppu1546,iter,1,0.25
Eelis_20,loppu1547,iter,1,0.25
Eelis_20,nappi1550,iter,1,0.25
Eelis_20,poppa1552,iter,1,0.25
Eelis_20,poppa1553,iter,1,0.25
Eelis_21,heppa1512,iter,1,0.25
Eelis_21,heppa1514,iter,1,0.25
Eelis_21,nappi1550,iter,1,0.25
Eelis_21,pipi279,iter,1,0.25
Eelis_22,Hippi1517,iter,1,0.25
Eelis_22,heppa1501,iter,1,0.25
Eelis_22,heppa1514,iter,1,0.25
Eelis_22,heppa1515,iter,1,0.25
Eelis_22,loppu1546,iter,1,0.25
Eelis_22,pipi279,iter,1,0.25
Eelis_22,pipi280,iter,1,0.25
Eelis_22,poppa1552,iter,1,0.25
Eelis_24,anna1775,iter,1,0.25
Eelis_24,kiinni1537,iter,1,0.25
Eelis_24,kiinni1538,iter,1,0.25
Eelis_24,kiinni1539,iter,1,0.25
Eelis_24,kiinni1540,iter,1,0.25
Eelis_26,Hippi1517,iter,1,0.25
Eelis_26,heppa1515,iter,1,0.25
Eelis_26,loppu1545,iter,1,0.25
Eelis_26,pipi279,iter,1,0.25
Eelis_26,pipi280,iter,1,0.25
Eelis_27,kiikkaa1526,iter,1,0.25
Eelis_27,kiikkaa1530,iter,1,0.25
Eelis_27,kukka1543,iter,1,0.25
Eelis_27,rikki1554,iter,1,0.25
Eelis_28,Eetu1148,iter,1,0.25
Eelis_28,istuu1150,iter,1,0.25
Eelis_28,itkee1155,iter,1,0.25
Eelis_29,kiinni1536,iter,1,0.25
Eelis_29,kiinni1539,iter,1,0.25
Eelis_3,Eetu1147,iter,1,0.25
Eelis_3,heppa1503,iter,1,0.25
Eelis_30,Eetu1148,iter,1,0.25
Eelis_30,itkee1155,iter,1,0.25
Eelis_30,kiitos278,iter,1,0.25
Eelis_30,pipi281,iter,1,0.25
Eelis_31,Eetu1149,iter,1,0.25
Eelis_31,heppa1503,iter,1,0.25
Eelis_31,heppa1509,iter,1,0.25
Eelis_31,heppa1512,iter,1,0.25
Eelis_31,heppa1514,iter,1,0.25
Eelis_31,heppa1515,iter,1,0.25
Eelis_31,poppa1553,iter,1,0.25
Eelis_31,räppäa282,iter,1,0.25
Eelis_32,Hippi1519,iter,1,0.25
Eelis_32,heppa1501,iter,1,0.25
Eelis_32,heppa1502,iter,1,0.25
Eelis_32,heppa1505,iter,1,0.25
Eelis_32,heppa1512,iter,1,0.25
Eelis_32,heppa1513,iter,1,0.25
Eelis_32,loppu1546,iter,1,0.25
Eelis_32,pappa1551,iter,1,0.25
Eelis_32,räppäa282,iter,1,0.25
Eelis_33,heppa1505,iter,1,0.25
Eelis_33,heppa1511,iter,1,0.25
Eelis_33,loppu1545,iter,1,0.25
Eelis_33,loppu1547,iter,1,0.25
Eelis_34,heppa1504,iter,1,0.25
Eelis_34,heppa1509,iter,1,0.25
Eelis_34,heppa1511,iter,1,0.25
Eelis_34,heppa1513,iter,1,0.25
Eelis_34,heppa1514,iter,1,0.25
Eelis_34,loppu1547,iter,1,0.25
Eelis_34,poppa1553,iter,1,0.25
Eelis_35,Hippi1518,iter,1,0.25
Eelis_35,heppa1502,iter,1,0.25
Eelis_35,heppa1505,iter,1,0.25
Eelis_35,heppa1513,iter,1,0.25
Eelis_35,heppa1516,iter,1,0.25
Eelis_35,loppu1545,iter,1,0.25
Eelis_35,loppu1546,iter,1,0.25
Eelis_36,istuu1152,iter,1,0.25
Eelis_36,istuu1154,iter,1,0.25
Eelis_37,heppa1503,iter,1,0.25
Eelis_37,heppa1509,iter,1,0.25
Eelis_37,heppa1510,iter,1,0.25
Eelis_37,heppa1513,iter,1,0.25
Eelis_37,heppa1514,iter,1,0.25
Eelis_37,loppu1545,iter,1,0.25
Eelis_37,loppu1547,iter,1,0.25
Eelis_37,nappi1550,iter,1,0.25
Eelis_37,pappa1551,iter,1,0.25
Eelis_37,pipi279,iter,1,0.25
Eelis_37,poppa1552,iter,1,0.25
Eelis_38,Hippi1517,iter,1,0.25
Eelis_38,heppa1509,iter,1,0.25
Eelis_38,heppa1510,iter,1,0.25
Eelis_38,heppa1514,iter,1,0.25
Eelis_38,heppa1515,iter,1,0.25
Eelis_38,loppu1546,iter,1,0.25
Eelis_38,nappi1550,iter,1,0.25
Eelis_38,pipi281,iter,1,0.25
Eelis_38,poppa1552,iter,1,0.25
Eelis_39,kiikkaa1524,iter,1,0.25
Eelis_39,kiikkaa1527,iter,1,0.25
Eelis_39,kiikkaa1529,iter,1,0.25
Eelis_39,kiikkaa1530,iter,1,0.25
Eelis_39,rikki1555,iter,1,0.25
Eelis_4,itkee1155,iter,1,0.25
Eelis_40,Hippi1517,iter,1,0.25
Eelis_40,heppa1506,iter,1,0.25
Eelis_40,heppa1514,iter,1,0.25
Eelis_40,heppa1515,iter,1,0.25
Eelis_40,loppu1547,iter,1,0.25
Eelis_41,Hippi1517,iter,1,0.25
Eelis_41,heppa1503,iter,1,0.25
Eelis_41,heppa1507,iter,1,0.25
Eelis_41,heppa1514,iter,1,0.25
Eelis_41,loppu1546,iter,1,0.25
Eelis_41,nappi1550,iter,1,0.25
Eelis_41,räppäa282,iter,1,0.25
Eelis_42,Hippi1518,iter,1,0.25
Eelis_42,heppa1502,iter,1,0.25
Eelis_42,heppa1507,iter,1,0.25
Eelis_42,heppa1515,iter,1,0.25
Eelis_42,nappi1550,iter,1,0.25
Eelis_42,pappa1551,iter,1,0.25
Eelis_42,poppa1552,iter,1,0.25
Eelis_42,poppa1553,iter,1,0.25
Eelis_43,kakka1522,iter,1,0.25
Eelis_43,kiikkaa1532,iter,1,0.25
Eelis_43,kukka1544,iter,1,0.25
Eelis_44,Eetu1149,iter,1,0.25
Eelis_44,kiinni1536,iter,1,0.25
Eelis_44,kiinni1537,iter,1,0.25
Eelis_44,kiinni1538,iter,1,0.25
Eelis_44,kiinni1541,iter,1,0.25
Eelis_45,kakka1520,iter,1,0.25
Eelis_45,kiikkaa1524,iter,1,0.25
Eelis_45,kiikkaa1534,iter,1,0.25
Eelis_45,kukka1543,iter,1,0.25
Eelis_46,kiikkaa1526,iter,1,0.25
Eelis_46,kiikkaa1529,iter,1,0.25
Eelis_46,kiikkaa1530,iter,1,0.25
Eelis_46,kiikkaa1533,iter,1,0.25
Eelis_46,kiikkaa1534,iter,1,0.25
Eelis_46,rikki1554,iter,1,0.25
Eelis_46,rikki1555,iter,1,0.25
Eelis_47,heppa1505,iter,1,0.25
Eelis_47,heppa1511,iter,1,0.25
Eelis_47,heppa1515,iter,1,0.25
Eelis_47,loppu1546,iter,1,0.25
Eelis_47,loppu1547,iter,1,0.25
Eelis_47,pappa1551,iter,1,0.25
Eelis_47,pipi279,iter,1,0.25
Eelis_48,Eetu1148,iter,1,0.25
Eelis_48,Eetu1149,iter,1,0.25
Eelis_48,Hippi1518,iter,1,0.25
Eelis_48,heppa1502,iter,1,0.25
Eelis_48,heppa1503,iter,1,0.25
Eelis_48,loppu1545,iter,1,0.25
Eelis_49,kiikkaa1527,iter,1,0.25
Eelis_49,kiikkaa1530,iter,1,0.25
Eelis_49,kiikkaa1532,iter,1,0.25
Eelis_49,kukka1544,iter,1,0.25
Eelis_5,kakka1522,iter,1,0.25
Eelis_5,kiikkaa1527,iter,1,0.25
Eelis_5,kiikkaa1528,iter,1,0.25
Eelis_5,kiikkaa1532,iter,1,0.25
Eelis_50,Hippi1517,iter,1,0.25
Eelis_50,heppa1502,iter,1,0.25
Eelis_50,heppa1504,iter,1,0.25
Eelis_50,heppa1512,iter,1,0.25
Eelis_50,heppa1514,iter,1,0.25
Eelis_50,heppa1516,iter,1,0.25
Eelis_50,loppu1546,iter,1,0.25
Eelis_50,loppu1547,iter,1,0.25
Eelis_50,pipi281,iter,1,0.25
Eelis_51,kakka1520,iter,1,0.25
Eelis_51,kiikkaa1526,iter,1,0.25
Eelis_51,kiikkaa1532,iter,1,0.25
Eelis_51,kiikkaa1533,iter,1,0.25
Eelis_51,kiikkaa1534,iter,1,0.25
Eelis_52,Hippi1518,iter,1,0.25
Eelis_52,heppa1502,iter,1,0.25
Eelis_52,heppa1504,iter,1,0.25
Eelis_52,heppa1513,iter,1,0.25
Eelis_52,heppa1516,iter,1,0.25
Eelis_52,poppa1553,iter,1,0.25
Eelis_52,räppäa282,iter,1,0.25
Eelis_53,Hippi1518,iter,1,0.25
Eelis_53,heppa1501,iter,1,0.25
Eelis_53,heppa1504,iter,1,0.25
Eelis_53,heppa1507,iter,1,0.25
Eelis_53,heppa1510,iter,1,0.25
Eelis_53,heppa1514,iter,1,0.25
Eelis_53,loppu1545,iter,1,0.25
Eelis_53,pipi281,iter,1,0.25
Eelis_54,kiinni1539,iter,1,0.25
Eelis_54,kiinni1540,iter,1,0.25
Eelis_56,Hippi1519,iter,1,0.25
Eelis_56,heppa1501,iter,1,0.25
Eelis_56,heppa1502,iter,1,0.25
Eelis_56,heppa1506,iter,1,0.25
Eelis_56,heppa1515,iter,1,0.25
Eelis_56,loppu1545,iter,1,0.25
Eelis_56,pipi279,iter,1,0.25
Eelis_56,poppa1552,iter,1,0.25
Eelis_56,poppa1553,iter,1,0.25
Eelis_56,räppäa282,iter,1,0.25
Eelis_57,anna1775,iter,1,0.25
Eelis_57,kiinni1538,iter,1,0.25
Eelis_57,kiinni1540,iter,1,0.25
Eelis_58,kakka1522,iter,1,0.25
Eelis_58,kiikkaa1527,iter,1,0.25
Eelis_58,kiikkaa1528,iter,1,0.25
Eelis_58,kiikkaa1533,iter,1,0.25
Eelis_58,rikki1554,iter,1,0.25
Eelis_59,Hippi1517,iter,1,0.25
Eelis_59,heppa1506,iter,1,0.25
Eelis_59,heppa1511,iter,1,0.25
Eelis_59,loppu1545,iter,1,0.25
Eelis_59,loppu1546,iter,1,0.25
Eelis_59,pappa1551,iter,1,0.25
Eelis_59,pipi281,iter,1,0.25
Eelis_6,heppa1501,iter,1,0.25
Eelis_6,heppa1509,iter,1,0.25
Eelis_6,heppa1510,iter,1,0.25
Eelis_6,heppa1513,iter,1,0.25
Eelis_6,heppa1515,iter,1,0.25
Eelis_6,heppa1516,iter,1,0.25
Eelis_6,pappa1551,iter,1,0.25
Eelis_6,pipi279,iter,1,0.25
Eelis_6,pipi280,iter,1,0.25
Eelis_60,kiikkaa1525,iter,1,0.25
Eelis_60,kiikkaa1529,iter,1,0.25
Eelis_60,kukka1544,iter,1,0.25
Eelis_61,Hippi1518,iter,1,0.25
Eelis_61,heppa1502,iter,1,0.25
Eelis_61,heppa1511,iter,1,0.25
Eelis_61,heppa1514,iter,1,0.25
Eelis_61,loppu1545,iter,1,0.25
Eelis_61,pipi280,iter,1,0.25
Eelis_61,pipi281,iter,1,0.25
Eelis_61,poppa1553,iter,1,0.25
Eelis_62,Eetu1149,iter,1,0.25
Eelis_62,kiitos278,iter,1,0.25
Eelis_62,pipi279,iter,1,0.25
Eelis_62,räppäa282,iter,1,0.25
Eelis_63,heppa1502,iter,1,0.25
Eelis_63,heppa1506,iter,1,0.25
Eelis_63,loppu1546,iter,1,0.25
Eelis_63,pipi280,iter,1,0.25
Eelis_63,pipi281,iter,1,0.25
Eelis_63,poppa1553,iter,1,0.25
Eelis_64,ankka1771,iter,1,0.25
Eelis_65,kakka1520,iter,1,0.25
Eelis_65,kakka1521,iter,1,0.25
Eelis_65,kakka1522,iter,1,0.25
Eelis_65,kakka1523,iter,1,0.25
Eelis_65,kiikkaa1526,iter,1,0.25
Eelis_65,kiikkaa1527,iter,1,0.25
Eelis_65,kiikkaa1533,iter,1,0.25
Eelis_65,rikki1555,iter,1,0.25
Eelis_66,kakka1520,iter,1,0.25
Eelis_66,kakka1523,iter,1,0.25
Eelis_66,kiikkaa1526,iter,1,0.25
Eelis_66,kiikkaa1527,iter,1,0.25
Eelis_66,kiikkaa1530,iter,1,0.25
Eelis_66,kukka1544,iter,1,0.25
Eelis_67,Eetu1148,iter,1,0.25
Eelis_67,Eetu1149,iter,1,0.25
Eelis_68,kakka1521,iter,1,0.25
Eelis_68,kakka1522,iter,1,0.25
Eelis_68,kiikkaa1526,iter,1,0.25
Eelis_68,kiikkaa1528,iter,1,0.25
Eelis_68,kiikkaa1529,iter,1,0.25
Eelis_68,kiikkaa1531,iter,1,0.25
Eelis_69,heppa1502,iter,1,0.25
Eelis_69,heppa1507,iter,1,0.25
Eelis_69,heppa1508,iter,1,0.25
Eelis_69,heppa1510,iter,1,0.25
Eelis_69,loppu1545,iter,1,0.25
Eelis_7,Hippi1517,iter,1,0.25
Eelis_7,Hippi1519,iter,1,0.25
Eelis_7,heppa1502,iter,1,0.25
Eelis_7,heppa1503,iter,1,0.25
Eelis_7,heppa1508,iter,1,0.25
Eelis_7,heppa1513,iter,1,0.25
Eelis_7,loppu1547,iter,1,0.25
Eelis_7,pappa1551,iter,1,0.25
Eelis_7,poppa1552,iter,1,0.25
Eelis_70,kakka1522,iter,1,0.25
Eelis_70,kakka1523,iter,1,0.25
Eelis_70,kiikkaa1524,iter,1,0.25
Eelis_70,kiikkaa1531,iter,1,0.25
Eelis_70,kukka1544,iter,1,0.25
Eelis_71,istuu1152,iter,1,0.25
Eelis_71,istuu1154,iter,1,0.25
Eelis_72,Eetu1149,iter,1,0.25
Eelis_73,ankka1768,iter,1,0.25
Eelis_73,ankka1769,iter,1,0.25
Eelis_73,ankka1771,iter,1,0.25
Eelis_73,ankka1773,iter,1,0.25
Eelis_74,heppa1503,iter,1,0.25
Eelis_74,heppa1512,iter,1,0.25
Eelis_74,heppa1514,iter,1,0.25
Eelis_74,heppa1515,iter,1,0.25
Eelis_74,nappi1550,iter,1,0.25
Eelis_74,poppa1552,iter,1,0.25
Eelis_74,poppa1553,iter,1,0.25
Eelis_75,kakka1520,iter,1,0.25
Eelis_75,kakka1521,iter,1,0.25
Eelis_75,kiikkaa1532,iter,1,0.25
Eelis_76,Eetu1147,iter,1,0.25
Eelis_77,Hippi1518,iter,1,0.25
Eelis_77,Hippi1519,iter,1,0.25
Eelis_77,heppa1506,iter,1,0.25
Eelis_77,heppa1507,iter,1,0.25
Eelis_77,heppa1510,iter,1,0.25
Eelis_77,loppu1546,iter,1,0.25
Eelis_77,pipi279,iter,1,0.25
Eelis_77,pipi280,iter,1,0.25
Eelis_77,poppa1553,iter,1,0.25
Eelis_78,Eetu1149,iter,1,0.25
Eelis_79,kiikkaa1524,iter,1,0.25
Eelis_79,kiikkaa1526,iter,1,0.25
Eelis_79,kiikkaa1529,iter,1,0.25
Eelis_79,kiikkaa1530,iter,1,0.25
Eelis_79,kiikkaa1533,iter,1,0.25
Eelis_79,kiikkaa1534,iter,1,0.25
Eelis_79,kukka1543,iter,1,0.25
Eelis_79,kukka1544,iter,1,0.25
Eelis_8,Hippi1517,iter,1,0.25
Eelis_8,Hippi1518,iter,1,0.25
Eelis_8,heppa1501,iter,1,0.25
Eelis_8,heppa1512,iter,1,0.25
Eelis_8,heppa1513,iter,1,0.25
Eelis_8,heppa1515,iter,1,0.25
Eelis_8,loppu1545,iter,1,0.25
Eelis_8,pappa1551,iter,1,0.25
Eelis_8,poppa1552,iter,1,0.25
Eelis_8,poppa1553,iter,1,0.25
Eelis_8,räppäa282,iter,1,0.25
Eelis_80,Eetu1149,iter,1,0.25
Eelis_81,anna1775,iter,1,0.25
Eelis_81,kiinni1538,iter,1,0.25
Eelis_81,kiinni1539,iter,1,0.25
Eelis_82,Hippi1517,iter,1,0.25
Eelis_82,Hippi1518,iter,1,0.25
Eelis_82,heppa1507,iter,1,0.25
Eelis_82,heppa1508,iter,1,0.25
Eelis_82,heppa1515,iter,1,0.25
Eelis_82,loppu1545,iter,1,0.25
Eelis_82,pipi280,iter,1,0.25
Eelis_82,poppa1552,iter,1,0.25
Eelis_83,kakka1520,iter,1,0.25
Eelis_83,kakka1523,iter,1,0.25
Eelis_83,kiikkaa1525,iter,1,0.25
Eelis_83,kiikkaa1532,iter,1,0.25
Eelis_83,kiikkaa1534,iter,1,0.25
Eelis_84,heppa1502,iter,1,0.25
Eelis_84,heppa1505,iter,1,0.25
Eelis_84,heppa1506,iter,1,0.25
Eelis_84,heppa1510,iter,1,0.25
Eelis_84,heppa1511,iter,1,0.25
Eelis_84,pipi280,iter,1,0.25
Eelis_84,poppa1553,iter,1,0.25
Eelis_85,ankka1774,iter,1,0.25
Eelis_86,kakka1523,iter,1,0.25
Eelis_86,kiikkaa1524,iter,1,0.25
Eelis_86,kiikkaa1529,iter,1,0.25
Eelis_86,kiikkaa1531,iter,1,0.25
Eelis_86,kiikkaa1533,iter,1,0.25
Eelis_87,heppa1502,iter,1,0.25
Eelis_87,heppa1506,iter,1,0.25
Eelis_87,heppa1508,iter,1,0.25
Eelis_87,heppa1516,iter,1,0.25
Eelis_87,loppu1546,iter,1,0.25
Eelis_87,loppu1547,iter,1,0.25
Eelis_87,pipi281,iter,1,0.25
Eelis_87,räppäa282,iter,1,0.25
Eelis_88,heppa1508,iter,1,0.25
Eelis_88,heppa1515,iter,1,0.25
Eelis_88,heppa1516,iter,1,0.25
Eelis_88,loppu1545,iter,1,0.25
Eelis_88,pipi280,iter,1,0.25
Eelis_88,poppa1552,iter,1,0.25
Eelis_89,Hippi1517,iter,1,0.25
Eelis_89,Hippi1518,iter,1,0.25
Eelis_89,heppa1501,iter,1,0.25
Eelis_89,heppa1502,iter,1,0.25
Eelis_89,heppa1508,iter,1,0.25
Eelis_89,heppa1510,iter,1,0.25
Eelis_89,heppa1511,iter,1,0.25
Eelis_89,loppu1545,iter,1,0.25
Eelis_89,nappi1550,iter,1,0.25
Eelis_9,kakka1520,iter,1,0.25
Eelis_9,kakka1522,iter,1,0.25
Eelis_9,kiikkaa1525,iter,1,0.25
Eelis_9,kiikkaa1529,iter,1,0.25
Eelis_9,kiikkaa1530,iter,1,0.25
Eelis_9,kiikkaa1532,iter,1,0.25
Eelis_9,kiikkaa1533,iter,1,0.25
Eelis_9,kiikkaa1534,iter,1,0.25
Eelis_9,kukka1543,iter,1,0.25
Eelis_9,räppäa282,iter,1,0.25
Eelis_90,ankka1770,iter,1,0.25
Eelis_90,ankka1772,iter,1,0.25
Eelis_91,kakka1521,iter,1,0.25
Eelis_91,kiikkaa1530,iter,1,0.25
Eelis_91,kiikkaa1532,iter,1,0.25
Eelis_91,kiikkaa1534,iter,1,0.25
Eelis_93,Hippi1517,iter,1,0.25
Eelis_93,Hippi1519,iter,1,0.25
Eelis_93,heppa1501,iter,1,0.25
Eelis_93,heppa1504,iter,1,0.25
Eelis_93,heppa1507,iter,1,0.25
Eelis_93,heppa1508,iter,1,0.25
Eelis_93,heppa1511,iter,1,0.25
Eelis_93,heppa1516,iter,1,0.25
Eelis_94,heppa1504,iter,1,0.25
Eelis_94,heppa1505,iter,1,0.25
Eelis_94,heppa1506,iter,1,0.25
Eelis_94,heppa1510,iter,1,0.25
Eelis_94,heppa1516,iter,1,0.25
Eelis_94,loppu1545,iter,1,0.25
Eelis_94,loppu1547,iter,1,0.25
Eelis_94,pappa1551,iter,1,0.25
Eelis_94,pipi281,iter,1,0.25
Eelis_95,kiinni1537,iter,1,0.25
Eelis_95,kiinni1542,iter,1,0.25
Eelis_97,Eetu1148,iter,1,0.25
Eelis_97,istuu1150,iter,1,0.25
Eelis_97,itkee1155,iter,1,0.25
Eelis_97,kiitos278,iter,1,0.25
Eelis_97,pipi281,iter,1,0.25
Eelis_98,heppa1502,iter,1,0.25
Eelis_98,heppa1507,iter,1,0.25
Eelis_98,heppa1511,iter,1,0.25
Eelis_98,loppu1546,iter,1,0.25
Eelis_98,pipi279,iter,1,0.25
Eelis_98,pipi280,iter,1,0.25
Eelis_98,poppa1553,iter,1,0.25
Elen_1,Dipsi977,iter,1,0.25
Elen_1,"dau, tri975",iter,1,0.25
Elen_1,"dau, tri976",iter,1,0.25
Elen_100,La-La988,iter,1,0.25
Elen_100,hello980,iter,1,0.25
Elen_100,hello981,iter,1,0.25
Elen_100,hiya984,iter,1,0.25
Elen_100,hwnna985,iter,1,0.25
Elen_100,seesaw990,iter,1,0.25
Elen_100,tedi986,iter,1,0.25
Elen_100,uh-oh1323,iter,1,0.25
Elen_100,uh-oh1324,iter,1,0.25
Elen_100,uh-oh1325,iter,1,0.25
Elen_11,babi965,iter,1,0.25
Elen_11,babi967,iter,1,0.25
Elen_11,babi969,iter,1,0.25
Elen_11,babi970,iter,1,0.25
Elen_11,llyga1318,iter,1,0.25
Elen_11,seesaw990,iter,1,0.25
Elen_11,tata991,iter,1,0.25
Elen_11,tedi986,iter,1,0.25
Elen_11,tedi992,iter,1,0.25
Elen_11,uh-oh1323,iter,1,0.25
Elen_12,La-La988,iter,1,0.25
Elen_12,La-La989,iter,1,0.25
Elen_12,babi967,iter,1,0.25
Elen_12,babi968,iter,1,0.25
Elen_12,babi969,iter,1,0.25
Elen_12,babi970,iter,1,0.25
Elen_12,"dau, tri973",iter,1,0.25
Elen_12,"dau, tri974",iter,1,0.25
Elen_12,"dau, tri975",iter,1,0.25
Elen_12,"dau, tri976",iter,1,0.25
Elen_12,hello980,iter,1,0.25
Elen_12,hiya983,iter,1,0.25
Elen_12,llyga1319,iter,1,0.25
Elen_12,tedi986,iter,1,0.25
Elen_12,uh-oh1323,iter,1,0.25
Elen_12,uh-oh1325,iter,1,0.25
Elen_13,La-La988,iter,1,0.25
Elen_13,La-La989,iter,1,0.25
Elen_13,hello980,iter,1,0.25
Elen_13,hiya983,iter,1,0.25
Elen_13,hiya984,iter,1,0.25
Elen_13,tedi992,iter,1,0.25
Elen_13,uh-oh1325,iter,1,0.25
Elen_14,babi966,iter,1,0.25
Elen_14,babi967,iter,1,0.25
Elen_14,babi969,iter,1,0.25
Elen_14,tedi992,iter,1,0.25
Elen_14,uh-oh1323,iter,1,0.25
Elen_14,uh-oh1325,iter,1,0.25
Elen_15,Dipsi977,iter,1,0.25
Elen_15,choochoo972,iter,1,0.25
Elen_15,"dau, tri975",iter,1,0.25
Elen_15,geegee979,iter,1,0.25
Elen_15,seesaw990,iter,1,0.25
Elen_15,tata991,iter,1,0.25
Elen_15,tedi986,iter,1,0.25
Elen_15,tedi992,iter,1,0.25
Elen_16,choochoo972,iter,1,0.25
Elen_16,"dau, tri973",iter,1,0.25
Elen_16,geegee978,iter,1,0.25
Elen_16,tata991,iter,1,0.25
Elen_16,tedi992,iter,1,0.25
Elen_16,tedi993,iter,1,0.25
Elen_17,babi966,iter,1,0.25
Elen_17,babi968,iter,1,0.25
Elen_17,llyga1318,iter,1,0.25
Elen_17,seesaw990,iter,1,0.25
Elen_17,tedi986,iter,1,0.25
Elen_17,tedi992,iter,1,0.25
Elen_17,uh-oh1323,iter,1,0.25
Elen_17,uh-oh1324,iter,1,0.25
Elen_17,uh-oh1325,iter,1,0.25
Elen_18,llyga1318,iter,1,0.25
Elen_18,oh god1320,iter,1,0.25
Elen_19,babi966,iter,1,0.25
Elen_19,babi967,iter,1,0.25
Elen_19,llyga1318,iter,1,0.25
Elen_19,tata991,iter,1,0.25
Elen_19,tedi986,iter,1,0.25
Elen_19,tedi992,iter,1,0.25
Elen_19,uh-oh1323,iter,1,0.25
Elen_19,uh-oh1324,iter,1,0.25
Elen_2,oh god1320,iter,1,0.25
Elen_2,oh god1321,iter,1,0.25
Elen_2,oh god1322,iter,1,0.25
Elen_2,uh-oh1324,iter,1,0.25
Elen_2,uh-oh1325,iter,1,0.25
Elen_21,"dau, tri975",iter,1,0.25
Elen_22,babi966,iter,1,0.25
Elen_22,babi968,iter,1,0.25
Elen_22,seesaw990,iter,1,0.25
Elen_22,tata991,iter,1,0.25
Elen_22,tedi992,iter,1,0.25
Elen_22,tedi993,iter,1,0.25
Elen_22,uh-oh1323,iter,1,0.25
Elen_22,uh-oh1324,iter,1,0.25
Elen_22,uh-oh1325,iter,1,0.25
Elen_23,choochoo972,iter,1,0.25
Elen_23,"dau, tri975",iter,1,0.25
Elen_23,geegee978,iter,1,0.25
Elen_23,tata991,iter,1,0.25
Elen_23,tedi986,iter,1,0.25
Elen_24,La-La987,iter,1,0.25
Elen_24,La-La988,iter,1,0.25
Elen_24,hello981,iter,1,0.25
Elen_24,hiya983,iter,1,0.25
Elen_24,hwnna985,iter,1,0.25
Elen_24,llyga1319,iter,1,0.25
Elen_24,tata991,iter,1,0.25
Elen_24,tedi986,iter,1,0.25
Elen_24,tedi993,iter,1,0.25
Elen_24,uh-oh1324,iter,1,0.25
Elen_25,La-La987,iter,1,0.25
Elen_25,La-La988,iter,1,0.25
Elen_25,La-La989,iter,1,0.25
Elen_25,hello982,iter,1,0.25
Elen_25,hiya983,iter,1,0.25
Elen_25,hiya984,iter,1,0.25
Elen_25,hwnna985,iter,1,0.25
Elen_25,llyga1319,iter,1,0.25
Elen_25,seesaw990,iter,1,0.25
Elen_25,tedi992,iter,1,0.25
Elen_25,tedi993,iter,1,0.25
Elen_25,uh-oh1323,iter,1,0.25
Elen_26,"dau, tri973",iter,1,0.25
Elen_26,"dau, tri974",iter,1,0.25
Elen_26,geegee979,iter,1,0.25
Elen_26,tata991,iter,1,0.25
Elen_26,tedi992,iter,1,0.25
Elen_27,Dipsi977,iter,1,0.25
Elen_27,"dau, tri973",iter,1,0.25
Elen_27,"dau, tri974",iter,1,0.25
Elen_27,geegee978,iter,1,0.25
Elen_27,geegee979,iter,1,0.25
Elen_27,seesaw990,iter,1,0.25
Elen_27,tedi986,iter,1,0.25
Elen_27,tedi992,iter,1,0.25
Elen_27,tedi993,iter,1,0.25
Elen_28,llyga1319,iter,1,0.25
Elen_28,oh god1320,iter,1,0.25
Elen_28,uh-oh1324,iter,1,0.25
Elen_28,uh-oh1325,iter,1,0.25
Elen_29,Dipsi977,iter,1,0.25
Elen_29,"dau, tri974",iter,1,0.25
Elen_29,"dau, tri976",iter,1,0.25
Elen_29,geegee978,iter,1,0.25
Elen_29,seesaw990,iter,1,0.25
Elen_29,tata991,iter,1,0.25
Elen_29,tedi993,iter,1,0.25
Elen_3,babi966,iter,1,0.25
Elen_3,llyga1318,iter,1,0.25
Elen_3,llyga1319,iter,1,0.25
Elen_3,seesaw990,iter,1,0.25
Elen_3,tedi986,iter,1,0.25
Elen_3,tedi992,iter,1,0.25
Elen_3,tedi993,iter,1,0.25
Elen_3,uh-oh1325,iter,1,0.25
Elen_30,La-La989,iter,1,0.25
Elen_30,babi968,iter,1,0.25
Elen_30,babi969,iter,1,0.25
Elen_30,babi970,iter,1,0.25
Elen_30,choochoo972,iter,1,0.25
Elen_30,"dau, tri975",iter,1,0.25
Elen_30,"dau, tri976",iter,1,0.25
Elen_30,geegee978,iter,1,0.25
Elen_30,geegee979,iter,1,0.25
Elen_30,hello980,iter,1,0.25
Elen_30,hello981,iter,1,0.25
Elen_30,hello982,iter,1,0.25
Elen_30,hwnna985,iter,1,0.25
Elen_30,llyga1318,iter,1,0.25
Elen_30,seesaw990,iter,1,0.25
Elen_30,tata991,iter,1,0.25
Elen_30,tedi992,iter,1,0.25
Elen_30,tedi993,iter,1,0.25
Elen_30,uh-oh1325,iter,1,0.25
Elen_31,babi965,iter,1,0.25
Elen_31,babi969,iter,1,0.25
Elen_31,babi970,iter,1,0.25
Elen_31,llyga1319,iter,1,0.25
Elen_31,tata991,iter,1,0.25
Elen_31,tedi992,iter,1,0.25
Elen_31,uh-oh1324,iter,1,0.25
Elen_31,uh-oh1325,iter,1,0.25
Elen_33,La-La989,iter,1,0.25
Elen_33,hello982,iter,1,0.25
Elen_33,hiya983,iter,1,0.25
Elen_33,llyga1318,iter,1,0.25
Elen_33,llyga1319,iter,1,0.25
Elen_33,tedi986,iter,1,0.25
Elen_33,tedi992,iter,1,0.25
Elen_33,tedi993,iter,1,0.25
Elen_33,uh-oh1323,iter,1,0.25
Elen_33,uh-oh1324,iter,1,0.25
Elen_33,uh-oh1325,iter,1,0.25
Elen_34,La-La987,iter,1,0.25
Elen_34,hello980,iter,1,0.25
Elen_34,hello982,iter,1,0.25
Elen_34,hiya984,iter,1,0.25
Elen_34,hwnna985,iter,1,0.25
Elen_34,llyga1319,iter,1,0.25
Elen_34,seesaw990,iter,1,0.25
Elen_34,tata991,iter,1,0.25
Elen_34,tedi992,iter,1,0.25
Elen_34,uh-oh1323,iter,1,0.25
Elen_35,La-La987,iter,1,0.25
Elen_35,La-La989,iter,1,0.25
Elen_35,babi965,iter,1,0.25
Elen_35,babi966,iter,1,0.25
Elen_35,babi967,iter,1,0.25
Elen_35,babi969,iter,1,0.25
Elen_35,babi970,iter,1,0.25
Elen_35,hello982,iter,1,0.25
Elen_35,hiya983,iter,1,0.25
Elen_35,hwnna985,iter,1,0.25
Elen_35,llyga1318,iter,1,0.25
Elen_35,tata991,iter,1,0.25
Elen_35,tedi986,iter,1,0.25
Elen_35,uh-oh1324,iter,1,0.25
Elen_36,Dipsi977,iter,1,0.25
Elen_36,"dau, tri976",iter,1,0.25
Elen_36,geegee978,iter,1,0.25
Elen_36,geegee979,iter,1,0.25
Elen_36,tata991,iter,1,0.25
Elen_36,tedi986,iter,1,0.25
Elen_36,tedi992,iter,1,0.25
Elen_36,tedi993,iter,1,0.25
Elen_37,hiya983,iter,1,0.25
Elen_37,llyga1318,iter,1,0.25
Elen_37,seesaw990,iter,1,0.25
Elen_37,tata991,iter,1,0.25
Elen_37,tedi993,iter,1,0.25
Elen_37,uh-oh1324,iter,1,0.25
Elen_37,uh-oh1325,iter,1,0.25
Elen_38,Dipsi977,iter,1,0.25
Elen_38,geegee978,iter,1,0.25
Elen_38,geegee979,iter,1,0.25
Elen_38,tata991,iter,1,0.25
Elen_38,tedi992,iter,1,0.25
Elen_39,llyga1318,iter,1,0.25
Elen_39,uh-oh1323,iter,1,0.25
Elen_4,babi967,iter,1,0.25
Elen_4,babi968,iter,1,0.25
Elen_4,babi969,iter,1,0.25
Elen_4,babi970,iter,1,0.25
Elen_4,tata991,iter,1,0.25
Elen_4,tedi986,iter,1,0.25
Elen_4,tedi992,iter,1,0.25
Elen_4,tedi993,iter,1,0.25
Elen_4,uh-oh1325,iter,1,0.25
Elen_40,hello980,iter,1,0.25
Elen_40,hello981,iter,1,0.25
Elen_40,hello982,iter,1,0.25
Elen_40,hiya983,iter,1,0.25
Elen_40,hwnna985,iter,1,0.25
Elen_40,tata991,iter,1,0.25
Elen_40,tedi992,iter,1,0.25
Elen_40,tedi993,iter,1,0.25
Elen_40,uh-oh1323,iter,1,0.25
Elen_40,uh-oh1325,iter,1,0.25
Elen_41,La-La987,iter,1,0.25
Elen_41,La-La988,iter,1,0.25
Elen_41,La-La989,iter,1,0.25
Elen_41,babi965,iter,1,0.25
Elen_41,babi966,iter,1,0.25
Elen_41,babi968,iter,1,0.25
Elen_41,babi969,iter,1,0.25
Elen_41,babi970,iter,1,0.25
Elen_41,"dau, tri975",iter,1,0.25
Elen_41,"dau, tri976",iter,1,0.25
Elen_41,hello982,iter,1,0.25
Elen_41,hwnna985,iter,1,0.25
Elen_41,seesaw990,iter,1,0.25
Elen_41,tata991,iter,1,0.25
Elen_41,tedi993,iter,1,0.25
Elen_42,"dau, tri973",iter,1,0.25
Elen_42,geegee978,iter,1,0.25
Elen_42,tedi992,iter,1,0.25
Elen_43,La-La987,iter,1,0.25
Elen_43,La-La988,iter,1,0.25
Elen_43,La-La989,iter,1,0.25
Elen_43,hello980,iter,1,0.25
Elen_43,hello982,iter,1,0.25
Elen_43,hiya983,iter,1,0.25
Elen_43,hiya984,iter,1,0.25
Elen_43,hwnna985,iter,1,0.25
Elen_43,llyga1318,iter,1,0.25
Elen_43,seesaw990,iter,1,0.25
Elen_43,tata991,iter,1,0.25
Elen_43,tedi993,iter,1,0.25
Elen_44,babi965,iter,1,0.25
Elen_44,babi966,iter,1,0.25
Elen_44,babi969,iter,1,0.25
Elen_44,hello981,iter,1,0.25
Elen_44,hello982,iter,1,0.25
Elen_44,hiya983,iter,1,0.25
Elen_44,hiya984,iter,1,0.25
Elen_44,hwnna985,iter,1,0.25
Elen_44,llyga1318,iter,1,0.25
Elen_44,oh god1321,iter,1,0.25
Elen_44,seesaw990,iter,1,0.25
Elen_44,tata991,iter,1,0.25
Elen_44,tedi986,iter,1,0.25
Elen_44,tedi992,iter,1,0.25
Elen_44,tedi993,iter,1,0.25
Elen_44,uh-oh1324,iter,1,0.25
Elen_45,La-La988,iter,1,0.25
Elen_45,La-La989,iter,1,0.25
Elen_45,babi967,iter,1,0.25
Elen_45,"dau, tri973",iter,1,0.25
Elen_45,"dau, tri974",iter,1,0.25
Elen_45,"dau, tri975",iter,1,0.25
Elen_45,geegee978,iter,1,0.25
Elen_45,geegee979,iter,1,0.25
Elen_45,hello981,iter,1,0.25
Elen_45,hiya983,iter,1,0.25
Elen_45,hiya984,iter,1,0.25
Elen_45,hwnna985,iter,1,0.25
Elen_45,llyga1318,iter,1,0.25
Elen_45,seesaw990,iter,1,0.25
Elen_45,tata991,iter,1,0.25
Elen_45,tedi986,iter,1,0.25
Elen_45,tedi992,iter,1,0.25
Elen_45,tedi993,iter,1,0.25
Elen_45,uh-oh1324,iter,1,0.25
Elen_45,uh-oh1325,iter,1,0.25
Elen_46,Dipsi977,iter,1,0.25
Elen_46,"dau, tri975",iter,1,0.25
Elen_46,geegee979,iter,1,0.25
Elen_46,seesaw990,iter,1,0.25
Elen_46,tata991,iter,1,0.25
Elen_46,tedi986,iter,1,0.25
Elen_46,tedi993,iter,1,0.25
Elen_47,La-La989,iter,1,0.25
Elen_47,babi966,iter,1,0.25
Elen_47,babi969,iter,1,0.25
Elen_47,babi970,iter,1,0.25
Elen_47,choochoo972,iter,1,0.25
Elen_47,"dau, tri975",iter,1,0.25
Elen_47,"dau, tri976",iter,1,0.25
Elen_47,geegee978,iter,1,0.25
Elen_47,geegee979,iter,1,0.25
Elen_47,hello982,iter,1,0.25
Elen_47,hiya984,iter,1,0.25
Elen_47,hwnna985,iter,1,0.25
Elen_47,llyga1318,iter,1,0.25
Elen_47,seesaw990,iter,1,0.25
Elen_47,tata991,iter,1,0.25
Elen_47,tedi993,iter,1,0.25
Elen_47,uh-oh1324,iter,1,0.25
Elen_48,La-La987,iter,1,0.25
Elen_48,La-La989,iter,1,0.25
Elen_48,hello981,iter,1,0.25
Elen_48,hiya983,iter,1,0.25
Elen_48,hwnna985,iter,1,0.25
Elen_48,llyga1319,iter,1,0.25
Elen_48,seesaw990,iter,1,0.25
Elen_48,tedi986,iter,1,0.25
Elen_48,uh-oh1323,iter,1,0.25
Elen_48,uh-oh1325,iter,1,0.25
Elen_49,La-La989,iter,1,0.25
Elen_49,hello980,iter,1,0.25
Elen_49,hello982,iter,1,0.25
Elen_49,hiya983,iter,1,0.25
Elen_49,hiya984,iter,1,0.25
Elen_49,llyga1318,iter,1,0.25
Elen_49,llyga1319,iter,1,0.25
Elen_49,tedi986,iter,1,0.25
Elen_49,tedi992,iter,1,0.25
Elen_49,tedi993,iter,1,0.25
Elen_49,uh-oh1324,iter,1,0.25
Elen_5,babi967,iter,1,0.25
Elen_5,babi968,iter,1,0.25
Elen_5,babi969,iter,1,0.25
Elen_5,babi970,iter,1,0.25
Elen_5,llyga1318,iter,1,0.25
Elen_5,llyga1319,iter,1,0.25
Elen_5,tedi992,iter,1,0.25
Elen_5,uh-oh1324,iter,1,0.25
Elen_5,uh-oh1325,iter,1,0.25
Elen_50,La-La987,iter,1,0.25
Elen_50,La-La988,iter,1,0.25
Elen_50,La-La989,iter,1,0.25
Elen_50,hello982,iter,1,0.25
Elen_50,hiya983,iter,1,0.25
Elen_50,llyga1318,iter,1,0.25
Elen_50,tedi992,iter,1,0.25
Elen_50,tedi993,iter,1,0.25
Elen_50,uh-oh1324,iter,1,0.25
Elen_50,uh-oh1325,iter,1,0.25
Elen_51,La-La987,iter,1,0.25
Elen_51,La-La988,iter,1,0.25
Elen_51,babi967,iter,1,0.25
Elen_51,babi970,iter,1,0.25
Elen_51,choochoo972,iter,1,0.25
Elen_51,"dau, tri973",iter,1,0.25
Elen_51,"dau, tri975",iter,1,0.25
Elen_51,"dau, tri976",iter,1,0.25
Elen_51,geegee978,iter,1,0.25
Elen_51,geegee979,iter,1,0.25
Elen_51,hello981,iter,1,0.25
Elen_51,hello982,iter,1,0.25
Elen_51,hiya983,iter,1,0.25
Elen_51,hiya984,iter,1,0.25
Elen_51,tedi986,iter,1,0.25
Elen_51,uh-oh1323,iter,1,0.25
Elen_51,uh-oh1325,iter,1,0.25
Elen_52,babi967,iter,1,0.25
Elen_52,babi968,iter,1,0.25
Elen_52,babi969,iter,1,0.25
Elen_52,llyga1318,iter,1,0.25
Elen_52,tedi992,iter,1,0.25
Elen_53,llyga1319,iter,1,0.25
Elen_53,oh god1320,iter,1,0.25
Elen_53,oh god1321,iter,1,0.25
Elen_53,uh-oh1323,iter,1,0.25
Elen_53,uh-oh1324,iter,1,0.25
Elen_54,babi966,iter,1,0.25
Elen_54,babi967,iter,1,0.25
Elen_54,babi970,iter,1,0.25
Elen_54,hello980,iter,1,0.25
Elen_54,hiya984,iter,1,0.25
Elen_54,hwnna985,iter,1,0.25
Elen_54,oh god1322,iter,1,0.25
Elen_54,seesaw990,iter,1,0.25
Elen_54,tedi986,iter,1,0.25
Elen_54,tedi992,iter,1,0.25
Elen_54,tedi993,iter,1,0.25
Elen_54,uh-oh1325,iter,1,0.25
Elen_55,"dau, tri973",iter,1,0.25
Elen_55,geegee979,iter,1,0.25
Elen_55,tedi986,iter,1,0.25
Elen_56,choochoo972,iter,1,0.25
Elen_56,"dau, tri973",iter,1,0.25
Elen_56,"dau, tri976",iter,1,0.25
Elen_56,geegee978,iter,1,0.25
Elen_57,Dipsi977,iter,1,0.25
Elen_57,"dau, tri973",iter,1,0.25
Elen_57,geegee979,iter,1,0.25
Elen_57,tedi992,iter,1,0.25
Elen_58,llyga1318,iter,1,0.25
Elen_58,llyga1319,iter,1,0.25
Elen_58,oh god1320,iter,1,0.25
Elen_58,oh god1322,iter,1,0.25
Elen_58,uh-oh1323,iter,1,0.25
Elen_58,uh-oh1324,iter,1,0.25
Elen_58,uh-oh1325,iter,1,0.25
Elen_59,La-La989,iter,1,0.25
Elen_59,babi966,iter,1,0.25
Elen_59,babi967,iter,1,0.25
Elen_59,babi968,iter,1,0.25
Elen_59,babi970,iter,1,0.25
Elen_59,"dau, tri973",iter,1,0.25
Elen_59,"dau, tri975",iter,1,0.25
Elen_59,hiya983,iter,1,0.25
Elen_59,hwnna985,iter,1,0.25
Elen_59,llyga1318,iter,1,0.25
Elen_59,llyga1319,iter,1,0.25
Elen_59,seesaw990,iter,1,0.25
Elen_59,uh-oh1323,iter,1,0.25
Elen_59,uh-oh1324,iter,1,0.25
Elen_59,uh-oh1325,iter,1,0.25
Elen_6,Dipsi977,iter,1,0.25
Elen_6,choochoo972,iter,1,0.25
Elen_6,"dau, tri974",iter,1,0.25
Elen_6,"dau, tri975",iter,1,0.25
Elen_6,"dau, tri976",iter,1,0.25
Elen_6,geegee978,iter,1,0.25
Elen_6,seesaw990,iter,1,0.25
Elen_60,La-La988,iter,1,0.25
Elen_60,La-La989,iter,1,0.25
Elen_60,babi965,iter,1,0.25
Elen_60,babi967,iter,1,0.25
Elen_60,babi969,iter,1,0.25
Elen_60,babi970,iter,1,0.25
Elen_60,"dau, tri973",iter,1,0.25
Elen_60,"dau, tri975",iter,1,0.25
Elen_60,"dau, tri976",iter,1,0.25
Elen_60,geegee978,iter,1,0.25
Elen_60,hiya983,iter,1,0.25
Elen_60,hiya984,iter,1,0.25
Elen_60,hwnna985,iter,1,0.25
Elen_60,llyga1318,iter,1,0.25
Elen_60,llyga1319,iter,1,0.25
Elen_60,tata991,iter,1,0.25
Elen_60,tedi986,iter,1,0.25
Elen_60,tedi992,iter,1,0.25
Elen_61,La-La988,iter,1,0.25
Elen_61,La-La989,iter,1,0.25
Elen_61,hiya983,iter,1,0.25
Elen_61,hiya984,iter,1,0.25
Elen_61,hwnna985,iter,1,0.25
Elen_61,llyga1318,iter,1,0.25
Elen_61,llyga1319,iter,1,0.25
Elen_61,tedi986,iter,1,0.25
Elen_61,uh-oh1323,iter,1,0.25
Elen_61,uh-oh1325,iter,1,0.25
Elen_62,choochoo972,iter,1,0.25
Elen_62,"dau, tri973",iter,1,0.25
Elen_62,"dau, tri975",iter,1,0.25
Elen_62,"dau, tri976",iter,1,0.25
Elen_62,seesaw990,iter,1,0.25
Elen_62,tata991,iter,1,0.25
Elen_62,tedi986,iter,1,0.25
Elen_62,tedi992,iter,1,0.25
Elen_62,tedi993,iter,1,0.25
Elen_63,La-La987,iter,1,0.25
Elen_63,La-La989,iter,1,0.25
Elen_63,hello981,iter,1,0.25
Elen_63,hiya983,iter,1,0.25
Elen_63,hwnna985,iter,1,0.25
Elen_63,llyga1318,iter,1,0.25
Elen_63,llyga1319,iter,1,0.25
Elen_63,tedi986,iter,1,0.25
Elen_63,tedi992,iter,1,0.25
Elen_63,tedi993,iter,1,0.25
Elen_63,uh-oh1325,iter,1,0.25
Elen_64,La-La988,iter,1,0.25
Elen_64,La-La989,iter,1,0.25
Elen_64,babi965,iter,1,0.25
Elen_64,babi968,iter,1,0.25
Elen_64,babi969,iter,1,0.25
Elen_64,babi970,iter,1,0.25
Elen_64,choochoo972,iter,1,0.25
Elen_64,"dau, tri973",iter,1,0.25
Elen_64,"dau, tri975",iter,1,0.25
Elen_64,geegee978,iter,1,0.25
Elen_64,hello980,iter,1,0.25
Elen_64,hiya984,iter,1,0.25
Elen_64,llyga1318,iter,1,0.25
Elen_64,tata991,iter,1,0.25
Elen_64,tedi986,iter,1,0.25
Elen_64,tedi992,iter,1,0.25
Elen_64,uh-oh1324,iter,1,0.25
Elen_65,La-La987,iter,1,0.25
Elen_65,hello980,iter,1,0.25
Elen_65,hello981,iter,1,0.25
Elen_65,hello982,iter,1,0.25
Elen_65,hiya983,iter,1,0.25
Elen_65,hiya984,iter,1,0.25
Elen_65,tedi986,iter,1,0.25
Elen_65,tedi992,iter,1,0.25
Elen_65,uh-oh1323,iter,1,0.25
Elen_65,uh-oh1324,iter,1,0.25
Elen_65,uh-oh1325,iter,1,0.25
Elen_66,La-La987,iter,1,0.25
Elen_66,La-La988,iter,1,0.25
Elen_66,babi965,iter,1,0.25
Elen_66,babi967,iter,1,0.25
Elen_66,babi968,iter,1,0.25
Elen_66,babi969,iter,1,0.25
Elen_66,babi970,iter,1,0.25
Elen_66,hello982,iter,1,0.25
Elen_66,hiya984,iter,1,0.25
Elen_66,llyga1318,iter,1,0.25
Elen_66,llyga1319,iter,1,0.25
Elen_66,oh god1321,iter,1,0.25
Elen_66,tedi993,iter,1,0.25
Elen_66,uh-oh1323,iter,1,0.25
Elen_66,uh-oh1324,iter,1,0.25
Elen_67,choochoo972,iter,1,0.25
Elen_67,"dau, tri973",iter,1,0.25
Elen_67,geegee978,iter,1,0.25
Elen_67,seesaw990,iter,1,0.25
Elen_67,tata991,iter,1,0.25
Elen_67,tedi993,iter,1,0.25
Elen_68,babi965,iter,1,0.25
Elen_68,babi966,iter,1,0.25
Elen_68,babi969,iter,1,0.25
Elen_68,llyga1318,iter,1,0.25
Elen_68,llyga1319,iter,1,0.25
Elen_68,seesaw990,iter,1,0.25
Elen_68,tedi992,iter,1,0.25
Elen_68,uh-oh1325,iter,1,0.25
Elen_69,babi966,iter,1,0.25
Elen_69,babi968,iter,1,0.25
Elen_69,llyga1318,iter,1,0.25
Elen_69,llyga1319,iter,1,0.25
Elen_69,tata991,iter,1,0.25
Elen_69,tedi993,iter,1,0.25
Elen_69,uh-oh1323,iter,1,0.25
Elen_7,babi965,iter,1,0.25
Elen_7,babi966,iter,1,0.25
Elen_7,babi970,iter,1,0.25
Elen_7,llyga1319,iter,1,0.25
Elen_7,tata991,iter,1,0.25
Elen_7,tedi986,iter,1,0.25
Elen_7,tedi993,iter,1,0.25
Elen_7,uh-oh1324,iter,1,0.25
Elen_7,uh-oh1325,iter,1,0.25
Elen_70,La-La987,iter,1,0.25
Elen_70,La-La989,iter,1,0.25
Elen_70,hello980,iter,1,0.25
Elen_70,hello981,iter,1,0.25
Elen_70,hiya983,iter,1,0.25
Elen_70,llyga1318,iter,1,0.25
Elen_70,llyga1319,iter,1,0.25
Elen_70,tedi986,iter,1,0.25
Elen_70,tedi993,iter,1,0.25
Elen_70,uh-oh1323,iter,1,0.25
Elen_71,"dau, tri975",iter,1,0.25
Elen_71,geegee979,iter,1,0.25
Elen_71,tata991,iter,1,0.25
Elen_71,tedi986,iter,1,0.25
Elen_71,tedi992,iter,1,0.25
Elen_71,tedi993,iter,1,0.25
Elen_72,La-La989,iter,1,0.25
Elen_72,hello980,iter,1,0.25
Elen_72,hello981,iter,1,0.25
Elen_72,hello982,iter,1,0.25
Elen_72,hiya983,iter,1,0.25
Elen_72,llyga1319,iter,1,0.25
Elen_72,tedi993,iter,1,0.25
Elen_73,La-La987,iter,1,0.25
Elen_73,La-La989,iter,1,0.25
Elen_73,babi969,iter,1,0.25
Elen_73,babi970,iter,1,0.25
Elen_73,hello982,iter,1,0.25
Elen_73,hiya984,iter,1,0.25
Elen_73,hwnna985,iter,1,0.25
Elen_73,oh god1321,iter,1,0.25
Elen_73,seesaw990,iter,1,0.25
Elen_73,tata991,iter,1,0.25
Elen_73,tedi986,iter,1,0.25
Elen_73,tedi992,iter,1,0.25
Elen_73,uh-oh1323,iter,1,0.25
Elen_73,uh-oh1325,iter,1,0.25
Elen_74,babi965,iter,1,0.25
Elen_74,babi967,iter,1,0.25
Elen_74,babi970,iter,1,0.25
Elen_74,llyga1318,iter,1,0.25
Elen_74,llyga1319,iter,1,0.25
Elen_74,tata991,iter,1,0.25
Elen_74,uh-oh1324,iter,1,0.25
Elen_75,La-La987,iter,1,0.25
Elen_75,La-La988,iter,1,0.25
Elen_75,hello980,iter,1,0.25
Elen_75,hello981,iter,1,0.25
Elen_75,hiya983,iter,1,0.25
Elen_75,hiya984,iter,1,0.25
Elen_75,llyga1319,iter,1,0.25
Elen_75,seesaw990,iter,1,0.25
Elen_75,tedi986,iter,1,0.25
Elen_75,tedi992,iter,1,0.25
Elen_75,uh-oh1323,iter,1,0.25
Elen_75,uh-oh1324,iter,1,0.25
Elen_76,"dau, tri973",iter,1,0.25
Elen_76,"dau, tri974",iter,1,0.25
Elen_76,"dau, tri976",iter,1,0.25
Elen_76,geegee978,iter,1,0.25
Elen_76,tedi993,iter,1,0.25
Elen_77,La-La988,iter,1,0.25
Elen_77,La-La989,iter,1,0.25
Elen_77,hello980,iter,1,0.25
Elen_77,hello982,iter,1,0.25
Elen_77,hiya984,iter,1,0.25
Elen_77,llyga1319,iter,1,0.25
Elen_77,seesaw990,iter,1,0.25
Elen_77,tedi993,iter,1,0.25
Elen_77,uh-oh1323,iter,1,0.25
Elen_77,uh-oh1324,iter,1,0.25
Elen_77,uh-oh1325,iter,1,0.25
Elen_78,La-La987,iter,1,0.25
Elen_78,La-La988,iter,1,0.25
Elen_78,La-La989,iter,1,0.25
Elen_78,hello980,iter,1,0.25
Elen_78,hello981,iter,1,0.25
Elen_78,hello982,iter,1,0.25
Elen_78,llyga1319,iter,1,0.25
Elen_78,seesaw990,iter,1,0.25
Elen_78,uh-oh1325,iter,1,0.25
Elen_8,La-La987,iter,1,0.25
Elen_8,La-La988,iter,1,0.25
Elen_8,babi965,iter,1,0.25
Elen_8,babi966,iter,1,0.25
Elen_8,babi967,iter,1,0.25
Elen_8,babi968,iter,1,0.25
Elen_8,babi970,iter,1,0.25
Elen_8,hello982,iter,1,0.25
Elen_8,hiya984,iter,1,0.25
Elen_8,llyga1319,iter,1,0.25
Elen_8,oh god1322,iter,1,0.25
Elen_8,seesaw990,iter,1,0.25
Elen_8,tata991,iter,1,0.25
Elen_8,tedi992,iter,1,0.25
Elen_8,tedi993,iter,1,0.25
Elen_8,uh-oh1323,iter,1,0.25
Elen_8,uh-oh1324,iter,1,0.25
Elen_80,llyga1319,iter,1,0.25
Elen_80,oh god1320,iter,1,0.25
Elen_80,oh god1322,iter,1,0.25
Elen_80,uh-oh1324,iter,1,0.25
Elen_80,uh-oh1325,iter,1,0.25
Elen_81,La-La987,iter,1,0.25
Elen_81,La-La989,iter,1,0.25
Elen_81,hello980,iter,1,0.25
Elen_81,hello981,iter,1,0.25
Elen_81,hello982,iter,1,0.25
Elen_81,hiya984,iter,1,0.25
Elen_81,hwnna985,iter,1,0.25
Elen_81,tedi986,iter,1,0.25
Elen_81,tedi992,iter,1,0.25
Elen_81,tedi993,iter,1,0.25
Elen_81,uh-oh1323,iter,1,0.25
Elen_82,babi965,iter,1,0.25
Elen_82,llyga1318,iter,1,0.25
Elen_82,seesaw990,iter,1,0.25
Elen_82,uh-oh1323,iter,1,0.25
Elen_82,uh-oh1324,iter,1,0.25
Elen_83,babi965,iter,1,0.25
Elen_83,babi966,iter,1,0.25
Elen_83,babi968,iter,1,0.25
Elen_83,babi969,iter,1,0.25
Elen_83,babi970,iter,1,0.25
Elen_83,llyga1318,iter,1,0.25
Elen_83,llyga1319,iter,1,0.25
Elen_83,seesaw990,iter,1,0.25
Elen_83,uh-oh1323,iter,1,0.25
Elen_83,uh-oh1325,iter,1,0.25
Elen_84,La-La988,iter,1,0.25
Elen_84,hello980,iter,1,0.25
Elen_84,hiya983,iter,1,0.25
Elen_84,hiya984,iter,1,0.25
Elen_84,hwnna985,iter,1,0.25
Elen_84,llyga1319,iter,1,0.25
Elen_84,seesaw990,iter,1,0.25
Elen_84,tedi986,iter,1,0.25
Elen_84,tedi992,iter,1,0.25
Elen_84,tedi993,iter,1,0.25
Elen_84,uh-oh1323,iter,1,0.25
Elen_84,uh-oh1324,iter,1,0.25
Elen_84,uh-oh1325,iter,1,0.25
Elen_85,La-La988,iter,1,0.25
Elen_85,babi965,iter,1,0.25
Elen_85,babi966,iter,1,0.25
Elen_85,babi968,iter,1,0.25
Elen_85,choochoo972,iter,1,0.25
Elen_85,"dau, tri973",iter,1,0.25
Elen_85,hello981,iter,1,0.25
Elen_85,hello982,iter,1,0.25
Elen_85,hiya983,iter,1,0.25
Elen_85,hwnna985,iter,1,0.25
Elen_85,seesaw990,iter,1,0.25
Elen_85,tata991,iter,1,0.25
Elen_85,tedi986,iter,1,0.25
Elen_85,tedi993,iter,1,0.25
Elen_85,uh-oh1324,iter,1,0.25
Elen_85,uh-oh1325,iter,1,0.25
Elen_86,"dau, tri973",iter,1,0.25
Elen_86,"dau, tri975",iter,1,0.25
Elen_86,"dau, tri976",iter,1,0.25
Elen_87,Dipsi977,iter,1,0.25
Elen_87,choochoo972,iter,1,0.25
Elen_87,"dau, tri973",iter,1,0.25
Elen_87,"dau, tri974",iter,1,0.25
Elen_87,"dau, tri976",iter,1,0.25
Elen_87,geegee978,iter,1,0.25
Elen_87,geegee979,iter,1,0.25
Elen_87,tedi986,iter,1,0.25
Elen_87,tedi992,iter,1,0.25
Elen_87,tedi993,iter,1,0.25
Elen_88,La-La988,iter,1,0.25
Elen_88,hello980,iter,1,0.25
Elen_88,hello981,iter,1,0.25
Elen_88,hello982,iter,1,0.25
Elen_88,llyga1319,iter,1,0.25
Elen_88,seesaw990,iter,1,0.25
Elen_88,tedi992,iter,1,0.25
Elen_88,uh-oh1325,iter,1,0.25
Elen_89,La-La989,iter,1,0.25
Elen_89,hiya983,iter,1,0.25
Elen_89,hiya984,iter,1,0.25
Elen_89,llyga1318,iter,1,0.25
Elen_89,llyga1319,iter,1,0.25
Elen_89,tedi986,iter,1,0.25
Elen_89,tedi993,iter,1,0.25
Elen_89,uh-oh1323,iter,1,0.25
Elen_89,uh-oh1325,iter,1,0.25
Elen_9,"dau, tri973",iter,1,0.25
Elen_9,"dau, tri976",iter,1,0.25
Elen_9,geegee979,iter,1,0.25
Elen_9,seesaw990,iter,1,0.25
Elen_9,tata991,iter,1,0.25
Elen_9,tedi992,iter,1,0.25
Elen_90,La-La987,iter,1,0.25
Elen_90,La-La989,iter,1,0.25
Elen_90,hello981,iter,1,0.25
Elen_90,hiya983,iter,1,0.25
Elen_90,hwnna985,iter,1,0.25
Elen_90,seesaw990,iter,1,0.25
Elen_90,tata991,iter,1,0.25
Elen_90,tedi986,iter,1,0.25
Elen_90,uh-oh1324,iter,1,0.25
Elen_90,uh-oh1325,iter,1,0.25
Elen_91,babi965,iter,1,0.25
Elen_91,babi966,iter,1,0.25
Elen_91,babi967,iter,1,0.25
Elen_91,babi969,iter,1,0.25
Elen_91,tata991,iter,1,0.25
Elen_91,tedi992,iter,1,0.25
Elen_91,uh-oh1323,iter,1,0.25
Elen_91,uh-oh1324,iter,1,0.25
Elen_92,llyga1319,iter,1,0.25
Elen_92,oh god1320,iter,1,0.25
Elen_92,oh god1322,iter,1,0.25
Elen_92,uh-oh1324,iter,1,0.25
Elen_92,uh-oh1325,iter,1,0.25
Elen_93,babi966,iter,1,0.25
Elen_93,babi967,iter,1,0.25
Elen_93,babi968,iter,1,0.25
Elen_93,llyga1319,iter,1,0.25
Elen_93,tedi986,iter,1,0.25
Elen_93,tedi992,iter,1,0.25
Elen_93,tedi993,iter,1,0.25
Elen_93,uh-oh1324,iter,1,0.25
Elen_94,babi965,iter,1,0.25
Elen_94,babi967,iter,1,0.25
Elen_94,babi968,iter,1,0.25
Elen_94,seesaw990,iter,1,0.25
Elen_94,tata991,iter,1,0.25
Elen_94,tedi992,iter,1,0.25
Elen_94,uh-oh1324,iter,1,0.25
Elen_94,uh-oh1325,iter,1,0.25
Elen_95,babi965,iter,1,0.25
Elen_95,babi966,iter,1,0.25
Elen_95,babi967,iter,1,0.25
Elen_95,babi970,iter,1,0.25
Elen_95,llyga1318,iter,1,0.25
Elen_95,llyga1319,iter,1,0.25
Elen_95,seesaw990,iter,1,0.25
Elen_95,tata991,iter,1,0.25
Elen_95,tedi986,iter,1,0.25
Elen_95,tedi992,iter,1,0.25
Elen_95,uh-oh1323,iter,1,0.25
Elen_95,uh-oh1324,iter,1,0.25
Elen_95,uh-oh1325,iter,1,0.25
Elen_96,choochoo972,iter,1,0.25
Elen_96,"dau, tri973",iter,1,0.25
Elen_96,"dau, tri974",iter,1,0.25
Elen_96,"dau, tri976",iter,1,0.25
Elen_96,tata991,iter,1,0.25
Elen_96,tedi992,iter,1,0.25
Elen_96,tedi993,iter,1,0.25
Elen_97,Dipsi977,iter,1,0.25
Elen_97,"dau, tri973",iter,1,0.25
Elen_97,"dau, tri974",iter,1,0.25
Elen_97,"dau, tri976",iter,1,0.25
Elen_97,geegee978,iter,1,0.25
Elen_97,seesaw990,iter,1,0.25
Elen_97,tata991,iter,1,0.25
Elen_97,tedi993,iter,1,0.25
Elen_98,La-La988,iter,1,0.25
Elen_98,babi965,iter,1,0.25
Elen_98,babi966,iter,1,0.25
Elen_98,babi967,iter,1,0.25
Elen_98,babi968,iter,1,0.25
Elen_98,babi970,iter,1,0.25
Elen_98,choochoo972,iter,1,0.25
Elen_98,"dau, tri973",iter,1,0.25
Elen_98,"dau, tri974",iter,1,0.25
Elen_98,"dau, tri975",iter,1,0.25
Elen_98,geegee979,iter,1,0.25
Elen_98,hello980,iter,1,0.25
Elen_98,hello982,iter,1,0.25
Elen_98,hiya984,iter,1,0.25
Elen_98,tata991,iter,1,0.25
Elen_98,tedi992,iter,1,0.25
Elen_98,tedi993,iter,1,0.25
Elen_98,uh-oh1325,iter,1,0.25
Elen_99,hello980,iter,1,0.25
Elen_99,hello982,iter,1,0.25
Elen_99,hiya983,iter,1,0.25
Elen_99,llyga1318,iter,1,0.25
Elen_99,tata991,iter,1,0.25
Elen_99,tedi986,iter,1,0.25
Elen_99,tedi992,iter,1,0.25
Elen_99,uh-oh1324,iter,1,0.25
Elen_99,uh-oh1325,iter,1,0.25
Eliisa_1,hauva289,iter,1,0.25
Eliisa_1,isi1156,iter,1,0.25
Eliisa_1,isi1161,iter,1,0.25
Eliisa_1,isi1162,iter,1,0.25
Eliisa_1,juusto293,iter,1,0.25
Eliisa_1,litu1398,iter,1,0.25
Eliisa_1,oho1170,iter,1,0.25
Eliisa_10,isi1164,iter,1,0.25
Eliisa_10,juusto290,iter,1,0.25
Eliisa_100,pappa1585,iter,1,0.25
Eliisa_100,tyttö1599,iter,1,0.25
Eliisa_12,hauva288,iter,1,0.25
Eliisa_12,isi1156,iter,1,0.25
Eliisa_12,isi1159,iter,1,0.25
Eliisa_12,isi1165,iter,1,0.25
Eliisa_12,oho1171,iter,1,0.25
Eliisa_12,pupu307,iter,1,0.25
Eliisa_12,pupu308,iter,1,0.25
Eliisa_12,pupu309,iter,1,0.25
Eliisa_13,kiikkuu1563,iter,1,0.25
Eliisa_13,kissa1571,iter,1,0.25
Eliisa_13,nukke1577,iter,1,0.25
Eliisa_14,mummu /muumu1575,iter,1,0.25
Eliisa_14,pupu309,iter,1,0.25
Eliisa_15,hauva288,iter,1,0.25
Eliisa_15,isi1160,iter,1,0.25
Eliisa_15,isi1166,iter,1,0.25
Eliisa_15,juusto292,iter,1,0.25
Eliisa_15,juusto295,iter,1,0.25
Eliisa_15,litu1398,iter,1,0.25
Eliisa_15,litu1403,iter,1,0.25
Eliisa_15,pupu308,iter,1,0.25
Eliisa_15,pupu309,iter,1,0.25
Eliisa_16,kakku1558,iter,1,0.25
Eliisa_16,kiikkuu1563,iter,1,0.25
Eliisa_16,kiikkuu1565,iter,1,0.25
Eliisa_16,nukke1577,iter,1,0.25
Eliisa_17,hauva287,iter,1,0.25
Eliisa_17,isi1159,iter,1,0.25
Eliisa_17,isi1160,iter,1,0.25
Eliisa_17,isi1162,iter,1,0.25
Eliisa_17,oho1170,iter,1,0.25
Eliisa_17,pupu309,iter,1,0.25
Eliisa_18,pappa1583,iter,1,0.25
Eliisa_19,isi1157,iter,1,0.25
Eliisa_19,isi1159,iter,1,0.25
Eliisa_19,isi1162,iter,1,0.25
Eliisa_19,isi1164,iter,1,0.25
Eliisa_2,pappa1584,iter,1,0.25
Eliisa_2,pupu307,iter,1,0.25
Eliisa_2,"tippu, tippuu1591",iter,1,0.25
Eliisa_2,tyttö1593,iter,1,0.25
Eliisa_2,tyttö1594,iter,1,0.25
Eliisa_2,tyttö1598,iter,1,0.25
Eliisa_2,tyttö1601,iter,1,0.25
Eliisa_20,hauva286,iter,1,0.25
Eliisa_20,isi1160,iter,1,0.25
Eliisa_20,istu1168,iter,1,0.25
Eliisa_20,pupu307,iter,1,0.25
Eliisa_20,pupu308,iter,1,0.25
Eliisa_21,hauva287,iter,1,0.25
Eliisa_21,isi1157,iter,1,0.25
Eliisa_21,isi1165,iter,1,0.25
Eliisa_21,pupu307,iter,1,0.25
Eliisa_22,kiikkuu1561,iter,1,0.25
Eliisa_22,kukka1572,iter,1,0.25
Eliisa_23,hauva287,iter,1,0.25
Eliisa_23,hauva288,iter,1,0.25
Eliisa_23,isi1156,iter,1,0.25
Eliisa_23,isi1158,iter,1,0.25
Eliisa_23,isi1167,iter,1,0.25
Eliisa_23,pupu307,iter,1,0.25
Eliisa_24,hauva284,iter,1,0.25
Eliisa_24,hauva289,iter,1,0.25
Eliisa_24,isi1156,iter,1,0.25
Eliisa_24,isi1157,iter,1,0.25
Eliisa_25,kiikkuu1564,iter,1,0.25
Eliisa_25,kukka1572,iter,1,0.25
Eliisa_25,nukke1577,iter,1,0.25
Eliisa_25,nukkuu1579,iter,1,0.25
Eliisa_26,pappa1583,iter,1,0.25
Eliisa_26,pappa1584,iter,1,0.25
Eliisa_27,hauva283,iter,1,0.25
Eliisa_27,isi1158,iter,1,0.25
Eliisa_27,juusto300,iter,1,0.25
Eliisa_27,kissa1570,iter,1,0.25
Eliisa_27,litu1398,iter,1,0.25
Eliisa_27,oho1170,iter,1,0.25
Eliisa_27,oho1172,iter,1,0.25
Eliisa_28,pappa1584,iter,1,0.25
Eliisa_28,pupu307,iter,1,0.25
Eliisa_29,kiikkuu1559,iter,1,0.25
Eliisa_29,kiikkuu1561,iter,1,0.25
Eliisa_29,kiikkuu1566,iter,1,0.25
Eliisa_29,nukkuu1580,iter,1,0.25
Eliisa_3,hauva283,iter,1,0.25
Eliisa_3,isi1158,iter,1,0.25
Eliisa_3,isi1167,iter,1,0.25
Eliisa_3,oho1169,iter,1,0.25
Eliisa_3,pappa1584,iter,1,0.25
Eliisa_3,pappa1585,iter,1,0.25
Eliisa_3,pomppi1587,iter,1,0.25
Eliisa_3,pupu308,iter,1,0.25
Eliisa_30,isi1162,iter,1,0.25
Eliisa_30,isi1165,iter,1,0.25
Eliisa_30,isi1166,iter,1,0.25
Eliisa_30,kakku1558,iter,1,0.25
Eliisa_30,kiikkuu1561,iter,1,0.25
Eliisa_30,tyttö1592,iter,1,0.25
Eliisa_30,tyttö1597,iter,1,0.25
Eliisa_32,hauva284,iter,1,0.25
Eliisa_32,hauva289,iter,1,0.25
Eliisa_32,isi1158,iter,1,0.25
Eliisa_32,isi1160,iter,1,0.25
Eliisa_32,isi1161,iter,1,0.25
Eliisa_32,isi1164,iter,1,0.25
Eliisa_32,isi1167,iter,1,0.25
Eliisa_32,juusto295,iter,1,0.25
Eliisa_32,kissa1567,iter,1,0.25
Eliisa_32,oho1170,iter,1,0.25
Eliisa_33,hauva287,iter,1,0.25
Eliisa_33,isi1158,iter,1,0.25
Eliisa_33,isi1163,iter,1,0.25
Eliisa_33,oho1171,iter,1,0.25
Eliisa_33,pupu308,iter,1,0.25
Eliisa_34,kakku1558,iter,1,0.25
Eliisa_34,kiikkuu1566,iter,1,0.25
Eliisa_34,kissa1567,iter,1,0.25
Eliisa_34,kissa1568,iter,1,0.25
Eliisa_34,nukke1577,iter,1,0.25
Eliisa_35,isi1156,iter,1,0.25
Eliisa_35,isi1157,iter,1,0.25
Eliisa_35,istu1168,iter,1,0.25
Eliisa_35,juusto292,iter,1,0.25
Eliisa_35,juusto294,iter,1,0.25
Eliisa_35,juusto295,iter,1,0.25
Eliisa_35,kissa1571,iter,1,0.25
Eliisa_35,oho1172,iter,1,0.25
Eliisa_36,isi1159,iter,1,0.25
Eliisa_36,isi1163,iter,1,0.25
Eliisa_36,tyttö1592,iter,1,0.25
Eliisa_36,tyttö1593,iter,1,0.25
Eliisa_36,tyttö1594,iter,1,0.25
Eliisa_36,tyttö1595,iter,1,0.25
Eliisa_36,tyttö1598,iter,1,0.25
Eliisa_36,tyttö1600,iter,1,0.25
Eliisa_38,kiikkuu1559,iter,1,0.25
Eliisa_38,kiikkuu1563,iter,1,0.25
Eliisa_38,kissa1571,iter,1,0.25
Eliisa_38,nukkuu1579,iter,1,0.25
Eliisa_39,isi1166,iter,1,0.25
Eliisa_39,isi1167,iter,1,0.25
Eliisa_39,juusto291,iter,1,0.25
Eliisa_39,juusto293,iter,1,0.25
Eliisa_39,juusto295,iter,1,0.25
Eliisa_39,oho1171,iter,1,0.25
Eliisa_4,pupu307,iter,1,0.25
Eliisa_4,pupu309,iter,1,0.25
Eliisa_4,tyttö1592,iter,1,0.25
Eliisa_4,tyttö1593,iter,1,0.25
Eliisa_4,tyttö1595,iter,1,0.25
Eliisa_40,hauva283,iter,1,0.25
Eliisa_40,hauva288,iter,1,0.25
Eliisa_40,isi1159,iter,1,0.25
Eliisa_40,isi1161,iter,1,0.25
Eliisa_40,isi1164,iter,1,0.25
Eliisa_40,isi1165,iter,1,0.25
Eliisa_40,isi1166,iter,1,0.25
Eliisa_40,oho1171,iter,1,0.25
Eliisa_40,pupu307,iter,1,0.25
Eliisa_41,isi1160,iter,1,0.25
Eliisa_41,isi1161,iter,1,0.25
Eliisa_41,istu1168,iter,1,0.25
Eliisa_41,juusto293,iter,1,0.25
Eliisa_41,oho1170,iter,1,0.25
Eliisa_42,kissa1569,iter,1,0.25
Eliisa_42,kissa1570,iter,1,0.25
Eliisa_42,litu1400,iter,1,0.25
Eliisa_42,tyttö1597,iter,1,0.25
Eliisa_42,tyttö1600,iter,1,0.25
Eliisa_43,kakku1558,iter,1,0.25
Eliisa_44,isi1157,iter,1,0.25
Eliisa_44,isi1160,iter,1,0.25
Eliisa_44,isi1163,iter,1,0.25
Eliisa_44,juusto290,iter,1,0.25
Eliisa_44,juusto296,iter,1,0.25
Eliisa_44,juusto298,iter,1,0.25
Eliisa_44,litu1401,iter,1,0.25
Eliisa_44,litu1402,iter,1,0.25
Eliisa_44,oho1171,iter,1,0.25
Eliisa_46,kissa1570,iter,1,0.25
Eliisa_46,litu1398,iter,1,0.25
Eliisa_46,"tippu, tippuu1590",iter,1,0.25
Eliisa_46,tyttö1595,iter,1,0.25
Eliisa_46,tyttö1601,iter,1,0.25
Eliisa_47,hauva285,iter,1,0.25
Eliisa_47,hauva288,iter,1,0.25
Eliisa_47,isi1156,iter,1,0.25
Eliisa_47,isi1163,iter,1,0.25
Eliisa_48,litu1399,iter,1,0.25
Eliisa_48,litu1400,iter,1,0.25
Eliisa_48,tyttö1592,iter,1,0.25
Eliisa_48,tyttö1597,iter,1,0.25
Eliisa_48,tyttö1598,iter,1,0.25
Eliisa_49,kakku1558,iter,1,0.25
Eliisa_49,kiikkuu1564,iter,1,0.25
Eliisa_49,kissa1569,iter,1,0.25
Eliisa_49,rikki1589,iter,1,0.25
Eliisa_5,kissa1569,iter,1,0.25
Eliisa_5,kissa1571,iter,1,0.25
Eliisa_5,litu1401,iter,1,0.25
Eliisa_5,tyttö1594,iter,1,0.25
Eliisa_5,vettä1603,iter,1,0.25
Eliisa_50,kiikkuu1559,iter,1,0.25
Eliisa_50,kiikkuu1562,iter,1,0.25
Eliisa_50,kukka1572,iter,1,0.25
Eliisa_51,litu1398,iter,1,0.25
Eliisa_51,litu1400,iter,1,0.25
Eliisa_51,"tippu, tippuu1590",iter,1,0.25
Eliisa_52,kissa1568,iter,1,0.25
Eliisa_52,kissa1571,iter,1,0.25
Eliisa_52,litu1398,iter,1,0.25
Eliisa_52,tyttö1596,iter,1,0.25
Eliisa_52,tyttö1600,iter,1,0.25
Eliisa_52,vettä1603,iter,1,0.25
Eliisa_53,"haloo, hallo1557",iter,1,0.25
Eliisa_53,hauva288,iter,1,0.25
Eliisa_54,pappa1583,iter,1,0.25
Eliisa_55,hauva285,iter,1,0.25
Eliisa_55,hauva287,iter,1,0.25
Eliisa_55,isi1158,iter,1,0.25
Eliisa_55,isi1159,iter,1,0.25
Eliisa_55,isi1164,iter,1,0.25
Eliisa_55,oho1171,iter,1,0.25
Eliisa_56,hauva283,iter,1,0.25
Eliisa_56,hauva284,iter,1,0.25
Eliisa_56,hauva287,iter,1,0.25
Eliisa_56,isi1167,iter,1,0.25
Eliisa_56,juusto292,iter,1,0.25
Eliisa_56,juusto298,iter,1,0.25
Eliisa_56,kissa1567,iter,1,0.25
Eliisa_56,litu1400,iter,1,0.25
Eliisa_56,litu1402,iter,1,0.25
Eliisa_56,oho1172,iter,1,0.25
Eliisa_56,pupu309,iter,1,0.25
Eliisa_58,"haloo, hallo1556",iter,1,0.25
Eliisa_58,hauva286,iter,1,0.25
Eliisa_58,isi1161,iter,1,0.25
Eliisa_58,oho1169,iter,1,0.25
Eliisa_58,oho1171,iter,1,0.25
Eliisa_58,pupu308,iter,1,0.25
Eliisa_59,isi1159,iter,1,0.25
Eliisa_59,isi1164,iter,1,0.25
Eliisa_59,juusto292,iter,1,0.25
Eliisa_60,kiikkuu1559,iter,1,0.25
Eliisa_60,kiikkuu1563,iter,1,0.25
Eliisa_60,nukke1577,iter,1,0.25
Eliisa_60,nukkuu1580,iter,1,0.25
Eliisa_61,isi1159,iter,1,0.25
Eliisa_61,isi1164,iter,1,0.25
Eliisa_61,isi1165,iter,1,0.25
Eliisa_61,isi1166,iter,1,0.25
Eliisa_61,kiikkuu1560,iter,1,0.25
Eliisa_61,kiikkuu1563,iter,1,0.25
Eliisa_61,kissa1567,iter,1,0.25
Eliisa_62,kiikkuu1564,iter,1,0.25
Eliisa_62,kiikkuu1566,iter,1,0.25
Eliisa_62,kissa1567,iter,1,0.25
Eliisa_62,kissa1569,iter,1,0.25
Eliisa_62,kukka1572,iter,1,0.25
Eliisa_62,rikki1589,iter,1,0.25
Eliisa_63,isi1159,iter,1,0.25
Eliisa_63,isi1162,iter,1,0.25
Eliisa_63,tyttö1592,iter,1,0.25
Eliisa_63,tyttö1595,iter,1,0.25
Eliisa_63,tyttö1598,iter,1,0.25
Eliisa_63,tyttö1602,iter,1,0.25
Eliisa_64,kiikkuu1562,iter,1,0.25
Eliisa_64,kiikkuu1563,iter,1,0.25
Eliisa_64,kissa1569,iter,1,0.25
Eliisa_64,kissa1570,iter,1,0.25
Eliisa_64,nukke1577,iter,1,0.25
Eliisa_64,nukke1578,iter,1,0.25
Eliisa_64,nukkuu1580,iter,1,0.25
Eliisa_64,rikki1589,iter,1,0.25
Eliisa_65,kakku1558,iter,1,0.25
Eliisa_65,kiikkuu1559,iter,1,0.25
Eliisa_65,kiikkuu1563,iter,1,0.25
Eliisa_65,kukka1572,iter,1,0.25
Eliisa_65,nukke1577,iter,1,0.25
Eliisa_66,kiikkuu1560,iter,1,0.25
Eliisa_66,kissa1567,iter,1,0.25
Eliisa_67,kissa1568,iter,1,0.25
Eliisa_67,kissa1571,iter,1,0.25
Eliisa_67,tyttö1595,iter,1,0.25
Eliisa_67,tyttö1597,iter,1,0.25
Eliisa_68,hauva284,iter,1,0.25
Eliisa_68,hauva287,iter,1,0.25
Eliisa_68,isi1156,iter,1,0.25
Eliisa_68,isi1163,iter,1,0.25
Eliisa_68,isi1167,iter,1,0.25
Eliisa_68,juusto295,iter,1,0.25
Eliisa_68,juusto300,iter,1,0.25
Eliisa_68,kissa1568,iter,1,0.25
Eliisa_68,litu1399,iter,1,0.25
Eliisa_68,litu1400,iter,1,0.25
Eliisa_68,oho1171,iter,1,0.25
Eliisa_69,kiikkuu1560,iter,1,0.25
Eliisa_69,kiikkuu1561,iter,1,0.25
Eliisa_69,kiikkuu1562,iter,1,0.25
Eliisa_69,kiikkuu1563,iter,1,0.25
Eliisa_69,nukkuu1579,iter,1,0.25
Eliisa_69,nukkuu1580,iter,1,0.25
Eliisa_7,hauva288,iter,1,0.25
Eliisa_7,isi1158,iter,1,0.25
Eliisa_7,oho1169,iter,1,0.25
Eliisa_7,oho1171,iter,1,0.25
Eliisa_70,kiikkuu1563,iter,1,0.25
Eliisa_70,kissa1568,iter,1,0.25
Eliisa_70,nukkuu1579,iter,1,0.25
Eliisa_70,nukkuu1580,iter,1,0.25
Eliisa_71,kiikkuu1562,iter,1,0.25
Eliisa_71,kiikkuu1564,iter,1,0.25
Eliisa_71,kiikkuu1566,iter,1,0.25
Eliisa_71,kukka1572,iter,1,0.25
Eliisa_71,nukkuu1579,iter,1,0.25
Eliisa_71,rikki1589,iter,1,0.25
Eliisa_73,pappa1585,iter,1,0.25
Eliisa_73,tyttö1593,iter,1,0.25
Eliisa_75,kiikkuu1560,iter,1,0.25
Eliisa_75,kiikkuu1561,iter,1,0.25
Eliisa_75,kiikkuu1563,iter,1,0.25
Eliisa_75,kiikkuu1565,iter,1,0.25
Eliisa_75,kissa1570,iter,1,0.25
Eliisa_75,kukka1572,iter,1,0.25
Eliisa_75,nukke1578,iter,1,0.25
Eliisa_76,mummu /muumu1573,iter,1,0.25
Eliisa_76,mummu /muumu1574,iter,1,0.25
Eliisa_76,mummu /muumu1576,iter,1,0.25
Eliisa_77,kissa1568,iter,1,0.25
Eliisa_77,kissa1571,iter,1,0.25
Eliisa_77,tyttö1595,iter,1,0.25
Eliisa_77,tyttö1597,iter,1,0.25
Eliisa_77,tyttö1601,iter,1,0.25
Eliisa_78,kissa1570,iter,1,0.25
Eliisa_78,kissa1571,iter,1,0.25
Eliisa_78,litu1398,iter,1,0.25
Eliisa_78,litu1401,iter,1,0.25
Eliisa_78,litu1403,iter,1,0.25
Eliisa_78,tyttö1593,iter,1,0.25
Eliisa_78,tyttö1595,iter,1,0.25
Eliisa_78,tyttö1598,iter,1,0.25
Eliisa_78,tyttö1601,iter,1,0.25
Eliisa_79,isi1157,iter,1,0.25
Eliisa_79,isi1160,iter,1,0.25
Eliisa_79,isi1162,iter,1,0.25
Eliisa_79,juusto297,iter,1,0.25
Eliisa_79,juusto298,iter,1,0.25
Eliisa_79,juusto300,iter,1,0.25
Eliisa_8,isi1159,iter,1,0.25
Eliisa_8,isi1160,iter,1,0.25
Eliisa_8,isi1167,iter,1,0.25
Eliisa_8,litu1399,iter,1,0.25
Eliisa_8,tyttö1597,iter,1,0.25
Eliisa_8,tyttö1600,iter,1,0.25
Eliisa_80,isi1166,iter,1,0.25
Eliisa_80,kiikkuu1566,iter,1,0.25
Eliisa_80,kissa1569,iter,1,0.25
Eliisa_80,kissa1570,iter,1,0.25
Eliisa_80,tyttö1594,iter,1,0.25
Eliisa_80,tyttö1595,iter,1,0.25
Eliisa_80,tyttö1601,iter,1,0.25
Eliisa_80,vettä1603,iter,1,0.25
Eliisa_81,isi1159,iter,1,0.25
Eliisa_81,isi1160,iter,1,0.25
Eliisa_81,isi1163,iter,1,0.25
Eliisa_81,kiikkuu1565,iter,1,0.25
Eliisa_81,kissa1567,iter,1,0.25
Eliisa_81,kissa1568,iter,1,0.25
Eliisa_81,kukka1572,iter,1,0.25
Eliisa_81,vettä1603,iter,1,0.25
Eliisa_82,hauva285,iter,1,0.25
Eliisa_82,isi1165,iter,1,0.25
Eliisa_82,istu1168,iter,1,0.25
Eliisa_82,juusto294,iter,1,0.25
Eliisa_82,kissa1569,iter,1,0.25
Eliisa_82,litu1399,iter,1,0.25
Eliisa_82,litu1402,iter,1,0.25
Eliisa_82,oho1169,iter,1,0.25
Eliisa_82,oho1170,iter,1,0.25
Eliisa_82,oho1171,iter,1,0.25
Eliisa_83,hauva287,iter,1,0.25
Eliisa_83,hauva288,iter,1,0.25
Eliisa_83,isi1156,iter,1,0.25
Eliisa_83,isi1158,iter,1,0.25
Eliisa_83,isi1160,iter,1,0.25
Eliisa_83,juusto296,iter,1,0.25
Eliisa_83,juusto299,iter,1,0.25
Eliisa_83,kissa1567,iter,1,0.25
Eliisa_83,pupu308,iter,1,0.25
Eliisa_84,pallo1581,iter,1,0.25
Eliisa_84,pallo1582,iter,1,0.25
Eliisa_84,piiloon306,iter,1,0.25
Eliisa_85,hauva284,iter,1,0.25
Eliisa_85,hauva285,iter,1,0.25
Eliisa_85,isi1156,iter,1,0.25
Eliisa_85,istu1168,iter,1,0.25
Eliisa_85,pupu308,iter,1,0.25
Eliisa_87,litu1398,iter,1,0.25
Eliisa_87,litu1399,iter,1,0.25
Eliisa_87,litu1402,iter,1,0.25
Eliisa_87,tyttö1592,iter,1,0.25
Eliisa_87,tyttö1595,iter,1,0.25
Eliisa_87,tyttö1598,iter,1,0.25
Eliisa_87,tyttö1599,iter,1,0.25
Eliisa_88,isi1157,iter,1,0.25
Eliisa_88,isi1161,iter,1,0.25
Eliisa_88,isi1163,iter,1,0.25
Eliisa_88,juusto290,iter,1,0.25
Eliisa_89,kiikkuu1559,iter,1,0.25
Eliisa_89,kiikkuu1562,iter,1,0.25
Eliisa_89,kukka1572,iter,1,0.25
Eliisa_89,nukkuu1580,iter,1,0.25
Eliisa_9,isi1160,iter,1,0.25
Eliisa_9,isi1164,iter,1,0.25
Eliisa_9,juusto293,iter,1,0.25
Eliisa_9,juusto294,iter,1,0.25
Eliisa_9,juusto300,iter,1,0.25
Eliisa_90,kirja303,iter,1,0.25
Eliisa_91,isi1161,iter,1,0.25
Eliisa_91,isi1164,iter,1,0.25
Eliisa_91,isi1167,iter,1,0.25
Eliisa_91,muumi304,iter,1,0.25
Eliisa_91,oho1171,iter,1,0.25
Eliisa_91,pappa1584,iter,1,0.25
Eliisa_91,"tippu, tippuu1591",iter,1,0.25
Eliisa_92,litu1401,iter,1,0.25
Eliisa_92,litu1402,iter,1,0.25
Eliisa_92,tyttö1592,iter,1,0.25
Eliisa_92,tyttö1598,iter,1,0.25
Eliisa_93,isi1158,iter,1,0.25
Eliisa_93,isi1160,iter,1,0.25
Eliisa_93,isi1167,iter,1,0.25
Eliisa_93,istu1168,iter,1,0.25
Eliisa_93,juusto291,iter,1,0.25
Eliisa_93,juusto294,iter,1,0.25
Eliisa_93,juusto300,iter,1,0.25
Eliisa_94,litu1398,iter,1,0.25
Eliisa_94,tyttö1593,iter,1,0.25
Eliisa_94,tyttö1594,iter,1,0.25
Eliisa_94,tyttö1602,iter,1,0.25
Eliisa_95,isi1156,iter,1,0.25
Eliisa_95,litu1401,iter,1,0.25
Eliisa_95,litu1403,iter,1,0.25
Eliisa_95,tyttö1595,iter,1,0.25
Eliisa_95,tyttö1597,iter,1,0.25
Eliisa_95,tyttö1600,iter,1,0.25
Eliisa_97,hauva288,iter,1,0.25
Eliisa_98,kissa1568,iter,1,0.25
Eliisa_98,litu1403,iter,1,0.25
Eliisa_98,tyttö1598,iter,1,0.25
Eliisa_99,isi1162,iter,1,0.25
Eliisa_99,tyttö1592,iter,1,0.25
Eliisa_99,tyttö1593,iter,1,0.25
Eliisa_99,tyttö1600,iter,1,0.25
Eliisa_99,tyttö1602,iter,1,0.25
Ella_1,glasses88,iter,1,0.25
Ella_1,glasses90,iter,1,0.25
Ella_1,rattle122,iter,1,0.25
Ella_10,glasses86,iter,1,0.25
Ella_10,glasses87,iter,1,0.25
Ella_10,glasses88,iter,1,0.25
Ella_10,glasses89,iter,1,0.25
Ella_10,glasses91,iter,1,0.25
Ella_100,glasses90,iter,1,0.25
Ella_100,rattle120,iter,1,0.25
Ella_100,rattle122,iter,1,0.25
Ella_11,baby56,iter,1,0.25
Ella_11,baby57,iter,1,0.25
Ella_11,baby58,iter,1,0.25
Ella_11,baby59,iter,1,0.25
Ella_11,baby60,iter,1,0.25
Ella_11,bottle71,iter,1,0.25
Ella_11,byebye82,iter,1,0.25
Ella_11,cuddle84,iter,1,0.25
Ella_11,rattle120,iter,1,0.25
Ella_12,apple1045,iter,1,0.25
Ella_12,baby58,iter,1,0.25
Ella_12,baby60,iter,1,0.25
Ella_12,byebye79,iter,1,0.25
Ella_12,byebye80,iter,1,0.25
Ella_13,woof woof1345,iter,1,0.25
Ella_14,glasses87,iter,1,0.25
Ella_14,glasses88,iter,1,0.25
Ella_15,Michelle104,iter,1,0.25
Ella_15,baby59,iter,1,0.25
Ella_15,bottle73,iter,1,0.25
Ella_15,byebye77,iter,1,0.25
Ella_15,byebye78,iter,1,0.25
Ella_15,cuddle84,iter,1,0.25
Ella_16,bottle65,iter,1,0.25
Ella_16,bottle68,iter,1,0.25
Ella_16,open1046,iter,1,0.25
Ella_16,rattle122,iter,1,0.25
Ella_17,Michelle106,iter,1,0.25
Ella_17,baby60,iter,1,0.25
Ella_17,bottle69,iter,1,0.25
Ella_17,bottle70,iter,1,0.25
Ella_17,bottle72,iter,1,0.25
Ella_17,bottle73,iter,1,0.25
Ella_17,bottle74,iter,1,0.25
Ella_17,byebye75,iter,1,0.25
Ella_17,byebye76,iter,1,0.25
Ella_17,byebye77,iter,1,0.25
Ella_17,byebye80,iter,1,0.25
Ella_17,byebye82,iter,1,0.25
Ella_17,byebye83,iter,1,0.25
Ella_17,daddy85,iter,1,0.25
Ella_18,Michelle102,iter,1,0.25
Ella_18,Michelle104,iter,1,0.25
Ella_18,baby56,iter,1,0.25
Ella_18,baby60,iter,1,0.25
Ella_18,bottle63,iter,1,0.25
Ella_18,bottle65,iter,1,0.25
Ella_18,bottle67,iter,1,0.25
Ella_18,bottle74,iter,1,0.25
Ella_18,byebye75,iter,1,0.25
Ella_18,byebye76,iter,1,0.25
Ella_18,byebye82,iter,1,0.25
Ella_19,woof woof1347,iter,1,0.25
Ella_2,baby58,iter,1,0.25
Ella_2,baby61,iter,1,0.25
Ella_2,byebye77,iter,1,0.25
Ella_2,byebye80,iter,1,0.25
Ella_2,byebye83,iter,1,0.25
Ella_2,daddy85,iter,1,0.25
Ella_2,mummy108,iter,1,0.25
Ella_2,mummy112,iter,1,0.25
Ella_2,piggie118,iter,1,0.25
Ella_20,rattle121,iter,1,0.25
Ella_21,apple1045,iter,1,0.25
Ella_21,baby56,iter,1,0.25
Ella_21,baby58,iter,1,0.25
Ella_21,bottle65,iter,1,0.25
Ella_21,bottle67,iter,1,0.25
Ella_21,byebye77,iter,1,0.25
Ella_21,byebye78,iter,1,0.25
Ella_21,byebye80,iter,1,0.25
Ella_21,byebye83,iter,1,0.25
Ella_21,daddy85,iter,1,0.25
Ella_22,baby57,iter,1,0.25
Ella_22,baby58,iter,1,0.25
Ella_22,byebye79,iter,1,0.25
Ella_22,byebye81,iter,1,0.25
Ella_22,byebye82,iter,1,0.25
Ella_22,mummy108,iter,1,0.25
Ella_22,piggie115,iter,1,0.25
Ella_22,piggie118,iter,1,0.25
Ella_23,baby56,iter,1,0.25
Ella_23,baby59,iter,1,0.25
Ella_23,baby60,iter,1,0.25
Ella_23,byebye77,iter,1,0.25
Ella_23,daddy85,iter,1,0.25
Ella_23,horsey100,iter,1,0.25
Ella_23,horsey101,iter,1,0.25
Ella_23,horsey95,iter,1,0.25
Ella_23,horsey99,iter,1,0.25
Ella_23,mummy108,iter,1,0.25
Ella_23,mummy112,iter,1,0.25
Ella_23,piggie115,iter,1,0.25
Ella_23,piggie117,iter,1,0.25
Ella_24,baby57,iter,1,0.25
Ella_24,beep beep62,iter,1,0.25
Ella_24,horsey94,iter,1,0.25
Ella_24,horsey97,iter,1,0.25
Ella_24,horsey99,iter,1,0.25
Ella_24,mummy108,iter,1,0.25
Ella_24,mummy111,iter,1,0.25
Ella_24,piggie115,iter,1,0.25
Ella_24,piggie116,iter,1,0.25
Ella_24,piggie119,iter,1,0.25
Ella_25,Michelle102,iter,1,0.25
Ella_25,Michelle103,iter,1,0.25
Ella_25,Michelle104,iter,1,0.25
Ella_25,apple1045,iter,1,0.25
Ella_25,bottle64,iter,1,0.25
Ella_25,bottle67,iter,1,0.25
Ella_25,bottle71,iter,1,0.25
Ella_25,rattle120,iter,1,0.25
Ella_25,rattle121,iter,1,0.25
Ella_26,Michelle103,iter,1,0.25
Ella_26,baby57,iter,1,0.25
Ella_26,baby58,iter,1,0.25
Ella_26,bottle63,iter,1,0.25
Ella_26,bottle68,iter,1,0.25
Ella_26,bottle69,iter,1,0.25
Ella_26,bottle72,iter,1,0.25
Ella_26,bottle74,iter,1,0.25
Ella_26,byebye77,iter,1,0.25
Ella_26,byebye79,iter,1,0.25
Ella_26,rattle122,iter,1,0.25
Ella_27,glasses88,iter,1,0.25
Ella_27,glasses91,iter,1,0.25
Ella_27,rattle120,iter,1,0.25
Ella_27,rattle121,iter,1,0.25
Ella_27,rattle122,iter,1,0.25
Ella_28,woof woof1345,iter,1,0.25
Ella_29,woof woof1347,iter,1,0.25
Ella_3,Michelle102,iter,1,0.25
Ella_3,Michelle103,iter,1,0.25
Ella_3,Michelle104,iter,1,0.25
Ella_3,bottle67,iter,1,0.25
Ella_3,bottle68,iter,1,0.25
Ella_3,bottle72,iter,1,0.25
Ella_3,bottle73,iter,1,0.25
Ella_3,bottle74,iter,1,0.25
Ella_3,rattle120,iter,1,0.25
Ella_30,Michelle103,iter,1,0.25
Ella_30,Michelle105,iter,1,0.25
Ella_30,bottle63,iter,1,0.25
Ella_30,bottle65,iter,1,0.25
Ella_30,bottle66,iter,1,0.25
Ella_30,bottle68,iter,1,0.25
Ella_30,bottle70,iter,1,0.25
Ella_30,bottle71,iter,1,0.25
Ella_30,rattle121,iter,1,0.25
Ella_31,daddy85,iter,1,0.25
Ella_31,horsey101,iter,1,0.25
Ella_31,horsey93,iter,1,0.25
Ella_31,horsey94,iter,1,0.25
Ella_31,piggie115,iter,1,0.25
Ella_31,piggie116,iter,1,0.25
Ella_32,Michelle105,iter,1,0.25
Ella_32,apple1045,iter,1,0.25
Ella_32,baby56,iter,1,0.25
Ella_32,bottle67,iter,1,0.25
Ella_32,bottle71,iter,1,0.25
Ella_32,bottle73,iter,1,0.25
Ella_32,bottle74,iter,1,0.25
Ella_32,byebye76,iter,1,0.25
Ella_32,byebye80,iter,1,0.25
Ella_32,byebye82,iter,1,0.25
Ella_32,rattle120,iter,1,0.25
Ella_32,rattle121,iter,1,0.25
Ella_33,byebye78,iter,1,0.25
Ella_33,byebye80,iter,1,0.25
Ella_33,byebye83,iter,1,0.25
Ella_33,piggie117,iter,1,0.25
Ella_33,piggie119,iter,1,0.25
Ella_34,baby59,iter,1,0.25
Ella_34,baby60,iter,1,0.25
Ella_34,bottle63,iter,1,0.25
Ella_34,bottle65,iter,1,0.25
Ella_34,bottle69,iter,1,0.25
Ella_34,bottle71,iter,1,0.25
Ella_34,bottle72,iter,1,0.25
Ella_34,bottle74,iter,1,0.25
Ella_34,byebye78,iter,1,0.25
Ella_34,mummy110,iter,1,0.25
Ella_34,mummy112,iter,1,0.25
Ella_34,piggie116,iter,1,0.25
Ella_35,baby60,iter,1,0.25
Ella_35,baby61,iter,1,0.25
Ella_35,byebye77,iter,1,0.25
Ella_35,byebye78,iter,1,0.25
Ella_35,byebye82,iter,1,0.25
Ella_35,mummy108,iter,1,0.25
Ella_35,mummy109,iter,1,0.25
Ella_35,mummy110,iter,1,0.25
Ella_35,mummy111,iter,1,0.25
Ella_35,mummy112,iter,1,0.25
Ella_35,piggie115,iter,1,0.25
Ella_36,baby57,iter,1,0.25
Ella_36,baby58,iter,1,0.25
Ella_36,bottle66,iter,1,0.25
Ella_36,bottle70,iter,1,0.25
Ella_36,bottle73,iter,1,0.25
Ella_36,byebye75,iter,1,0.25
Ella_36,byebye76,iter,1,0.25
Ella_36,byebye79,iter,1,0.25
Ella_36,daddy85,iter,1,0.25
Ella_36,horsey96,iter,1,0.25
Ella_36,piggie115,iter,1,0.25
Ella_36,rattle121,iter,1,0.25
Ella_37,baby56,iter,1,0.25
Ella_37,baby59,iter,1,0.25
Ella_37,byebye83,iter,1,0.25
Ella_37,daddy85,iter,1,0.25
Ella_37,horsey100,iter,1,0.25
Ella_37,horsey98,iter,1,0.25
Ella_37,mummy108,iter,1,0.25
Ella_37,mummy112,iter,1,0.25
Ella_37,piggie115,iter,1,0.25
Ella_37,piggie117,iter,1,0.25
Ella_37,piggie118,iter,1,0.25
Ella_38,Michelle102,iter,1,0.25
Ella_38,Michelle105,iter,1,0.25
Ella_38,bottle70,iter,1,0.25
Ella_38,glasses88,iter,1,0.25
Ella_38,glasses89,iter,1,0.25
Ella_38,glasses90,iter,1,0.25
Ella_38,glasses92,iter,1,0.25
Ella_39,glasses86,iter,1,0.25
Ella_39,glasses88,iter,1,0.25
Ella_4,baby57,iter,1,0.25
Ella_4,baby59,iter,1,0.25
Ella_4,baby60,iter,1,0.25
Ella_4,bottle73,iter,1,0.25
Ella_4,byebye78,iter,1,0.25
Ella_4,mummy110,iter,1,0.25
Ella_4,mummy111,iter,1,0.25
Ella_4,piggie115,iter,1,0.25
Ella_40,baby57,iter,1,0.25
Ella_40,baby58,iter,1,0.25
Ella_40,byebye79,iter,1,0.25
Ella_40,pap pap113,iter,1,0.25
Ella_40,piggie117,iter,1,0.25
Ella_41,glasses88,iter,1,0.25
Ella_42,Michelle106,iter,1,0.25
Ella_42,apple1045,iter,1,0.25
Ella_42,baby57,iter,1,0.25
Ella_42,baby59,iter,1,0.25
Ella_42,bottle63,iter,1,0.25
Ella_42,bottle67,iter,1,0.25
Ella_42,bottle69,iter,1,0.25
Ella_42,bottle71,iter,1,0.25
Ella_42,byebye75,iter,1,0.25
Ella_43,Michelle106,iter,1,0.25
Ella_43,Michelle107,iter,1,0.25
Ella_43,apple1045,iter,1,0.25
Ella_43,bottle63,iter,1,0.25
Ella_43,bottle65,iter,1,0.25
Ella_43,bottle66,iter,1,0.25
Ella_43,bottle68,iter,1,0.25
Ella_43,bottle70,iter,1,0.25
Ella_43,byebye76,iter,1,0.25
Ella_43,rattle122,iter,1,0.25
Ella_44,baby56,iter,1,0.25
Ella_44,baby59,iter,1,0.25
Ella_44,bottle63,iter,1,0.25
Ella_44,bottle64,iter,1,0.25
Ella_44,byebye76,iter,1,0.25
Ella_44,byebye81,iter,1,0.25
Ella_44,byebye82,iter,1,0.25
Ella_44,mummy110,iter,1,0.25
Ella_44,mummy112,iter,1,0.25
Ella_44,piggie119,iter,1,0.25
Ella_45,Michelle105,iter,1,0.25
Ella_45,bottle64,iter,1,0.25
Ella_45,bottle66,iter,1,0.25
Ella_45,glasses86,iter,1,0.25
Ella_45,glasses90,iter,1,0.25
Ella_45,glasses92,iter,1,0.25
Ella_45,rattle120,iter,1,0.25
Ella_46,baby57,iter,1,0.25
Ella_46,baby59,iter,1,0.25
Ella_46,baby61,iter,1,0.25
Ella_46,bottle63,iter,1,0.25
Ella_46,bottle65,iter,1,0.25
Ella_46,bottle67,iter,1,0.25
Ella_46,bottle69,iter,1,0.25
Ella_46,bottle73,iter,1,0.25
Ella_46,byebye79,iter,1,0.25
Ella_46,byebye81,iter,1,0.25
Ella_46,mummy109,iter,1,0.25
Ella_46,mummy111,iter,1,0.25
Ella_46,piggie115,iter,1,0.25
Ella_46,piggie117,iter,1,0.25
Ella_47,Michelle107,iter,1,0.25
Ella_47,baby61,iter,1,0.25
Ella_47,bottle66,iter,1,0.25
Ella_47,bottle68,iter,1,0.25
Ella_47,bottle69,iter,1,0.25
Ella_47,bottle71,iter,1,0.25
Ella_47,bottle72,iter,1,0.25
Ella_47,daddy85,iter,1,0.25
Ella_47,rattle121,iter,1,0.25
Ella_48,baby56,iter,1,0.25
Ella_48,baby58,iter,1,0.25
Ella_48,baby59,iter,1,0.25
Ella_48,baby60,iter,1,0.25
Ella_48,baby61,iter,1,0.25
Ella_48,bottle64,iter,1,0.25
Ella_48,bottle73,iter,1,0.25
Ella_48,byebye78,iter,1,0.25
Ella_48,mummy111,iter,1,0.25
Ella_48,mummy112,iter,1,0.25
Ella_48,open1046,iter,1,0.25
Ella_48,piggie117,iter,1,0.25
Ella_49,Michelle102,iter,1,0.25
Ella_49,Michelle107,iter,1,0.25
Ella_49,bottle71,iter,1,0.25
Ella_49,cuddle84,iter,1,0.25
Ella_5,daddy85,iter,1,0.25
Ella_5,horsey100,iter,1,0.25
Ella_5,horsey101,iter,1,0.25
Ella_5,horsey96,iter,1,0.25
Ella_5,horsey98,iter,1,0.25
Ella_5,piggie115,iter,1,0.25
Ella_5,piggie116,iter,1,0.25
Ella_51,Michelle103,iter,1,0.25
Ella_51,Michelle105,iter,1,0.25
Ella_51,Michelle107,iter,1,0.25
Ella_51,bottle68,iter,1,0.25
Ella_51,bottle70,iter,1,0.25
Ella_51,bottle72,iter,1,0.25
Ella_51,cuddle84,iter,1,0.25
Ella_51,rattle120,iter,1,0.25
Ella_51,rattle121,iter,1,0.25
Ella_52,beep beep62,iter,1,0.25
Ella_52,byebye78,iter,1,0.25
Ella_52,byebye82,iter,1,0.25
Ella_52,daddy85,iter,1,0.25
Ella_52,mummy110,iter,1,0.25
Ella_54,horsey94,iter,1,0.25
Ella_54,piggie116,iter,1,0.25
Ella_55,baby57,iter,1,0.25
Ella_55,baby60,iter,1,0.25
Ella_55,bottle64,iter,1,0.25
Ella_55,bottle65,iter,1,0.25
Ella_55,bottle69,iter,1,0.25
Ella_55,bottle74,iter,1,0.25
Ella_55,byebye78,iter,1,0.25
Ella_55,daddy85,iter,1,0.25
Ella_55,open1046,iter,1,0.25
Ella_55,piggie116,iter,1,0.25
Ella_55,piggie117,iter,1,0.25
Ella_55,piggie119,iter,1,0.25
Ella_56,glasses87,iter,1,0.25
Ella_56,rattle122,iter,1,0.25
Ella_57,Michelle107,iter,1,0.25
Ella_57,baby56,iter,1,0.25
Ella_57,baby60,iter,1,0.25
Ella_57,bottle63,iter,1,0.25
Ella_57,bottle68,iter,1,0.25
Ella_57,bottle70,iter,1,0.25
Ella_57,byebye76,iter,1,0.25
Ella_57,byebye83,iter,1,0.25
Ella_57,rattle122,iter,1,0.25
Ella_58,baby57,iter,1,0.25
Ella_58,bottle73,iter,1,0.25
Ella_58,bottle74,iter,1,0.25
Ella_58,byebye78,iter,1,0.25
Ella_58,byebye82,iter,1,0.25
Ella_58,daddy85,iter,1,0.25
Ella_58,mummy111,iter,1,0.25
Ella_58,piggie116,iter,1,0.25
Ella_58,piggie119,iter,1,0.25
Ella_59,baby57,iter,1,0.25
Ella_59,baby61,iter,1,0.25
Ella_59,beep beep62,iter,1,0.25
Ella_59,byebye75,iter,1,0.25
Ella_59,byebye76,iter,1,0.25
Ella_59,byebye77,iter,1,0.25
Ella_59,byebye78,iter,1,0.25
Ella_59,piggie117,iter,1,0.25
Ella_6,woof woof1344,iter,1,0.25
Ella_6,woof woof1345,iter,1,0.25
Ella_6,woof woof1346,iter,1,0.25
Ella_60,apple1045,iter,1,0.25
Ella_60,baby56,iter,1,0.25
Ella_60,baby57,iter,1,0.25
Ella_60,rattle121,iter,1,0.25
Ella_61,Michelle105,iter,1,0.25
Ella_61,baby57,iter,1,0.25
Ella_61,baby60,iter,1,0.25
Ella_61,bottle63,iter,1,0.25
Ella_61,bottle67,iter,1,0.25
Ella_61,bottle69,iter,1,0.25
Ella_61,bottle71,iter,1,0.25
Ella_61,byebye75,iter,1,0.25
Ella_61,byebye80,iter,1,0.25
Ella_61,byebye82,iter,1,0.25
Ella_61,rattle121,iter,1,0.25
Ella_61,rattle122,iter,1,0.25
Ella_62,byebye77,iter,1,0.25
Ella_62,byebye78,iter,1,0.25
Ella_62,byebye79,iter,1,0.25
Ella_62,daddy85,iter,1,0.25
Ella_62,horsey100,iter,1,0.25
Ella_62,horsey96,iter,1,0.25
Ella_62,horsey97,iter,1,0.25
Ella_62,horsey98,iter,1,0.25
Ella_62,horsey99,iter,1,0.25
Ella_62,piggie116,iter,1,0.25
Ella_62,piggie119,iter,1,0.25
Ella_63,horsey94,iter,1,0.25
Ella_63,horsey98,iter,1,0.25
Ella_64,Michelle104,iter,1,0.25
Ella_64,Michelle107,iter,1,0.25
Ella_64,baby56,iter,1,0.25
Ella_64,bottle63,iter,1,0.25
Ella_64,bottle64,iter,1,0.25
Ella_64,bottle72,iter,1,0.25
Ella_64,byebye79,iter,1,0.25
Ella_64,byebye81,iter,1,0.25
Ella_64,byebye82,iter,1,0.25
Ella_64,cuddle84,iter,1,0.25
Ella_64,rattle122,iter,1,0.25
Ella_65,baby58,iter,1,0.25
Ella_65,baby60,iter,1,0.25
Ella_65,byebye75,iter,1,0.25
Ella_65,byebye79,iter,1,0.25
Ella_65,piggie116,iter,1,0.25
Ella_66,glasses89,iter,1,0.25
Ella_66,glasses90,iter,1,0.25
Ella_66,rattle122,iter,1,0.25
Ella_67,baby60,iter,1,0.25
Ella_67,bottle64,iter,1,0.25
Ella_67,bottle69,iter,1,0.25
Ella_67,bottle70,iter,1,0.25
Ella_67,byebye78,iter,1,0.25
Ella_67,byebye83,iter,1,0.25
Ella_67,daddy85,iter,1,0.25
Ella_67,mummy109,iter,1,0.25
Ella_67,mummy110,iter,1,0.25
Ella_67,mummy112,iter,1,0.25
Ella_67,open1046,iter,1,0.25
Ella_67,piggie116,iter,1,0.25
Ella_68,apple1045,iter,1,0.25
Ella_68,baby56,iter,1,0.25
Ella_68,baby58,iter,1,0.25
Ella_68,bottle63,iter,1,0.25
Ella_68,bottle67,iter,1,0.25
Ella_68,bottle73,iter,1,0.25
Ella_68,byebye80,iter,1,0.25
Ella_68,mummy109,iter,1,0.25
Ella_68,mummy111,iter,1,0.25
Ella_68,mummy112,iter,1,0.25
Ella_68,piggie115,iter,1,0.25
Ella_68,piggie117,iter,1,0.25
Ella_69,apple1045,iter,1,0.25
Ella_69,baby61,iter,1,0.25
Ella_69,beep beep62,iter,1,0.25
Ella_69,bottle65,iter,1,0.25
Ella_69,bottle73,iter,1,0.25
Ella_69,byebye75,iter,1,0.25
Ella_69,byebye77,iter,1,0.25
Ella_69,byebye78,iter,1,0.25
Ella_69,byebye82,iter,1,0.25
Ella_69,daddy85,iter,1,0.25
Ella_69,piggie116,iter,1,0.25
Ella_7,glasses91,iter,1,0.25
Ella_70,Michelle102,iter,1,0.25
Ella_70,Michelle103,iter,1,0.25
Ella_70,baby58,iter,1,0.25
Ella_70,bottle65,iter,1,0.25
Ella_70,bottle69,iter,1,0.25
Ella_70,bottle70,iter,1,0.25
Ella_70,bottle74,iter,1,0.25
Ella_70,byebye79,iter,1,0.25
Ella_70,cuddle84,iter,1,0.25
Ella_70,rattle122,iter,1,0.25
Ella_71,Michelle102,iter,1,0.25
Ella_71,Michelle104,iter,1,0.25
Ella_71,Michelle107,iter,1,0.25
Ella_71,bottle69,iter,1,0.25
Ella_71,bottle72,iter,1,0.25
Ella_71,byebye77,iter,1,0.25
Ella_71,byebye78,iter,1,0.25
Ella_71,byebye79,iter,1,0.25
Ella_71,byebye80,iter,1,0.25
Ella_71,byebye81,iter,1,0.25
Ella_71,rattle121,iter,1,0.25
Ella_71,rattle122,iter,1,0.25
Ella_72,baby56,iter,1,0.25
Ella_72,baby58,iter,1,0.25
Ella_72,bottle63,iter,1,0.25
Ella_72,byebye77,iter,1,0.25
Ella_72,byebye78,iter,1,0.25
Ella_72,byebye80,iter,1,0.25
Ella_72,byebye81,iter,1,0.25
Ella_72,byebye82,iter,1,0.25
Ella_72,mummy108,iter,1,0.25
Ella_73,baby56,iter,1,0.25
Ella_73,beep beep62,iter,1,0.25
Ella_73,bottle67,iter,1,0.25
Ella_73,bottle69,iter,1,0.25
Ella_73,byebye76,iter,1,0.25
Ella_73,daddy85,iter,1,0.25
Ella_73,mummy108,iter,1,0.25
Ella_73,mummy109,iter,1,0.25
Ella_73,open1046,iter,1,0.25
Ella_73,piggie116,iter,1,0.25
Ella_73,piggie117,iter,1,0.25
Ella_74,byebye80,iter,1,0.25
Ella_74,mummy108,iter,1,0.25
Ella_74,mummy112,iter,1,0.25
Ella_74,piggie115,iter,1,0.25
Ella_76,baby58,iter,1,0.25
Ella_76,baby59,iter,1,0.25
Ella_76,bottle63,iter,1,0.25
Ella_76,bottle72,iter,1,0.25
Ella_76,bottle74,iter,1,0.25
Ella_76,byebye81,iter,1,0.25
Ella_76,byebye83,iter,1,0.25
Ella_76,mummy111,iter,1,0.25
Ella_76,open1046,iter,1,0.25
Ella_76,piggie115,iter,1,0.25
Ella_76,piggie116,iter,1,0.25
Ella_77,Michelle104,iter,1,0.25
Ella_77,Michelle106,iter,1,0.25
Ella_77,bottle63,iter,1,0.25
Ella_77,bottle66,iter,1,0.25
Ella_77,bottle69,iter,1,0.25
Ella_77,bottle70,iter,1,0.25
Ella_77,daddy85,iter,1,0.25
Ella_77,glasses87,iter,1,0.25
Ella_77,glasses88,iter,1,0.25
Ella_77,rattle120,iter,1,0.25
Ella_78,glasses92,iter,1,0.25
Ella_79,baby58,iter,1,0.25
Ella_79,baby59,iter,1,0.25
Ella_79,byebye81,iter,1,0.25
Ella_79,byebye82,iter,1,0.25
Ella_79,daddy85,iter,1,0.25
Ella_79,horsey94,iter,1,0.25
Ella_79,horsey95,iter,1,0.25
Ella_79,mummy109,iter,1,0.25
Ella_79,mummy112,iter,1,0.25
Ella_79,piggie117,iter,1,0.25
Ella_79,piggie118,iter,1,0.25
Ella_8,Michelle102,iter,1,0.25
Ella_8,Michelle103,iter,1,0.25
Ella_8,Michelle104,iter,1,0.25
Ella_8,bottle63,iter,1,0.25
Ella_8,bottle69,iter,1,0.25
Ella_8,bottle70,iter,1,0.25
Ella_8,bottle73,iter,1,0.25
Ella_8,glasses88,iter,1,0.25
Ella_8,open1046,iter,1,0.25
Ella_8,rattle122,iter,1,0.25
Ella_80,horsey97,iter,1,0.25
Ella_80,piggie115,iter,1,0.25
Ella_81,baby56,iter,1,0.25
Ella_81,baby60,iter,1,0.25
Ella_81,bottle63,iter,1,0.25
Ella_81,bottle65,iter,1,0.25
Ella_81,bottle67,iter,1,0.25
Ella_81,bottle68,iter,1,0.25
Ella_81,bottle71,iter,1,0.25
Ella_81,byebye78,iter,1,0.25
Ella_81,mummy109,iter,1,0.25
Ella_81,piggie116,iter,1,0.25
Ella_81,piggie117,iter,1,0.25
Ella_81,piggie118,iter,1,0.25
Ella_82,pap pap113,iter,1,0.25
Ella_83,baby56,iter,1,0.25
Ella_83,baby57,iter,1,0.25
Ella_83,baby61,iter,1,0.25
Ella_83,bottle63,iter,1,0.25
Ella_83,bottle74,iter,1,0.25
Ella_83,byebye75,iter,1,0.25
Ella_83,byebye76,iter,1,0.25
Ella_83,byebye79,iter,1,0.25
Ella_83,mummy108,iter,1,0.25
Ella_83,mummy109,iter,1,0.25
Ella_83,open1046,iter,1,0.25
Ella_83,piggie119,iter,1,0.25
Ella_84,Michelle102,iter,1,0.25
Ella_84,apple1045,iter,1,0.25
Ella_84,bottle63,iter,1,0.25
Ella_84,bottle66,iter,1,0.25
Ella_84,bottle68,iter,1,0.25
Ella_84,bottle71,iter,1,0.25
Ella_84,rattle120,iter,1,0.25
Ella_85,Michelle102,iter,1,0.25
Ella_85,Michelle105,iter,1,0.25
Ella_85,Michelle106,iter,1,0.25
Ella_85,bottle65,iter,1,0.25
Ella_85,bottle67,iter,1,0.25
Ella_85,bottle68,iter,1,0.25
Ella_85,bottle73,iter,1,0.25
Ella_85,rattle121,iter,1,0.25
Ella_86,woof woof1345,iter,1,0.25
Ella_87,baby57,iter,1,0.25
Ella_87,baby59,iter,1,0.25
Ella_87,baby61,iter,1,0.25
Ella_87,bottle64,iter,1,0.25
Ella_87,bottle65,iter,1,0.25
Ella_87,bottle68,iter,1,0.25
Ella_87,bottle74,iter,1,0.25
Ella_87,mummy110,iter,1,0.25
Ella_87,mummy112,iter,1,0.25
Ella_87,piggie115,iter,1,0.25
Ella_87,piggie117,iter,1,0.25
Ella_88,glasses90,iter,1,0.25
Ella_88,glasses92,iter,1,0.25
Ella_88,rattle121,iter,1,0.25
Ella_9,glasses87,iter,1,0.25
Ella_9,glasses88,iter,1,0.25
Ella_9,glasses90,iter,1,0.25
Ella_9,glasses91,iter,1,0.25
Ella_9,rattle120,iter,1,0.25
Ella_92,bottle65,iter,1,0.25
Ella_92,cuddle84,iter,1,0.25
Ella_92,rattle120,iter,1,0.25
Ella_93,cuddle84,iter,1,0.25
Ella_93,horsey100,iter,1,0.25
Ella_93,piggie117,iter,1,0.25
Ella_95,woof woof1346,iter,1,0.25
Ella_96,daddy85,iter,1,0.25
Ella_96,horsey98,iter,1,0.25
Ella_96,horsey99,iter,1,0.25
Ella_96,piggie118,iter,1,0.25
Ella_98,Michelle102,iter,1,0.25
Ella_98,apple1045,iter,1,0.25
Ella_98,bottle66,iter,1,0.25
Ella_98,bottle74,iter,1,0.25
Ella_98,cuddle84,iter,1,0.25
Ella_98,rattle122,iter,1,0.25
Ella_99,bottle67,iter,1,0.25
Ella_99,bottle68,iter,1,0.25
Ella_99,bottle70,iter,1,0.25
Ella_99,bottle71,iter,1,0.25
Ella_99,bottle72,iter,1,0.25
Ella_99,bottle73,iter,1,0.25
Ella_99,horsey93,iter,1,0.25
Ella_99,horsey97,iter,1,0.25
Ella_99,rattle120,iter,1,0.25
Ella_99,rattle121,iter,1,0.25
Fflur_1,bwni933,iter,1,0.25
Fflur_1,bwni936,iter,1,0.25
Fflur_1,bwni939,iter,1,0.25
Fflur_1,bwni942,iter,1,0.25
Fflur_1,bwni943,iter,1,0.25
Fflur_1,eto1317,iter,1,0.25
Fflur_1,fan’cw945,iter,1,0.25
Fflur_1,fan’cw946,iter,1,0.25
Fflur_1,fyna951,iter,1,0.25
Fflur_1,hwnna953,iter,1,0.25
Fflur_1,mwnci962,iter,1,0.25
Fflur_1,mwnci964,iter,1,0.25
Fflur_10,bwni933,iter,1,0.25
Fflur_10,bwni934,iter,1,0.25
Fflur_10,bwni935,iter,1,0.25
Fflur_10,bwni937,iter,1,0.25
Fflur_10,bwni942,iter,1,0.25
Fflur_10,bwni943,iter,1,0.25
Fflur_10,eto1315,iter,1,0.25
Fflur_10,eto1316,iter,1,0.25
Fflur_10,fanna947,iter,1,0.25
Fflur_10,fan’cw945,iter,1,0.25
Fflur_10,fan’cw946,iter,1,0.25
Fflur_10,fyna949,iter,1,0.25
Fflur_10,hwnna954,iter,1,0.25
Fflur_10,mwnci962,iter,1,0.25
Fflur_10,mwnci963,iter,1,0.25
Fflur_100,bwni934,iter,1,0.25
Fflur_100,bwni936,iter,1,0.25
Fflur_100,bwni938,iter,1,0.25
Fflur_100,bwni939,iter,1,0.25
Fflur_100,bwni940,iter,1,0.25
Fflur_100,bwni941,iter,1,0.25
Fflur_100,bwni942,iter,1,0.25
Fflur_100,eto1315,iter,1,0.25
Fflur_100,eto1317,iter,1,0.25
Fflur_100,fanna948,iter,1,0.25
Fflur_100,fyna949,iter,1,0.25
Fflur_100,fyna950,iter,1,0.25
Fflur_100,fyna951,iter,1,0.25
Fflur_100,hwnna953,iter,1,0.25
Fflur_100,hwnna954,iter,1,0.25
Fflur_11,moron957,iter,1,0.25
Fflur_11,moron960,iter,1,0.25
Fflur_12,moron955,iter,1,0.25
Fflur_12,moron959,iter,1,0.25
Fflur_12,moron960,iter,1,0.25
Fflur_13,afal1314,iter,1,0.25
Fflur_13,bwni935,iter,1,0.25
Fflur_13,bwni938,iter,1,0.25
Fflur_13,bwni939,iter,1,0.25
Fflur_13,bwni940,iter,1,0.25
Fflur_13,eto1315,iter,1,0.25
Fflur_13,eto1316,iter,1,0.25
Fflur_13,fanna947,iter,1,0.25
Fflur_13,hwnna952,iter,1,0.25
Fflur_13,hwnna953,iter,1,0.25
Fflur_14,bwni933,iter,1,0.25
Fflur_14,bwni936,iter,1,0.25
Fflur_14,bwni940,iter,1,0.25
Fflur_14,bwni943,iter,1,0.25
Fflur_14,fanna947,iter,1,0.25
Fflur_14,fanna948,iter,1,0.25
Fflur_14,fan’cw946,iter,1,0.25
Fflur_14,fyna949,iter,1,0.25
Fflur_14,fyna950,iter,1,0.25
Fflur_14,fyna951,iter,1,0.25
Fflur_14,mwnci962,iter,1,0.25
Fflur_15,bwni933,iter,1,0.25
Fflur_15,bwni935,iter,1,0.25
Fflur_15,bwni938,iter,1,0.25
Fflur_15,bwni940,iter,1,0.25
Fflur_15,bwni942,iter,1,0.25
Fflur_15,fanna948,iter,1,0.25
Fflur_15,fyna949,iter,1,0.25
Fflur_15,fyna950,iter,1,0.25
Fflur_15,fyna951,iter,1,0.25
Fflur_17,moron955,iter,1,0.25
Fflur_17,moron956,iter,1,0.25
Fflur_17,moron958,iter,1,0.25
Fflur_18,syrthio1452,iter,1,0.25
Fflur_19,bwni933,iter,1,0.25
Fflur_19,bwni937,iter,1,0.25
Fflur_19,bwni941,iter,1,0.25
Fflur_19,fan’cw946,iter,1,0.25
Fflur_19,fyna949,iter,1,0.25
Fflur_19,fyna951,iter,1,0.25
Fflur_19,mwnci964,iter,1,0.25
Fflur_2,bwni934,iter,1,0.25
Fflur_2,bwni936,iter,1,0.25
Fflur_2,bwni937,iter,1,0.25
Fflur_2,bwni941,iter,1,0.25
Fflur_2,eto1315,iter,1,0.25
Fflur_2,eto1316,iter,1,0.25
Fflur_2,fanna948,iter,1,0.25
Fflur_2,fyna950,iter,1,0.25
Fflur_2,hwnna952,iter,1,0.25
Fflur_2,hwnna953,iter,1,0.25
Fflur_2,hwnna954,iter,1,0.25
Fflur_20,moron957,iter,1,0.25
Fflur_20,moron961,iter,1,0.25
Fflur_21,moron958,iter,1,0.25
Fflur_21,moron960,iter,1,0.25
Fflur_22,syrthio1451,iter,1,0.25
Fflur_23,moron958,iter,1,0.25
Fflur_23,moron961,iter,1,0.25
Fflur_24,moron956,iter,1,0.25
Fflur_24,moron960,iter,1,0.25
Fflur_25,moron955,iter,1,0.25
Fflur_26,bwni935,iter,1,0.25
Fflur_26,bwni937,iter,1,0.25
Fflur_26,bwni938,iter,1,0.25
Fflur_26,bwni940,iter,1,0.25
Fflur_26,eto1315,iter,1,0.25
Fflur_26,fanna947,iter,1,0.25
Fflur_26,fanna948,iter,1,0.25
Fflur_26,fan’cw945,iter,1,0.25
Fflur_26,fyna949,iter,1,0.25
Fflur_26,fyna951,iter,1,0.25
Fflur_26,hwnna953,iter,1,0.25
Fflur_26,hwnna954,iter,1,0.25
Fflur_26,mwnci962,iter,1,0.25
Fflur_27,moron956,iter,1,0.25
Fflur_27,moron959,iter,1,0.25
Fflur_28,bwni937,iter,1,0.25
Fflur_28,bwni938,iter,1,0.25
Fflur_28,bwni939,iter,1,0.25
Fflur_28,bwni940,iter,1,0.25
Fflur_28,bwni942,iter,1,0.25
Fflur_28,eto1315,iter,1,0.25
Fflur_28,fyna949,iter,1,0.25
Fflur_28,fyna951,iter,1,0.25
Fflur_28,hwnna952,iter,1,0.25
Fflur_28,hwnna954,iter,1,0.25
Fflur_28,mwnci962,iter,1,0.25
Fflur_28,mwnci963,iter,1,0.25
Fflur_29,moron959,iter,1,0.25
Fflur_29,moron960,iter,1,0.25
Fflur_3,bwni935,iter,1,0.25
Fflur_3,bwni936,iter,1,0.25
Fflur_3,bwni938,iter,1,0.25
Fflur_3,bwni941,iter,1,0.25
Fflur_3,eto1316,iter,1,0.25
Fflur_3,eto1317,iter,1,0.25
Fflur_3,fanna948,iter,1,0.25
Fflur_3,fyna951,iter,1,0.25
Fflur_3,hwnna952,iter,1,0.25
Fflur_3,mwnci962,iter,1,0.25
Fflur_30,afal1314,iter,1,0.25
Fflur_30,bwni933,iter,1,0.25
Fflur_30,bwni934,iter,1,0.25
Fflur_30,bwni941,iter,1,0.25
Fflur_30,bwni942,iter,1,0.25
Fflur_30,eto1316,iter,1,0.25
Fflur_30,fanna947,iter,1,0.25
Fflur_30,fanna948,iter,1,0.25
Fflur_30,fyna951,iter,1,0.25
Fflur_30,hwnna952,iter,1,0.25
Fflur_30,hwnna953,iter,1,0.25
Fflur_31,bwni933,iter,1,0.25
Fflur_31,bwni934,iter,1,0.25
Fflur_31,bwni936,iter,1,0.25
Fflur_31,bwni941,iter,1,0.25
Fflur_31,bwni943,iter,1,0.25
Fflur_31,fan’cw945,iter,1,0.25
Fflur_31,fan’cw946,iter,1,0.25
Fflur_32,moron956,iter,1,0.25
Fflur_32,moron960,iter,1,0.25
Fflur_32,moron961,iter,1,0.25
Fflur_33,bwni935,iter,1,0.25
Fflur_33,bwni936,iter,1,0.25
Fflur_33,bwni938,iter,1,0.25
Fflur_33,bwni939,iter,1,0.25
Fflur_33,bwni940,iter,1,0.25
Fflur_33,bwni942,iter,1,0.25
Fflur_33,bwni943,iter,1,0.25
Fflur_33,fanna948,iter,1,0.25
Fflur_33,fyna951,iter,1,0.25
Fflur_33,hwnna952,iter,1,0.25
Fflur_33,hwnna954,iter,1,0.25
Fflur_33,mwnci962,iter,1,0.25
Fflur_33,mwnci963,iter,1,0.25
Fflur_34,bwni933,iter,1,0.25
Fflur_34,bwni935,iter,1,0.25
Fflur_34,bwni938,iter,1,0.25
Fflur_34,bwni940,iter,1,0.25
Fflur_34,bwni942,iter,1,0.25
Fflur_34,bwni943,iter,1,0.25
Fflur_34,eto1316,iter,1,0.25
Fflur_34,fanna947,iter,1,0.25
Fflur_34,fanna948,iter,1,0.25
Fflur_34,fan’cw946,iter,1,0.25
Fflur_34,mwnci962,iter,1,0.25
Fflur_35,moron956,iter,1,0.25
Fflur_35,moron957,iter,1,0.25
Fflur_35,moron959,iter,1,0.25
Fflur_35,moron961,iter,1,0.25
Fflur_36,bwni934,iter,1,0.25
Fflur_36,bwni935,iter,1,0.25
Fflur_36,bwni936,iter,1,0.25
Fflur_36,bwni937,iter,1,0.25
Fflur_36,bwni942,iter,1,0.25
Fflur_36,eto1315,iter,1,0.25
Fflur_36,eto1317,iter,1,0.25
Fflur_36,fyna950,iter,1,0.25
Fflur_36,fyna951,iter,1,0.25
Fflur_36,hwnna952,iter,1,0.25
Fflur_36,hwnna953,iter,1,0.25
Fflur_36,hwnna954,iter,1,0.25
Fflur_37,afal1314,iter,1,0.25
Fflur_37,bwni934,iter,1,0.25
Fflur_37,bwni935,iter,1,0.25
Fflur_37,bwni937,iter,1,0.25
Fflur_37,bwni938,iter,1,0.25
Fflur_37,bwni942,iter,1,0.25
Fflur_37,eto1316,iter,1,0.25
Fflur_37,fyna949,iter,1,0.25
Fflur_37,fyna950,iter,1,0.25
Fflur_37,hwnna952,iter,1,0.25
Fflur_37,hwnna953,iter,1,0.25
Fflur_37,hwnna954,iter,1,0.25
Fflur_38,bwni934,iter,1,0.25
Fflur_38,bwni938,iter,1,0.25
Fflur_38,bwni940,iter,1,0.25
Fflur_38,bwni942,iter,1,0.25
Fflur_38,bwni943,iter,1,0.25
Fflur_38,eto1317,iter,1,0.25
Fflur_38,fyna950,iter,1,0.25
Fflur_38,fyna951,iter,1,0.25
Fflur_38,hwnna952,iter,1,0.25
Fflur_38,hwnna954,iter,1,0.25
Fflur_4,bwni934,iter,1,0.25
Fflur_4,bwni936,iter,1,0.25
Fflur_4,bwni937,iter,1,0.25
Fflur_4,bwni938,iter,1,0.25
Fflur_4,bwni939,iter,1,0.25
Fflur_4,eto1315,iter,1,0.25
Fflur_4,fanna947,iter,1,0.25
Fflur_4,fyna951,iter,1,0.25
Fflur_4,hwnna952,iter,1,0.25
Fflur_40,bwni933,iter,1,0.25
Fflur_40,bwni934,iter,1,0.25
Fflur_40,bwni937,iter,1,0.25
Fflur_40,bwni938,iter,1,0.25
Fflur_40,bwni939,iter,1,0.25
Fflur_40,bwni940,iter,1,0.25
Fflur_40,bwni942,iter,1,0.25
Fflur_40,eto1317,iter,1,0.25
Fflur_40,fanna948,iter,1,0.25
Fflur_40,fan’cw946,iter,1,0.25
Fflur_40,fyna950,iter,1,0.25
Fflur_40,fyna951,iter,1,0.25
Fflur_40,mwnci963,iter,1,0.25
Fflur_40,mwnci964,iter,1,0.25
Fflur_41,eto1316,iter,1,0.25
Fflur_41,eto1317,iter,1,0.25
Fflur_42,bwni934,iter,1,0.25
Fflur_42,bwni936,iter,1,0.25
Fflur_42,bwni938,iter,1,0.25
Fflur_42,bwni940,iter,1,0.25
Fflur_42,bwni941,iter,1,0.25
Fflur_42,bwni942,iter,1,0.25
Fflur_42,bwni943,iter,1,0.25
Fflur_42,eto1315,iter,1,0.25
Fflur_42,eto1317,iter,1,0.25
Fflur_42,fanna947,iter,1,0.25
Fflur_42,fanna948,iter,1,0.25
Fflur_42,fan’cw946,iter,1,0.25
Fflur_42,mwnci962,iter,1,0.25
Fflur_43,bwni934,iter,1,0.25
Fflur_43,bwni938,iter,1,0.25
Fflur_43,fanna947,iter,1,0.25
Fflur_43,fanna948,iter,1,0.25
Fflur_43,fan’cw945,iter,1,0.25
Fflur_43,fan’cw946,iter,1,0.25
Fflur_43,fyna951,iter,1,0.25
Fflur_43,mwnci964,iter,1,0.25
Fflur_44,bwni933,iter,1,0.25
Fflur_44,bwni935,iter,1,0.25
Fflur_44,bwni936,iter,1,0.25
Fflur_44,bwni939,iter,1,0.25
Fflur_44,bwni941,iter,1,0.25
Fflur_44,bwni942,iter,1,0.25
Fflur_44,eto1315,iter,1,0.25
Fflur_44,eto1317,iter,1,0.25
Fflur_44,fanna947,iter,1,0.25
Fflur_44,fanna948,iter,1,0.25
Fflur_44,fyna951,iter,1,0.25
Fflur_45,bwni935,iter,1,0.25
Fflur_45,bwni937,iter,1,0.25
Fflur_45,bwni938,iter,1,0.25
Fflur_45,bwni940,iter,1,0.25
Fflur_45,bwni941,iter,1,0.25
Fflur_45,bwni943,iter,1,0.25
Fflur_45,eto1315,iter,1,0.25
Fflur_45,eto1317,iter,1,0.25
Fflur_45,fanna948,iter,1,0.25
Fflur_45,fan’cw945,iter,1,0.25
Fflur_45,fan’cw946,iter,1,0.25
Fflur_45,fyna951,iter,1,0.25
Fflur_45,hwnna953,iter,1,0.25
Fflur_45,hwnna954,iter,1,0.25
Fflur_45,mwnci962,iter,1,0.25
Fflur_46,bwni939,iter,1,0.25
Fflur_46,bwni940,iter,1,0.25
Fflur_46,bwni941,iter,1,0.25
Fflur_46,bwni942,iter,1,0.25
Fflur_46,eto1315,iter,1,0.25
Fflur_46,eto1317,iter,1,0.25
Fflur_46,fanna947,iter,1,0.25
Fflur_46,fan’cw945,iter,1,0.25
Fflur_46,hwnna952,iter,1,0.25
Fflur_46,hwnna953,iter,1,0.25
Fflur_46,mwnci962,iter,1,0.25
Fflur_46,mwnci964,iter,1,0.25
Fflur_47,moron957,iter,1,0.25
Fflur_47,moron960,iter,1,0.25
Fflur_47,moron961,iter,1,0.25
Fflur_48,bwni936,iter,1,0.25
Fflur_48,bwni940,iter,1,0.25
Fflur_48,bwni941,iter,1,0.25
Fflur_48,bwni942,iter,1,0.25
Fflur_48,bwni943,iter,1,0.25
Fflur_48,eto1315,iter,1,0.25
Fflur_48,eto1316,iter,1,0.25
Fflur_48,eto1317,iter,1,0.25
Fflur_48,fanna947,iter,1,0.25
Fflur_48,fan’cw945,iter,1,0.25
Fflur_48,fyna949,iter,1,0.25
Fflur_48,fyna950,iter,1,0.25
Fflur_48,hwnna952,iter,1,0.25
Fflur_48,mwnci962,iter,1,0.25
Fflur_48,mwnci963,iter,1,0.25
Fflur_48,mwnci964,iter,1,0.25
Fflur_49,bwni933,iter,1,0.25
Fflur_49,bwni936,iter,1,0.25
Fflur_49,bwni937,iter,1,0.25
Fflur_49,bwni938,iter,1,0.25
Fflur_49,bwni940,iter,1,0.25
Fflur_49,bwni941,iter,1,0.25
Fflur_49,bwni942,iter,1,0.25
Fflur_49,bwni943,iter,1,0.25
Fflur_49,eto1315,iter,1,0.25
Fflur_49,fyna951,iter,1,0.25
Fflur_49,hwnna952,iter,1,0.25
Fflur_49,hwnna954,iter,1,0.25
Fflur_5,bwni933,iter,1,0.25
Fflur_5,bwni936,iter,1,0.25
Fflur_5,bwni938,iter,1,0.25
Fflur_5,bwni939,iter,1,0.25
Fflur_5,bwni940,iter,1,0.25
Fflur_5,bwni941,iter,1,0.25
Fflur_5,bwni942,iter,1,0.25
Fflur_5,bwni943,iter,1,0.25
Fflur_5,eto1316,iter,1,0.25
Fflur_5,eto1317,iter,1,0.25
Fflur_5,fanna948,iter,1,0.25
Fflur_5,fan’cw946,iter,1,0.25
Fflur_5,fyna949,iter,1,0.25
Fflur_5,fyna951,iter,1,0.25
Fflur_5,mwnci962,iter,1,0.25
Fflur_50,bwni935,iter,1,0.25
Fflur_50,bwni936,iter,1,0.25
Fflur_50,bwni937,iter,1,0.25
Fflur_50,bwni940,iter,1,0.25
Fflur_50,bwni942,iter,1,0.25
Fflur_50,eto1315,iter,1,0.25
Fflur_50,fanna947,iter,1,0.25
Fflur_50,fyna950,iter,1,0.25
Fflur_50,hwnna953,iter,1,0.25
Fflur_50,hwnna954,iter,1,0.25
Fflur_51,moron955,iter,1,0.25
Fflur_51,moron956,iter,1,0.25
Fflur_51,moron957,iter,1,0.25
Fflur_51,moron961,iter,1,0.25
Fflur_52,bwni934,iter,1,0.25
Fflur_52,bwni935,iter,1,0.25
Fflur_52,bwni936,iter,1,0.25
Fflur_52,bwni937,iter,1,0.25
Fflur_52,bwni939,iter,1,0.25
Fflur_52,bwni941,iter,1,0.25
Fflur_52,eto1316,iter,1,0.25
Fflur_52,fanna947,iter,1,0.25
Fflur_52,fanna948,iter,1,0.25
Fflur_52,fyna949,iter,1,0.25
Fflur_52,fyna950,iter,1,0.25
Fflur_52,fyna951,iter,1,0.25
Fflur_52,hwnna953,iter,1,0.25
Fflur_52,hwnna954,iter,1,0.25
Fflur_52,mwnci963,iter,1,0.25
Fflur_53,bwni934,iter,1,0.25
Fflur_53,bwni937,iter,1,0.25
Fflur_53,bwni938,iter,1,0.25
Fflur_53,bwni939,iter,1,0.25
Fflur_53,bwni940,iter,1,0.25
Fflur_53,bwni941,iter,1,0.25
Fflur_53,bwni942,iter,1,0.25
Fflur_53,eto1316,iter,1,0.25
Fflur_53,eto1317,iter,1,0.25
Fflur_53,fyna949,iter,1,0.25
Fflur_53,fyna950,iter,1,0.25
Fflur_53,hwnna953,iter,1,0.25
Fflur_54,moron956,iter,1,0.25
Fflur_54,moron957,iter,1,0.25
Fflur_55,bwni933,iter,1,0.25
Fflur_55,bwni934,iter,1,0.25
Fflur_55,bwni935,iter,1,0.25
Fflur_55,bwni936,iter,1,0.25
Fflur_55,bwni937,iter,1,0.25
Fflur_55,bwni939,iter,1,0.25
Fflur_55,bwni940,iter,1,0.25
Fflur_55,bwni941,iter,1,0.25
Fflur_55,bwni943,iter,1,0.25
Fflur_55,eto1315,iter,1,0.25
Fflur_55,eto1317,iter,1,0.25
Fflur_55,fan’cw946,iter,1,0.25
Fflur_55,fyna951,iter,1,0.25
Fflur_55,hwnna953,iter,1,0.25
Fflur_55,mwnci964,iter,1,0.25
Fflur_56,moron959,iter,1,0.25
Fflur_56,moron960,iter,1,0.25
Fflur_57,bwni934,iter,1,0.25
Fflur_57,bwni935,iter,1,0.25
Fflur_57,bwni938,iter,1,0.25
Fflur_57,bwni943,iter,1,0.25
Fflur_57,eto1317,iter,1,0.25
Fflur_57,fan’cw945,iter,1,0.25
Fflur_57,fyna949,iter,1,0.25
Fflur_57,fyna950,iter,1,0.25
Fflur_57,fyna951,iter,1,0.25
Fflur_57,hwnna954,iter,1,0.25
Fflur_57,mwnci963,iter,1,0.25
Fflur_58,bwni933,iter,1,0.25
Fflur_58,bwni934,iter,1,0.25
Fflur_58,bwni937,iter,1,0.25
Fflur_58,bwni938,iter,1,0.25
Fflur_58,bwni942,iter,1,0.25
Fflur_58,bwni943,iter,1,0.25
Fflur_58,fyna949,iter,1,0.25
Fflur_58,fyna950,iter,1,0.25
Fflur_58,fyna951,iter,1,0.25
Fflur_58,mwnci962,iter,1,0.25
Fflur_58,mwnci963,iter,1,0.25
Fflur_58,mwnci964,iter,1,0.25
Fflur_60,bwni933,iter,1,0.25
Fflur_60,bwni934,iter,1,0.25
Fflur_60,bwni936,iter,1,0.25
Fflur_60,bwni937,iter,1,0.25
Fflur_60,bwni938,iter,1,0.25
Fflur_60,bwni941,iter,1,0.25
Fflur_60,fanna947,iter,1,0.25
Fflur_60,fan’cw946,iter,1,0.25
Fflur_60,fyna949,iter,1,0.25
Fflur_60,fyna951,iter,1,0.25
Fflur_60,hwnna952,iter,1,0.25
Fflur_60,hwnna953,iter,1,0.25
Fflur_61,bwni933,iter,1,0.25
Fflur_61,bwni938,iter,1,0.25
Fflur_61,bwni939,iter,1,0.25
Fflur_61,bwni940,iter,1,0.25
Fflur_61,bwni941,iter,1,0.25
Fflur_61,eto1315,iter,1,0.25
Fflur_61,eto1316,iter,1,0.25
Fflur_61,hwnna954,iter,1,0.25
Fflur_62,bwni933,iter,1,0.25
Fflur_62,bwni935,iter,1,0.25
Fflur_62,bwni938,iter,1,0.25
Fflur_62,bwni940,iter,1,0.25
Fflur_62,eto1315,iter,1,0.25
Fflur_62,eto1316,iter,1,0.25
Fflur_62,fan’cw945,iter,1,0.25
Fflur_62,fan’cw946,iter,1,0.25
Fflur_62,fyna949,iter,1,0.25
Fflur_62,fyna950,iter,1,0.25
Fflur_62,fyna951,iter,1,0.25
Fflur_62,mwnci962,iter,1,0.25
Fflur_62,mwnci964,iter,1,0.25
Fflur_63,bwni934,iter,1,0.25
Fflur_63,bwni936,iter,1,0.25
Fflur_63,bwni938,iter,1,0.25
Fflur_63,bwni940,iter,1,0.25
Fflur_63,bwni941,iter,1,0.25
Fflur_63,bwni942,iter,1,0.25
Fflur_63,fanna948,iter,1,0.25
Fflur_63,fyna949,iter,1,0.25
Fflur_63,fyna950,iter,1,0.25
Fflur_63,mwnci962,iter,1,0.25
Fflur_63,mwnci963,iter,1,0.25
Fflur_63,mwnci964,iter,1,0.25
Fflur_64,moron956,iter,1,0.25
Fflur_64,moron957,iter,1,0.25
Fflur_64,moron958,iter,1,0.25
Fflur_65,moron955,iter,1,0.25
Fflur_65,moron957,iter,1,0.25
Fflur_65,moron958,iter,1,0.25
Fflur_65,moron959,iter,1,0.25
Fflur_65,moron961,iter,1,0.25
Fflur_66,moron955,iter,1,0.25
Fflur_66,moron958,iter,1,0.25
Fflur_66,moron961,iter,1,0.25
Fflur_68,bwni933,iter,1,0.25
Fflur_68,bwni934,iter,1,0.25
Fflur_68,bwni935,iter,1,0.25
Fflur_68,bwni938,iter,1,0.25
Fflur_68,bwni940,iter,1,0.25
Fflur_68,bwni941,iter,1,0.25
Fflur_68,eto1315,iter,1,0.25
Fflur_68,eto1316,iter,1,0.25
Fflur_68,fanna948,iter,1,0.25
Fflur_68,fan’cw945,iter,1,0.25
Fflur_68,fan’cw946,iter,1,0.25
Fflur_68,fyna950,iter,1,0.25
Fflur_68,hwnna953,iter,1,0.25
Fflur_68,mwnci963,iter,1,0.25
Fflur_69,syrthio1451,iter,1,0.25
Fflur_69,syrthio1452,iter,1,0.25
Fflur_7,bwni933,iter,1,0.25
Fflur_7,bwni938,iter,1,0.25
Fflur_7,bwni939,iter,1,0.25
Fflur_7,bwni941,iter,1,0.25
Fflur_7,fan’cw946,iter,1,0.25
Fflur_7,fyna949,iter,1,0.25
Fflur_7,fyna951,iter,1,0.25
Fflur_7,mwnci963,iter,1,0.25
Fflur_7,mwnci964,iter,1,0.25
Fflur_70,bwni934,iter,1,0.25
Fflur_70,bwni935,iter,1,0.25
Fflur_70,bwni936,iter,1,0.25
Fflur_70,bwni937,iter,1,0.25
Fflur_70,bwni939,iter,1,0.25
Fflur_70,bwni940,iter,1,0.25
Fflur_70,bwni942,iter,1,0.25
Fflur_70,eto1316,iter,1,0.25
Fflur_70,fanna947,iter,1,0.25
Fflur_70,fanna948,iter,1,0.25
Fflur_70,fyna951,iter,1,0.25
Fflur_70,hwnna952,iter,1,0.25
Fflur_70,hwnna953,iter,1,0.25
Fflur_70,mwnci962,iter,1,0.25
Fflur_70,mwnci963,iter,1,0.25
Fflur_71,bwni935,iter,1,0.25
Fflur_71,bwni937,iter,1,0.25
Fflur_71,bwni938,iter,1,0.25
Fflur_71,bwni939,iter,1,0.25
Fflur_71,bwni943,iter,1,0.25
Fflur_71,eto1315,iter,1,0.25
Fflur_71,eto1317,iter,1,0.25
Fflur_71,fanna948,iter,1,0.25
Fflur_71,fyna949,iter,1,0.25
Fflur_71,hwnna952,iter,1,0.25
Fflur_71,mwnci963,iter,1,0.25
Fflur_71,mwnci964,iter,1,0.25
Fflur_72,afal1314,iter,1,0.25
Fflur_72,bwni934,iter,1,0.25
Fflur_72,bwni938,iter,1,0.25
Fflur_72,bwni940,iter,1,0.25
Fflur_72,bwni941,iter,1,0.25
Fflur_72,eto1315,iter,1,0.25
Fflur_72,eto1316,iter,1,0.25
Fflur_72,eto1317,iter,1,0.25
Fflur_72,fanna948,iter,1,0.25
Fflur_72,fyna949,iter,1,0.25
Fflur_72,fyna951,iter,1,0.25
Fflur_72,hwnna952,iter,1,0.25
Fflur_72,hwnna953,iter,1,0.25
Fflur_73,syrthio1453,iter,1,0.25
Fflur_74,bwni939,iter,1,0.25
Fflur_74,bwni942,iter,1,0.25
Fflur_74,bwni943,iter,1,0.25
Fflur_74,fanna947,iter,1,0.25
Fflur_74,fyna951,iter,1,0.25
Fflur_74,hwnna952,iter,1,0.25
Fflur_74,hwnna953,iter,1,0.25
Fflur_74,hwnna954,iter,1,0.25
Fflur_75,bwni935,iter,1,0.25
Fflur_75,bwni937,iter,1,0.25
Fflur_75,bwni941,iter,1,0.25
Fflur_75,bwni942,iter,1,0.25
Fflur_75,bwni943,iter,1,0.25
Fflur_75,eto1317,iter,1,0.25
Fflur_75,fan’cw946,iter,1,0.25
Fflur_75,fyna949,iter,1,0.25
Fflur_75,fyna950,iter,1,0.25
Fflur_75,fyna951,iter,1,0.25
Fflur_75,hwnna952,iter,1,0.25
Fflur_75,hwnna954,iter,1,0.25
Fflur_75,mwnci963,iter,1,0.25
Fflur_76,bwni933,iter,1,0.25
Fflur_76,bwni936,iter,1,0.25
Fflur_76,bwni937,iter,1,0.25
Fflur_76,bwni940,iter,1,0.25
Fflur_76,bwni941,iter,1,0.25
Fflur_76,eto1316,iter,1,0.25
Fflur_76,eto1317,iter,1,0.25
Fflur_76,fanna947,iter,1,0.25
Fflur_76,fan’cw946,iter,1,0.25
Fflur_76,fyna949,iter,1,0.25
Fflur_76,fyna950,iter,1,0.25
Fflur_76,hwnna953,iter,1,0.25
Fflur_76,mwnci963,iter,1,0.25
Fflur_76,mwnci964,iter,1,0.25
Fflur_77,bwni933,iter,1,0.25
Fflur_77,bwni934,iter,1,0.25
Fflur_77,bwni935,iter,1,0.25
Fflur_77,bwni936,iter,1,0.25
Fflur_77,bwni940,iter,1,0.25
Fflur_77,bwni941,iter,1,0.25
Fflur_77,eto1315,iter,1,0.25
Fflur_77,eto1316,iter,1,0.25
Fflur_77,fanna947,iter,1,0.25
Fflur_77,fan’cw946,iter,1,0.25
Fflur_77,fyna949,iter,1,0.25
Fflur_77,fyna950,iter,1,0.25
Fflur_77,mwnci963,iter,1,0.25
Fflur_78,moron957,iter,1,0.25
Fflur_78,moron960,iter,1,0.25
Fflur_79,bwni935,iter,1,0.25
Fflur_79,bwni936,iter,1,0.25
Fflur_79,bwni937,iter,1,0.25
Fflur_79,bwni938,iter,1,0.25
Fflur_79,bwni942,iter,1,0.25
Fflur_79,bwni943,iter,1,0.25
Fflur_79,eto1317,iter,1,0.25
Fflur_79,fanna947,iter,1,0.25
Fflur_79,fan’cw945,iter,1,0.25
Fflur_79,fan’cw946,iter,1,0.25
Fflur_79,fyna950,iter,1,0.25
Fflur_79,hwnna952,iter,1,0.25
Fflur_79,hwnna953,iter,1,0.25
Fflur_79,mwnci962,iter,1,0.25
Fflur_8,bwni934,iter,1,0.25
Fflur_8,bwni937,iter,1,0.25
Fflur_8,bwni939,iter,1,0.25
Fflur_8,bwni943,iter,1,0.25
Fflur_8,eto1316,iter,1,0.25
Fflur_8,eto1317,iter,1,0.25
Fflur_8,fanna948,iter,1,0.25
Fflur_8,fyna951,iter,1,0.25
Fflur_8,hwnna952,iter,1,0.25
Fflur_8,mwnci963,iter,1,0.25
Fflur_8,mwnci964,iter,1,0.25
Fflur_81,bwni933,iter,1,0.25
Fflur_81,bwni936,iter,1,0.25
Fflur_81,bwni940,iter,1,0.25
Fflur_81,bwni943,iter,1,0.25
Fflur_81,fanna948,iter,1,0.25
Fflur_81,fyna949,iter,1,0.25
Fflur_81,fyna950,iter,1,0.25
Fflur_81,fyna951,iter,1,0.25
Fflur_81,hwnna954,iter,1,0.25
Fflur_82,moron955,iter,1,0.25
Fflur_82,moron956,iter,1,0.25
Fflur_82,moron957,iter,1,0.25
Fflur_82,moron959,iter,1,0.25
Fflur_82,moron961,iter,1,0.25
Fflur_83,bwni933,iter,1,0.25
Fflur_83,bwni935,iter,1,0.25
Fflur_83,bwni937,iter,1,0.25
Fflur_83,bwni939,iter,1,0.25
Fflur_83,bwni940,iter,1,0.25
Fflur_83,fanna947,iter,1,0.25
Fflur_83,fanna948,iter,1,0.25
Fflur_83,fan’cw945,iter,1,0.25
Fflur_83,fyna949,iter,1,0.25
Fflur_83,fyna950,iter,1,0.25
Fflur_83,mwnci962,iter,1,0.25
Fflur_83,mwnci963,iter,1,0.25
Fflur_84,eto1315,iter,1,0.25
Fflur_85,syrthio1451,iter,1,0.25
Fflur_85,syrthio1452,iter,1,0.25
Fflur_86,bwni933,iter,1,0.25
Fflur_86,bwni934,iter,1,0.25
Fflur_86,bwni935,iter,1,0.25
Fflur_86,bwni936,iter,1,0.25
Fflur_86,bwni940,iter,1,0.25
Fflur_86,bwni941,iter,1,0.25
Fflur_86,bwni942,iter,1,0.25
Fflur_86,eto1315,iter,1,0.25
Fflur_86,fanna947,iter,1,0.25
Fflur_86,fanna948,iter,1,0.25
Fflur_86,fan’cw945,iter,1,0.25
Fflur_86,fyna949,iter,1,0.25
Fflur_86,hwnna953,iter,1,0.25
Fflur_86,hwnna954,iter,1,0.25
Fflur_86,mwnci962,iter,1,0.25
Fflur_87,bwni935,iter,1,0.25
Fflur_87,bwni937,iter,1,0.25
Fflur_87,bwni940,iter,1,0.25
Fflur_87,bwni941,iter,1,0.25
Fflur_87,bwni943,iter,1,0.25
Fflur_87,eto1315,iter,1,0.25
Fflur_87,fanna948,iter,1,0.25
Fflur_87,fan’cw945,iter,1,0.25
Fflur_87,fyna949,iter,1,0.25
Fflur_87,fyna951,iter,1,0.25
Fflur_87,hwnna952,iter,1,0.25
Fflur_87,hwnna954,iter,1,0.25
Fflur_89,bwni933,iter,1,0.25
Fflur_89,bwni937,iter,1,0.25
Fflur_89,bwni939,iter,1,0.25
Fflur_89,fanna948,iter,1,0.25
Fflur_89,fyna950,iter,1,0.25
Fflur_89,fyna951,iter,1,0.25
Fflur_89,mwnci962,iter,1,0.25
Fflur_89,mwnci963,iter,1,0.25
Fflur_9,bwni937,iter,1,0.25
Fflur_9,bwni940,iter,1,0.25
Fflur_9,bwni941,iter,1,0.25
Fflur_9,fanna948,iter,1,0.25
Fflur_9,fan’cw945,iter,1,0.25
Fflur_9,fyna949,iter,1,0.25
Fflur_9,mwnci962,iter,1,0.25
Fflur_90,afal1314,iter,1,0.25
Fflur_90,bwni934,iter,1,0.25
Fflur_90,bwni935,iter,1,0.25
Fflur_90,bwni937,iter,1,0.25
Fflur_90,bwni940,iter,1,0.25
Fflur_90,bwni942,iter,1,0.25
Fflur_90,eto1315,iter,1,0.25
Fflur_90,eto1317,iter,1,0.25
Fflur_90,fanna947,iter,1,0.25
Fflur_90,fanna948,iter,1,0.25
Fflur_90,fyna951,iter,1,0.25
Fflur_91,bwni933,iter,1,0.25
Fflur_91,bwni935,iter,1,0.25
Fflur_91,bwni937,iter,1,0.25
Fflur_91,bwni941,iter,1,0.25
Fflur_91,fan’cw946,iter,1,0.25
Fflur_91,fyna949,iter,1,0.25
Fflur_91,mwnci962,iter,1,0.25
Fflur_91,mwnci963,iter,1,0.25
Fflur_91,mwnci964,iter,1,0.25
Fflur_92,bwni936,iter,1,0.25
Fflur_92,bwni937,iter,1,0.25
Fflur_92,bwni938,iter,1,0.25
Fflur_92,bwni941,iter,1,0.25
Fflur_92,bwni943,iter,1,0.25
Fflur_92,eto1315,iter,1,0.25
Fflur_92,fanna947,iter,1,0.25
Fflur_92,fyna949,iter,1,0.25
Fflur_92,hwnna953,iter,1,0.25
Fflur_92,hwnna954,iter,1,0.25
Fflur_93,bwni935,iter,1,0.25
Fflur_93,bwni938,iter,1,0.25
Fflur_93,bwni940,iter,1,0.25
Fflur_93,bwni941,iter,1,0.25
Fflur_93,bwni942,iter,1,0.25
Fflur_93,eto1315,iter,1,0.25
Fflur_93,fanna948,iter,1,0.25
Fflur_93,fyna951,iter,1,0.25
Fflur_93,hwnna952,iter,1,0.25
Fflur_95,bwni933,iter,1,0.25
Fflur_95,bwni937,iter,1,0.25
Fflur_95,bwni942,iter,1,0.25
Fflur_95,bwni943,iter,1,0.25
Fflur_95,eto1315,iter,1,0.25
Fflur_95,eto1316,iter,1,0.25
Fflur_95,fanna947,iter,1,0.25
Fflur_95,fyna950,iter,1,0.25
Fflur_95,hwnna953,iter,1,0.25
Fflur_95,hwnna954,iter,1,0.25
Fflur_95,mwnci962,iter,1,0.25
Fflur_95,mwnci963,iter,1,0.25
Fflur_95,mwnci964,iter,1,0.25
Fflur_96,bwni935,iter,1,0.25
Fflur_96,bwni937,iter,1,0.25
Fflur_96,bwni938,iter,1,0.25
Fflur_96,bwni939,iter,1,0.25
Fflur_96,bwni940,iter,1,0.25
Fflur_96,bwni941,iter,1,0.25
Fflur_96,bwni942,iter,1,0.25
Fflur_96,bwni943,iter,1,0.25
Fflur_96,eto1315,iter,1,0.25
Fflur_96,eto1317,iter,1,0.25
Fflur_96,fyna951,iter,1,0.25
Fflur_96,hwnna954,iter,1,0.25
Fflur_96,mwnci963,iter,1,0.25
Fflur_96,mwnci964,iter,1,0.25
Fflur_98,bwni934,iter,1,0.25
Fflur_98,fanna947,iter,1,0.25
Fflur_98,fanna948,iter,1,0.25
Fflur_98,fan’cw945,iter,1,0.25
Fflur_98,fyna950,iter,1,0.25
Fflur_98,mwnci963,iter,1,0.25
Fflur_98,mwnci964,iter,1,0.25
Fflur_99,bwni934,iter,1,0.25
Fflur_99,bwni937,iter,1,0.25
Fflur_99,bwni940,iter,1,0.25
Fflur_99,bwni942,iter,1,0.25
Fflur_99,fanna948,iter,1,0.25
Fflur_99,fyna949,iter,1,0.25
Fflur_99,fyna951,iter,1,0.25
Fflur_99,mwnci962,iter,1,0.25
Gaël_1,bébé10,iter,1,0.25
Gaël_1,c'est ça15,iter,1,0.25
Gaël_1,c'est ça18,iter,1,0.25
Gaël_1,c'est ça23,iter,1,0.25
Gaël_1,c'est ça28,iter,1,0.25
Gaël_1,c'est ça29,iter,1,0.25
Gaël_1,chercher1340,iter,1,0.25
Gaël_1,grelot38,iter,1,0.25
Gaël_1,ici1038,iter,1,0.25
Gaël_1,là bas40,iter,1,0.25
Gaël_1,ouvrir1044,iter,1,0.25
Gaël_1,papa50,iter,1,0.25
Gaël_1,papa51,iter,1,0.25
Gaël_10,ballon1,iter,1,0.25
Gaël_10,bébé11,iter,1,0.25
Gaël_10,bébé12,iter,1,0.25
Gaël_10,bébé13,iter,1,0.25
Gaël_10,bébé7,iter,1,0.25
Gaël_10,c'est ça15,iter,1,0.25
Gaël_10,c'est ça20,iter,1,0.25
Gaël_10,chercher1341,iter,1,0.25
Gaël_10,dedans36,iter,1,0.25
Gaël_10,dormir1343,iter,1,0.25
Gaël_10,là bas39,iter,1,0.25
Gaël_10,maman43,iter,1,0.25
Gaël_10,maman45,iter,1,0.25
Gaël_10,maman48,iter,1,0.25
Gaël_10,ouvrir1039,iter,1,0.25
Gaël_10,ouvrir1044,iter,1,0.25
Gaël_10,papa51,iter,1,0.25
Gaël_10,papa52,iter,1,0.25
Gaël_100,bébé13,iter,1,0.25
Gaël_100,bébé9,iter,1,0.25
Gaël_100,c'est ça18,iter,1,0.25
Gaël_100,c'est ça19,iter,1,0.25
Gaël_100,c'est ça21,iter,1,0.25
Gaël_100,c'est ça27,iter,1,0.25
Gaël_100,c'est ça29,iter,1,0.25
Gaël_100,c'est ça30,iter,1,0.25
Gaël_100,c'est ça31,iter,1,0.25
Gaël_100,casser34,iter,1,0.25
Gaël_100,dedans36,iter,1,0.25
Gaël_100,ici1038,iter,1,0.25
Gaël_100,là bas40,iter,1,0.25
Gaël_100,maman48,iter,1,0.25
Gaël_100,maman49,iter,1,0.25
Gaël_100,ouvrir1039,iter,1,0.25
Gaël_100,ouvrir1043,iter,1,0.25
Gaël_100,ouvrir1044,iter,1,0.25
Gaël_100,écrit1035,iter,1,0.25
Gaël_11,bébé11,iter,1,0.25
Gaël_11,bébé4,iter,1,0.25
Gaël_11,bébé5,iter,1,0.25
Gaël_11,c'est ça14,iter,1,0.25
Gaël_11,c'est ça17,iter,1,0.25
Gaël_11,c'est ça22,iter,1,0.25
Gaël_11,c'est ça24,iter,1,0.25
Gaël_11,c'est ça25,iter,1,0.25
Gaël_11,c'est ça30,iter,1,0.25
Gaël_11,chercher1342,iter,1,0.25
Gaël_11,dormir1343,iter,1,0.25
Gaël_11,maman43,iter,1,0.25
Gaël_11,maman45,iter,1,0.25
Gaël_11,maman47,iter,1,0.25
Gaël_11,ouvrir1041,iter,1,0.25
Gaël_11,ouvrir1042,iter,1,0.25
Gaël_11,papa52,iter,1,0.25
Gaël_11,écrit1035,iter,1,0.25
Gaël_11,écrit1036,iter,1,0.25
Gaël_12,bébé11,iter,1,0.25
Gaël_12,bébé13,iter,1,0.25
Gaël_12,bébé3,iter,1,0.25
Gaël_12,bébé7,iter,1,0.25
Gaël_12,bébé8,iter,1,0.25
Gaël_12,c'est ça24,iter,1,0.25
Gaël_12,c'est ça27,iter,1,0.25
Gaël_12,c'est ça31,iter,1,0.25
Gaël_12,chercher1340,iter,1,0.25
Gaël_12,ici1038,iter,1,0.25
Gaël_12,là bas40,iter,1,0.25
Gaël_12,maman44,iter,1,0.25
Gaël_12,maman45,iter,1,0.25
Gaël_12,maman47,iter,1,0.25
Gaël_12,maman49,iter,1,0.25
Gaël_12,ouvrir1040,iter,1,0.25
Gaël_12,papa50,iter,1,0.25
Gaël_13,ballon1,iter,1,0.25
Gaël_13,bébé10,iter,1,0.25
Gaël_13,c'est ça15,iter,1,0.25
Gaël_13,c'est ça17,iter,1,0.25
Gaël_13,c'est ça19,iter,1,0.25
Gaël_13,c'est ça21,iter,1,0.25
Gaël_13,c'est ça23,iter,1,0.25
Gaël_13,c'est ça30,iter,1,0.25
Gaël_13,dodo37,iter,1,0.25
Gaël_13,là bas40,iter,1,0.25
Gaël_13,ouvrir1039,iter,1,0.25
Gaël_13,ouvrir1043,iter,1,0.25
Gaël_13,papa50,iter,1,0.25
Gaël_13,papa51,iter,1,0.25
Gaël_13,tout seul53,iter,1,0.25
Gaël_13,voiture54,iter,1,0.25
Gaël_13,voiture55,iter,1,0.25
Gaël_14,bébé10,iter,1,0.25
Gaël_14,bébé11,iter,1,0.25
Gaël_14,grelot38,iter,1,0.25
Gaël_14,maman43,iter,1,0.25
Gaël_14,maman44,iter,1,0.25
Gaël_14,maman46,iter,1,0.25
Gaël_14,maman47,iter,1,0.25
Gaël_14,ouvrir1039,iter,1,0.25
Gaël_15,bébé2,iter,1,0.25
Gaël_15,bébé6,iter,1,0.25
Gaël_15,bébé9,iter,1,0.25
Gaël_15,c'est ça20,iter,1,0.25
Gaël_15,c'est ça22,iter,1,0.25
Gaël_15,c'est ça26,iter,1,0.25
Gaël_15,c'est ça27,iter,1,0.25
Gaël_15,c'est ça29,iter,1,0.25
Gaël_15,casser34,iter,1,0.25
Gaël_15,casser35,iter,1,0.25
Gaël_15,chercher1341,iter,1,0.25
Gaël_15,chercher1342,iter,1,0.25
Gaël_15,ici1037,iter,1,0.25
Gaël_15,maman44,iter,1,0.25
Gaël_15,maman45,iter,1,0.25
Gaël_15,ouvrir1041,iter,1,0.25
Gaël_15,papa52,iter,1,0.25
Gaël_16,ballon1,iter,1,0.25
Gaël_16,bébé11,iter,1,0.25
Gaël_16,bébé5,iter,1,0.25
Gaël_16,bébé8,iter,1,0.25
Gaël_16,c'est ça23,iter,1,0.25
Gaël_16,c'est ça30,iter,1,0.25
Gaël_16,c'est ça31,iter,1,0.25
Gaël_16,c'est ça33,iter,1,0.25
Gaël_16,casser34,iter,1,0.25
Gaël_16,casser35,iter,1,0.25
Gaël_16,chercher1340,iter,1,0.25
Gaël_16,chercher1342,iter,1,0.25
Gaël_16,dedans36,iter,1,0.25
Gaël_16,maman44,iter,1,0.25
Gaël_16,maman46,iter,1,0.25
Gaël_16,maman49,iter,1,0.25
Gaël_16,ouvrir1039,iter,1,0.25
Gaël_16,ouvrir1041,iter,1,0.25
Gaël_17,ballon1,iter,1,0.25
Gaël_17,bébé4,iter,1,0.25
Gaël_17,bébé6,iter,1,0.25
Gaël_17,bébé7,iter,1,0.25
Gaël_17,c'est ça15,iter,1,0.25
Gaël_17,c'est ça16,iter,1,0.25
Gaël_17,c'est ça20,iter,1,0.25
Gaël_17,c'est ça27,iter,1,0.25
Gaël_17,c'est ça32,iter,1,0.25
Gaël_17,dedans36,iter,1,0.25
Gaël_17,dormir1343,iter,1,0.25
Gaël_17,là bas39,iter,1,0.25
Gaël_17,là bas40,iter,1,0.25
Gaël_17,maman46,iter,1,0.25
Gaël_17,maman48,iter,1,0.25
Gaël_17,ouvrir1040,iter,1,0.25
Gaël_17,ouvrir1043,iter,1,0.25
Gaël_17,ouvrir1044,iter,1,0.25
Gaël_17,écrit1036,iter,1,0.25
Gaël_18,bébé13,iter,1,0.25
Gaël_18,bébé3,iter,1,0.25
Gaël_18,bébé4,iter,1,0.25
Gaël_18,bébé5,iter,1,0.25
Gaël_18,c'est ça19,iter,1,0.25
Gaël_18,c'est ça20,iter,1,0.25
Gaël_18,c'est ça23,iter,1,0.25
Gaël_18,casser35,iter,1,0.25
Gaël_18,chercher1341,iter,1,0.25
Gaël_18,chercher1342,iter,1,0.25
Gaël_18,dodo37,iter,1,0.25
Gaël_18,ouvrir1040,iter,1,0.25
Gaël_18,ouvrir1043,iter,1,0.25
Gaël_18,papa50,iter,1,0.25
Gaël_18,papa51,iter,1,0.25
Gaël_18,écrit1035,iter,1,0.25
Gaël_18,écrit1036,iter,1,0.25
Gaël_19,bébé7,iter,1,0.25
Gaël_19,bébé8,iter,1,0.25
Gaël_19,c'est ça15,iter,1,0.25
Gaël_19,c'est ça16,iter,1,0.25
Gaël_19,c'est ça17,iter,1,0.25
Gaël_19,c'est ça20,iter,1,0.25
Gaël_19,c'est ça22,iter,1,0.25
Gaël_19,c'est ça27,iter,1,0.25
Gaël_19,dedans36,iter,1,0.25
Gaël_19,ici1037,iter,1,0.25
Gaël_19,là bas40,iter,1,0.25
Gaël_19,ouvrir1039,iter,1,0.25
Gaël_19,ouvrir1041,iter,1,0.25
Gaël_19,tout seul53,iter,1,0.25
Gaël_19,voiture54,iter,1,0.25
Gaël_19,écrit1036,iter,1,0.25
Gaël_2,ballon1,iter,1,0.25
Gaël_2,bébé11,iter,1,0.25
Gaël_2,bébé3,iter,1,0.25
Gaël_2,bébé7,iter,1,0.25
Gaël_2,c'est ça19,iter,1,0.25
Gaël_2,c'est ça21,iter,1,0.25
Gaël_2,c'est ça24,iter,1,0.25
Gaël_2,c'est ça25,iter,1,0.25
Gaël_2,c'est ça26,iter,1,0.25
Gaël_2,c'est ça27,iter,1,0.25
Gaël_2,c'est ça28,iter,1,0.25
Gaël_2,c'est ça30,iter,1,0.25
Gaël_2,casser34,iter,1,0.25
Gaël_2,chercher1341,iter,1,0.25
Gaël_2,chercher1342,iter,1,0.25
Gaël_2,dedans36,iter,1,0.25
Gaël_2,voiture54,iter,1,0.25
Gaël_20,bébé11,iter,1,0.25
Gaël_20,bébé3,iter,1,0.25
Gaël_20,bébé6,iter,1,0.25
Gaël_20,bébé7,iter,1,0.25
Gaël_20,bébé9,iter,1,0.25
Gaël_20,c'est ça19,iter,1,0.25
Gaël_20,c'est ça31,iter,1,0.25
Gaël_20,chercher1340,iter,1,0.25
Gaël_20,ici1037,iter,1,0.25
Gaël_20,là bas39,iter,1,0.25
Gaël_20,maman43,iter,1,0.25
Gaël_20,maman46,iter,1,0.25
Gaël_20,maman47,iter,1,0.25
Gaël_20,maman48,iter,1,0.25
Gaël_20,maman49,iter,1,0.25
Gaël_20,ouvrir1040,iter,1,0.25
Gaël_20,papa52,iter,1,0.25
Gaël_21,ballon1,iter,1,0.25
Gaël_21,bébé11,iter,1,0.25
Gaël_21,bébé12,iter,1,0.25
Gaël_21,bébé5,iter,1,0.25
Gaël_21,bébé6,iter,1,0.25
Gaël_21,bébé8,iter,1,0.25
Gaël_21,c'est ça14,iter,1,0.25
Gaël_21,c'est ça17,iter,1,0.25
Gaël_21,c'est ça27,iter,1,0.25
Gaël_21,c'est ça31,iter,1,0.25
Gaël_21,c'est ça33,iter,1,0.25
Gaël_21,casser34,iter,1,0.25
Gaël_21,chercher1341,iter,1,0.25
Gaël_21,chercher1342,iter,1,0.25
Gaël_21,dodo37,iter,1,0.25
Gaël_21,ici1037,iter,1,0.25
Gaël_21,ouvrir1040,iter,1,0.25
Gaël_21,ouvrir1043,iter,1,0.25
Gaël_22,bébé12,iter,1,0.25
Gaël_22,bébé5,iter,1,0.25
Gaël_22,bébé8,iter,1,0.25
Gaël_22,c'est ça14,iter,1,0.25
Gaël_22,c'est ça28,iter,1,0.25
Gaël_22,c'est ça30,iter,1,0.25
Gaël_22,c'est ça31,iter,1,0.25
Gaël_22,casser34,iter,1,0.25
Gaël_22,chercher1341,iter,1,0.25
Gaël_22,dedans36,iter,1,0.25
Gaël_22,ici1038,iter,1,0.25
Gaël_22,ouvrir1040,iter,1,0.25
Gaël_22,papa50,iter,1,0.25
Gaël_22,voiture54,iter,1,0.25
Gaël_22,écrit1035,iter,1,0.25
Gaël_22,écrit1036,iter,1,0.25
Gaël_23,bébé10,iter,1,0.25
Gaël_23,bébé2,iter,1,0.25
Gaël_23,bébé6,iter,1,0.25
Gaël_23,c'est ça14,iter,1,0.25
Gaël_23,c'est ça17,iter,1,0.25
Gaël_23,c'est ça25,iter,1,0.25
Gaël_23,c'est ça30,iter,1,0.25
Gaël_23,c'est ça32,iter,1,0.25
Gaël_23,chercher1341,iter,1,0.25
Gaël_23,dedans36,iter,1,0.25
Gaël_23,dodo37,iter,1,0.25
Gaël_23,maman44,iter,1,0.25
Gaël_23,maman46,iter,1,0.25
Gaël_23,ouvrir1039,iter,1,0.25
Gaël_23,ouvrir1042,iter,1,0.25
Gaël_23,ouvrir1044,iter,1,0.25
Gaël_23,papa51,iter,1,0.25
Gaël_23,papa52,iter,1,0.25
Gaël_24,bébé10,iter,1,0.25
Gaël_24,bébé13,iter,1,0.25
Gaël_24,c'est ça14,iter,1,0.25
Gaël_24,c'est ça20,iter,1,0.25
Gaël_24,c'est ça21,iter,1,0.25
Gaël_24,c'est ça23,iter,1,0.25
Gaël_24,c'est ça25,iter,1,0.25
Gaël_24,c'est ça27,iter,1,0.25
Gaël_24,c'est ça29,iter,1,0.25
Gaël_24,casser34,iter,1,0.25
Gaël_24,dedans36,iter,1,0.25
Gaël_24,dodo37,iter,1,0.25
Gaël_24,ici1037,iter,1,0.25
Gaël_24,ici1038,iter,1,0.25
Gaël_24,ouvrir1039,iter,1,0.25
Gaël_24,ouvrir1041,iter,1,0.25
Gaël_24,ouvrir1043,iter,1,0.25
Gaël_25,bébé11,iter,1,0.25
Gaël_25,bébé12,iter,1,0.25
Gaël_25,bébé4,iter,1,0.25
Gaël_25,bébé5,iter,1,0.25
Gaël_25,bébé7,iter,1,0.25
Gaël_25,c'est ça14,iter,1,0.25
Gaël_25,c'est ça17,iter,1,0.25
Gaël_25,c'est ça23,iter,1,0.25
Gaël_25,c'est ça25,iter,1,0.25
Gaël_25,c'est ça26,iter,1,0.25
Gaël_25,c'est ça33,iter,1,0.25
Gaël_25,chercher1340,iter,1,0.25
Gaël_25,ici1038,iter,1,0.25
Gaël_25,ouvrir1039,iter,1,0.25
Gaël_25,papa51,iter,1,0.25
Gaël_25,tout seul53,iter,1,0.25
Gaël_25,voiture54,iter,1,0.25
Gaël_26,ballon1,iter,1,0.25
Gaël_26,bébé10,iter,1,0.25
Gaël_26,bébé11,iter,1,0.25
Gaël_26,bébé2,iter,1,0.25
Gaël_26,bébé4,iter,1,0.25
Gaël_26,c'est ça15,iter,1,0.25
Gaël_26,c'est ça16,iter,1,0.25
Gaël_26,c'est ça17,iter,1,0.25
Gaël_26,c'est ça19,iter,1,0.25
Gaël_26,c'est ça25,iter,1,0.25
Gaël_26,c'est ça26,iter,1,0.25
Gaël_26,c'est ça33,iter,1,0.25
Gaël_26,chercher1342,iter,1,0.25
Gaël_26,ici1038,iter,1,0.25
Gaël_26,là bas40,iter,1,0.25
Gaël_26,ouvrir1040,iter,1,0.25
Gaël_26,ouvrir1042,iter,1,0.25
Gaël_26,ouvrir1044,iter,1,0.25
Gaël_26,écrit1036,iter,1,0.25
Gaël_27,bébé13,iter,1,0.25
Gaël_27,bébé7,iter,1,0.25
Gaël_27,c'est ça15,iter,1,0.25
Gaël_27,c'est ça19,iter,1,0.25
Gaël_27,c'est ça25,iter,1,0.25
Gaël_27,c'est ça26,iter,1,0.25
Gaël_27,c'est ça27,iter,1,0.25
Gaël_27,c'est ça30,iter,1,0.25
Gaël_27,c'est ça31,iter,1,0.25
Gaël_27,casser35,iter,1,0.25
Gaël_27,chercher1342,iter,1,0.25
Gaël_27,dodo37,iter,1,0.25
Gaël_27,grelot38,iter,1,0.25
Gaël_27,ici1037,iter,1,0.25
Gaël_27,ouvrir1041,iter,1,0.25
Gaël_27,papa51,iter,1,0.25
Gaël_27,voiture55,iter,1,0.25
Gaël_28,ballon1,iter,1,0.25
Gaël_28,bébé13,iter,1,0.25
Gaël_28,c'est ça18,iter,1,0.25
Gaël_28,c'est ça27,iter,1,0.25
Gaël_28,c'est ça30,iter,1,0.25
Gaël_28,c'est ça31,iter,1,0.25
Gaël_28,chercher1342,iter,1,0.25
Gaël_28,dodo37,iter,1,0.25
Gaël_28,dormir1343,iter,1,0.25
Gaël_28,ici1037,iter,1,0.25
Gaël_28,ici1038,iter,1,0.25
Gaël_28,maman43,iter,1,0.25
Gaël_28,maman44,iter,1,0.25
Gaël_28,maman47,iter,1,0.25
Gaël_28,maman49,iter,1,0.25
Gaël_28,papa51,iter,1,0.25
Gaël_28,papa52,iter,1,0.25
Gaël_28,écrit1035,iter,1,0.25
Gaël_29,bébé10,iter,1,0.25
Gaël_29,bébé11,iter,1,0.25
Gaël_29,bébé12,iter,1,0.25
Gaël_29,bébé5,iter,1,0.25
Gaël_29,bébé8,iter,1,0.25
Gaël_29,grelot38,iter,1,0.25
Gaël_29,ouvrir1040,iter,1,0.25
Gaël_3,bébé2,iter,1,0.25
Gaël_3,bébé7,iter,1,0.25
Gaël_3,bébé9,iter,1,0.25
Gaël_3,c'est ça17,iter,1,0.25
Gaël_3,c'est ça19,iter,1,0.25
Gaël_3,c'est ça22,iter,1,0.25
Gaël_3,c'est ça26,iter,1,0.25
Gaël_3,c'est ça27,iter,1,0.25
Gaël_3,c'est ça29,iter,1,0.25
Gaël_3,casser35,iter,1,0.25
Gaël_3,chercher1342,iter,1,0.25
Gaël_3,dodo37,iter,1,0.25
Gaël_3,ouvrir1039,iter,1,0.25
Gaël_3,ouvrir1042,iter,1,0.25
Gaël_3,ouvrir1043,iter,1,0.25
Gaël_3,papa50,iter,1,0.25
Gaël_3,papa52,iter,1,0.25
Gaël_3,voiture55,iter,1,0.25
Gaël_30,bébé12,iter,1,0.25
Gaël_30,bébé4,iter,1,0.25
Gaël_30,bébé6,iter,1,0.25
Gaël_30,c'est ça28,iter,1,0.25
Gaël_30,c'est ça30,iter,1,0.25
Gaël_30,c'est ça33,iter,1,0.25
Gaël_30,casser34,iter,1,0.25
Gaël_30,dodo37,iter,1,0.25
Gaël_30,dormir1343,iter,1,0.25
Gaël_30,ici1037,iter,1,0.25
Gaël_30,ici1038,iter,1,0.25
Gaël_30,là bas39,iter,1,0.25
Gaël_30,ouvrir1039,iter,1,0.25
Gaël_30,ouvrir1040,iter,1,0.25
Gaël_30,ouvrir1043,iter,1,0.25
Gaël_30,voiture55,iter,1,0.25
Gaël_31,ballon1,iter,1,0.25
Gaël_31,bébé12,iter,1,0.25
Gaël_31,bébé2,iter,1,0.25
Gaël_31,bébé4,iter,1,0.25
Gaël_31,bébé8,iter,1,0.25
Gaël_31,c'est ça17,iter,1,0.25
Gaël_31,c'est ça20,iter,1,0.25
Gaël_31,c'est ça21,iter,1,0.25
Gaël_31,c'est ça25,iter,1,0.25
Gaël_31,c'est ça27,iter,1,0.25
Gaël_31,c'est ça28,iter,1,0.25
Gaël_31,casser35,iter,1,0.25
Gaël_31,chercher1341,iter,1,0.25
Gaël_31,dedans36,iter,1,0.25
Gaël_31,grelot38,iter,1,0.25
Gaël_31,ici1038,iter,1,0.25
Gaël_31,ouvrir1039,iter,1,0.25
Gaël_31,papa50,iter,1,0.25
Gaël_31,écrit1035,iter,1,0.25
Gaël_31,écrit1036,iter,1,0.25
Gaël_32,ballon1,iter,1,0.25
Gaël_32,bébé11,iter,1,0.25
Gaël_32,bébé8,iter,1,0.25
Gaël_32,bébé9,iter,1,0.25
Gaël_32,c'est ça21,iter,1,0.25
Gaël_32,c'est ça24,iter,1,0.25
Gaël_32,c'est ça30,iter,1,0.25
Gaël_32,chercher1341,iter,1,0.25
Gaël_32,dodo37,iter,1,0.25
Gaël_32,là bas39,iter,1,0.25
Gaël_32,là bas40,iter,1,0.25
Gaël_32,maman44,iter,1,0.25
Gaël_32,maman47,iter,1,0.25
Gaël_32,ouvrir1041,iter,1,0.25
Gaël_32,ouvrir1042,iter,1,0.25
Gaël_32,ouvrir1043,iter,1,0.25
Gaël_32,papa50,iter,1,0.25
Gaël_32,écrit1036,iter,1,0.25
Gaël_33,ballon1,iter,1,0.25
Gaël_33,bébé2,iter,1,0.25
Gaël_33,bébé5,iter,1,0.25
Gaël_33,bébé9,iter,1,0.25
Gaël_33,c'est ça14,iter,1,0.25
Gaël_33,c'est ça17,iter,1,0.25
Gaël_33,c'est ça23,iter,1,0.25
Gaël_33,c'est ça28,iter,1,0.25
Gaël_33,c'est ça30,iter,1,0.25
Gaël_33,chercher1342,iter,1,0.25
Gaël_33,dedans36,iter,1,0.25
Gaël_33,ici1037,iter,1,0.25
Gaël_33,ici1038,iter,1,0.25
Gaël_33,là bas40,iter,1,0.25
Gaël_33,maman45,iter,1,0.25
Gaël_33,maman47,iter,1,0.25
Gaël_33,ouvrir1044,iter,1,0.25
Gaël_33,papa51,iter,1,0.25
Gaël_33,papa52,iter,1,0.25
Gaël_34,bébé11,iter,1,0.25
Gaël_34,bébé3,iter,1,0.25
Gaël_34,bébé5,iter,1,0.25
Gaël_34,bébé9,iter,1,0.25
Gaël_34,c'est ça16,iter,1,0.25
Gaël_34,c'est ça22,iter,1,0.25
Gaël_34,casser35,iter,1,0.25
Gaël_34,chercher1341,iter,1,0.25
Gaël_34,dedans36,iter,1,0.25
Gaël_34,dodo37,iter,1,0.25
Gaël_34,là bas39,iter,1,0.25
Gaël_34,ouvrir1039,iter,1,0.25
Gaël_34,ouvrir1044,iter,1,0.25
Gaël_34,papa52,iter,1,0.25
Gaël_34,tout seul53,iter,1,0.25
Gaël_35,bébé11,iter,1,0.25
Gaël_35,bébé13,iter,1,0.25
Gaël_35,bébé4,iter,1,0.25
Gaël_35,bébé8,iter,1,0.25
Gaël_35,bébé9,iter,1,0.25
Gaël_35,c'est ça18,iter,1,0.25
Gaël_35,c'est ça19,iter,1,0.25
Gaël_35,c'est ça21,iter,1,0.25
Gaël_35,c'est ça25,iter,1,0.25
Gaël_35,c'est ça28,iter,1,0.25
Gaël_35,c'est ça30,iter,1,0.25
Gaël_35,c'est ça31,iter,1,0.25
Gaël_35,dedans36,iter,1,0.25
Gaël_35,dormir1343,iter,1,0.25
Gaël_35,maman43,iter,1,0.25
Gaël_35,maman45,iter,1,0.25
Gaël_35,maman46,iter,1,0.25
Gaël_35,ouvrir1040,iter,1,0.25
Gaël_35,ouvrir1043,iter,1,0.25
Gaël_36,bébé10,iter,1,0.25
Gaël_36,bébé12,iter,1,0.25
Gaël_36,bébé3,iter,1,0.25
Gaël_36,bébé6,iter,1,0.25
Gaël_36,bébé8,iter,1,0.25
Gaël_36,c'est ça14,iter,1,0.25
Gaël_36,c'est ça18,iter,1,0.25
Gaël_36,c'est ça20,iter,1,0.25
Gaël_36,c'est ça22,iter,1,0.25
Gaël_36,c'est ça23,iter,1,0.25
Gaël_36,c'est ça33,iter,1,0.25
Gaël_36,casser34,iter,1,0.25
Gaël_36,chercher1341,iter,1,0.25
Gaël_36,chercher1342,iter,1,0.25
Gaël_36,dodo37,iter,1,0.25
Gaël_36,maman48,iter,1,0.25
Gaël_36,ouvrir1040,iter,1,0.25
Gaël_36,ouvrir1044,iter,1,0.25
Gaël_36,papa52,iter,1,0.25
Gaël_36,écrit1036,iter,1,0.25
Gaël_37,bébé11,iter,1,0.25
Gaël_37,bébé2,iter,1,0.25
Gaël_37,bébé3,iter,1,0.25
Gaël_37,bébé4,iter,1,0.25
Gaël_37,bébé6,iter,1,0.25
Gaël_37,bébé8,iter,1,0.25
Gaël_37,bébé9,iter,1,0.25
Gaël_37,c'est ça14,iter,1,0.25
Gaël_37,c'est ça19,iter,1,0.25
Gaël_37,c'est ça23,iter,1,0.25
Gaël_37,c'est ça30,iter,1,0.25
Gaël_37,c'est ça32,iter,1,0.25
Gaël_37,casser34,iter,1,0.25
Gaël_37,dedans36,iter,1,0.25
Gaël_37,grelot38,iter,1,0.25
Gaël_37,ici1037,iter,1,0.25
Gaël_37,ouvrir1040,iter,1,0.25
Gaël_37,ouvrir1042,iter,1,0.25
Gaël_37,voiture55,iter,1,0.25
Gaël_38,ballon1,iter,1,0.25
Gaël_38,bébé13,iter,1,0.25
Gaël_38,c'est ça17,iter,1,0.25
Gaël_38,c'est ça25,iter,1,0.25
Gaël_38,c'est ça26,iter,1,0.25
Gaël_38,c'est ça27,iter,1,0.25
Gaël_38,c'est ça29,iter,1,0.25
Gaël_38,c'est ça32,iter,1,0.25
Gaël_38,chercher1340,iter,1,0.25
Gaël_38,dedans36,iter,1,0.25
Gaël_38,dodo37,iter,1,0.25
Gaël_38,là bas39,iter,1,0.25
Gaël_38,ouvrir1043,iter,1,0.25
Gaël_38,ouvrir1044,iter,1,0.25
Gaël_38,papa52,iter,1,0.25
Gaël_38,voiture54,iter,1,0.25
Gaël_38,écrit1035,iter,1,0.25
Gaël_39,bébé10,iter,1,0.25
Gaël_39,bébé2,iter,1,0.25
Gaël_39,bébé3,iter,1,0.25
Gaël_39,bébé5,iter,1,0.25
Gaël_39,bébé6,iter,1,0.25
Gaël_39,c'est ça14,iter,1,0.25
Gaël_39,c'est ça17,iter,1,0.25
Gaël_39,c'est ça18,iter,1,0.25
Gaël_39,c'est ça20,iter,1,0.25
Gaël_39,c'est ça25,iter,1,0.25
Gaël_39,c'est ça28,iter,1,0.25
Gaël_39,c'est ça29,iter,1,0.25
Gaël_39,dedans36,iter,1,0.25
Gaël_39,dormir1343,iter,1,0.25
Gaël_39,là bas39,iter,1,0.25
Gaël_39,maman44,iter,1,0.25
Gaël_39,maman45,iter,1,0.25
Gaël_39,maman47,iter,1,0.25
Gaël_39,ouvrir1042,iter,1,0.25
Gaël_39,ouvrir1043,iter,1,0.25
Gaël_4,ballon1,iter,1,0.25
Gaël_4,bébé12,iter,1,0.25
Gaël_4,bébé13,iter,1,0.25
Gaël_4,c'est ça19,iter,1,0.25
Gaël_4,c'est ça20,iter,1,0.25
Gaël_4,c'est ça27,iter,1,0.25
Gaël_4,c'est ça28,iter,1,0.25
Gaël_4,c'est ça30,iter,1,0.25
Gaël_4,c'est ça33,iter,1,0.25
Gaël_4,chercher1342,iter,1,0.25
Gaël_4,dedans36,iter,1,0.25
Gaël_4,dodo37,iter,1,0.25
Gaël_4,dormir1343,iter,1,0.25
Gaël_4,grelot38,iter,1,0.25
Gaël_4,ici1038,iter,1,0.25
Gaël_4,ouvrir1039,iter,1,0.25
Gaël_4,ouvrir1044,iter,1,0.25
Gaël_4,voiture55,iter,1,0.25
Gaël_40,bébé12,iter,1,0.25
Gaël_40,bébé13,iter,1,0.25
Gaël_40,bébé5,iter,1,0.25
Gaël_40,bébé6,iter,1,0.25
Gaël_40,c'est ça17,iter,1,0.25
Gaël_40,c'est ça18,iter,1,0.25
Gaël_40,c'est ça20,iter,1,0.25
Gaël_40,c'est ça25,iter,1,0.25
Gaël_40,c'est ça28,iter,1,0.25
Gaël_40,c'est ça31,iter,1,0.25
Gaël_40,c'est ça32,iter,1,0.25
Gaël_40,c'est ça33,iter,1,0.25
Gaël_40,dodo37,iter,1,0.25
Gaël_40,maman43,iter,1,0.25
Gaël_40,maman44,iter,1,0.25
Gaël_40,maman49,iter,1,0.25
Gaël_40,ouvrir1041,iter,1,0.25
Gaël_40,ouvrir1042,iter,1,0.25
Gaël_40,papa52,iter,1,0.25
Gaël_40,écrit1036,iter,1,0.25
Gaël_41,bébé12,iter,1,0.25
Gaël_41,bébé13,iter,1,0.25
Gaël_41,bébé3,iter,1,0.25
Gaël_41,bébé5,iter,1,0.25
Gaël_41,bébé7,iter,1,0.25
Gaël_41,bébé8,iter,1,0.25
Gaël_41,c'est ça16,iter,1,0.25
Gaël_41,c'est ça19,iter,1,0.25
Gaël_41,c'est ça20,iter,1,0.25
Gaël_41,c'est ça21,iter,1,0.25
Gaël_41,c'est ça26,iter,1,0.25
Gaël_41,chercher1341,iter,1,0.25
Gaël_41,chercher1342,iter,1,0.25
Gaël_41,dormir1343,iter,1,0.25
Gaël_41,maman45,iter,1,0.25
Gaël_41,maman49,iter,1,0.25
Gaël_41,ouvrir1041,iter,1,0.25
Gaël_41,papa52,iter,1,0.25
Gaël_42,bébé11,iter,1,0.25
Gaël_42,bébé3,iter,1,0.25
Gaël_42,bébé5,iter,1,0.25
Gaël_42,c'est ça22,iter,1,0.25
Gaël_42,c'est ça23,iter,1,0.25
Gaël_42,c'est ça25,iter,1,0.25
Gaël_42,c'est ça26,iter,1,0.25
Gaël_42,c'est ça29,iter,1,0.25
Gaël_42,c'est ça33,iter,1,0.25
Gaël_42,chercher1341,iter,1,0.25
Gaël_42,chercher1342,iter,1,0.25
Gaël_42,là bas40,iter,1,0.25
Gaël_42,maman46,iter,1,0.25
Gaël_42,maman48,iter,1,0.25
Gaël_42,ouvrir1039,iter,1,0.25
Gaël_42,ouvrir1044,iter,1,0.25
Gaël_42,papa50,iter,1,0.25
Gaël_42,papa52,iter,1,0.25
Gaël_43,c'est ça15,iter,1,0.25
Gaël_43,c'est ça23,iter,1,0.25
Gaël_43,c'est ça24,iter,1,0.25
Gaël_43,c'est ça30,iter,1,0.25
Gaël_43,c'est ça32,iter,1,0.25
Gaël_43,casser35,iter,1,0.25
Gaël_43,chercher1342,iter,1,0.25
Gaël_43,dedans36,iter,1,0.25
Gaël_43,grelot38,iter,1,0.25
Gaël_43,ici1038,iter,1,0.25
Gaël_43,maman46,iter,1,0.25
Gaël_43,ouvrir1041,iter,1,0.25
Gaël_43,écrit1035,iter,1,0.25
Gaël_44,ballon1,iter,1,0.25
Gaël_44,bébé12,iter,1,0.25
Gaël_44,bébé2,iter,1,0.25
Gaël_44,bébé6,iter,1,0.25
Gaël_44,bébé8,iter,1,0.25
Gaël_44,c'est ça16,iter,1,0.25
Gaël_44,c'est ça31,iter,1,0.25
Gaël_44,dodo37,iter,1,0.25
Gaël_44,là bas40,iter,1,0.25
Gaël_44,maman43,iter,1,0.25
Gaël_44,maman47,iter,1,0.25
Gaël_44,maman48,iter,1,0.25
Gaël_44,maman49,iter,1,0.25
Gaël_44,ouvrir1042,iter,1,0.25
Gaël_44,ouvrir1044,iter,1,0.25
Gaël_44,papa51,iter,1,0.25
Gaël_44,écrit1035,iter,1,0.25
Gaël_45,bébé12,iter,1,0.25
Gaël_45,bébé2,iter,1,0.25
Gaël_45,bébé3,iter,1,0.25
Gaël_45,bébé6,iter,1,0.25
Gaël_45,bébé9,iter,1,0.25
Gaël_45,là bas39,iter,1,0.25
Gaël_45,maman44,iter,1,0.25
Gaël_45,maman46,iter,1,0.25
Gaël_45,maman48,iter,1,0.25
Gaël_45,ouvrir1041,iter,1,0.25
Gaël_45,ouvrir1042,iter,1,0.25
Gaël_45,papa52,iter,1,0.25
Gaël_46,bébé10,iter,1,0.25
Gaël_46,bébé13,iter,1,0.25
Gaël_46,bébé5,iter,1,0.25
Gaël_46,bébé9,iter,1,0.25
Gaël_46,c'est ça15,iter,1,0.25
Gaël_46,c'est ça17,iter,1,0.25
Gaël_46,c'est ça20,iter,1,0.25
Gaël_46,c'est ça24,iter,1,0.25
Gaël_46,c'est ça26,iter,1,0.25
Gaël_46,c'est ça27,iter,1,0.25
Gaël_46,chercher1342,iter,1,0.25
Gaël_46,maman43,iter,1,0.25
Gaël_46,maman45,iter,1,0.25
Gaël_46,maman46,iter,1,0.25
Gaël_46,ouvrir1043,iter,1,0.25
Gaël_46,ouvrir1044,iter,1,0.25
Gaël_46,papa51,iter,1,0.25
Gaël_46,papa52,iter,1,0.25
Gaël_46,écrit1035,iter,1,0.25
Gaël_47,bébé13,iter,1,0.25
Gaël_47,bébé2,iter,1,0.25
Gaël_47,bébé3,iter,1,0.25
Gaël_47,bébé5,iter,1,0.25
Gaël_47,bébé6,iter,1,0.25
Gaël_47,bébé7,iter,1,0.25
Gaël_47,c'est ça15,iter,1,0.25
Gaël_47,c'est ça29,iter,1,0.25
Gaël_47,c'est ça31,iter,1,0.25
Gaël_47,dodo37,iter,1,0.25
Gaël_47,dormir1343,iter,1,0.25
Gaël_47,maman45,iter,1,0.25
Gaël_47,ouvrir1041,iter,1,0.25
Gaël_47,ouvrir1042,iter,1,0.25
Gaël_47,ouvrir1044,iter,1,0.25
Gaël_48,bébé10,iter,1,0.25
Gaël_48,bébé13,iter,1,0.25
Gaël_48,bébé7,iter,1,0.25
Gaël_48,bébé9,iter,1,0.25
Gaël_48,c'est ça15,iter,1,0.25
Gaël_48,c'est ça19,iter,1,0.25
Gaël_48,c'est ça22,iter,1,0.25
Gaël_48,c'est ça25,iter,1,0.25
Gaël_48,c'est ça30,iter,1,0.25
Gaël_48,c'est ça32,iter,1,0.25
Gaël_48,casser34,iter,1,0.25
Gaël_48,chercher1341,iter,1,0.25
Gaël_48,chercher1342,iter,1,0.25
Gaël_48,ouvrir1042,iter,1,0.25
Gaël_48,ouvrir1043,iter,1,0.25
Gaël_48,voiture54,iter,1,0.25
Gaël_48,écrit1035,iter,1,0.25
Gaël_49,ballon1,iter,1,0.25
Gaël_49,bébé3,iter,1,0.25
Gaël_49,bébé4,iter,1,0.25
Gaël_49,bébé5,iter,1,0.25
Gaël_49,bébé6,iter,1,0.25
Gaël_49,c'est ça15,iter,1,0.25
Gaël_49,c'est ça17,iter,1,0.25
Gaël_49,c'est ça18,iter,1,0.25
Gaël_49,c'est ça26,iter,1,0.25
Gaël_49,c'est ça31,iter,1,0.25
Gaël_49,casser35,iter,1,0.25
Gaël_49,dedans36,iter,1,0.25
Gaël_49,ici1038,iter,1,0.25
Gaël_49,là bas39,iter,1,0.25
Gaël_49,là bas40,iter,1,0.25
Gaël_49,ouvrir1040,iter,1,0.25
Gaël_49,voiture54,iter,1,0.25
Gaël_49,voiture55,iter,1,0.25
Gaël_5,bébé11,iter,1,0.25
Gaël_5,bébé13,iter,1,0.25
Gaël_5,bébé2,iter,1,0.25
Gaël_5,bébé6,iter,1,0.25
Gaël_5,bébé7,iter,1,0.25
Gaël_5,c'est ça19,iter,1,0.25
Gaël_5,c'est ça21,iter,1,0.25
Gaël_5,c'est ça22,iter,1,0.25
Gaël_5,c'est ça28,iter,1,0.25
Gaël_5,casser34,iter,1,0.25
Gaël_5,casser35,iter,1,0.25
Gaël_5,dedans36,iter,1,0.25
Gaël_5,dodo37,iter,1,0.25
Gaël_5,papa52,iter,1,0.25
Gaël_50,bébé10,iter,1,0.25
Gaël_50,bébé4,iter,1,0.25
Gaël_50,bébé7,iter,1,0.25
Gaël_50,bébé8,iter,1,0.25
Gaël_50,c'est ça14,iter,1,0.25
Gaël_50,c'est ça15,iter,1,0.25
Gaël_50,c'est ça18,iter,1,0.25
Gaël_50,c'est ça22,iter,1,0.25
Gaël_50,c'est ça24,iter,1,0.25
Gaël_50,c'est ça27,iter,1,0.25
Gaël_50,c'est ça28,iter,1,0.25
Gaël_50,casser35,iter,1,0.25
Gaël_50,chercher1340,iter,1,0.25
Gaël_50,chercher1341,iter,1,0.25
Gaël_50,ici1038,iter,1,0.25
Gaël_50,maman48,iter,1,0.25
Gaël_50,ouvrir1044,iter,1,0.25
Gaël_50,écrit1036,iter,1,0.25
Gaël_51,bébé11,iter,1,0.25
Gaël_51,bébé13,iter,1,0.25
Gaël_51,bébé4,iter,1,0.25
Gaël_51,bébé6,iter,1,0.25
Gaël_51,bébé9,iter,1,0.25
Gaël_51,maman44,iter,1,0.25
Gaël_51,maman45,iter,1,0.25
Gaël_51,ouvrir1041,iter,1,0.25
Gaël_51,ouvrir1042,iter,1,0.25
Gaël_51,ouvrir1043,iter,1,0.25
Gaël_51,papa52,iter,1,0.25
Gaël_52,ballon1,iter,1,0.25
Gaël_52,bébé10,iter,1,0.25
Gaël_52,bébé3,iter,1,0.25
Gaël_52,bébé5,iter,1,0.25
Gaël_52,bébé8,iter,1,0.25
Gaël_52,c'est ça14,iter,1,0.25
Gaël_52,c'est ça15,iter,1,0.25
Gaël_52,c'est ça17,iter,1,0.25
Gaël_52,c'est ça31,iter,1,0.25
Gaël_52,chercher1340,iter,1,0.25
Gaël_52,là bas39,iter,1,0.25
Gaël_52,ouvrir1039,iter,1,0.25
Gaël_52,ouvrir1040,iter,1,0.25
Gaël_52,ouvrir1044,iter,1,0.25
Gaël_52,voiture54,iter,1,0.25
Gaël_53,bébé10,iter,1,0.25
Gaël_53,bébé12,iter,1,0.25
Gaël_53,bébé3,iter,1,0.25
Gaël_53,bébé5,iter,1,0.25
Gaël_53,bébé7,iter,1,0.25
Gaël_53,c'est ça23,iter,1,0.25
Gaël_53,c'est ça24,iter,1,0.25
Gaël_53,c'est ça26,iter,1,0.25
Gaël_53,c'est ça27,iter,1,0.25
Gaël_53,chercher1340,iter,1,0.25
Gaël_53,maman46,iter,1,0.25
Gaël_53,maman47,iter,1,0.25
Gaël_53,ouvrir1041,iter,1,0.25
Gaël_53,ouvrir1043,iter,1,0.25
Gaël_53,ouvrir1044,iter,1,0.25
Gaël_53,papa52,iter,1,0.25
Gaël_54,c'est ça15,iter,1,0.25
Gaël_54,c'est ça20,iter,1,0.25
Gaël_54,c'est ça21,iter,1,0.25
Gaël_54,c'est ça25,iter,1,0.25
Gaël_54,c'est ça28,iter,1,0.25
Gaël_54,c'est ça29,iter,1,0.25
Gaël_54,chercher1340,iter,1,0.25
Gaël_54,chercher1341,iter,1,0.25
Gaël_54,chercher1342,iter,1,0.25
Gaël_54,voiture55,iter,1,0.25
Gaël_55,ballon1,iter,1,0.25
Gaël_55,bébé13,iter,1,0.25
Gaël_55,bébé6,iter,1,0.25
Gaël_55,bébé7,iter,1,0.25
Gaël_55,c'est ça14,iter,1,0.25
Gaël_55,c'est ça15,iter,1,0.25
Gaël_55,c'est ça27,iter,1,0.25
Gaël_55,c'est ça29,iter,1,0.25
Gaël_55,c'est ça30,iter,1,0.25
Gaël_55,c'est ça31,iter,1,0.25
Gaël_55,c'est ça33,iter,1,0.25
Gaël_55,chercher1342,iter,1,0.25
Gaël_55,dormir1343,iter,1,0.25
Gaël_55,ici1037,iter,1,0.25
Gaël_55,ici1038,iter,1,0.25
Gaël_55,là bas39,iter,1,0.25
Gaël_55,maman46,iter,1,0.25
Gaël_55,écrit1035,iter,1,0.25
Gaël_56,ballon1,iter,1,0.25
Gaël_56,bébé3,iter,1,0.25
Gaël_56,bébé4,iter,1,0.25
Gaël_56,bébé6,iter,1,0.25
Gaël_56,c'est ça16,iter,1,0.25
Gaël_56,c'est ça17,iter,1,0.25
Gaël_56,c'est ça18,iter,1,0.25
Gaël_56,c'est ça20,iter,1,0.25
Gaël_56,c'est ça21,iter,1,0.25
Gaël_56,c'est ça26,iter,1,0.25
Gaël_56,c'est ça32,iter,1,0.25
Gaël_56,c'est ça33,iter,1,0.25
Gaël_56,chercher1341,iter,1,0.25
Gaël_56,chercher1342,iter,1,0.25
Gaël_56,dedans36,iter,1,0.25
Gaël_56,là bas40,iter,1,0.25
Gaël_56,maman46,iter,1,0.25
Gaël_56,ouvrir1044,iter,1,0.25
Gaël_56,papa51,iter,1,0.25
Gaël_56,papa52,iter,1,0.25
Gaël_57,bébé11,iter,1,0.25
Gaël_57,bébé3,iter,1,0.25
Gaël_57,c'est ça19,iter,1,0.25
Gaël_57,c'est ça21,iter,1,0.25
Gaël_57,c'est ça23,iter,1,0.25
Gaël_57,c'est ça24,iter,1,0.25
Gaël_57,c'est ça29,iter,1,0.25
Gaël_57,grelot38,iter,1,0.25
Gaël_57,ici1037,iter,1,0.25
Gaël_57,ouvrir1041,iter,1,0.25
Gaël_57,ouvrir1043,iter,1,0.25
Gaël_57,papa50,iter,1,0.25
Gaël_57,tout seul53,iter,1,0.25
Gaël_57,écrit1036,iter,1,0.25
Gaël_58,bébé7,iter,1,0.25
Gaël_58,bébé8,iter,1,0.25
Gaël_58,c'est ça14,iter,1,0.25
Gaël_58,c'est ça23,iter,1,0.25
Gaël_58,c'est ça26,iter,1,0.25
Gaël_58,c'est ça27,iter,1,0.25
Gaël_58,c'est ça30,iter,1,0.25
Gaël_58,c'est ça31,iter,1,0.25
Gaël_58,maman43,iter,1,0.25
Gaël_58,maman47,iter,1,0.25
Gaël_58,maman49,iter,1,0.25
Gaël_58,ouvrir1039,iter,1,0.25
Gaël_58,ouvrir1043,iter,1,0.25
Gaël_58,papa52,iter,1,0.25
Gaël_58,écrit1036,iter,1,0.25
Gaël_59,bébé11,iter,1,0.25
Gaël_59,bébé9,iter,1,0.25
Gaël_59,c'est ça15,iter,1,0.25
Gaël_59,c'est ça18,iter,1,0.25
Gaël_59,c'est ça22,iter,1,0.25
Gaël_59,c'est ça26,iter,1,0.25
Gaël_59,c'est ça27,iter,1,0.25
Gaël_59,c'est ça32,iter,1,0.25
Gaël_59,casser34,iter,1,0.25
Gaël_59,chercher1340,iter,1,0.25
Gaël_59,chercher1341,iter,1,0.25
Gaël_59,dedans36,iter,1,0.25
Gaël_59,dodo37,iter,1,0.25
Gaël_59,ici1037,iter,1,0.25
Gaël_59,tout seul53,iter,1,0.25
Gaël_59,voiture55,iter,1,0.25
Gaël_59,écrit1035,iter,1,0.25
Gaël_6,c'est ça15,iter,1,0.25
Gaël_6,c'est ça16,iter,1,0.25
Gaël_6,c'est ça18,iter,1,0.25
Gaël_6,c'est ça21,iter,1,0.25
Gaël_6,c'est ça26,iter,1,0.25
Gaël_6,c'est ça29,iter,1,0.25
Gaël_6,c'est ça33,iter,1,0.25
Gaël_6,chercher1342,iter,1,0.25
Gaël_6,ici1038,iter,1,0.25
Gaël_6,voiture55,iter,1,0.25
Gaël_60,bébé3,iter,1,0.25
Gaël_60,bébé7,iter,1,0.25
Gaël_60,bébé9,iter,1,0.25
Gaël_60,c'est ça14,iter,1,0.25
Gaël_60,c'est ça18,iter,1,0.25
Gaël_60,c'est ça29,iter,1,0.25
Gaël_60,c'est ça30,iter,1,0.25
Gaël_60,c'est ça33,iter,1,0.25
Gaël_60,casser34,iter,1,0.25
Gaël_60,chercher1340,iter,1,0.25
Gaël_60,chercher1341,iter,1,0.25
Gaël_60,dodo37,iter,1,0.25
Gaël_60,grelot38,iter,1,0.25
Gaël_60,papa52,iter,1,0.25
Gaël_60,tout seul53,iter,1,0.25
Gaël_61,ballon1,iter,1,0.25
Gaël_61,bébé12,iter,1,0.25
Gaël_61,bébé6,iter,1,0.25
Gaël_61,c'est ça14,iter,1,0.25
Gaël_61,c'est ça15,iter,1,0.25
Gaël_61,c'est ça16,iter,1,0.25
Gaël_61,c'est ça24,iter,1,0.25
Gaël_61,c'est ça25,iter,1,0.25
Gaël_61,c'est ça30,iter,1,0.25
Gaël_61,casser35,iter,1,0.25
Gaël_61,chercher1341,iter,1,0.25
Gaël_61,chercher1342,iter,1,0.25
Gaël_61,dodo37,iter,1,0.25
Gaël_61,dormir1343,iter,1,0.25
Gaël_61,là bas39,iter,1,0.25
Gaël_61,là bas40,iter,1,0.25
Gaël_61,ouvrir1039,iter,1,0.25
Gaël_61,ouvrir1040,iter,1,0.25
Gaël_61,ouvrir1042,iter,1,0.25
Gaël_61,voiture54,iter,1,0.25
Gaël_62,c'est ça14,iter,1,0.25
Gaël_62,c'est ça15,iter,1,0.25
Gaël_62,c'est ça18,iter,1,0.25
Gaël_62,c'est ça25,iter,1,0.25
Gaël_62,c'est ça27,iter,1,0.25
Gaël_62,c'est ça32,iter,1,0.25
Gaël_62,dedans36,iter,1,0.25
Gaël_64,bébé10,iter,1,0.25
Gaël_64,bébé11,iter,1,0.25
Gaël_64,bébé12,iter,1,0.25
Gaël_64,c'est ça24,iter,1,0.25
Gaël_64,c'est ça29,iter,1,0.25
Gaël_64,c'est ça33,iter,1,0.25
Gaël_64,casser35,iter,1,0.25
Gaël_64,chercher1340,iter,1,0.25
Gaël_64,dedans36,iter,1,0.25
Gaël_64,dodo37,iter,1,0.25
Gaël_64,maman47,iter,1,0.25
Gaël_64,maman49,iter,1,0.25
Gaël_64,ouvrir1039,iter,1,0.25
Gaël_64,ouvrir1041,iter,1,0.25
Gaël_64,ouvrir1043,iter,1,0.25
Gaël_64,papa52,iter,1,0.25
Gaël_65,bébé11,iter,1,0.25
Gaël_65,bébé2,iter,1,0.25
Gaël_65,bébé5,iter,1,0.25
Gaël_65,bébé7,iter,1,0.25
Gaël_65,c'est ça20,iter,1,0.25
Gaël_65,c'est ça21,iter,1,0.25
Gaël_65,c'est ça28,iter,1,0.25
Gaël_65,chercher1340,iter,1,0.25
Gaël_65,dodo37,iter,1,0.25
Gaël_65,grelot38,iter,1,0.25
Gaël_65,là bas39,iter,1,0.25
Gaël_65,ouvrir1040,iter,1,0.25
Gaël_65,ouvrir1043,iter,1,0.25
Gaël_65,ouvrir1044,iter,1,0.25
Gaël_65,papa52,iter,1,0.25
Gaël_65,voiture54,iter,1,0.25
Gaël_65,écrit1035,iter,1,0.25
Gaël_66,ballon1,iter,1,0.25
Gaël_66,bébé10,iter,1,0.25
Gaël_66,bébé13,iter,1,0.25
Gaël_66,bébé2,iter,1,0.25
Gaël_66,bébé4,iter,1,0.25
Gaël_66,bébé6,iter,1,0.25
Gaël_66,c'est ça16,iter,1,0.25
Gaël_66,c'est ça17,iter,1,0.25
Gaël_66,c'est ça29,iter,1,0.25
Gaël_66,chercher1340,iter,1,0.25
Gaël_66,chercher1342,iter,1,0.25
Gaël_66,ici1037,iter,1,0.25
Gaël_66,ici1038,iter,1,0.25
Gaël_66,là bas40,iter,1,0.25
Gaël_66,ouvrir1042,iter,1,0.25
Gaël_66,papa52,iter,1,0.25
Gaël_66,tout seul53,iter,1,0.25
Gaël_67,bébé2,iter,1,0.25
Gaël_67,bébé9,iter,1,0.25
Gaël_67,c'est ça17,iter,1,0.25
Gaël_67,c'est ça23,iter,1,0.25
Gaël_67,c'est ça25,iter,1,0.25
Gaël_67,c'est ça27,iter,1,0.25
Gaël_67,c'est ça30,iter,1,0.25
Gaël_67,c'est ça31,iter,1,0.25
Gaël_67,chercher1342,iter,1,0.25
Gaël_67,dodo37,iter,1,0.25
Gaël_67,dormir1343,iter,1,0.25
Gaël_67,là bas39,iter,1,0.25
Gaël_67,là bas40,iter,1,0.25
Gaël_67,maman43,iter,1,0.25
Gaël_67,maman44,iter,1,0.25
Gaël_67,maman45,iter,1,0.25
Gaël_67,maman48,iter,1,0.25
Gaël_67,ouvrir1042,iter,1,0.25
Gaël_67,écrit1035,iter,1,0.25
Gaël_68,bébé11,iter,1,0.25
Gaël_68,bébé3,iter,1,0.25
Gaël_68,bébé6,iter,1,0.25
Gaël_68,c'est ça15,iter,1,0.25
Gaël_68,c'est ça17,iter,1,0.25
Gaël_68,c'est ça20,iter,1,0.25
Gaël_68,c'est ça21,iter,1,0.25
Gaël_68,c'est ça22,iter,1,0.25
Gaël_68,c'est ça25,iter,1,0.25
Gaël_68,c'est ça29,iter,1,0.25
Gaël_68,c'est ça31,iter,1,0.25
Gaël_68,chercher1342,iter,1,0.25
Gaël_68,ici1037,iter,1,0.25
Gaël_68,là bas40,iter,1,0.25
Gaël_68,ouvrir1039,iter,1,0.25
Gaël_68,ouvrir1044,iter,1,0.25
Gaël_68,papa52,iter,1,0.25
Gaël_68,voiture55,iter,1,0.25
Gaël_69,ballon1,iter,1,0.25
Gaël_69,bébé3,iter,1,0.25
Gaël_69,bébé8,iter,1,0.25
Gaël_69,c'est ça18,iter,1,0.25
Gaël_69,c'est ça22,iter,1,0.25
Gaël_69,c'est ça26,iter,1,0.25
Gaël_69,c'est ça27,iter,1,0.25
Gaël_69,c'est ça29,iter,1,0.25
Gaël_69,c'est ça30,iter,1,0.25
Gaël_69,chercher1340,iter,1,0.25
Gaël_69,maman45,iter,1,0.25
Gaël_69,maman47,iter,1,0.25
Gaël_69,maman49,iter,1,0.25
Gaël_69,ouvrir1040,iter,1,0.25
Gaël_69,papa50,iter,1,0.25
Gaël_69,écrit1035,iter,1,0.25
Gaël_69,écrit1036,iter,1,0.25
Gaël_7,ici1038,iter,1,0.25
Gaël_7,machine42,iter,1,0.25
Gaël_70,ballon1,iter,1,0.25
Gaël_70,bébé4,iter,1,0.25
Gaël_70,bébé6,iter,1,0.25
Gaël_70,bébé7,iter,1,0.25
Gaël_70,bébé8,iter,1,0.25
Gaël_70,c'est ça14,iter,1,0.25
Gaël_70,c'est ça15,iter,1,0.25
Gaël_70,c'est ça18,iter,1,0.25
Gaël_70,c'est ça22,iter,1,0.25
Gaël_70,c'est ça26,iter,1,0.25
Gaël_70,c'est ça28,iter,1,0.25
Gaël_70,c'est ça31,iter,1,0.25
Gaël_70,chercher1342,iter,1,0.25
Gaël_70,dormir1343,iter,1,0.25
Gaël_70,maman45,iter,1,0.25
Gaël_70,maman47,iter,1,0.25
Gaël_70,ouvrir1039,iter,1,0.25
Gaël_70,ouvrir1042,iter,1,0.25
Gaël_71,bébé10,iter,1,0.25
Gaël_71,bébé13,iter,1,0.25
Gaël_71,bébé2,iter,1,0.25
Gaël_71,bébé3,iter,1,0.25
Gaël_71,c'est ça15,iter,1,0.25
Gaël_71,c'est ça19,iter,1,0.25
Gaël_71,c'est ça23,iter,1,0.25
Gaël_71,c'est ça26,iter,1,0.25
Gaël_71,c'est ça32,iter,1,0.25
Gaël_71,c'est ça33,iter,1,0.25
Gaël_71,casser34,iter,1,0.25
Gaël_71,chercher1342,iter,1,0.25
Gaël_71,ouvrir1043,iter,1,0.25
Gaël_71,ouvrir1044,iter,1,0.25
Gaël_71,écrit1036,iter,1,0.25
Gaël_72,bébé13,iter,1,0.25
Gaël_72,bébé5,iter,1,0.25
Gaël_72,c'est ça19,iter,1,0.25
Gaël_72,c'est ça24,iter,1,0.25
Gaël_72,c'est ça27,iter,1,0.25
Gaël_72,c'est ça28,iter,1,0.25
Gaël_72,c'est ça29,iter,1,0.25
Gaël_72,c'est ça31,iter,1,0.25
Gaël_72,c'est ça33,iter,1,0.25
Gaël_72,casser34,iter,1,0.25
Gaël_72,dodo37,iter,1,0.25
Gaël_72,ici1038,iter,1,0.25
Gaël_72,là bas39,iter,1,0.25
Gaël_72,ouvrir1039,iter,1,0.25
Gaël_72,ouvrir1041,iter,1,0.25
Gaël_72,ouvrir1042,iter,1,0.25
Gaël_72,ouvrir1043,iter,1,0.25
Gaël_72,voiture54,iter,1,0.25
Gaël_72,voiture55,iter,1,0.25
Gaël_73,ballon1,iter,1,0.25
Gaël_73,bébé10,iter,1,0.25
Gaël_73,bébé12,iter,1,0.25
Gaël_73,bébé13,iter,1,0.25
Gaël_73,bébé4,iter,1,0.25
Gaël_73,bébé7,iter,1,0.25
Gaël_73,c'est ça14,iter,1,0.25
Gaël_73,c'est ça15,iter,1,0.25
Gaël_73,c'est ça18,iter,1,0.25
Gaël_73,c'est ça21,iter,1,0.25
Gaël_73,c'est ça26,iter,1,0.25
Gaël_73,casser34,iter,1,0.25
Gaël_73,casser35,iter,1,0.25
Gaël_73,dedans36,iter,1,0.25
Gaël_73,grelot38,iter,1,0.25
Gaël_73,ici1038,iter,1,0.25
Gaël_73,ouvrir1040,iter,1,0.25
Gaël_73,papa52,iter,1,0.25
Gaël_74,bébé13,iter,1,0.25
Gaël_74,bébé4,iter,1,0.25
Gaël_74,bébé6,iter,1,0.25
Gaël_74,bébé9,iter,1,0.25
Gaël_74,c'est ça17,iter,1,0.25
Gaël_74,c'est ça19,iter,1,0.25
Gaël_74,c'est ça21,iter,1,0.25
Gaël_74,c'est ça26,iter,1,0.25
Gaël_74,c'est ça27,iter,1,0.25
Gaël_74,c'est ça33,iter,1,0.25
Gaël_74,casser34,iter,1,0.25
Gaël_74,chercher1340,iter,1,0.25
Gaël_74,chercher1342,iter,1,0.25
Gaël_74,là bas39,iter,1,0.25
Gaël_74,voiture55,iter,1,0.25
Gaël_74,écrit1036,iter,1,0.25
Gaël_75,bébé10,iter,1,0.25
Gaël_75,bébé2,iter,1,0.25
Gaël_75,bébé6,iter,1,0.25
Gaël_75,bébé8,iter,1,0.25
Gaël_75,c'est ça15,iter,1,0.25
Gaël_75,c'est ça24,iter,1,0.25
Gaël_75,c'est ça25,iter,1,0.25
Gaël_75,c'est ça26,iter,1,0.25
Gaël_75,c'est ça27,iter,1,0.25
Gaël_75,c'est ça31,iter,1,0.25
Gaël_75,casser35,iter,1,0.25
Gaël_75,maman47,iter,1,0.25
Gaël_75,maman49,iter,1,0.25
Gaël_75,ouvrir1039,iter,1,0.25
Gaël_75,ouvrir1043,iter,1,0.25
Gaël_75,écrit1036,iter,1,0.25
Gaël_76,bébé12,iter,1,0.25
Gaël_76,bébé2,iter,1,0.25
Gaël_76,bébé6,iter,1,0.25
Gaël_76,bébé8,iter,1,0.25
Gaël_76,bébé9,iter,1,0.25
Gaël_76,c'est ça15,iter,1,0.25
Gaël_76,c'est ça16,iter,1,0.25
Gaël_76,c'est ça24,iter,1,0.25
Gaël_76,c'est ça27,iter,1,0.25
Gaël_76,c'est ça29,iter,1,0.25
Gaël_76,c'est ça32,iter,1,0.25
Gaël_76,dedans36,iter,1,0.25
Gaël_76,dodo37,iter,1,0.25
Gaël_76,maman45,iter,1,0.25
Gaël_76,maman46,iter,1,0.25
Gaël_76,maman48,iter,1,0.25
Gaël_76,ouvrir1040,iter,1,0.25
Gaël_76,papa52,iter,1,0.25
Gaël_76,écrit1035,iter,1,0.25
Gaël_77,c'est ça16,iter,1,0.25
Gaël_77,c'est ça20,iter,1,0.25
Gaël_77,c'est ça21,iter,1,0.25
Gaël_77,c'est ça23,iter,1,0.25
Gaël_77,c'est ça24,iter,1,0.25
Gaël_77,c'est ça28,iter,1,0.25
Gaël_77,c'est ça31,iter,1,0.25
Gaël_77,c'est ça32,iter,1,0.25
Gaël_77,c'est ça33,iter,1,0.25
Gaël_77,dedans36,iter,1,0.25
Gaël_77,ici1037,iter,1,0.25
Gaël_78,bébé2,iter,1,0.25
Gaël_78,bébé3,iter,1,0.25
Gaël_78,bébé4,iter,1,0.25
Gaël_78,bébé8,iter,1,0.25
Gaël_78,c'est ça16,iter,1,0.25
Gaël_78,c'est ça17,iter,1,0.25
Gaël_78,c'est ça23,iter,1,0.25
Gaël_78,c'est ça24,iter,1,0.25
Gaël_78,c'est ça27,iter,1,0.25
Gaël_78,c'est ça28,iter,1,0.25
Gaël_78,casser35,iter,1,0.25
Gaël_78,chercher1341,iter,1,0.25
Gaël_78,dedans36,iter,1,0.25
Gaël_78,dodo37,iter,1,0.25
Gaël_78,ici1037,iter,1,0.25
Gaël_78,papa52,iter,1,0.25
Gaël_78,tout seul53,iter,1,0.25
Gaël_79,ballon1,iter,1,0.25
Gaël_79,bébé12,iter,1,0.25
Gaël_79,bébé5,iter,1,0.25
Gaël_79,bébé9,iter,1,0.25
Gaël_79,c'est ça16,iter,1,0.25
Gaël_79,c'est ça20,iter,1,0.25
Gaël_79,c'est ça21,iter,1,0.25
Gaël_79,c'est ça23,iter,1,0.25
Gaël_79,c'est ça24,iter,1,0.25
Gaël_79,c'est ça29,iter,1,0.25
Gaël_79,c'est ça30,iter,1,0.25
Gaël_79,casser34,iter,1,0.25
Gaël_79,dormir1343,iter,1,0.25
Gaël_79,ouvrir1041,iter,1,0.25
Gaël_79,ouvrir1042,iter,1,0.25
Gaël_79,papa50,iter,1,0.25
Gaël_79,papa52,iter,1,0.25
Gaël_8,bébé10,iter,1,0.25
Gaël_8,bébé9,iter,1,0.25
Gaël_8,c'est ça19,iter,1,0.25
Gaël_8,c'est ça20,iter,1,0.25
Gaël_8,c'est ça21,iter,1,0.25
Gaël_8,c'est ça22,iter,1,0.25
Gaël_8,c'est ça23,iter,1,0.25
Gaël_8,c'est ça24,iter,1,0.25
Gaël_8,casser35,iter,1,0.25
Gaël_8,dedans36,iter,1,0.25
Gaël_8,dormir1343,iter,1,0.25
Gaël_8,grelot38,iter,1,0.25
Gaël_8,ici1037,iter,1,0.25
Gaël_8,ouvrir1039,iter,1,0.25
Gaël_8,ouvrir1041,iter,1,0.25
Gaël_8,papa50,iter,1,0.25
Gaël_8,tout seul53,iter,1,0.25
Gaël_8,écrit1035,iter,1,0.25
Gaël_80,bébé13,iter,1,0.25
Gaël_80,bébé5,iter,1,0.25
Gaël_80,bébé8,iter,1,0.25
Gaël_80,c'est ça16,iter,1,0.25
Gaël_80,c'est ça22,iter,1,0.25
Gaël_80,c'est ça23,iter,1,0.25
Gaël_80,c'est ça26,iter,1,0.25
Gaël_80,c'est ça27,iter,1,0.25
Gaël_80,c'est ça28,iter,1,0.25
Gaël_80,c'est ça29,iter,1,0.25
Gaël_80,c'est ça32,iter,1,0.25
Gaël_80,c'est ça33,iter,1,0.25
Gaël_80,chercher1341,iter,1,0.25
Gaël_80,dedans36,iter,1,0.25
Gaël_80,dormir1343,iter,1,0.25
Gaël_80,maman48,iter,1,0.25
Gaël_80,ouvrir1043,iter,1,0.25
Gaël_80,écrit1035,iter,1,0.25
Gaël_80,écrit1036,iter,1,0.25
Gaël_81,bébé11,iter,1,0.25
Gaël_81,bébé13,iter,1,0.25
Gaël_81,c'est ça14,iter,1,0.25
Gaël_81,c'est ça17,iter,1,0.25
Gaël_81,c'est ça26,iter,1,0.25
Gaël_81,c'est ça27,iter,1,0.25
Gaël_81,c'est ça28,iter,1,0.25
Gaël_81,c'est ça31,iter,1,0.25
Gaël_81,casser34,iter,1,0.25
Gaël_81,casser35,iter,1,0.25
Gaël_81,chercher1342,iter,1,0.25
Gaël_81,dodo37,iter,1,0.25
Gaël_81,ici1037,iter,1,0.25
Gaël_81,ouvrir1039,iter,1,0.25
Gaël_81,papa52,iter,1,0.25
Gaël_81,tout seul53,iter,1,0.25
Gaël_81,écrit1035,iter,1,0.25
Gaël_82,ballon1,iter,1,0.25
Gaël_82,bébé7,iter,1,0.25
Gaël_82,c'est ça19,iter,1,0.25
Gaël_82,c'est ça21,iter,1,0.25
Gaël_82,c'est ça22,iter,1,0.25
Gaël_82,c'est ça24,iter,1,0.25
Gaël_82,c'est ça26,iter,1,0.25
Gaël_82,c'est ça28,iter,1,0.25
Gaël_82,c'est ça31,iter,1,0.25
Gaël_82,chercher1340,iter,1,0.25
Gaël_82,chercher1341,iter,1,0.25
Gaël_82,dedans36,iter,1,0.25
Gaël_82,ici1037,iter,1,0.25
Gaël_82,tout seul53,iter,1,0.25
Gaël_82,écrit1035,iter,1,0.25
Gaël_83,bébé10,iter,1,0.25
Gaël_83,bébé11,iter,1,0.25
Gaël_83,bébé5,iter,1,0.25
Gaël_83,bébé7,iter,1,0.25
Gaël_83,bébé8,iter,1,0.25
Gaël_83,c'est ça14,iter,1,0.25
Gaël_83,c'est ça24,iter,1,0.25
Gaël_83,c'est ça28,iter,1,0.25
Gaël_83,c'est ça29,iter,1,0.25
Gaël_83,c'est ça30,iter,1,0.25
Gaël_83,c'est ça31,iter,1,0.25
Gaël_83,dedans36,iter,1,0.25
Gaël_83,maman44,iter,1,0.25
Gaël_83,ouvrir1040,iter,1,0.25
Gaël_83,ouvrir1041,iter,1,0.25
Gaël_83,ouvrir1042,iter,1,0.25
Gaël_83,ouvrir1044,iter,1,0.25
Gaël_83,papa51,iter,1,0.25
Gaël_83,écrit1035,iter,1,0.25
Gaël_84,bébé2,iter,1,0.25
Gaël_84,bébé9,iter,1,0.25
Gaël_84,c'est ça18,iter,1,0.25
Gaël_84,c'est ça22,iter,1,0.25
Gaël_84,c'est ça24,iter,1,0.25
Gaël_84,c'est ça26,iter,1,0.25
Gaël_84,c'est ça30,iter,1,0.25
Gaël_84,c'est ça31,iter,1,0.25
Gaël_84,c'est ça32,iter,1,0.25
Gaël_84,c'est ça33,iter,1,0.25
Gaël_84,chercher1340,iter,1,0.25
Gaël_84,chercher1341,iter,1,0.25
Gaël_84,chercher1342,iter,1,0.25
Gaël_84,ici1037,iter,1,0.25
Gaël_84,là bas39,iter,1,0.25
Gaël_84,écrit1035,iter,1,0.25
Gaël_85,ballon1,iter,1,0.25
Gaël_85,bébé11,iter,1,0.25
Gaël_85,bébé12,iter,1,0.25
Gaël_85,bébé2,iter,1,0.25
Gaël_85,bébé4,iter,1,0.25
Gaël_85,bébé8,iter,1,0.25
Gaël_85,bébé9,iter,1,0.25
Gaël_85,c'est ça19,iter,1,0.25
Gaël_85,c'est ça21,iter,1,0.25
Gaël_85,c'est ça23,iter,1,0.25
Gaël_85,c'est ça24,iter,1,0.25
Gaël_85,c'est ça29,iter,1,0.25
Gaël_85,c'est ça33,iter,1,0.25
Gaël_85,casser34,iter,1,0.25
Gaël_85,chercher1340,iter,1,0.25
Gaël_85,chercher1342,iter,1,0.25
Gaël_85,dodo37,iter,1,0.25
Gaël_85,ouvrir1043,iter,1,0.25
Gaël_85,tout seul53,iter,1,0.25
Gaël_86,bébé10,iter,1,0.25
Gaël_86,bébé11,iter,1,0.25
Gaël_86,bébé13,iter,1,0.25
Gaël_86,bébé2,iter,1,0.25
Gaël_86,c'est ça17,iter,1,0.25
Gaël_86,c'est ça18,iter,1,0.25
Gaël_86,c'est ça19,iter,1,0.25
Gaël_86,c'est ça25,iter,1,0.25
Gaël_86,c'est ça33,iter,1,0.25
Gaël_86,casser34,iter,1,0.25
Gaël_86,dedans36,iter,1,0.25
Gaël_86,dodo37,iter,1,0.25
Gaël_86,ici1038,iter,1,0.25
Gaël_86,là bas39,iter,1,0.25
Gaël_86,maman43,iter,1,0.25
Gaël_86,maman44,iter,1,0.25
Gaël_86,ouvrir1043,iter,1,0.25
Gaël_86,papa50,iter,1,0.25
Gaël_87,ballon1,iter,1,0.25
Gaël_87,bébé13,iter,1,0.25
Gaël_87,bébé5,iter,1,0.25
Gaël_87,bébé7,iter,1,0.25
Gaël_87,c'est ça14,iter,1,0.25
Gaël_87,c'est ça29,iter,1,0.25
Gaël_87,c'est ça32,iter,1,0.25
Gaël_87,chercher1341,iter,1,0.25
Gaël_87,chercher1342,iter,1,0.25
Gaël_87,ici1038,iter,1,0.25
Gaël_87,maman43,iter,1,0.25
Gaël_87,maman44,iter,1,0.25
Gaël_87,maman48,iter,1,0.25
Gaël_87,ouvrir1039,iter,1,0.25
Gaël_87,ouvrir1041,iter,1,0.25
Gaël_87,ouvrir1043,iter,1,0.25
Gaël_87,papa50,iter,1,0.25
Gaël_87,papa52,iter,1,0.25
Gaël_88,bébé10,iter,1,0.25
Gaël_88,bébé12,iter,1,0.25
Gaël_88,bébé3,iter,1,0.25
Gaël_88,bébé9,iter,1,0.25
Gaël_88,c'est ça25,iter,1,0.25
Gaël_88,c'est ça27,iter,1,0.25
Gaël_88,c'est ça31,iter,1,0.25
Gaël_88,c'est ça32,iter,1,0.25
Gaël_88,chercher1340,iter,1,0.25
Gaël_88,ici1037,iter,1,0.25
Gaël_88,là bas40,iter,1,0.25
Gaël_88,machine42,iter,1,0.25
Gaël_88,ouvrir1041,iter,1,0.25
Gaël_88,ouvrir1043,iter,1,0.25
Gaël_88,papa50,iter,1,0.25
Gaël_88,papa51,iter,1,0.25
Gaël_88,papa52,iter,1,0.25
Gaël_88,écrit1036,iter,1,0.25
Gaël_9,bébé10,iter,1,0.25
Gaël_9,bébé3,iter,1,0.25
Gaël_9,bébé7,iter,1,0.25
Gaël_9,bébé8,iter,1,0.25
Gaël_9,c'est ça19,iter,1,0.25
Gaël_9,c'est ça22,iter,1,0.25
Gaël_9,c'est ça23,iter,1,0.25
Gaël_9,c'est ça30,iter,1,0.25
Gaël_9,c'est ça33,iter,1,0.25
Gaël_9,casser35,iter,1,0.25
Gaël_9,dedans36,iter,1,0.25
Gaël_9,ici1038,iter,1,0.25
Gaël_9,maman44,iter,1,0.25
Gaël_9,maman46,iter,1,0.25
Gaël_9,ouvrir1040,iter,1,0.25
Gaël_9,papa52,iter,1,0.25
Gaël_9,écrit1035,iter,1,0.25
Gaël_90,bébé10,iter,1,0.25
Gaël_90,bébé11,iter,1,0.25
Gaël_90,bébé12,iter,1,0.25
Gaël_90,bébé2,iter,1,0.25
Gaël_90,c'est ça15,iter,1,0.25
Gaël_90,c'est ça23,iter,1,0.25
Gaël_90,c'est ça27,iter,1,0.25
Gaël_90,chercher1341,iter,1,0.25
Gaël_90,chercher1342,iter,1,0.25
Gaël_90,dodo37,iter,1,0.25
Gaël_90,grelot38,iter,1,0.25
Gaël_90,ici1038,iter,1,0.25
Gaël_90,ouvrir1043,iter,1,0.25
Gaël_90,papa50,iter,1,0.25
Gaël_90,papa51,iter,1,0.25
Gaël_91,bébé6,iter,1,0.25
Gaël_91,bébé9,iter,1,0.25
Gaël_91,c'est ça14,iter,1,0.25
Gaël_91,c'est ça24,iter,1,0.25
Gaël_91,c'est ça27,iter,1,0.25
Gaël_91,c'est ça28,iter,1,0.25
Gaël_91,c'est ça33,iter,1,0.25
Gaël_91,chercher1341,iter,1,0.25
Gaël_91,dedans36,iter,1,0.25
Gaël_91,dormir1343,iter,1,0.25
Gaël_91,ici1037,iter,1,0.25
Gaël_91,maman44,iter,1,0.25
Gaël_91,maman47,iter,1,0.25
Gaël_91,maman49,iter,1,0.25
Gaël_91,ouvrir1040,iter,1,0.25
Gaël_91,ouvrir1041,iter,1,0.25
Gaël_91,ouvrir1042,iter,1,0.25
Gaël_91,écrit1035,iter,1,0.25
Gaël_92,bébé12,iter,1,0.25
Gaël_92,bébé3,iter,1,0.25
Gaël_92,bébé4,iter,1,0.25
Gaël_92,bébé6,iter,1,0.25
Gaël_92,bébé9,iter,1,0.25
Gaël_92,c'est ça21,iter,1,0.25
Gaël_92,c'est ça24,iter,1,0.25
Gaël_92,c'est ça26,iter,1,0.25
Gaël_92,casser35,iter,1,0.25
Gaël_92,chercher1341,iter,1,0.25
Gaël_92,chercher1342,iter,1,0.25
Gaël_92,dedans36,iter,1,0.25
Gaël_92,dodo37,iter,1,0.25
Gaël_92,maman44,iter,1,0.25
Gaël_92,maman45,iter,1,0.25
Gaël_92,maman49,iter,1,0.25
Gaël_92,ouvrir1041,iter,1,0.25
Gaël_92,ouvrir1044,iter,1,0.25
Gaël_93,bébé13,iter,1,0.25
Gaël_93,bébé5,iter,1,0.25
Gaël_93,bébé6,iter,1,0.25
Gaël_93,c'est ça15,iter,1,0.25
Gaël_93,c'est ça16,iter,1,0.25
Gaël_93,c'est ça17,iter,1,0.25
Gaël_93,c'est ça23,iter,1,0.25
Gaël_93,c'est ça31,iter,1,0.25
Gaël_93,c'est ça32,iter,1,0.25
Gaël_93,casser35,iter,1,0.25
Gaël_93,dedans36,iter,1,0.25
Gaël_93,dodo37,iter,1,0.25
Gaël_93,dormir1343,iter,1,0.25
Gaël_93,grelot38,iter,1,0.25
Gaël_93,ouvrir1042,iter,1,0.25
Gaël_93,papa50,iter,1,0.25
Gaël_93,papa51,iter,1,0.25
Gaël_93,voiture55,iter,1,0.25
Gaël_94,ballon1,iter,1,0.25
Gaël_94,bébé10,iter,1,0.25
Gaël_94,bébé12,iter,1,0.25
Gaël_94,bébé5,iter,1,0.25
Gaël_94,bébé6,iter,1,0.25
Gaël_94,bébé7,iter,1,0.25
Gaël_94,casser35,iter,1,0.25
Gaël_94,chercher1340,iter,1,0.25
Gaël_94,chercher1341,iter,1,0.25
Gaël_94,dormir1343,iter,1,0.25
Gaël_94,là bas39,iter,1,0.25
Gaël_94,là bas40,iter,1,0.25
Gaël_94,maman45,iter,1,0.25
Gaël_94,ouvrir1040,iter,1,0.25
Gaël_94,ouvrir1043,iter,1,0.25
Gaël_94,papa51,iter,1,0.25
Gaël_94,écrit1035,iter,1,0.25
Gaël_94,écrit1036,iter,1,0.25
Gaël_95,bébé10,iter,1,0.25
Gaël_95,bébé2,iter,1,0.25
Gaël_95,bébé7,iter,1,0.25
Gaël_95,bébé8,iter,1,0.25
Gaël_95,c'est ça14,iter,1,0.25
Gaël_95,c'est ça20,iter,1,0.25
Gaël_95,c'est ça21,iter,1,0.25
Gaël_95,c'est ça23,iter,1,0.25
Gaël_95,c'est ça26,iter,1,0.25
Gaël_95,c'est ça27,iter,1,0.25
Gaël_95,chercher1340,iter,1,0.25
Gaël_95,dodo37,iter,1,0.25
Gaël_95,là bas39,iter,1,0.25
Gaël_95,là bas40,iter,1,0.25
Gaël_95,maman47,iter,1,0.25
Gaël_95,ouvrir1044,iter,1,0.25
Gaël_95,papa52,iter,1,0.25
Gaël_95,écrit1035,iter,1,0.25
Gaël_96,bébé11,iter,1,0.25
Gaël_96,bébé9,iter,1,0.25
Gaël_96,c'est ça19,iter,1,0.25
Gaël_96,c'est ça20,iter,1,0.25
Gaël_96,c'est ça25,iter,1,0.25
Gaël_96,c'est ça30,iter,1,0.25
Gaël_96,chercher1342,iter,1,0.25
Gaël_96,dedans36,iter,1,0.25
Gaël_96,ici1037,iter,1,0.25
Gaël_96,là bas39,iter,1,0.25
Gaël_96,maman43,iter,1,0.25
Gaël_96,maman47,iter,1,0.25
Gaël_96,ouvrir1041,iter,1,0.25
Gaël_96,papa51,iter,1,0.25
Gaël_96,écrit1035,iter,1,0.25
Gaël_97,ballon1,iter,1,0.25
Gaël_97,bébé4,iter,1,0.25
Gaël_97,bébé6,iter,1,0.25
Gaël_97,bébé7,iter,1,0.25
Gaël_97,c'est ça14,iter,1,0.25
Gaël_97,c'est ça19,iter,1,0.25
Gaël_97,c'est ça22,iter,1,0.25
Gaël_97,c'est ça23,iter,1,0.25
Gaël_97,c'est ça31,iter,1,0.25
Gaël_97,casser34,iter,1,0.25
Gaël_97,chercher1340,iter,1,0.25
Gaël_97,chercher1342,iter,1,0.25
Gaël_97,dedans36,iter,1,0.25
Gaël_97,dormir1343,iter,1,0.25
Gaël_97,maman44,iter,1,0.25
Gaël_97,maman45,iter,1,0.25
Gaël_97,maman47,iter,1,0.25
Gaël_97,ouvrir1039,iter,1,0.25
Gaël_98,bébé13,iter,1,0.25
Gaël_98,bébé4,iter,1,0.25
Gaël_98,grelot38,iter,1,0.25
Gaël_98,maman46,iter,1,0.25
Gaël_98,maman47,iter,1,0.25
Gaël_98,maman48,iter,1,0.25
Gaël_98,ouvrir1040,iter,1,0.25
Gaël_98,ouvrir1044,iter,1,0.25
Gaël_99,bébé4,iter,1,0.25
Gaël_99,bébé6,iter,1,0.25
Gaël_99,c'est ça15,iter,1,0.25
Gaël_99,c'est ça18,iter,1,0.25
Gaël_99,c'est ça20,iter,1,0.25
Gaël_99,c'est ça22,iter,1,0.25
Gaël_99,c'est ça23,iter,1,0.25
Gaël_99,c'est ça27,iter,1,0.25
Gaël_99,casser34,iter,1,0.25
Gaël_99,dedans36,iter,1,0.25
Gaël_99,dodo37,iter,1,0.25
Gaël_99,ici1037,iter,1,0.25
Gaël_99,là bas39,iter,1,0.25
Gaël_99,ouvrir1039,iter,1,0.25
Gaël_99,ouvrir1044,iter,1,0.25
Gaël_99,papa50,iter,1,0.25
Gaël_99,papa51,iter,1,0.25
Gwyn_1,babi867,iter,1,0.25
Gwyn_1,babi868,iter,1,0.25
Gwyn_1,blodau874,iter,1,0.25
Gwyn_1,"dau, tri888",iter,1,0.25
Gwyn_1,helo894,iter,1,0.25
Gwyn_1,helo897,iter,1,0.25
Gwyn_1,tedi913,iter,1,0.25
Gwyn_10,Guto893,iter,1,0.25
Gwyn_10,babi867,iter,1,0.25
Gwyn_10,babi868,iter,1,0.25
Gwyn_10,babi870,iter,1,0.25
Gwyn_10,blodau871,iter,1,0.25
Gwyn_10,blodau875,iter,1,0.25
Gwyn_10,blodau878,iter,1,0.25
Gwyn_11,Guto893,iter,1,0.25
Gwyn_11,Lucy901,iter,1,0.25
Gwyn_11,lala899,iter,1,0.25
Gwyn_11,tedi913,iter,1,0.25
Gwyn_12,Guto893,iter,1,0.25
Gwyn_12,cadw881,iter,1,0.25
Gwyn_12,"dau, tri889",iter,1,0.25
Gwyn_12,tedi913,iter,1,0.25
Gwyn_13,giraffe892,iter,1,0.25
Gwyn_14,Guto893,iter,1,0.25
Gwyn_14,cadw881,iter,1,0.25
Gwyn_14,helo897,iter,1,0.25
Gwyn_14,lala899,iter,1,0.25
Gwyn_15,Bwgan880,iter,1,0.25
Gwyn_15,Guto893,iter,1,0.25
Gwyn_15,babi868,iter,1,0.25
Gwyn_15,blodau875,iter,1,0.25
Gwyn_15,blodau877,iter,1,0.25
Gwyn_16,mwnci904,iter,1,0.25
Gwyn_16,mwnci905,iter,1,0.25
Gwyn_16,mwnci910,iter,1,0.25
Gwyn_17,cadw881,iter,1,0.25
Gwyn_17,"dau, tri885",iter,1,0.25
Gwyn_17,"dau, tri887",iter,1,0.25
Gwyn_17,"dau, tri889",iter,1,0.25
Gwyn_17,tedi913,iter,1,0.25
Gwyn_18,mwnci908,iter,1,0.25
Gwyn_18,mwnci910,iter,1,0.25
Gwyn_19,mwnci904,iter,1,0.25
Gwyn_19,mwnci906,iter,1,0.25
Gwyn_19,mwnci907,iter,1,0.25
Gwyn_19,mwnci908,iter,1,0.25
Gwyn_19,mwnci909,iter,1,0.25
Gwyn_19,mwnci910,iter,1,0.25
Gwyn_2,Guto893,iter,1,0.25
Gwyn_2,tedi913,iter,1,0.25
Gwyn_20,babi867,iter,1,0.25
Gwyn_20,babi868,iter,1,0.25
Gwyn_20,babi870,iter,1,0.25
Gwyn_20,blodau877,iter,1,0.25
Gwyn_20,blodau878,iter,1,0.25
Gwyn_20,cadw881,iter,1,0.25
Gwyn_20,tedi913,iter,1,0.25
Gwyn_21,Guto893,iter,1,0.25
Gwyn_21,eh-oh1786,iter,1,0.25
Gwyn_21,helo894,iter,1,0.25
Gwyn_21,helo895,iter,1,0.25
Gwyn_21,lala899,iter,1,0.25
Gwyn_21,lala900,iter,1,0.25
Gwyn_22,Guto893,iter,1,0.25
Gwyn_22,babi867,iter,1,0.25
Gwyn_22,babi868,iter,1,0.25
Gwyn_22,blodau872,iter,1,0.25
Gwyn_22,blodau873,iter,1,0.25
Gwyn_22,blodau875,iter,1,0.25
Gwyn_22,cadw881,iter,1,0.25
Gwyn_22,"dau, tri887",iter,1,0.25
Gwyn_22,"dau, tri889",iter,1,0.25
Gwyn_22,helo896,iter,1,0.25
Gwyn_22,helo897,iter,1,0.25
Gwyn_23,mwnci907,iter,1,0.25
Gwyn_24,Guto893,iter,1,0.25
Gwyn_24,babi868,iter,1,0.25
Gwyn_24,babi870,iter,1,0.25
Gwyn_24,blodau872,iter,1,0.25
Gwyn_24,blodau874,iter,1,0.25
Gwyn_24,blodau877,iter,1,0.25
Gwyn_25,cadw881,iter,1,0.25
Gwyn_25,helo894,iter,1,0.25
Gwyn_25,helo897,iter,1,0.25
Gwyn_26,helo895,iter,1,0.25
Gwyn_26,helo897,iter,1,0.25
Gwyn_26,lala898,iter,1,0.25
Gwyn_26,lala899,iter,1,0.25
Gwyn_27,Guto893,iter,1,0.25
Gwyn_27,Lucy902,iter,1,0.25
Gwyn_27,Noa911,iter,1,0.25
Gwyn_27,eh-oh1786,iter,1,0.25
Gwyn_27,helo895,iter,1,0.25
Gwyn_27,helo897,iter,1,0.25
Gwyn_27,lala900,iter,1,0.25
Gwyn_27,tedi913,iter,1,0.25
Gwyn_28,mwnci904,iter,1,0.25
Gwyn_28,mwnci909,iter,1,0.25
Gwyn_28,mwnci910,iter,1,0.25
Gwyn_29,helo894,iter,1,0.25
Gwyn_29,helo897,iter,1,0.25
Gwyn_29,lala899,iter,1,0.25
Gwyn_29,lala900,iter,1,0.25
Gwyn_29,tedi913,iter,1,0.25
Gwyn_3,Bwgan879,iter,1,0.25
Gwyn_3,Lucy902,iter,1,0.25
Gwyn_3,Noa911,iter,1,0.25
Gwyn_3,babi870,iter,1,0.25
Gwyn_3,helo895,iter,1,0.25
Gwyn_3,helo896,iter,1,0.25
Gwyn_3,lala899,iter,1,0.25
Gwyn_3,lala900,iter,1,0.25
Gwyn_3,tedi913,iter,1,0.25
Gwyn_30,Bwgan879,iter,1,0.25
Gwyn_30,Guto893,iter,1,0.25
Gwyn_30,Noa911,iter,1,0.25
Gwyn_30,babi870,iter,1,0.25
Gwyn_30,blodau872,iter,1,0.25
Gwyn_30,blodau874,iter,1,0.25
Gwyn_30,blodau875,iter,1,0.25
Gwyn_30,blodau877,iter,1,0.25
Gwyn_30,blodau878,iter,1,0.25
Gwyn_31,eh-oh1786,iter,1,0.25
Gwyn_32,Lucy901,iter,1,0.25
Gwyn_32,helo897,iter,1,0.25
Gwyn_32,lala900,iter,1,0.25
Gwyn_33,Guto893,iter,1,0.25
Gwyn_33,helo896,iter,1,0.25
Gwyn_33,lala900,iter,1,0.25
Gwyn_33,tedi913,iter,1,0.25
Gwyn_34,mwnci904,iter,1,0.25
Gwyn_34,mwnci910,iter,1,0.25
Gwyn_35,blodau876,iter,1,0.25
Gwyn_35,cadw881,iter,1,0.25
Gwyn_35,tedi913,iter,1,0.25
Gwyn_36,babi868,iter,1,0.25
Gwyn_36,babi870,iter,1,0.25
Gwyn_36,blodau871,iter,1,0.25
Gwyn_36,blodau875,iter,1,0.25
Gwyn_36,blodau876,iter,1,0.25
Gwyn_36,blodau878,iter,1,0.25
Gwyn_37,cadw881,iter,1,0.25
Gwyn_37,eh-oh1786,iter,1,0.25
Gwyn_37,helo895,iter,1,0.25
Gwyn_37,lala900,iter,1,0.25
Gwyn_38,Bwgan879,iter,1,0.25
Gwyn_38,Bwgan880,iter,1,0.25
Gwyn_38,Guto893,iter,1,0.25
Gwyn_38,babi867,iter,1,0.25
Gwyn_38,blodau871,iter,1,0.25
Gwyn_38,blodau872,iter,1,0.25
Gwyn_38,blodau873,iter,1,0.25
Gwyn_38,blodau876,iter,1,0.25
Gwyn_38,blodau877,iter,1,0.25
Gwyn_39,"dau, tri886",iter,1,0.25
Gwyn_39,"dau, tri889",iter,1,0.25
Gwyn_4,cadw881,iter,1,0.25
Gwyn_4,helo894,iter,1,0.25
Gwyn_4,lala898,iter,1,0.25
Gwyn_4,lala899,iter,1,0.25
Gwyn_4,tedi913,iter,1,0.25
Gwyn_40,Guto893,iter,1,0.25
Gwyn_40,adar1309,iter,1,0.25
Gwyn_40,babi869,iter,1,0.25
Gwyn_40,babi870,iter,1,0.25
Gwyn_40,blodau873,iter,1,0.25
Gwyn_40,blodau877,iter,1,0.25
Gwyn_40,blodau878,iter,1,0.25
Gwyn_40,cadw881,iter,1,0.25
Gwyn_40,"dau, tri886",iter,1,0.25
Gwyn_40,"dau, tri888",iter,1,0.25
Gwyn_40,helo895,iter,1,0.25
Gwyn_41,Bwgan880,iter,1,0.25
Gwyn_41,babi869,iter,1,0.25
Gwyn_41,babi870,iter,1,0.25
Gwyn_41,blodau872,iter,1,0.25
Gwyn_41,blodau873,iter,1,0.25
Gwyn_41,blodau878,iter,1,0.25
Gwyn_42,cwaccwac882,iter,1,0.25
Gwyn_43,cadw881,iter,1,0.25
Gwyn_43,"dau, tri885",iter,1,0.25
Gwyn_43,"dau, tri889",iter,1,0.25
Gwyn_43,tedi913,iter,1,0.25
Gwyn_44,babi869,iter,1,0.25
Gwyn_44,babi870,iter,1,0.25
Gwyn_44,blodau871,iter,1,0.25
Gwyn_44,blodau873,iter,1,0.25
Gwyn_44,blodau876,iter,1,0.25
Gwyn_44,blodau877,iter,1,0.25
Gwyn_44,blodau878,iter,1,0.25
Gwyn_44,cadw881,iter,1,0.25
Gwyn_45,"dau, tri886",iter,1,0.25
Gwyn_46,"dau, tri886",iter,1,0.25
Gwyn_46,"dau, tri887",iter,1,0.25
Gwyn_46,"dau, tri888",iter,1,0.25
Gwyn_46,"dau, tri889",iter,1,0.25
Gwyn_47,helo897,iter,1,0.25
Gwyn_47,tedi913,iter,1,0.25
Gwyn_48,babi868,iter,1,0.25
Gwyn_49,"dau, tri888",iter,1,0.25
Gwyn_5,mwnci905,iter,1,0.25
Gwyn_5,mwnci908,iter,1,0.25
Gwyn_5,mwnci909,iter,1,0.25
Gwyn_50,Guto893,iter,1,0.25
Gwyn_50,babi867,iter,1,0.25
Gwyn_50,babi868,iter,1,0.25
Gwyn_50,blodau871,iter,1,0.25
Gwyn_50,blodau873,iter,1,0.25
Gwyn_50,blodau878,iter,1,0.25
Gwyn_51,mwnci903,iter,1,0.25
Gwyn_51,mwnci906,iter,1,0.25
Gwyn_51,mwnci908,iter,1,0.25
Gwyn_52,Guto893,iter,1,0.25
Gwyn_52,eh-oh1786,iter,1,0.25
Gwyn_52,helo894,iter,1,0.25
Gwyn_52,lala900,iter,1,0.25
Gwyn_52,tedi913,iter,1,0.25
Gwyn_53,cwaccwac883,iter,1,0.25
Gwyn_55,Bwgan879,iter,1,0.25
Gwyn_55,babi867,iter,1,0.25
Gwyn_55,babi869,iter,1,0.25
Gwyn_55,cadw881,iter,1,0.25
Gwyn_56,mwnci907,iter,1,0.25
Gwyn_56,mwnci908,iter,1,0.25
Gwyn_57,giraffe890,iter,1,0.25
Gwyn_58,mwnci904,iter,1,0.25
Gwyn_58,mwnci906,iter,1,0.25
Gwyn_58,mwnci907,iter,1,0.25
Gwyn_58,mwnci908,iter,1,0.25
Gwyn_59,blodau871,iter,1,0.25
Gwyn_59,blodau873,iter,1,0.25
Gwyn_59,blodau875,iter,1,0.25
Gwyn_59,blodau876,iter,1,0.25
Gwyn_59,blodau878,iter,1,0.25
Gwyn_59,cadw881,iter,1,0.25
Gwyn_59,tedi913,iter,1,0.25
Gwyn_6,mwnci905,iter,1,0.25
Gwyn_6,mwnci907,iter,1,0.25
Gwyn_6,mwnci908,iter,1,0.25
Gwyn_6,mwnci909,iter,1,0.25
Gwyn_60,mwnci906,iter,1,0.25
Gwyn_60,mwnci907,iter,1,0.25
Gwyn_60,mwnci908,iter,1,0.25
Gwyn_60,mwnci909,iter,1,0.25
Gwyn_60,mwnci910,iter,1,0.25
Gwyn_61,Bwgan880,iter,1,0.25
Gwyn_61,babi867,iter,1,0.25
Gwyn_61,babi869,iter,1,0.25
Gwyn_61,eh-oh1786,iter,1,0.25
Gwyn_62,"dau, tri886",iter,1,0.25
Gwyn_62,"dau, tri887",iter,1,0.25
Gwyn_62,"dau, tri888",iter,1,0.25
Gwyn_62,tedi913,iter,1,0.25
Gwyn_63,Guto893,iter,1,0.25
Gwyn_63,helo895,iter,1,0.25
Gwyn_63,lala898,iter,1,0.25
Gwyn_63,lala899,iter,1,0.25
Gwyn_64,Noa911,iter,1,0.25
Gwyn_64,babi868,iter,1,0.25
Gwyn_64,babi870,iter,1,0.25
Gwyn_64,blodau871,iter,1,0.25
Gwyn_64,blodau874,iter,1,0.25
Gwyn_64,blodau875,iter,1,0.25
Gwyn_64,blodau878,iter,1,0.25
Gwyn_64,cadw881,iter,1,0.25
Gwyn_64,tedi913,iter,1,0.25
Gwyn_65,babi869,iter,1,0.25
Gwyn_65,eh-oh1786,iter,1,0.25
Gwyn_66,babi867,iter,1,0.25
Gwyn_66,babi870,iter,1,0.25
Gwyn_66,blodau875,iter,1,0.25
Gwyn_66,blodau876,iter,1,0.25
Gwyn_66,blodau877,iter,1,0.25
Gwyn_66,blodau878,iter,1,0.25
Gwyn_66,cadw881,iter,1,0.25
Gwyn_66,tedi913,iter,1,0.25
Gwyn_67,cwaccwac883,iter,1,0.25
Gwyn_68,Guto893,iter,1,0.25
Gwyn_68,lala899,iter,1,0.25
Gwyn_69,Bwgan879,iter,1,0.25
Gwyn_69,Noa911,iter,1,0.25
Gwyn_69,babi869,iter,1,0.25
Gwyn_69,blodau872,iter,1,0.25
Gwyn_69,blodau875,iter,1,0.25
Gwyn_69,blodau877,iter,1,0.25
Gwyn_69,eh-oh1786,iter,1,0.25
Gwyn_7,Lucy902,iter,1,0.25
Gwyn_7,cadw881,iter,1,0.25
Gwyn_7,eh-oh1786,iter,1,0.25
Gwyn_7,lala898,iter,1,0.25
Gwyn_7,lala899,iter,1,0.25
Gwyn_7,tedi913,iter,1,0.25
Gwyn_70,Bwgan879,iter,1,0.25
Gwyn_70,Guto893,iter,1,0.25
Gwyn_70,Noa911,iter,1,0.25
Gwyn_70,babi868,iter,1,0.25
Gwyn_70,blodau873,iter,1,0.25
Gwyn_70,blodau876,iter,1,0.25
Gwyn_70,blodau877,iter,1,0.25
Gwyn_70,blodau878,iter,1,0.25
Gwyn_70,tedi913,iter,1,0.25
Gwyn_72,giraffe890,iter,1,0.25
Gwyn_72,giraffe891,iter,1,0.25
Gwyn_74,babi868,iter,1,0.25
Gwyn_74,babi869,iter,1,0.25
Gwyn_74,blodau874,iter,1,0.25
Gwyn_74,blodau875,iter,1,0.25
Gwyn_75,mwnci906,iter,1,0.25
Gwyn_75,mwnci908,iter,1,0.25
Gwyn_76,Guto893,iter,1,0.25
Gwyn_77,giraffe890,iter,1,0.25
Gwyn_78,Lucy901,iter,1,0.25
Gwyn_78,Lucy902,iter,1,0.25
Gwyn_78,babi869,iter,1,0.25
Gwyn_78,blodau872,iter,1,0.25
Gwyn_78,blodau875,iter,1,0.25
Gwyn_78,blodau877,iter,1,0.25
Gwyn_78,blodau878,iter,1,0.25
Gwyn_78,cadw881,iter,1,0.25
Gwyn_78,"dau, tri885",iter,1,0.25
Gwyn_78,"dau, tri887",iter,1,0.25
Gwyn_78,"dau, tri889",iter,1,0.25
Gwyn_78,eh-oh1786,iter,1,0.25
Gwyn_78,helo894,iter,1,0.25
Gwyn_78,helo896,iter,1,0.25
Gwyn_8,Lucy902,iter,1,0.25
Gwyn_8,babi869,iter,1,0.25
Gwyn_8,blodau872,iter,1,0.25
Gwyn_8,blodau875,iter,1,0.25
Gwyn_8,blodau877,iter,1,0.25
Gwyn_8,cadw881,iter,1,0.25
Gwyn_8,"dau, tri886",iter,1,0.25
Gwyn_8,"dau, tri888",iter,1,0.25
Gwyn_8,"dau, tri889",iter,1,0.25
Gwyn_8,helo896,iter,1,0.25
Gwyn_8,lala898,iter,1,0.25
Gwyn_8,lala899,iter,1,0.25
Gwyn_8,tedi913,iter,1,0.25
Gwyn_80,Guto893,iter,1,0.25
Gwyn_80,blodau871,iter,1,0.25
Gwyn_82,babi869,iter,1,0.25
Gwyn_82,blodau871,iter,1,0.25
Gwyn_82,blodau872,iter,1,0.25
Gwyn_82,blodau874,iter,1,0.25
Gwyn_82,blodau875,iter,1,0.25
Gwyn_82,blodau876,iter,1,0.25
Gwyn_83,Lucy902,iter,1,0.25
Gwyn_83,eh-oh1786,iter,1,0.25
Gwyn_83,helo896,iter,1,0.25
Gwyn_83,helo897,iter,1,0.25
Gwyn_84,eh-oh1786,iter,1,0.25
Gwyn_84,helo894,iter,1,0.25
Gwyn_84,helo896,iter,1,0.25
Gwyn_84,lala899,iter,1,0.25
Gwyn_85,Noa911,iter,1,0.25
Gwyn_85,adar1308,iter,1,0.25
Gwyn_85,blodau873,iter,1,0.25
Gwyn_85,blodau874,iter,1,0.25
Gwyn_85,blodau875,iter,1,0.25
Gwyn_85,blodau878,iter,1,0.25
Gwyn_85,cadw881,iter,1,0.25
Gwyn_85,"dau, tri887",iter,1,0.25
Gwyn_85,"dau, tri888",iter,1,0.25
Gwyn_85,helo895,iter,1,0.25
Gwyn_85,helo897,iter,1,0.25
Gwyn_85,lala900,iter,1,0.25
Gwyn_86,Guto893,iter,1,0.25
Gwyn_86,babi867,iter,1,0.25
Gwyn_86,babi868,iter,1,0.25
Gwyn_86,blodau872,iter,1,0.25
Gwyn_86,blodau877,iter,1,0.25
Gwyn_86,cadw881,iter,1,0.25
Gwyn_87,Guto893,iter,1,0.25
Gwyn_87,adar1308,iter,1,0.25
Gwyn_87,babi868,iter,1,0.25
Gwyn_87,blodau871,iter,1,0.25
Gwyn_87,blodau873,iter,1,0.25
Gwyn_87,blodau875,iter,1,0.25
Gwyn_87,blodau878,iter,1,0.25
Gwyn_87,"dau, tri886",iter,1,0.25
Gwyn_87,helo895,iter,1,0.25
Gwyn_88,Guto893,iter,1,0.25
Gwyn_88,Lucy902,iter,1,0.25
Gwyn_88,tedi913,iter,1,0.25
Gwyn_89,Bwgan880,iter,1,0.25
Gwyn_89,babi869,iter,1,0.25
Gwyn_89,blodau872,iter,1,0.25
Gwyn_89,blodau873,iter,1,0.25
Gwyn_89,blodau877,iter,1,0.25
Gwyn_89,blodau878,iter,1,0.25
Gwyn_89,cadw881,iter,1,0.25
Gwyn_9,Guto893,iter,1,0.25
Gwyn_9,cadw881,iter,1,0.25
Gwyn_9,"dau, tri885",iter,1,0.25
Gwyn_9,"dau, tri887",iter,1,0.25
Gwyn_90,giraffe891,iter,1,0.25
Gwyn_91,Guto893,iter,1,0.25
Gwyn_91,helo894,iter,1,0.25
Gwyn_91,helo895,iter,1,0.25
Gwyn_91,helo897,iter,1,0.25
Gwyn_91,lala899,iter,1,0.25
Gwyn_91,lala900,iter,1,0.25
Gwyn_92,Bwgan879,iter,1,0.25
Gwyn_92,babi870,iter,1,0.25
Gwyn_92,blodau872,iter,1,0.25
Gwyn_92,blodau873,iter,1,0.25
Gwyn_93,Guto893,iter,1,0.25
Gwyn_93,cadw881,iter,1,0.25
Gwyn_93,"dau, tri887",iter,1,0.25
Gwyn_93,"dau, tri888",iter,1,0.25
Gwyn_93,"dau, tri889",iter,1,0.25
Gwyn_93,tedi913,iter,1,0.25
Gwyn_94,Guto893,iter,1,0.25
Gwyn_94,Noa911,iter,1,0.25
Gwyn_94,helo897,iter,1,0.25
Gwyn_94,lala898,iter,1,0.25
Gwyn_94,lala899,iter,1,0.25
Gwyn_94,lala900,iter,1,0.25
Gwyn_95,mwnci904,iter,1,0.25
Gwyn_95,mwnci907,iter,1,0.25
Gwyn_95,mwnci908,iter,1,0.25
Gwyn_95,mwnci909,iter,1,0.25
Gwyn_95,mwnci910,iter,1,0.25
Gwyn_96,mwnci908,iter,1,0.25
Gwyn_97,giraffe892,iter,1,0.25
Gwyn_98,Guto893,iter,1,0.25
Gwyn_98,"dau, tri886",iter,1,0.25
Gwyn_98,"dau, tri887",iter,1,0.25
Gwyn_99,"dau, tri885",iter,1,0.25
Gwyn_99,"dau, tri888",iter,1,0.25
Gwyn_99,"dau, tri889",iter,1,0.25
Gwyn_99,tedi913,iter,1,0.25
Haruo_1,I want it494,iter,1,0.25
Haruo_1,all gone503,iter,1,0.25
Haruo_1,all gone508,iter,1,0.25
Haruo_1,byebye475,iter,1,0.25
Haruo_1,foot1193,iter,1,0.25
Haruo_1,here495,iter,1,0.25
Haruo_1,hot1197,iter,1,0.25
Haruo_1,juice487,iter,1,0.25
Haruo_1,juice489,iter,1,0.25
Haruo_1,ouch1199,iter,1,0.25
Haruo_1,ouch1200,iter,1,0.25
Haruo_1,ouch1201,iter,1,0.25
Haruo_1,ouch1202,iter,1,0.25
Haruo_1,take off clothes510,iter,1,0.25
Haruo_10,all gone500,iter,1,0.25
Haruo_10,all gone502,iter,1,0.25
Haruo_10,all gone504,iter,1,0.25
Haruo_10,all gone505,iter,1,0.25
Haruo_10,don't482,iter,1,0.25
Haruo_10,foot1193,iter,1,0.25
Haruo_10,foot1194,iter,1,0.25
Haruo_10,hot1195,iter,1,0.25
Haruo_10,hot1196,iter,1,0.25
Haruo_10,juice485,iter,1,0.25
Haruo_10,juice488,iter,1,0.25
Haruo_10,ouch1198,iter,1,0.25
Haruo_10,please483,iter,1,0.25
Haruo_100,baby476,iter,1,0.25
Haruo_100,byebye475,iter,1,0.25
Haruo_100,car477,iter,1,0.25
Haruo_100,don't482,iter,1,0.25
Haruo_100,juice486,iter,1,0.25
Haruo_100,juice488,iter,1,0.25
Haruo_100,juice489,iter,1,0.25
Haruo_100,please483,iter,1,0.25
Haruo_100,where484,iter,1,0.25
Haruo_11,all gone500,iter,1,0.25
Haruo_11,all gone501,iter,1,0.25
Haruo_11,all gone502,iter,1,0.25
Haruo_11,all gone506,iter,1,0.25
Haruo_11,all gone509,iter,1,0.25
Haruo_11,foot1194,iter,1,0.25
Haruo_11,hot1195,iter,1,0.25
Haruo_11,juice487,iter,1,0.25
Haruo_11,juice489,iter,1,0.25
Haruo_11,juice490,iter,1,0.25
Haruo_11,juice491,iter,1,0.25
Haruo_12,jump1415,iter,1,0.25
Haruo_12,jump1417,iter,1,0.25
Haruo_13,jump1416,iter,1,0.25
Haruo_13,jump1418,iter,1,0.25
Haruo_14,byebye473,iter,1,0.25
Haruo_14,byebye475,iter,1,0.25
Haruo_14,car477,iter,1,0.25
Haruo_14,hello492,iter,1,0.25
Haruo_14,here496,iter,1,0.25
Haruo_14,hold me1704,iter,1,0.25
Haruo_14,juice486,iter,1,0.25
Haruo_14,juice487,iter,1,0.25
Haruo_14,juice488,iter,1,0.25
Haruo_14,juice489,iter,1,0.25
Haruo_14,juice490,iter,1,0.25
Haruo_14,ouch1198,iter,1,0.25
Haruo_14,ouch1201,iter,1,0.25
Haruo_14,ouch1202,iter,1,0.25
Haruo_14,shoes1706,iter,1,0.25
Haruo_15,car480,iter,1,0.25
Haruo_16,here495,iter,1,0.25
Haruo_16,hold me1703,iter,1,0.25
Haruo_17,all gone499,iter,1,0.25
Haruo_17,all gone503,iter,1,0.25
Haruo_17,all gone507,iter,1,0.25
Haruo_17,foot1193,iter,1,0.25
Haruo_17,foot1194,iter,1,0.25
Haruo_17,juice488,iter,1,0.25
Haruo_17,juice489,iter,1,0.25
Haruo_17,mummy498,iter,1,0.25
Haruo_17,please483,iter,1,0.25
Haruo_17,take off clothes510,iter,1,0.25
Haruo_17,where484,iter,1,0.25
Haruo_18,all gone500,iter,1,0.25
Haruo_18,all gone507,iter,1,0.25
Haruo_18,all gone508,iter,1,0.25
Haruo_18,byebye475,iter,1,0.25
Haruo_18,car479,iter,1,0.25
Haruo_18,here495,iter,1,0.25
Haruo_18,hot1196,iter,1,0.25
Haruo_18,juice485,iter,1,0.25
Haruo_18,ouch1202,iter,1,0.25
Haruo_18,please483,iter,1,0.25
Haruo_18,take off clothes510,iter,1,0.25
Haruo_19,all gone499,iter,1,0.25
Haruo_19,all gone502,iter,1,0.25
Haruo_19,all gone506,iter,1,0.25
Haruo_19,all gone507,iter,1,0.25
Haruo_19,baby476,iter,1,0.25
Haruo_19,byebye475,iter,1,0.25
Haruo_19,foot1192,iter,1,0.25
Haruo_19,foot1193,iter,1,0.25
Haruo_19,foot1194,iter,1,0.25
Haruo_19,here495,iter,1,0.25
Haruo_19,juice490,iter,1,0.25
Haruo_19,ouch1200,iter,1,0.25
Haruo_19,take off clothes510,iter,1,0.25
Haruo_2,I want it494,iter,1,0.25
Haruo_2,all gone500,iter,1,0.25
Haruo_2,all gone501,iter,1,0.25
Haruo_2,byebye473,iter,1,0.25
Haruo_2,car477,iter,1,0.25
Haruo_2,car478,iter,1,0.25
Haruo_2,car479,iter,1,0.25
Haruo_2,foot1193,iter,1,0.25
Haruo_2,here496,iter,1,0.25
Haruo_2,hot1195,iter,1,0.25
Haruo_2,juice487,iter,1,0.25
Haruo_2,mummy498,iter,1,0.25
Haruo_2,ouch1198,iter,1,0.25
Haruo_20,I want it493,iter,1,0.25
Haruo_20,all gone502,iter,1,0.25
Haruo_20,all gone508,iter,1,0.25
Haruo_20,byebye475,iter,1,0.25
Haruo_20,car478,iter,1,0.25
Haruo_20,don't482,iter,1,0.25
Haruo_20,foot1192,iter,1,0.25
Haruo_20,hot1196,iter,1,0.25
Haruo_20,juice485,iter,1,0.25
Haruo_20,juice487,iter,1,0.25
Haruo_20,juice491,iter,1,0.25
Haruo_20,ouch1199,iter,1,0.25
Haruo_20,ouch1200,iter,1,0.25
Haruo_22,I want it493,iter,1,0.25
Haruo_22,I want it494,iter,1,0.25
Haruo_22,all gone502,iter,1,0.25
Haruo_22,all gone505,iter,1,0.25
Haruo_22,all gone508,iter,1,0.25
Haruo_22,baby476,iter,1,0.25
Haruo_22,byebye475,iter,1,0.25
Haruo_22,car477,iter,1,0.25
Haruo_22,foot1192,iter,1,0.25
Haruo_22,foot1193,iter,1,0.25
Haruo_22,foot1194,iter,1,0.25
Haruo_22,here495,iter,1,0.25
Haruo_22,hot1197,iter,1,0.25
Haruo_22,juice491,iter,1,0.25
Haruo_22,ouch1201,iter,1,0.25
Haruo_22,ouch1202,iter,1,0.25
Haruo_22,take off clothes510,iter,1,0.25
Haruo_22,where484,iter,1,0.25
Haruo_23,I want it493,iter,1,0.25
Haruo_23,I want it494,iter,1,0.25
Haruo_23,all gone500,iter,1,0.25
Haruo_23,all gone502,iter,1,0.25
Haruo_23,byebye473,iter,1,0.25
Haruo_23,car479,iter,1,0.25
Haruo_23,foot1192,iter,1,0.25
Haruo_23,here495,iter,1,0.25
Haruo_23,hot1197,iter,1,0.25
Haruo_23,juice486,iter,1,0.25
Haruo_23,juice487,iter,1,0.25
Haruo_23,juice489,iter,1,0.25
Haruo_23,juice490,iter,1,0.25
Haruo_23,juice491,iter,1,0.25
Haruo_23,ouch1200,iter,1,0.25
Haruo_23,ouch1201,iter,1,0.25
Haruo_24,all gone500,iter,1,0.25
Haruo_24,all gone503,iter,1,0.25
Haruo_24,all gone505,iter,1,0.25
Haruo_24,all gone506,iter,1,0.25
Haruo_24,all gone507,iter,1,0.25
Haruo_24,foot1194,iter,1,0.25
Haruo_24,juice485,iter,1,0.25
Haruo_24,juice487,iter,1,0.25
Haruo_24,juice489,iter,1,0.25
Haruo_24,ouch1201,iter,1,0.25
Haruo_24,please483,iter,1,0.25
Haruo_26,all gone500,iter,1,0.25
Haruo_26,all gone501,iter,1,0.25
Haruo_26,all gone503,iter,1,0.25
Haruo_26,byebye475,iter,1,0.25
Haruo_26,car477,iter,1,0.25
Haruo_26,foot1192,iter,1,0.25
Haruo_26,here496,iter,1,0.25
Haruo_26,hot1195,iter,1,0.25
Haruo_26,hot1196,iter,1,0.25
Haruo_26,hot1197,iter,1,0.25
Haruo_26,juice490,iter,1,0.25
Haruo_26,ouch1198,iter,1,0.25
Haruo_26,ouch1199,iter,1,0.25
Haruo_26,ouch1200,iter,1,0.25
Haruo_26,this497,iter,1,0.25
Haruo_27,jump1413,iter,1,0.25
Haruo_28,byebye474,iter,1,0.25
Haruo_28,byebye475,iter,1,0.25
Haruo_28,car477,iter,1,0.25
Haruo_28,car478,iter,1,0.25
Haruo_28,car480,iter,1,0.25
Haruo_28,don't482,iter,1,0.25
Haruo_28,here495,iter,1,0.25
Haruo_28,hot1195,iter,1,0.25
Haruo_28,juice485,iter,1,0.25
Haruo_28,juice487,iter,1,0.25
Haruo_28,mummy498,iter,1,0.25
Haruo_29,byebye473,iter,1,0.25
Haruo_29,byebye474,iter,1,0.25
Haruo_29,car477,iter,1,0.25
Haruo_29,car479,iter,1,0.25
Haruo_29,car481,iter,1,0.25
Haruo_29,choochoo1708,iter,1,0.25
Haruo_29,foot1194,iter,1,0.25
Haruo_29,here495,iter,1,0.25
Haruo_29,juice485,iter,1,0.25
Haruo_29,juice487,iter,1,0.25
Haruo_29,juice488,iter,1,0.25
Haruo_29,juice490,iter,1,0.25
Haruo_29,ouch1202,iter,1,0.25
Haruo_3,byebye473,iter,1,0.25
Haruo_3,byebye475,iter,1,0.25
Haruo_3,car477,iter,1,0.25
Haruo_3,car478,iter,1,0.25
Haruo_3,car481,iter,1,0.25
Haruo_3,foot1194,iter,1,0.25
Haruo_3,hot1196,iter,1,0.25
Haruo_3,juice488,iter,1,0.25
Haruo_3,mummy498,iter,1,0.25
Haruo_3,ouch1198,iter,1,0.25
Haruo_3,ouch1201,iter,1,0.25
Haruo_3,ouch1202,iter,1,0.25
Haruo_3,take off clothes510,iter,1,0.25
Haruo_3,where484,iter,1,0.25
Haruo_30,all gone504,iter,1,0.25
Haruo_30,all gone509,iter,1,0.25
Haruo_30,foot1193,iter,1,0.25
Haruo_30,hot1195,iter,1,0.25
Haruo_30,hot1196,iter,1,0.25
Haruo_30,hot1197,iter,1,0.25
Haruo_30,juice488,iter,1,0.25
Haruo_30,juice490,iter,1,0.25
Haruo_30,ouch1202,iter,1,0.25
Haruo_30,take off clothes510,iter,1,0.25
Haruo_31,I want it493,iter,1,0.25
Haruo_31,all gone501,iter,1,0.25
Haruo_31,all gone502,iter,1,0.25
Haruo_31,all gone509,iter,1,0.25
Haruo_31,byebye473,iter,1,0.25
Haruo_31,byebye474,iter,1,0.25
Haruo_31,byebye475,iter,1,0.25
Haruo_31,hot1195,iter,1,0.25
Haruo_31,hot1197,iter,1,0.25
Haruo_31,juice488,iter,1,0.25
Haruo_31,juice490,iter,1,0.25
Haruo_31,mummy498,iter,1,0.25
Haruo_31,please483,iter,1,0.25
Haruo_31,take off clothes510,iter,1,0.25
Haruo_32,all gone501,iter,1,0.25
Haruo_32,all gone502,iter,1,0.25
Haruo_32,all gone503,iter,1,0.25
Haruo_32,all gone504,iter,1,0.25
Haruo_32,hot1196,iter,1,0.25
Haruo_32,juice485,iter,1,0.25
Haruo_32,juice488,iter,1,0.25
Haruo_32,juice489,iter,1,0.25
Haruo_32,mummy498,iter,1,0.25
Haruo_32,ouch1198,iter,1,0.25
Haruo_32,ouch1200,iter,1,0.25
Haruo_32,ouch1201,iter,1,0.25
Haruo_33,all gone503,iter,1,0.25
Haruo_33,all gone505,iter,1,0.25
Haruo_33,all gone508,iter,1,0.25
Haruo_33,baby476,iter,1,0.25
Haruo_33,car479,iter,1,0.25
Haruo_33,foot1193,iter,1,0.25
Haruo_33,here495,iter,1,0.25
Haruo_33,juice488,iter,1,0.25
Haruo_33,juice491,iter,1,0.25
Haruo_33,ouch1199,iter,1,0.25
Haruo_33,ouch1200,iter,1,0.25
Haruo_33,take off clothes510,iter,1,0.25
Haruo_33,where484,iter,1,0.25
Haruo_34,I want it493,iter,1,0.25
Haruo_34,hello492,iter,1,0.25
Haruo_34,hot1195,iter,1,0.25
Haruo_34,hot1196,iter,1,0.25
Haruo_34,juice490,iter,1,0.25
Haruo_34,ouch1202,iter,1,0.25
Haruo_35,I want it494,iter,1,0.25
Haruo_35,all gone507,iter,1,0.25
Haruo_35,all gone508,iter,1,0.25
Haruo_35,don't482,iter,1,0.25
Haruo_35,here495,iter,1,0.25
Haruo_35,hot1197,iter,1,0.25
Haruo_35,juice486,iter,1,0.25
Haruo_35,juice488,iter,1,0.25
Haruo_35,ouch1198,iter,1,0.25
Haruo_35,ouch1200,iter,1,0.25
Haruo_35,ouch1201,iter,1,0.25
Haruo_35,where484,iter,1,0.25
Haruo_36,all gone499,iter,1,0.25
Haruo_36,all gone500,iter,1,0.25
Haruo_36,all gone502,iter,1,0.25
Haruo_36,all gone503,iter,1,0.25
Haruo_36,all gone505,iter,1,0.25
Haruo_36,don't482,iter,1,0.25
Haruo_36,foot1192,iter,1,0.25
Haruo_36,hot1195,iter,1,0.25
Haruo_36,juice487,iter,1,0.25
Haruo_36,juice488,iter,1,0.25
Haruo_36,ouch1199,iter,1,0.25
Haruo_36,ouch1201,iter,1,0.25
Haruo_38,baby476,iter,1,0.25
Haruo_38,byebye473,iter,1,0.25
Haruo_38,car477,iter,1,0.25
Haruo_38,car478,iter,1,0.25
Haruo_38,foot1192,iter,1,0.25
Haruo_38,foot1193,iter,1,0.25
Haruo_38,foot1194,iter,1,0.25
Haruo_38,hot1195,iter,1,0.25
Haruo_38,hot1196,iter,1,0.25
Haruo_38,hot1197,iter,1,0.25
Haruo_38,juice486,iter,1,0.25
Haruo_38,juice490,iter,1,0.25
Haruo_38,ouch1199,iter,1,0.25
Haruo_38,ouch1200,iter,1,0.25
Haruo_38,where484,iter,1,0.25
Haruo_39,all gone499,iter,1,0.25
Haruo_39,all gone502,iter,1,0.25
Haruo_39,all gone504,iter,1,0.25
Haruo_39,all gone505,iter,1,0.25
Haruo_39,car477,iter,1,0.25
Haruo_39,car480,iter,1,0.25
Haruo_39,don't482,iter,1,0.25
Haruo_39,foot1193,iter,1,0.25
Haruo_39,juice485,iter,1,0.25
Haruo_39,juice486,iter,1,0.25
Haruo_39,juice488,iter,1,0.25
Haruo_39,juice489,iter,1,0.25
Haruo_39,ouch1199,iter,1,0.25
Haruo_39,please483,iter,1,0.25
Haruo_39,this497,iter,1,0.25
Haruo_4,all gone499,iter,1,0.25
Haruo_4,all gone500,iter,1,0.25
Haruo_4,all gone502,iter,1,0.25
Haruo_4,all gone507,iter,1,0.25
Haruo_4,don't482,iter,1,0.25
Haruo_4,foot1192,iter,1,0.25
Haruo_4,foot1193,iter,1,0.25
Haruo_4,hot1196,iter,1,0.25
Haruo_4,juice485,iter,1,0.25
Haruo_4,juice486,iter,1,0.25
Haruo_4,ouch1200,iter,1,0.25
Haruo_4,ouch1201,iter,1,0.25
Haruo_4,where484,iter,1,0.25
Haruo_40,please483,iter,1,0.25
Haruo_40,where484,iter,1,0.25
Haruo_41,all gone500,iter,1,0.25
Haruo_41,all gone501,iter,1,0.25
Haruo_41,all gone502,iter,1,0.25
Haruo_41,all gone503,iter,1,0.25
Haruo_41,all gone506,iter,1,0.25
Haruo_41,all gone508,iter,1,0.25
Haruo_41,all gone509,iter,1,0.25
Haruo_41,hot1196,iter,1,0.25
Haruo_41,ouch1199,iter,1,0.25
Haruo_41,where484,iter,1,0.25
Haruo_42,baby476,iter,1,0.25
Haruo_43,jump1413,iter,1,0.25
Haruo_43,jump1418,iter,1,0.25
Haruo_44,baby476,iter,1,0.25
Haruo_44,byebye474,iter,1,0.25
Haruo_44,car477,iter,1,0.25
Haruo_44,choochoo1708,iter,1,0.25
Haruo_44,don't482,iter,1,0.25
Haruo_44,foot1192,iter,1,0.25
Haruo_44,hot1196,iter,1,0.25
Haruo_44,juice486,iter,1,0.25
Haruo_45,all gone500,iter,1,0.25
Haruo_45,all gone504,iter,1,0.25
Haruo_45,all gone505,iter,1,0.25
Haruo_45,all gone506,iter,1,0.25
Haruo_45,foot1194,iter,1,0.25
Haruo_45,hot1197,iter,1,0.25
Haruo_45,juice486,iter,1,0.25
Haruo_45,juice487,iter,1,0.25
Haruo_45,juice488,iter,1,0.25
Haruo_45,juice490,iter,1,0.25
Haruo_45,juice491,iter,1,0.25
Haruo_45,mummy498,iter,1,0.25
Haruo_45,please483,iter,1,0.25
Haruo_45,where484,iter,1,0.25
Haruo_46,I want it493,iter,1,0.25
Haruo_46,all gone509,iter,1,0.25
Haruo_46,byebye473,iter,1,0.25
Haruo_46,byebye474,iter,1,0.25
Haruo_46,car478,iter,1,0.25
Haruo_46,car479,iter,1,0.25
Haruo_46,car481,iter,1,0.25
Haruo_46,don't482,iter,1,0.25
Haruo_46,juice489,iter,1,0.25
Haruo_46,mummy498,iter,1,0.25
Haruo_46,ouch1199,iter,1,0.25
Haruo_46,ouch1200,iter,1,0.25
Haruo_46,please483,iter,1,0.25
Haruo_46,take off clothes510,iter,1,0.25
Haruo_47,byebye474,iter,1,0.25
Haruo_47,car480,iter,1,0.25
Haruo_47,car481,iter,1,0.25
Haruo_47,cheers1410,iter,1,0.25
Haruo_48,here495,iter,1,0.25
Haruo_48,hold me1702,iter,1,0.25
Haruo_48,where484,iter,1,0.25
Haruo_49,byebye473,iter,1,0.25
Haruo_49,byebye474,iter,1,0.25
Haruo_49,choochoo1708,iter,1,0.25
Haruo_5,jump1414,iter,1,0.25
Haruo_5,jump1418,iter,1,0.25
Haruo_50,I want it493,iter,1,0.25
Haruo_50,all gone500,iter,1,0.25
Haruo_50,all gone508,iter,1,0.25
Haruo_50,car478,iter,1,0.25
Haruo_50,car480,iter,1,0.25
Haruo_50,car481,iter,1,0.25
Haruo_50,foot1192,iter,1,0.25
Haruo_50,here495,iter,1,0.25
Haruo_50,here496,iter,1,0.25
Haruo_50,juice488,iter,1,0.25
Haruo_50,juice491,iter,1,0.25
Haruo_50,ouch1198,iter,1,0.25
Haruo_50,ouch1201,iter,1,0.25
Haruo_50,please483,iter,1,0.25
Haruo_51,I want it494,iter,1,0.25
Haruo_51,all gone500,iter,1,0.25
Haruo_51,all gone504,iter,1,0.25
Haruo_51,baby476,iter,1,0.25
Haruo_51,byebye474,iter,1,0.25
Haruo_51,byebye475,iter,1,0.25
Haruo_51,foot1194,iter,1,0.25
Haruo_51,hot1197,iter,1,0.25
Haruo_51,juice485,iter,1,0.25
Haruo_51,juice486,iter,1,0.25
Haruo_51,juice487,iter,1,0.25
Haruo_51,juice489,iter,1,0.25
Haruo_51,ouch1198,iter,1,0.25
Haruo_51,ouch1199,iter,1,0.25
Haruo_51,where484,iter,1,0.25
Haruo_52,jump1418,iter,1,0.25
Haruo_53,I want it493,iter,1,0.25
Haruo_53,here496,iter,1,0.25
Haruo_56,here495,iter,1,0.25
Haruo_56,hold me1702,iter,1,0.25
Haruo_56,hold me1704,iter,1,0.25
Haruo_57,jump1413,iter,1,0.25
Haruo_57,jump1414,iter,1,0.25
Haruo_58,here495,iter,1,0.25
Haruo_58,hold me1703,iter,1,0.25
Haruo_58,where484,iter,1,0.25
Haruo_59,all gone502,iter,1,0.25
Haruo_59,baby476,iter,1,0.25
Haruo_59,byebye474,iter,1,0.25
Haruo_59,byebye475,iter,1,0.25
Haruo_59,foot1193,iter,1,0.25
Haruo_59,here496,iter,1,0.25
Haruo_59,hot1197,iter,1,0.25
Haruo_59,juice486,iter,1,0.25
Haruo_59,ouch1198,iter,1,0.25
Haruo_59,ouch1199,iter,1,0.25
Haruo_59,please483,iter,1,0.25
Haruo_59,shoes1705,iter,1,0.25
Haruo_59,take off clothes510,iter,1,0.25
Haruo_59,where484,iter,1,0.25
Haruo_6,jump1416,iter,1,0.25
Haruo_60,all gone501,iter,1,0.25
Haruo_60,all gone503,iter,1,0.25
Haruo_60,all gone504,iter,1,0.25
Haruo_60,all gone509,iter,1,0.25
Haruo_60,foot1192,iter,1,0.25
Haruo_60,hot1197,iter,1,0.25
Haruo_60,juice485,iter,1,0.25
Haruo_60,juice486,iter,1,0.25
Haruo_60,ouch1198,iter,1,0.25
Haruo_60,take off clothes510,iter,1,0.25
Haruo_61,I want it494,iter,1,0.25
Haruo_61,all gone499,iter,1,0.25
Haruo_61,all gone503,iter,1,0.25
Haruo_61,all gone506,iter,1,0.25
Haruo_61,all gone508,iter,1,0.25
Haruo_61,all gone509,iter,1,0.25
Haruo_61,byebye474,iter,1,0.25
Haruo_61,byebye475,iter,1,0.25
Haruo_61,car478,iter,1,0.25
Haruo_61,here495,iter,1,0.25
Haruo_61,hot1195,iter,1,0.25
Haruo_61,hot1197,iter,1,0.25
Haruo_61,juice488,iter,1,0.25
Haruo_61,juice490,iter,1,0.25
Haruo_61,ouch1198,iter,1,0.25
Haruo_61,take off clothes510,iter,1,0.25
Haruo_62,all gone500,iter,1,0.25
Haruo_62,all gone502,iter,1,0.25
Haruo_62,all gone504,iter,1,0.25
Haruo_62,all gone505,iter,1,0.25
Haruo_62,all gone508,iter,1,0.25
Haruo_62,all gone509,iter,1,0.25
Haruo_62,byebye474,iter,1,0.25
Haruo_62,byebye475,iter,1,0.25
Haruo_62,don't482,iter,1,0.25
Haruo_62,foot1193,iter,1,0.25
Haruo_62,here495,iter,1,0.25
Haruo_62,hot1196,iter,1,0.25
Haruo_62,juice485,iter,1,0.25
Haruo_62,juice491,iter,1,0.25
Haruo_62,ouch1199,iter,1,0.25
Haruo_62,ouch1202,iter,1,0.25
Haruo_62,where484,iter,1,0.25
Haruo_63,all gone502,iter,1,0.25
Haruo_63,hot1195,iter,1,0.25
Haruo_63,hot1196,iter,1,0.25
Haruo_63,hot1197,iter,1,0.25
Haruo_63,juice488,iter,1,0.25
Haruo_63,juice489,iter,1,0.25
Haruo_63,juice490,iter,1,0.25
Haruo_63,ouch1202,iter,1,0.25
Haruo_64,all gone502,iter,1,0.25
Haruo_64,all gone506,iter,1,0.25
Haruo_64,all gone508,iter,1,0.25
Haruo_64,baby476,iter,1,0.25
Haruo_64,byebye474,iter,1,0.25
Haruo_64,car478,iter,1,0.25
Haruo_64,foot1193,iter,1,0.25
Haruo_64,foot1194,iter,1,0.25
Haruo_64,hot1195,iter,1,0.25
Haruo_64,juice486,iter,1,0.25
Haruo_64,juice487,iter,1,0.25
Haruo_64,juice488,iter,1,0.25
Haruo_64,juice489,iter,1,0.25
Haruo_64,ouch1200,iter,1,0.25
Haruo_64,please483,iter,1,0.25
Haruo_64,take off clothes510,iter,1,0.25
Haruo_65,all gone502,iter,1,0.25
Haruo_65,all gone504,iter,1,0.25
Haruo_65,all gone509,iter,1,0.25
Haruo_65,car477,iter,1,0.25
Haruo_65,car479,iter,1,0.25
Haruo_65,car480,iter,1,0.25
Haruo_65,here495,iter,1,0.25
Haruo_65,juice485,iter,1,0.25
Haruo_65,juice486,iter,1,0.25
Haruo_65,please483,iter,1,0.25
Haruo_65,take off clothes510,iter,1,0.25
Haruo_65,where484,iter,1,0.25
Haruo_66,here496,iter,1,0.25
Haruo_66,hold me1702,iter,1,0.25
Haruo_66,please483,iter,1,0.25
Haruo_67,all gone499,iter,1,0.25
Haruo_67,all gone500,iter,1,0.25
Haruo_67,all gone503,iter,1,0.25
Haruo_67,all gone504,iter,1,0.25
Haruo_67,all gone508,iter,1,0.25
Haruo_67,hot1195,iter,1,0.25
Haruo_67,hot1196,iter,1,0.25
Haruo_67,ouch1198,iter,1,0.25
Haruo_67,ouch1199,iter,1,0.25
Haruo_67,please483,iter,1,0.25
Haruo_67,where484,iter,1,0.25
Haruo_68,all gone500,iter,1,0.25
Haruo_68,all gone503,iter,1,0.25
Haruo_68,all gone507,iter,1,0.25
Haruo_68,baby476,iter,1,0.25
Haruo_68,byebye473,iter,1,0.25
Haruo_68,byebye475,iter,1,0.25
Haruo_68,hot1195,iter,1,0.25
Haruo_68,hot1196,iter,1,0.25
Haruo_68,juice487,iter,1,0.25
Haruo_68,juice490,iter,1,0.25
Haruo_68,ouch1200,iter,1,0.25
Haruo_68,ouch1202,iter,1,0.25
Haruo_68,take off clothes510,iter,1,0.25
Haruo_68,where484,iter,1,0.25
Haruo_69,all gone504,iter,1,0.25
Haruo_69,all gone505,iter,1,0.25
Haruo_69,all gone508,iter,1,0.25
Haruo_69,byebye473,iter,1,0.25
Haruo_69,byebye474,iter,1,0.25
Haruo_69,foot1193,iter,1,0.25
Haruo_69,here495,iter,1,0.25
Haruo_69,hot1196,iter,1,0.25
Haruo_69,hot1197,iter,1,0.25
Haruo_69,juice488,iter,1,0.25
Haruo_69,ouch1199,iter,1,0.25
Haruo_69,ouch1200,iter,1,0.25
Haruo_69,where484,iter,1,0.25
Haruo_7,jump1415,iter,1,0.25
Haruo_70,all gone504,iter,1,0.25
Haruo_70,all gone506,iter,1,0.25
Haruo_70,all gone507,iter,1,0.25
Haruo_70,car477,iter,1,0.25
Haruo_70,foot1193,iter,1,0.25
Haruo_70,foot1194,iter,1,0.25
Haruo_70,juice485,iter,1,0.25
Haruo_70,juice490,iter,1,0.25
Haruo_70,juice491,iter,1,0.25
Haruo_70,please483,iter,1,0.25
Haruo_70,take off clothes510,iter,1,0.25
Haruo_71,jump1415,iter,1,0.25
Haruo_71,jump1416,iter,1,0.25
Haruo_72,baby476,iter,1,0.25
Haruo_72,byebye473,iter,1,0.25
Haruo_72,car477,iter,1,0.25
Haruo_72,car478,iter,1,0.25
Haruo_72,car480,iter,1,0.25
Haruo_72,please483,iter,1,0.25
Haruo_73,foot1194,iter,1,0.25
Haruo_73,hot1195,iter,1,0.25
Haruo_73,juice486,iter,1,0.25
Haruo_73,juice487,iter,1,0.25
Haruo_73,ouch1198,iter,1,0.25
Haruo_73,ouch1202,iter,1,0.25
Haruo_74,foot1192,iter,1,0.25
Haruo_74,here495,iter,1,0.25
Haruo_74,hot1195,iter,1,0.25
Haruo_74,hot1197,iter,1,0.25
Haruo_74,ouch1198,iter,1,0.25
Haruo_74,ouch1200,iter,1,0.25
Haruo_74,ouch1201,iter,1,0.25
Haruo_75,all gone499,iter,1,0.25
Haruo_75,car477,iter,1,0.25
Haruo_75,car478,iter,1,0.25
Haruo_75,car481,iter,1,0.25
Haruo_75,foot1192,iter,1,0.25
Haruo_75,juice485,iter,1,0.25
Haruo_75,juice488,iter,1,0.25
Haruo_75,juice491,iter,1,0.25
Haruo_75,please483,iter,1,0.25
Haruo_75,telephone1412,iter,1,0.25
Haruo_75,where484,iter,1,0.25
Haruo_77,all gone503,iter,1,0.25
Haruo_77,all gone504,iter,1,0.25
Haruo_77,all gone507,iter,1,0.25
Haruo_77,all gone509,iter,1,0.25
Haruo_77,byebye473,iter,1,0.25
Haruo_77,here496,iter,1,0.25
Haruo_77,hold me1704,iter,1,0.25
Haruo_77,hot1196,iter,1,0.25
Haruo_77,juice485,iter,1,0.25
Haruo_77,juice489,iter,1,0.25
Haruo_77,juice491,iter,1,0.25
Haruo_77,ouch1199,iter,1,0.25
Haruo_77,ouch1202,iter,1,0.25
Haruo_77,this497,iter,1,0.25
Haruo_77,where484,iter,1,0.25
Haruo_78,all gone499,iter,1,0.25
Haruo_78,all gone503,iter,1,0.25
Haruo_78,all gone504,iter,1,0.25
Haruo_78,all gone505,iter,1,0.25
Haruo_78,foot1194,iter,1,0.25
Haruo_78,hot1195,iter,1,0.25
Haruo_78,juice486,iter,1,0.25
Haruo_78,juice487,iter,1,0.25
Haruo_78,juice488,iter,1,0.25
Haruo_78,juice490,iter,1,0.25
Haruo_78,ouch1199,iter,1,0.25
Haruo_78,ouch1200,iter,1,0.25
Haruo_78,ouch1201,iter,1,0.25
Haruo_79,I want it493,iter,1,0.25
Haruo_79,car481,iter,1,0.25
Haruo_79,foot1194,iter,1,0.25
Haruo_79,here496,iter,1,0.25
Haruo_79,hold me1702,iter,1,0.25
Haruo_79,hot1195,iter,1,0.25
Haruo_79,hot1196,iter,1,0.25
Haruo_79,hot1197,iter,1,0.25
Haruo_79,juice487,iter,1,0.25
Haruo_79,ouch1198,iter,1,0.25
Haruo_8,jump1417,iter,1,0.25
Haruo_8,jump1418,iter,1,0.25
Haruo_80,all gone499,iter,1,0.25
Haruo_80,all gone500,iter,1,0.25
Haruo_80,don't482,iter,1,0.25
Haruo_80,foot1193,iter,1,0.25
Haruo_80,hot1196,iter,1,0.25
Haruo_80,hot1197,iter,1,0.25
Haruo_80,juice489,iter,1,0.25
Haruo_80,mummy498,iter,1,0.25
Haruo_80,ouch1202,iter,1,0.25
Haruo_80,please483,iter,1,0.25
Haruo_80,take off clothes510,iter,1,0.25
Haruo_81,all gone499,iter,1,0.25
Haruo_81,all gone501,iter,1,0.25
Haruo_81,all gone504,iter,1,0.25
Haruo_81,baby476,iter,1,0.25
Haruo_81,byebye475,iter,1,0.25
Haruo_81,car477,iter,1,0.25
Haruo_81,car481,iter,1,0.25
Haruo_81,foot1193,iter,1,0.25
Haruo_81,here496,iter,1,0.25
Haruo_81,hot1196,iter,1,0.25
Haruo_81,juice485,iter,1,0.25
Haruo_81,juice486,iter,1,0.25
Haruo_81,juice491,iter,1,0.25
Haruo_81,ouch1198,iter,1,0.25
Haruo_82,all gone509,iter,1,0.25
Haruo_82,don't482,iter,1,0.25
Haruo_82,hot1197,iter,1,0.25
Haruo_82,juice485,iter,1,0.25
Haruo_82,juice487,iter,1,0.25
Haruo_82,ouch1200,iter,1,0.25
Haruo_82,ouch1201,iter,1,0.25
Haruo_82,ouch1202,iter,1,0.25
Haruo_83,jump1413,iter,1,0.25
Haruo_83,jump1415,iter,1,0.25
Haruo_84,I want it493,iter,1,0.25
Haruo_84,I want it494,iter,1,0.25
Haruo_84,here495,iter,1,0.25
Haruo_84,hot1195,iter,1,0.25
Haruo_84,hot1197,iter,1,0.25
Haruo_84,juice485,iter,1,0.25
Haruo_84,juice487,iter,1,0.25
Haruo_84,juice491,iter,1,0.25
Haruo_84,ouch1200,iter,1,0.25
Haruo_84,ouch1201,iter,1,0.25
Haruo_84,ouch1202,iter,1,0.25
Haruo_85,here495,iter,1,0.25
Haruo_85,hold me1703,iter,1,0.25
Haruo_85,hold me1704,iter,1,0.25
Haruo_85,shoes1706,iter,1,0.25
Haruo_86,I want it493,iter,1,0.25
Haruo_86,hello492,iter,1,0.25
Haruo_86,juice485,iter,1,0.25
Haruo_86,juice487,iter,1,0.25
Haruo_86,juice491,iter,1,0.25
Haruo_88,hold me1702,iter,1,0.25
Haruo_88,hold me1704,iter,1,0.25
Haruo_89,all gone499,iter,1,0.25
Haruo_89,all gone504,iter,1,0.25
Haruo_89,all gone505,iter,1,0.25
Haruo_89,all gone506,iter,1,0.25
Haruo_89,car477,iter,1,0.25
Haruo_89,car480,iter,1,0.25
Haruo_89,car481,iter,1,0.25
Haruo_89,foot1192,iter,1,0.25
Haruo_89,here496,iter,1,0.25
Haruo_89,juice485,iter,1,0.25
Haruo_89,juice488,iter,1,0.25
Haruo_89,juice490,iter,1,0.25
Haruo_9,I want it493,iter,1,0.25
Haruo_9,foot1192,iter,1,0.25
Haruo_9,hot1195,iter,1,0.25
Haruo_9,juice486,iter,1,0.25
Haruo_9,juice490,iter,1,0.25
Haruo_90,foot1194,iter,1,0.25
Haruo_90,juice488,iter,1,0.25
Haruo_90,juice491,iter,1,0.25
Haruo_90,ouch1199,iter,1,0.25
Haruo_90,please483,iter,1,0.25
Haruo_91,baby476,iter,1,0.25
Haruo_91,byebye473,iter,1,0.25
Haruo_91,car478,iter,1,0.25
Haruo_91,car480,iter,1,0.25
Haruo_92,byebye474,iter,1,0.25
Haruo_92,cheers1410,iter,1,0.25
Haruo_92,foot1192,iter,1,0.25
Haruo_92,foot1193,iter,1,0.25
Haruo_92,here495,iter,1,0.25
Haruo_92,juice485,iter,1,0.25
Haruo_92,juice488,iter,1,0.25
Haruo_92,juice490,iter,1,0.25
Haruo_92,juice491,iter,1,0.25
Haruo_92,please483,iter,1,0.25
Haruo_92,where484,iter,1,0.25
Haruo_93,I want it493,iter,1,0.25
Haruo_93,all gone504,iter,1,0.25
Haruo_93,all gone506,iter,1,0.25
Haruo_93,baby476,iter,1,0.25
Haruo_93,byebye473,iter,1,0.25
Haruo_93,byebye474,iter,1,0.25
Haruo_93,byebye475,iter,1,0.25
Haruo_93,foot1194,iter,1,0.25
Haruo_93,hold me1704,iter,1,0.25
Haruo_93,juice485,iter,1,0.25
Haruo_93,juice488,iter,1,0.25
Haruo_93,juice489,iter,1,0.25
Haruo_93,ouch1198,iter,1,0.25
Haruo_93,ouch1202,iter,1,0.25
Haruo_93,this497,iter,1,0.25
Haruo_94,all gone503,iter,1,0.25
Haruo_94,all gone506,iter,1,0.25
Haruo_94,all gone507,iter,1,0.25
Haruo_94,foot1192,iter,1,0.25
Haruo_94,foot1194,iter,1,0.25
Haruo_94,juice486,iter,1,0.25
Haruo_94,juice490,iter,1,0.25
Haruo_94,mummy498,iter,1,0.25
Haruo_94,ouch1199,iter,1,0.25
Haruo_94,please483,iter,1,0.25
Haruo_95,here496,iter,1,0.25
Haruo_95,hold me1702,iter,1,0.25
Haruo_95,please483,iter,1,0.25
Haruo_96,all gone501,iter,1,0.25
Haruo_96,all gone506,iter,1,0.25
Haruo_96,all gone509,iter,1,0.25
Haruo_96,baby476,iter,1,0.25
Haruo_96,byebye474,iter,1,0.25
Haruo_96,car477,iter,1,0.25
Haruo_96,car481,iter,1,0.25
Haruo_96,hot1195,iter,1,0.25
Haruo_96,juice488,iter,1,0.25
Haruo_96,juice489,iter,1,0.25
Haruo_96,juice490,iter,1,0.25
Haruo_96,ouch1199,iter,1,0.25
Haruo_96,ouch1200,iter,1,0.25
Haruo_96,ouch1201,iter,1,0.25
Haruo_96,please483,iter,1,0.25
Haruo_96,where484,iter,1,0.25
Haruo_97,car477,iter,1,0.25
Haruo_97,car481,iter,1,0.25
Haruo_98,jump1414,iter,1,0.25
Haruo_99,all gone500,iter,1,0.25
Haruo_99,byebye473,iter,1,0.25
Haruo_99,car480,iter,1,0.25
Haruo_99,car481,iter,1,0.25
Haruo_99,foot1192,iter,1,0.25
Haruo_99,here496,iter,1,0.25
Haruo_99,hot1196,iter,1,0.25
Haruo_99,hot1197,iter,1,0.25
Haruo_99,juice486,iter,1,0.25
Haruo_99,juice490,iter,1,0.25
Haruo_99,ouch1198,iter,1,0.25
Haruo_99,ouch1199,iter,1,0.25
Haruo_99,where484,iter,1,0.25
Hiromi_1,butterfly410,iter,1,0.25
Hiromi_1,cake376,iter,1,0.25
Hiromi_1,cake378,iter,1,0.25
Hiromi_1,cute374,iter,1,0.25
Hiromi_1,cute375,iter,1,0.25
Hiromi_1,this380,iter,1,0.25
Hiromi_1,this381,iter,1,0.25
Hiromi_1,this383,iter,1,0.25
Hiromi_1,this384,iter,1,0.25
Hiromi_1,this386,iter,1,0.25
Hiromi_1,turtle373,iter,1,0.25
Hiromi_10,eight371,iter,1,0.25
Hiromi_10,neko 'cat401,iter,1,0.25
Hiromi_10,neko 'cat402,iter,1,0.25
Hiromi_100,butterfly411,iter,1,0.25
Hiromi_100,cake376,iter,1,0.25
Hiromi_100,eight371,iter,1,0.25
Hiromi_100,this384,iter,1,0.25
Hiromi_100,this387,iter,1,0.25
Hiromi_100,turtle373,iter,1,0.25
Hiromi_11,ball369,iter,1,0.25
Hiromi_11,cake378,iter,1,0.25
Hiromi_11,cute375,iter,1,0.25
Hiromi_11,hippopotamus372,iter,1,0.25
Hiromi_11,this379,iter,1,0.25
Hiromi_11,this382,iter,1,0.25
Hiromi_11,this383,iter,1,0.25
Hiromi_11,this385,iter,1,0.25
Hiromi_11,this387,iter,1,0.25
Hiromi_11,this388,iter,1,0.25
Hiromi_13,butterfly410,iter,1,0.25
Hiromi_13,butterfly411,iter,1,0.25
Hiromi_13,this380,iter,1,0.25
Hiromi_13,this381,iter,1,0.25
Hiromi_13,this382,iter,1,0.25
Hiromi_13,this383,iter,1,0.25
Hiromi_13,this384,iter,1,0.25
Hiromi_13,this385,iter,1,0.25
Hiromi_13,this386,iter,1,0.25
Hiromi_13,this388,iter,1,0.25
Hiromi_14,daddy403,iter,1,0.25
Hiromi_14,daddy407,iter,1,0.25
Hiromi_14,daddy408,iter,1,0.25
Hiromi_14,this379,iter,1,0.25
Hiromi_14,this386,iter,1,0.25
Hiromi_15,Barney367,iter,1,0.25
Hiromi_15,baby368,iter,1,0.25
Hiromi_15,daddy403,iter,1,0.25
Hiromi_15,daddy408,iter,1,0.25
Hiromi_15,ear395,iter,1,0.25
Hiromi_15,hippopotamus372,iter,1,0.25
Hiromi_15,mom389,iter,1,0.25
Hiromi_15,mom393,iter,1,0.25
Hiromi_15,mom394,iter,1,0.25
Hiromi_15,panda1406,iter,1,0.25
Hiromi_15,panda1407,iter,1,0.25
Hiromi_15,panda1408,iter,1,0.25
Hiromi_15,turtle373,iter,1,0.25
Hiromi_16,cake378,iter,1,0.25
Hiromi_16,daddy405,iter,1,0.25
Hiromi_16,daddy406,iter,1,0.25
Hiromi_16,daddy407,iter,1,0.25
Hiromi_16,daddy408,iter,1,0.25
Hiromi_16,eight371,iter,1,0.25
Hiromi_16,hippopotamus372,iter,1,0.25
Hiromi_16,neko 'cat399,iter,1,0.25
Hiromi_16,neko 'cat400,iter,1,0.25
Hiromi_16,this386,iter,1,0.25
Hiromi_16,turtle373,iter,1,0.25
Hiromi_17,cake377,iter,1,0.25
Hiromi_17,daddy403,iter,1,0.25
Hiromi_17,daddy405,iter,1,0.25
Hiromi_17,daddy406,iter,1,0.25
Hiromi_17,daddy408,iter,1,0.25
Hiromi_17,ear397,iter,1,0.25
Hiromi_17,hippopotamus372,iter,1,0.25
Hiromi_17,mom389,iter,1,0.25
Hiromi_17,mom392,iter,1,0.25
Hiromi_17,mom394,iter,1,0.25
Hiromi_17,panda1407,iter,1,0.25
Hiromi_17,panda1408,iter,1,0.25
Hiromi_18,eight371,iter,1,0.25
Hiromi_18,neko 'cat399,iter,1,0.25
Hiromi_18,neko 'cat401,iter,1,0.25
Hiromi_19,butterfly411,iter,1,0.25
Hiromi_19,cute375,iter,1,0.25
Hiromi_19,daddy403,iter,1,0.25
Hiromi_19,daddy406,iter,1,0.25
Hiromi_19,daddy408,iter,1,0.25
Hiromi_19,ear395,iter,1,0.25
Hiromi_19,hippopotamus372,iter,1,0.25
Hiromi_19,mom391,iter,1,0.25
Hiromi_19,this381,iter,1,0.25
Hiromi_19,this382,iter,1,0.25
Hiromi_19,this383,iter,1,0.25
Hiromi_19,this384,iter,1,0.25
Hiromi_19,this385,iter,1,0.25
Hiromi_19,turtle373,iter,1,0.25
Hiromi_2,cake376,iter,1,0.25
Hiromi_2,cute374,iter,1,0.25
Hiromi_2,cute375,iter,1,0.25
Hiromi_2,hippopotamus372,iter,1,0.25
Hiromi_2,this380,iter,1,0.25
Hiromi_20,ear395,iter,1,0.25
Hiromi_20,ear396,iter,1,0.25
Hiromi_20,mom391,iter,1,0.25
Hiromi_20,mom393,iter,1,0.25
Hiromi_20,mom394,iter,1,0.25
Hiromi_21,butterfly410,iter,1,0.25
Hiromi_21,cake376,iter,1,0.25
Hiromi_21,cute374,iter,1,0.25
Hiromi_21,cute375,iter,1,0.25
Hiromi_21,daddy406,iter,1,0.25
Hiromi_21,neko 'cat399,iter,1,0.25
Hiromi_21,neko 'cat400,iter,1,0.25
Hiromi_21,this381,iter,1,0.25
Hiromi_21,this383,iter,1,0.25
Hiromi_21,this384,iter,1,0.25
Hiromi_22,cake376,iter,1,0.25
Hiromi_22,cute374,iter,1,0.25
Hiromi_22,cute375,iter,1,0.25
Hiromi_22,daddy405,iter,1,0.25
Hiromi_22,daddy407,iter,1,0.25
Hiromi_22,daddy409,iter,1,0.25
Hiromi_22,duck1651,iter,1,0.25
Hiromi_22,neko 'cat400,iter,1,0.25
Hiromi_22,neko 'cat402,iter,1,0.25
Hiromi_22,this380,iter,1,0.25
Hiromi_22,this383,iter,1,0.25
Hiromi_22,this388,iter,1,0.25
Hiromi_23,daddy403,iter,1,0.25
Hiromi_23,daddy406,iter,1,0.25
Hiromi_23,daddy407,iter,1,0.25
Hiromi_23,daddy408,iter,1,0.25
Hiromi_23,daddy409,iter,1,0.25
Hiromi_23,this386,iter,1,0.25
Hiromi_24,butterfly410,iter,1,0.25
Hiromi_24,cake376,iter,1,0.25
Hiromi_24,cake378,iter,1,0.25
Hiromi_25,baby368,iter,1,0.25
Hiromi_25,"car, vroom1649",iter,1,0.25
Hiromi_25,daddy407,iter,1,0.25
Hiromi_26,ball370,iter,1,0.25
Hiromi_26,butterfly411,iter,1,0.25
Hiromi_26,daddy403,iter,1,0.25
Hiromi_26,daddy405,iter,1,0.25
Hiromi_26,daddy408,iter,1,0.25
Hiromi_26,daddy409,iter,1,0.25
Hiromi_26,mom391,iter,1,0.25
Hiromi_26,mom393,iter,1,0.25
Hiromi_26,panda1406,iter,1,0.25
Hiromi_27,ball369,iter,1,0.25
Hiromi_27,ball370,iter,1,0.25
Hiromi_27,butterfly410,iter,1,0.25
Hiromi_27,hippopotamus372,iter,1,0.25
Hiromi_27,this379,iter,1,0.25
Hiromi_27,this384,iter,1,0.25
Hiromi_27,this385,iter,1,0.25
Hiromi_27,this387,iter,1,0.25
Hiromi_28,Barney367,iter,1,0.25
Hiromi_28,baby368,iter,1,0.25
Hiromi_28,daddy404,iter,1,0.25
Hiromi_28,ear397,iter,1,0.25
Hiromi_28,mom390,iter,1,0.25
Hiromi_29,sleep1653,iter,1,0.25
Hiromi_3,daddy403,iter,1,0.25
Hiromi_3,daddy406,iter,1,0.25
Hiromi_3,daddy408,iter,1,0.25
Hiromi_3,daddy409,iter,1,0.25
Hiromi_3,ear396,iter,1,0.25
Hiromi_3,mom389,iter,1,0.25
Hiromi_3,mom391,iter,1,0.25
Hiromi_30,butterfly411,iter,1,0.25
Hiromi_30,daddy408,iter,1,0.25
Hiromi_30,daddy409,iter,1,0.25
Hiromi_30,eight371,iter,1,0.25
Hiromi_30,neko 'cat398,iter,1,0.25
Hiromi_30,neko 'cat400,iter,1,0.25
Hiromi_30,this379,iter,1,0.25
Hiromi_30,this381,iter,1,0.25
Hiromi_30,this385,iter,1,0.25
Hiromi_30,this388,iter,1,0.25
Hiromi_31,daddy403,iter,1,0.25
Hiromi_31,daddy404,iter,1,0.25
Hiromi_31,daddy405,iter,1,0.25
Hiromi_31,daddy406,iter,1,0.25
Hiromi_31,daddy408,iter,1,0.25
Hiromi_31,panda1406,iter,1,0.25
Hiromi_31,panda1408,iter,1,0.25
Hiromi_32,daddy403,iter,1,0.25
Hiromi_32,daddy406,iter,1,0.25
Hiromi_32,daddy408,iter,1,0.25
Hiromi_32,ear395,iter,1,0.25
Hiromi_32,ear397,iter,1,0.25
Hiromi_32,mom392,iter,1,0.25
Hiromi_32,mom393,iter,1,0.25
Hiromi_32,mom394,iter,1,0.25
Hiromi_33,ball370,iter,1,0.25
Hiromi_33,butterfly410,iter,1,0.25
Hiromi_33,cake376,iter,1,0.25
Hiromi_33,cake377,iter,1,0.25
Hiromi_33,cute374,iter,1,0.25
Hiromi_33,this379,iter,1,0.25
Hiromi_33,this382,iter,1,0.25
Hiromi_33,this384,iter,1,0.25
Hiromi_33,this386,iter,1,0.25
Hiromi_33,turtle373,iter,1,0.25
Hiromi_34,butterfly411,iter,1,0.25
Hiromi_34,cake378,iter,1,0.25
Hiromi_34,daddy403,iter,1,0.25
Hiromi_34,daddy407,iter,1,0.25
Hiromi_34,daddy408,iter,1,0.25
Hiromi_34,this380,iter,1,0.25
Hiromi_34,this382,iter,1,0.25
Hiromi_34,this386,iter,1,0.25
Hiromi_35,butterfly411,iter,1,0.25
Hiromi_35,"car, vroom1648",iter,1,0.25
Hiromi_35,"car, vroom1649",iter,1,0.25
Hiromi_35,cute374,iter,1,0.25
Hiromi_35,daddy404,iter,1,0.25
Hiromi_35,daddy405,iter,1,0.25
Hiromi_35,daddy406,iter,1,0.25
Hiromi_35,ear396,iter,1,0.25
Hiromi_35,eight371,iter,1,0.25
Hiromi_35,mom391,iter,1,0.25
Hiromi_35,mom392,iter,1,0.25
Hiromi_35,mom394,iter,1,0.25
Hiromi_36,baby368,iter,1,0.25
Hiromi_36,daddy404,iter,1,0.25
Hiromi_36,daddy408,iter,1,0.25
Hiromi_36,mom390,iter,1,0.25
Hiromi_36,mom394,iter,1,0.25
Hiromi_36,turtle373,iter,1,0.25
Hiromi_37,daddy403,iter,1,0.25
Hiromi_37,daddy406,iter,1,0.25
Hiromi_37,daddy408,iter,1,0.25
Hiromi_37,panda1407,iter,1,0.25
Hiromi_38,baby368,iter,1,0.25
Hiromi_38,butterfly410,iter,1,0.25
Hiromi_38,butterfly411,iter,1,0.25
Hiromi_38,cake378,iter,1,0.25
Hiromi_38,cute374,iter,1,0.25
Hiromi_38,ear395,iter,1,0.25
Hiromi_38,ear396,iter,1,0.25
Hiromi_38,mom389,iter,1,0.25
Hiromi_38,this379,iter,1,0.25
Hiromi_38,turtle373,iter,1,0.25
Hiromi_39,butterfly410,iter,1,0.25
Hiromi_39,daddy403,iter,1,0.25
Hiromi_39,daddy404,iter,1,0.25
Hiromi_39,daddy405,iter,1,0.25
Hiromi_39,daddy407,iter,1,0.25
Hiromi_39,daddy409,iter,1,0.25
Hiromi_39,hippopotamus372,iter,1,0.25
Hiromi_39,neko 'cat400,iter,1,0.25
Hiromi_39,neko 'cat401,iter,1,0.25
Hiromi_39,this380,iter,1,0.25
Hiromi_39,this382,iter,1,0.25
Hiromi_39,this383,iter,1,0.25
Hiromi_4,cake376,iter,1,0.25
Hiromi_4,cake377,iter,1,0.25
Hiromi_4,cake378,iter,1,0.25
Hiromi_4,cute374,iter,1,0.25
Hiromi_4,this379,iter,1,0.25
Hiromi_4,this382,iter,1,0.25
Hiromi_4,this383,iter,1,0.25
Hiromi_4,this385,iter,1,0.25
Hiromi_4,this386,iter,1,0.25
Hiromi_4,this388,iter,1,0.25
Hiromi_4,turtle373,iter,1,0.25
Hiromi_40,baby368,iter,1,0.25
Hiromi_40,butterfly410,iter,1,0.25
Hiromi_40,cute374,iter,1,0.25
Hiromi_40,daddy404,iter,1,0.25
Hiromi_40,daddy408,iter,1,0.25
Hiromi_40,ear396,iter,1,0.25
Hiromi_40,mom389,iter,1,0.25
Hiromi_40,mom392,iter,1,0.25
Hiromi_40,mom394,iter,1,0.25
Hiromi_40,this381,iter,1,0.25
Hiromi_40,this384,iter,1,0.25
Hiromi_40,this385,iter,1,0.25
Hiromi_40,this386,iter,1,0.25
Hiromi_41,butterfly410,iter,1,0.25
Hiromi_41,cake376,iter,1,0.25
Hiromi_41,eight371,iter,1,0.25
Hiromi_41,neko 'cat398,iter,1,0.25
Hiromi_41,neko 'cat401,iter,1,0.25
Hiromi_42,baby368,iter,1,0.25
Hiromi_42,butterfly410,iter,1,0.25
Hiromi_42,cake377,iter,1,0.25
Hiromi_42,cake378,iter,1,0.25
Hiromi_42,daddy403,iter,1,0.25
Hiromi_42,daddy404,iter,1,0.25
Hiromi_42,daddy407,iter,1,0.25
Hiromi_42,daddy408,iter,1,0.25
Hiromi_42,neko 'cat400,iter,1,0.25
Hiromi_42,neko 'cat402,iter,1,0.25
Hiromi_42,this380,iter,1,0.25
Hiromi_42,this381,iter,1,0.25
Hiromi_42,this385,iter,1,0.25
Hiromi_42,this388,iter,1,0.25
Hiromi_42,turtle373,iter,1,0.25
Hiromi_43,baby368,iter,1,0.25
Hiromi_43,daddy406,iter,1,0.25
Hiromi_43,daddy409,iter,1,0.25
Hiromi_43,hippopotamus372,iter,1,0.25
Hiromi_44,butterfly410,iter,1,0.25
Hiromi_44,cute375,iter,1,0.25
Hiromi_44,this387,iter,1,0.25
Hiromi_44,this388,iter,1,0.25
Hiromi_44,turtle373,iter,1,0.25
Hiromi_45,cake378,iter,1,0.25
Hiromi_45,neko 'cat401,iter,1,0.25
Hiromi_45,neko 'cat402,iter,1,0.25
Hiromi_47,butterfly410,iter,1,0.25
Hiromi_47,cute374,iter,1,0.25
Hiromi_47,daddy405,iter,1,0.25
Hiromi_47,daddy407,iter,1,0.25
Hiromi_47,ear395,iter,1,0.25
Hiromi_47,mom391,iter,1,0.25
Hiromi_47,mom394,iter,1,0.25
Hiromi_47,this379,iter,1,0.25
Hiromi_47,this380,iter,1,0.25
Hiromi_47,this384,iter,1,0.25
Hiromi_47,this385,iter,1,0.25
Hiromi_47,this387,iter,1,0.25
Hiromi_48,baby368,iter,1,0.25
Hiromi_48,cute374,iter,1,0.25
Hiromi_48,daddy406,iter,1,0.25
Hiromi_48,daddy407,iter,1,0.25
Hiromi_48,ear395,iter,1,0.25
Hiromi_48,ear396,iter,1,0.25
Hiromi_48,eight371,iter,1,0.25
Hiromi_48,mom390,iter,1,0.25
Hiromi_48,mom392,iter,1,0.25
Hiromi_48,panda1407,iter,1,0.25
Hiromi_48,panda1408,iter,1,0.25
Hiromi_49,butterfly411,iter,1,0.25
Hiromi_49,cute375,iter,1,0.25
Hiromi_49,daddy403,iter,1,0.25
Hiromi_49,daddy404,iter,1,0.25
Hiromi_49,daddy406,iter,1,0.25
Hiromi_49,daddy407,iter,1,0.25
Hiromi_49,daddy409,iter,1,0.25
Hiromi_49,hippopotamus372,iter,1,0.25
Hiromi_49,mom393,iter,1,0.25
Hiromi_49,mom394,iter,1,0.25
Hiromi_49,panda1408,iter,1,0.25
Hiromi_5,daddy403,iter,1,0.25
Hiromi_5,daddy406,iter,1,0.25
Hiromi_5,ear395,iter,1,0.25
Hiromi_5,ear396,iter,1,0.25
Hiromi_5,mom390,iter,1,0.25
Hiromi_5,turtle373,iter,1,0.25
Hiromi_50,butterfly410,iter,1,0.25
Hiromi_50,cake378,iter,1,0.25
Hiromi_50,daddy404,iter,1,0.25
Hiromi_50,daddy405,iter,1,0.25
Hiromi_50,daddy406,iter,1,0.25
Hiromi_50,daddy409,iter,1,0.25
Hiromi_50,ear395,iter,1,0.25
Hiromi_50,ear397,iter,1,0.25
Hiromi_50,hippopotamus372,iter,1,0.25
Hiromi_50,mom392,iter,1,0.25
Hiromi_50,mom394,iter,1,0.25
Hiromi_50,turtle373,iter,1,0.25
Hiromi_51,Barney367,iter,1,0.25
Hiromi_51,cute374,iter,1,0.25
Hiromi_51,ear397,iter,1,0.25
Hiromi_51,mom390,iter,1,0.25
Hiromi_51,mom392,iter,1,0.25
Hiromi_51,mom393,iter,1,0.25
Hiromi_51,mom394,iter,1,0.25
Hiromi_52,daddy403,iter,1,0.25
Hiromi_52,daddy404,iter,1,0.25
Hiromi_52,ear396,iter,1,0.25
Hiromi_52,mom391,iter,1,0.25
Hiromi_53,ball369,iter,1,0.25
Hiromi_53,cake376,iter,1,0.25
Hiromi_53,"car, vroom1648",iter,1,0.25
Hiromi_53,daddy403,iter,1,0.25
Hiromi_53,daddy404,iter,1,0.25
Hiromi_53,daddy405,iter,1,0.25
Hiromi_53,ear395,iter,1,0.25
Hiromi_53,ear397,iter,1,0.25
Hiromi_53,eight371,iter,1,0.25
Hiromi_53,hippopotamus372,iter,1,0.25
Hiromi_53,mom394,iter,1,0.25
Hiromi_53,panda1406,iter,1,0.25
Hiromi_53,panda1408,iter,1,0.25
Hiromi_53,turtle373,iter,1,0.25
Hiromi_54,ball369,iter,1,0.25
Hiromi_54,cake377,iter,1,0.25
Hiromi_54,cake378,iter,1,0.25
Hiromi_54,"car, vroom1648",iter,1,0.25
Hiromi_54,cute374,iter,1,0.25
Hiromi_54,eight371,iter,1,0.25
Hiromi_54,mom389,iter,1,0.25
Hiromi_54,mom390,iter,1,0.25
Hiromi_54,mom394,iter,1,0.25
Hiromi_54,panda1408,iter,1,0.25
Hiromi_55,baby368,iter,1,0.25
Hiromi_55,butterfly411,iter,1,0.25
Hiromi_55,cake376,iter,1,0.25
Hiromi_55,cake378,iter,1,0.25
Hiromi_55,daddy405,iter,1,0.25
Hiromi_55,daddy407,iter,1,0.25
Hiromi_55,ear395,iter,1,0.25
Hiromi_55,ear397,iter,1,0.25
Hiromi_55,mom394,iter,1,0.25
Hiromi_55,this380,iter,1,0.25
Hiromi_55,this381,iter,1,0.25
Hiromi_55,this382,iter,1,0.25
Hiromi_55,this385,iter,1,0.25
Hiromi_55,turtle373,iter,1,0.25
Hiromi_57,Barney367,iter,1,0.25
Hiromi_57,cute374,iter,1,0.25
Hiromi_57,cute375,iter,1,0.25
Hiromi_57,daddy407,iter,1,0.25
Hiromi_57,ear397,iter,1,0.25
Hiromi_57,mom391,iter,1,0.25
Hiromi_57,mom392,iter,1,0.25
Hiromi_58,daddy403,iter,1,0.25
Hiromi_58,daddy404,iter,1,0.25
Hiromi_58,daddy405,iter,1,0.25
Hiromi_58,daddy407,iter,1,0.25
Hiromi_58,eight371,iter,1,0.25
Hiromi_58,neko 'cat399,iter,1,0.25
Hiromi_58,neko 'cat400,iter,1,0.25
Hiromi_58,neko 'cat401,iter,1,0.25
Hiromi_58,this384,iter,1,0.25
Hiromi_58,this386,iter,1,0.25
Hiromi_59,cake376,iter,1,0.25
Hiromi_59,cake377,iter,1,0.25
Hiromi_59,neko 'cat398,iter,1,0.25
Hiromi_59,neko 'cat401,iter,1,0.25
Hiromi_59,neko 'cat402,iter,1,0.25
Hiromi_6,Barney367,iter,1,0.25
Hiromi_6,baby368,iter,1,0.25
Hiromi_6,"car, vroom1649",iter,1,0.25
Hiromi_6,daddy403,iter,1,0.25
Hiromi_6,daddy404,iter,1,0.25
Hiromi_6,daddy405,iter,1,0.25
Hiromi_6,daddy408,iter,1,0.25
Hiromi_6,daddy409,iter,1,0.25
Hiromi_6,foot1175,iter,1,0.25
Hiromi_6,foot1176,iter,1,0.25
Hiromi_6,mom389,iter,1,0.25
Hiromi_6,mom391,iter,1,0.25
Hiromi_6,panda1408,iter,1,0.25
Hiromi_60,butterfly410,iter,1,0.25
Hiromi_60,butterfly411,iter,1,0.25
Hiromi_60,cake378,iter,1,0.25
Hiromi_60,cute374,iter,1,0.25
Hiromi_60,cute375,iter,1,0.25
Hiromi_60,daddy404,iter,1,0.25
Hiromi_60,daddy405,iter,1,0.25
Hiromi_60,daddy408,iter,1,0.25
Hiromi_60,ear396,iter,1,0.25
Hiromi_60,ear397,iter,1,0.25
Hiromi_60,mom390,iter,1,0.25
Hiromi_60,mom392,iter,1,0.25
Hiromi_60,mom394,iter,1,0.25
Hiromi_60,this381,iter,1,0.25
Hiromi_60,this382,iter,1,0.25
Hiromi_60,this385,iter,1,0.25
Hiromi_60,this386,iter,1,0.25
Hiromi_61,cake376,iter,1,0.25
Hiromi_61,cute374,iter,1,0.25
Hiromi_61,daddy403,iter,1,0.25
Hiromi_61,daddy404,iter,1,0.25
Hiromi_61,daddy408,iter,1,0.25
Hiromi_61,ear395,iter,1,0.25
Hiromi_61,ear397,iter,1,0.25
Hiromi_61,mom393,iter,1,0.25
Hiromi_61,this384,iter,1,0.25
Hiromi_61,this386,iter,1,0.25
Hiromi_62,ball370,iter,1,0.25
Hiromi_62,cake377,iter,1,0.25
Hiromi_62,cute374,iter,1,0.25
Hiromi_62,eight371,iter,1,0.25
Hiromi_62,hippopotamus372,iter,1,0.25
Hiromi_62,this379,iter,1,0.25
Hiromi_62,this380,iter,1,0.25
Hiromi_62,this381,iter,1,0.25
Hiromi_62,this382,iter,1,0.25
Hiromi_62,this383,iter,1,0.25
Hiromi_62,this385,iter,1,0.25
Hiromi_62,this386,iter,1,0.25
Hiromi_62,this388,iter,1,0.25
Hiromi_63,sleep1652,iter,1,0.25
Hiromi_63,sleep1653,iter,1,0.25
Hiromi_63,sleep1654,iter,1,0.25
Hiromi_66,butterfly411,iter,1,0.25
Hiromi_66,cake376,iter,1,0.25
Hiromi_66,cake377,iter,1,0.25
Hiromi_66,daddy403,iter,1,0.25
Hiromi_66,daddy409,iter,1,0.25
Hiromi_66,eight371,iter,1,0.25
Hiromi_66,neko 'cat398,iter,1,0.25
Hiromi_66,neko 'cat400,iter,1,0.25
Hiromi_66,neko 'cat402,iter,1,0.25
Hiromi_66,this382,iter,1,0.25
Hiromi_66,this384,iter,1,0.25
Hiromi_66,this388,iter,1,0.25
Hiromi_67,butterfly411,iter,1,0.25
Hiromi_67,cake376,iter,1,0.25
Hiromi_67,cake377,iter,1,0.25
Hiromi_67,cake378,iter,1,0.25
Hiromi_67,neko 'cat400,iter,1,0.25
Hiromi_68,Barney367,iter,1,0.25
Hiromi_68,cute375,iter,1,0.25
Hiromi_68,daddy403,iter,1,0.25
Hiromi_68,daddy406,iter,1,0.25
Hiromi_68,daddy407,iter,1,0.25
Hiromi_68,ear395,iter,1,0.25
Hiromi_68,mom394,iter,1,0.25
Hiromi_68,turtle373,iter,1,0.25
Hiromi_69,baby368,iter,1,0.25
Hiromi_69,cake377,iter,1,0.25
Hiromi_69,"car, vroom1648",iter,1,0.25
Hiromi_69,"car, vroom1649",iter,1,0.25
Hiromi_69,cute375,iter,1,0.25
Hiromi_69,daddy403,iter,1,0.25
Hiromi_69,daddy409,iter,1,0.25
Hiromi_69,ear395,iter,1,0.25
Hiromi_69,eight371,iter,1,0.25
Hiromi_69,mom392,iter,1,0.25
Hiromi_69,mom394,iter,1,0.25
Hiromi_69,panda1406,iter,1,0.25
Hiromi_7,butterfly411,iter,1,0.25
Hiromi_7,cake377,iter,1,0.25
Hiromi_7,cute374,iter,1,0.25
Hiromi_7,daddy403,iter,1,0.25
Hiromi_7,daddy407,iter,1,0.25
Hiromi_7,daddy408,iter,1,0.25
Hiromi_7,eight371,iter,1,0.25
Hiromi_7,hippopotamus372,iter,1,0.25
Hiromi_7,this383,iter,1,0.25
Hiromi_7,this384,iter,1,0.25
Hiromi_7,this386,iter,1,0.25
Hiromi_7,this387,iter,1,0.25
Hiromi_70,daddy403,iter,1,0.25
Hiromi_70,daddy405,iter,1,0.25
Hiromi_70,daddy409,iter,1,0.25
Hiromi_70,ear396,iter,1,0.25
Hiromi_70,ear397,iter,1,0.25
Hiromi_70,mom389,iter,1,0.25
Hiromi_70,mom391,iter,1,0.25
Hiromi_71,cake377,iter,1,0.25
Hiromi_71,cute375,iter,1,0.25
Hiromi_71,daddy408,iter,1,0.25
Hiromi_71,hippopotamus372,iter,1,0.25
Hiromi_71,this379,iter,1,0.25
Hiromi_71,this380,iter,1,0.25
Hiromi_71,this383,iter,1,0.25
Hiromi_71,this385,iter,1,0.25
Hiromi_71,this386,iter,1,0.25
Hiromi_72,baby368,iter,1,0.25
Hiromi_72,cake376,iter,1,0.25
Hiromi_72,daddy403,iter,1,0.25
Hiromi_72,daddy404,iter,1,0.25
Hiromi_72,daddy409,iter,1,0.25
Hiromi_72,ear396,iter,1,0.25
Hiromi_72,ear397,iter,1,0.25
Hiromi_72,eight371,iter,1,0.25
Hiromi_72,mom391,iter,1,0.25
Hiromi_72,mom393,iter,1,0.25
Hiromi_72,this379,iter,1,0.25
Hiromi_72,turtle373,iter,1,0.25
Hiromi_73,hippopotamus372,iter,1,0.25
Hiromi_74,baby368,iter,1,0.25
Hiromi_74,ball370,iter,1,0.25
Hiromi_74,butterfly411,iter,1,0.25
Hiromi_74,cake378,iter,1,0.25
Hiromi_74,daddy405,iter,1,0.25
Hiromi_74,daddy406,iter,1,0.25
Hiromi_74,ear395,iter,1,0.25
Hiromi_74,ear396,iter,1,0.25
Hiromi_74,mom392,iter,1,0.25
Hiromi_74,mom393,iter,1,0.25
Hiromi_74,panda1407,iter,1,0.25
Hiromi_74,panda1408,iter,1,0.25
Hiromi_75,Barney367,iter,1,0.25
Hiromi_75,ball369,iter,1,0.25
Hiromi_75,daddy403,iter,1,0.25
Hiromi_75,daddy405,iter,1,0.25
Hiromi_75,daddy409,iter,1,0.25
Hiromi_75,this379,iter,1,0.25
Hiromi_75,this380,iter,1,0.25
Hiromi_75,this384,iter,1,0.25
Hiromi_75,this386,iter,1,0.25
Hiromi_76,ball370,iter,1,0.25
Hiromi_76,butterfly411,iter,1,0.25
Hiromi_76,cake377,iter,1,0.25
Hiromi_76,cute374,iter,1,0.25
Hiromi_76,this379,iter,1,0.25
Hiromi_76,this384,iter,1,0.25
Hiromi_76,turtle373,iter,1,0.25
Hiromi_77,butterfly410,iter,1,0.25
Hiromi_77,cake378,iter,1,0.25
Hiromi_77,cute375,iter,1,0.25
Hiromi_77,ear395,iter,1,0.25
Hiromi_77,eight371,iter,1,0.25
Hiromi_77,hippopotamus372,iter,1,0.25
Hiromi_77,mom389,iter,1,0.25
Hiromi_77,mom392,iter,1,0.25
Hiromi_77,this381,iter,1,0.25
Hiromi_77,this382,iter,1,0.25
Hiromi_77,this383,iter,1,0.25
Hiromi_77,this384,iter,1,0.25
Hiromi_77,this386,iter,1,0.25
Hiromi_77,this388,iter,1,0.25
Hiromi_78,foot1176,iter,1,0.25
Hiromi_79,Barney367,iter,1,0.25
Hiromi_79,ball369,iter,1,0.25
Hiromi_79,cake378,iter,1,0.25
Hiromi_79,daddy404,iter,1,0.25
Hiromi_79,daddy406,iter,1,0.25
Hiromi_79,daddy408,iter,1,0.25
Hiromi_79,daddy409,iter,1,0.25
Hiromi_79,eight371,iter,1,0.25
Hiromi_79,mom390,iter,1,0.25
Hiromi_79,mom393,iter,1,0.25
Hiromi_79,panda1406,iter,1,0.25
Hiromi_79,panda1407,iter,1,0.25
Hiromi_79,panda1408,iter,1,0.25
Hiromi_79,turtle373,iter,1,0.25
Hiromi_8,baby368,iter,1,0.25
Hiromi_8,daddy403,iter,1,0.25
Hiromi_8,daddy404,iter,1,0.25
Hiromi_8,daddy407,iter,1,0.25
Hiromi_8,daddy408,iter,1,0.25
Hiromi_8,daddy409,iter,1,0.25
Hiromi_8,ear395,iter,1,0.25
Hiromi_8,ear396,iter,1,0.25
Hiromi_8,mom389,iter,1,0.25
Hiromi_8,mom390,iter,1,0.25
Hiromi_8,mom394,iter,1,0.25
Hiromi_80,cake378,iter,1,0.25
Hiromi_80,neko 'cat401,iter,1,0.25
Hiromi_83,butterfly410,iter,1,0.25
Hiromi_83,butterfly411,iter,1,0.25
Hiromi_83,daddy403,iter,1,0.25
Hiromi_83,daddy406,iter,1,0.25
Hiromi_83,daddy407,iter,1,0.25
Hiromi_83,eight371,iter,1,0.25
Hiromi_83,neko 'cat399,iter,1,0.25
Hiromi_83,this379,iter,1,0.25
Hiromi_83,this382,iter,1,0.25
Hiromi_83,this386,iter,1,0.25
Hiromi_83,this388,iter,1,0.25
Hiromi_83,turtle373,iter,1,0.25
Hiromi_84,Barney367,iter,1,0.25
Hiromi_84,baby368,iter,1,0.25
Hiromi_84,cake376,iter,1,0.25
Hiromi_84,cake378,iter,1,0.25
Hiromi_84,cute374,iter,1,0.25
Hiromi_84,daddy404,iter,1,0.25
Hiromi_84,daddy407,iter,1,0.25
Hiromi_84,hippopotamus372,iter,1,0.25
Hiromi_84,mom391,iter,1,0.25
Hiromi_84,mom393,iter,1,0.25
Hiromi_84,panda1407,iter,1,0.25
Hiromi_84,panda1408,iter,1,0.25
Hiromi_84,turtle373,iter,1,0.25
Hiromi_85,butterfly410,iter,1,0.25
Hiromi_85,cake377,iter,1,0.25
Hiromi_85,cake378,iter,1,0.25
Hiromi_85,daddy403,iter,1,0.25
Hiromi_85,daddy404,iter,1,0.25
Hiromi_85,daddy408,iter,1,0.25
Hiromi_85,mom391,iter,1,0.25
Hiromi_85,mom392,iter,1,0.25
Hiromi_85,mom394,iter,1,0.25
Hiromi_85,this379,iter,1,0.25
Hiromi_85,this383,iter,1,0.25
Hiromi_85,this384,iter,1,0.25
Hiromi_85,this385,iter,1,0.25
Hiromi_87,Barney367,iter,1,0.25
Hiromi_87,baby368,iter,1,0.25
Hiromi_87,butterfly411,iter,1,0.25
Hiromi_87,cake376,iter,1,0.25
Hiromi_87,daddy408,iter,1,0.25
Hiromi_87,hippopotamus372,iter,1,0.25
Hiromi_87,this381,iter,1,0.25
Hiromi_87,this382,iter,1,0.25
Hiromi_87,this383,iter,1,0.25
Hiromi_87,this384,iter,1,0.25
Hiromi_87,this385,iter,1,0.25
Hiromi_87,turtle373,iter,1,0.25
Hiromi_88,Barney367,iter,1,0.25
Hiromi_88,baby368,iter,1,0.25
Hiromi_88,hippopotamus372,iter,1,0.25
Hiromi_89,cake377,iter,1,0.25
Hiromi_89,hippopotamus372,iter,1,0.25
Hiromi_89,this379,iter,1,0.25
Hiromi_89,this381,iter,1,0.25
Hiromi_89,this383,iter,1,0.25
Hiromi_89,this384,iter,1,0.25
Hiromi_9,Barney367,iter,1,0.25
Hiromi_9,daddy405,iter,1,0.25
Hiromi_9,daddy406,iter,1,0.25
Hiromi_9,daddy407,iter,1,0.25
Hiromi_9,ear396,iter,1,0.25
Hiromi_9,mom390,iter,1,0.25
Hiromi_9,mom394,iter,1,0.25
Hiromi_90,cake378,iter,1,0.25
Hiromi_90,daddy404,iter,1,0.25
Hiromi_90,eight371,iter,1,0.25
Hiromi_90,neko 'cat400,iter,1,0.25
Hiromi_90,this379,iter,1,0.25
Hiromi_90,this385,iter,1,0.25
Hiromi_90,turtle373,iter,1,0.25
Hiromi_91,ball369,iter,1,0.25
Hiromi_91,cake376,iter,1,0.25
Hiromi_91,cute374,iter,1,0.25
Hiromi_91,eight371,iter,1,0.25
Hiromi_91,this379,iter,1,0.25
Hiromi_91,this382,iter,1,0.25
Hiromi_91,this384,iter,1,0.25
Hiromi_91,turtle373,iter,1,0.25
Hiromi_92,baby368,iter,1,0.25
Hiromi_92,ball370,iter,1,0.25
Hiromi_92,butterfly411,iter,1,0.25
Hiromi_92,"car, vroom1649",iter,1,0.25
Hiromi_92,daddy403,iter,1,0.25
Hiromi_92,daddy405,iter,1,0.25
Hiromi_92,ear395,iter,1,0.25
Hiromi_92,ear397,iter,1,0.25
Hiromi_92,foot1175,iter,1,0.25
Hiromi_92,mom393,iter,1,0.25
Hiromi_92,panda1408,iter,1,0.25
Hiromi_92,turtle373,iter,1,0.25
Hiromi_93,baby368,iter,1,0.25
Hiromi_93,cute374,iter,1,0.25
Hiromi_93,daddy406,iter,1,0.25
Hiromi_93,daddy407,iter,1,0.25
Hiromi_93,ear396,iter,1,0.25
Hiromi_93,ear397,iter,1,0.25
Hiromi_93,mom390,iter,1,0.25
Hiromi_93,mom392,iter,1,0.25
Hiromi_93,mom393,iter,1,0.25
Hiromi_93,turtle373,iter,1,0.25
Hiromi_94,ball369,iter,1,0.25
Hiromi_94,cake377,iter,1,0.25
Hiromi_94,this380,iter,1,0.25
Hiromi_94,this383,iter,1,0.25
Hiromi_94,this385,iter,1,0.25
Hiromi_94,this387,iter,1,0.25
Hiromi_95,ball369,iter,1,0.25
Hiromi_95,butterfly410,iter,1,0.25
Hiromi_95,cake376,iter,1,0.25
Hiromi_95,cake377,iter,1,0.25
Hiromi_95,hippopotamus372,iter,1,0.25
Hiromi_95,this383,iter,1,0.25
Hiromi_95,this384,iter,1,0.25
Hiromi_95,this386,iter,1,0.25
Hiromi_96,baby368,iter,1,0.25
Hiromi_96,cake378,iter,1,0.25
Hiromi_96,"car, vroom1648",iter,1,0.25
Hiromi_96,"car, vroom1649",iter,1,0.25
Hiromi_96,cute375,iter,1,0.25
Hiromi_96,daddy404,iter,1,0.25
Hiromi_96,daddy408,iter,1,0.25
Hiromi_96,hippopotamus372,iter,1,0.25
Hiromi_96,mom391,iter,1,0.25
Hiromi_96,panda1407,iter,1,0.25
Hiromi_96,turtle373,iter,1,0.25
Hiromi_97,butterfly411,iter,1,0.25
Hiromi_97,hippopotamus372,iter,1,0.25
Hiromi_97,this379,iter,1,0.25
Hiromi_97,this380,iter,1,0.25
Hiromi_97,this381,iter,1,0.25
Hiromi_97,this382,iter,1,0.25
Hiromi_97,this384,iter,1,0.25
Hiromi_97,this388,iter,1,0.25
Hiromi_97,turtle373,iter,1,0.25
Hiromi_98,ball369,iter,1,0.25
Hiromi_98,cake377,iter,1,0.25
Hiromi_98,cute375,iter,1,0.25
Hiromi_98,eight371,iter,1,0.25
Hiromi_98,hippopotamus372,iter,1,0.25
Hiromi_98,this379,iter,1,0.25
Hiromi_98,this387,iter,1,0.25
Hiromi_98,turtle373,iter,1,0.25
Hiromi_99,baby368,iter,1,0.25
Hiromi_99,daddy403,iter,1,0.25
Hiromi_99,ear395,iter,1,0.25
Hiromi_99,mom390,iter,1,0.25
Hiromi_99,mom391,iter,1,0.25
Hiromi_99,mom392,iter,1,0.25
Ivy_1,baby125,iter,1,0.25
Ivy_1,baby126,iter,1,0.25
Ivy_1,ribbit167,iter,1,0.25
Ivy_1,ribbit168,iter,1,0.25
Ivy_1,ribbit169,iter,1,0.25
Ivy_1,row row157,iter,1,0.25
Ivy_1,row row159,iter,1,0.25
Ivy_1,row row160,iter,1,0.25
Ivy_10,what's that?1357,iter,1,0.25
Ivy_100,baby128,iter,1,0.25
Ivy_100,bye bye131,iter,1,0.25
Ivy_100,daddy135,iter,1,0.25
Ivy_100,giraffe138,iter,1,0.25
Ivy_100,mummy148,iter,1,0.25
Ivy_100,mummy152,iter,1,0.25
Ivy_100,mummy153,iter,1,0.25
Ivy_100,ribbit170,iter,1,0.25
Ivy_100,row row155,iter,1,0.25
Ivy_100,row row157,iter,1,0.25
Ivy_100,row row158,iter,1,0.25
Ivy_100,row row160,iter,1,0.25
Ivy_11,baby123,iter,1,0.25
Ivy_11,baby124,iter,1,0.25
Ivy_11,baby129,iter,1,0.25
Ivy_11,jumpy1348,iter,1,0.25
Ivy_11,jumpy1349,iter,1,0.25
Ivy_11,jumpy1350,iter,1,0.25
Ivy_12,daddy135,iter,1,0.25
Ivy_13,what's that?1355,iter,1,0.25
Ivy_13,what's that?1356,iter,1,0.25
Ivy_14,baby127,iter,1,0.25
Ivy_14,baby128,iter,1,0.25
Ivy_14,baby129,iter,1,0.25
Ivy_14,ribbit170,iter,1,0.25
Ivy_14,row row157,iter,1,0.25
Ivy_15,what's that?1357,iter,1,0.25
Ivy_16,daddy135,iter,1,0.25
Ivy_16,giraffe139,iter,1,0.25
Ivy_16,mummy147,iter,1,0.25
Ivy_16,mummy148,iter,1,0.25
Ivy_16,mummy150,iter,1,0.25
Ivy_16,ribbit167,iter,1,0.25
Ivy_16,ribbit168,iter,1,0.25
Ivy_16,ribbit170,iter,1,0.25
Ivy_16,row row156,iter,1,0.25
Ivy_16,row row159,iter,1,0.25
Ivy_16,teddy162,iter,1,0.25
Ivy_16,teddy163,iter,1,0.25
Ivy_17,baby126,iter,1,0.25
Ivy_17,baby128,iter,1,0.25
Ivy_17,daddy134,iter,1,0.25
Ivy_17,daddy135,iter,1,0.25
Ivy_17,giraffe137,iter,1,0.25
Ivy_17,giraffe139,iter,1,0.25
Ivy_17,mummy147,iter,1,0.25
Ivy_17,mummy151,iter,1,0.25
Ivy_17,rabbit154,iter,1,0.25
Ivy_17,ribbit167,iter,1,0.25
Ivy_17,row row158,iter,1,0.25
Ivy_17,teddy163,iter,1,0.25
Ivy_18,baby123,iter,1,0.25
Ivy_18,giraffe136,iter,1,0.25
Ivy_18,mummy149,iter,1,0.25
Ivy_18,mummy151,iter,1,0.25
Ivy_18,mummy152,iter,1,0.25
Ivy_18,ribbit167,iter,1,0.25
Ivy_18,ribbit169,iter,1,0.25
Ivy_18,row row157,iter,1,0.25
Ivy_18,row row158,iter,1,0.25
Ivy_18,row row161,iter,1,0.25
Ivy_18,teddy162,iter,1,0.25
Ivy_19,lion143,iter,1,0.25
Ivy_2,baby124,iter,1,0.25
Ivy_2,baby127,iter,1,0.25
Ivy_2,bye bye131,iter,1,0.25
Ivy_2,jumpy1349,iter,1,0.25
Ivy_2,mummy150,iter,1,0.25
Ivy_2,ribbit169,iter,1,0.25
Ivy_2,ribbit170,iter,1,0.25
Ivy_2,row row158,iter,1,0.25
Ivy_2,row row161,iter,1,0.25
Ivy_2,teddy162,iter,1,0.25
Ivy_2,teddy163,iter,1,0.25
Ivy_20,what's that?1356,iter,1,0.25
Ivy_21,baby128,iter,1,0.25
Ivy_21,baby129,iter,1,0.25
Ivy_21,jumpy1348,iter,1,0.25
Ivy_21,jumpy1351,iter,1,0.25
Ivy_21,mummy148,iter,1,0.25
Ivy_21,mummy150,iter,1,0.25
Ivy_21,mummy152,iter,1,0.25
Ivy_21,ribbit169,iter,1,0.25
Ivy_21,ribbit170,iter,1,0.25
Ivy_21,row row156,iter,1,0.25
Ivy_21,row row158,iter,1,0.25
Ivy_21,row row159,iter,1,0.25
Ivy_21,row row161,iter,1,0.25
Ivy_21,teddy163,iter,1,0.25
Ivy_22,what's that?1354,iter,1,0.25
Ivy_22,what's that?1355,iter,1,0.25
Ivy_23,lion144,iter,1,0.25
Ivy_23,lion146,iter,1,0.25
Ivy_25,baby124,iter,1,0.25
Ivy_25,baby125,iter,1,0.25
Ivy_25,jumpy1349,iter,1,0.25
Ivy_25,jumpy1351,iter,1,0.25
Ivy_26,baby123,iter,1,0.25
Ivy_26,baby126,iter,1,0.25
Ivy_26,daddy133,iter,1,0.25
Ivy_26,mummy148,iter,1,0.25
Ivy_26,mummy152,iter,1,0.25
Ivy_26,row row155,iter,1,0.25
Ivy_26,row row158,iter,1,0.25
Ivy_26,row row160,iter,1,0.25
Ivy_26,teddy163,iter,1,0.25
Ivy_26,zebra164,iter,1,0.25
Ivy_27,giraffe137,iter,1,0.25
Ivy_27,row row159,iter,1,0.25
Ivy_28,baby123,iter,1,0.25
Ivy_28,baby125,iter,1,0.25
Ivy_28,baby126,iter,1,0.25
Ivy_28,baby127,iter,1,0.25
Ivy_28,baby128,iter,1,0.25
Ivy_28,baby129,iter,1,0.25
Ivy_28,rabbit154,iter,1,0.25
Ivy_28,ribbit169,iter,1,0.25
Ivy_28,ribbit170,iter,1,0.25
Ivy_28,row row159,iter,1,0.25
Ivy_28,row row160,iter,1,0.25
Ivy_3,lion145,iter,1,0.25
Ivy_3,lion146,iter,1,0.25
Ivy_30,lion140,iter,1,0.25
Ivy_30,lion143,iter,1,0.25
Ivy_30,lion145,iter,1,0.25
Ivy_30,lion146,iter,1,0.25
Ivy_31,giraffe138,iter,1,0.25
Ivy_31,row row157,iter,1,0.25
Ivy_31,row row158,iter,1,0.25
Ivy_32,lion143,iter,1,0.25
Ivy_32,lion145,iter,1,0.25
Ivy_32,lion146,iter,1,0.25
Ivy_33,baby126,iter,1,0.25
Ivy_33,baby127,iter,1,0.25
Ivy_33,baby128,iter,1,0.25
Ivy_33,daddy135,iter,1,0.25
Ivy_33,mummy148,iter,1,0.25
Ivy_33,mummy153,iter,1,0.25
Ivy_33,rabbit154,iter,1,0.25
Ivy_33,ribbit170,iter,1,0.25
Ivy_33,row row155,iter,1,0.25
Ivy_33,row row156,iter,1,0.25
Ivy_33,teddy163,iter,1,0.25
Ivy_34,lion141,iter,1,0.25
Ivy_34,lion144,iter,1,0.25
Ivy_35,baby123,iter,1,0.25
Ivy_35,baby128,iter,1,0.25
Ivy_35,bye bye131,iter,1,0.25
Ivy_35,rabbit154,iter,1,0.25
Ivy_35,row row160,iter,1,0.25
Ivy_35,zebra164,iter,1,0.25
Ivy_36,daddy133,iter,1,0.25
Ivy_36,row row156,iter,1,0.25
Ivy_36,teddy162,iter,1,0.25
Ivy_36,teddy163,iter,1,0.25
Ivy_36,tractor1353,iter,1,0.25
Ivy_37,baby123,iter,1,0.25
Ivy_37,baby124,iter,1,0.25
Ivy_37,bye bye131,iter,1,0.25
Ivy_37,daddy134,iter,1,0.25
Ivy_37,daddy135,iter,1,0.25
Ivy_37,mummy148,iter,1,0.25
Ivy_37,mummy150,iter,1,0.25
Ivy_37,mummy152,iter,1,0.25
Ivy_37,rabbit154,iter,1,0.25
Ivy_37,ribbit167,iter,1,0.25
Ivy_37,row row156,iter,1,0.25
Ivy_37,zebra164,iter,1,0.25
Ivy_38,baby124,iter,1,0.25
Ivy_38,baby125,iter,1,0.25
Ivy_38,baby127,iter,1,0.25
Ivy_38,baby128,iter,1,0.25
Ivy_38,bye bye131,iter,1,0.25
Ivy_38,mummy150,iter,1,0.25
Ivy_38,mummy153,iter,1,0.25
Ivy_38,row row155,iter,1,0.25
Ivy_38,row row156,iter,1,0.25
Ivy_38,zebra164,iter,1,0.25
Ivy_39,lion146,iter,1,0.25
Ivy_4,baby123,iter,1,0.25
Ivy_4,baby124,iter,1,0.25
Ivy_4,baby126,iter,1,0.25
Ivy_4,baby128,iter,1,0.25
Ivy_4,baby129,iter,1,0.25
Ivy_4,daddy135,iter,1,0.25
Ivy_4,jumpy1348,iter,1,0.25
Ivy_4,jumpy1350,iter,1,0.25
Ivy_4,mummy150,iter,1,0.25
Ivy_4,ribbit168,iter,1,0.25
Ivy_4,ribbit170,iter,1,0.25
Ivy_4,row row155,iter,1,0.25
Ivy_4,row row161,iter,1,0.25
Ivy_40,mummy153,iter,1,0.25
Ivy_40,row row158,iter,1,0.25
Ivy_40,row row159,iter,1,0.25
Ivy_41,lion141,iter,1,0.25
Ivy_41,lion142,iter,1,0.25
Ivy_41,lion143,iter,1,0.25
Ivy_42,baby123,iter,1,0.25
Ivy_42,baby124,iter,1,0.25
Ivy_42,baby128,iter,1,0.25
Ivy_42,mummy152,iter,1,0.25
Ivy_42,mummy153,iter,1,0.25
Ivy_42,row row155,iter,1,0.25
Ivy_42,row row158,iter,1,0.25
Ivy_45,balloon130,iter,1,0.25
Ivy_45,lion141,iter,1,0.25
Ivy_46,baby127,iter,1,0.25
Ivy_46,jumpy1348,iter,1,0.25
Ivy_46,jumpy1349,iter,1,0.25
Ivy_46,zebra164,iter,1,0.25
Ivy_47,baby124,iter,1,0.25
Ivy_47,baby128,iter,1,0.25
Ivy_47,bye bye131,iter,1,0.25
Ivy_47,daddy133,iter,1,0.25
Ivy_47,giraffe136,iter,1,0.25
Ivy_47,mummy147,iter,1,0.25
Ivy_47,ribbit169,iter,1,0.25
Ivy_47,ribbit170,iter,1,0.25
Ivy_47,row row156,iter,1,0.25
Ivy_47,teddy162,iter,1,0.25
Ivy_47,teddy163,iter,1,0.25
Ivy_48,baby125,iter,1,0.25
Ivy_48,baby128,iter,1,0.25
Ivy_48,baby129,iter,1,0.25
Ivy_48,bye bye131,iter,1,0.25
Ivy_49,what's that?1355,iter,1,0.25
Ivy_49,what's that?1356,iter,1,0.25
Ivy_5,lion140,iter,1,0.25
Ivy_5,lion141,iter,1,0.25
Ivy_51,baby123,iter,1,0.25
Ivy_51,baby127,iter,1,0.25
Ivy_51,bye bye131,iter,1,0.25
Ivy_51,daddy134,iter,1,0.25
Ivy_51,daddy135,iter,1,0.25
Ivy_51,jumpy1348,iter,1,0.25
Ivy_51,jumpy1350,iter,1,0.25
Ivy_51,mummy147,iter,1,0.25
Ivy_51,mummy149,iter,1,0.25
Ivy_51,mummy151,iter,1,0.25
Ivy_51,mummy152,iter,1,0.25
Ivy_51,row row157,iter,1,0.25
Ivy_51,teddy163,iter,1,0.25
Ivy_52,lion145,iter,1,0.25
Ivy_52,lion146,iter,1,0.25
Ivy_53,baby123,iter,1,0.25
Ivy_53,baby126,iter,1,0.25
Ivy_53,baby127,iter,1,0.25
Ivy_53,baby128,iter,1,0.25
Ivy_53,daddy133,iter,1,0.25
Ivy_53,daddy135,iter,1,0.25
Ivy_53,giraffe138,iter,1,0.25
Ivy_53,mummy147,iter,1,0.25
Ivy_53,ribbit168,iter,1,0.25
Ivy_53,row row156,iter,1,0.25
Ivy_53,row row157,iter,1,0.25
Ivy_53,row row158,iter,1,0.25
Ivy_53,row row159,iter,1,0.25
Ivy_53,row row160,iter,1,0.25
Ivy_53,zebra164,iter,1,0.25
Ivy_54,baby126,iter,1,0.25
Ivy_54,mummy147,iter,1,0.25
Ivy_54,mummy150,iter,1,0.25
Ivy_54,mummy151,iter,1,0.25
Ivy_54,mummy153,iter,1,0.25
Ivy_54,row row155,iter,1,0.25
Ivy_54,row row159,iter,1,0.25
Ivy_54,row row161,iter,1,0.25
Ivy_55,row row155,iter,1,0.25
Ivy_55,row row158,iter,1,0.25
Ivy_56,baby124,iter,1,0.25
Ivy_56,daddy134,iter,1,0.25
Ivy_56,row row155,iter,1,0.25
Ivy_56,row row160,iter,1,0.25
Ivy_56,teddy163,iter,1,0.25
Ivy_57,what's that?1357,iter,1,0.25
Ivy_58,baby124,iter,1,0.25
Ivy_58,baby129,iter,1,0.25
Ivy_58,bye bye131,iter,1,0.25
Ivy_58,giraffe139,iter,1,0.25
Ivy_58,mummy152,iter,1,0.25
Ivy_58,mummy153,iter,1,0.25
Ivy_58,rabbit154,iter,1,0.25
Ivy_58,ribbit170,iter,1,0.25
Ivy_58,row row155,iter,1,0.25
Ivy_58,row row156,iter,1,0.25
Ivy_58,row row158,iter,1,0.25
Ivy_58,row row160,iter,1,0.25
Ivy_58,teddy163,iter,1,0.25
Ivy_59,baby123,iter,1,0.25
Ivy_59,baby125,iter,1,0.25
Ivy_59,bye bye131,iter,1,0.25
Ivy_59,daddy133,iter,1,0.25
Ivy_59,daddy134,iter,1,0.25
Ivy_59,giraffe136,iter,1,0.25
Ivy_59,giraffe137,iter,1,0.25
Ivy_59,rabbit154,iter,1,0.25
Ivy_59,ribbit167,iter,1,0.25
Ivy_59,row row155,iter,1,0.25
Ivy_59,row row159,iter,1,0.25
Ivy_59,teddy162,iter,1,0.25
Ivy_59,teddy163,iter,1,0.25
Ivy_6,baby128,iter,1,0.25
Ivy_6,baby129,iter,1,0.25
Ivy_6,daddy134,iter,1,0.25
Ivy_6,daddy135,iter,1,0.25
Ivy_6,jumpy1351,iter,1,0.25
Ivy_6,mummy150,iter,1,0.25
Ivy_6,mummy153,iter,1,0.25
Ivy_6,rabbit154,iter,1,0.25
Ivy_6,ribbit167,iter,1,0.25
Ivy_6,row row158,iter,1,0.25
Ivy_6,teddy162,iter,1,0.25
Ivy_6,teddy163,iter,1,0.25
Ivy_60,baby129,iter,1,0.25
Ivy_60,bye bye131,iter,1,0.25
Ivy_60,giraffe136,iter,1,0.25
Ivy_60,giraffe138,iter,1,0.25
Ivy_60,mummy151,iter,1,0.25
Ivy_60,rabbit154,iter,1,0.25
Ivy_60,ribbit168,iter,1,0.25
Ivy_60,row row155,iter,1,0.25
Ivy_60,row row159,iter,1,0.25
Ivy_60,row row160,iter,1,0.25
Ivy_60,zebra164,iter,1,0.25
Ivy_61,baby125,iter,1,0.25
Ivy_61,baby127,iter,1,0.25
Ivy_61,baby128,iter,1,0.25
Ivy_61,bye bye131,iter,1,0.25
Ivy_61,jumpy1351,iter,1,0.25
Ivy_61,mummy148,iter,1,0.25
Ivy_61,mummy149,iter,1,0.25
Ivy_61,mummy151,iter,1,0.25
Ivy_61,ribbit167,iter,1,0.25
Ivy_61,ribbit168,iter,1,0.25
Ivy_61,row row155,iter,1,0.25
Ivy_61,row row159,iter,1,0.25
Ivy_61,row row160,iter,1,0.25
Ivy_61,teddy162,iter,1,0.25
Ivy_61,teddy163,iter,1,0.25
Ivy_62,baby123,iter,1,0.25
Ivy_62,baby127,iter,1,0.25
Ivy_62,daddy135,iter,1,0.25
Ivy_62,jumpy1350,iter,1,0.25
Ivy_62,mummy147,iter,1,0.25
Ivy_62,mummy149,iter,1,0.25
Ivy_62,mummy152,iter,1,0.25
Ivy_62,ribbit167,iter,1,0.25
Ivy_62,ribbit168,iter,1,0.25
Ivy_62,ribbit170,iter,1,0.25
Ivy_62,row row157,iter,1,0.25
Ivy_62,row row158,iter,1,0.25
Ivy_62,row row159,iter,1,0.25
Ivy_62,teddy163,iter,1,0.25
Ivy_63,baby126,iter,1,0.25
Ivy_63,bye bye131,iter,1,0.25
Ivy_63,daddy135,iter,1,0.25
Ivy_63,row row156,iter,1,0.25
Ivy_63,row row158,iter,1,0.25
Ivy_63,teddy162,iter,1,0.25
Ivy_63,tractor1353,iter,1,0.25
Ivy_63,zebra164,iter,1,0.25
Ivy_64,baby123,iter,1,0.25
Ivy_64,ribbit167,iter,1,0.25
Ivy_64,row row157,iter,1,0.25
Ivy_64,row row160,iter,1,0.25
Ivy_65,what's that?1357,iter,1,0.25
Ivy_66,baby123,iter,1,0.25
Ivy_66,baby129,iter,1,0.25
Ivy_66,giraffe136,iter,1,0.25
Ivy_66,giraffe137,iter,1,0.25
Ivy_66,giraffe139,iter,1,0.25
Ivy_66,mummy148,iter,1,0.25
Ivy_66,mummy152,iter,1,0.25
Ivy_66,row row156,iter,1,0.25
Ivy_66,row row157,iter,1,0.25
Ivy_66,row row158,iter,1,0.25
Ivy_66,row row159,iter,1,0.25
Ivy_66,row row161,iter,1,0.25
Ivy_66,teddy162,iter,1,0.25
Ivy_67,baby123,iter,1,0.25
Ivy_67,baby124,iter,1,0.25
Ivy_67,baby127,iter,1,0.25
Ivy_67,baby129,iter,1,0.25
Ivy_67,bye bye131,iter,1,0.25
Ivy_67,row row155,iter,1,0.25
Ivy_67,row row157,iter,1,0.25
Ivy_67,row row159,iter,1,0.25
Ivy_67,row row160,iter,1,0.25
Ivy_68,balloon130,iter,1,0.25
Ivy_68,lion140,iter,1,0.25
Ivy_68,lion141,iter,1,0.25
Ivy_68,lion143,iter,1,0.25
Ivy_68,lion144,iter,1,0.25
Ivy_69,baby125,iter,1,0.25
Ivy_69,baby126,iter,1,0.25
Ivy_69,baby129,iter,1,0.25
Ivy_69,bye bye131,iter,1,0.25
Ivy_69,row row155,iter,1,0.25
Ivy_69,row row156,iter,1,0.25
Ivy_69,row row159,iter,1,0.25
Ivy_69,row row161,iter,1,0.25
Ivy_7,baby123,iter,1,0.25
Ivy_7,baby129,iter,1,0.25
Ivy_7,daddy133,iter,1,0.25
Ivy_7,daddy134,iter,1,0.25
Ivy_7,jumpy1349,iter,1,0.25
Ivy_7,jumpy1350,iter,1,0.25
Ivy_7,mummy148,iter,1,0.25
Ivy_7,mummy149,iter,1,0.25
Ivy_7,mummy150,iter,1,0.25
Ivy_7,mummy153,iter,1,0.25
Ivy_7,rabbit154,iter,1,0.25
Ivy_7,ribbit168,iter,1,0.25
Ivy_7,ribbit169,iter,1,0.25
Ivy_7,row row159,iter,1,0.25
Ivy_7,row row161,iter,1,0.25
Ivy_70,baby124,iter,1,0.25
Ivy_70,baby129,iter,1,0.25
Ivy_70,mummy147,iter,1,0.25
Ivy_70,mummy148,iter,1,0.25
Ivy_70,row row157,iter,1,0.25
Ivy_70,row row158,iter,1,0.25
Ivy_70,row row159,iter,1,0.25
Ivy_71,daddy133,iter,1,0.25
Ivy_72,baby125,iter,1,0.25
Ivy_72,baby126,iter,1,0.25
Ivy_72,daddy134,iter,1,0.25
Ivy_72,jumpy1350,iter,1,0.25
Ivy_72,jumpy1351,iter,1,0.25
Ivy_72,mummy149,iter,1,0.25
Ivy_72,mummy152,iter,1,0.25
Ivy_72,rabbit154,iter,1,0.25
Ivy_72,ribbit169,iter,1,0.25
Ivy_72,ribbit170,iter,1,0.25
Ivy_72,row row160,iter,1,0.25
Ivy_72,teddy162,iter,1,0.25
Ivy_73,baby123,iter,1,0.25
Ivy_73,baby125,iter,1,0.25
Ivy_73,baby129,iter,1,0.25
Ivy_73,bye bye131,iter,1,0.25
Ivy_73,jumpy1349,iter,1,0.25
Ivy_75,baby124,iter,1,0.25
Ivy_75,baby125,iter,1,0.25
Ivy_75,bye bye131,iter,1,0.25
Ivy_75,daddy135,iter,1,0.25
Ivy_75,jumpy1348,iter,1,0.25
Ivy_75,mummy150,iter,1,0.25
Ivy_75,ribbit168,iter,1,0.25
Ivy_75,ribbit170,iter,1,0.25
Ivy_75,row row158,iter,1,0.25
Ivy_75,row row161,iter,1,0.25
Ivy_75,zebra164,iter,1,0.25
Ivy_76,baby123,iter,1,0.25
Ivy_76,baby124,iter,1,0.25
Ivy_76,bye bye131,iter,1,0.25
Ivy_76,daddy135,iter,1,0.25
Ivy_76,giraffe136,iter,1,0.25
Ivy_76,giraffe139,iter,1,0.25
Ivy_76,ribbit169,iter,1,0.25
Ivy_76,ribbit170,iter,1,0.25
Ivy_76,row row157,iter,1,0.25
Ivy_76,teddy162,iter,1,0.25
Ivy_76,zebra164,iter,1,0.25
Ivy_77,baby125,iter,1,0.25
Ivy_77,baby128,iter,1,0.25
Ivy_77,mummy147,iter,1,0.25
Ivy_77,mummy149,iter,1,0.25
Ivy_77,row row155,iter,1,0.25
Ivy_77,row row157,iter,1,0.25
Ivy_77,row row158,iter,1,0.25
Ivy_78,giraffe137,iter,1,0.25
Ivy_78,row row157,iter,1,0.25
Ivy_79,what's that?1355,iter,1,0.25
Ivy_79,what's that?1356,iter,1,0.25
Ivy_79,what's that?1357,iter,1,0.25
Ivy_80,baby127,iter,1,0.25
Ivy_80,baby128,iter,1,0.25
Ivy_80,bye bye131,iter,1,0.25
Ivy_80,zebra164,iter,1,0.25
Ivy_81,baby124,iter,1,0.25
Ivy_81,baby128,iter,1,0.25
Ivy_81,baby129,iter,1,0.25
Ivy_81,mummy147,iter,1,0.25
Ivy_81,mummy148,iter,1,0.25
Ivy_81,row row159,iter,1,0.25
Ivy_81,row row161,iter,1,0.25
Ivy_82,giraffe138,iter,1,0.25
Ivy_82,row row156,iter,1,0.25
Ivy_82,row row160,iter,1,0.25
Ivy_83,baby127,iter,1,0.25
Ivy_83,ribbit167,iter,1,0.25
Ivy_83,ribbit168,iter,1,0.25
Ivy_83,ribbit170,iter,1,0.25
Ivy_83,row row156,iter,1,0.25
Ivy_83,row row157,iter,1,0.25
Ivy_83,row row158,iter,1,0.25
Ivy_83,zebra164,iter,1,0.25
Ivy_84,lion146,iter,1,0.25
Ivy_85,giraffe136,iter,1,0.25
Ivy_85,giraffe138,iter,1,0.25
Ivy_85,row row157,iter,1,0.25
Ivy_86,lion141,iter,1,0.25
Ivy_86,lion144,iter,1,0.25
Ivy_88,baby124,iter,1,0.25
Ivy_88,baby125,iter,1,0.25
Ivy_88,baby127,iter,1,0.25
Ivy_88,daddy135,iter,1,0.25
Ivy_88,row row156,iter,1,0.25
Ivy_88,row row157,iter,1,0.25
Ivy_88,row row158,iter,1,0.25
Ivy_88,row row159,iter,1,0.25
Ivy_88,row row160,iter,1,0.25
Ivy_88,teddy163,iter,1,0.25
Ivy_89,baby123,iter,1,0.25
Ivy_89,baby126,iter,1,0.25
Ivy_89,bye bye131,iter,1,0.25
Ivy_89,daddy135,iter,1,0.25
Ivy_89,giraffe139,iter,1,0.25
Ivy_89,mummy147,iter,1,0.25
Ivy_89,mummy150,iter,1,0.25
Ivy_89,mummy152,iter,1,0.25
Ivy_89,ribbit168,iter,1,0.25
Ivy_89,ribbit170,iter,1,0.25
Ivy_89,row row155,iter,1,0.25
Ivy_89,row row158,iter,1,0.25
Ivy_89,row row160,iter,1,0.25
Ivy_89,row row161,iter,1,0.25
Ivy_89,zebra164,iter,1,0.25
Ivy_9,baby123,iter,1,0.25
Ivy_9,baby125,iter,1,0.25
Ivy_9,baby127,iter,1,0.25
Ivy_9,ribbit170,iter,1,0.25
Ivy_9,row row155,iter,1,0.25
Ivy_9,row row156,iter,1,0.25
Ivy_9,row row159,iter,1,0.25
Ivy_90,baby129,iter,1,0.25
Ivy_90,daddy133,iter,1,0.25
Ivy_90,jumpy1348,iter,1,0.25
Ivy_90,jumpy1349,iter,1,0.25
Ivy_90,mummy150,iter,1,0.25
Ivy_90,mummy151,iter,1,0.25
Ivy_90,ribbit167,iter,1,0.25
Ivy_90,ribbit169,iter,1,0.25
Ivy_90,row row160,iter,1,0.25
Ivy_90,row row161,iter,1,0.25
Ivy_91,baby125,iter,1,0.25
Ivy_91,baby126,iter,1,0.25
Ivy_91,mummy151,iter,1,0.25
Ivy_91,row row155,iter,1,0.25
Ivy_91,row row158,iter,1,0.25
Ivy_91,row row159,iter,1,0.25
Ivy_91,row row160,iter,1,0.25
Ivy_92,baby123,iter,1,0.25
Ivy_92,baby128,iter,1,0.25
Ivy_92,daddy134,iter,1,0.25
Ivy_92,daddy135,iter,1,0.25
Ivy_92,giraffe137,iter,1,0.25
Ivy_92,mummy149,iter,1,0.25
Ivy_92,mummy150,iter,1,0.25
Ivy_92,rabbit154,iter,1,0.25
Ivy_92,ribbit167,iter,1,0.25
Ivy_92,row row157,iter,1,0.25
Ivy_92,row row158,iter,1,0.25
Ivy_92,row row160,iter,1,0.25
Ivy_92,row row161,iter,1,0.25
Ivy_92,teddy162,iter,1,0.25
Ivy_93,baby126,iter,1,0.25
Ivy_93,baby129,iter,1,0.25
Ivy_93,mummy148,iter,1,0.25
Ivy_93,mummy152,iter,1,0.25
Ivy_93,row row155,iter,1,0.25
Ivy_93,row row157,iter,1,0.25
Ivy_94,baby124,iter,1,0.25
Ivy_94,baby125,iter,1,0.25
Ivy_94,baby126,iter,1,0.25
Ivy_94,baby128,iter,1,0.25
Ivy_94,bye bye131,iter,1,0.25
Ivy_94,mummy147,iter,1,0.25
Ivy_94,mummy153,iter,1,0.25
Ivy_94,ribbit167,iter,1,0.25
Ivy_94,ribbit169,iter,1,0.25
Ivy_94,row row161,iter,1,0.25
Ivy_94,teddy162,iter,1,0.25
Ivy_95,baby126,iter,1,0.25
Ivy_95,baby127,iter,1,0.25
Ivy_95,baby128,iter,1,0.25
Ivy_95,mummy148,iter,1,0.25
Ivy_95,mummy149,iter,1,0.25
Ivy_95,mummy150,iter,1,0.25
Ivy_95,mummy153,iter,1,0.25
Ivy_95,row row155,iter,1,0.25
Ivy_97,baby125,iter,1,0.25
Ivy_97,baby126,iter,1,0.25
Ivy_97,baby128,iter,1,0.25
Ivy_97,daddy134,iter,1,0.25
Ivy_97,daddy135,iter,1,0.25
Ivy_97,jumpy1349,iter,1,0.25
Ivy_97,jumpy1350,iter,1,0.25
Ivy_97,mummy147,iter,1,0.25
Ivy_97,mummy148,iter,1,0.25
Ivy_97,mummy149,iter,1,0.25
Ivy_97,row row155,iter,1,0.25
Ivy_97,row row157,iter,1,0.25
Ivy_98,quack quack165,iter,1,0.25
Ivy_99,baby124,iter,1,0.25
Ivy_99,baby125,iter,1,0.25
Ivy_99,baby126,iter,1,0.25
Ivy_99,ribbit167,iter,1,0.25
Ivy_99,ribbit169,iter,1,0.25
Ivy_99,ribbit170,iter,1,0.25
Ivy_99,row row156,iter,1,0.25
Ivy_99,row row159,iter,1,0.25
Julien_1,Boubou724,iter,1,0.25
Julien_1,Boubou725,iter,1,0.25
Julien_1,Corinne727,iter,1,0.25
Julien_1,Papa736,iter,1,0.25
Julien_1,Papa738,iter,1,0.25
Julien_1,Petit739,iter,1,0.25
Julien_1,Pin pon740,iter,1,0.25
Julien_1,Pin pon741,iter,1,0.25
Julien_1,Pin pon742,iter,1,0.25
Julien_1,Popi743,iter,1,0.25
Julien_1,Tonton744,iter,1,0.25
Julien_1,Tonton745,iter,1,0.25
Julien_1,croco728,iter,1,0.25
Julien_1,croco730,iter,1,0.25
Julien_1,croco731,iter,1,0.25
Julien_10,Boubou724,iter,1,0.25
Julien_10,Boubou725,iter,1,0.25
Julien_10,Boubou726,iter,1,0.25
Julien_10,Papa736,iter,1,0.25
Julien_10,Papa737,iter,1,0.25
Julien_10,Papa738,iter,1,0.25
Julien_10,Petit739,iter,1,0.25
Julien_10,Pin pon740,iter,1,0.25
Julien_10,Pin pon741,iter,1,0.25
Julien_10,Pin pon742,iter,1,0.25
Julien_10,Popi743,iter,1,0.25
Julien_10,Tonton745,iter,1,0.25
Julien_10,cot cot1429,iter,1,0.25
Julien_10,croco728,iter,1,0.25
Julien_10,croco730,iter,1,0.25
Julien_10,croco731,iter,1,0.25
Julien_100,Boubou724,iter,1,0.25
Julien_100,Boubou725,iter,1,0.25
Julien_100,Boubou726,iter,1,0.25
Julien_100,Corinne727,iter,1,0.25
Julien_100,Papa736,iter,1,0.25
Julien_100,Papa738,iter,1,0.25
Julien_100,Petit739,iter,1,0.25
Julien_100,Pin pon740,iter,1,0.25
Julien_100,Pin pon741,iter,1,0.25
Julien_100,Pin pon742,iter,1,0.25
Julien_100,Popi743,iter,1,0.25
Julien_100,Tonton744,iter,1,0.25
Julien_100,Tonton745,iter,1,0.25
Julien_100,cot cot1429,iter,1,0.25
Julien_100,croco728,iter,1,0.25
Julien_100,croco729,iter,1,0.25
Julien_100,croco730,iter,1,0.25
Julien_100,croco731,iter,1,0.25
Julien_11,Boubou724,iter,1,0.25
Julien_11,Boubou725,iter,1,0.25
Julien_11,Boubou726,iter,1,0.25
Julien_11,Papa736,iter,1,0.25
Julien_11,Papa737,iter,1,0.25
Julien_11,Papa738,iter,1,0.25
Julien_11,Pin pon740,iter,1,0.25
Julien_11,Pin pon741,iter,1,0.25
Julien_11,Pin pon742,iter,1,0.25
Julien_11,Popi743,iter,1,0.25
Julien_11,Tonton744,iter,1,0.25
Julien_11,Tonton745,iter,1,0.25
Julien_11,cot cot1429,iter,1,0.25
Julien_11,croco729,iter,1,0.25
Julien_11,croco730,iter,1,0.25
Julien_11,croco731,iter,1,0.25
Julien_12,Boubou724,iter,1,0.25
Julien_12,Boubou725,iter,1,0.25
Julien_12,Boubou726,iter,1,0.25
Julien_12,Maman734,iter,1,0.25
Julien_12,Papa736,iter,1,0.25
Julien_12,Papa738,iter,1,0.25
Julien_12,Petit739,iter,1,0.25
Julien_12,Pin pon740,iter,1,0.25
Julien_12,Pin pon741,iter,1,0.25
Julien_12,Pin pon742,iter,1,0.25
Julien_12,Popi743,iter,1,0.25
Julien_12,Tonton744,iter,1,0.25
Julien_12,croco728,iter,1,0.25
Julien_12,croco729,iter,1,0.25
Julien_12,croco730,iter,1,0.25
Julien_12,croco731,iter,1,0.25
Julien_12,plus grand733,iter,1,0.25
Julien_13,Maman734,iter,1,0.25
Julien_13,Tonton745,iter,1,0.25
Julien_13,les deux732,iter,1,0.25
Julien_14,Boubou724,iter,1,0.25
Julien_14,Boubou725,iter,1,0.25
Julien_14,Boubou726,iter,1,0.25
Julien_14,Maman734,iter,1,0.25
Julien_14,Papa737,iter,1,0.25
Julien_14,Papa738,iter,1,0.25
Julien_14,Pin pon740,iter,1,0.25
Julien_14,Pin pon741,iter,1,0.25
Julien_14,Pin pon742,iter,1,0.25
Julien_14,Popi743,iter,1,0.25
Julien_15,Boubou725,iter,1,0.25
Julien_15,Maman734,iter,1,0.25
Julien_15,Papa736,iter,1,0.25
Julien_15,Papa737,iter,1,0.25
Julien_15,Papa738,iter,1,0.25
Julien_15,Petit739,iter,1,0.25
Julien_15,Pin pon740,iter,1,0.25
Julien_15,Pin pon741,iter,1,0.25
Julien_15,Pin pon742,iter,1,0.25
Julien_15,Tonton744,iter,1,0.25
Julien_15,Tonton745,iter,1,0.25
Julien_15,croco728,iter,1,0.25
Julien_15,croco729,iter,1,0.25
Julien_15,croco730,iter,1,0.25
Julien_15,croco731,iter,1,0.25
Julien_15,plus grand733,iter,1,0.25
Julien_16,Boubou724,iter,1,0.25
Julien_16,Boubou725,iter,1,0.25
Julien_16,Boubou726,iter,1,0.25
Julien_16,Maman734,iter,1,0.25
Julien_16,Papa736,iter,1,0.25
Julien_16,Papa737,iter,1,0.25
Julien_16,Petit739,iter,1,0.25
Julien_16,Pin pon740,iter,1,0.25
Julien_16,Pin pon742,iter,1,0.25
Julien_16,Popi743,iter,1,0.25
Julien_16,Tonton745,iter,1,0.25
Julien_16,croco728,iter,1,0.25
Julien_16,croco729,iter,1,0.25
Julien_16,croco730,iter,1,0.25
Julien_16,croco731,iter,1,0.25
Julien_16,plus grand733,iter,1,0.25
Julien_17,Boubou724,iter,1,0.25
Julien_17,Boubou726,iter,1,0.25
Julien_17,Maman734,iter,1,0.25
Julien_17,Papa736,iter,1,0.25
Julien_17,Papa737,iter,1,0.25
Julien_17,Papa738,iter,1,0.25
Julien_17,Petit739,iter,1,0.25
Julien_17,Pin pon741,iter,1,0.25
Julien_17,Pin pon742,iter,1,0.25
Julien_17,Tonton744,iter,1,0.25
Julien_17,Tonton745,iter,1,0.25
Julien_17,croco728,iter,1,0.25
Julien_17,croco729,iter,1,0.25
Julien_17,croco730,iter,1,0.25
Julien_17,croco731,iter,1,0.25
Julien_17,plus grand733,iter,1,0.25
Julien_18,Boubou725,iter,1,0.25
Julien_18,Boubou726,iter,1,0.25
Julien_18,Papa736,iter,1,0.25
Julien_18,Papa737,iter,1,0.25
Julien_18,Papa738,iter,1,0.25
Julien_18,Petit739,iter,1,0.25
Julien_18,Pin pon740,iter,1,0.25
Julien_18,Pin pon741,iter,1,0.25
Julien_18,Pin pon742,iter,1,0.25
Julien_18,Popi743,iter,1,0.25
Julien_19,Boubou724,iter,1,0.25
Julien_19,Boubou725,iter,1,0.25
Julien_19,Boubou726,iter,1,0.25
Julien_19,Maman734,iter,1,0.25
Julien_19,Papa736,iter,1,0.25
Julien_19,Papa737,iter,1,0.25
Julien_19,Papa738,iter,1,0.25
Julien_19,Petit739,iter,1,0.25
Julien_19,Pin pon741,iter,1,0.25
Julien_19,Tonton744,iter,1,0.25
Julien_19,Tonton745,iter,1,0.25
Julien_19,croco728,iter,1,0.25
Julien_19,croco729,iter,1,0.25
Julien_19,croco730,iter,1,0.25
Julien_19,croco731,iter,1,0.25
Julien_19,plus grand733,iter,1,0.25
Julien_2,Boubou724,iter,1,0.25
Julien_2,Boubou725,iter,1,0.25
Julien_2,Boubou726,iter,1,0.25
Julien_2,Maman734,iter,1,0.25
Julien_2,Papa736,iter,1,0.25
Julien_2,Papa738,iter,1,0.25
Julien_2,Petit739,iter,1,0.25
Julien_2,Pin pon741,iter,1,0.25
Julien_2,Popi743,iter,1,0.25
Julien_2,Tonton744,iter,1,0.25
Julien_2,Tonton745,iter,1,0.25
Julien_2,croco728,iter,1,0.25
Julien_2,croco729,iter,1,0.25
Julien_2,croco730,iter,1,0.25
Julien_2,croco731,iter,1,0.25
Julien_2,plus grand733,iter,1,0.25
Julien_20,Boubou724,iter,1,0.25
Julien_20,Boubou725,iter,1,0.25
Julien_20,Nana735,iter,1,0.25
Julien_20,Papa736,iter,1,0.25
Julien_20,Papa738,iter,1,0.25
Julien_20,Pin pon740,iter,1,0.25
Julien_20,Pin pon741,iter,1,0.25
Julien_20,Popi743,iter,1,0.25
Julien_21,Boubou724,iter,1,0.25
Julien_21,Boubou725,iter,1,0.25
Julien_21,Maman734,iter,1,0.25
Julien_21,Papa736,iter,1,0.25
Julien_21,Papa737,iter,1,0.25
Julien_21,Papa738,iter,1,0.25
Julien_21,Petit739,iter,1,0.25
Julien_21,Pin pon741,iter,1,0.25
Julien_21,Pin pon742,iter,1,0.25
Julien_21,Tonton744,iter,1,0.25
Julien_21,Tonton745,iter,1,0.25
Julien_21,croco728,iter,1,0.25
Julien_21,croco729,iter,1,0.25
Julien_21,croco730,iter,1,0.25
Julien_21,croco731,iter,1,0.25
Julien_21,plus grand733,iter,1,0.25
Julien_22,Boubou725,iter,1,0.25
Julien_22,Boubou726,iter,1,0.25
Julien_22,Papa736,iter,1,0.25
Julien_22,Papa737,iter,1,0.25
Julien_22,Papa738,iter,1,0.25
Julien_22,Petit739,iter,1,0.25
Julien_22,Pin pon741,iter,1,0.25
Julien_22,Pin pon742,iter,1,0.25
Julien_22,Popi743,iter,1,0.25
Julien_22,plus grand733,iter,1,0.25
Julien_23,Boubou724,iter,1,0.25
Julien_23,Boubou725,iter,1,0.25
Julien_23,Boubou726,iter,1,0.25
Julien_23,Corinne727,iter,1,0.25
Julien_23,Papa736,iter,1,0.25
Julien_23,Papa737,iter,1,0.25
Julien_23,Papa738,iter,1,0.25
Julien_23,Petit739,iter,1,0.25
Julien_23,Pin pon740,iter,1,0.25
Julien_23,Pin pon741,iter,1,0.25
Julien_23,Pin pon742,iter,1,0.25
Julien_23,Tonton744,iter,1,0.25
Julien_23,cot cot1429,iter,1,0.25
Julien_23,croco728,iter,1,0.25
Julien_23,croco729,iter,1,0.25
Julien_23,croco730,iter,1,0.25
Julien_23,croco731,iter,1,0.25
Julien_24,croco728,iter,1,0.25
Julien_24,croco729,iter,1,0.25
Julien_24,croco730,iter,1,0.25
Julien_24,croco731,iter,1,0.25
Julien_25,Boubou725,iter,1,0.25
Julien_25,Maman734,iter,1,0.25
Julien_25,Papa736,iter,1,0.25
Julien_25,Papa737,iter,1,0.25
Julien_25,Papa738,iter,1,0.25
Julien_25,Petit739,iter,1,0.25
Julien_25,Pin pon741,iter,1,0.25
Julien_25,Popi743,iter,1,0.25
Julien_25,Tonton744,iter,1,0.25
Julien_25,Tonton745,iter,1,0.25
Julien_25,croco728,iter,1,0.25
Julien_25,croco729,iter,1,0.25
Julien_25,croco730,iter,1,0.25
Julien_25,croco731,iter,1,0.25
Julien_25,plus grand733,iter,1,0.25
Julien_26,Boubou724,iter,1,0.25
Julien_26,Boubou725,iter,1,0.25
Julien_26,Boubou726,iter,1,0.25
Julien_26,Corinne727,iter,1,0.25
Julien_26,Papa737,iter,1,0.25
Julien_26,Papa738,iter,1,0.25
Julien_26,Pin pon740,iter,1,0.25
Julien_26,Pin pon741,iter,1,0.25
Julien_26,Pin pon742,iter,1,0.25
Julien_26,Popi743,iter,1,0.25
Julien_26,Tonton744,iter,1,0.25
Julien_26,Tonton745,iter,1,0.25
Julien_26,cot cot1429,iter,1,0.25
Julien_26,croco728,iter,1,0.25
Julien_26,croco730,iter,1,0.25
Julien_26,croco731,iter,1,0.25
Julien_27,Boubou724,iter,1,0.25
Julien_27,Boubou725,iter,1,0.25
Julien_27,Boubou726,iter,1,0.25
Julien_27,Corinne727,iter,1,0.25
Julien_27,Papa736,iter,1,0.25
Julien_27,Petit739,iter,1,0.25
Julien_27,Pin pon740,iter,1,0.25
Julien_27,Pin pon741,iter,1,0.25
Julien_27,Pin pon742,iter,1,0.25
Julien_27,Popi743,iter,1,0.25
Julien_27,Tonton744,iter,1,0.25
Julien_27,Tonton745,iter,1,0.25
Julien_27,cot cot1429,iter,1,0.25
Julien_27,croco729,iter,1,0.25
Julien_27,croco730,iter,1,0.25
Julien_27,croco731,iter,1,0.25
Julien_28,Boubou724,iter,1,0.25
Julien_28,Boubou725,iter,1,0.25
Julien_28,Boubou726,iter,1,0.25
Julien_28,Maman734,iter,1,0.25
Julien_28,Papa736,iter,1,0.25
Julien_28,Papa737,iter,1,0.25
Julien_28,Papa738,iter,1,0.25
Julien_28,Petit739,iter,1,0.25
Julien_28,Pin pon740,iter,1,0.25
Julien_28,Pin pon742,iter,1,0.25
Julien_28,Popi743,iter,1,0.25
Julien_28,Tonton744,iter,1,0.25
Julien_28,Tonton745,iter,1,0.25
Julien_28,croco729,iter,1,0.25
Julien_28,croco730,iter,1,0.25
Julien_28,croco731,iter,1,0.25
Julien_28,plus grand733,iter,1,0.25
Julien_29,Boubou724,iter,1,0.25
Julien_29,Boubou725,iter,1,0.25
Julien_29,Maman734,iter,1,0.25
Julien_29,Papa737,iter,1,0.25
Julien_29,Papa738,iter,1,0.25
Julien_29,Pin pon740,iter,1,0.25
Julien_29,Pin pon742,iter,1,0.25
Julien_29,Popi743,iter,1,0.25
Julien_29,Tonton744,iter,1,0.25
Julien_29,Tonton745,iter,1,0.25
Julien_29,croco728,iter,1,0.25
Julien_29,croco729,iter,1,0.25
Julien_29,croco730,iter,1,0.25
Julien_29,croco731,iter,1,0.25
Julien_29,plus grand733,iter,1,0.25
Julien_3,Corinne727,iter,1,0.25
Julien_3,croco728,iter,1,0.25
Julien_3,croco729,iter,1,0.25
Julien_3,croco730,iter,1,0.25
Julien_3,croco731,iter,1,0.25
Julien_30,Boubou724,iter,1,0.25
Julien_30,Boubou725,iter,1,0.25
Julien_30,Boubou726,iter,1,0.25
Julien_30,Papa736,iter,1,0.25
Julien_30,Papa737,iter,1,0.25
Julien_30,Papa738,iter,1,0.25
Julien_30,Petit739,iter,1,0.25
Julien_30,Pin pon740,iter,1,0.25
Julien_30,Pin pon741,iter,1,0.25
Julien_30,Pin pon742,iter,1,0.25
Julien_30,Popi743,iter,1,0.25
Julien_30,Tonton745,iter,1,0.25
Julien_30,croco729,iter,1,0.25
Julien_30,croco731,iter,1,0.25
Julien_30,les deux732,iter,1,0.25
Julien_30,plus grand733,iter,1,0.25
Julien_31,Boubou724,iter,1,0.25
Julien_31,Boubou725,iter,1,0.25
Julien_31,Maman734,iter,1,0.25
Julien_31,Papa736,iter,1,0.25
Julien_31,Papa737,iter,1,0.25
Julien_31,Papa738,iter,1,0.25
Julien_31,Petit739,iter,1,0.25
Julien_31,Pin pon740,iter,1,0.25
Julien_31,Pin pon741,iter,1,0.25
Julien_31,Pin pon742,iter,1,0.25
Julien_31,Popi743,iter,1,0.25
Julien_31,Tonton745,iter,1,0.25
Julien_31,croco728,iter,1,0.25
Julien_31,croco729,iter,1,0.25
Julien_31,croco730,iter,1,0.25
Julien_31,croco731,iter,1,0.25
Julien_31,plus grand733,iter,1,0.25
Julien_32,Boubou724,iter,1,0.25
Julien_32,Boubou725,iter,1,0.25
Julien_32,Boubou726,iter,1,0.25
Julien_32,Maman734,iter,1,0.25
Julien_32,Papa736,iter,1,0.25
Julien_32,Papa737,iter,1,0.25
Julien_32,Papa738,iter,1,0.25
Julien_32,Petit739,iter,1,0.25
Julien_32,Pin pon741,iter,1,0.25
Julien_32,Pin pon742,iter,1,0.25
Julien_32,Popi743,iter,1,0.25
Julien_32,Tonton745,iter,1,0.25
Julien_32,croco728,iter,1,0.25
Julien_32,croco729,iter,1,0.25
Julien_32,croco730,iter,1,0.25
Julien_32,croco731,iter,1,0.25
Julien_32,plus grand733,iter,1,0.25
Julien_33,Boubou724,iter,1,0.25
Julien_33,Boubou725,iter,1,0.25
Julien_33,Boubou726,iter,1,0.25
Julien_33,Corinne727,iter,1,0.25
Julien_33,Papa736,iter,1,0.25
Julien_33,Papa737,iter,1,0.25
Julien_33,Papa738,iter,1,0.25
Julien_33,Petit739,iter,1,0.25
Julien_33,Pin pon740,iter,1,0.25
Julien_33,Pin pon741,iter,1,0.25
Julien_33,Popi743,iter,1,0.25
Julien_33,Tonton744,iter,1,0.25
Julien_33,Tonton745,iter,1,0.25
Julien_33,cot cot1429,iter,1,0.25
Julien_33,croco728,iter,1,0.25
Julien_33,croco729,iter,1,0.25
Julien_33,croco730,iter,1,0.25
Julien_34,Boubou724,iter,1,0.25
Julien_34,Boubou725,iter,1,0.25
Julien_34,Boubou726,iter,1,0.25
Julien_34,Maman734,iter,1,0.25
Julien_34,Papa736,iter,1,0.25
Julien_34,Papa737,iter,1,0.25
Julien_34,Papa738,iter,1,0.25
Julien_34,Petit739,iter,1,0.25
Julien_34,Pin pon740,iter,1,0.25
Julien_34,Pin pon741,iter,1,0.25
Julien_34,Pin pon742,iter,1,0.25
Julien_34,Popi743,iter,1,0.25
Julien_34,Tonton744,iter,1,0.25
Julien_34,Tonton745,iter,1,0.25
Julien_34,croco729,iter,1,0.25
Julien_34,plus grand733,iter,1,0.25
Julien_35,Boubou724,iter,1,0.25
Julien_35,Boubou725,iter,1,0.25
Julien_35,Boubou726,iter,1,0.25
Julien_35,Maman734,iter,1,0.25
Julien_35,Papa736,iter,1,0.25
Julien_35,Papa737,iter,1,0.25
Julien_35,Papa738,iter,1,0.25
Julien_35,Petit739,iter,1,0.25
Julien_35,Pin pon740,iter,1,0.25
Julien_35,Pin pon741,iter,1,0.25
Julien_35,Pin pon742,iter,1,0.25
Julien_35,Popi743,iter,1,0.25
Julien_35,Tonton744,iter,1,0.25
Julien_35,croco728,iter,1,0.25
Julien_35,croco729,iter,1,0.25
Julien_35,croco730,iter,1,0.25
Julien_35,croco731,iter,1,0.25
Julien_35,plus grand733,iter,1,0.25
Julien_36,Boubou724,iter,1,0.25
Julien_36,Boubou725,iter,1,0.25
Julien_36,Boubou726,iter,1,0.25
Julien_36,Corinne727,iter,1,0.25
Julien_36,Papa736,iter,1,0.25
Julien_36,Papa738,iter,1,0.25
Julien_36,Petit739,iter,1,0.25
Julien_36,Pin pon740,iter,1,0.25
Julien_36,Pin pon741,iter,1,0.25
Julien_36,Popi743,iter,1,0.25
Julien_36,Tonton744,iter,1,0.25
Julien_36,Tonton745,iter,1,0.25
Julien_36,cot cot1429,iter,1,0.25
Julien_36,croco728,iter,1,0.25
Julien_36,croco729,iter,1,0.25
Julien_36,croco730,iter,1,0.25
Julien_36,croco731,iter,1,0.25
Julien_37,Boubou724,iter,1,0.25
Julien_37,Boubou725,iter,1,0.25
Julien_37,Boubou726,iter,1,0.25
Julien_37,Maman734,iter,1,0.25
Julien_37,Papa736,iter,1,0.25
Julien_37,Papa737,iter,1,0.25
Julien_37,Papa738,iter,1,0.25
Julien_37,Petit739,iter,1,0.25
Julien_37,Pin pon740,iter,1,0.25
Julien_37,Pin pon741,iter,1,0.25
Julien_37,Popi743,iter,1,0.25
Julien_37,Tonton744,iter,1,0.25
Julien_37,croco728,iter,1,0.25
Julien_37,croco729,iter,1,0.25
Julien_37,croco730,iter,1,0.25
Julien_37,plus grand733,iter,1,0.25
Julien_38,Maman734,iter,1,0.25
Julien_38,Tonton745,iter,1,0.25
Julien_38,les deux732,iter,1,0.25
Julien_39,Boubou724,iter,1,0.25
Julien_39,Boubou725,iter,1,0.25
Julien_39,Boubou726,iter,1,0.25
Julien_39,Nana735,iter,1,0.25
Julien_39,Papa736,iter,1,0.25
Julien_39,Papa737,iter,1,0.25
Julien_39,Papa738,iter,1,0.25
Julien_39,Petit739,iter,1,0.25
Julien_39,Pin pon740,iter,1,0.25
Julien_39,Pin pon741,iter,1,0.25
Julien_39,Pin pon742,iter,1,0.25
Julien_39,Popi743,iter,1,0.25
Julien_39,Tonton745,iter,1,0.25
Julien_39,croco728,iter,1,0.25
Julien_39,croco729,iter,1,0.25
Julien_39,croco730,iter,1,0.25
Julien_39,croco731,iter,1,0.25
Julien_39,les deux732,iter,1,0.25
Julien_4,Boubou724,iter,1,0.25
Julien_4,Boubou725,iter,1,0.25
Julien_4,Boubou726,iter,1,0.25
Julien_4,Papa736,iter,1,0.25
Julien_4,Papa737,iter,1,0.25
Julien_4,Papa738,iter,1,0.25
Julien_4,Petit739,iter,1,0.25
Julien_4,Pin pon740,iter,1,0.25
Julien_4,Pin pon741,iter,1,0.25
Julien_4,Pin pon742,iter,1,0.25
Julien_4,Popi743,iter,1,0.25
Julien_4,Tonton744,iter,1,0.25
Julien_4,croco728,iter,1,0.25
Julien_4,croco729,iter,1,0.25
Julien_4,croco730,iter,1,0.25
Julien_4,croco731,iter,1,0.25
Julien_4,plus grand733,iter,1,0.25
Julien_40,Boubou725,iter,1,0.25
Julien_40,Boubou726,iter,1,0.25
Julien_40,Maman734,iter,1,0.25
Julien_40,Papa736,iter,1,0.25
Julien_40,Papa737,iter,1,0.25
Julien_40,Papa738,iter,1,0.25
Julien_40,Petit739,iter,1,0.25
Julien_40,Pin pon741,iter,1,0.25
Julien_40,Pin pon742,iter,1,0.25
Julien_40,Popi743,iter,1,0.25
Julien_40,Tonton744,iter,1,0.25
Julien_40,Tonton745,iter,1,0.25
Julien_40,croco729,iter,1,0.25
Julien_40,croco731,iter,1,0.25
Julien_40,plus grand733,iter,1,0.25
Julien_41,Boubou724,iter,1,0.25
Julien_41,Boubou725,iter,1,0.25
Julien_41,Boubou726,iter,1,0.25
Julien_41,Maman734,iter,1,0.25
Julien_41,Papa736,iter,1,0.25
Julien_41,Papa737,iter,1,0.25
Julien_41,Petit739,iter,1,0.25
Julien_41,Pin pon740,iter,1,0.25
Julien_41,Pin pon741,iter,1,0.25
Julien_41,Pin pon742,iter,1,0.25
Julien_41,Popi743,iter,1,0.25
Julien_41,Tonton744,iter,1,0.25
Julien_41,croco728,iter,1,0.25
Julien_41,croco729,iter,1,0.25
Julien_41,croco730,iter,1,0.25
Julien_41,croco731,iter,1,0.25
Julien_42,Boubou724,iter,1,0.25
Julien_42,Boubou725,iter,1,0.25
Julien_42,Boubou726,iter,1,0.25
Julien_42,Nana735,iter,1,0.25
Julien_42,Papa736,iter,1,0.25
Julien_42,Petit739,iter,1,0.25
Julien_42,Pin pon740,iter,1,0.25
Julien_42,Pin pon741,iter,1,0.25
Julien_42,Pin pon742,iter,1,0.25
Julien_42,Popi743,iter,1,0.25
Julien_42,Tonton744,iter,1,0.25
Julien_42,croco728,iter,1,0.25
Julien_42,croco729,iter,1,0.25
Julien_42,croco730,iter,1,0.25
Julien_42,croco731,iter,1,0.25
Julien_43,Corinne727,iter,1,0.25
Julien_43,croco728,iter,1,0.25
Julien_43,croco729,iter,1,0.25
Julien_43,croco730,iter,1,0.25
Julien_44,Boubou725,iter,1,0.25
Julien_44,Boubou726,iter,1,0.25
Julien_44,Papa736,iter,1,0.25
Julien_44,Papa737,iter,1,0.25
Julien_44,Papa738,iter,1,0.25
Julien_44,Petit739,iter,1,0.25
Julien_44,Pin pon740,iter,1,0.25
Julien_44,Pin pon742,iter,1,0.25
Julien_44,Popi743,iter,1,0.25
Julien_44,Tonton744,iter,1,0.25
Julien_44,Tonton745,iter,1,0.25
Julien_44,croco728,iter,1,0.25
Julien_44,croco729,iter,1,0.25
Julien_44,croco730,iter,1,0.25
Julien_44,croco731,iter,1,0.25
Julien_45,Boubou724,iter,1,0.25
Julien_45,Boubou725,iter,1,0.25
Julien_45,Boubou726,iter,1,0.25
Julien_45,Corinne727,iter,1,0.25
Julien_45,Papa736,iter,1,0.25
Julien_45,Papa737,iter,1,0.25
Julien_45,Papa738,iter,1,0.25
Julien_45,Petit739,iter,1,0.25
Julien_45,Pin pon740,iter,1,0.25
Julien_45,Pin pon741,iter,1,0.25
Julien_45,Pin pon742,iter,1,0.25
Julien_45,Tonton745,iter,1,0.25
Julien_45,cot cot1429,iter,1,0.25
Julien_45,croco728,iter,1,0.25
Julien_45,croco729,iter,1,0.25
Julien_45,croco730,iter,1,0.25
Julien_45,croco731,iter,1,0.25
Julien_46,Boubou725,iter,1,0.25
Julien_46,Boubou726,iter,1,0.25
Julien_46,Maman734,iter,1,0.25
Julien_46,Papa736,iter,1,0.25
Julien_46,Papa737,iter,1,0.25
Julien_46,Papa738,iter,1,0.25
Julien_46,Petit739,iter,1,0.25
Julien_46,Pin pon740,iter,1,0.25
Julien_46,Pin pon741,iter,1,0.25
Julien_46,Popi743,iter,1,0.25
Julien_46,Tonton744,iter,1,0.25
Julien_46,croco728,iter,1,0.25
Julien_46,croco729,iter,1,0.25
Julien_46,croco730,iter,1,0.25
Julien_46,croco731,iter,1,0.25
Julien_46,plus grand733,iter,1,0.25
Julien_47,Boubou724,iter,1,0.25
Julien_47,Boubou726,iter,1,0.25
Julien_47,Corinne727,iter,1,0.25
Julien_47,Papa737,iter,1,0.25
Julien_47,Papa738,iter,1,0.25
Julien_47,Petit739,iter,1,0.25
Julien_47,Pin pon740,iter,1,0.25
Julien_47,Pin pon742,iter,1,0.25
Julien_47,Popi743,iter,1,0.25
Julien_47,Tonton744,iter,1,0.25
Julien_47,Tonton745,iter,1,0.25
Julien_47,cot cot1429,iter,1,0.25
Julien_47,croco728,iter,1,0.25
Julien_47,croco729,iter,1,0.25
Julien_47,croco730,iter,1,0.25
Julien_47,croco731,iter,1,0.25
Julien_48,Boubou725,iter,1,0.25
Julien_48,Boubou726,iter,1,0.25
Julien_48,Maman734,iter,1,0.25
Julien_48,Papa736,iter,1,0.25
Julien_48,Papa737,iter,1,0.25
Julien_48,Papa738,iter,1,0.25
Julien_48,Petit739,iter,1,0.25
Julien_48,Pin pon740,iter,1,0.25
Julien_48,Pin pon741,iter,1,0.25
Julien_48,Pin pon742,iter,1,0.25
Julien_48,Popi743,iter,1,0.25
Julien_48,Tonton744,iter,1,0.25
Julien_48,Tonton745,iter,1,0.25
Julien_48,croco728,iter,1,0.25
Julien_48,croco729,iter,1,0.25
Julien_48,croco730,iter,1,0.25
Julien_48,croco731,iter,1,0.25
Julien_48,plus grand733,iter,1,0.25
Julien_49,Boubou724,iter,1,0.25
Julien_49,Boubou725,iter,1,0.25
Julien_49,Boubou726,iter,1,0.25
Julien_49,Maman734,iter,1,0.25
Julien_49,Papa736,iter,1,0.25
Julien_49,Papa737,iter,1,0.25
Julien_49,Papa738,iter,1,0.25
Julien_49,Petit739,iter,1,0.25
Julien_49,Pin pon740,iter,1,0.25
Julien_49,Pin pon741,iter,1,0.25
Julien_49,Popi743,iter,1,0.25
Julien_49,Tonton744,iter,1,0.25
Julien_49,Tonton745,iter,1,0.25
Julien_49,croco728,iter,1,0.25
Julien_49,croco729,iter,1,0.25
Julien_49,croco730,iter,1,0.25
Julien_49,croco731,iter,1,0.25
Julien_5,Maman734,iter,1,0.25
Julien_5,Tonton745,iter,1,0.25
Julien_5,les deux732,iter,1,0.25
Julien_50,Boubou724,iter,1,0.25
Julien_50,Boubou725,iter,1,0.25
Julien_50,Maman734,iter,1,0.25
Julien_50,Papa736,iter,1,0.25
Julien_50,Papa737,iter,1,0.25
Julien_50,Papa738,iter,1,0.25
Julien_50,Petit739,iter,1,0.25
Julien_50,Pin pon740,iter,1,0.25
Julien_50,Pin pon741,iter,1,0.25
Julien_50,Pin pon742,iter,1,0.25
Julien_50,Popi743,iter,1,0.25
Julien_50,Tonton745,iter,1,0.25
Julien_50,croco728,iter,1,0.25
Julien_50,croco729,iter,1,0.25
Julien_50,croco730,iter,1,0.25
Julien_50,croco731,iter,1,0.25
Julien_50,plus grand733,iter,1,0.25
Julien_51,Boubou724,iter,1,0.25
Julien_51,Boubou726,iter,1,0.25
Julien_51,Maman734,iter,1,0.25
Julien_51,Papa736,iter,1,0.25
Julien_51,Papa737,iter,1,0.25
Julien_51,Papa738,iter,1,0.25
Julien_51,Petit739,iter,1,0.25
Julien_51,Pin pon740,iter,1,0.25
Julien_51,Pin pon742,iter,1,0.25
Julien_51,Popi743,iter,1,0.25
Julien_51,Tonton744,iter,1,0.25
Julien_51,Tonton745,iter,1,0.25
Julien_51,croco728,iter,1,0.25
Julien_51,croco729,iter,1,0.25
Julien_51,croco730,iter,1,0.25
Julien_51,plus grand733,iter,1,0.25
Julien_52,Boubou724,iter,1,0.25
Julien_52,Boubou725,iter,1,0.25
Julien_52,Boubou726,iter,1,0.25
Julien_52,Maman734,iter,1,0.25
Julien_52,Papa736,iter,1,0.25
Julien_52,Papa737,iter,1,0.25
Julien_52,Papa738,iter,1,0.25
Julien_52,Petit739,iter,1,0.25
Julien_52,Pin pon741,iter,1,0.25
Julien_52,Popi743,iter,1,0.25
Julien_52,Tonton745,iter,1,0.25
Julien_52,croco728,iter,1,0.25
Julien_52,croco729,iter,1,0.25
Julien_52,croco730,iter,1,0.25
Julien_52,croco731,iter,1,0.25
Julien_52,plus grand733,iter,1,0.25
Julien_53,Boubou724,iter,1,0.25
Julien_53,Maman734,iter,1,0.25
Julien_53,Papa736,iter,1,0.25
Julien_53,Papa737,iter,1,0.25
Julien_53,Petit739,iter,1,0.25
Julien_53,Pin pon740,iter,1,0.25
Julien_53,Pin pon741,iter,1,0.25
Julien_53,Pin pon742,iter,1,0.25
Julien_53,Tonton744,iter,1,0.25
Julien_53,Tonton745,iter,1,0.25
Julien_53,croco728,iter,1,0.25
Julien_53,croco729,iter,1,0.25
Julien_53,croco730,iter,1,0.25
Julien_53,croco731,iter,1,0.25
Julien_53,plus grand733,iter,1,0.25
Julien_54,Boubou724,iter,1,0.25
Julien_54,Boubou725,iter,1,0.25
Julien_54,Boubou726,iter,1,0.25
Julien_54,Maman734,iter,1,0.25
Julien_54,Papa736,iter,1,0.25
Julien_54,Papa737,iter,1,0.25
Julien_54,Papa738,iter,1,0.25
Julien_54,Petit739,iter,1,0.25
Julien_54,Pin pon740,iter,1,0.25
Julien_54,Pin pon742,iter,1,0.25
Julien_54,Popi743,iter,1,0.25
Julien_54,Tonton744,iter,1,0.25
Julien_54,Tonton745,iter,1,0.25
Julien_54,croco728,iter,1,0.25
Julien_54,croco729,iter,1,0.25
Julien_54,croco730,iter,1,0.25
Julien_54,plus grand733,iter,1,0.25
Julien_55,Boubou725,iter,1,0.25
Julien_55,Boubou726,iter,1,0.25
Julien_55,Maman734,iter,1,0.25
Julien_55,Papa736,iter,1,0.25
Julien_55,Papa737,iter,1,0.25
Julien_55,Papa738,iter,1,0.25
Julien_55,Petit739,iter,1,0.25
Julien_55,Pin pon740,iter,1,0.25
Julien_55,Pin pon742,iter,1,0.25
Julien_55,Tonton744,iter,1,0.25
Julien_55,croco728,iter,1,0.25
Julien_55,croco729,iter,1,0.25
Julien_55,croco730,iter,1,0.25
Julien_55,croco731,iter,1,0.25
Julien_55,plus grand733,iter,1,0.25
Julien_56,Boubou724,iter,1,0.25
Julien_56,Boubou725,iter,1,0.25
Julien_56,Boubou726,iter,1,0.25
Julien_56,Maman734,iter,1,0.25
Julien_56,Papa736,iter,1,0.25
Julien_56,Papa737,iter,1,0.25
Julien_56,Papa738,iter,1,0.25
Julien_56,Petit739,iter,1,0.25
Julien_56,Pin pon740,iter,1,0.25
Julien_56,Pin pon742,iter,1,0.25
Julien_56,Popi743,iter,1,0.25
Julien_56,Tonton744,iter,1,0.25
Julien_56,Tonton745,iter,1,0.25
Julien_56,croco728,iter,1,0.25
Julien_56,croco729,iter,1,0.25
Julien_56,croco730,iter,1,0.25
Julien_56,croco731,iter,1,0.25
Julien_56,plus grand733,iter,1,0.25
Julien_57,Boubou724,iter,1,0.25
Julien_57,Boubou726,iter,1,0.25
Julien_57,Corinne727,iter,1,0.25
Julien_57,Papa736,iter,1,0.25
Julien_57,Papa737,iter,1,0.25
Julien_57,Papa738,iter,1,0.25
Julien_57,Petit739,iter,1,0.25
Julien_57,Pin pon742,iter,1,0.25
Julien_57,Popi743,iter,1,0.25
Julien_57,Tonton744,iter,1,0.25
Julien_57,Tonton745,iter,1,0.25
Julien_57,cot cot1429,iter,1,0.25
Julien_57,croco728,iter,1,0.25
Julien_57,croco729,iter,1,0.25
Julien_57,croco730,iter,1,0.25
Julien_57,croco731,iter,1,0.25
Julien_58,Boubou724,iter,1,0.25
Julien_58,Boubou725,iter,1,0.25
Julien_58,Boubou726,iter,1,0.25
Julien_58,Corinne727,iter,1,0.25
Julien_58,Papa736,iter,1,0.25
Julien_58,Papa737,iter,1,0.25
Julien_58,Papa738,iter,1,0.25
Julien_58,Petit739,iter,1,0.25
Julien_58,Pin pon740,iter,1,0.25
Julien_58,Pin pon741,iter,1,0.25
Julien_58,Pin pon742,iter,1,0.25
Julien_58,Popi743,iter,1,0.25
Julien_58,croco728,iter,1,0.25
Julien_58,croco729,iter,1,0.25
Julien_58,croco730,iter,1,0.25
Julien_58,croco731,iter,1,0.25
Julien_59,Boubou724,iter,1,0.25
Julien_59,Boubou725,iter,1,0.25
Julien_59,Boubou726,iter,1,0.25
Julien_59,Maman734,iter,1,0.25
Julien_59,Papa736,iter,1,0.25
Julien_59,Papa738,iter,1,0.25
Julien_59,Petit739,iter,1,0.25
Julien_59,Pin pon740,iter,1,0.25
Julien_59,Pin pon741,iter,1,0.25
Julien_59,Pin pon742,iter,1,0.25
Julien_59,Popi743,iter,1,0.25
Julien_59,Tonton744,iter,1,0.25
Julien_59,Tonton745,iter,1,0.25
Julien_59,croco728,iter,1,0.25
Julien_59,croco729,iter,1,0.25
Julien_59,croco730,iter,1,0.25
Julien_59,plus grand733,iter,1,0.25
Julien_6,Boubou724,iter,1,0.25
Julien_6,Boubou726,iter,1,0.25
Julien_6,Maman734,iter,1,0.25
Julien_6,Papa736,iter,1,0.25
Julien_6,Papa737,iter,1,0.25
Julien_6,Papa738,iter,1,0.25
Julien_6,Petit739,iter,1,0.25
Julien_6,Pin pon741,iter,1,0.25
Julien_6,Pin pon742,iter,1,0.25
Julien_6,Popi743,iter,1,0.25
Julien_6,Tonton744,iter,1,0.25
Julien_6,Tonton745,iter,1,0.25
Julien_6,croco728,iter,1,0.25
Julien_6,croco729,iter,1,0.25
Julien_6,croco730,iter,1,0.25
Julien_6,croco731,iter,1,0.25
Julien_6,plus grand733,iter,1,0.25
Julien_60,Maman734,iter,1,0.25
Julien_60,Nana735,iter,1,0.25
Julien_60,Tonton744,iter,1,0.25
Julien_60,Tonton745,iter,1,0.25
Julien_60,les deux732,iter,1,0.25
Julien_61,Boubou724,iter,1,0.25
Julien_61,Boubou725,iter,1,0.25
Julien_61,Boubou726,iter,1,0.25
Julien_61,Maman734,iter,1,0.25
Julien_61,Papa736,iter,1,0.25
Julien_61,Papa738,iter,1,0.25
Julien_61,Pin pon741,iter,1,0.25
Julien_61,Pin pon742,iter,1,0.25
Julien_61,Popi743,iter,1,0.25
Julien_61,Tonton745,iter,1,0.25
Julien_61,croco728,iter,1,0.25
Julien_61,croco729,iter,1,0.25
Julien_61,croco730,iter,1,0.25
Julien_61,croco731,iter,1,0.25
Julien_61,plus grand733,iter,1,0.25
Julien_62,Boubou724,iter,1,0.25
Julien_62,Boubou725,iter,1,0.25
Julien_62,Boubou726,iter,1,0.25
Julien_62,Papa736,iter,1,0.25
Julien_62,Papa737,iter,1,0.25
Julien_62,Papa738,iter,1,0.25
Julien_62,Petit739,iter,1,0.25
Julien_62,Pin pon740,iter,1,0.25
Julien_62,Popi743,iter,1,0.25
Julien_62,Tonton744,iter,1,0.25
Julien_62,Tonton745,iter,1,0.25
Julien_62,croco728,iter,1,0.25
Julien_62,croco729,iter,1,0.25
Julien_62,croco730,iter,1,0.25
Julien_62,croco731,iter,1,0.25
Julien_62,plus grand733,iter,1,0.25
Julien_63,Boubou725,iter,1,0.25
Julien_63,Boubou726,iter,1,0.25
Julien_63,Maman734,iter,1,0.25
Julien_63,Papa736,iter,1,0.25
Julien_63,Papa737,iter,1,0.25
Julien_63,Papa738,iter,1,0.25
Julien_63,Petit739,iter,1,0.25
Julien_63,Pin pon740,iter,1,0.25
Julien_63,Pin pon741,iter,1,0.25
Julien_63,Popi743,iter,1,0.25
Julien_63,Tonton744,iter,1,0.25
Julien_63,croco728,iter,1,0.25
Julien_63,croco729,iter,1,0.25
Julien_63,croco730,iter,1,0.25
Julien_63,croco731,iter,1,0.25
Julien_63,plus grand733,iter,1,0.25
Julien_64,Boubou725,iter,1,0.25
Julien_64,Boubou726,iter,1,0.25
Julien_64,Nana735,iter,1,0.25
Julien_64,Papa736,iter,1,0.25
Julien_64,Papa737,iter,1,0.25
Julien_64,Papa738,iter,1,0.25
Julien_64,Petit739,iter,1,0.25
Julien_64,Pin pon740,iter,1,0.25
Julien_64,Pin pon741,iter,1,0.25
Julien_64,Pin pon742,iter,1,0.25
Julien_64,Popi743,iter,1,0.25
Julien_64,Tonton744,iter,1,0.25
Julien_64,croco728,iter,1,0.25
Julien_64,croco729,iter,1,0.25
Julien_64,croco730,iter,1,0.25
Julien_65,Boubou724,iter,1,0.25
Julien_65,Boubou725,iter,1,0.25
Julien_65,Boubou726,iter,1,0.25
Julien_65,Maman734,iter,1,0.25
Julien_65,Papa736,iter,1,0.25
Julien_65,Papa737,iter,1,0.25
Julien_65,Papa738,iter,1,0.25
Julien_65,Petit739,iter,1,0.25
Julien_65,Pin pon740,iter,1,0.25
Julien_65,Pin pon741,iter,1,0.25
Julien_65,Popi743,iter,1,0.25
Julien_65,Tonton744,iter,1,0.25
Julien_65,Tonton745,iter,1,0.25
Julien_65,croco729,iter,1,0.25
Julien_65,croco731,iter,1,0.25
Julien_66,Boubou724,iter,1,0.25
Julien_66,Boubou725,iter,1,0.25
Julien_66,Maman734,iter,1,0.25
Julien_66,Papa737,iter,1,0.25
Julien_66,Papa738,iter,1,0.25
Julien_66,Petit739,iter,1,0.25
Julien_66,Pin pon740,iter,1,0.25
Julien_66,Pin pon741,iter,1,0.25
Julien_66,Pin pon742,iter,1,0.25
Julien_66,Popi743,iter,1,0.25
Julien_66,Tonton745,iter,1,0.25
Julien_66,croco729,iter,1,0.25
Julien_66,croco730,iter,1,0.25
Julien_66,croco731,iter,1,0.25
Julien_66,plus grand733,iter,1,0.25
Julien_67,croco728,iter,1,0.25
Julien_67,croco729,iter,1,0.25
Julien_67,croco730,iter,1,0.25
Julien_67,croco731,iter,1,0.25
Julien_68,Boubou724,iter,1,0.25
Julien_68,Boubou725,iter,1,0.25
Julien_68,Boubou726,iter,1,0.25
Julien_68,Corinne727,iter,1,0.25
Julien_68,Papa736,iter,1,0.25
Julien_68,Papa737,iter,1,0.25
Julien_68,Papa738,iter,1,0.25
Julien_68,Petit739,iter,1,0.25
Julien_68,Pin pon742,iter,1,0.25
Julien_68,Popi743,iter,1,0.25
Julien_68,Tonton744,iter,1,0.25
Julien_68,cot cot1429,iter,1,0.25
Julien_68,croco728,iter,1,0.25
Julien_68,croco729,iter,1,0.25
Julien_68,croco730,iter,1,0.25
Julien_68,croco731,iter,1,0.25
Julien_69,Boubou724,iter,1,0.25
Julien_69,Boubou725,iter,1,0.25
Julien_69,Boubou726,iter,1,0.25
Julien_69,Maman734,iter,1,0.25
Julien_69,Papa736,iter,1,0.25
Julien_69,Papa738,iter,1,0.25
Julien_69,Petit739,iter,1,0.25
Julien_69,Pin pon740,iter,1,0.25
Julien_69,Popi743,iter,1,0.25
Julien_69,Tonton744,iter,1,0.25
Julien_69,Tonton745,iter,1,0.25
Julien_69,croco728,iter,1,0.25
Julien_69,croco729,iter,1,0.25
Julien_69,croco730,iter,1,0.25
Julien_69,croco731,iter,1,0.25
Julien_69,plus grand733,iter,1,0.25
Julien_7,Boubou724,iter,1,0.25
Julien_7,Boubou725,iter,1,0.25
Julien_7,Boubou726,iter,1,0.25
Julien_7,Papa736,iter,1,0.25
Julien_7,Papa737,iter,1,0.25
Julien_7,Petit739,iter,1,0.25
Julien_7,Pin pon740,iter,1,0.25
Julien_7,Pin pon742,iter,1,0.25
Julien_7,Popi743,iter,1,0.25
Julien_7,Tonton744,iter,1,0.25
Julien_7,Tonton745,iter,1,0.25
Julien_7,croco728,iter,1,0.25
Julien_7,croco729,iter,1,0.25
Julien_7,croco730,iter,1,0.25
Julien_7,croco731,iter,1,0.25
Julien_7,les deux732,iter,1,0.25
Julien_7,plus grand733,iter,1,0.25
Julien_70,Boubou724,iter,1,0.25
Julien_70,Boubou725,iter,1,0.25
Julien_70,Maman734,iter,1,0.25
Julien_70,Papa736,iter,1,0.25
Julien_70,Papa737,iter,1,0.25
Julien_70,Papa738,iter,1,0.25
Julien_70,Petit739,iter,1,0.25
Julien_70,Pin pon740,iter,1,0.25
Julien_70,Pin pon741,iter,1,0.25
Julien_70,Pin pon742,iter,1,0.25
Julien_70,Tonton745,iter,1,0.25
Julien_70,croco728,iter,1,0.25
Julien_70,croco729,iter,1,0.25
Julien_70,croco730,iter,1,0.25
Julien_70,croco731,iter,1,0.25
Julien_70,plus grand733,iter,1,0.25
Julien_71,Boubou724,iter,1,0.25
Julien_71,Boubou726,iter,1,0.25
Julien_71,Corinne727,iter,1,0.25
Julien_71,Papa736,iter,1,0.25
Julien_71,Papa737,iter,1,0.25
Julien_71,Papa738,iter,1,0.25
Julien_71,Pin pon740,iter,1,0.25
Julien_71,Pin pon741,iter,1,0.25
Julien_71,Pin pon742,iter,1,0.25
Julien_71,Popi743,iter,1,0.25
Julien_71,Tonton744,iter,1,0.25
Julien_71,Tonton745,iter,1,0.25
Julien_71,croco728,iter,1,0.25
Julien_71,croco729,iter,1,0.25
Julien_71,croco730,iter,1,0.25
Julien_71,croco731,iter,1,0.25
Julien_72,Nana735,iter,1,0.25
Julien_72,Tonton744,iter,1,0.25
Julien_72,Tonton745,iter,1,0.25
Julien_72,les deux732,iter,1,0.25
Julien_73,Boubou725,iter,1,0.25
Julien_73,Boubou726,iter,1,0.25
Julien_73,Maman734,iter,1,0.25
Julien_73,Papa736,iter,1,0.25
Julien_73,Papa737,iter,1,0.25
Julien_73,Papa738,iter,1,0.25
Julien_73,Petit739,iter,1,0.25
Julien_73,Pin pon741,iter,1,0.25
Julien_73,Pin pon742,iter,1,0.25
Julien_73,Popi743,iter,1,0.25
Julien_73,Tonton744,iter,1,0.25
Julien_73,Tonton745,iter,1,0.25
Julien_73,croco728,iter,1,0.25
Julien_73,croco729,iter,1,0.25
Julien_73,croco731,iter,1,0.25
Julien_73,plus grand733,iter,1,0.25
Julien_74,Boubou724,iter,1,0.25
Julien_74,Maman734,iter,1,0.25
Julien_74,Papa736,iter,1,0.25
Julien_74,Papa737,iter,1,0.25
Julien_74,Papa738,iter,1,0.25
Julien_74,Pin pon740,iter,1,0.25
Julien_74,Pin pon741,iter,1,0.25
Julien_74,Pin pon742,iter,1,0.25
Julien_74,Popi743,iter,1,0.25
Julien_74,Tonton744,iter,1,0.25
Julien_74,Tonton745,iter,1,0.25
Julien_74,croco728,iter,1,0.25
Julien_74,croco729,iter,1,0.25
Julien_74,croco730,iter,1,0.25
Julien_74,plus grand733,iter,1,0.25
Julien_75,Boubou724,iter,1,0.25
Julien_75,Boubou725,iter,1,0.25
Julien_75,Boubou726,iter,1,0.25
Julien_75,Nana735,iter,1,0.25
Julien_75,Papa736,iter,1,0.25
Julien_75,Papa737,iter,1,0.25
Julien_75,Papa738,iter,1,0.25
Julien_75,Pin pon740,iter,1,0.25
Julien_75,Pin pon742,iter,1,0.25
Julien_75,Popi743,iter,1,0.25
Julien_75,Tonton744,iter,1,0.25
Julien_75,Tonton745,iter,1,0.25
Julien_75,croco728,iter,1,0.25
Julien_75,croco730,iter,1,0.25
Julien_75,croco731,iter,1,0.25
Julien_75,les deux732,iter,1,0.25
Julien_76,croco728,iter,1,0.25
Julien_76,croco729,iter,1,0.25
Julien_77,Boubou724,iter,1,0.25
Julien_77,Boubou725,iter,1,0.25
Julien_77,Boubou726,iter,1,0.25
Julien_77,Maman734,iter,1,0.25
Julien_77,Papa737,iter,1,0.25
Julien_77,Papa738,iter,1,0.25
Julien_77,Petit739,iter,1,0.25
Julien_77,Pin pon740,iter,1,0.25
Julien_77,Pin pon741,iter,1,0.25
Julien_77,Pin pon742,iter,1,0.25
Julien_77,Popi743,iter,1,0.25
Julien_77,Tonton744,iter,1,0.25
Julien_77,croco728,iter,1,0.25
Julien_77,croco730,iter,1,0.25
Julien_77,croco731,iter,1,0.25
Julien_77,plus grand733,iter,1,0.25
Julien_78,Boubou724,iter,1,0.25
Julien_78,Boubou725,iter,1,0.25
Julien_78,Boubou726,iter,1,0.25
Julien_78,Maman734,iter,1,0.25
Julien_78,Papa736,iter,1,0.25
Julien_78,Papa737,iter,1,0.25
Julien_78,Papa738,iter,1,0.25
Julien_78,Petit739,iter,1,0.25
Julien_78,Pin pon740,iter,1,0.25
Julien_78,Pin pon741,iter,1,0.25
Julien_78,Popi743,iter,1,0.25
Julien_78,Tonton744,iter,1,0.25
Julien_78,croco728,iter,1,0.25
Julien_78,croco729,iter,1,0.25
Julien_78,croco730,iter,1,0.25
Julien_78,croco731,iter,1,0.25
Julien_78,plus grand733,iter,1,0.25
Julien_79,Boubou724,iter,1,0.25
Julien_79,Boubou726,iter,1,0.25
Julien_79,Maman734,iter,1,0.25
Julien_79,Papa736,iter,1,0.25
Julien_79,Papa738,iter,1,0.25
Julien_79,Petit739,iter,1,0.25
Julien_79,Pin pon740,iter,1,0.25
Julien_79,Pin pon741,iter,1,0.25
Julien_79,Pin pon742,iter,1,0.25
Julien_79,Popi743,iter,1,0.25
Julien_79,Tonton744,iter,1,0.25
Julien_79,Tonton745,iter,1,0.25
Julien_79,croco729,iter,1,0.25
Julien_79,croco731,iter,1,0.25
Julien_79,plus grand733,iter,1,0.25
Julien_8,Boubou724,iter,1,0.25
Julien_8,Boubou725,iter,1,0.25
Julien_8,Boubou726,iter,1,0.25
Julien_8,Papa736,iter,1,0.25
Julien_8,Papa737,iter,1,0.25
Julien_8,Petit739,iter,1,0.25
Julien_8,Pin pon740,iter,1,0.25
Julien_8,Pin pon742,iter,1,0.25
Julien_8,Popi743,iter,1,0.25
Julien_8,Tonton744,iter,1,0.25
Julien_8,croco728,iter,1,0.25
Julien_8,croco729,iter,1,0.25
Julien_8,croco730,iter,1,0.25
Julien_8,croco731,iter,1,0.25
Julien_8,plus grand733,iter,1,0.25
Julien_80,Boubou724,iter,1,0.25
Julien_80,Boubou726,iter,1,0.25
Julien_80,Papa736,iter,1,0.25
Julien_80,Papa737,iter,1,0.25
Julien_80,Papa738,iter,1,0.25
Julien_80,Pin pon740,iter,1,0.25
Julien_80,Pin pon741,iter,1,0.25
Julien_80,Pin pon742,iter,1,0.25
Julien_80,Popi743,iter,1,0.25
Julien_80,Tonton744,iter,1,0.25
Julien_80,Tonton745,iter,1,0.25
Julien_80,croco728,iter,1,0.25
Julien_80,croco729,iter,1,0.25
Julien_80,croco730,iter,1,0.25
Julien_80,croco731,iter,1,0.25
Julien_80,plus grand733,iter,1,0.25
Julien_81,Boubou724,iter,1,0.25
Julien_81,Boubou725,iter,1,0.25
Julien_81,Boubou726,iter,1,0.25
Julien_81,Papa736,iter,1,0.25
Julien_81,Papa738,iter,1,0.25
Julien_81,Petit739,iter,1,0.25
Julien_81,Pin pon740,iter,1,0.25
Julien_81,Pin pon741,iter,1,0.25
Julien_81,Pin pon742,iter,1,0.25
Julien_81,Popi743,iter,1,0.25
Julien_81,Tonton745,iter,1,0.25
Julien_81,croco728,iter,1,0.25
Julien_81,croco729,iter,1,0.25
Julien_81,croco730,iter,1,0.25
Julien_81,croco731,iter,1,0.25
Julien_81,plus grand733,iter,1,0.25
Julien_82,Boubou724,iter,1,0.25
Julien_82,Boubou725,iter,1,0.25
Julien_82,Nana735,iter,1,0.25
Julien_82,Papa736,iter,1,0.25
Julien_82,Papa737,iter,1,0.25
Julien_82,Papa738,iter,1,0.25
Julien_82,Petit739,iter,1,0.25
Julien_82,Pin pon740,iter,1,0.25
Julien_82,Pin pon741,iter,1,0.25
Julien_82,Pin pon742,iter,1,0.25
Julien_82,Popi743,iter,1,0.25
Julien_82,Tonton745,iter,1,0.25
Julien_82,croco729,iter,1,0.25
Julien_82,croco730,iter,1,0.25
Julien_82,croco731,iter,1,0.25
Julien_82,les deux732,iter,1,0.25
Julien_83,Boubou724,iter,1,0.25
Julien_83,Boubou725,iter,1,0.25
Julien_83,Boubou726,iter,1,0.25
Julien_83,Papa736,iter,1,0.25
Julien_83,Papa738,iter,1,0.25
Julien_83,Pin pon740,iter,1,0.25
Julien_83,Pin pon741,iter,1,0.25
Julien_83,Pin pon742,iter,1,0.25
Julien_83,Popi743,iter,1,0.25
Julien_83,Tonton744,iter,1,0.25
Julien_83,Tonton745,iter,1,0.25
Julien_83,croco728,iter,1,0.25
Julien_83,croco729,iter,1,0.25
Julien_83,croco730,iter,1,0.25
Julien_83,croco731,iter,1,0.25
Julien_83,plus grand733,iter,1,0.25
Julien_84,Boubou724,iter,1,0.25
Julien_84,Boubou725,iter,1,0.25
Julien_84,Boubou726,iter,1,0.25
Julien_84,Maman734,iter,1,0.25
Julien_84,Papa736,iter,1,0.25
Julien_84,Papa737,iter,1,0.25
Julien_84,Papa738,iter,1,0.25
Julien_84,Pin pon740,iter,1,0.25
Julien_84,Pin pon741,iter,1,0.25
Julien_84,Pin pon742,iter,1,0.25
Julien_84,Popi743,iter,1,0.25
Julien_84,Tonton744,iter,1,0.25
Julien_84,croco728,iter,1,0.25
Julien_84,croco729,iter,1,0.25
Julien_84,croco731,iter,1,0.25
Julien_84,plus grand733,iter,1,0.25
Julien_85,croco728,iter,1,0.25
Julien_85,croco729,iter,1,0.25
Julien_85,croco731,iter,1,0.25
Julien_86,Boubou724,iter,1,0.25
Julien_86,Boubou725,iter,1,0.25
Julien_86,Boubou726,iter,1,0.25
Julien_86,Maman734,iter,1,0.25
Julien_86,Papa736,iter,1,0.25
Julien_86,Papa738,iter,1,0.25
Julien_86,Petit739,iter,1,0.25
Julien_86,Pin pon740,iter,1,0.25
Julien_86,Pin pon741,iter,1,0.25
Julien_86,Popi743,iter,1,0.25
Julien_86,Tonton744,iter,1,0.25
Julien_86,Tonton745,iter,1,0.25
Julien_86,croco728,iter,1,0.25
Julien_86,croco729,iter,1,0.25
Julien_86,croco730,iter,1,0.25
Julien_86,croco731,iter,1,0.25
Julien_86,plus grand733,iter,1,0.25
Julien_87,Boubou725,iter,1,0.25
Julien_87,Boubou726,iter,1,0.25
Julien_87,Nana735,iter,1,0.25
Julien_87,Papa737,iter,1,0.25
Julien_87,Papa738,iter,1,0.25
Julien_87,Petit739,iter,1,0.25
Julien_87,Pin pon740,iter,1,0.25
Julien_87,Pin pon741,iter,1,0.25
Julien_87,Pin pon742,iter,1,0.25
Julien_87,Popi743,iter,1,0.25
Julien_87,Tonton744,iter,1,0.25
Julien_87,Tonton745,iter,1,0.25
Julien_87,croco729,iter,1,0.25
Julien_87,croco730,iter,1,0.25
Julien_87,croco731,iter,1,0.25
Julien_87,les deux732,iter,1,0.25
Julien_88,Nana735,iter,1,0.25
Julien_88,Petit739,iter,1,0.25
Julien_88,Tonton744,iter,1,0.25
Julien_88,Tonton745,iter,1,0.25
Julien_88,les deux732,iter,1,0.25
Julien_89,Tonton744,iter,1,0.25
Julien_89,Tonton745,iter,1,0.25
Julien_89,les deux732,iter,1,0.25
Julien_9,Boubou724,iter,1,0.25
Julien_9,Boubou725,iter,1,0.25
Julien_9,Boubou726,iter,1,0.25
Julien_9,Maman734,iter,1,0.25
Julien_9,Papa736,iter,1,0.25
Julien_9,Papa737,iter,1,0.25
Julien_9,Papa738,iter,1,0.25
Julien_9,Petit739,iter,1,0.25
Julien_9,Pin pon740,iter,1,0.25
Julien_9,Pin pon741,iter,1,0.25
Julien_9,Popi743,iter,1,0.25
Julien_9,Tonton744,iter,1,0.25
Julien_9,Tonton745,iter,1,0.25
Julien_9,croco728,iter,1,0.25
Julien_9,croco729,iter,1,0.25
Julien_9,croco730,iter,1,0.25
Julien_9,croco731,iter,1,0.25
Julien_9,plus grand733,iter,1,0.25
Julien_90,Boubou724,iter,1,0.25
Julien_90,Boubou725,iter,1,0.25
Julien_90,Boubou726,iter,1,0.25
Julien_90,Papa736,iter,1,0.25
Julien_90,Papa737,iter,1,0.25
Julien_90,Petit739,iter,1,0.25
Julien_90,Pin pon740,iter,1,0.25
Julien_90,Pin pon741,iter,1,0.25
Julien_90,Pin pon742,iter,1,0.25
Julien_90,Popi743,iter,1,0.25
Julien_90,Tonton744,iter,1,0.25
Julien_90,Tonton745,iter,1,0.25
Julien_90,croco728,iter,1,0.25
Julien_90,croco729,iter,1,0.25
Julien_90,croco730,iter,1,0.25
Julien_90,croco731,iter,1,0.25
Julien_90,plus grand733,iter,1,0.25
Julien_91,Boubou724,iter,1,0.25
Julien_91,Boubou726,iter,1,0.25
Julien_91,Maman734,iter,1,0.25
Julien_91,Papa736,iter,1,0.25
Julien_91,Papa737,iter,1,0.25
Julien_91,Petit739,iter,1,0.25
Julien_91,Pin pon740,iter,1,0.25
Julien_91,Pin pon741,iter,1,0.25
Julien_91,Pin pon742,iter,1,0.25
Julien_91,Popi743,iter,1,0.25
Julien_91,Tonton744,iter,1,0.25
Julien_91,Tonton745,iter,1,0.25
Julien_91,croco728,iter,1,0.25
Julien_91,croco729,iter,1,0.25
Julien_91,croco730,iter,1,0.25
Julien_91,croco731,iter,1,0.25
Julien_91,plus grand733,iter,1,0.25
Julien_92,Boubou724,iter,1,0.25
Julien_92,Boubou725,iter,1,0.25
Julien_92,Maman734,iter,1,0.25
Julien_92,Papa736,iter,1,0.25
Julien_92,Papa737,iter,1,0.25
Julien_92,Papa738,iter,1,0.25
Julien_92,Pin pon740,iter,1,0.25
Julien_92,Pin pon741,iter,1,0.25
Julien_92,Pin pon742,iter,1,0.25
Julien_92,Tonton744,iter,1,0.25
Julien_92,Tonton745,iter,1,0.25
Julien_92,croco728,iter,1,0.25
Julien_92,croco729,iter,1,0.25
Julien_92,croco730,iter,1,0.25
Julien_92,croco731,iter,1,0.25
Julien_92,plus grand733,iter,1,0.25
Julien_93,Boubou724,iter,1,0.25
Julien_93,Boubou725,iter,1,0.25
Julien_93,Boubou726,iter,1,0.25
Julien_93,Maman734,iter,1,0.25
Julien_93,Papa736,iter,1,0.25
Julien_93,Papa738,iter,1,0.25
Julien_93,Petit739,iter,1,0.25
Julien_93,Pin pon740,iter,1,0.25
Julien_93,Pin pon741,iter,1,0.25
Julien_93,Pin pon742,iter,1,0.25
Julien_93,Popi743,iter,1,0.25
Julien_93,Tonton744,iter,1,0.25
Julien_93,Tonton745,iter,1,0.25
Julien_93,croco728,iter,1,0.25
Julien_93,croco729,iter,1,0.25
Julien_93,croco731,iter,1,0.25
Julien_93,plus grand733,iter,1,0.25
Julien_94,Boubou724,iter,1,0.25
Julien_94,Boubou725,iter,1,0.25
Julien_94,Boubou726,iter,1,0.25
Julien_94,Maman734,iter,1,0.25
Julien_94,Nana735,iter,1,0.25
Julien_94,Papa736,iter,1,0.25
Julien_94,Papa738,iter,1,0.25
Julien_94,Pin pon740,iter,1,0.25
Julien_94,Pin pon741,iter,1,0.25
Julien_94,Pin pon742,iter,1,0.25
Julien_94,Popi743,iter,1,0.25
Julien_95,Boubou724,iter,1,0.25
Julien_95,Boubou726,iter,1,0.25
Julien_95,Maman734,iter,1,0.25
Julien_95,Papa736,iter,1,0.25
Julien_95,Papa737,iter,1,0.25
Julien_95,Papa738,iter,1,0.25
Julien_95,Pin pon740,iter,1,0.25
Julien_95,Pin pon741,iter,1,0.25
Julien_95,Pin pon742,iter,1,0.25
Julien_95,Tonton744,iter,1,0.25
Julien_95,Tonton745,iter,1,0.25
Julien_95,croco728,iter,1,0.25
Julien_95,croco729,iter,1,0.25
Julien_95,croco730,iter,1,0.25
Julien_95,croco731,iter,1,0.25
Julien_95,plus grand733,iter,1,0.25
Julien_96,croco728,iter,1,0.25
Julien_96,croco729,iter,1,0.25
Julien_96,croco730,iter,1,0.25
Julien_96,croco731,iter,1,0.25
Julien_97,croco728,iter,1,0.25
Julien_97,croco729,iter,1,0.25
Julien_97,croco730,iter,1,0.25
Julien_97,croco731,iter,1,0.25
Julien_98,Nana735,iter,1,0.25
Julien_98,Tonton744,iter,1,0.25
Julien_98,Tonton745,iter,1,0.25
Julien_99,Boubou724,iter,1,0.25
Julien_99,Boubou725,iter,1,0.25
Julien_99,Boubou726,iter,1,0.25
Julien_99,Nana735,iter,1,0.25
Julien_99,Papa736,iter,1,0.25
Julien_99,Papa737,iter,1,0.25
Julien_99,Papa738,iter,1,0.25
Julien_99,Petit739,iter,1,0.25
Julien_99,Pin pon740,iter,1,0.25
Julien_99,Pin pon741,iter,1,0.25
Julien_99,Pin pon742,iter,1,0.25
Julien_99,Tonton744,iter,1,0.25
Julien_99,croco728,iter,1,0.25
Julien_99,croco730,iter,1,0.25
Julien_99,croco731,iter,1,0.25
Julien_99,les deux732,iter,1,0.25
Kazuko_1,foot1208,iter,1,0.25
Kazuko_1,foot1209,iter,1,0.25
Kazuko_1,foot1216,iter,1,0.25
Kazuko_1,foot1219,iter,1,0.25
Kazuko_1,foot1220,iter,1,0.25
Kazuko_1,foot1229,iter,1,0.25
Kazuko_1,foot1236,iter,1,0.25
Kazuko_1,hat513,iter,1,0.25
Kazuko_1,hat520,iter,1,0.25
Kazuko_10,car522,iter,1,0.25
Kazuko_10,car527,iter,1,0.25
Kazuko_10,car530,iter,1,0.25
Kazuko_10,please537,iter,1,0.25
Kazuko_10,please538,iter,1,0.25
Kazuko_100,car530,iter,1,0.25
Kazuko_100,car532,iter,1,0.25
Kazuko_100,car533,iter,1,0.25
Kazuko_100,foot1209,iter,1,0.25
Kazuko_100,foot1221,iter,1,0.25
Kazuko_100,foot1236,iter,1,0.25
Kazuko_100,foot1240,iter,1,0.25
Kazuko_100,hat518,iter,1,0.25
Kazuko_100,hat521,iter,1,0.25
Kazuko_11,foot1208,iter,1,0.25
Kazuko_11,foot1219,iter,1,0.25
Kazuko_11,foot1221,iter,1,0.25
Kazuko_11,foot1229,iter,1,0.25
Kazuko_11,foot1235,iter,1,0.25
Kazuko_11,foot1240,iter,1,0.25
Kazuko_11,hat515,iter,1,0.25
Kazuko_11,hat516,iter,1,0.25
Kazuko_11,hat517,iter,1,0.25
Kazuko_12,foot1209,iter,1,0.25
Kazuko_12,foot1210,iter,1,0.25
Kazuko_12,foot1211,iter,1,0.25
Kazuko_12,foot1228,iter,1,0.25
Kazuko_12,foot1234,iter,1,0.25
Kazuko_12,foot1235,iter,1,0.25
Kazuko_12,foot1239,iter,1,0.25
Kazuko_12,hat512,iter,1,0.25
Kazuko_12,hat513,iter,1,0.25
Kazuko_12,hat518,iter,1,0.25
Kazuko_13,car526,iter,1,0.25
Kazuko_13,car528,iter,1,0.25
Kazuko_13,car531,iter,1,0.25
Kazuko_13,car533,iter,1,0.25
Kazuko_13,hat512,iter,1,0.25
Kazuko_13,hat520,iter,1,0.25
Kazuko_13,rain1204,iter,1,0.25
Kazuko_14,"all gone, put away568",iter,1,0.25
Kazuko_14,kitty1721,iter,1,0.25
Kazuko_14,telephone1422,iter,1,0.25
Kazuko_15,foot1221,iter,1,0.25
Kazuko_15,foot1228,iter,1,0.25
Kazuko_15,foot1229,iter,1,0.25
Kazuko_15,foot1236,iter,1,0.25
Kazuko_15,foot1241,iter,1,0.25
Kazuko_16,car522,iter,1,0.25
Kazuko_16,car525,iter,1,0.25
Kazuko_16,car528,iter,1,0.25
Kazuko_16,car531,iter,1,0.25
Kazuko_17,car526,iter,1,0.25
Kazuko_17,car530,iter,1,0.25
Kazuko_17,car533,iter,1,0.25
Kazuko_17,hat516,iter,1,0.25
Kazuko_17,hat521,iter,1,0.25
Kazuko_17,please537,iter,1,0.25
Kazuko_18,foot1207,iter,1,0.25
Kazuko_18,foot1221,iter,1,0.25
Kazuko_18,foot1223,iter,1,0.25
Kazuko_18,foot1237,iter,1,0.25
Kazuko_18,foot1242,iter,1,0.25
Kazuko_19,doesn't exist1244,iter,1,0.25
Kazuko_19,hello542,iter,1,0.25
Kazuko_19,hello550,iter,1,0.25
Kazuko_19,people561,iter,1,0.25
Kazuko_2,cloud566,iter,1,0.25
Kazuko_2,hello546,iter,1,0.25
Kazuko_2,hello547,iter,1,0.25
Kazuko_2,hello554,iter,1,0.25
Kazuko_2,hello557,iter,1,0.25
Kazuko_2,hello559,iter,1,0.25
Kazuko_20,foot1207,iter,1,0.25
Kazuko_20,foot1210,iter,1,0.25
Kazuko_20,foot1211,iter,1,0.25
Kazuko_20,foot1213,iter,1,0.25
Kazuko_20,foot1218,iter,1,0.25
Kazuko_20,foot1221,iter,1,0.25
Kazuko_20,foot1225,iter,1,0.25
Kazuko_20,foot1229,iter,1,0.25
Kazuko_20,foot1231,iter,1,0.25
Kazuko_20,foot1232,iter,1,0.25
Kazuko_20,foot1233,iter,1,0.25
Kazuko_20,foot1236,iter,1,0.25
Kazuko_20,foot1237,iter,1,0.25
Kazuko_20,hat516,iter,1,0.25
Kazuko_21,car523,iter,1,0.25
Kazuko_21,foot1208,iter,1,0.25
Kazuko_21,foot1210,iter,1,0.25
Kazuko_21,foot1230,iter,1,0.25
Kazuko_21,foot1243,iter,1,0.25
Kazuko_21,hat512,iter,1,0.25
Kazuko_21,hat514,iter,1,0.25
Kazuko_21,hat516,iter,1,0.25
Kazuko_21,hat517,iter,1,0.25
Kazuko_21,hat519,iter,1,0.25
Kazuko_22,foot1228,iter,1,0.25
Kazuko_22,hat512,iter,1,0.25
Kazuko_22,hat517,iter,1,0.25
Kazuko_23,foot1208,iter,1,0.25
Kazuko_23,foot1210,iter,1,0.25
Kazuko_23,foot1220,iter,1,0.25
Kazuko_23,foot1227,iter,1,0.25
Kazuko_23,foot1236,iter,1,0.25
Kazuko_23,hat512,iter,1,0.25
Kazuko_23,hat513,iter,1,0.25
Kazuko_23,hat516,iter,1,0.25
Kazuko_23,hat521,iter,1,0.25
Kazuko_24,foot1214,iter,1,0.25
Kazuko_24,foot1218,iter,1,0.25
Kazuko_24,foot1228,iter,1,0.25
Kazuko_24,foot1236,iter,1,0.25
Kazuko_24,foot1238,iter,1,0.25
Kazuko_24,foot1242,iter,1,0.25
Kazuko_24,hat512,iter,1,0.25
Kazuko_24,hat518,iter,1,0.25
Kazuko_25,hello543,iter,1,0.25
Kazuko_25,hello546,iter,1,0.25
Kazuko_25,hello552,iter,1,0.25
Kazuko_25,hello554,iter,1,0.25
Kazuko_25,hello556,iter,1,0.25
Kazuko_25,hello557,iter,1,0.25
Kazuko_26,car524,iter,1,0.25
Kazuko_26,car526,iter,1,0.25
Kazuko_26,car533,iter,1,0.25
Kazuko_26,doesn't exist1244,iter,1,0.25
Kazuko_26,rain1203,iter,1,0.25
Kazuko_26,rain1205,iter,1,0.25
Kazuko_27,car529,iter,1,0.25
Kazuko_27,car532,iter,1,0.25
Kazuko_27,hat517,iter,1,0.25
Kazuko_27,hat519,iter,1,0.25
Kazuko_27,hat520,iter,1,0.25
Kazuko_27,mouth562,iter,1,0.25
Kazuko_27,mouth563,iter,1,0.25
Kazuko_27,pig535,iter,1,0.25
Kazuko_29,hello549,iter,1,0.25
Kazuko_29,hello550,iter,1,0.25
Kazuko_29,hello551,iter,1,0.25
Kazuko_29,hello557,iter,1,0.25
Kazuko_3,comb567,iter,1,0.25
Kazuko_3,foot1208,iter,1,0.25
Kazuko_3,foot1212,iter,1,0.25
Kazuko_3,foot1218,iter,1,0.25
Kazuko_3,foot1229,iter,1,0.25
Kazuko_3,foot1238,iter,1,0.25
Kazuko_3,foot1239,iter,1,0.25
Kazuko_3,hat520,iter,1,0.25
Kazuko_30,Big Bird1420,iter,1,0.25
Kazuko_30,car523,iter,1,0.25
Kazuko_30,car529,iter,1,0.25
Kazuko_30,car530,iter,1,0.25
Kazuko_30,pig535,iter,1,0.25
Kazuko_30,pig536,iter,1,0.25
Kazuko_30,please539,iter,1,0.25
Kazuko_31,kitty1726,iter,1,0.25
Kazuko_31,sleeping1719,iter,1,0.25
Kazuko_31,sleeping1720,iter,1,0.25
Kazuko_32,car522,iter,1,0.25
Kazuko_32,car526,iter,1,0.25
Kazuko_32,car527,iter,1,0.25
Kazuko_32,car531,iter,1,0.25
Kazuko_32,car533,iter,1,0.25
Kazuko_32,hat512,iter,1,0.25
Kazuko_32,hat513,iter,1,0.25
Kazuko_32,hat517,iter,1,0.25
Kazuko_32,please538,iter,1,0.25
Kazuko_33,car527,iter,1,0.25
Kazuko_33,car533,iter,1,0.25
Kazuko_33,hat513,iter,1,0.25
Kazuko_33,hat515,iter,1,0.25
Kazuko_33,hat521,iter,1,0.25
Kazuko_34,comb567,iter,1,0.25
Kazuko_34,foot1210,iter,1,0.25
Kazuko_34,foot1231,iter,1,0.25
Kazuko_34,hat513,iter,1,0.25
Kazuko_34,hat514,iter,1,0.25
Kazuko_34,hat515,iter,1,0.25
Kazuko_34,hat518,iter,1,0.25
Kazuko_35,"all gone, put away571",iter,1,0.25
Kazuko_35,kitty1726,iter,1,0.25
Kazuko_36,hello544,iter,1,0.25
Kazuko_36,hello548,iter,1,0.25
Kazuko_36,hello549,iter,1,0.25
Kazuko_36,hello550,iter,1,0.25
Kazuko_36,hello552,iter,1,0.25
Kazuko_36,hello553,iter,1,0.25
Kazuko_36,hello557,iter,1,0.25
Kazuko_36,people561,iter,1,0.25
Kazuko_37,telephone1424,iter,1,0.25
Kazuko_38,"all gone, put away569",iter,1,0.25
Kazuko_38,car524,iter,1,0.25
Kazuko_38,hold me1709,iter,1,0.25
Kazuko_38,hold me1710,iter,1,0.25
Kazuko_38,please537,iter,1,0.25
Kazuko_39,foot1207,iter,1,0.25
Kazuko_39,foot1215,iter,1,0.25
Kazuko_39,foot1216,iter,1,0.25
Kazuko_39,foot1217,iter,1,0.25
Kazuko_39,foot1219,iter,1,0.25
Kazuko_39,foot1227,iter,1,0.25
Kazuko_39,hat517,iter,1,0.25
Kazuko_39,hat519,iter,1,0.25
Kazuko_4,cloud565,iter,1,0.25
Kazuko_4,hello549,iter,1,0.25
Kazuko_4,hello558,iter,1,0.25
Kazuko_40,foot1209,iter,1,0.25
Kazuko_40,foot1210,iter,1,0.25
Kazuko_40,foot1219,iter,1,0.25
Kazuko_40,foot1224,iter,1,0.25
Kazuko_40,foot1230,iter,1,0.25
Kazuko_40,foot1237,iter,1,0.25
Kazuko_40,mouth563,iter,1,0.25
Kazuko_41,kitty1721,iter,1,0.25
Kazuko_41,sleeping1711,iter,1,0.25
Kazuko_41,sleeping1712,iter,1,0.25
Kazuko_41,sleeping1716,iter,1,0.25
Kazuko_41,sleeping1719,iter,1,0.25
Kazuko_42,foot1212,iter,1,0.25
Kazuko_42,foot1214,iter,1,0.25
Kazuko_42,foot1217,iter,1,0.25
Kazuko_42,foot1220,iter,1,0.25
Kazuko_42,foot1222,iter,1,0.25
Kazuko_42,foot1224,iter,1,0.25
Kazuko_42,foot1226,iter,1,0.25
Kazuko_42,foot1229,iter,1,0.25
Kazuko_42,foot1238,iter,1,0.25
Kazuko_42,foot1239,iter,1,0.25
Kazuko_42,hat516,iter,1,0.25
Kazuko_43,"all gone, put away569",iter,1,0.25
Kazuko_43,kitty1724,iter,1,0.25
Kazuko_43,sleeping1712,iter,1,0.25
Kazuko_43,sleeping1714,iter,1,0.25
Kazuko_43,sleeping1719,iter,1,0.25
Kazuko_44,Big Bird1419,iter,1,0.25
Kazuko_44,doesn't exist1244,iter,1,0.25
Kazuko_44,hat512,iter,1,0.25
Kazuko_44,hat516,iter,1,0.25
Kazuko_44,please539,iter,1,0.25
Kazuko_45,car529,iter,1,0.25
Kazuko_45,car532,iter,1,0.25
Kazuko_45,comb567,iter,1,0.25
Kazuko_45,foot1207,iter,1,0.25
Kazuko_45,foot1210,iter,1,0.25
Kazuko_45,foot1212,iter,1,0.25
Kazuko_45,foot1231,iter,1,0.25
Kazuko_45,foot1234,iter,1,0.25
Kazuko_45,foot1243,iter,1,0.25
Kazuko_45,hat512,iter,1,0.25
Kazuko_46,car526,iter,1,0.25
Kazuko_46,car529,iter,1,0.25
Kazuko_46,car530,iter,1,0.25
Kazuko_46,cloud565,iter,1,0.25
Kazuko_46,hat515,iter,1,0.25
Kazuko_46,pig536,iter,1,0.25
Kazuko_46,rain1204,iter,1,0.25
Kazuko_47,"all gone, put away569",iter,1,0.25
Kazuko_47,kitty1728,iter,1,0.25
Kazuko_47,sleeping1711,iter,1,0.25
Kazuko_47,sleeping1718,iter,1,0.25
Kazuko_48,"all gone, put away570",iter,1,0.25
Kazuko_48,kitty1725,iter,1,0.25
Kazuko_48,sleeping1713,iter,1,0.25
Kazuko_48,sleeping1717,iter,1,0.25
Kazuko_49,doesn't exist1244,iter,1,0.25
Kazuko_49,foot1213,iter,1,0.25
Kazuko_49,foot1215,iter,1,0.25
Kazuko_49,foot1219,iter,1,0.25
Kazuko_49,foot1224,iter,1,0.25
Kazuko_49,foot1235,iter,1,0.25
Kazuko_49,foot1236,iter,1,0.25
Kazuko_49,foot1237,iter,1,0.25
Kazuko_49,hat518,iter,1,0.25
Kazuko_5,kitty1722,iter,1,0.25
Kazuko_5,kitty1723,iter,1,0.25
Kazuko_5,kitty1726,iter,1,0.25
Kazuko_5,sleeping1711,iter,1,0.25
Kazuko_5,sleeping1717,iter,1,0.25
Kazuko_50,foot1209,iter,1,0.25
Kazuko_50,foot1213,iter,1,0.25
Kazuko_50,foot1216,iter,1,0.25
Kazuko_50,hat514,iter,1,0.25
Kazuko_50,hat518,iter,1,0.25
Kazuko_50,hat521,iter,1,0.25
Kazuko_51,comb567,iter,1,0.25
Kazuko_51,foot1209,iter,1,0.25
Kazuko_51,foot1226,iter,1,0.25
Kazuko_51,foot1228,iter,1,0.25
Kazuko_51,foot1236,iter,1,0.25
Kazuko_51,hat514,iter,1,0.25
Kazuko_51,hat518,iter,1,0.25
Kazuko_51,hat521,iter,1,0.25
Kazuko_52,"all gone, put away568",iter,1,0.25
Kazuko_52,sleeping1711,iter,1,0.25
Kazuko_52,telephone1423,iter,1,0.25
Kazuko_52,telephone1425,iter,1,0.25
Kazuko_53,foot1213,iter,1,0.25
Kazuko_53,foot1216,iter,1,0.25
Kazuko_53,foot1219,iter,1,0.25
Kazuko_53,foot1222,iter,1,0.25
Kazuko_53,foot1226,iter,1,0.25
Kazuko_53,foot1243,iter,1,0.25
Kazuko_53,hat517,iter,1,0.25
Kazuko_53,mouth562,iter,1,0.25
Kazuko_54,"all gone, put away570",iter,1,0.25
Kazuko_54,kitty1729,iter,1,0.25
Kazuko_54,sleeping1713,iter,1,0.25
Kazuko_54,sleeping1714,iter,1,0.25
Kazuko_55,car525,iter,1,0.25
Kazuko_55,car527,iter,1,0.25
Kazuko_55,foot1212,iter,1,0.25
Kazuko_55,foot1218,iter,1,0.25
Kazuko_55,foot1219,iter,1,0.25
Kazuko_55,foot1226,iter,1,0.25
Kazuko_55,foot1227,iter,1,0.25
Kazuko_55,foot1229,iter,1,0.25
Kazuko_55,foot1242,iter,1,0.25
Kazuko_55,hat515,iter,1,0.25
Kazuko_55,hat518,iter,1,0.25
Kazuko_56,foot1212,iter,1,0.25
Kazuko_56,foot1213,iter,1,0.25
Kazuko_56,foot1233,iter,1,0.25
Kazuko_56,foot1235,iter,1,0.25
Kazuko_56,foot1242,iter,1,0.25
Kazuko_56,hat514,iter,1,0.25
Kazuko_57,"all gone, put away568",iter,1,0.25
Kazuko_57,"all gone, put away569",iter,1,0.25
Kazuko_57,car529,iter,1,0.25
Kazuko_57,cloud566,iter,1,0.25
Kazuko_57,doesn't exist1244,iter,1,0.25
Kazuko_57,foot1209,iter,1,0.25
Kazuko_57,foot1211,iter,1,0.25
Kazuko_57,foot1213,iter,1,0.25
Kazuko_57,foot1237,iter,1,0.25
Kazuko_57,hello543,iter,1,0.25
Kazuko_57,hello548,iter,1,0.25
Kazuko_57,pig534,iter,1,0.25
Kazuko_57,pig535,iter,1,0.25
Kazuko_57,sleeping1712,iter,1,0.25
Kazuko_57,sleeping1717,iter,1,0.25
Kazuko_58,foot1218,iter,1,0.25
Kazuko_58,foot1231,iter,1,0.25
Kazuko_58,foot1233,iter,1,0.25
Kazuko_58,foot1236,iter,1,0.25
Kazuko_58,foot1241,iter,1,0.25
Kazuko_58,hat517,iter,1,0.25
Kazuko_59,foot1211,iter,1,0.25
Kazuko_59,foot1224,iter,1,0.25
Kazuko_59,foot1227,iter,1,0.25
Kazuko_59,foot1228,iter,1,0.25
Kazuko_59,foot1230,iter,1,0.25
Kazuko_59,foot1235,iter,1,0.25
Kazuko_59,foot1236,iter,1,0.25
Kazuko_59,hat513,iter,1,0.25
Kazuko_59,hat518,iter,1,0.25
Kazuko_59,hat519,iter,1,0.25
Kazuko_6,sleeping1713,iter,1,0.25
Kazuko_60,foot1216,iter,1,0.25
Kazuko_60,foot1220,iter,1,0.25
Kazuko_60,foot1228,iter,1,0.25
Kazuko_60,foot1229,iter,1,0.25
Kazuko_60,foot1232,iter,1,0.25
Kazuko_60,foot1238,iter,1,0.25
Kazuko_60,hat513,iter,1,0.25
Kazuko_60,hat520,iter,1,0.25
Kazuko_61,foot1211,iter,1,0.25
Kazuko_61,foot1215,iter,1,0.25
Kazuko_61,foot1230,iter,1,0.25
Kazuko_61,foot1234,iter,1,0.25
Kazuko_61,foot1238,iter,1,0.25
Kazuko_61,foot1239,iter,1,0.25
Kazuko_61,foot1241,iter,1,0.25
Kazuko_61,foot1243,iter,1,0.25
Kazuko_61,hat516,iter,1,0.25
Kazuko_61,hat518,iter,1,0.25
Kazuko_62,sleeping1719,iter,1,0.25
Kazuko_63,car524,iter,1,0.25
Kazuko_63,doesn't exist1244,iter,1,0.25
Kazuko_63,hello550,iter,1,0.25
Kazuko_63,hello552,iter,1,0.25
Kazuko_64,"all gone, put away568",iter,1,0.25
Kazuko_64,kitty1730,iter,1,0.25
Kazuko_64,sleeping1715,iter,1,0.25
Kazuko_64,sleeping1717,iter,1,0.25
Kazuko_64,sleeping1720,iter,1,0.25
Kazuko_64,telephone1421,iter,1,0.25
Kazuko_64,telephone1423,iter,1,0.25
Kazuko_64,telephone1425,iter,1,0.25
Kazuko_65,telephone1423,iter,1,0.25
Kazuko_66,Big Bird1419,iter,1,0.25
Kazuko_66,car523,iter,1,0.25
Kazuko_66,hat513,iter,1,0.25
Kazuko_66,hat515,iter,1,0.25
Kazuko_66,please538,iter,1,0.25
Kazuko_66,rain1205,iter,1,0.25
Kazuko_66,rain1206,iter,1,0.25
Kazuko_67,car530,iter,1,0.25
Kazuko_67,car531,iter,1,0.25
Kazuko_67,hat518,iter,1,0.25
Kazuko_67,hat521,iter,1,0.25
Kazuko_68,kitty1724,iter,1,0.25
Kazuko_68,kitty1725,iter,1,0.25
Kazuko_69,car528,iter,1,0.25
Kazuko_69,foot1208,iter,1,0.25
Kazuko_69,foot1211,iter,1,0.25
Kazuko_69,foot1216,iter,1,0.25
Kazuko_69,foot1221,iter,1,0.25
Kazuko_69,foot1226,iter,1,0.25
Kazuko_69,foot1230,iter,1,0.25
Kazuko_69,foot1235,iter,1,0.25
Kazuko_69,hat513,iter,1,0.25
Kazuko_69,hat514,iter,1,0.25
Kazuko_69,hat516,iter,1,0.25
Kazuko_69,hat518,iter,1,0.25
Kazuko_69,hat520,iter,1,0.25
Kazuko_7,comb567,iter,1,0.25
Kazuko_7,doesn't exist1244,iter,1,0.25
Kazuko_7,foot1222,iter,1,0.25
Kazuko_7,foot1227,iter,1,0.25
Kazuko_7,foot1235,iter,1,0.25
Kazuko_7,foot1236,iter,1,0.25
Kazuko_7,hat514,iter,1,0.25
Kazuko_70,foot1224,iter,1,0.25
Kazuko_70,foot1231,iter,1,0.25
Kazuko_70,hat516,iter,1,0.25
Kazuko_70,hat519,iter,1,0.25
Kazuko_70,hat521,iter,1,0.25
Kazuko_71,foot1213,iter,1,0.25
Kazuko_71,foot1216,iter,1,0.25
Kazuko_71,foot1219,iter,1,0.25
Kazuko_71,foot1223,iter,1,0.25
Kazuko_71,foot1229,iter,1,0.25
Kazuko_71,foot1233,iter,1,0.25
Kazuko_71,foot1237,iter,1,0.25
Kazuko_71,foot1239,iter,1,0.25
Kazuko_72,hello550,iter,1,0.25
Kazuko_72,hello551,iter,1,0.25
Kazuko_72,hello552,iter,1,0.25
Kazuko_72,hello553,iter,1,0.25
Kazuko_72,hello556,iter,1,0.25
Kazuko_73,foot1220,iter,1,0.25
Kazuko_73,foot1227,iter,1,0.25
Kazuko_73,foot1241,iter,1,0.25
Kazuko_73,hat514,iter,1,0.25
Kazuko_74,Big Bird1419,iter,1,0.25
Kazuko_74,car523,iter,1,0.25
Kazuko_74,car524,iter,1,0.25
Kazuko_74,car526,iter,1,0.25
Kazuko_74,car528,iter,1,0.25
Kazuko_74,car531,iter,1,0.25
Kazuko_74,cloud565,iter,1,0.25
Kazuko_74,please539,iter,1,0.25
Kazuko_74,rain1203,iter,1,0.25
Kazuko_74,rain1205,iter,1,0.25
Kazuko_75,hello543,iter,1,0.25
Kazuko_75,hello548,iter,1,0.25
Kazuko_75,hello552,iter,1,0.25
Kazuko_75,hello558,iter,1,0.25
Kazuko_76,"all gone, put away569",iter,1,0.25
Kazuko_76,kitty1724,iter,1,0.25
Kazuko_76,kitty1726,iter,1,0.25
Kazuko_76,sleeping1713,iter,1,0.25
Kazuko_76,telephone1423,iter,1,0.25
Kazuko_77,cloud565,iter,1,0.25
Kazuko_77,doesn't exist1244,iter,1,0.25
Kazuko_77,hello544,iter,1,0.25
Kazuko_77,hello546,iter,1,0.25
Kazuko_77,hello550,iter,1,0.25
Kazuko_77,hello556,iter,1,0.25
Kazuko_77,hello559,iter,1,0.25
Kazuko_77,people560,iter,1,0.25
Kazuko_79,foot1209,iter,1,0.25
Kazuko_79,foot1214,iter,1,0.25
Kazuko_79,foot1222,iter,1,0.25
Kazuko_79,foot1223,iter,1,0.25
Kazuko_79,foot1224,iter,1,0.25
Kazuko_79,foot1232,iter,1,0.25
Kazuko_79,foot1239,iter,1,0.25
Kazuko_79,hat513,iter,1,0.25
Kazuko_8,"all gone, put away569",iter,1,0.25
Kazuko_8,kitty1730,iter,1,0.25
Kazuko_80,foot1210,iter,1,0.25
Kazuko_80,foot1217,iter,1,0.25
Kazuko_80,foot1226,iter,1,0.25
Kazuko_80,foot1237,iter,1,0.25
Kazuko_80,hat513,iter,1,0.25
Kazuko_80,hat515,iter,1,0.25
Kazuko_81,"all gone, put away569",iter,1,0.25
Kazuko_81,doesn't exist1244,iter,1,0.25
Kazuko_81,sleeping1720,iter,1,0.25
Kazuko_82,car532,iter,1,0.25
Kazuko_82,cloud564,iter,1,0.25
Kazuko_82,cloud565,iter,1,0.25
Kazuko_82,rain1204,iter,1,0.25
Kazuko_83,foot1217,iter,1,0.25
Kazuko_83,foot1222,iter,1,0.25
Kazuko_83,foot1230,iter,1,0.25
Kazuko_83,foot1236,iter,1,0.25
Kazuko_83,foot1242,iter,1,0.25
Kazuko_83,foot1243,iter,1,0.25
Kazuko_83,hat516,iter,1,0.25
Kazuko_83,pig536,iter,1,0.25
Kazuko_84,kitty1723,iter,1,0.25
Kazuko_84,kitty1725,iter,1,0.25
Kazuko_84,telephone1423,iter,1,0.25
Kazuko_84,telephone1425,iter,1,0.25
Kazuko_85,"all gone, put away569",iter,1,0.25
Kazuko_85,kitty1721,iter,1,0.25
Kazuko_85,sleeping1715,iter,1,0.25
Kazuko_85,telephone1421,iter,1,0.25
Kazuko_86,hello558,iter,1,0.25
Kazuko_87,foot1207,iter,1,0.25
Kazuko_87,foot1208,iter,1,0.25
Kazuko_87,foot1216,iter,1,0.25
Kazuko_87,foot1219,iter,1,0.25
Kazuko_87,foot1229,iter,1,0.25
Kazuko_87,foot1233,iter,1,0.25
Kazuko_87,foot1239,iter,1,0.25
Kazuko_87,foot1243,iter,1,0.25
Kazuko_87,hat513,iter,1,0.25
Kazuko_87,hat520,iter,1,0.25
Kazuko_89,cloud566,iter,1,0.25
Kazuko_89,hello544,iter,1,0.25
Kazuko_89,hello550,iter,1,0.25
Kazuko_89,hello553,iter,1,0.25
Kazuko_89,hello554,iter,1,0.25
Kazuko_89,people560,iter,1,0.25
Kazuko_9,car523,iter,1,0.25
Kazuko_9,car532,iter,1,0.25
Kazuko_9,cloud564,iter,1,0.25
Kazuko_9,doesn't exist1244,iter,1,0.25
Kazuko_9,hat513,iter,1,0.25
Kazuko_9,pig535,iter,1,0.25
Kazuko_9,please537,iter,1,0.25
Kazuko_90,cloud566,iter,1,0.25
Kazuko_90,hello543,iter,1,0.25
Kazuko_90,hello544,iter,1,0.25
Kazuko_90,hello546,iter,1,0.25
Kazuko_90,hello548,iter,1,0.25
Kazuko_90,mouth562,iter,1,0.25
Kazuko_90,pig535,iter,1,0.25
Kazuko_90,pig536,iter,1,0.25
Kazuko_91,car529,iter,1,0.25
Kazuko_91,car532,iter,1,0.25
Kazuko_92,foot1222,iter,1,0.25
Kazuko_92,foot1226,iter,1,0.25
Kazuko_92,foot1234,iter,1,0.25
Kazuko_92,foot1235,iter,1,0.25
Kazuko_92,hat513,iter,1,0.25
Kazuko_92,hat515,iter,1,0.25
Kazuko_93,cloud564,iter,1,0.25
Kazuko_93,hello543,iter,1,0.25
Kazuko_93,people560,iter,1,0.25
Kazuko_94,Big Bird1420,iter,1,0.25
Kazuko_94,car522,iter,1,0.25
Kazuko_94,car525,iter,1,0.25
Kazuko_94,car527,iter,1,0.25
Kazuko_94,car530,iter,1,0.25
Kazuko_94,car532,iter,1,0.25
Kazuko_94,car533,iter,1,0.25
Kazuko_94,cloud564,iter,1,0.25
Kazuko_94,hat514,iter,1,0.25
Kazuko_94,please538,iter,1,0.25
Kazuko_94,please540,iter,1,0.25
Kazuko_95,foot1208,iter,1,0.25
Kazuko_95,foot1209,iter,1,0.25
Kazuko_95,foot1212,iter,1,0.25
Kazuko_95,foot1216,iter,1,0.25
Kazuko_95,foot1229,iter,1,0.25
Kazuko_95,foot1240,iter,1,0.25
Kazuko_95,hat517,iter,1,0.25
Kazuko_96,"all gone, put away569",iter,1,0.25
Kazuko_96,"all gone, put away570",iter,1,0.25
Kazuko_96,sleeping1717,iter,1,0.25
Kazuko_96,telephone1421,iter,1,0.25
Kazuko_97,"all gone, put away568",iter,1,0.25
Kazuko_97,"all gone, put away570",iter,1,0.25
Kazuko_97,car525,iter,1,0.25
Kazuko_97,car528,iter,1,0.25
Kazuko_98,"all gone, put away571",iter,1,0.25
Kazuko_98,car530,iter,1,0.25
Kazuko_98,car531,iter,1,0.25
Kazuko_98,people560,iter,1,0.25
Kazuko_98,please538,iter,1,0.25
Kazuko_99,car526,iter,1,0.25
Kazuko_99,hat517,iter,1,0.25
Kazuko_99,hat521,iter,1,0.25
Kazuko_99,pig534,iter,1,0.25
Kazuko_99,please540,iter,1,0.25
Lewis_1,oh no1048,iter,1,0.25
Lewis_1,oh no1050,iter,1,0.25
Lewis_1,oh no1052,iter,1,0.25
Lewis_1,oh no1053,iter,1,0.25
Lewis_1,oh no1056,iter,1,0.25
Lewis_1,oh no1058,iter,1,0.25
Lewis_1,oh no1062,iter,1,0.25
Lewis_1,uh-oh1064,iter,1,0.25
Lewis_1,uh-oh1069,iter,1,0.25
Lewis_1,uh-oh1071,iter,1,0.25
Lewis_1,uh-oh1073,iter,1,0.25
Lewis_10,ladder175,iter,1,0.25
Lewis_10,oh no1049,iter,1,0.25
Lewis_10,oh no1051,iter,1,0.25
Lewis_10,oh no1052,iter,1,0.25
Lewis_10,oh no1054,iter,1,0.25
Lewis_10,oh no1058,iter,1,0.25
Lewis_10,oh no1059,iter,1,0.25
Lewis_10,uh-oh1064,iter,1,0.25
Lewis_10,uh-oh1068,iter,1,0.25
Lewis_10,uh-oh1069,iter,1,0.25
Lewis_10,uh-oh1070,iter,1,0.25
Lewis_10,uh-oh1073,iter,1,0.25
Lewis_100,oh no1049,iter,1,0.25
Lewis_100,oh no1050,iter,1,0.25
Lewis_100,oh no1052,iter,1,0.25
Lewis_100,oh no1053,iter,1,0.25
Lewis_100,oh no1060,iter,1,0.25
Lewis_100,uh-oh1067,iter,1,0.25
Lewis_100,uh-oh1069,iter,1,0.25
Lewis_100,uh-oh1072,iter,1,0.25
Lewis_100,uh-oh1073,iter,1,0.25
Lewis_12,tractor1362,iter,1,0.25
Lewis_12,tractor1363,iter,1,0.25
Lewis_12,tractor1365,iter,1,0.25
Lewis_12,tractor1366,iter,1,0.25
Lewis_13,oh no1048,iter,1,0.25
Lewis_13,oh no1049,iter,1,0.25
Lewis_13,oh no1051,iter,1,0.25
Lewis_13,oh no1052,iter,1,0.25
Lewis_13,oh no1054,iter,1,0.25
Lewis_13,oh no1060,iter,1,0.25
Lewis_13,oh no1063,iter,1,0.25
Lewis_13,uh-oh1065,iter,1,0.25
Lewis_13,uh-oh1068,iter,1,0.25
Lewis_13,uh-oh1072,iter,1,0.25
Lewis_14,oh no1051,iter,1,0.25
Lewis_14,oh no1052,iter,1,0.25
Lewis_14,oh no1057,iter,1,0.25
Lewis_14,oh no1058,iter,1,0.25
Lewis_14,oh no1061,iter,1,0.25
Lewis_14,oh no1062,iter,1,0.25
Lewis_14,uh-oh1066,iter,1,0.25
Lewis_14,uh-oh1067,iter,1,0.25
Lewis_14,uh-oh1074,iter,1,0.25
Lewis_15,tractor1363,iter,1,0.25
Lewis_15,tractor1366,iter,1,0.25
Lewis_16,circle173,iter,1,0.25
Lewis_16,uh-oh1067,iter,1,0.25
Lewis_16,uh-oh1070,iter,1,0.25
Lewis_16,uh-oh1072,iter,1,0.25
Lewis_16,uh-oh1073,iter,1,0.25
Lewis_16,uh-oh1075,iter,1,0.25
Lewis_17,all gone1455,iter,1,0.25
Lewis_17,all gone1457,iter,1,0.25
Lewis_17,all gone1460,iter,1,0.25
Lewis_18,apple1047,iter,1,0.25
Lewis_18,oh no1049,iter,1,0.25
Lewis_18,oh no1051,iter,1,0.25
Lewis_18,oh no1052,iter,1,0.25
Lewis_18,oh no1054,iter,1,0.25
Lewis_18,oh no1059,iter,1,0.25
Lewis_18,oh no1063,iter,1,0.25
Lewis_18,uh-oh1065,iter,1,0.25
Lewis_18,uh-oh1066,iter,1,0.25
Lewis_18,uh-oh1070,iter,1,0.25
Lewis_18,uh-oh1071,iter,1,0.25
Lewis_18,uh-oh1073,iter,1,0.25
Lewis_18,uh-oh1074,iter,1,0.25
Lewis_19,tractor1362,iter,1,0.25
Lewis_19,tractor1364,iter,1,0.25
Lewis_19,tractor1365,iter,1,0.25
Lewis_2,apple1047,iter,1,0.25
Lewis_2,ladder175,iter,1,0.25
Lewis_2,oh no1048,iter,1,0.25
Lewis_2,oh no1050,iter,1,0.25
Lewis_2,oh no1052,iter,1,0.25
Lewis_2,oh no1059,iter,1,0.25
Lewis_2,oh no1060,iter,1,0.25
Lewis_2,uh-oh1065,iter,1,0.25
Lewis_2,uh-oh1071,iter,1,0.25
Lewis_2,uh-oh1075,iter,1,0.25
Lewis_20,ladder175,iter,1,0.25
Lewis_20,oh no1049,iter,1,0.25
Lewis_20,oh no1051,iter,1,0.25
Lewis_20,oh no1052,iter,1,0.25
Lewis_20,oh no1054,iter,1,0.25
Lewis_20,oh no1055,iter,1,0.25
Lewis_20,oh no1056,iter,1,0.25
Lewis_20,oh no1058,iter,1,0.25
Lewis_20,oh no1062,iter,1,0.25
Lewis_20,uh-oh1065,iter,1,0.25
Lewis_20,uh-oh1068,iter,1,0.25
Lewis_20,uh-oh1069,iter,1,0.25
Lewis_20,uh-oh1071,iter,1,0.25
Lewis_20,uh-oh1073,iter,1,0.25
Lewis_21,ladder175,iter,1,0.25
Lewis_21,oh no1051,iter,1,0.25
Lewis_21,oh no1052,iter,1,0.25
Lewis_21,oh no1053,iter,1,0.25
Lewis_21,oh no1056,iter,1,0.25
Lewis_21,oh no1059,iter,1,0.25
Lewis_21,oh no1061,iter,1,0.25
Lewis_21,uh-oh1065,iter,1,0.25
Lewis_21,uh-oh1066,iter,1,0.25
Lewis_21,uh-oh1068,iter,1,0.25
Lewis_21,uh-oh1069,iter,1,0.25
Lewis_21,uh-oh1071,iter,1,0.25
Lewis_22,ladder175,iter,1,0.25
Lewis_22,oh no1053,iter,1,0.25
Lewis_22,oh no1054,iter,1,0.25
Lewis_22,oh no1059,iter,1,0.25
Lewis_22,oh no1060,iter,1,0.25
Lewis_22,uh-oh1065,iter,1,0.25
Lewis_22,uh-oh1066,iter,1,0.25
Lewis_22,uh-oh1068,iter,1,0.25
Lewis_22,uh-oh1070,iter,1,0.25
Lewis_22,uh-oh1071,iter,1,0.25
Lewis_22,uh-oh1072,iter,1,0.25
Lewis_22,uh-oh1075,iter,1,0.25
Lewis_23,oh no1050,iter,1,0.25
Lewis_23,oh no1052,iter,1,0.25
Lewis_23,oh no1061,iter,1,0.25
Lewis_23,oh no1062,iter,1,0.25
Lewis_23,uh-oh1064,iter,1,0.25
Lewis_23,uh-oh1066,iter,1,0.25
Lewis_23,uh-oh1067,iter,1,0.25
Lewis_23,uh-oh1071,iter,1,0.25
Lewis_23,uh-oh1073,iter,1,0.25
Lewis_23,uh-oh1075,iter,1,0.25
Lewis_24,ladder175,iter,1,0.25
Lewis_24,oh no1048,iter,1,0.25
Lewis_24,oh no1049,iter,1,0.25
Lewis_24,oh no1050,iter,1,0.25
Lewis_24,oh no1052,iter,1,0.25
Lewis_24,oh no1056,iter,1,0.25
Lewis_24,oh no1061,iter,1,0.25
Lewis_24,uh-oh1069,iter,1,0.25
Lewis_24,uh-oh1070,iter,1,0.25
Lewis_24,uh-oh1072,iter,1,0.25
Lewis_24,uh-oh1075,iter,1,0.25
Lewis_25,all gone1455,iter,1,0.25
Lewis_27,oh no1050,iter,1,0.25
Lewis_27,oh no1051,iter,1,0.25
Lewis_27,oh no1053,iter,1,0.25
Lewis_27,oh no1054,iter,1,0.25
Lewis_27,oh no1056,iter,1,0.25
Lewis_27,oh no1057,iter,1,0.25
Lewis_27,oh no1061,iter,1,0.25
Lewis_27,uh-oh1065,iter,1,0.25
Lewis_27,uh-oh1069,iter,1,0.25
Lewis_27,uh-oh1074,iter,1,0.25
Lewis_28,all gone1455,iter,1,0.25
Lewis_28,all gone1456,iter,1,0.25
Lewis_28,all gone1457,iter,1,0.25
Lewis_28,all gone1458,iter,1,0.25
Lewis_28,all gone1460,iter,1,0.25
Lewis_29,oh no1048,iter,1,0.25
Lewis_29,oh no1049,iter,1,0.25
Lewis_29,oh no1051,iter,1,0.25
Lewis_29,oh no1054,iter,1,0.25
Lewis_29,oh no1056,iter,1,0.25
Lewis_29,oh no1057,iter,1,0.25
Lewis_29,oh no1058,iter,1,0.25
Lewis_29,oh no1060,iter,1,0.25
Lewis_29,oh no1062,iter,1,0.25
Lewis_29,uh-oh1064,iter,1,0.25
Lewis_29,uh-oh1068,iter,1,0.25
Lewis_3,apple1047,iter,1,0.25
Lewis_3,oh no1048,iter,1,0.25
Lewis_3,oh no1050,iter,1,0.25
Lewis_3,oh no1051,iter,1,0.25
Lewis_3,oh no1056,iter,1,0.25
Lewis_3,oh no1059,iter,1,0.25
Lewis_3,oh no1061,iter,1,0.25
Lewis_3,oh no1062,iter,1,0.25
Lewis_3,uh-oh1065,iter,1,0.25
Lewis_3,uh-oh1069,iter,1,0.25
Lewis_3,uh-oh1070,iter,1,0.25
Lewis_3,uh-oh1072,iter,1,0.25
Lewis_3,uh-oh1074,iter,1,0.25
Lewis_30,ladder175,iter,1,0.25
Lewis_30,oh no1048,iter,1,0.25
Lewis_30,oh no1054,iter,1,0.25
Lewis_30,oh no1057,iter,1,0.25
Lewis_30,oh no1060,iter,1,0.25
Lewis_30,oh no1061,iter,1,0.25
Lewis_30,oh no1062,iter,1,0.25
Lewis_30,oh no1063,iter,1,0.25
Lewis_30,uh-oh1065,iter,1,0.25
Lewis_30,uh-oh1066,iter,1,0.25
Lewis_30,uh-oh1068,iter,1,0.25
Lewis_30,uh-oh1071,iter,1,0.25
Lewis_30,uh-oh1072,iter,1,0.25
Lewis_30,uh-oh1073,iter,1,0.25
Lewis_31,ladder175,iter,1,0.25
Lewis_31,oh no1048,iter,1,0.25
Lewis_31,oh no1062,iter,1,0.25
Lewis_31,uh-oh1068,iter,1,0.25
Lewis_31,uh-oh1073,iter,1,0.25
Lewis_31,uh-oh1075,iter,1,0.25
Lewis_32,oh no1049,iter,1,0.25
Lewis_32,oh no1050,iter,1,0.25
Lewis_32,oh no1051,iter,1,0.25
Lewis_32,oh no1052,iter,1,0.25
Lewis_32,oh no1054,iter,1,0.25
Lewis_32,oh no1056,iter,1,0.25
Lewis_32,oh no1057,iter,1,0.25
Lewis_32,oh no1058,iter,1,0.25
Lewis_32,oh no1061,iter,1,0.25
Lewis_32,uh-oh1064,iter,1,0.25
Lewis_32,uh-oh1065,iter,1,0.25
Lewis_32,uh-oh1069,iter,1,0.25
Lewis_32,uh-oh1070,iter,1,0.25
Lewis_32,uh-oh1073,iter,1,0.25
Lewis_33,tractor1365,iter,1,0.25
Lewis_33,tractor1366,iter,1,0.25
Lewis_36,all gone1459,iter,1,0.25
Lewis_36,all gone1461,iter,1,0.25
Lewis_37,apple1047,iter,1,0.25
Lewis_37,circle174,iter,1,0.25
Lewis_38,oh no1051,iter,1,0.25
Lewis_38,oh no1052,iter,1,0.25
Lewis_38,oh no1054,iter,1,0.25
Lewis_38,oh no1056,iter,1,0.25
Lewis_38,oh no1057,iter,1,0.25
Lewis_38,uh-oh1069,iter,1,0.25
Lewis_38,uh-oh1070,iter,1,0.25
Lewis_38,uh-oh1072,iter,1,0.25
Lewis_38,uh-oh1073,iter,1,0.25
Lewis_38,uh-oh1074,iter,1,0.25
Lewis_39,oh no1051,iter,1,0.25
Lewis_39,oh no1053,iter,1,0.25
Lewis_39,oh no1057,iter,1,0.25
Lewis_39,oh no1059,iter,1,0.25
Lewis_39,uh-oh1064,iter,1,0.25
Lewis_39,uh-oh1065,iter,1,0.25
Lewis_39,uh-oh1067,iter,1,0.25
Lewis_39,uh-oh1068,iter,1,0.25
Lewis_39,uh-oh1072,iter,1,0.25
Lewis_39,uh-oh1075,iter,1,0.25
Lewis_4,apple1047,iter,1,0.25
Lewis_4,oh no1048,iter,1,0.25
Lewis_4,oh no1051,iter,1,0.25
Lewis_4,oh no1053,iter,1,0.25
Lewis_4,oh no1056,iter,1,0.25
Lewis_4,oh no1057,iter,1,0.25
Lewis_4,oh no1060,iter,1,0.25
Lewis_4,oh no1061,iter,1,0.25
Lewis_4,oh no1062,iter,1,0.25
Lewis_4,uh-oh1065,iter,1,0.25
Lewis_4,uh-oh1075,iter,1,0.25
Lewis_40,tractor1365,iter,1,0.25
Lewis_40,tractor1366,iter,1,0.25
Lewis_41,oh no1049,iter,1,0.25
Lewis_41,oh no1052,iter,1,0.25
Lewis_41,oh no1054,iter,1,0.25
Lewis_41,uh-oh1068,iter,1,0.25
Lewis_41,uh-oh1069,iter,1,0.25
Lewis_41,uh-oh1071,iter,1,0.25
Lewis_41,uh-oh1074,iter,1,0.25
Lewis_42,apple1047,iter,1,0.25
Lewis_42,ladder175,iter,1,0.25
Lewis_42,oh no1049,iter,1,0.25
Lewis_42,oh no1050,iter,1,0.25
Lewis_42,oh no1052,iter,1,0.25
Lewis_42,oh no1055,iter,1,0.25
Lewis_42,oh no1061,iter,1,0.25
Lewis_42,uh-oh1066,iter,1,0.25
Lewis_42,uh-oh1068,iter,1,0.25
Lewis_42,uh-oh1069,iter,1,0.25
Lewis_42,uh-oh1072,iter,1,0.25
Lewis_42,uh-oh1073,iter,1,0.25
Lewis_42,uh-oh1074,iter,1,0.25
Lewis_42,uh-oh1075,iter,1,0.25
Lewis_43,oh no1054,iter,1,0.25
Lewis_43,oh no1058,iter,1,0.25
Lewis_43,oh no1062,iter,1,0.25
Lewis_43,oh no1063,iter,1,0.25
Lewis_43,uh-oh1064,iter,1,0.25
Lewis_43,uh-oh1067,iter,1,0.25
Lewis_43,uh-oh1069,iter,1,0.25
Lewis_43,uh-oh1070,iter,1,0.25
Lewis_43,uh-oh1075,iter,1,0.25
Lewis_44,choo-choo177,iter,1,0.25
Lewis_45,oh no1054,iter,1,0.25
Lewis_45,oh no1055,iter,1,0.25
Lewis_45,oh no1059,iter,1,0.25
Lewis_45,oh no1062,iter,1,0.25
Lewis_45,oh no1063,iter,1,0.25
Lewis_45,uh-oh1064,iter,1,0.25
Lewis_45,uh-oh1065,iter,1,0.25
Lewis_45,uh-oh1066,iter,1,0.25
Lewis_45,uh-oh1075,iter,1,0.25
Lewis_46,apple1047,iter,1,0.25
Lewis_46,circle174,iter,1,0.25
Lewis_49,choo-choo178,iter,1,0.25
Lewis_49,choo-choo179,iter,1,0.25
Lewis_5,apple1047,iter,1,0.25
Lewis_5,oh no1056,iter,1,0.25
Lewis_5,oh no1057,iter,1,0.25
Lewis_5,oh no1060,iter,1,0.25
Lewis_5,oh no1063,iter,1,0.25
Lewis_5,uh-oh1067,iter,1,0.25
Lewis_5,uh-oh1071,iter,1,0.25
Lewis_50,oh no1049,iter,1,0.25
Lewis_50,oh no1051,iter,1,0.25
Lewis_50,oh no1054,iter,1,0.25
Lewis_50,oh no1055,iter,1,0.25
Lewis_50,oh no1057,iter,1,0.25
Lewis_50,oh no1058,iter,1,0.25
Lewis_50,oh no1059,iter,1,0.25
Lewis_50,uh-oh1065,iter,1,0.25
Lewis_50,uh-oh1066,iter,1,0.25
Lewis_50,uh-oh1071,iter,1,0.25
Lewis_50,uh-oh1073,iter,1,0.25
Lewis_50,uh-oh1075,iter,1,0.25
Lewis_51,all gone1456,iter,1,0.25
Lewis_51,all gone1458,iter,1,0.25
Lewis_52,all gone1456,iter,1,0.25
Lewis_52,all gone1457,iter,1,0.25
Lewis_52,all gone1458,iter,1,0.25
Lewis_53,all gone1454,iter,1,0.25
Lewis_53,all gone1456,iter,1,0.25
Lewis_53,all gone1459,iter,1,0.25
Lewis_54,ladder175,iter,1,0.25
Lewis_54,oh no1048,iter,1,0.25
Lewis_54,oh no1049,iter,1,0.25
Lewis_54,oh no1051,iter,1,0.25
Lewis_54,oh no1052,iter,1,0.25
Lewis_54,oh no1053,iter,1,0.25
Lewis_54,oh no1059,iter,1,0.25
Lewis_54,oh no1061,iter,1,0.25
Lewis_54,oh no1062,iter,1,0.25
Lewis_54,uh-oh1066,iter,1,0.25
Lewis_54,uh-oh1067,iter,1,0.25
Lewis_54,uh-oh1069,iter,1,0.25
Lewis_54,uh-oh1072,iter,1,0.25
Lewis_54,uh-oh1074,iter,1,0.25
Lewis_54,uh-oh1075,iter,1,0.25
Lewis_55,oh no1049,iter,1,0.25
Lewis_55,oh no1053,iter,1,0.25
Lewis_55,oh no1054,iter,1,0.25
Lewis_55,oh no1055,iter,1,0.25
Lewis_55,oh no1056,iter,1,0.25
Lewis_55,oh no1057,iter,1,0.25
Lewis_55,oh no1058,iter,1,0.25
Lewis_55,oh no1061,iter,1,0.25
Lewis_55,uh-oh1065,iter,1,0.25
Lewis_55,uh-oh1071,iter,1,0.25
Lewis_55,uh-oh1073,iter,1,0.25
Lewis_55,uh-oh1074,iter,1,0.25
Lewis_56,apple1047,iter,1,0.25
Lewis_56,oh no1049,iter,1,0.25
Lewis_56,oh no1052,iter,1,0.25
Lewis_56,oh no1053,iter,1,0.25
Lewis_56,oh no1058,iter,1,0.25
Lewis_56,oh no1060,iter,1,0.25
Lewis_56,oh no1063,iter,1,0.25
Lewis_56,uh-oh1065,iter,1,0.25
Lewis_56,uh-oh1068,iter,1,0.25
Lewis_56,uh-oh1070,iter,1,0.25
Lewis_56,uh-oh1071,iter,1,0.25
Lewis_57,all gone1457,iter,1,0.25
Lewis_57,all gone1459,iter,1,0.25
Lewis_57,all gone1460,iter,1,0.25
Lewis_58,choo-choo178,iter,1,0.25
Lewis_58,choo-choo179,iter,1,0.25
Lewis_58,choo-choo180,iter,1,0.25
Lewis_59,choo-choo176,iter,1,0.25
Lewis_59,choo-choo178,iter,1,0.25
Lewis_59,choo-choo179,iter,1,0.25
Lewis_59,choo-choo180,iter,1,0.25
Lewis_6,apple1047,iter,1,0.25
Lewis_6,circle171,iter,1,0.25
Lewis_60,circle174,iter,1,0.25
Lewis_61,oh no1049,iter,1,0.25
Lewis_61,oh no1054,iter,1,0.25
Lewis_61,oh no1058,iter,1,0.25
Lewis_61,oh no1061,iter,1,0.25
Lewis_61,oh no1062,iter,1,0.25
Lewis_61,oh no1063,iter,1,0.25
Lewis_61,uh-oh1065,iter,1,0.25
Lewis_61,uh-oh1066,iter,1,0.25
Lewis_61,uh-oh1067,iter,1,0.25
Lewis_61,uh-oh1068,iter,1,0.25
Lewis_61,uh-oh1071,iter,1,0.25
Lewis_62,ladder175,iter,1,0.25
Lewis_62,oh no1048,iter,1,0.25
Lewis_62,oh no1050,iter,1,0.25
Lewis_62,oh no1052,iter,1,0.25
Lewis_62,oh no1055,iter,1,0.25
Lewis_62,oh no1059,iter,1,0.25
Lewis_62,oh no1060,iter,1,0.25
Lewis_62,uh-oh1068,iter,1,0.25
Lewis_62,uh-oh1069,iter,1,0.25
Lewis_62,uh-oh1070,iter,1,0.25
Lewis_62,uh-oh1072,iter,1,0.25
Lewis_62,uh-oh1073,iter,1,0.25
Lewis_63,ladder175,iter,1,0.25
Lewis_63,oh no1050,iter,1,0.25
Lewis_63,oh no1051,iter,1,0.25
Lewis_63,oh no1054,iter,1,0.25
Lewis_63,oh no1055,iter,1,0.25
Lewis_63,oh no1057,iter,1,0.25
Lewis_63,oh no1060,iter,1,0.25
Lewis_63,oh no1062,iter,1,0.25
Lewis_63,uh-oh1065,iter,1,0.25
Lewis_63,uh-oh1067,iter,1,0.25
Lewis_63,uh-oh1073,iter,1,0.25
Lewis_63,uh-oh1075,iter,1,0.25
Lewis_64,oh no1051,iter,1,0.25
Lewis_64,oh no1052,iter,1,0.25
Lewis_64,oh no1057,iter,1,0.25
Lewis_64,oh no1060,iter,1,0.25
Lewis_64,oh no1061,iter,1,0.25
Lewis_64,oh no1063,iter,1,0.25
Lewis_64,uh-oh1064,iter,1,0.25
Lewis_64,uh-oh1065,iter,1,0.25
Lewis_64,uh-oh1069,iter,1,0.25
Lewis_64,uh-oh1070,iter,1,0.25
Lewis_64,uh-oh1071,iter,1,0.25
Lewis_64,uh-oh1072,iter,1,0.25
Lewis_64,uh-oh1073,iter,1,0.25
Lewis_64,uh-oh1075,iter,1,0.25
Lewis_65,ladder175,iter,1,0.25
Lewis_65,oh no1048,iter,1,0.25
Lewis_65,oh no1055,iter,1,0.25
Lewis_65,oh no1056,iter,1,0.25
Lewis_65,oh no1060,iter,1,0.25
Lewis_65,uh-oh1064,iter,1,0.25
Lewis_65,uh-oh1069,iter,1,0.25
Lewis_65,uh-oh1075,iter,1,0.25
Lewis_66,apple1047,iter,1,0.25
Lewis_66,oh no1050,iter,1,0.25
Lewis_66,oh no1051,iter,1,0.25
Lewis_66,oh no1053,iter,1,0.25
Lewis_66,oh no1057,iter,1,0.25
Lewis_66,oh no1060,iter,1,0.25
Lewis_66,oh no1062,iter,1,0.25
Lewis_66,uh-oh1066,iter,1,0.25
Lewis_66,uh-oh1069,iter,1,0.25
Lewis_66,uh-oh1070,iter,1,0.25
Lewis_66,uh-oh1071,iter,1,0.25
Lewis_66,uh-oh1073,iter,1,0.25
Lewis_67,apple1047,iter,1,0.25
Lewis_67,circle171,iter,1,0.25
Lewis_67,circle172,iter,1,0.25
Lewis_67,circle173,iter,1,0.25
Lewis_67,uh-oh1064,iter,1,0.25
Lewis_67,uh-oh1067,iter,1,0.25
Lewis_67,uh-oh1069,iter,1,0.25
Lewis_67,uh-oh1070,iter,1,0.25
Lewis_67,uh-oh1071,iter,1,0.25
Lewis_69,oh no1049,iter,1,0.25
Lewis_69,oh no1052,iter,1,0.25
Lewis_69,oh no1053,iter,1,0.25
Lewis_69,oh no1058,iter,1,0.25
Lewis_69,oh no1063,iter,1,0.25
Lewis_69,uh-oh1064,iter,1,0.25
Lewis_69,uh-oh1065,iter,1,0.25
Lewis_69,uh-oh1067,iter,1,0.25
Lewis_69,uh-oh1069,iter,1,0.25
Lewis_69,uh-oh1070,iter,1,0.25
Lewis_69,uh-oh1072,iter,1,0.25
Lewis_69,uh-oh1073,iter,1,0.25
Lewis_7,oh no1048,iter,1,0.25
Lewis_7,oh no1050,iter,1,0.25
Lewis_7,oh no1058,iter,1,0.25
Lewis_7,oh no1061,iter,1,0.25
Lewis_7,uh-oh1065,iter,1,0.25
Lewis_7,uh-oh1066,iter,1,0.25
Lewis_7,uh-oh1067,iter,1,0.25
Lewis_7,uh-oh1069,iter,1,0.25
Lewis_7,uh-oh1071,iter,1,0.25
Lewis_7,uh-oh1073,iter,1,0.25
Lewis_7,uh-oh1074,iter,1,0.25
Lewis_70,all gone1454,iter,1,0.25
Lewis_70,all gone1456,iter,1,0.25
Lewis_70,all gone1459,iter,1,0.25
Lewis_70,all gone1461,iter,1,0.25
Lewis_71,circle172,iter,1,0.25
Lewis_71,circle173,iter,1,0.25
Lewis_71,circle174,iter,1,0.25
Lewis_72,all gone1456,iter,1,0.25
Lewis_72,all gone1458,iter,1,0.25
Lewis_72,all gone1459,iter,1,0.25
Lewis_72,all gone1460,iter,1,0.25
Lewis_74,ladder175,iter,1,0.25
Lewis_74,oh no1048,iter,1,0.25
Lewis_74,oh no1052,iter,1,0.25
Lewis_74,oh no1055,iter,1,0.25
Lewis_74,oh no1056,iter,1,0.25
Lewis_74,oh no1057,iter,1,0.25
Lewis_74,oh no1063,iter,1,0.25
Lewis_74,uh-oh1064,iter,1,0.25
Lewis_74,uh-oh1067,iter,1,0.25
Lewis_74,uh-oh1071,iter,1,0.25
Lewis_74,uh-oh1075,iter,1,0.25
Lewis_75,all gone1459,iter,1,0.25
Lewis_75,all gone1460,iter,1,0.25
Lewis_76,apple1047,iter,1,0.25
Lewis_76,ladder175,iter,1,0.25
Lewis_76,oh no1048,iter,1,0.25
Lewis_76,oh no1053,iter,1,0.25
Lewis_76,oh no1057,iter,1,0.25
Lewis_76,oh no1060,iter,1,0.25
Lewis_76,oh no1062,iter,1,0.25
Lewis_76,uh-oh1064,iter,1,0.25
Lewis_76,uh-oh1065,iter,1,0.25
Lewis_76,uh-oh1067,iter,1,0.25
Lewis_77,oh no1050,iter,1,0.25
Lewis_77,oh no1051,iter,1,0.25
Lewis_77,oh no1062,iter,1,0.25
Lewis_77,oh no1063,iter,1,0.25
Lewis_77,uh-oh1065,iter,1,0.25
Lewis_77,uh-oh1069,iter,1,0.25
Lewis_77,uh-oh1072,iter,1,0.25
Lewis_77,uh-oh1074,iter,1,0.25
Lewis_78,oh no1048,iter,1,0.25
Lewis_78,oh no1052,iter,1,0.25
Lewis_78,oh no1053,iter,1,0.25
Lewis_78,oh no1055,iter,1,0.25
Lewis_78,oh no1057,iter,1,0.25
Lewis_78,oh no1058,iter,1,0.25
Lewis_78,oh no1062,iter,1,0.25
Lewis_78,uh-oh1066,iter,1,0.25
Lewis_78,uh-oh1070,iter,1,0.25
Lewis_78,uh-oh1071,iter,1,0.25
Lewis_78,uh-oh1072,iter,1,0.25
Lewis_78,uh-oh1073,iter,1,0.25
Lewis_79,ladder175,iter,1,0.25
Lewis_79,oh no1048,iter,1,0.25
Lewis_79,oh no1049,iter,1,0.25
Lewis_79,oh no1050,iter,1,0.25
Lewis_79,oh no1052,iter,1,0.25
Lewis_79,oh no1060,iter,1,0.25
Lewis_79,oh no1061,iter,1,0.25
Lewis_79,oh no1062,iter,1,0.25
Lewis_79,oh no1063,iter,1,0.25
Lewis_79,uh-oh1064,iter,1,0.25
Lewis_79,uh-oh1072,iter,1,0.25
Lewis_79,uh-oh1074,iter,1,0.25
Lewis_8,choo-choo178,iter,1,0.25
Lewis_80,oh no1054,iter,1,0.25
Lewis_80,oh no1056,iter,1,0.25
Lewis_80,oh no1061,iter,1,0.25
Lewis_80,oh no1062,iter,1,0.25
Lewis_80,uh-oh1064,iter,1,0.25
Lewis_80,uh-oh1065,iter,1,0.25
Lewis_80,uh-oh1070,iter,1,0.25
Lewis_80,uh-oh1073,iter,1,0.25
Lewis_80,uh-oh1075,iter,1,0.25
Lewis_81,ladder175,iter,1,0.25
Lewis_81,oh no1055,iter,1,0.25
Lewis_81,oh no1059,iter,1,0.25
Lewis_81,oh no1063,iter,1,0.25
Lewis_81,uh-oh1064,iter,1,0.25
Lewis_81,uh-oh1069,iter,1,0.25
Lewis_81,uh-oh1073,iter,1,0.25
Lewis_82,oh no1048,iter,1,0.25
Lewis_82,oh no1053,iter,1,0.25
Lewis_82,oh no1054,iter,1,0.25
Lewis_82,oh no1055,iter,1,0.25
Lewis_82,oh no1059,iter,1,0.25
Lewis_82,uh-oh1072,iter,1,0.25
Lewis_83,apple1047,iter,1,0.25
Lewis_83,circle172,iter,1,0.25
Lewis_83,circle174,iter,1,0.25
Lewis_84,oh no1048,iter,1,0.25
Lewis_84,oh no1049,iter,1,0.25
Lewis_84,oh no1051,iter,1,0.25
Lewis_84,oh no1056,iter,1,0.25
Lewis_84,oh no1057,iter,1,0.25
Lewis_84,oh no1061,iter,1,0.25
Lewis_84,oh no1062,iter,1,0.25
Lewis_84,oh no1063,iter,1,0.25
Lewis_84,uh-oh1066,iter,1,0.25
Lewis_84,uh-oh1070,iter,1,0.25
Lewis_85,apple1047,iter,1,0.25
Lewis_85,oh no1048,iter,1,0.25
Lewis_85,oh no1053,iter,1,0.25
Lewis_85,oh no1055,iter,1,0.25
Lewis_85,oh no1057,iter,1,0.25
Lewis_85,oh no1059,iter,1,0.25
Lewis_85,oh no1061,iter,1,0.25
Lewis_85,oh no1063,iter,1,0.25
Lewis_85,uh-oh1064,iter,1,0.25
Lewis_85,uh-oh1066,iter,1,0.25
Lewis_85,uh-oh1070,iter,1,0.25
Lewis_85,uh-oh1075,iter,1,0.25
Lewis_86,all gone1454,iter,1,0.25
Lewis_86,all gone1458,iter,1,0.25
Lewis_86,all gone1461,iter,1,0.25
Lewis_87,all gone1454,iter,1,0.25
Lewis_87,all gone1458,iter,1,0.25
Lewis_88,oh no1052,iter,1,0.25
Lewis_88,oh no1053,iter,1,0.25
Lewis_88,oh no1059,iter,1,0.25
Lewis_88,oh no1060,iter,1,0.25
Lewis_88,oh no1063,iter,1,0.25
Lewis_88,uh-oh1065,iter,1,0.25
Lewis_88,uh-oh1070,iter,1,0.25
Lewis_88,uh-oh1071,iter,1,0.25
Lewis_89,oh no1049,iter,1,0.25
Lewis_89,oh no1050,iter,1,0.25
Lewis_89,oh no1051,iter,1,0.25
Lewis_89,oh no1054,iter,1,0.25
Lewis_89,oh no1055,iter,1,0.25
Lewis_89,oh no1058,iter,1,0.25
Lewis_89,oh no1060,iter,1,0.25
Lewis_89,oh no1061,iter,1,0.25
Lewis_89,oh no1062,iter,1,0.25
Lewis_89,oh no1063,iter,1,0.25
Lewis_89,uh-oh1069,iter,1,0.25
Lewis_89,uh-oh1070,iter,1,0.25
Lewis_89,uh-oh1072,iter,1,0.25
Lewis_9,all gone1460,iter,1,0.25
Lewis_90,apple1047,iter,1,0.25
Lewis_91,all gone1455,iter,1,0.25
Lewis_91,all gone1456,iter,1,0.25
Lewis_92,all gone1455,iter,1,0.25
Lewis_92,all gone1456,iter,1,0.25
Lewis_92,all gone1457,iter,1,0.25
Lewis_92,all gone1460,iter,1,0.25
Lewis_93,apple1047,iter,1,0.25
Lewis_93,circle172,iter,1,0.25
Lewis_93,circle174,iter,1,0.25
Lewis_93,uh-oh1067,iter,1,0.25
Lewis_93,uh-oh1070,iter,1,0.25
Lewis_93,uh-oh1072,iter,1,0.25
Lewis_93,uh-oh1073,iter,1,0.25
Lewis_93,uh-oh1074,iter,1,0.25
Lewis_94,all gone1454,iter,1,0.25
Lewis_94,all gone1458,iter,1,0.25
Lewis_94,all gone1461,iter,1,0.25
Lewis_95,choo-choo178,iter,1,0.25
Lewis_95,choo-choo179,iter,1,0.25
Lewis_96,apple1047,iter,1,0.25
Lewis_96,ladder175,iter,1,0.25
Lewis_96,oh no1048,iter,1,0.25
Lewis_96,oh no1049,iter,1,0.25
Lewis_96,oh no1050,iter,1,0.25
Lewis_96,oh no1054,iter,1,0.25
Lewis_96,oh no1059,iter,1,0.25
Lewis_96,oh no1061,iter,1,0.25
Lewis_96,oh no1062,iter,1,0.25
Lewis_96,uh-oh1064,iter,1,0.25
Lewis_96,uh-oh1068,iter,1,0.25
Lewis_96,uh-oh1069,iter,1,0.25
Lewis_96,uh-oh1070,iter,1,0.25
Lewis_96,uh-oh1071,iter,1,0.25
Lewis_97,ladder175,iter,1,0.25
Lewis_97,oh no1051,iter,1,0.25
Lewis_97,oh no1052,iter,1,0.25
Lewis_97,oh no1053,iter,1,0.25
Lewis_97,oh no1054,iter,1,0.25
Lewis_97,oh no1056,iter,1,0.25
Lewis_97,oh no1062,iter,1,0.25
Lewis_97,uh-oh1064,iter,1,0.25
Lewis_97,uh-oh1069,iter,1,0.25
Lewis_97,uh-oh1073,iter,1,0.25
Lewis_98,choo-choo178,iter,1,0.25
Lewis_99,apple1047,iter,1,0.25
Lewis_99,oh no1048,iter,1,0.25
Lewis_99,oh no1050,iter,1,0.25
Lewis_99,oh no1051,iter,1,0.25
Lewis_99,oh no1052,iter,1,0.25
Lewis_99,oh no1056,iter,1,0.25
Lewis_99,oh no1061,iter,1,0.25
Lewis_99,oh no1062,iter,1,0.25
Lewis_99,uh-oh1065,iter,1,0.25
Lewis_99,uh-oh1068,iter,1,0.25
Lewis_99,uh-oh1069,iter,1,0.25
Mira_1,Muumi/Moomin325,iter,1,0.25
Mira_1,Muumi/Moomin326,iter,1,0.25
Mira_1,Muumi/Moomin330,iter,1,0.25
Mira_1,Muumi/Moomin334,iter,1,0.25
Mira_1,Muumi/Moomin335,iter,1,0.25
Mira_1,juna315,iter,1,0.25
Mira_1,nenä338,iter,1,0.25
Mira_10,Muumi/Moomin326,iter,1,0.25
Mira_10,Muumi/Moomin328,iter,1,0.25
Mira_10,Muumi/Moomin334,iter,1,0.25
Mira_10,juna315,iter,1,0.25
Mira_10,luumu323,iter,1,0.25
Mira_10,napa336,iter,1,0.25
Mira_10,paapaa339,iter,1,0.25
Mira_100,kaataa316,iter,1,0.25
Mira_100,kaataa317,iter,1,0.25
Mira_11,kaataa316,iter,1,0.25
Mira_11,kaataa317,iter,1,0.25
Mira_11,tonttu1610,iter,1,0.25
Mira_11,tonttu1611,iter,1,0.25
Mira_11,tyttö1615,iter,1,0.25
Mira_11,tyyny342,iter,1,0.25
Mira_12,Muumi/Moomin327,iter,1,0.25
Mira_12,Muumi/Moomin328,iter,1,0.25
Mira_12,Muumi/Moomin331,iter,1,0.25
Mira_12,Muumi/Moomin333,iter,1,0.25
Mira_12,mummu1606,iter,1,0.25
Mira_12,napa337,iter,1,0.25
Mira_13,Muumi/Moomin325,iter,1,0.25
Mira_13,Muumi/Moomin326,iter,1,0.25
Mira_13,Muumi/Moomin327,iter,1,0.25
Mira_13,Muumi/Moomin331,iter,1,0.25
Mira_13,Muumi/Moomin332,iter,1,0.25
Mira_13,Muumi/Moomin334,iter,1,0.25
Mira_13,Muumi/Moomin335,iter,1,0.25
Mira_13,juna315,iter,1,0.25
Mira_13,luumu324,iter,1,0.25
Mira_13,mummu1606,iter,1,0.25
Mira_13,paapaa339,iter,1,0.25
Mira_14,Muumi/Moomin325,iter,1,0.25
Mira_14,Muumi/Moomin327,iter,1,0.25
Mira_14,Muumi/Moomin328,iter,1,0.25
Mira_14,Muumi/Moomin332,iter,1,0.25
Mira_14,Muumi/Moomin333,iter,1,0.25
Mira_14,Muumi/Moomin335,iter,1,0.25
Mira_14,juna315,iter,1,0.25
Mira_14,luumu324,iter,1,0.25
Mira_14,mummu1606,iter,1,0.25
Mira_14,napa337,iter,1,0.25
Mira_14,nenä338,iter,1,0.25
Mira_14,paapaa339,iter,1,0.25
Mira_15,Muumi/Moomin330,iter,1,0.25
Mira_15,Muumi/Moomin334,iter,1,0.25
Mira_15,Muumi/Moomin335,iter,1,0.25
Mira_15,kaataa317,iter,1,0.25
Mira_16,Muumi/Moomin327,iter,1,0.25
Mira_16,Muumi/Moomin329,iter,1,0.25
Mira_16,Muumi/Moomin330,iter,1,0.25
Mira_16,Muumi/Moomin331,iter,1,0.25
Mira_16,Muumi/Moomin333,iter,1,0.25
Mira_16,juna315,iter,1,0.25
Mira_16,luumu324,iter,1,0.25
Mira_16,mummu1606,iter,1,0.25
Mira_17,Muumi/Moomin326,iter,1,0.25
Mira_17,Muumi/Moomin333,iter,1,0.25
Mira_17,Muumi/Moomin335,iter,1,0.25
Mira_17,juna315,iter,1,0.25
Mira_17,kaataa317,iter,1,0.25
Mira_17,kala318,iter,1,0.25
Mira_17,kala319,iter,1,0.25
Mira_17,kenkä321,iter,1,0.25
Mira_17,lintu322,iter,1,0.25
Mira_17,napa336,iter,1,0.25
Mira_17,nenä338,iter,1,0.25
Mira_18,Muumi/Moomin325,iter,1,0.25
Mira_18,Muumi/Moomin331,iter,1,0.25
Mira_18,Muumi/Moomin332,iter,1,0.25
Mira_18,Muumi/Moomin335,iter,1,0.25
Mira_18,luumu324,iter,1,0.25
Mira_18,mummu1606,iter,1,0.25
Mira_18,napa337,iter,1,0.25
Mira_18,paapaa339,iter,1,0.25
Mira_19,Muumi/Moomin325,iter,1,0.25
Mira_19,Muumi/Moomin327,iter,1,0.25
Mira_19,Muumi/Moomin330,iter,1,0.25
Mira_19,Muumi/Moomin331,iter,1,0.25
Mira_19,Muumi/Moomin334,iter,1,0.25
Mira_19,Muumi/Moomin335,iter,1,0.25
Mira_19,luumu323,iter,1,0.25
Mira_19,mummu1606,iter,1,0.25
Mira_19,napa336,iter,1,0.25
Mira_19,napa337,iter,1,0.25
Mira_19,paapaa339,iter,1,0.25
Mira_2,Muumi/Moomin325,iter,1,0.25
Mira_2,Muumi/Moomin327,iter,1,0.25
Mira_2,Muumi/Moomin335,iter,1,0.25
Mira_2,luumu323,iter,1,0.25
Mira_2,mummu1606,iter,1,0.25
Mira_2,napa336,iter,1,0.25
Mira_2,napa337,iter,1,0.25
Mira_2,tyyny342,iter,1,0.25
Mira_20,kaataa317,iter,1,0.25
Mira_20,setä341,iter,1,0.25
Mira_20,tyttö1613,iter,1,0.25
Mira_20,tyttö1615,iter,1,0.25
Mira_21,Muumi/Moomin325,iter,1,0.25
Mira_21,Muumi/Moomin334,iter,1,0.25
Mira_21,juna315,iter,1,0.25
Mira_21,loppu1605,iter,1,0.25
Mira_21,luumu323,iter,1,0.25
Mira_21,luumu324,iter,1,0.25
Mira_22,kaataa317,iter,1,0.25
Mira_22,setä341,iter,1,0.25
Mira_22,tyttö1615,iter,1,0.25
Mira_22,tyyny342,iter,1,0.25
Mira_22,täällä1609,iter,1,0.25
Mira_23,tonttu1610,iter,1,0.25
Mira_23,tonttu1611,iter,1,0.25
Mira_23,tyttö1616,iter,1,0.25
Mira_24,setä341,iter,1,0.25
Mira_24,tonttu1610,iter,1,0.25
Mira_24,tonttu1612,iter,1,0.25
Mira_24,tyttö1614,iter,1,0.25
Mira_24,tyttö1615,iter,1,0.25
Mira_25,luumu323,iter,1,0.25
Mira_25,luumu324,iter,1,0.25
Mira_26,häntä310,iter,1,0.25
Mira_26,häntä312,iter,1,0.25
Mira_26,kenkä320,iter,1,0.25
Mira_27,Muumi/Moomin325,iter,1,0.25
Mira_27,Muumi/Moomin326,iter,1,0.25
Mira_27,Muumi/Moomin328,iter,1,0.25
Mira_27,Muumi/Moomin329,iter,1,0.25
Mira_27,Muumi/Moomin334,iter,1,0.25
Mira_27,Muumi/Moomin335,iter,1,0.25
Mira_27,juna315,iter,1,0.25
Mira_27,napa337,iter,1,0.25
Mira_27,nenä338,iter,1,0.25
Mira_28,tonttu1610,iter,1,0.25
Mira_28,tonttu1612,iter,1,0.25
Mira_28,tyttö1616,iter,1,0.25
Mira_29,jalka313,iter,1,0.25
Mira_29,jalka314,iter,1,0.25
Mira_29,juna315,iter,1,0.25
Mira_29,kala318,iter,1,0.25
Mira_29,kala319,iter,1,0.25
Mira_29,kenkä321,iter,1,0.25
Mira_3,Muumi/Moomin325,iter,1,0.25
Mira_3,Muumi/Moomin330,iter,1,0.25
Mira_3,Muumi/Moomin334,iter,1,0.25
Mira_3,Muumi/Moomin335,iter,1,0.25
Mira_30,Muumi/Moomin330,iter,1,0.25
Mira_30,Muumi/Moomin331,iter,1,0.25
Mira_30,nenä338,iter,1,0.25
Mira_31,loppu1605,iter,1,0.25
Mira_31,napa336,iter,1,0.25
Mira_31,napa337,iter,1,0.25
Mira_32,tonttu1612,iter,1,0.25
Mira_32,tyttö1613,iter,1,0.25
Mira_32,tyttö1615,iter,1,0.25
Mira_33,juna315,iter,1,0.25
Mira_33,kala319,iter,1,0.25
Mira_33,lintu322,iter,1,0.25
Mira_33,luumu323,iter,1,0.25
Mira_33,luumu324,iter,1,0.25
Mira_33,nenä338,iter,1,0.25
Mira_33,tyyny343,iter,1,0.25
Mira_33,täällä1609,iter,1,0.25
Mira_34,Muumi/Moomin326,iter,1,0.25
Mira_34,Muumi/Moomin331,iter,1,0.25
Mira_34,Muumi/Moomin332,iter,1,0.25
Mira_34,juna315,iter,1,0.25
Mira_34,luumu323,iter,1,0.25
Mira_34,napa336,iter,1,0.25
Mira_34,napa337,iter,1,0.25
Mira_35,Muumi/Moomin325,iter,1,0.25
Mira_35,Muumi/Moomin328,iter,1,0.25
Mira_35,Muumi/Moomin329,iter,1,0.25
Mira_35,Muumi/Moomin330,iter,1,0.25
Mira_35,Muumi/Moomin331,iter,1,0.25
Mira_35,luumu324,iter,1,0.25
Mira_35,mummu1606,iter,1,0.25
Mira_35,napa336,iter,1,0.25
Mira_36,häntä310,iter,1,0.25
Mira_36,jalka313,iter,1,0.25
Mira_36,jalka314,iter,1,0.25
Mira_36,kaataa317,iter,1,0.25
Mira_36,kenkä321,iter,1,0.25
Mira_36,tyyny343,iter,1,0.25
Mira_37,Muumi/Moomin327,iter,1,0.25
Mira_37,Muumi/Moomin328,iter,1,0.25
Mira_37,Muumi/Moomin330,iter,1,0.25
Mira_37,Muumi/Moomin331,iter,1,0.25
Mira_37,Muumi/Moomin333,iter,1,0.25
Mira_37,Muumi/Moomin335,iter,1,0.25
Mira_37,kaataa317,iter,1,0.25
Mira_37,paapaa339,iter,1,0.25
Mira_37,setä341,iter,1,0.25
Mira_38,Muumi/Moomin325,iter,1,0.25
Mira_38,Muumi/Moomin331,iter,1,0.25
Mira_38,Muumi/Moomin334,iter,1,0.25
Mira_38,Muumi/Moomin335,iter,1,0.25
Mira_38,luumu324,iter,1,0.25
Mira_38,napa336,iter,1,0.25
Mira_38,nenä338,iter,1,0.25
Mira_39,häntä310,iter,1,0.25
Mira_39,häntä312,iter,1,0.25
Mira_39,luumu323,iter,1,0.25
Mira_39,luumu324,iter,1,0.25
Mira_39,nenä338,iter,1,0.25
Mira_4,tonttu1610,iter,1,0.25
Mira_4,tonttu1611,iter,1,0.25
Mira_4,tyttö1613,iter,1,0.25
Mira_4,tyttö1614,iter,1,0.25
Mira_40,juna315,iter,1,0.25
Mira_40,kala318,iter,1,0.25
Mira_40,kenkä320,iter,1,0.25
Mira_40,paapaa339,iter,1,0.25
Mira_40,setä341,iter,1,0.25
Mira_40,tyttö1615,iter,1,0.25
Mira_41,tyttö1613,iter,1,0.25
Mira_42,luumu323,iter,1,0.25
Mira_43,Muumi/Moomin326,iter,1,0.25
Mira_43,Muumi/Moomin330,iter,1,0.25
Mira_43,juna315,iter,1,0.25
Mira_43,napa336,iter,1,0.25
Mira_43,nenä338,iter,1,0.25
Mira_44,Muumi/Moomin325,iter,1,0.25
Mira_44,Muumi/Moomin326,iter,1,0.25
Mira_44,Muumi/Moomin327,iter,1,0.25
Mira_44,Muumi/Moomin328,iter,1,0.25
Mira_44,Muumi/Moomin330,iter,1,0.25
Mira_44,Muumi/Moomin331,iter,1,0.25
Mira_44,Muumi/Moomin334,iter,1,0.25
Mira_44,luumu323,iter,1,0.25
Mira_44,napa336,iter,1,0.25
Mira_45,häntä312,iter,1,0.25
Mira_45,jalka314,iter,1,0.25
Mira_45,kaataa317,iter,1,0.25
Mira_45,kala318,iter,1,0.25
Mira_45,kenkä320,iter,1,0.25
Mira_45,tyyny343,iter,1,0.25
Mira_46,Muumi/Moomin330,iter,1,0.25
Mira_46,Muumi/Moomin331,iter,1,0.25
Mira_46,lintu322,iter,1,0.25
Mira_46,luumu324,iter,1,0.25
Mira_46,napa336,iter,1,0.25
Mira_46,napa337,iter,1,0.25
Mira_46,nenä338,iter,1,0.25
Mira_47,tyttö1614,iter,1,0.25
Mira_47,tyttö1615,iter,1,0.25
Mira_48,tyyny342,iter,1,0.25
Mira_48,tyyny343,iter,1,0.25
Mira_49,kala318,iter,1,0.25
Mira_49,kala319,iter,1,0.25
Mira_49,nalle1607,iter,1,0.25
Mira_49,pelle1608,iter,1,0.25
Mira_49,täällä1609,iter,1,0.25
Mira_5,Muumi/Moomin326,iter,1,0.25
Mira_5,Muumi/Moomin327,iter,1,0.25
Mira_5,Muumi/Moomin328,iter,1,0.25
Mira_5,Muumi/Moomin334,iter,1,0.25
Mira_5,Muumi/Moomin335,iter,1,0.25
Mira_5,napa337,iter,1,0.25
Mira_50,juna315,iter,1,0.25
Mira_50,kala318,iter,1,0.25
Mira_50,kenkä320,iter,1,0.25
Mira_51,Muumi/Moomin325,iter,1,0.25
Mira_51,Muumi/Moomin329,iter,1,0.25
Mira_51,Muumi/Moomin332,iter,1,0.25
Mira_51,juna315,iter,1,0.25
Mira_51,loppu1605,iter,1,0.25
Mira_51,luumu324,iter,1,0.25
Mira_51,napa336,iter,1,0.25
Mira_51,nenä338,iter,1,0.25
Mira_51,tyyny342,iter,1,0.25
Mira_51,tyyny343,iter,1,0.25
Mira_52,Muumi/Moomin328,iter,1,0.25
Mira_52,Muumi/Moomin331,iter,1,0.25
Mira_52,Muumi/Moomin334,iter,1,0.25
Mira_52,luumu324,iter,1,0.25
Mira_52,mummu1606,iter,1,0.25
Mira_52,napa336,iter,1,0.25
Mira_52,paapaa339,iter,1,0.25
Mira_53,Muumi/Moomin328,iter,1,0.25
Mira_53,Muumi/Moomin331,iter,1,0.25
Mira_53,Muumi/Moomin334,iter,1,0.25
Mira_53,juna315,iter,1,0.25
Mira_53,luumu324,iter,1,0.25
Mira_53,napa336,iter,1,0.25
Mira_53,napa337,iter,1,0.25
Mira_53,paapaa339,iter,1,0.25
Mira_54,kaataa317,iter,1,0.25
Mira_55,kaataa316,iter,1,0.25
Mira_55,kaataa317,iter,1,0.25
Mira_55,tonttu1610,iter,1,0.25
Mira_55,tyttö1614,iter,1,0.25
Mira_56,tonttu1610,iter,1,0.25
Mira_56,tonttu1612,iter,1,0.25
Mira_56,tyttö1616,iter,1,0.25
Mira_57,Muumi/Moomin325,iter,1,0.25
Mira_57,Muumi/Moomin326,iter,1,0.25
Mira_57,Muumi/Moomin327,iter,1,0.25
Mira_57,Muumi/Moomin329,iter,1,0.25
Mira_57,Muumi/Moomin331,iter,1,0.25
Mira_57,Muumi/Moomin332,iter,1,0.25
Mira_57,luumu323,iter,1,0.25
Mira_57,nenä338,iter,1,0.25
Mira_57,setä341,iter,1,0.25
Mira_57,tyyny342,iter,1,0.25
Mira_57,tyyny343,iter,1,0.25
Mira_58,Muumi/Moomin326,iter,1,0.25
Mira_58,Muumi/Moomin327,iter,1,0.25
Mira_58,Muumi/Moomin328,iter,1,0.25
Mira_58,Muumi/Moomin329,iter,1,0.25
Mira_58,Muumi/Moomin330,iter,1,0.25
Mira_58,Muumi/Moomin332,iter,1,0.25
Mira_58,Muumi/Moomin335,iter,1,0.25
Mira_58,juna315,iter,1,0.25
Mira_58,napa336,iter,1,0.25
Mira_58,napa337,iter,1,0.25
Mira_59,Muumi/Moomin327,iter,1,0.25
Mira_59,Muumi/Moomin330,iter,1,0.25
Mira_59,Muumi/Moomin331,iter,1,0.25
Mira_59,Muumi/Moomin333,iter,1,0.25
Mira_59,Muumi/Moomin334,iter,1,0.25
Mira_59,Muumi/Moomin335,iter,1,0.25
Mira_59,juna315,iter,1,0.25
Mira_59,luumu324,iter,1,0.25
Mira_59,napa336,iter,1,0.25
Mira_59,nenä338,iter,1,0.25
Mira_6,nalle1607,iter,1,0.25
Mira_6,tyyny342,iter,1,0.25
Mira_6,tyyny343,iter,1,0.25
Mira_60,Muumi/Moomin326,iter,1,0.25
Mira_60,Muumi/Moomin327,iter,1,0.25
Mira_60,Muumi/Moomin328,iter,1,0.25
Mira_60,Muumi/Moomin334,iter,1,0.25
Mira_60,Muumi/Moomin335,iter,1,0.25
Mira_60,juna315,iter,1,0.25
Mira_60,mummu1606,iter,1,0.25
Mira_60,napa336,iter,1,0.25
Mira_60,napa337,iter,1,0.25
Mira_60,nenä338,iter,1,0.25
Mira_61,kenkä320,iter,1,0.25
Mira_61,kenkä321,iter,1,0.25
Mira_62,Muumi/Moomin325,iter,1,0.25
Mira_62,Muumi/Moomin326,iter,1,0.25
Mira_62,Muumi/Moomin329,iter,1,0.25
Mira_62,Muumi/Moomin334,iter,1,0.25
Mira_62,juna315,iter,1,0.25
Mira_62,lintu322,iter,1,0.25
Mira_62,nalle1607,iter,1,0.25
Mira_62,napa337,iter,1,0.25
Mira_62,nenä338,iter,1,0.25
Mira_62,setä341,iter,1,0.25
Mira_62,tyyny343,iter,1,0.25
Mira_63,kala319,iter,1,0.25
Mira_64,juna315,iter,1,0.25
Mira_64,kaataa316,iter,1,0.25
Mira_64,kaataa317,iter,1,0.25
Mira_64,kala319,iter,1,0.25
Mira_64,kenkä321,iter,1,0.25
Mira_64,lintu322,iter,1,0.25
Mira_64,tyttö1614,iter,1,0.25
Mira_64,tyyny343,iter,1,0.25
Mira_64,täällä1609,iter,1,0.25
Mira_65,Muumi/Moomin326,iter,1,0.25
Mira_65,Muumi/Moomin327,iter,1,0.25
Mira_65,Muumi/Moomin331,iter,1,0.25
Mira_65,Muumi/Moomin332,iter,1,0.25
Mira_65,juna315,iter,1,0.25
Mira_65,luumu323,iter,1,0.25
Mira_65,mummu1606,iter,1,0.25
Mira_65,paapaa339,iter,1,0.25
Mira_66,tonttu1611,iter,1,0.25
Mira_66,tyttö1613,iter,1,0.25
Mira_66,tyttö1615,iter,1,0.25
Mira_67,jalka314,iter,1,0.25
Mira_67,kenkä321,iter,1,0.25
Mira_67,tyyny342,iter,1,0.25
Mira_68,jalka314,iter,1,0.25
Mira_68,juna315,iter,1,0.25
Mira_68,kaataa316,iter,1,0.25
Mira_68,kaataa317,iter,1,0.25
Mira_68,kala318,iter,1,0.25
Mira_68,kenkä321,iter,1,0.25
Mira_68,pelle1608,iter,1,0.25
Mira_68,piiloon340,iter,1,0.25
Mira_68,tyyny343,iter,1,0.25
Mira_68,täällä1609,iter,1,0.25
Mira_69,tonttu1612,iter,1,0.25
Mira_69,tyttö1616,iter,1,0.25
Mira_7,Muumi/Moomin325,iter,1,0.25
Mira_7,Muumi/Moomin333,iter,1,0.25
Mira_7,Muumi/Moomin335,iter,1,0.25
Mira_7,luumu323,iter,1,0.25
Mira_7,luumu324,iter,1,0.25
Mira_7,mummu1606,iter,1,0.25
Mira_7,napa336,iter,1,0.25
Mira_7,napa337,iter,1,0.25
Mira_7,paapaa339,iter,1,0.25
Mira_70,Muumi/Moomin325,iter,1,0.25
Mira_70,Muumi/Moomin326,iter,1,0.25
Mira_70,Muumi/Moomin327,iter,1,0.25
Mira_70,Muumi/Moomin331,iter,1,0.25
Mira_70,luumu323,iter,1,0.25
Mira_70,luumu324,iter,1,0.25
Mira_71,Muumi/Moomin325,iter,1,0.25
Mira_71,Muumi/Moomin327,iter,1,0.25
Mira_71,Muumi/Moomin330,iter,1,0.25
Mira_71,Muumi/Moomin331,iter,1,0.25
Mira_71,luumu323,iter,1,0.25
Mira_71,napa336,iter,1,0.25
Mira_72,kala318,iter,1,0.25
Mira_72,täällä1609,iter,1,0.25
Mira_73,häntä312,iter,1,0.25
Mira_73,kenkä321,iter,1,0.25
Mira_73,lintu322,iter,1,0.25
Mira_74,Muumi/Moomin326,iter,1,0.25
Mira_74,Muumi/Moomin332,iter,1,0.25
Mira_74,Muumi/Moomin333,iter,1,0.25
Mira_74,Muumi/Moomin335,iter,1,0.25
Mira_74,kaataa317,iter,1,0.25
Mira_74,napa336,iter,1,0.25
Mira_74,napa337,iter,1,0.25
Mira_74,setä341,iter,1,0.25
Mira_75,tonttu1611,iter,1,0.25
Mira_75,tyttö1613,iter,1,0.25
Mira_75,tyyny343,iter,1,0.25
Mira_76,jalka314,iter,1,0.25
Mira_76,kaataa316,iter,1,0.25
Mira_76,kaataa317,iter,1,0.25
Mira_76,kala319,iter,1,0.25
Mira_76,tyyny342,iter,1,0.25
Mira_77,jalka313,iter,1,0.25
Mira_77,juna315,iter,1,0.25
Mira_77,kala319,iter,1,0.25
Mira_77,kenkä321,iter,1,0.25
Mira_78,jalka314,iter,1,0.25
Mira_78,kala319,iter,1,0.25
Mira_78,kenkä320,iter,1,0.25
Mira_78,nenä338,iter,1,0.25
Mira_78,tyyny342,iter,1,0.25
Mira_79,Muumi/Moomin326,iter,1,0.25
Mira_79,Muumi/Moomin328,iter,1,0.25
Mira_79,Muumi/Moomin329,iter,1,0.25
Mira_79,Muumi/Moomin330,iter,1,0.25
Mira_79,Muumi/Moomin331,iter,1,0.25
Mira_79,Muumi/Moomin335,iter,1,0.25
Mira_79,juna315,iter,1,0.25
Mira_79,luumu324,iter,1,0.25
Mira_79,napa336,iter,1,0.25
Mira_8,tonttu1610,iter,1,0.25
Mira_8,tyttö1613,iter,1,0.25
Mira_8,tyttö1616,iter,1,0.25
Mira_81,setä341,iter,1,0.25
Mira_81,tonttu1610,iter,1,0.25
Mira_81,tonttu1611,iter,1,0.25
Mira_81,tyttö1615,iter,1,0.25
Mira_81,tyttö1616,iter,1,0.25
Mira_81,täällä1609,iter,1,0.25
Mira_82,kala319,iter,1,0.25
Mira_82,pelle1608,iter,1,0.25
Mira_84,Muumi/Moomin325,iter,1,0.25
Mira_84,Muumi/Moomin326,iter,1,0.25
Mira_84,Muumi/Moomin327,iter,1,0.25
Mira_84,Muumi/Moomin329,iter,1,0.25
Mira_84,Muumi/Moomin332,iter,1,0.25
Mira_84,Muumi/Moomin333,iter,1,0.25
Mira_84,juna315,iter,1,0.25
Mira_84,luumu324,iter,1,0.25
Mira_84,napa336,iter,1,0.25
Mira_84,nenä338,iter,1,0.25
Mira_85,Muumi/Moomin326,iter,1,0.25
Mira_85,Muumi/Moomin331,iter,1,0.25
Mira_85,Muumi/Moomin333,iter,1,0.25
Mira_85,Muumi/Moomin334,iter,1,0.25
Mira_85,mummu1606,iter,1,0.25
Mira_85,napa337,iter,1,0.25
Mira_85,nenä338,iter,1,0.25
Mira_85,paapaa339,iter,1,0.25
Mira_86,jalka314,iter,1,0.25
Mira_86,juna315,iter,1,0.25
Mira_86,kaataa316,iter,1,0.25
Mira_86,kaataa317,iter,1,0.25
Mira_86,kenkä320,iter,1,0.25
Mira_86,nenä338,iter,1,0.25
Mira_87,häntä310,iter,1,0.25
Mira_87,häntä311,iter,1,0.25
Mira_87,häntä312,iter,1,0.25
Mira_87,kaataa316,iter,1,0.25
Mira_87,kaataa317,iter,1,0.25
Mira_87,kala318,iter,1,0.25
Mira_87,kenkä321,iter,1,0.25
Mira_87,tyyny343,iter,1,0.25
Mira_88,tonttu1610,iter,1,0.25
Mira_88,tyyny342,iter,1,0.25
Mira_88,tyyny343,iter,1,0.25
Mira_88,täällä1609,iter,1,0.25
Mira_89,Muumi/Moomin325,iter,1,0.25
Mira_89,Muumi/Moomin328,iter,1,0.25
Mira_89,Muumi/Moomin333,iter,1,0.25
Mira_89,Muumi/Moomin334,iter,1,0.25
Mira_89,juna315,iter,1,0.25
Mira_89,luumu323,iter,1,0.25
Mira_89,luumu324,iter,1,0.25
Mira_89,napa337,iter,1,0.25
Mira_90,tonttu1612,iter,1,0.25
Mira_90,tyttö1616,iter,1,0.25
Mira_90,tyyny342,iter,1,0.25
Mira_90,tyyny343,iter,1,0.25
Mira_90,täällä1609,iter,1,0.25
Mira_91,kala318,iter,1,0.25
Mira_91,kala319,iter,1,0.25
Mira_91,pelle1608,iter,1,0.25
Mira_91,tyttö1613,iter,1,0.25
Mira_91,tyyny343,iter,1,0.25
Mira_92,kala318,iter,1,0.25
Mira_92,kala319,iter,1,0.25
Mira_92,nalle1607,iter,1,0.25
Mira_93,tyttö1613,iter,1,0.25
Mira_93,tyttö1614,iter,1,0.25
Mira_93,tyttö1615,iter,1,0.25
Mira_93,tyttö1616,iter,1,0.25
Mira_94,Muumi/Moomin329,iter,1,0.25
Mira_94,Muumi/Moomin334,iter,1,0.25
Mira_94,Muumi/Moomin335,iter,1,0.25
Mira_94,juna315,iter,1,0.25
Mira_94,lintu322,iter,1,0.25
Mira_94,luumu323,iter,1,0.25
Mira_94,mummu1606,iter,1,0.25
Mira_94,nenä338,iter,1,0.25
Mira_94,tyyny342,iter,1,0.25
Mira_95,Muumi/Moomin328,iter,1,0.25
Mira_95,Muumi/Moomin331,iter,1,0.25
Mira_95,Muumi/Moomin332,iter,1,0.25
Mira_95,Muumi/Moomin333,iter,1,0.25
Mira_95,luumu323,iter,1,0.25
Mira_95,luumu324,iter,1,0.25
Mira_95,napa337,iter,1,0.25
Mira_95,paapaa339,iter,1,0.25
Mira_96,tonttu1610,iter,1,0.25
Mira_96,tonttu1611,iter,1,0.25
Mira_96,tyttö1615,iter,1,0.25
Mira_96,tyyny343,iter,1,0.25
Mira_97,kenkä320,iter,1,0.25
Mira_98,Muumi/Moomin325,iter,1,0.25
Mira_98,Muumi/Moomin326,iter,1,0.25
Mira_98,Muumi/Moomin327,iter,1,0.25
Mira_98,Muumi/Moomin328,iter,1,0.25
Mira_98,Muumi/Moomin330,iter,1,0.25
Mira_98,Muumi/Moomin334,iter,1,0.25
Mira_98,loppu1605,iter,1,0.25
Mira_98,nenä338,iter,1,0.25
Patrick_1,D2187,iter,1,0.25
Patrick_1,D2191,iter,1,0.25
Patrick_1,D2192,iter,1,0.25
Patrick_1,Doody207,iter,1,0.25
Patrick_1,daddy193,iter,1,0.25
Patrick_1,daddy194,iter,1,0.25
Patrick_1,daddy196,iter,1,0.25
Patrick_1,daddy202,iter,1,0.25
Patrick_1,tractor1369,iter,1,0.25
Patrick_1,tractor1370,iter,1,0.25
Patrick_100,D2186,iter,1,0.25
Patrick_100,D2189,iter,1,0.25
Patrick_100,D2191,iter,1,0.25
Patrick_100,D2192,iter,1,0.25
Patrick_100,Doody208,iter,1,0.25
Patrick_100,baby182,iter,1,0.25
Patrick_100,daddy193,iter,1,0.25
Patrick_100,daddy194,iter,1,0.25
Patrick_100,daddy199,iter,1,0.25
Patrick_100,daddy201,iter,1,0.25
Patrick_100,horsey211,iter,1,0.25
Patrick_100,horsey213,iter,1,0.25
Patrick_100,tractor1370,iter,1,0.25
Patrick_100,uh oh1080,iter,1,0.25
Patrick_100,water217,iter,1,0.25
Patrick_100,water218,iter,1,0.25
Patrick_100,water221,iter,1,0.25
Patrick_100,water222,iter,1,0.25
Patrick_11,D2184,iter,1,0.25
Patrick_11,D2186,iter,1,0.25
Patrick_11,D2187,iter,1,0.25
Patrick_11,D2188,iter,1,0.25
Patrick_11,D2189,iter,1,0.25
Patrick_11,D2190,iter,1,0.25
Patrick_11,Doody203,iter,1,0.25
Patrick_11,Doody204,iter,1,0.25
Patrick_11,Doody205,iter,1,0.25
Patrick_11,Doody208,iter,1,0.25
Patrick_11,baby181,iter,1,0.25
Patrick_11,baby182,iter,1,0.25
Patrick_11,daddy193,iter,1,0.25
Patrick_11,daddy202,iter,1,0.25
Patrick_11,uh oh1079,iter,1,0.25
Patrick_11,water217,iter,1,0.25
Patrick_11,water219,iter,1,0.25
Patrick_11,water222,iter,1,0.25
Patrick_12,D2184,iter,1,0.25
Patrick_12,D2185,iter,1,0.25
Patrick_12,D2187,iter,1,0.25
Patrick_12,D2188,iter,1,0.25
Patrick_12,D2189,iter,1,0.25
Patrick_12,D2190,iter,1,0.25
Patrick_12,Doody204,iter,1,0.25
Patrick_12,daddy197,iter,1,0.25
Patrick_12,daddy198,iter,1,0.25
Patrick_12,daddy199,iter,1,0.25
Patrick_12,horsey211,iter,1,0.25
Patrick_12,uh oh1076,iter,1,0.25
Patrick_12,uh oh1078,iter,1,0.25
Patrick_12,uh oh1080,iter,1,0.25
Patrick_12,water219,iter,1,0.25
Patrick_12,water222,iter,1,0.25
Patrick_12,water223,iter,1,0.25
Patrick_13,D2184,iter,1,0.25
Patrick_13,D2186,iter,1,0.25
Patrick_13,baby181,iter,1,0.25
Patrick_13,baby182,iter,1,0.25
Patrick_13,daddy193,iter,1,0.25
Patrick_13,daddy194,iter,1,0.25
Patrick_13,daddy195,iter,1,0.25
Patrick_13,daddy196,iter,1,0.25
Patrick_13,daddy197,iter,1,0.25
Patrick_13,daddy198,iter,1,0.25
Patrick_13,daddy199,iter,1,0.25
Patrick_13,hello209,iter,1,0.25
Patrick_13,horsey211,iter,1,0.25
Patrick_13,horsey214,iter,1,0.25
Patrick_13,horsey216,iter,1,0.25
Patrick_13,tractor1369,iter,1,0.25
Patrick_13,water217,iter,1,0.25
Patrick_13,water220,iter,1,0.25
Patrick_13,water222,iter,1,0.25
Patrick_14,D2184,iter,1,0.25
Patrick_14,D2185,iter,1,0.25
Patrick_14,D2187,iter,1,0.25
Patrick_14,Doody205,iter,1,0.25
Patrick_14,Doody206,iter,1,0.25
Patrick_14,baby181,iter,1,0.25
Patrick_14,daddy197,iter,1,0.25
Patrick_14,daddy199,iter,1,0.25
Patrick_14,daddy201,iter,1,0.25
Patrick_14,hello210,iter,1,0.25
Patrick_14,horsey211,iter,1,0.25
Patrick_14,horsey212,iter,1,0.25
Patrick_14,horsey214,iter,1,0.25
Patrick_14,horsey215,iter,1,0.25
Patrick_14,horsey216,iter,1,0.25
Patrick_14,tractor1369,iter,1,0.25
Patrick_14,water220,iter,1,0.25
Patrick_15,D2188,iter,1,0.25
Patrick_15,D2191,iter,1,0.25
Patrick_15,Doody205,iter,1,0.25
Patrick_15,daddy193,iter,1,0.25
Patrick_15,daddy194,iter,1,0.25
Patrick_15,daddy197,iter,1,0.25
Patrick_15,daddy199,iter,1,0.25
Patrick_15,daddy201,iter,1,0.25
Patrick_15,horsey213,iter,1,0.25
Patrick_15,horsey214,iter,1,0.25
Patrick_15,horsey216,iter,1,0.25
Patrick_15,uh oh1077,iter,1,0.25
Patrick_15,uh oh1079,iter,1,0.25
Patrick_15,water219,iter,1,0.25
Patrick_15,water221,iter,1,0.25
Patrick_16,D2185,iter,1,0.25
Patrick_16,D2186,iter,1,0.25
Patrick_16,D2191,iter,1,0.25
Patrick_16,D2192,iter,1,0.25
Patrick_16,Doody206,iter,1,0.25
Patrick_16,Doody207,iter,1,0.25
Patrick_16,daddy195,iter,1,0.25
Patrick_16,daddy201,iter,1,0.25
Patrick_16,horsey213,iter,1,0.25
Patrick_16,horsey215,iter,1,0.25
Patrick_16,horsey216,iter,1,0.25
Patrick_16,uh oh1076,iter,1,0.25
Patrick_16,uh oh1077,iter,1,0.25
Patrick_16,uh oh1078,iter,1,0.25
Patrick_16,water218,iter,1,0.25
Patrick_16,water219,iter,1,0.25
Patrick_16,water221,iter,1,0.25
Patrick_18,D2185,iter,1,0.25
Patrick_18,D2186,iter,1,0.25
Patrick_18,D2187,iter,1,0.25
Patrick_18,D2188,iter,1,0.25
Patrick_18,Doody203,iter,1,0.25
Patrick_18,Doody206,iter,1,0.25
Patrick_18,Doody207,iter,1,0.25
Patrick_18,daddy194,iter,1,0.25
Patrick_18,daddy197,iter,1,0.25
Patrick_18,daddy198,iter,1,0.25
Patrick_18,daddy200,iter,1,0.25
Patrick_18,horsey212,iter,1,0.25
Patrick_18,horsey213,iter,1,0.25
Patrick_18,horsey215,iter,1,0.25
Patrick_18,horsey216,iter,1,0.25
Patrick_18,tractor1370,iter,1,0.25
Patrick_18,uh oh1076,iter,1,0.25
Patrick_18,uh oh1080,iter,1,0.25
Patrick_19,D2184,iter,1,0.25
Patrick_19,D2188,iter,1,0.25
Patrick_19,D2189,iter,1,0.25
Patrick_19,D2190,iter,1,0.25
Patrick_19,D2192,iter,1,0.25
Patrick_19,Doody207,iter,1,0.25
Patrick_19,Doody208,iter,1,0.25
Patrick_19,baby181,iter,1,0.25
Patrick_19,baby182,iter,1,0.25
Patrick_19,daddy193,iter,1,0.25
Patrick_19,daddy195,iter,1,0.25
Patrick_19,daddy196,iter,1,0.25
Patrick_19,daddy197,iter,1,0.25
Patrick_19,horsey213,iter,1,0.25
Patrick_19,uh oh1078,iter,1,0.25
Patrick_19,uh oh1080,iter,1,0.25
Patrick_19,water220,iter,1,0.25
Patrick_19,water222,iter,1,0.25
Patrick_2,D2184,iter,1,0.25
Patrick_2,D2187,iter,1,0.25
Patrick_2,D2189,iter,1,0.25
Patrick_2,D2191,iter,1,0.25
Patrick_2,Doody206,iter,1,0.25
Patrick_2,baby182,iter,1,0.25
Patrick_2,daddy193,iter,1,0.25
Patrick_2,daddy194,iter,1,0.25
Patrick_2,daddy199,iter,1,0.25
Patrick_2,daddy200,iter,1,0.25
Patrick_2,horsey214,iter,1,0.25
Patrick_2,tractor1369,iter,1,0.25
Patrick_2,uh oh1077,iter,1,0.25
Patrick_2,uh oh1078,iter,1,0.25
Patrick_2,uh oh1080,iter,1,0.25
Patrick_2,water220,iter,1,0.25
Patrick_2,water222,iter,1,0.25
Patrick_2,water223,iter,1,0.25
Patrick_20,D2184,iter,1,0.25
Patrick_20,D2186,iter,1,0.25
Patrick_20,D2187,iter,1,0.25
Patrick_20,D2188,iter,1,0.25
Patrick_20,D2189,iter,1,0.25
Patrick_20,D2190,iter,1,0.25
Patrick_20,daddy195,iter,1,0.25
Patrick_20,daddy198,iter,1,0.25
Patrick_20,daddy199,iter,1,0.25
Patrick_20,daddy201,iter,1,0.25
Patrick_20,horsey215,iter,1,0.25
Patrick_20,horsey216,iter,1,0.25
Patrick_20,uh oh1077,iter,1,0.25
Patrick_20,uh oh1078,iter,1,0.25
Patrick_20,water217,iter,1,0.25
Patrick_20,water218,iter,1,0.25
Patrick_20,water219,iter,1,0.25
Patrick_20,water223,iter,1,0.25
Patrick_21,D2185,iter,1,0.25
Patrick_21,D2190,iter,1,0.25
Patrick_21,D2192,iter,1,0.25
Patrick_21,Doody204,iter,1,0.25
Patrick_21,Doody207,iter,1,0.25
Patrick_21,Doody208,iter,1,0.25
Patrick_21,daddy193,iter,1,0.25
Patrick_21,daddy194,iter,1,0.25
Patrick_21,daddy200,iter,1,0.25
Patrick_21,horsey211,iter,1,0.25
Patrick_21,horsey212,iter,1,0.25
Patrick_21,horsey214,iter,1,0.25
Patrick_21,horsey215,iter,1,0.25
Patrick_21,horsey216,iter,1,0.25
Patrick_21,uh oh1077,iter,1,0.25
Patrick_21,uh oh1080,iter,1,0.25
Patrick_21,water222,iter,1,0.25
Patrick_22,D2186,iter,1,0.25
Patrick_22,D2188,iter,1,0.25
Patrick_22,Doody206,iter,1,0.25
Patrick_22,Doody208,iter,1,0.25
Patrick_22,daddy195,iter,1,0.25
Patrick_22,daddy196,iter,1,0.25
Patrick_22,daddy197,iter,1,0.25
Patrick_22,daddy199,iter,1,0.25
Patrick_22,horsey212,iter,1,0.25
Patrick_22,horsey213,iter,1,0.25
Patrick_22,horsey214,iter,1,0.25
Patrick_22,tractor1370,iter,1,0.25
Patrick_22,uh oh1076,iter,1,0.25
Patrick_22,uh oh1077,iter,1,0.25
Patrick_22,uh oh1079,iter,1,0.25
Patrick_22,uh oh1080,iter,1,0.25
Patrick_22,water219,iter,1,0.25
Patrick_22,water221,iter,1,0.25
Patrick_22,water222,iter,1,0.25
Patrick_23,D2185,iter,1,0.25
Patrick_23,D2187,iter,1,0.25
Patrick_23,D2188,iter,1,0.25
Patrick_23,Doody203,iter,1,0.25
Patrick_23,Doody207,iter,1,0.25
Patrick_23,Doody208,iter,1,0.25
Patrick_23,daddy194,iter,1,0.25
Patrick_23,daddy200,iter,1,0.25
Patrick_23,hello209,iter,1,0.25
Patrick_23,uh oh1078,iter,1,0.25
Patrick_23,water217,iter,1,0.25
Patrick_23,water218,iter,1,0.25
Patrick_23,water219,iter,1,0.25
Patrick_23,water220,iter,1,0.25
Patrick_23,water221,iter,1,0.25
Patrick_23,water223,iter,1,0.25
Patrick_24,D2185,iter,1,0.25
Patrick_24,D2186,iter,1,0.25
Patrick_24,D2188,iter,1,0.25
Patrick_24,D2189,iter,1,0.25
Patrick_24,D2190,iter,1,0.25
Patrick_24,D2191,iter,1,0.25
Patrick_24,Doody204,iter,1,0.25
Patrick_24,Doody207,iter,1,0.25
Patrick_24,daddy194,iter,1,0.25
Patrick_24,daddy202,iter,1,0.25
Patrick_24,horsey212,iter,1,0.25
Patrick_24,horsey215,iter,1,0.25
Patrick_24,horsey216,iter,1,0.25
Patrick_24,uh oh1077,iter,1,0.25
Patrick_24,uh oh1079,iter,1,0.25
Patrick_24,uh oh1080,iter,1,0.25
Patrick_24,water223,iter,1,0.25
Patrick_25,D2186,iter,1,0.25
Patrick_25,D2187,iter,1,0.25
Patrick_25,D2192,iter,1,0.25
Patrick_25,Doody207,iter,1,0.25
Patrick_25,daddy195,iter,1,0.25
Patrick_25,daddy199,iter,1,0.25
Patrick_25,daddy202,iter,1,0.25
Patrick_25,horsey211,iter,1,0.25
Patrick_25,horsey213,iter,1,0.25
Patrick_25,horsey214,iter,1,0.25
Patrick_25,horsey215,iter,1,0.25
Patrick_25,tractor1370,iter,1,0.25
Patrick_25,uh oh1076,iter,1,0.25
Patrick_25,uh oh1077,iter,1,0.25
Patrick_25,uh oh1080,iter,1,0.25
Patrick_25,water217,iter,1,0.25
Patrick_25,water218,iter,1,0.25
Patrick_25,water223,iter,1,0.25
Patrick_26,D2184,iter,1,0.25
Patrick_26,D2189,iter,1,0.25
Patrick_26,D2190,iter,1,0.25
Patrick_26,Doody203,iter,1,0.25
Patrick_26,Doody205,iter,1,0.25
Patrick_26,baby181,iter,1,0.25
Patrick_26,daddy195,iter,1,0.25
Patrick_26,daddy196,iter,1,0.25
Patrick_26,daddy197,iter,1,0.25
Patrick_26,daddy199,iter,1,0.25
Patrick_26,daddy202,iter,1,0.25
Patrick_26,hello210,iter,1,0.25
Patrick_26,horsey213,iter,1,0.25
Patrick_26,horsey216,iter,1,0.25
Patrick_26,uh oh1077,iter,1,0.25
Patrick_26,water223,iter,1,0.25
Patrick_27,D2186,iter,1,0.25
Patrick_27,D2187,iter,1,0.25
Patrick_27,D2188,iter,1,0.25
Patrick_27,D2192,iter,1,0.25
Patrick_27,Doody203,iter,1,0.25
Patrick_27,baby181,iter,1,0.25
Patrick_27,daddy193,iter,1,0.25
Patrick_27,daddy196,iter,1,0.25
Patrick_27,daddy198,iter,1,0.25
Patrick_27,daddy199,iter,1,0.25
Patrick_27,daddy200,iter,1,0.25
Patrick_27,hello209,iter,1,0.25
Patrick_27,horsey216,iter,1,0.25
Patrick_27,uh oh1076,iter,1,0.25
Patrick_27,uh oh1077,iter,1,0.25
Patrick_27,uh oh1078,iter,1,0.25
Patrick_27,uh oh1079,iter,1,0.25
Patrick_27,uh oh1080,iter,1,0.25
Patrick_27,water218,iter,1,0.25
Patrick_28,D2186,iter,1,0.25
Patrick_28,D2190,iter,1,0.25
Patrick_28,Doody207,iter,1,0.25
Patrick_28,baby182,iter,1,0.25
Patrick_28,daddy198,iter,1,0.25
Patrick_28,daddy199,iter,1,0.25
Patrick_28,daddy200,iter,1,0.25
Patrick_28,daddy202,iter,1,0.25
Patrick_28,horsey215,iter,1,0.25
Patrick_28,horsey216,iter,1,0.25
Patrick_28,water217,iter,1,0.25
Patrick_28,water221,iter,1,0.25
Patrick_28,water222,iter,1,0.25
Patrick_29,D2184,iter,1,0.25
Patrick_29,D2185,iter,1,0.25
Patrick_29,D2187,iter,1,0.25
Patrick_29,D2188,iter,1,0.25
Patrick_29,D2189,iter,1,0.25
Patrick_29,D2191,iter,1,0.25
Patrick_29,Doody203,iter,1,0.25
Patrick_29,Doody205,iter,1,0.25
Patrick_29,Doody208,iter,1,0.25
Patrick_29,daddy197,iter,1,0.25
Patrick_29,daddy199,iter,1,0.25
Patrick_29,daddy202,iter,1,0.25
Patrick_29,horsey212,iter,1,0.25
Patrick_29,horsey216,iter,1,0.25
Patrick_29,uh oh1078,iter,1,0.25
Patrick_29,water219,iter,1,0.25
Patrick_29,water220,iter,1,0.25
Patrick_29,water221,iter,1,0.25
Patrick_29,water223,iter,1,0.25
Patrick_31,D2185,iter,1,0.25
Patrick_31,D2186,iter,1,0.25
Patrick_31,D2187,iter,1,0.25
Patrick_31,Doody204,iter,1,0.25
Patrick_31,Doody205,iter,1,0.25
Patrick_31,Doody206,iter,1,0.25
Patrick_31,Doody207,iter,1,0.25
Patrick_31,baby182,iter,1,0.25
Patrick_31,daddy197,iter,1,0.25
Patrick_31,horsey211,iter,1,0.25
Patrick_31,horsey213,iter,1,0.25
Patrick_31,uh oh1079,iter,1,0.25
Patrick_31,uh oh1080,iter,1,0.25
Patrick_31,water217,iter,1,0.25
Patrick_31,water218,iter,1,0.25
Patrick_31,water219,iter,1,0.25
Patrick_32,D2187,iter,1,0.25
Patrick_32,D2191,iter,1,0.25
Patrick_32,D2192,iter,1,0.25
Patrick_32,Doody203,iter,1,0.25
Patrick_32,Doody205,iter,1,0.25
Patrick_32,baby181,iter,1,0.25
Patrick_32,baby182,iter,1,0.25
Patrick_32,daddy197,iter,1,0.25
Patrick_32,daddy200,iter,1,0.25
Patrick_32,daddy202,iter,1,0.25
Patrick_32,tractor1369,iter,1,0.25
Patrick_32,uh oh1077,iter,1,0.25
Patrick_32,water217,iter,1,0.25
Patrick_32,water219,iter,1,0.25
Patrick_32,water222,iter,1,0.25
Patrick_33,D2185,iter,1,0.25
Patrick_33,D2186,iter,1,0.25
Patrick_33,D2188,iter,1,0.25
Patrick_33,Doody207,iter,1,0.25
Patrick_33,daddy193,iter,1,0.25
Patrick_33,daddy195,iter,1,0.25
Patrick_33,daddy196,iter,1,0.25
Patrick_33,daddy197,iter,1,0.25
Patrick_33,daddy198,iter,1,0.25
Patrick_33,daddy200,iter,1,0.25
Patrick_33,horsey212,iter,1,0.25
Patrick_33,horsey215,iter,1,0.25
Patrick_33,horsey216,iter,1,0.25
Patrick_33,uh oh1076,iter,1,0.25
Patrick_33,uh oh1077,iter,1,0.25
Patrick_33,uh oh1078,iter,1,0.25
Patrick_33,uh oh1079,iter,1,0.25
Patrick_33,water220,iter,1,0.25
Patrick_33,water221,iter,1,0.25
Patrick_34,D2186,iter,1,0.25
Patrick_34,D2188,iter,1,0.25
Patrick_34,D2191,iter,1,0.25
Patrick_34,D2192,iter,1,0.25
Patrick_34,Doody203,iter,1,0.25
Patrick_34,Doody205,iter,1,0.25
Patrick_34,daddy195,iter,1,0.25
Patrick_34,daddy196,iter,1,0.25
Patrick_34,daddy198,iter,1,0.25
Patrick_34,daddy201,iter,1,0.25
Patrick_34,hello209,iter,1,0.25
Patrick_34,hello210,iter,1,0.25
Patrick_34,horsey211,iter,1,0.25
Patrick_34,horsey213,iter,1,0.25
Patrick_34,uh oh1080,iter,1,0.25
Patrick_34,water219,iter,1,0.25
Patrick_34,water223,iter,1,0.25
Patrick_35,D2187,iter,1,0.25
Patrick_35,D2188,iter,1,0.25
Patrick_35,Doody203,iter,1,0.25
Patrick_35,Doody208,iter,1,0.25
Patrick_35,baby181,iter,1,0.25
Patrick_35,daddy193,iter,1,0.25
Patrick_35,daddy198,iter,1,0.25
Patrick_35,daddy201,iter,1,0.25
Patrick_35,daddy202,iter,1,0.25
Patrick_35,horsey212,iter,1,0.25
Patrick_35,horsey215,iter,1,0.25
Patrick_35,uh oh1076,iter,1,0.25
Patrick_35,water218,iter,1,0.25
Patrick_35,water220,iter,1,0.25
Patrick_35,water222,iter,1,0.25
Patrick_36,D2185,iter,1,0.25
Patrick_36,D2186,iter,1,0.25
Patrick_36,D2187,iter,1,0.25
Patrick_36,D2188,iter,1,0.25
Patrick_36,D2191,iter,1,0.25
Patrick_36,Doody205,iter,1,0.25
Patrick_36,Doody208,iter,1,0.25
Patrick_36,baby182,iter,1,0.25
Patrick_36,daddy195,iter,1,0.25
Patrick_36,daddy202,iter,1,0.25
Patrick_36,hello209,iter,1,0.25
Patrick_36,horsey211,iter,1,0.25
Patrick_36,horsey213,iter,1,0.25
Patrick_36,horsey216,iter,1,0.25
Patrick_36,uh oh1076,iter,1,0.25
Patrick_36,uh oh1080,iter,1,0.25
Patrick_36,water219,iter,1,0.25
Patrick_36,water221,iter,1,0.25
Patrick_36,water222,iter,1,0.25
Patrick_37,D2185,iter,1,0.25
Patrick_37,D2190,iter,1,0.25
Patrick_37,Doody204,iter,1,0.25
Patrick_37,Doody205,iter,1,0.25
Patrick_37,Doody206,iter,1,0.25
Patrick_37,Doody207,iter,1,0.25
Patrick_37,Doody208,iter,1,0.25
Patrick_37,baby182,iter,1,0.25
Patrick_37,daddy196,iter,1,0.25
Patrick_37,daddy201,iter,1,0.25
Patrick_37,daddy202,iter,1,0.25
Patrick_37,horsey211,iter,1,0.25
Patrick_37,horsey214,iter,1,0.25
Patrick_37,uh oh1077,iter,1,0.25
Patrick_37,uh oh1078,iter,1,0.25
Patrick_37,uh oh1079,iter,1,0.25
Patrick_37,uh oh1080,iter,1,0.25
Patrick_37,water223,iter,1,0.25
Patrick_38,D2185,iter,1,0.25
Patrick_38,D2187,iter,1,0.25
Patrick_38,D2188,iter,1,0.25
Patrick_38,D2192,iter,1,0.25
Patrick_38,Doody207,iter,1,0.25
Patrick_38,daddy193,iter,1,0.25
Patrick_38,daddy198,iter,1,0.25
Patrick_38,daddy200,iter,1,0.25
Patrick_38,horsey213,iter,1,0.25
Patrick_38,tractor1369,iter,1,0.25
Patrick_38,uh oh1077,iter,1,0.25
Patrick_38,uh oh1078,iter,1,0.25
Patrick_38,water218,iter,1,0.25
Patrick_38,water221,iter,1,0.25
Patrick_39,D2184,iter,1,0.25
Patrick_39,D2185,iter,1,0.25
Patrick_39,D2187,iter,1,0.25
Patrick_39,D2189,iter,1,0.25
Patrick_39,Doody208,iter,1,0.25
Patrick_39,baby181,iter,1,0.25
Patrick_39,daddy193,iter,1,0.25
Patrick_39,daddy195,iter,1,0.25
Patrick_39,daddy196,iter,1,0.25
Patrick_39,daddy199,iter,1,0.25
Patrick_39,daddy201,iter,1,0.25
Patrick_39,uh oh1076,iter,1,0.25
Patrick_39,water217,iter,1,0.25
Patrick_39,water218,iter,1,0.25
Patrick_39,water220,iter,1,0.25
Patrick_39,water223,iter,1,0.25
Patrick_4,D2189,iter,1,0.25
Patrick_4,Doody207,iter,1,0.25
Patrick_4,Doody208,iter,1,0.25
Patrick_4,daddy193,iter,1,0.25
Patrick_4,daddy195,iter,1,0.25
Patrick_4,daddy196,iter,1,0.25
Patrick_4,daddy198,iter,1,0.25
Patrick_4,hello209,iter,1,0.25
Patrick_4,hello210,iter,1,0.25
Patrick_4,horsey212,iter,1,0.25
Patrick_4,horsey215,iter,1,0.25
Patrick_4,horsey216,iter,1,0.25
Patrick_4,uh oh1076,iter,1,0.25
Patrick_4,uh oh1078,iter,1,0.25
Patrick_4,uh oh1079,iter,1,0.25
Patrick_4,water220,iter,1,0.25
Patrick_40,D2186,iter,1,0.25
Patrick_40,D2191,iter,1,0.25
Patrick_40,D2192,iter,1,0.25
Patrick_40,Doody205,iter,1,0.25
Patrick_40,Doody207,iter,1,0.25
Patrick_40,baby181,iter,1,0.25
Patrick_40,daddy199,iter,1,0.25
Patrick_40,daddy201,iter,1,0.25
Patrick_40,daddy202,iter,1,0.25
Patrick_40,horsey212,iter,1,0.25
Patrick_40,horsey214,iter,1,0.25
Patrick_40,horsey215,iter,1,0.25
Patrick_40,horsey216,iter,1,0.25
Patrick_40,uh oh1076,iter,1,0.25
Patrick_40,uh oh1078,iter,1,0.25
Patrick_40,water217,iter,1,0.25
Patrick_40,water219,iter,1,0.25
Patrick_41,D2187,iter,1,0.25
Patrick_41,D2192,iter,1,0.25
Patrick_41,Doody208,iter,1,0.25
Patrick_41,daddy194,iter,1,0.25
Patrick_41,daddy197,iter,1,0.25
Patrick_41,daddy199,iter,1,0.25
Patrick_42,D2185,iter,1,0.25
Patrick_42,D2186,iter,1,0.25
Patrick_42,D2187,iter,1,0.25
Patrick_42,D2190,iter,1,0.25
Patrick_42,D2192,iter,1,0.25
Patrick_42,Doody207,iter,1,0.25
Patrick_42,Doody208,iter,1,0.25
Patrick_42,daddy195,iter,1,0.25
Patrick_42,daddy196,iter,1,0.25
Patrick_42,daddy202,iter,1,0.25
Patrick_42,tractor1369,iter,1,0.25
Patrick_42,tractor1370,iter,1,0.25
Patrick_43,D2186,iter,1,0.25
Patrick_43,D2187,iter,1,0.25
Patrick_43,Doody203,iter,1,0.25
Patrick_43,Doody204,iter,1,0.25
Patrick_43,Doody207,iter,1,0.25
Patrick_43,Doody208,iter,1,0.25
Patrick_43,daddy194,iter,1,0.25
Patrick_43,daddy196,iter,1,0.25
Patrick_43,uh oh1076,iter,1,0.25
Patrick_43,uh oh1078,iter,1,0.25
Patrick_43,uh oh1079,iter,1,0.25
Patrick_43,water217,iter,1,0.25
Patrick_43,water218,iter,1,0.25
Patrick_43,water221,iter,1,0.25
Patrick_43,water222,iter,1,0.25
Patrick_43,water223,iter,1,0.25
Patrick_44,Doody203,iter,1,0.25
Patrick_44,Doody204,iter,1,0.25
Patrick_44,daddy194,iter,1,0.25
Patrick_44,daddy195,iter,1,0.25
Patrick_44,daddy196,iter,1,0.25
Patrick_44,daddy197,iter,1,0.25
Patrick_44,daddy199,iter,1,0.25
Patrick_44,daddy200,iter,1,0.25
Patrick_44,daddy201,iter,1,0.25
Patrick_44,daddy202,iter,1,0.25
Patrick_44,horsey211,iter,1,0.25
Patrick_45,D2185,iter,1,0.25
Patrick_45,Doody203,iter,1,0.25
Patrick_45,Doody205,iter,1,0.25
Patrick_45,Doody207,iter,1,0.25
Patrick_45,Doody208,iter,1,0.25
Patrick_45,daddy193,iter,1,0.25
Patrick_45,daddy199,iter,1,0.25
Patrick_45,horsey212,iter,1,0.25
Patrick_45,horsey213,iter,1,0.25
Patrick_45,uh oh1076,iter,1,0.25
Patrick_45,uh oh1079,iter,1,0.25
Patrick_45,uh oh1080,iter,1,0.25
Patrick_45,water217,iter,1,0.25
Patrick_45,water223,iter,1,0.25
Patrick_46,D2190,iter,1,0.25
Patrick_46,D2191,iter,1,0.25
Patrick_46,Doody203,iter,1,0.25
Patrick_46,Doody207,iter,1,0.25
Patrick_46,daddy193,iter,1,0.25
Patrick_46,daddy200,iter,1,0.25
Patrick_46,daddy201,iter,1,0.25
Patrick_46,daddy202,iter,1,0.25
Patrick_46,hello209,iter,1,0.25
Patrick_46,horsey211,iter,1,0.25
Patrick_46,horsey214,iter,1,0.25
Patrick_46,uh oh1076,iter,1,0.25
Patrick_46,uh oh1078,iter,1,0.25
Patrick_46,uh oh1079,iter,1,0.25
Patrick_46,water217,iter,1,0.25
Patrick_46,water218,iter,1,0.25
Patrick_46,water222,iter,1,0.25
Patrick_47,D2186,iter,1,0.25
Patrick_47,D2187,iter,1,0.25
Patrick_47,D2188,iter,1,0.25
Patrick_47,D2189,iter,1,0.25
Patrick_47,Doody206,iter,1,0.25
Patrick_47,Doody208,iter,1,0.25
Patrick_47,baby181,iter,1,0.25
Patrick_47,baby182,iter,1,0.25
Patrick_47,daddy193,iter,1,0.25
Patrick_47,daddy197,iter,1,0.25
Patrick_47,horsey212,iter,1,0.25
Patrick_47,horsey216,iter,1,0.25
Patrick_47,uh oh1077,iter,1,0.25
Patrick_47,uh oh1078,iter,1,0.25
Patrick_47,water220,iter,1,0.25
Patrick_47,water222,iter,1,0.25
Patrick_47,water223,iter,1,0.25
Patrick_48,D2187,iter,1,0.25
Patrick_48,D2190,iter,1,0.25
Patrick_48,Doody206,iter,1,0.25
Patrick_48,Doody208,iter,1,0.25
Patrick_48,daddy193,iter,1,0.25
Patrick_48,daddy194,iter,1,0.25
Patrick_48,daddy195,iter,1,0.25
Patrick_48,daddy197,iter,1,0.25
Patrick_48,daddy200,iter,1,0.25
Patrick_48,daddy201,iter,1,0.25
Patrick_48,horsey212,iter,1,0.25
Patrick_48,horsey213,iter,1,0.25
Patrick_48,uh oh1076,iter,1,0.25
Patrick_48,uh oh1080,iter,1,0.25
Patrick_48,water219,iter,1,0.25
Patrick_48,water221,iter,1,0.25
Patrick_49,D2185,iter,1,0.25
Patrick_49,D2191,iter,1,0.25
Patrick_49,Doody206,iter,1,0.25
Patrick_49,Doody207,iter,1,0.25
Patrick_49,daddy193,iter,1,0.25
Patrick_49,daddy195,iter,1,0.25
Patrick_49,daddy197,iter,1,0.25
Patrick_49,daddy201,iter,1,0.25
Patrick_49,daddy202,iter,1,0.25
Patrick_49,hello210,iter,1,0.25
Patrick_49,horsey214,iter,1,0.25
Patrick_49,uh oh1077,iter,1,0.25
Patrick_49,uh oh1078,iter,1,0.25
Patrick_49,uh oh1079,iter,1,0.25
Patrick_49,water221,iter,1,0.25
Patrick_49,water222,iter,1,0.25
Patrick_49,water223,iter,1,0.25
Patrick_5,D2188,iter,1,0.25
Patrick_5,Doody207,iter,1,0.25
Patrick_5,daddy193,iter,1,0.25
Patrick_5,daddy195,iter,1,0.25
Patrick_5,daddy196,iter,1,0.25
Patrick_5,daddy198,iter,1,0.25
Patrick_5,daddy202,iter,1,0.25
Patrick_5,horsey212,iter,1,0.25
Patrick_5,uh oh1076,iter,1,0.25
Patrick_5,uh oh1079,iter,1,0.25
Patrick_5,uh oh1080,iter,1,0.25
Patrick_5,water217,iter,1,0.25
Patrick_5,water219,iter,1,0.25
Patrick_5,water220,iter,1,0.25
Patrick_5,water222,iter,1,0.25
Patrick_50,D2187,iter,1,0.25
Patrick_50,D2188,iter,1,0.25
Patrick_50,D2189,iter,1,0.25
Patrick_50,Doody205,iter,1,0.25
Patrick_50,Doody207,iter,1,0.25
Patrick_50,baby182,iter,1,0.25
Patrick_50,daddy194,iter,1,0.25
Patrick_50,daddy195,iter,1,0.25
Patrick_50,daddy197,iter,1,0.25
Patrick_50,daddy200,iter,1,0.25
Patrick_50,horsey214,iter,1,0.25
Patrick_50,uh oh1078,iter,1,0.25
Patrick_50,uh oh1079,iter,1,0.25
Patrick_50,water217,iter,1,0.25
Patrick_50,water219,iter,1,0.25
Patrick_50,water221,iter,1,0.25
Patrick_50,water223,iter,1,0.25
Patrick_51,D2191,iter,1,0.25
Patrick_51,Doody206,iter,1,0.25
Patrick_51,baby182,iter,1,0.25
Patrick_51,daddy193,iter,1,0.25
Patrick_51,daddy194,iter,1,0.25
Patrick_51,daddy196,iter,1,0.25
Patrick_51,daddy198,iter,1,0.25
Patrick_51,daddy200,iter,1,0.25
Patrick_51,daddy201,iter,1,0.25
Patrick_51,daddy202,iter,1,0.25
Patrick_51,horsey211,iter,1,0.25
Patrick_51,horsey213,iter,1,0.25
Patrick_51,horsey214,iter,1,0.25
Patrick_51,uh oh1079,iter,1,0.25
Patrick_51,water217,iter,1,0.25
Patrick_51,water220,iter,1,0.25
Patrick_51,water222,iter,1,0.25
Patrick_51,water223,iter,1,0.25
Patrick_52,D2185,iter,1,0.25
Patrick_52,D2187,iter,1,0.25
Patrick_52,D2188,iter,1,0.25
Patrick_52,Doody203,iter,1,0.25
Patrick_52,Doody204,iter,1,0.25
Patrick_52,Doody208,iter,1,0.25
Patrick_52,baby182,iter,1,0.25
Patrick_52,daddy196,iter,1,0.25
Patrick_52,daddy197,iter,1,0.25
Patrick_52,daddy201,iter,1,0.25
Patrick_52,daddy202,iter,1,0.25
Patrick_52,hello210,iter,1,0.25
Patrick_52,horsey211,iter,1,0.25
Patrick_52,horsey214,iter,1,0.25
Patrick_52,uh oh1076,iter,1,0.25
Patrick_52,water223,iter,1,0.25
Patrick_53,D2186,iter,1,0.25
Patrick_53,D2188,iter,1,0.25
Patrick_53,D2192,iter,1,0.25
Patrick_53,Doody208,iter,1,0.25
Patrick_53,baby181,iter,1,0.25
Patrick_53,daddy195,iter,1,0.25
Patrick_53,daddy198,iter,1,0.25
Patrick_53,daddy199,iter,1,0.25
Patrick_53,hello209,iter,1,0.25
Patrick_53,horsey211,iter,1,0.25
Patrick_53,horsey212,iter,1,0.25
Patrick_53,horsey213,iter,1,0.25
Patrick_53,horsey214,iter,1,0.25
Patrick_53,horsey216,iter,1,0.25
Patrick_53,uh oh1078,iter,1,0.25
Patrick_53,water217,iter,1,0.25
Patrick_53,water218,iter,1,0.25
Patrick_54,baby181,iter,1,0.25
Patrick_55,D2188,iter,1,0.25
Patrick_55,Doody203,iter,1,0.25
Patrick_55,Doody204,iter,1,0.25
Patrick_55,Doody205,iter,1,0.25
Patrick_55,daddy195,iter,1,0.25
Patrick_55,daddy196,iter,1,0.25
Patrick_55,daddy200,iter,1,0.25
Patrick_55,daddy201,iter,1,0.25
Patrick_55,hello209,iter,1,0.25
Patrick_55,hello210,iter,1,0.25
Patrick_55,horsey216,iter,1,0.25
Patrick_55,tractor1369,iter,1,0.25
Patrick_55,tractor1370,iter,1,0.25
Patrick_55,uh oh1077,iter,1,0.25
Patrick_55,uh oh1080,iter,1,0.25
Patrick_55,water217,iter,1,0.25
Patrick_55,water219,iter,1,0.25
Patrick_55,water223,iter,1,0.25
Patrick_56,D2186,iter,1,0.25
Patrick_56,D2189,iter,1,0.25
Patrick_56,D2191,iter,1,0.25
Patrick_56,Doody205,iter,1,0.25
Patrick_56,Doody208,iter,1,0.25
Patrick_56,daddy193,iter,1,0.25
Patrick_56,daddy199,iter,1,0.25
Patrick_56,daddy200,iter,1,0.25
Patrick_56,daddy201,iter,1,0.25
Patrick_56,hello209,iter,1,0.25
Patrick_56,horsey212,iter,1,0.25
Patrick_56,horsey215,iter,1,0.25
Patrick_56,water217,iter,1,0.25
Patrick_56,water219,iter,1,0.25
Patrick_56,water220,iter,1,0.25
Patrick_56,water221,iter,1,0.25
Patrick_57,D2184,iter,1,0.25
Patrick_57,D2185,iter,1,0.25
Patrick_57,D2187,iter,1,0.25
Patrick_57,D2188,iter,1,0.25
Patrick_57,D2191,iter,1,0.25
Patrick_57,Doody205,iter,1,0.25
Patrick_57,baby181,iter,1,0.25
Patrick_57,daddy197,iter,1,0.25
Patrick_57,daddy199,iter,1,0.25
Patrick_57,daddy201,iter,1,0.25
Patrick_57,daddy202,iter,1,0.25
Patrick_57,horsey214,iter,1,0.25
Patrick_57,horsey216,iter,1,0.25
Patrick_57,tractor1369,iter,1,0.25
Patrick_57,tractor1370,iter,1,0.25
Patrick_57,uh oh1076,iter,1,0.25
Patrick_57,uh oh1077,iter,1,0.25
Patrick_57,water218,iter,1,0.25
Patrick_58,D2187,iter,1,0.25
Patrick_58,D2189,iter,1,0.25
Patrick_58,D2191,iter,1,0.25
Patrick_58,Doody203,iter,1,0.25
Patrick_58,Doody205,iter,1,0.25
Patrick_58,baby182,iter,1,0.25
Patrick_58,daddy198,iter,1,0.25
Patrick_58,daddy200,iter,1,0.25
Patrick_58,daddy202,iter,1,0.25
Patrick_58,horsey213,iter,1,0.25
Patrick_58,horsey216,iter,1,0.25
Patrick_58,uh oh1078,iter,1,0.25
Patrick_58,uh oh1080,iter,1,0.25
Patrick_59,D2190,iter,1,0.25
Patrick_59,Doody207,iter,1,0.25
Patrick_59,Doody208,iter,1,0.25
Patrick_59,baby181,iter,1,0.25
Patrick_59,daddy193,iter,1,0.25
Patrick_59,daddy198,iter,1,0.25
Patrick_59,daddy200,iter,1,0.25
Patrick_59,daddy202,iter,1,0.25
Patrick_59,horsey211,iter,1,0.25
Patrick_59,horsey215,iter,1,0.25
Patrick_59,tractor1369,iter,1,0.25
Patrick_59,uh oh1076,iter,1,0.25
Patrick_59,uh oh1078,iter,1,0.25
Patrick_59,uh oh1080,iter,1,0.25
Patrick_59,water218,iter,1,0.25
Patrick_59,water219,iter,1,0.25
Patrick_6,D2184,iter,1,0.25
Patrick_6,D2186,iter,1,0.25
Patrick_6,D2187,iter,1,0.25
Patrick_6,D2189,iter,1,0.25
Patrick_6,D2190,iter,1,0.25
Patrick_6,D2192,iter,1,0.25
Patrick_6,Doody207,iter,1,0.25
Patrick_6,baby181,iter,1,0.25
Patrick_6,daddy193,iter,1,0.25
Patrick_6,daddy195,iter,1,0.25
Patrick_6,daddy197,iter,1,0.25
Patrick_6,daddy201,iter,1,0.25
Patrick_6,tractor1370,iter,1,0.25
Patrick_6,uh oh1078,iter,1,0.25
Patrick_6,water218,iter,1,0.25
Patrick_6,water221,iter,1,0.25
Patrick_60,D2184,iter,1,0.25
Patrick_60,D2185,iter,1,0.25
Patrick_60,D2187,iter,1,0.25
Patrick_60,D2189,iter,1,0.25
Patrick_60,D2191,iter,1,0.25
Patrick_60,Doody205,iter,1,0.25
Patrick_60,Doody207,iter,1,0.25
Patrick_60,baby181,iter,1,0.25
Patrick_60,daddy193,iter,1,0.25
Patrick_60,daddy195,iter,1,0.25
Patrick_60,daddy199,iter,1,0.25
Patrick_60,daddy200,iter,1,0.25
Patrick_60,horsey214,iter,1,0.25
Patrick_60,tractor1370,iter,1,0.25
Patrick_60,uh oh1076,iter,1,0.25
Patrick_60,uh oh1077,iter,1,0.25
Patrick_60,water221,iter,1,0.25
Patrick_63,D2187,iter,1,0.25
Patrick_63,D2192,iter,1,0.25
Patrick_63,Doody204,iter,1,0.25
Patrick_63,Doody206,iter,1,0.25
Patrick_63,baby181,iter,1,0.25
Patrick_63,daddy195,iter,1,0.25
Patrick_63,daddy196,iter,1,0.25
Patrick_63,daddy198,iter,1,0.25
Patrick_63,daddy202,iter,1,0.25
Patrick_63,horsey212,iter,1,0.25
Patrick_63,horsey213,iter,1,0.25
Patrick_63,horsey215,iter,1,0.25
Patrick_63,horsey216,iter,1,0.25
Patrick_63,uh oh1079,iter,1,0.25
Patrick_63,uh oh1080,iter,1,0.25
Patrick_63,water218,iter,1,0.25
Patrick_63,water219,iter,1,0.25
Patrick_63,water223,iter,1,0.25
Patrick_64,D2188,iter,1,0.25
Patrick_64,D2190,iter,1,0.25
Patrick_64,D2192,iter,1,0.25
Patrick_64,Doody203,iter,1,0.25
Patrick_64,Doody207,iter,1,0.25
Patrick_64,baby181,iter,1,0.25
Patrick_64,daddy195,iter,1,0.25
Patrick_64,daddy196,iter,1,0.25
Patrick_64,daddy197,iter,1,0.25
Patrick_64,daddy200,iter,1,0.25
Patrick_64,daddy202,iter,1,0.25
Patrick_64,horsey213,iter,1,0.25
Patrick_64,horsey214,iter,1,0.25
Patrick_64,tractor1370,iter,1,0.25
Patrick_64,uh oh1077,iter,1,0.25
Patrick_64,water218,iter,1,0.25
Patrick_64,water222,iter,1,0.25
Patrick_65,D2185,iter,1,0.25
Patrick_65,D2186,iter,1,0.25
Patrick_65,D2191,iter,1,0.25
Patrick_65,Doody203,iter,1,0.25
Patrick_65,Doody204,iter,1,0.25
Patrick_65,Doody207,iter,1,0.25
Patrick_65,baby182,iter,1,0.25
Patrick_65,daddy193,iter,1,0.25
Patrick_65,daddy196,iter,1,0.25
Patrick_65,daddy200,iter,1,0.25
Patrick_65,horsey215,iter,1,0.25
Patrick_65,horsey216,iter,1,0.25
Patrick_65,tractor1370,iter,1,0.25
Patrick_65,uh oh1076,iter,1,0.25
Patrick_65,uh oh1077,iter,1,0.25
Patrick_65,water217,iter,1,0.25
Patrick_65,water219,iter,1,0.25
Patrick_66,D2188,iter,1,0.25
Patrick_66,D2192,iter,1,0.25
Patrick_66,Doody203,iter,1,0.25
Patrick_66,Doody207,iter,1,0.25
Patrick_66,daddy193,iter,1,0.25
Patrick_66,daddy194,iter,1,0.25
Patrick_66,daddy195,iter,1,0.25
Patrick_66,daddy202,iter,1,0.25
Patrick_66,horsey212,iter,1,0.25
Patrick_66,horsey214,iter,1,0.25
Patrick_66,uh oh1076,iter,1,0.25
Patrick_66,uh oh1080,iter,1,0.25
Patrick_66,water217,iter,1,0.25
Patrick_66,water221,iter,1,0.25
Patrick_67,D2184,iter,1,0.25
Patrick_67,D2189,iter,1,0.25
Patrick_67,D2190,iter,1,0.25
Patrick_67,Doody203,iter,1,0.25
Patrick_67,Doody205,iter,1,0.25
Patrick_67,Doody206,iter,1,0.25
Patrick_67,Doody208,iter,1,0.25
Patrick_67,daddy201,iter,1,0.25
Patrick_67,daddy202,iter,1,0.25
Patrick_67,horsey213,iter,1,0.25
Patrick_67,horsey214,iter,1,0.25
Patrick_67,tractor1369,iter,1,0.25
Patrick_67,uh oh1079,iter,1,0.25
Patrick_67,water219,iter,1,0.25
Patrick_67,water221,iter,1,0.25
Patrick_67,water222,iter,1,0.25
Patrick_67,water223,iter,1,0.25
Patrick_68,D2185,iter,1,0.25
Patrick_68,D2187,iter,1,0.25
Patrick_68,D2190,iter,1,0.25
Patrick_68,daddy193,iter,1,0.25
Patrick_68,daddy195,iter,1,0.25
Patrick_68,daddy196,iter,1,0.25
Patrick_68,tractor1369,iter,1,0.25
Patrick_68,tractor1370,iter,1,0.25
Patrick_69,D2186,iter,1,0.25
Patrick_69,D2189,iter,1,0.25
Patrick_69,D2190,iter,1,0.25
Patrick_69,D2191,iter,1,0.25
Patrick_69,Doody205,iter,1,0.25
Patrick_69,Doody207,iter,1,0.25
Patrick_69,daddy195,iter,1,0.25
Patrick_69,daddy198,iter,1,0.25
Patrick_69,hello210,iter,1,0.25
Patrick_69,horsey213,iter,1,0.25
Patrick_69,horsey215,iter,1,0.25
Patrick_69,horsey216,iter,1,0.25
Patrick_69,tractor1370,iter,1,0.25
Patrick_69,water217,iter,1,0.25
Patrick_69,water219,iter,1,0.25
Patrick_69,water221,iter,1,0.25
Patrick_7,D2184,iter,1,0.25
Patrick_7,D2189,iter,1,0.25
Patrick_7,D2192,iter,1,0.25
Patrick_7,Doody206,iter,1,0.25
Patrick_7,baby181,iter,1,0.25
Patrick_7,daddy194,iter,1,0.25
Patrick_7,daddy200,iter,1,0.25
Patrick_7,daddy202,iter,1,0.25
Patrick_7,horsey211,iter,1,0.25
Patrick_7,horsey212,iter,1,0.25
Patrick_7,horsey214,iter,1,0.25
Patrick_7,horsey215,iter,1,0.25
Patrick_7,uh oh1076,iter,1,0.25
Patrick_7,uh oh1080,iter,1,0.25
Patrick_7,water217,iter,1,0.25
Patrick_7,water218,iter,1,0.25
Patrick_7,water219,iter,1,0.25
Patrick_7,water222,iter,1,0.25
Patrick_7,water223,iter,1,0.25
Patrick_70,D2188,iter,1,0.25
Patrick_70,D2189,iter,1,0.25
Patrick_70,D2190,iter,1,0.25
Patrick_70,Doody207,iter,1,0.25
Patrick_70,baby181,iter,1,0.25
Patrick_70,baby182,iter,1,0.25
Patrick_70,daddy196,iter,1,0.25
Patrick_70,daddy198,iter,1,0.25
Patrick_70,daddy201,iter,1,0.25
Patrick_70,daddy202,iter,1,0.25
Patrick_70,horsey213,iter,1,0.25
Patrick_70,horsey216,iter,1,0.25
Patrick_70,uh oh1077,iter,1,0.25
Patrick_70,water218,iter,1,0.25
Patrick_70,water219,iter,1,0.25
Patrick_70,water220,iter,1,0.25
Patrick_72,D2186,iter,1,0.25
Patrick_72,D2190,iter,1,0.25
Patrick_72,D2192,iter,1,0.25
Patrick_72,Doody203,iter,1,0.25
Patrick_72,Doody204,iter,1,0.25
Patrick_72,baby182,iter,1,0.25
Patrick_72,daddy199,iter,1,0.25
Patrick_72,daddy200,iter,1,0.25
Patrick_72,daddy201,iter,1,0.25
Patrick_72,horsey216,iter,1,0.25
Patrick_72,tractor1369,iter,1,0.25
Patrick_72,uh oh1077,iter,1,0.25
Patrick_72,uh oh1080,iter,1,0.25
Patrick_72,water218,iter,1,0.25
Patrick_72,water219,iter,1,0.25
Patrick_72,water221,iter,1,0.25
Patrick_72,water222,iter,1,0.25
Patrick_73,Doody203,iter,1,0.25
Patrick_73,Doody205,iter,1,0.25
Patrick_73,Doody208,iter,1,0.25
Patrick_73,daddy196,iter,1,0.25
Patrick_73,daddy198,iter,1,0.25
Patrick_73,daddy201,iter,1,0.25
Patrick_73,horsey213,iter,1,0.25
Patrick_73,horsey215,iter,1,0.25
Patrick_73,uh oh1077,iter,1,0.25
Patrick_73,uh oh1078,iter,1,0.25
Patrick_73,uh oh1080,iter,1,0.25
Patrick_74,D2184,iter,1,0.25
Patrick_74,D2188,iter,1,0.25
Patrick_74,D2189,iter,1,0.25
Patrick_74,D2191,iter,1,0.25
Patrick_74,Doody206,iter,1,0.25
Patrick_74,daddy196,iter,1,0.25
Patrick_74,daddy197,iter,1,0.25
Patrick_74,daddy201,iter,1,0.25
Patrick_74,horsey212,iter,1,0.25
Patrick_74,horsey216,iter,1,0.25
Patrick_74,tractor1369,iter,1,0.25
Patrick_74,tractor1370,iter,1,0.25
Patrick_74,uh oh1077,iter,1,0.25
Patrick_74,uh oh1078,iter,1,0.25
Patrick_74,water217,iter,1,0.25
Patrick_74,water219,iter,1,0.25
Patrick_74,water221,iter,1,0.25
Patrick_75,squeak squeak1372,iter,1,0.25
Patrick_76,D2187,iter,1,0.25
Patrick_76,D2190,iter,1,0.25
Patrick_76,D2191,iter,1,0.25
Patrick_76,Doody203,iter,1,0.25
Patrick_76,Doody204,iter,1,0.25
Patrick_76,baby181,iter,1,0.25
Patrick_76,daddy198,iter,1,0.25
Patrick_76,daddy200,iter,1,0.25
Patrick_76,daddy201,iter,1,0.25
Patrick_76,daddy202,iter,1,0.25
Patrick_76,horsey212,iter,1,0.25
Patrick_76,horsey215,iter,1,0.25
Patrick_76,uh oh1076,iter,1,0.25
Patrick_76,uh oh1078,iter,1,0.25
Patrick_76,uh oh1079,iter,1,0.25
Patrick_76,water217,iter,1,0.25
Patrick_76,water220,iter,1,0.25
Patrick_78,D2184,iter,1,0.25
Patrick_78,D2185,iter,1,0.25
Patrick_78,D2186,iter,1,0.25
Patrick_78,D2187,iter,1,0.25
Patrick_78,D2189,iter,1,0.25
Patrick_78,D2191,iter,1,0.25
Patrick_78,Doody208,iter,1,0.25
Patrick_78,baby182,iter,1,0.25
Patrick_78,daddy193,iter,1,0.25
Patrick_78,daddy197,iter,1,0.25
Patrick_78,horsey213,iter,1,0.25
Patrick_78,horsey215,iter,1,0.25
Patrick_78,uh oh1077,iter,1,0.25
Patrick_78,uh oh1078,iter,1,0.25
Patrick_78,water219,iter,1,0.25
Patrick_78,water222,iter,1,0.25
Patrick_79,D2184,iter,1,0.25
Patrick_79,D2186,iter,1,0.25
Patrick_79,D2189,iter,1,0.25
Patrick_79,Doody205,iter,1,0.25
Patrick_79,Doody207,iter,1,0.25
Patrick_79,baby181,iter,1,0.25
Patrick_79,daddy193,iter,1,0.25
Patrick_79,daddy196,iter,1,0.25
Patrick_79,hello209,iter,1,0.25
Patrick_79,horsey213,iter,1,0.25
Patrick_79,horsey215,iter,1,0.25
Patrick_79,tractor1370,iter,1,0.25
Patrick_79,uh oh1077,iter,1,0.25
Patrick_79,water218,iter,1,0.25
Patrick_79,water223,iter,1,0.25
Patrick_8,D2185,iter,1,0.25
Patrick_8,D2190,iter,1,0.25
Patrick_8,Doody206,iter,1,0.25
Patrick_8,Doody207,iter,1,0.25
Patrick_8,baby182,iter,1,0.25
Patrick_8,daddy194,iter,1,0.25
Patrick_8,daddy198,iter,1,0.25
Patrick_8,daddy199,iter,1,0.25
Patrick_8,daddy202,iter,1,0.25
Patrick_8,horsey213,iter,1,0.25
Patrick_8,horsey214,iter,1,0.25
Patrick_8,uh oh1077,iter,1,0.25
Patrick_8,water217,iter,1,0.25
Patrick_8,water220,iter,1,0.25
Patrick_8,water221,iter,1,0.25
Patrick_8,water222,iter,1,0.25
Patrick_80,D2187,iter,1,0.25
Patrick_80,Doody205,iter,1,0.25
Patrick_80,Doody206,iter,1,0.25
Patrick_80,daddy194,iter,1,0.25
Patrick_80,daddy196,iter,1,0.25
Patrick_80,daddy199,iter,1,0.25
Patrick_80,hello209,iter,1,0.25
Patrick_80,horsey211,iter,1,0.25
Patrick_80,horsey213,iter,1,0.25
Patrick_80,horsey214,iter,1,0.25
Patrick_80,horsey215,iter,1,0.25
Patrick_80,uh oh1077,iter,1,0.25
Patrick_80,uh oh1080,iter,1,0.25
Patrick_80,water217,iter,1,0.25
Patrick_80,water223,iter,1,0.25
Patrick_81,D2185,iter,1,0.25
Patrick_81,D2186,iter,1,0.25
Patrick_81,D2188,iter,1,0.25
Patrick_81,Doody203,iter,1,0.25
Patrick_81,Doody204,iter,1,0.25
Patrick_81,baby181,iter,1,0.25
Patrick_81,daddy195,iter,1,0.25
Patrick_81,daddy196,iter,1,0.25
Patrick_81,daddy197,iter,1,0.25
Patrick_81,daddy202,iter,1,0.25
Patrick_81,horsey211,iter,1,0.25
Patrick_81,horsey212,iter,1,0.25
Patrick_81,horsey213,iter,1,0.25
Patrick_81,uh oh1076,iter,1,0.25
Patrick_81,uh oh1080,iter,1,0.25
Patrick_81,water218,iter,1,0.25
Patrick_81,water222,iter,1,0.25
Patrick_82,D2184,iter,1,0.25
Patrick_82,D2185,iter,1,0.25
Patrick_82,D2189,iter,1,0.25
Patrick_82,D2191,iter,1,0.25
Patrick_82,D2192,iter,1,0.25
Patrick_82,Doody208,iter,1,0.25
Patrick_82,daddy193,iter,1,0.25
Patrick_82,daddy202,iter,1,0.25
Patrick_82,horsey212,iter,1,0.25
Patrick_82,horsey214,iter,1,0.25
Patrick_82,uh oh1077,iter,1,0.25
Patrick_82,uh oh1079,iter,1,0.25
Patrick_82,water217,iter,1,0.25
Patrick_82,water218,iter,1,0.25
Patrick_82,water221,iter,1,0.25
Patrick_82,water222,iter,1,0.25
Patrick_82,water223,iter,1,0.25
Patrick_83,D2185,iter,1,0.25
Patrick_83,D2186,iter,1,0.25
Patrick_83,D2187,iter,1,0.25
Patrick_83,D2189,iter,1,0.25
Patrick_83,Doody208,iter,1,0.25
Patrick_83,daddy193,iter,1,0.25
Patrick_83,daddy196,iter,1,0.25
Patrick_83,daddy200,iter,1,0.25
Patrick_83,hello209,iter,1,0.25
Patrick_83,horsey214,iter,1,0.25
Patrick_83,uh oh1076,iter,1,0.25
Patrick_83,uh oh1077,iter,1,0.25
Patrick_83,uh oh1079,iter,1,0.25
Patrick_83,uh oh1080,iter,1,0.25
Patrick_83,water222,iter,1,0.25
Patrick_84,D2184,iter,1,0.25
Patrick_84,D2186,iter,1,0.25
Patrick_84,D2187,iter,1,0.25
Patrick_84,D2189,iter,1,0.25
Patrick_84,D2191,iter,1,0.25
Patrick_84,D2192,iter,1,0.25
Patrick_84,Doody207,iter,1,0.25
Patrick_84,daddy194,iter,1,0.25
Patrick_84,daddy197,iter,1,0.25
Patrick_84,daddy199,iter,1,0.25
Patrick_84,hello210,iter,1,0.25
Patrick_84,uh oh1076,iter,1,0.25
Patrick_84,uh oh1077,iter,1,0.25
Patrick_84,uh oh1079,iter,1,0.25
Patrick_84,water219,iter,1,0.25
Patrick_84,water220,iter,1,0.25
Patrick_84,water222,iter,1,0.25
Patrick_85,D2187,iter,1,0.25
Patrick_85,D2191,iter,1,0.25
Patrick_85,D2192,iter,1,0.25
Patrick_85,Doody203,iter,1,0.25
Patrick_85,Doody206,iter,1,0.25
Patrick_85,Doody207,iter,1,0.25
Patrick_85,daddy193,iter,1,0.25
Patrick_85,daddy194,iter,1,0.25
Patrick_85,daddy197,iter,1,0.25
Patrick_85,daddy202,iter,1,0.25
Patrick_85,horsey212,iter,1,0.25
Patrick_85,horsey215,iter,1,0.25
Patrick_85,tractor1369,iter,1,0.25
Patrick_85,uh oh1076,iter,1,0.25
Patrick_85,water217,iter,1,0.25
Patrick_85,water223,iter,1,0.25
Patrick_86,quack quack225,iter,1,0.25
Patrick_87,D2186,iter,1,0.25
Patrick_87,D2188,iter,1,0.25
Patrick_87,D2190,iter,1,0.25
Patrick_87,D2191,iter,1,0.25
Patrick_87,Doody206,iter,1,0.25
Patrick_87,Doody207,iter,1,0.25
Patrick_87,Doody208,iter,1,0.25
Patrick_87,daddy193,iter,1,0.25
Patrick_87,daddy195,iter,1,0.25
Patrick_87,daddy196,iter,1,0.25
Patrick_87,daddy198,iter,1,0.25
Patrick_87,daddy200,iter,1,0.25
Patrick_87,horsey212,iter,1,0.25
Patrick_87,horsey216,iter,1,0.25
Patrick_87,uh oh1078,iter,1,0.25
Patrick_87,uh oh1080,iter,1,0.25
Patrick_87,water218,iter,1,0.25
Patrick_87,water219,iter,1,0.25
Patrick_87,water223,iter,1,0.25
Patrick_88,D2184,iter,1,0.25
Patrick_88,D2186,iter,1,0.25
Patrick_88,Doody206,iter,1,0.25
Patrick_88,Doody207,iter,1,0.25
Patrick_88,baby181,iter,1,0.25
Patrick_88,daddy193,iter,1,0.25
Patrick_88,daddy195,iter,1,0.25
Patrick_88,daddy197,iter,1,0.25
Patrick_88,daddy202,iter,1,0.25
Patrick_88,uh oh1077,iter,1,0.25
Patrick_88,water219,iter,1,0.25
Patrick_88,water220,iter,1,0.25
Patrick_88,water221,iter,1,0.25
Patrick_89,D2184,iter,1,0.25
Patrick_89,D2186,iter,1,0.25
Patrick_89,D2187,iter,1,0.25
Patrick_89,Doody204,iter,1,0.25
Patrick_89,Doody205,iter,1,0.25
Patrick_89,Doody207,iter,1,0.25
Patrick_89,baby182,iter,1,0.25
Patrick_89,daddy198,iter,1,0.25
Patrick_89,horsey213,iter,1,0.25
Patrick_89,horsey214,iter,1,0.25
Patrick_89,horsey215,iter,1,0.25
Patrick_89,tractor1369,iter,1,0.25
Patrick_89,tractor1370,iter,1,0.25
Patrick_89,uh oh1080,iter,1,0.25
Patrick_89,water219,iter,1,0.25
Patrick_89,water220,iter,1,0.25
Patrick_89,water223,iter,1,0.25
Patrick_9,D2186,iter,1,0.25
Patrick_9,D2188,iter,1,0.25
Patrick_9,D2189,iter,1,0.25
Patrick_9,D2190,iter,1,0.25
Patrick_9,D2191,iter,1,0.25
Patrick_9,Doody204,iter,1,0.25
Patrick_9,Doody205,iter,1,0.25
Patrick_9,daddy194,iter,1,0.25
Patrick_9,daddy199,iter,1,0.25
Patrick_90,D2186,iter,1,0.25
Patrick_90,D2188,iter,1,0.25
Patrick_90,D2189,iter,1,0.25
Patrick_90,D2192,iter,1,0.25
Patrick_90,Doody203,iter,1,0.25
Patrick_90,Doody208,iter,1,0.25
Patrick_90,daddy196,iter,1,0.25
Patrick_90,daddy197,iter,1,0.25
Patrick_90,daddy202,iter,1,0.25
Patrick_90,horsey211,iter,1,0.25
Patrick_90,horsey212,iter,1,0.25
Patrick_90,horsey213,iter,1,0.25
Patrick_90,uh oh1077,iter,1,0.25
Patrick_90,uh oh1078,iter,1,0.25
Patrick_90,uh oh1080,iter,1,0.25
Patrick_90,water220,iter,1,0.25
Patrick_90,water221,iter,1,0.25
Patrick_90,water222,iter,1,0.25
Patrick_91,D2184,iter,1,0.25
Patrick_91,D2190,iter,1,0.25
Patrick_91,Doody203,iter,1,0.25
Patrick_91,Doody205,iter,1,0.25
Patrick_91,daddy193,iter,1,0.25
Patrick_91,daddy195,iter,1,0.25
Patrick_91,daddy199,iter,1,0.25
Patrick_91,daddy201,iter,1,0.25
Patrick_91,hello209,iter,1,0.25
Patrick_91,hello210,iter,1,0.25
Patrick_91,horsey216,iter,1,0.25
Patrick_91,uh oh1076,iter,1,0.25
Patrick_91,uh oh1080,iter,1,0.25
Patrick_91,water220,iter,1,0.25
Patrick_91,water222,iter,1,0.25
Patrick_91,water223,iter,1,0.25
Patrick_92,D2184,iter,1,0.25
Patrick_92,D2186,iter,1,0.25
Patrick_92,D2187,iter,1,0.25
Patrick_92,D2188,iter,1,0.25
Patrick_92,D2189,iter,1,0.25
Patrick_92,Doody203,iter,1,0.25
Patrick_92,Doody205,iter,1,0.25
Patrick_92,daddy194,iter,1,0.25
Patrick_92,daddy198,iter,1,0.25
Patrick_92,daddy201,iter,1,0.25
Patrick_92,hello209,iter,1,0.25
Patrick_92,horsey211,iter,1,0.25
Patrick_92,horsey215,iter,1,0.25
Patrick_92,horsey216,iter,1,0.25
Patrick_92,tractor1370,iter,1,0.25
Patrick_92,uh oh1077,iter,1,0.25
Patrick_92,uh oh1079,iter,1,0.25
Patrick_92,water217,iter,1,0.25
Patrick_92,water218,iter,1,0.25
Patrick_92,water220,iter,1,0.25
Patrick_93,D2187,iter,1,0.25
Patrick_93,baby182,iter,1,0.25
Patrick_93,daddy195,iter,1,0.25
Patrick_93,daddy196,iter,1,0.25
Patrick_93,daddy197,iter,1,0.25
Patrick_93,daddy198,iter,1,0.25
Patrick_93,daddy200,iter,1,0.25
Patrick_93,daddy202,iter,1,0.25
Patrick_93,hello210,iter,1,0.25
Patrick_93,horsey213,iter,1,0.25
Patrick_93,horsey216,iter,1,0.25
Patrick_93,uh oh1077,iter,1,0.25
Patrick_93,uh oh1078,iter,1,0.25
Patrick_93,uh oh1080,iter,1,0.25
Patrick_93,water218,iter,1,0.25
Patrick_93,water222,iter,1,0.25
Patrick_93,water223,iter,1,0.25
Patrick_94,D2186,iter,1,0.25
Patrick_94,D2187,iter,1,0.25
Patrick_94,Doody203,iter,1,0.25
Patrick_94,Doody204,iter,1,0.25
Patrick_94,Doody206,iter,1,0.25
Patrick_94,Doody207,iter,1,0.25
Patrick_94,daddy193,iter,1,0.25
Patrick_94,daddy200,iter,1,0.25
Patrick_94,horsey216,iter,1,0.25
Patrick_94,uh oh1077,iter,1,0.25
Patrick_94,water218,iter,1,0.25
Patrick_94,water220,iter,1,0.25
Patrick_94,water223,iter,1,0.25
Patrick_95,D2184,iter,1,0.25
Patrick_95,D2185,iter,1,0.25
Patrick_95,D2188,iter,1,0.25
Patrick_95,D2189,iter,1,0.25
Patrick_95,D2190,iter,1,0.25
Patrick_95,D2192,iter,1,0.25
Patrick_95,Doody204,iter,1,0.25
Patrick_95,Doody206,iter,1,0.25
Patrick_95,Doody207,iter,1,0.25
Patrick_95,daddy194,iter,1,0.25
Patrick_95,daddy195,iter,1,0.25
Patrick_95,daddy197,iter,1,0.25
Patrick_95,daddy202,iter,1,0.25
Patrick_95,uh oh1079,iter,1,0.25
Patrick_95,water222,iter,1,0.25
Patrick_95,water223,iter,1,0.25
Patrick_96,D2184,iter,1,0.25
Patrick_96,D2188,iter,1,0.25
Patrick_96,D2190,iter,1,0.25
Patrick_96,D2191,iter,1,0.25
Patrick_96,baby182,iter,1,0.25
Patrick_96,daddy193,iter,1,0.25
Patrick_96,daddy195,iter,1,0.25
Patrick_96,daddy197,iter,1,0.25
Patrick_96,daddy198,iter,1,0.25
Patrick_96,daddy199,iter,1,0.25
Patrick_96,water219,iter,1,0.25
Patrick_96,water220,iter,1,0.25
Patrick_96,water221,iter,1,0.25
Patrick_96,water223,iter,1,0.25
Patrick_97,D2184,iter,1,0.25
Patrick_97,D2189,iter,1,0.25
Patrick_97,D2190,iter,1,0.25
Patrick_97,D2191,iter,1,0.25
Patrick_97,Doody204,iter,1,0.25
Patrick_97,Doody206,iter,1,0.25
Patrick_97,daddy194,iter,1,0.25
Patrick_97,daddy198,iter,1,0.25
Patrick_97,daddy200,iter,1,0.25
Patrick_97,daddy201,iter,1,0.25
Patrick_97,daddy202,iter,1,0.25
Patrick_97,hello209,iter,1,0.25
Patrick_97,hello210,iter,1,0.25
Patrick_97,uh oh1079,iter,1,0.25
Patrick_97,water217,iter,1,0.25
Patrick_97,water219,iter,1,0.25
Patrick_97,water221,iter,1,0.25
Patrick_97,water222,iter,1,0.25
Patrick_97,water223,iter,1,0.25
Patrick_98,D2185,iter,1,0.25
Patrick_98,D2186,iter,1,0.25
Patrick_98,D2187,iter,1,0.25
Patrick_98,D2190,iter,1,0.25
Patrick_98,Doody203,iter,1,0.25
Patrick_98,Doody204,iter,1,0.25
Patrick_98,Doody207,iter,1,0.25
Patrick_98,hello209,iter,1,0.25
Patrick_98,horsey212,iter,1,0.25
Patrick_98,horsey214,iter,1,0.25
Patrick_98,horsey215,iter,1,0.25
Patrick_98,uh oh1079,iter,1,0.25
Patrick_98,uh oh1080,iter,1,0.25
Patrick_98,water218,iter,1,0.25
Patrick_98,water223,iter,1,0.25
Patrick_99,D2188,iter,1,0.25
Patrick_99,D2189,iter,1,0.25
Patrick_99,Doody203,iter,1,0.25
Patrick_99,Doody204,iter,1,0.25
Patrick_99,Doody205,iter,1,0.25
Patrick_99,daddy195,iter,1,0.25
Patrick_99,daddy198,iter,1,0.25
Patrick_99,daddy199,iter,1,0.25
Patrick_99,daddy200,iter,1,0.25
Patrick_99,daddy202,iter,1,0.25
Patrick_99,hello209,iter,1,0.25
Patrick_99,horsey213,iter,1,0.25
Patrick_99,horsey214,iter,1,0.25
Patrick_99,uh oh1076,iter,1,0.25
Patrick_99,uh oh1079,iter,1,0.25
Patrick_99,water217,iter,1,0.25
Patrick_99,water220,iter,1,0.25
Rachel_1,Beba231,iter,1,0.25
Rachel_1,away1082,iter,1,0.25
Rachel_1,baby227,iter,1,0.25
Rachel_1,baby228,iter,1,0.25
Rachel_1,baby229,iter,1,0.25
Rachel_10,Beba230,iter,1,0.25
Rachel_10,Beba231,iter,1,0.25
Rachel_10,Mummy242,iter,1,0.25
Rachel_10,Mummy243,iter,1,0.25
Rachel_10,apple1081,iter,1,0.25
Rachel_10,baby227,iter,1,0.25
Rachel_10,baby228,iter,1,0.25
Rachel_10,baby229,iter,1,0.25
Rachel_10,doggy234,iter,1,0.25
Rachel_10,doggy236,iter,1,0.25
Rachel_10,doggy237,iter,1,0.25
Rachel_10,doggy239,iter,1,0.25
Rachel_100,Beba230,iter,1,0.25
Rachel_100,Beba231,iter,1,0.25
Rachel_100,baby227,iter,1,0.25
Rachel_100,baby229,iter,1,0.25
Rachel_100,beep beep232,iter,1,0.25
Rachel_100,piggy245,iter,1,0.25
Rachel_11,Beba230,iter,1,0.25
Rachel_11,Beba231,iter,1,0.25
Rachel_11,baby227,iter,1,0.25
Rachel_11,doggy234,iter,1,0.25
Rachel_11,doggy235,iter,1,0.25
Rachel_11,doggy236,iter,1,0.25
Rachel_11,doggy237,iter,1,0.25
Rachel_11,doggy238,iter,1,0.25
Rachel_11,hello241,iter,1,0.25
Rachel_11,piggy245,iter,1,0.25
Rachel_12,Beba230,iter,1,0.25
Rachel_12,Mummy243,iter,1,0.25
Rachel_12,apple1081,iter,1,0.25
Rachel_12,away1082,iter,1,0.25
Rachel_12,baby227,iter,1,0.25
Rachel_12,beep beep232,iter,1,0.25
Rachel_12,doggy234,iter,1,0.25
Rachel_12,doggy236,iter,1,0.25
Rachel_12,doggy237,iter,1,0.25
Rachel_12,doggy238,iter,1,0.25
Rachel_12,doggy239,iter,1,0.25
Rachel_13,quack quack246,iter,1,0.25
Rachel_14,Beba230,iter,1,0.25
Rachel_14,Beba231,iter,1,0.25
Rachel_14,baby228,iter,1,0.25
Rachel_14,baby229,iter,1,0.25
Rachel_14,doggy234,iter,1,0.25
Rachel_14,doggy235,iter,1,0.25
Rachel_14,doggy236,iter,1,0.25
Rachel_14,doggy237,iter,1,0.25
Rachel_14,hello241,iter,1,0.25
Rachel_15,Beba230,iter,1,0.25
Rachel_15,Beba231,iter,1,0.25
Rachel_16,night night1378,iter,1,0.25
Rachel_17,Beba230,iter,1,0.25
Rachel_17,Mummy243,iter,1,0.25
Rachel_17,apple1081,iter,1,0.25
Rachel_17,baby228,iter,1,0.25
Rachel_17,baby229,iter,1,0.25
Rachel_17,doggy234,iter,1,0.25
Rachel_17,doggy235,iter,1,0.25
Rachel_17,doggy236,iter,1,0.25
Rachel_17,doggy237,iter,1,0.25
Rachel_17,doggy238,iter,1,0.25
Rachel_17,piggy245,iter,1,0.25
Rachel_18,Beba230,iter,1,0.25
Rachel_18,Beba231,iter,1,0.25
Rachel_18,Daisy233,iter,1,0.25
Rachel_18,Mummy242,iter,1,0.25
Rachel_18,Mummy243,iter,1,0.25
Rachel_18,apple1081,iter,1,0.25
Rachel_18,baby227,iter,1,0.25
Rachel_18,baby229,iter,1,0.25
Rachel_18,doggy234,iter,1,0.25
Rachel_18,doggy235,iter,1,0.25
Rachel_18,doggy238,iter,1,0.25
Rachel_18,piggy245,iter,1,0.25
Rachel_19,Beba230,iter,1,0.25
Rachel_19,Beba231,iter,1,0.25
Rachel_19,Mummy242,iter,1,0.25
Rachel_19,Mummy243,iter,1,0.25
Rachel_19,baby228,iter,1,0.25
Rachel_19,baby229,iter,1,0.25
Rachel_19,doggy234,iter,1,0.25
Rachel_19,doggy235,iter,1,0.25
Rachel_19,doggy237,iter,1,0.25
Rachel_19,doggy238,iter,1,0.25
Rachel_19,doggy239,iter,1,0.25
Rachel_19,hello241,iter,1,0.25
Rachel_2,Beba230,iter,1,0.25
Rachel_2,Beba231,iter,1,0.25
Rachel_2,Daisy233,iter,1,0.25
Rachel_2,Mummy242,iter,1,0.25
Rachel_2,Mummy244,iter,1,0.25
Rachel_2,away1082,iter,1,0.25
Rachel_2,baby227,iter,1,0.25
Rachel_2,baby228,iter,1,0.25
Rachel_2,doggy234,iter,1,0.25
Rachel_2,doggy235,iter,1,0.25
Rachel_2,doggy237,iter,1,0.25
Rachel_2,doggy238,iter,1,0.25
Rachel_2,doggy239,iter,1,0.25
Rachel_20,Beba230,iter,1,0.25
Rachel_20,Beba231,iter,1,0.25
Rachel_20,Mummy244,iter,1,0.25
Rachel_20,baby227,iter,1,0.25
Rachel_20,baby228,iter,1,0.25
Rachel_20,baby229,iter,1,0.25
Rachel_20,doggy235,iter,1,0.25
Rachel_20,doggy236,iter,1,0.25
Rachel_20,doggy237,iter,1,0.25
Rachel_20,doggy238,iter,1,0.25
Rachel_20,hello241,iter,1,0.25
Rachel_20,piggy245,iter,1,0.25
Rachel_22,Beba230,iter,1,0.25
Rachel_22,Beba231,iter,1,0.25
Rachel_22,Mummy244,iter,1,0.25
Rachel_22,apple1081,iter,1,0.25
Rachel_22,baby227,iter,1,0.25
Rachel_22,beep beep232,iter,1,0.25
Rachel_22,doggy234,iter,1,0.25
Rachel_22,doggy235,iter,1,0.25
Rachel_22,doggy237,iter,1,0.25
Rachel_22,doggy238,iter,1,0.25
Rachel_22,piggy245,iter,1,0.25
Rachel_24,Daisy233,iter,1,0.25
Rachel_24,doggy234,iter,1,0.25
Rachel_24,doggy235,iter,1,0.25
Rachel_24,doggy236,iter,1,0.25
Rachel_24,doggy237,iter,1,0.25
Rachel_24,doggy238,iter,1,0.25
Rachel_24,hello241,iter,1,0.25
Rachel_24,piggy245,iter,1,0.25
Rachel_27,Beba230,iter,1,0.25
Rachel_27,Beba231,iter,1,0.25
Rachel_27,Daisy233,iter,1,0.25
Rachel_27,baby227,iter,1,0.25
Rachel_27,baby228,iter,1,0.25
Rachel_27,baby229,iter,1,0.25
Rachel_27,doggy234,iter,1,0.25
Rachel_27,doggy238,iter,1,0.25
Rachel_27,piggy245,iter,1,0.25
Rachel_28,Beba230,iter,1,0.25
Rachel_28,Daisy233,iter,1,0.25
Rachel_28,Mummy242,iter,1,0.25
Rachel_28,apple1081,iter,1,0.25
Rachel_28,away1082,iter,1,0.25
Rachel_28,baby227,iter,1,0.25
Rachel_28,baby228,iter,1,0.25
Rachel_28,baby229,iter,1,0.25
Rachel_28,doggy235,iter,1,0.25
Rachel_28,doggy236,iter,1,0.25
Rachel_28,doggy238,iter,1,0.25
Rachel_28,piggy245,iter,1,0.25
Rachel_29,Beba231,iter,1,0.25
Rachel_29,Daisy233,iter,1,0.25
Rachel_29,Mummy242,iter,1,0.25
Rachel_29,Mummy243,iter,1,0.25
Rachel_29,Mummy244,iter,1,0.25
Rachel_29,baby227,iter,1,0.25
Rachel_29,baby228,iter,1,0.25
Rachel_29,beep beep232,iter,1,0.25
Rachel_29,doggy236,iter,1,0.25
Rachel_29,doggy237,iter,1,0.25
Rachel_29,doggy239,iter,1,0.25
Rachel_29,piggy245,iter,1,0.25
Rachel_3,Beba231,iter,1,0.25
Rachel_3,Daisy233,iter,1,0.25
Rachel_3,Mummy242,iter,1,0.25
Rachel_3,Mummy243,iter,1,0.25
Rachel_3,baby229,iter,1,0.25
Rachel_3,beep beep232,iter,1,0.25
Rachel_3,doggy234,iter,1,0.25
Rachel_3,doggy235,iter,1,0.25
Rachel_3,doggy236,iter,1,0.25
Rachel_3,doggy237,iter,1,0.25
Rachel_3,doggy238,iter,1,0.25
Rachel_3,doggy239,iter,1,0.25
Rachel_30,Beba230,iter,1,0.25
Rachel_30,Beba231,iter,1,0.25
Rachel_30,apple1081,iter,1,0.25
Rachel_30,away1082,iter,1,0.25
Rachel_30,baby227,iter,1,0.25
Rachel_30,baby228,iter,1,0.25
Rachel_30,doggy235,iter,1,0.25
Rachel_30,doggy236,iter,1,0.25
Rachel_30,doggy239,iter,1,0.25
Rachel_30,piggy245,iter,1,0.25
Rachel_31,Beba230,iter,1,0.25
Rachel_31,Beba231,iter,1,0.25
Rachel_31,Daisy233,iter,1,0.25
Rachel_31,Mummy242,iter,1,0.25
Rachel_31,Mummy243,iter,1,0.25
Rachel_31,Mummy244,iter,1,0.25
Rachel_31,apple1081,iter,1,0.25
Rachel_31,away1082,iter,1,0.25
Rachel_31,doggy234,iter,1,0.25
Rachel_31,doggy235,iter,1,0.25
Rachel_31,doggy236,iter,1,0.25
Rachel_31,doggy237,iter,1,0.25
Rachel_31,doggy238,iter,1,0.25
Rachel_31,piggy245,iter,1,0.25
Rachel_32,Beba230,iter,1,0.25
Rachel_32,Beba231,iter,1,0.25
Rachel_32,Daisy233,iter,1,0.25
Rachel_32,Mummy242,iter,1,0.25
Rachel_32,Mummy244,iter,1,0.25
Rachel_32,apple1081,iter,1,0.25
Rachel_32,away1082,iter,1,0.25
Rachel_32,baby227,iter,1,0.25
Rachel_32,baby228,iter,1,0.25
Rachel_32,baby229,iter,1,0.25
Rachel_32,beep beep232,iter,1,0.25
Rachel_32,doggy234,iter,1,0.25
Rachel_32,doggy236,iter,1,0.25
Rachel_32,doggy238,iter,1,0.25
Rachel_32,doggy239,iter,1,0.25
Rachel_34,Beba231,iter,1,0.25
Rachel_34,Daisy233,iter,1,0.25
Rachel_34,Mummy242,iter,1,0.25
Rachel_34,Mummy243,iter,1,0.25
Rachel_34,Mummy244,iter,1,0.25
Rachel_34,apple1081,iter,1,0.25
Rachel_34,away1082,iter,1,0.25
Rachel_34,baby228,iter,1,0.25
Rachel_34,beep beep232,iter,1,0.25
Rachel_34,doggy234,iter,1,0.25
Rachel_34,doggy236,iter,1,0.25
Rachel_34,doggy237,iter,1,0.25
Rachel_34,doggy238,iter,1,0.25
Rachel_35,quack quack247,iter,1,0.25
Rachel_36,night night1377,iter,1,0.25
Rachel_37,Beba230,iter,1,0.25
Rachel_37,Beba231,iter,1,0.25
Rachel_37,Mummy243,iter,1,0.25
Rachel_37,Mummy244,iter,1,0.25
Rachel_37,apple1081,iter,1,0.25
Rachel_37,away1082,iter,1,0.25
Rachel_37,baby228,iter,1,0.25
Rachel_37,baby229,iter,1,0.25
Rachel_37,doggy234,iter,1,0.25
Rachel_37,doggy236,iter,1,0.25
Rachel_37,doggy237,iter,1,0.25
Rachel_37,doggy239,iter,1,0.25
Rachel_37,piggy245,iter,1,0.25
Rachel_38,Beba230,iter,1,0.25
Rachel_38,Beba231,iter,1,0.25
Rachel_38,Mummy244,iter,1,0.25
Rachel_38,apple1081,iter,1,0.25
Rachel_38,away1082,iter,1,0.25
Rachel_38,baby227,iter,1,0.25
Rachel_38,baby229,iter,1,0.25
Rachel_38,doggy234,iter,1,0.25
Rachel_38,doggy235,iter,1,0.25
Rachel_38,doggy236,iter,1,0.25
Rachel_38,doggy237,iter,1,0.25
Rachel_38,doggy238,iter,1,0.25
Rachel_38,doggy239,iter,1,0.25
Rachel_38,piggy245,iter,1,0.25
Rachel_39,Beba231,iter,1,0.25
Rachel_39,Mummy243,iter,1,0.25
Rachel_39,Mummy244,iter,1,0.25
Rachel_39,away1082,iter,1,0.25
Rachel_39,baby227,iter,1,0.25
Rachel_39,baby228,iter,1,0.25
Rachel_39,beep beep232,iter,1,0.25
Rachel_39,doggy234,iter,1,0.25
Rachel_39,doggy235,iter,1,0.25
Rachel_39,doggy236,iter,1,0.25
Rachel_39,doggy239,iter,1,0.25
Rachel_41,Beba230,iter,1,0.25
Rachel_41,Mummy242,iter,1,0.25
Rachel_41,Mummy243,iter,1,0.25
Rachel_41,Mummy244,iter,1,0.25
Rachel_41,apple1081,iter,1,0.25
Rachel_41,baby227,iter,1,0.25
Rachel_41,baby228,iter,1,0.25
Rachel_41,baby229,iter,1,0.25
Rachel_41,beep beep232,iter,1,0.25
Rachel_41,doggy234,iter,1,0.25
Rachel_41,doggy235,iter,1,0.25
Rachel_41,doggy236,iter,1,0.25
Rachel_41,doggy238,iter,1,0.25
Rachel_41,doggy239,iter,1,0.25
Rachel_42,night night1378,iter,1,0.25
Rachel_43,Beba230,iter,1,0.25
Rachel_43,Beba231,iter,1,0.25
Rachel_43,baby227,iter,1,0.25
Rachel_43,beep beep232,iter,1,0.25
Rachel_43,piggy245,iter,1,0.25
Rachel_44,Beba230,iter,1,0.25
Rachel_44,Beba231,iter,1,0.25
Rachel_44,Daisy233,iter,1,0.25
Rachel_44,Mummy242,iter,1,0.25
Rachel_44,away1082,iter,1,0.25
Rachel_44,baby228,iter,1,0.25
Rachel_44,baby229,iter,1,0.25
Rachel_44,beep beep232,iter,1,0.25
Rachel_44,doggy234,iter,1,0.25
Rachel_44,doggy235,iter,1,0.25
Rachel_44,doggy236,iter,1,0.25
Rachel_44,doggy237,iter,1,0.25
Rachel_44,piggy245,iter,1,0.25
Rachel_45,Beba230,iter,1,0.25
Rachel_45,baby227,iter,1,0.25
Rachel_45,baby229,iter,1,0.25
Rachel_45,doggy234,iter,1,0.25
Rachel_45,doggy236,iter,1,0.25
Rachel_45,doggy238,iter,1,0.25
Rachel_45,doggy239,iter,1,0.25
Rachel_46,Beba230,iter,1,0.25
Rachel_46,Beba231,iter,1,0.25
Rachel_46,Mummy242,iter,1,0.25
Rachel_46,Mummy243,iter,1,0.25
Rachel_46,Mummy244,iter,1,0.25
Rachel_46,apple1081,iter,1,0.25
Rachel_46,baby228,iter,1,0.25
Rachel_46,baby229,iter,1,0.25
Rachel_46,doggy234,iter,1,0.25
Rachel_46,doggy235,iter,1,0.25
Rachel_46,doggy237,iter,1,0.25
Rachel_46,doggy238,iter,1,0.25
Rachel_46,doggy239,iter,1,0.25
Rachel_46,piggy245,iter,1,0.25
Rachel_47,flowers1375,iter,1,0.25
Rachel_49,Beba230,iter,1,0.25
Rachel_49,Daisy233,iter,1,0.25
Rachel_49,Mummy243,iter,1,0.25
Rachel_49,Mummy244,iter,1,0.25
Rachel_49,baby227,iter,1,0.25
Rachel_49,baby228,iter,1,0.25
Rachel_49,baby229,iter,1,0.25
Rachel_49,doggy235,iter,1,0.25
Rachel_49,doggy236,iter,1,0.25
Rachel_49,doggy237,iter,1,0.25
Rachel_49,doggy238,iter,1,0.25
Rachel_49,doggy239,iter,1,0.25
Rachel_49,hello241,iter,1,0.25
Rachel_49,piggy245,iter,1,0.25
Rachel_5,Beba231,iter,1,0.25
Rachel_5,Mummy244,iter,1,0.25
Rachel_5,away1082,iter,1,0.25
Rachel_5,baby228,iter,1,0.25
Rachel_5,baby229,iter,1,0.25
Rachel_5,doggy234,iter,1,0.25
Rachel_5,doggy236,iter,1,0.25
Rachel_5,doggy237,iter,1,0.25
Rachel_5,doggy238,iter,1,0.25
Rachel_5,hello241,iter,1,0.25
Rachel_5,piggy245,iter,1,0.25
Rachel_51,Beba230,iter,1,0.25
Rachel_51,Beba231,iter,1,0.25
Rachel_51,Mummy242,iter,1,0.25
Rachel_51,Mummy243,iter,1,0.25
Rachel_51,Mummy244,iter,1,0.25
Rachel_51,baby228,iter,1,0.25
Rachel_51,baby229,iter,1,0.25
Rachel_51,doggy235,iter,1,0.25
Rachel_51,doggy237,iter,1,0.25
Rachel_51,doggy239,iter,1,0.25
Rachel_51,piggy245,iter,1,0.25
Rachel_52,Beba230,iter,1,0.25
Rachel_52,Beba231,iter,1,0.25
Rachel_52,Mummy243,iter,1,0.25
Rachel_52,away1082,iter,1,0.25
Rachel_52,baby227,iter,1,0.25
Rachel_52,doggy234,iter,1,0.25
Rachel_52,doggy235,iter,1,0.25
Rachel_52,doggy236,iter,1,0.25
Rachel_52,doggy237,iter,1,0.25
Rachel_52,doggy238,iter,1,0.25
Rachel_52,doggy239,iter,1,0.25
Rachel_54,Beba230,iter,1,0.25
Rachel_54,Beba231,iter,1,0.25
Rachel_54,Daisy233,iter,1,0.25
Rachel_54,Mummy242,iter,1,0.25
Rachel_54,Mummy243,iter,1,0.25
Rachel_54,Mummy244,iter,1,0.25
Rachel_54,baby227,iter,1,0.25
Rachel_54,baby229,iter,1,0.25
Rachel_54,beep beep232,iter,1,0.25
Rachel_54,doggy234,iter,1,0.25
Rachel_54,doggy235,iter,1,0.25
Rachel_54,doggy237,iter,1,0.25
Rachel_54,doggy238,iter,1,0.25
Rachel_54,doggy239,iter,1,0.25
Rachel_54,piggy245,iter,1,0.25
Rachel_55,doggy234,iter,1,0.25
Rachel_55,doggy235,iter,1,0.25
Rachel_55,doggy236,iter,1,0.25
Rachel_55,doggy238,iter,1,0.25
Rachel_55,doggy239,iter,1,0.25
Rachel_56,Beba230,iter,1,0.25
Rachel_56,Beba231,iter,1,0.25
Rachel_56,Mummy243,iter,1,0.25
Rachel_56,Mummy244,iter,1,0.25
Rachel_56,apple1081,iter,1,0.25
Rachel_56,baby227,iter,1,0.25
Rachel_56,baby229,iter,1,0.25
Rachel_56,doggy234,iter,1,0.25
Rachel_56,doggy235,iter,1,0.25
Rachel_56,doggy237,iter,1,0.25
Rachel_56,doggy238,iter,1,0.25
Rachel_56,doggy239,iter,1,0.25
Rachel_57,Beba231,iter,1,0.25
Rachel_57,Daisy233,iter,1,0.25
Rachel_57,Mummy243,iter,1,0.25
Rachel_57,Mummy244,iter,1,0.25
Rachel_57,apple1081,iter,1,0.25
Rachel_57,away1082,iter,1,0.25
Rachel_57,baby227,iter,1,0.25
Rachel_57,baby229,iter,1,0.25
Rachel_57,doggy234,iter,1,0.25
Rachel_57,doggy236,iter,1,0.25
Rachel_58,Beba230,iter,1,0.25
Rachel_58,Daisy233,iter,1,0.25
Rachel_58,Mummy242,iter,1,0.25
Rachel_58,Mummy243,iter,1,0.25
Rachel_58,Mummy244,iter,1,0.25
Rachel_58,away1082,iter,1,0.25
Rachel_58,baby228,iter,1,0.25
Rachel_58,doggy234,iter,1,0.25
Rachel_58,doggy236,iter,1,0.25
Rachel_58,doggy237,iter,1,0.25
Rachel_58,doggy238,iter,1,0.25
Rachel_58,doggy239,iter,1,0.25
Rachel_58,hello241,iter,1,0.25
Rachel_58,piggy245,iter,1,0.25
Rachel_59,night night1378,iter,1,0.25
Rachel_6,Beba230,iter,1,0.25
Rachel_6,Beba231,iter,1,0.25
Rachel_6,Mummy242,iter,1,0.25
Rachel_6,Mummy243,iter,1,0.25
Rachel_6,Mummy244,iter,1,0.25
Rachel_6,baby227,iter,1,0.25
Rachel_6,baby228,iter,1,0.25
Rachel_6,baby229,iter,1,0.25
Rachel_6,doggy236,iter,1,0.25
Rachel_6,doggy237,iter,1,0.25
Rachel_6,doggy238,iter,1,0.25
Rachel_6,doggy239,iter,1,0.25
Rachel_6,hello241,iter,1,0.25
Rachel_60,Beba231,iter,1,0.25
Rachel_60,Mummy242,iter,1,0.25
Rachel_60,Mummy243,iter,1,0.25
Rachel_60,away1082,iter,1,0.25
Rachel_60,baby227,iter,1,0.25
Rachel_60,baby229,iter,1,0.25
Rachel_60,doggy236,iter,1,0.25
Rachel_60,doggy238,iter,1,0.25
Rachel_60,doggy239,iter,1,0.25
Rachel_60,piggy245,iter,1,0.25
Rachel_62,Daisy233,iter,1,0.25
Rachel_62,away1082,iter,1,0.25
Rachel_62,baby227,iter,1,0.25
Rachel_62,baby228,iter,1,0.25
Rachel_62,baby229,iter,1,0.25
Rachel_62,doggy235,iter,1,0.25
Rachel_62,doggy237,iter,1,0.25
Rachel_62,doggy238,iter,1,0.25
Rachel_62,doggy239,iter,1,0.25
Rachel_62,piggy245,iter,1,0.25
Rachel_63,Daisy233,iter,1,0.25
Rachel_63,Mummy242,iter,1,0.25
Rachel_63,Mummy243,iter,1,0.25
Rachel_63,Mummy244,iter,1,0.25
Rachel_63,away1082,iter,1,0.25
Rachel_63,baby229,iter,1,0.25
Rachel_63,doggy234,iter,1,0.25
Rachel_63,doggy235,iter,1,0.25
Rachel_63,doggy236,iter,1,0.25
Rachel_63,doggy237,iter,1,0.25
Rachel_63,doggy238,iter,1,0.25
Rachel_63,hello241,iter,1,0.25
Rachel_65,Beba230,iter,1,0.25
Rachel_65,Beba231,iter,1,0.25
Rachel_65,Daisy233,iter,1,0.25
Rachel_65,Mummy242,iter,1,0.25
Rachel_65,away1082,iter,1,0.25
Rachel_65,baby227,iter,1,0.25
Rachel_65,baby229,iter,1,0.25
Rachel_65,doggy234,iter,1,0.25
Rachel_65,doggy236,iter,1,0.25
Rachel_65,doggy237,iter,1,0.25
Rachel_65,hello241,iter,1,0.25
Rachel_65,piggy245,iter,1,0.25
Rachel_66,Beba231,iter,1,0.25
Rachel_66,baby227,iter,1,0.25
Rachel_66,baby228,iter,1,0.25
Rachel_66,baby229,iter,1,0.25
Rachel_67,Beba230,iter,1,0.25
Rachel_67,Beba231,iter,1,0.25
Rachel_67,Mummy242,iter,1,0.25
Rachel_67,Mummy243,iter,1,0.25
Rachel_67,baby227,iter,1,0.25
Rachel_67,baby228,iter,1,0.25
Rachel_67,doggy234,iter,1,0.25
Rachel_67,doggy236,iter,1,0.25
Rachel_67,doggy237,iter,1,0.25
Rachel_67,doggy238,iter,1,0.25
Rachel_68,Mummy242,iter,1,0.25
Rachel_68,Mummy243,iter,1,0.25
Rachel_68,Mummy244,iter,1,0.25
Rachel_68,apple1081,iter,1,0.25
Rachel_68,baby228,iter,1,0.25
Rachel_68,baby229,iter,1,0.25
Rachel_68,doggy234,iter,1,0.25
Rachel_68,doggy236,iter,1,0.25
Rachel_68,doggy237,iter,1,0.25
Rachel_68,doggy238,iter,1,0.25
Rachel_68,doggy239,iter,1,0.25
Rachel_68,piggy245,iter,1,0.25
Rachel_7,Beba230,iter,1,0.25
Rachel_7,Daisy233,iter,1,0.25
Rachel_7,Mummy244,iter,1,0.25
Rachel_7,apple1081,iter,1,0.25
Rachel_7,baby228,iter,1,0.25
Rachel_7,baby229,iter,1,0.25
Rachel_7,beep beep232,iter,1,0.25
Rachel_7,doggy235,iter,1,0.25
Rachel_7,doggy237,iter,1,0.25
Rachel_7,doggy238,iter,1,0.25
Rachel_7,doggy239,iter,1,0.25
Rachel_7,piggy245,iter,1,0.25
Rachel_71,Beba230,iter,1,0.25
Rachel_71,Daisy233,iter,1,0.25
Rachel_71,Mummy242,iter,1,0.25
Rachel_71,Mummy244,iter,1,0.25
Rachel_71,apple1081,iter,1,0.25
Rachel_71,away1082,iter,1,0.25
Rachel_71,baby227,iter,1,0.25
Rachel_71,baby228,iter,1,0.25
Rachel_71,baby229,iter,1,0.25
Rachel_71,beep beep232,iter,1,0.25
Rachel_71,doggy234,iter,1,0.25
Rachel_71,doggy235,iter,1,0.25
Rachel_71,doggy236,iter,1,0.25
Rachel_71,doggy237,iter,1,0.25
Rachel_71,doggy238,iter,1,0.25
Rachel_71,doggy239,iter,1,0.25
Rachel_72,Beba230,iter,1,0.25
Rachel_72,Beba231,iter,1,0.25
Rachel_72,Mummy242,iter,1,0.25
Rachel_72,Mummy243,iter,1,0.25
Rachel_72,Mummy244,iter,1,0.25
Rachel_72,baby227,iter,1,0.25
Rachel_72,baby228,iter,1,0.25
Rachel_72,baby229,iter,1,0.25
Rachel_72,doggy234,iter,1,0.25
Rachel_72,doggy235,iter,1,0.25
Rachel_72,doggy236,iter,1,0.25
Rachel_72,doggy238,iter,1,0.25
Rachel_73,Beba230,iter,1,0.25
Rachel_73,Beba231,iter,1,0.25
Rachel_73,Daisy233,iter,1,0.25
Rachel_73,Mummy242,iter,1,0.25
Rachel_73,Mummy244,iter,1,0.25
Rachel_73,away1082,iter,1,0.25
Rachel_73,baby227,iter,1,0.25
Rachel_73,baby228,iter,1,0.25
Rachel_73,doggy234,iter,1,0.25
Rachel_73,doggy236,iter,1,0.25
Rachel_73,doggy237,iter,1,0.25
Rachel_74,Beba230,iter,1,0.25
Rachel_74,Daisy233,iter,1,0.25
Rachel_74,Mummy242,iter,1,0.25
Rachel_74,Mummy243,iter,1,0.25
Rachel_74,Mummy244,iter,1,0.25
Rachel_74,away1082,iter,1,0.25
Rachel_74,baby228,iter,1,0.25
Rachel_74,baby229,iter,1,0.25
Rachel_74,doggy235,iter,1,0.25
Rachel_74,doggy237,iter,1,0.25
Rachel_74,doggy238,iter,1,0.25
Rachel_77,Beba231,iter,1,0.25
Rachel_77,Daisy233,iter,1,0.25
Rachel_77,Mummy242,iter,1,0.25
Rachel_77,Mummy243,iter,1,0.25
Rachel_77,Mummy244,iter,1,0.25
Rachel_77,away1082,iter,1,0.25
Rachel_77,baby228,iter,1,0.25
Rachel_77,baby229,iter,1,0.25
Rachel_77,doggy234,iter,1,0.25
Rachel_77,doggy235,iter,1,0.25
Rachel_77,doggy236,iter,1,0.25
Rachel_77,doggy237,iter,1,0.25
Rachel_77,doggy238,iter,1,0.25
Rachel_77,doggy239,iter,1,0.25
Rachel_78,Beba230,iter,1,0.25
Rachel_78,Beba231,iter,1,0.25
Rachel_78,Daisy233,iter,1,0.25
Rachel_78,Mummy242,iter,1,0.25
Rachel_78,Mummy244,iter,1,0.25
Rachel_78,away1082,iter,1,0.25
Rachel_78,doggy234,iter,1,0.25
Rachel_78,doggy236,iter,1,0.25
Rachel_78,doggy237,iter,1,0.25
Rachel_78,doggy238,iter,1,0.25
Rachel_78,doggy239,iter,1,0.25
Rachel_78,piggy245,iter,1,0.25
Rachel_79,Mummy242,iter,1,0.25
Rachel_79,Mummy243,iter,1,0.25
Rachel_79,Mummy244,iter,1,0.25
Rachel_79,away1082,iter,1,0.25
Rachel_79,baby227,iter,1,0.25
Rachel_79,baby229,iter,1,0.25
Rachel_79,doggy234,iter,1,0.25
Rachel_79,doggy235,iter,1,0.25
Rachel_79,doggy236,iter,1,0.25
Rachel_79,doggy237,iter,1,0.25
Rachel_79,doggy239,iter,1,0.25
Rachel_79,hello241,iter,1,0.25
Rachel_79,piggy245,iter,1,0.25
Rachel_8,Beba231,iter,1,0.25
Rachel_8,baby228,iter,1,0.25
Rachel_8,baby229,iter,1,0.25
Rachel_8,piggy245,iter,1,0.25
Rachel_80,night night1378,iter,1,0.25
Rachel_82,Beba231,iter,1,0.25
Rachel_82,Daisy233,iter,1,0.25
Rachel_82,Mummy242,iter,1,0.25
Rachel_82,Mummy243,iter,1,0.25
Rachel_82,away1082,iter,1,0.25
Rachel_82,baby227,iter,1,0.25
Rachel_82,baby228,iter,1,0.25
Rachel_82,baby229,iter,1,0.25
Rachel_82,doggy235,iter,1,0.25
Rachel_82,doggy237,iter,1,0.25
Rachel_82,doggy238,iter,1,0.25
Rachel_82,doggy239,iter,1,0.25
Rachel_83,Beba230,iter,1,0.25
Rachel_83,Beba231,iter,1,0.25
Rachel_83,Mummy242,iter,1,0.25
Rachel_83,Mummy243,iter,1,0.25
Rachel_83,apple1081,iter,1,0.25
Rachel_83,away1082,iter,1,0.25
Rachel_83,baby227,iter,1,0.25
Rachel_83,baby229,iter,1,0.25
Rachel_83,doggy234,iter,1,0.25
Rachel_83,doggy235,iter,1,0.25
Rachel_83,doggy236,iter,1,0.25
Rachel_83,doggy238,iter,1,0.25
Rachel_83,doggy239,iter,1,0.25
Rachel_83,piggy245,iter,1,0.25
Rachel_84,Beba230,iter,1,0.25
Rachel_84,Daisy233,iter,1,0.25
Rachel_84,Mummy242,iter,1,0.25
Rachel_84,Mummy243,iter,1,0.25
Rachel_84,Mummy244,iter,1,0.25
Rachel_84,baby227,iter,1,0.25
Rachel_84,baby228,iter,1,0.25
Rachel_84,baby229,iter,1,0.25
Rachel_84,doggy235,iter,1,0.25
Rachel_84,doggy238,iter,1,0.25
Rachel_84,doggy239,iter,1,0.25
Rachel_84,hello241,iter,1,0.25
Rachel_84,piggy245,iter,1,0.25
Rachel_85,Beba230,iter,1,0.25
Rachel_85,Beba231,iter,1,0.25
Rachel_85,Mummy242,iter,1,0.25
Rachel_85,Mummy244,iter,1,0.25
Rachel_85,apple1081,iter,1,0.25
Rachel_85,away1082,iter,1,0.25
Rachel_85,baby227,iter,1,0.25
Rachel_85,baby228,iter,1,0.25
Rachel_85,baby229,iter,1,0.25
Rachel_85,beep beep232,iter,1,0.25
Rachel_85,doggy234,iter,1,0.25
Rachel_85,doggy235,iter,1,0.25
Rachel_85,doggy236,iter,1,0.25
Rachel_85,doggy237,iter,1,0.25
Rachel_86,Beba230,iter,1,0.25
Rachel_86,Beba231,iter,1,0.25
Rachel_86,Mummy242,iter,1,0.25
Rachel_86,Mummy243,iter,1,0.25
Rachel_86,Mummy244,iter,1,0.25
Rachel_86,baby227,iter,1,0.25
Rachel_86,baby228,iter,1,0.25
Rachel_86,baby229,iter,1,0.25
Rachel_86,doggy234,iter,1,0.25
Rachel_86,doggy235,iter,1,0.25
Rachel_86,doggy238,iter,1,0.25
Rachel_86,doggy239,iter,1,0.25
Rachel_86,hello241,iter,1,0.25
Rachel_86,piggy245,iter,1,0.25
Rachel_87,Beba230,iter,1,0.25
Rachel_87,Beba231,iter,1,0.25
Rachel_87,Mummy242,iter,1,0.25
Rachel_87,Mummy243,iter,1,0.25
Rachel_87,Mummy244,iter,1,0.25
Rachel_87,apple1081,iter,1,0.25
Rachel_87,baby227,iter,1,0.25
Rachel_87,baby229,iter,1,0.25
Rachel_87,doggy235,iter,1,0.25
Rachel_87,doggy236,iter,1,0.25
Rachel_87,doggy237,iter,1,0.25
Rachel_87,doggy239,iter,1,0.25
Rachel_88,Beba230,iter,1,0.25
Rachel_88,Beba231,iter,1,0.25
Rachel_88,Daisy233,iter,1,0.25
Rachel_88,Mummy243,iter,1,0.25
Rachel_88,Mummy244,iter,1,0.25
Rachel_88,baby227,iter,1,0.25
Rachel_88,doggy234,iter,1,0.25
Rachel_88,doggy235,iter,1,0.25
Rachel_88,doggy237,iter,1,0.25
Rachel_88,doggy238,iter,1,0.25
Rachel_88,hello241,iter,1,0.25
Rachel_89,Beba230,iter,1,0.25
Rachel_89,Mummy242,iter,1,0.25
Rachel_89,Mummy243,iter,1,0.25
Rachel_89,Mummy244,iter,1,0.25
Rachel_89,away1082,iter,1,0.25
Rachel_89,baby227,iter,1,0.25
Rachel_89,baby228,iter,1,0.25
Rachel_89,baby229,iter,1,0.25
Rachel_89,beep beep232,iter,1,0.25
Rachel_89,doggy234,iter,1,0.25
Rachel_89,doggy235,iter,1,0.25
Rachel_89,doggy237,iter,1,0.25
Rachel_89,piggy245,iter,1,0.25
Rachel_91,Beba230,iter,1,0.25
Rachel_91,Mummy242,iter,1,0.25
Rachel_91,Mummy244,iter,1,0.25
Rachel_91,baby229,iter,1,0.25
Rachel_91,doggy234,iter,1,0.25
Rachel_91,doggy235,iter,1,0.25
Rachel_91,doggy236,iter,1,0.25
Rachel_91,doggy237,iter,1,0.25
Rachel_91,doggy239,iter,1,0.25
Rachel_91,piggy245,iter,1,0.25
Rachel_92,Daisy233,iter,1,0.25
Rachel_92,Mummy244,iter,1,0.25
Rachel_92,away1082,iter,1,0.25
Rachel_92,baby228,iter,1,0.25
Rachel_92,baby229,iter,1,0.25
Rachel_92,doggy234,iter,1,0.25
Rachel_92,doggy235,iter,1,0.25
Rachel_92,doggy236,iter,1,0.25
Rachel_92,doggy237,iter,1,0.25
Rachel_92,doggy238,iter,1,0.25
Rachel_92,doggy239,iter,1,0.25
Rachel_92,hello241,iter,1,0.25
Rachel_92,piggy245,iter,1,0.25
Rachel_93,quack quack247,iter,1,0.25
Rachel_94,Beba230,iter,1,0.25
Rachel_94,Beba231,iter,1,0.25
Rachel_94,Mummy242,iter,1,0.25
Rachel_94,Mummy243,iter,1,0.25
Rachel_94,Mummy244,iter,1,0.25
Rachel_94,baby227,iter,1,0.25
Rachel_94,baby228,iter,1,0.25
Rachel_94,baby229,iter,1,0.25
Rachel_94,beep beep232,iter,1,0.25
Rachel_94,doggy236,iter,1,0.25
Rachel_94,doggy239,iter,1,0.25
Rachel_94,piggy245,iter,1,0.25
Rachel_95,Beba230,iter,1,0.25
Rachel_95,Beba231,iter,1,0.25
Rachel_95,Mummy242,iter,1,0.25
Rachel_95,Mummy243,iter,1,0.25
Rachel_95,away1082,iter,1,0.25
Rachel_95,baby227,iter,1,0.25
Rachel_95,baby228,iter,1,0.25
Rachel_95,doggy236,iter,1,0.25
Rachel_95,doggy237,iter,1,0.25
Rachel_95,doggy238,iter,1,0.25
Rachel_95,doggy239,iter,1,0.25
Rachel_96,Beba230,iter,1,0.25
Rachel_96,Beba231,iter,1,0.25
Rachel_96,Mummy242,iter,1,0.25
Rachel_96,Mummy243,iter,1,0.25
Rachel_96,Mummy244,iter,1,0.25
Rachel_96,apple1081,iter,1,0.25
Rachel_96,baby227,iter,1,0.25
Rachel_96,beep beep232,iter,1,0.25
Rachel_96,doggy235,iter,1,0.25
Rachel_96,doggy236,iter,1,0.25
Rachel_96,doggy237,iter,1,0.25
Rachel_96,doggy238,iter,1,0.25
Rachel_96,doggy239,iter,1,0.25
Rachel_96,piggy245,iter,1,0.25
Rachel_97,Daisy233,iter,1,0.25
Rachel_97,Mummy242,iter,1,0.25
Rachel_97,Mummy244,iter,1,0.25
Rachel_97,baby228,iter,1,0.25
Rachel_97,baby229,iter,1,0.25
Rachel_97,doggy234,iter,1,0.25
Rachel_97,doggy235,iter,1,0.25
Rachel_97,doggy236,iter,1,0.25
Rachel_97,doggy238,iter,1,0.25
Rachel_97,doggy239,iter,1,0.25
Rachel_97,piggy245,iter,1,0.25
Rachel_99,flowers1375,iter,1,0.25
Radia_1,PILLOW628,iter,1,0.25
Radia_1,PILLOW629,iter,1,0.25
Radia_1,acha1264,iter,1,0.25
Radia_1,ganda630,iter,1,0.25
Radia_1,khana624,iter,1,0.25
Radia_1,nahin623,iter,1,0.25
Radia_1,nino BT637,iter,1,0.25
Radia_1,nino BT638,iter,1,0.25
Radia_1,sona643,iter,1,0.25
Radia_1,sona644,iter,1,0.25
Radia_100,Allah1262,iter,1,0.25
Radia_100,acha1264,iter,1,0.25
Radia_100,ayee!1265,iter,1,0.25
Radia_100,dadi634,iter,1,0.25
Radia_100,dadi635,iter,1,0.25
Radia_100,machar627,iter,1,0.25
Radia_11,BOTTLE619,iter,1,0.25
Radia_12,PILLOW628,iter,1,0.25
Radia_12,ayee!1265,iter,1,0.25
Radia_12,dadi634,iter,1,0.25
Radia_12,ganda630,iter,1,0.25
Radia_12,"kha lo,kha lun641",iter,1,0.25
Radia_12,khana624,iter,1,0.25
Radia_12,nino BT637,iter,1,0.25
Radia_12,nino BT638,iter,1,0.25
Radia_12,sona643,iter,1,0.25
Radia_13,PILLOW628,iter,1,0.25
Radia_13,daalu631,iter,1,0.25
Radia_13,dadi634,iter,1,0.25
Radia_13,dadi635,iter,1,0.25
Radia_13,"kha lo,kha lun641",iter,1,0.25
Radia_13,nino BT637,iter,1,0.25
Radia_13,nino BT638,iter,1,0.25
Radia_13,sona642,iter,1,0.25
Radia_14,oho!1263,iter,1,0.25
Radia_14,vava BT632,iter,1,0.25
Radia_15,Allah1262,iter,1,0.25
Radia_15,PILLOW629,iter,1,0.25
Radia_15,ayee!1265,iter,1,0.25
Radia_15,daalu631,iter,1,0.25
Radia_15,dadi634,iter,1,0.25
Radia_15,dadi635,iter,1,0.25
Radia_15,davayee640,iter,1,0.25
Radia_15,khana624,iter,1,0.25
Radia_15,nino BT638,iter,1,0.25
Radia_16,Allah1262,iter,1,0.25
Radia_16,dadi635,iter,1,0.25
Radia_16,ganda630,iter,1,0.25
Radia_16,machar627,iter,1,0.25
Radia_16,oho!1263,iter,1,0.25
Radia_17,PILLOW628,iter,1,0.25
Radia_17,PILLOW629,iter,1,0.25
Radia_17,acha1264,iter,1,0.25
Radia_17,ayee!1265,iter,1,0.25
Radia_17,dadi634,iter,1,0.25
Radia_17,dadi635,iter,1,0.25
Radia_17,khana624,iter,1,0.25
Radia_17,nahin623,iter,1,0.25
Radia_17,nino BT637,iter,1,0.25
Radia_17,nino BT638,iter,1,0.25
Radia_17,oho!1263,iter,1,0.25
Radia_17,sona643,iter,1,0.25
Radia_17,toba625,iter,1,0.25
Radia_18,Allah1262,iter,1,0.25
Radia_18,PILLOW629,iter,1,0.25
Radia_18,dadi634,iter,1,0.25
Radia_18,dadi635,iter,1,0.25
Radia_18,davayee640,iter,1,0.25
Radia_18,nino BT637,iter,1,0.25
Radia_18,sona643,iter,1,0.25
Radia_18,sona644,iter,1,0.25
Radia_19,oho!1263,iter,1,0.25
Radia_19,vava BT633,iter,1,0.25
Radia_2,dadi634,iter,1,0.25
Radia_2,dadi635,iter,1,0.25
Radia_2,davayee640,iter,1,0.25
Radia_20,nahin623,iter,1,0.25
Radia_20,oho!1263,iter,1,0.25
Radia_21,nahin623,iter,1,0.25
Radia_21,oho!1263,iter,1,0.25
Radia_24,PILLOW628,iter,1,0.25
Radia_24,PILLOW629,iter,1,0.25
Radia_24,dadi634,iter,1,0.25
Radia_24,dadi635,iter,1,0.25
Radia_24,davayee640,iter,1,0.25
Radia_24,"kha lo,kha lun641",iter,1,0.25
Radia_24,khana624,iter,1,0.25
Radia_24,sona643,iter,1,0.25
Radia_24,sona644,iter,1,0.25
Radia_25,PILLOW628,iter,1,0.25
Radia_25,acha1264,iter,1,0.25
Radia_25,dadi635,iter,1,0.25
Radia_25,davayee640,iter,1,0.25
Radia_25,ganda630,iter,1,0.25
Radia_25,khana624,iter,1,0.25
Radia_25,nahin623,iter,1,0.25
Radia_25,nino BT637,iter,1,0.25
Radia_25,nino BT638,iter,1,0.25
Radia_25,sona642,iter,1,0.25
Radia_25,sona643,iter,1,0.25
Radia_26,nahin623,iter,1,0.25
Radia_26,oho!1263,iter,1,0.25
Radia_26,vava BT633,iter,1,0.25
Radia_27,PILLOW629,iter,1,0.25
Radia_27,chalo618,iter,1,0.25
Radia_27,daalu631,iter,1,0.25
Radia_27,ganda630,iter,1,0.25
Radia_27,"kha lo,kha lun641",iter,1,0.25
Radia_28,daalu631,iter,1,0.25
Radia_29,dadi634,iter,1,0.25
Radia_29,dadi635,iter,1,0.25
Radia_3,Allah1262,iter,1,0.25
Radia_3,PILLOW628,iter,1,0.25
Radia_3,PILLOW629,iter,1,0.25
Radia_30,Allah1262,iter,1,0.25
Radia_30,PILLOW628,iter,1,0.25
Radia_30,PILLOW629,iter,1,0.25
Radia_30,acha1264,iter,1,0.25
Radia_30,ayee!1265,iter,1,0.25
Radia_30,chalo618,iter,1,0.25
Radia_30,daalu631,iter,1,0.25
Radia_30,ganda630,iter,1,0.25
Radia_31,PILLOW628,iter,1,0.25
Radia_31,PILLOW629,iter,1,0.25
Radia_31,ayee!1265,iter,1,0.25
Radia_31,dadi635,iter,1,0.25
Radia_31,ganda630,iter,1,0.25
Radia_31,"kha lo,kha lun641",iter,1,0.25
Radia_31,khana624,iter,1,0.25
Radia_31,nino BT637,iter,1,0.25
Radia_31,nino BT638,iter,1,0.25
Radia_31,sona642,iter,1,0.25
Radia_31,sona643,iter,1,0.25
Radia_33,PILLOW629,iter,1,0.25
Radia_33,daalu631,iter,1,0.25
Radia_33,davayee640,iter,1,0.25
Radia_33,nino BT637,iter,1,0.25
Radia_33,nino BT638,iter,1,0.25
Radia_33,sona642,iter,1,0.25
Radia_33,sona643,iter,1,0.25
Radia_33,sona644,iter,1,0.25
Radia_34,acha1264,iter,1,0.25
Radia_34,machar627,iter,1,0.25
Radia_36,acha1264,iter,1,0.25
Radia_36,machar626,iter,1,0.25
Radia_37,Allah1262,iter,1,0.25
Radia_37,acha1264,iter,1,0.25
Radia_37,ayee!1265,iter,1,0.25
Radia_37,ganda630,iter,1,0.25
Radia_37,nino BT638,iter,1,0.25
Radia_37,sona642,iter,1,0.25
Radia_37,sona643,iter,1,0.25
Radia_37,sona644,iter,1,0.25
Radia_38,PILLOW629,iter,1,0.25
Radia_38,dadi634,iter,1,0.25
Radia_38,dadi635,iter,1,0.25
Radia_38,davayee640,iter,1,0.25
Radia_38,ganda630,iter,1,0.25
Radia_38,"kha lo,kha lun641",iter,1,0.25
Radia_38,nahin623,iter,1,0.25
Radia_38,nino BT637,iter,1,0.25
Radia_38,nino BT638,iter,1,0.25
Radia_38,sona643,iter,1,0.25
Radia_38,sona644,iter,1,0.25
Radia_39,PILLOW628,iter,1,0.25
Radia_39,acha1264,iter,1,0.25
Radia_39,ganda630,iter,1,0.25
Radia_39,"kha lo,kha lun641",iter,1,0.25
Radia_4,PILLOW628,iter,1,0.25
Radia_4,PILLOW629,iter,1,0.25
Radia_4,ayee!1265,iter,1,0.25
Radia_4,dadi635,iter,1,0.25
Radia_4,davayee640,iter,1,0.25
Radia_4,nino BT637,iter,1,0.25
Radia_4,nino BT638,iter,1,0.25
Radia_4,sona642,iter,1,0.25
Radia_40,nahin623,iter,1,0.25
Radia_41,BOTTLE620,iter,1,0.25
Radia_41,dadi635,iter,1,0.25
Radia_42,nahin623,iter,1,0.25
Radia_43,daalu631,iter,1,0.25
Radia_43,dadi634,iter,1,0.25
Radia_43,davayee640,iter,1,0.25
Radia_43,khana624,iter,1,0.25
Radia_43,nino BT637,iter,1,0.25
Radia_43,nino BT638,iter,1,0.25
Radia_43,sona642,iter,1,0.25
Radia_43,sona643,iter,1,0.25
Radia_44,acha1264,iter,1,0.25
Radia_44,machar627,iter,1,0.25
Radia_45,PILLOW628,iter,1,0.25
Radia_45,PILLOW629,iter,1,0.25
Radia_45,acha1264,iter,1,0.25
Radia_45,daalu631,iter,1,0.25
Radia_45,"kha lo,kha lun641",iter,1,0.25
Radia_48,PILLOW629,iter,1,0.25
Radia_48,ayee!1265,iter,1,0.25
Radia_48,dadi634,iter,1,0.25
Radia_48,dadi635,iter,1,0.25
Radia_48,davayee640,iter,1,0.25
Radia_48,ganda630,iter,1,0.25
Radia_48,khana624,iter,1,0.25
Radia_48,nino BT638,iter,1,0.25
Radia_48,sona644,iter,1,0.25
Radia_49,machar626,iter,1,0.25
Radia_50,oho!1263,iter,1,0.25
Radia_51,dadi634,iter,1,0.25
Radia_51,dadi635,iter,1,0.25
Radia_51,davayee640,iter,1,0.25
Radia_51,toba625,iter,1,0.25
Radia_52,acha1264,iter,1,0.25
Radia_54,acha1264,iter,1,0.25
Radia_54,machar627,iter,1,0.25
Radia_55,PILLOW628,iter,1,0.25
Radia_55,ayee!1265,iter,1,0.25
Radia_55,dadi634,iter,1,0.25
Radia_55,dadi635,iter,1,0.25
Radia_55,davayee640,iter,1,0.25
Radia_55,khana624,iter,1,0.25
Radia_55,nino BT637,iter,1,0.25
Radia_55,sona642,iter,1,0.25
Radia_55,sona643,iter,1,0.25
Radia_55,sona644,iter,1,0.25
Radia_56,PILLOW628,iter,1,0.25
Radia_56,PILLOW629,iter,1,0.25
Radia_56,ayee!1265,iter,1,0.25
Radia_56,dadi634,iter,1,0.25
Radia_56,dadi635,iter,1,0.25
Radia_56,ganda630,iter,1,0.25
Radia_56,khana624,iter,1,0.25
Radia_56,nino BT637,iter,1,0.25
Radia_56,sona642,iter,1,0.25
Radia_56,sona643,iter,1,0.25
Radia_56,sona644,iter,1,0.25
Radia_57,Allah1262,iter,1,0.25
Radia_57,PILLOW629,iter,1,0.25
Radia_57,ayee!1265,iter,1,0.25
Radia_57,davayee640,iter,1,0.25
Radia_57,khana624,iter,1,0.25
Radia_57,nino BT637,iter,1,0.25
Radia_57,nino BT638,iter,1,0.25
Radia_57,sona642,iter,1,0.25
Radia_57,sona643,iter,1,0.25
Radia_58,BOTTLE619,iter,1,0.25
Radia_58,PILLOW629,iter,1,0.25
Radia_58,acha1264,iter,1,0.25
Radia_58,ayee!1265,iter,1,0.25
Radia_58,dadi635,iter,1,0.25
Radia_58,"kha lo,kha lun641",iter,1,0.25
Radia_58,khana624,iter,1,0.25
Radia_58,nahin623,iter,1,0.25
Radia_58,oho!1263,iter,1,0.25
Radia_58,sona643,iter,1,0.25
Radia_58,sona644,iter,1,0.25
Radia_59,PILLOW628,iter,1,0.25
Radia_59,ayee!1265,iter,1,0.25
Radia_59,ganda630,iter,1,0.25
Radia_59,"kha lo,kha lun641",iter,1,0.25
Radia_59,khana624,iter,1,0.25
Radia_59,nino BT637,iter,1,0.25
Radia_59,sona642,iter,1,0.25
Radia_59,sona643,iter,1,0.25
Radia_6,acha1264,iter,1,0.25
Radia_6,ayee!1265,iter,1,0.25
Radia_6,davayee640,iter,1,0.25
Radia_6,nahin623,iter,1,0.25
Radia_6,oho!1263,iter,1,0.25
Radia_6,vava BT632,iter,1,0.25
Radia_60,MAMA621,iter,1,0.25
Radia_61,ayee!1265,iter,1,0.25
Radia_61,dadi634,iter,1,0.25
Radia_61,davayee640,iter,1,0.25
Radia_61,nahin623,iter,1,0.25
Radia_61,nino BT637,iter,1,0.25
Radia_61,nino BT638,iter,1,0.25
Radia_61,theek hai1428,iter,1,0.25
Radia_61,vava BT632,iter,1,0.25
Radia_62,acha1264,iter,1,0.25
Radia_63,ayee!1265,iter,1,0.25
Radia_63,dadi635,iter,1,0.25
Radia_63,nino BT638,iter,1,0.25
Radia_63,oho!1263,iter,1,0.25
Radia_63,theek hai1428,iter,1,0.25
Radia_63,vava BT633,iter,1,0.25
Radia_64,dadi634,iter,1,0.25
Radia_64,dadi635,iter,1,0.25
Radia_65,PILLOW628,iter,1,0.25
Radia_65,ayee!1265,iter,1,0.25
Radia_65,daalu631,iter,1,0.25
Radia_65,dadi634,iter,1,0.25
Radia_65,dadi635,iter,1,0.25
Radia_65,davayee640,iter,1,0.25
Radia_65,khana624,iter,1,0.25
Radia_65,nino BT637,iter,1,0.25
Radia_65,nino BT638,iter,1,0.25
Radia_65,sona642,iter,1,0.25
Radia_65,sona643,iter,1,0.25
Radia_65,sona644,iter,1,0.25
Radia_66,acha1264,iter,1,0.25
Radia_66,ayee!1265,iter,1,0.25
Radia_66,dadi634,iter,1,0.25
Radia_66,davayee640,iter,1,0.25
Radia_66,nahin623,iter,1,0.25
Radia_66,oho!1263,iter,1,0.25
Radia_66,theek hai1428,iter,1,0.25
Radia_66,vava BT633,iter,1,0.25
Radia_67,acha1264,iter,1,0.25
Radia_67,ayee!1265,iter,1,0.25
Radia_67,ganda630,iter,1,0.25
Radia_67,khana624,iter,1,0.25
Radia_67,sona642,iter,1,0.25
Radia_68,Allah1262,iter,1,0.25
Radia_68,PILLOW628,iter,1,0.25
Radia_68,daalu631,iter,1,0.25
Radia_68,dadi634,iter,1,0.25
Radia_68,dadi635,iter,1,0.25
Radia_68,davayee640,iter,1,0.25
Radia_68,"kha lo,kha lun641",iter,1,0.25
Radia_68,khana624,iter,1,0.25
Radia_68,nino BT637,iter,1,0.25
Radia_68,nino BT638,iter,1,0.25
Radia_68,sona642,iter,1,0.25
Radia_68,sona643,iter,1,0.25
Radia_68,sona644,iter,1,0.25
Radia_7,oho!1263,iter,1,0.25
Radia_70,acha1264,iter,1,0.25
Radia_70,dadi634,iter,1,0.25
Radia_70,davayee640,iter,1,0.25
Radia_70,theek hai1428,iter,1,0.25
Radia_70,vava BT633,iter,1,0.25
Radia_72,dadi634,iter,1,0.25
Radia_72,nahin623,iter,1,0.25
Radia_72,theek hai1428,iter,1,0.25
Radia_72,vava BT633,iter,1,0.25
Radia_73,dadi634,iter,1,0.25
Radia_73,davayee640,iter,1,0.25
Radia_74,PILLOW628,iter,1,0.25
Radia_74,ayee!1265,iter,1,0.25
Radia_74,davayee640,iter,1,0.25
Radia_74,"kha lo,kha lun641",iter,1,0.25
Radia_74,nahin623,iter,1,0.25
Radia_74,nino BT637,iter,1,0.25
Radia_74,nino BT638,iter,1,0.25
Radia_74,sona643,iter,1,0.25
Radia_74,sona644,iter,1,0.25
Radia_76,acha1264,iter,1,0.25
Radia_76,machar627,iter,1,0.25
Radia_77,PILLOW628,iter,1,0.25
Radia_77,PILLOW629,iter,1,0.25
Radia_77,ayee!1265,iter,1,0.25
Radia_77,ganda630,iter,1,0.25
Radia_77,khana624,iter,1,0.25
Radia_77,nahin623,iter,1,0.25
Radia_77,nino BT637,iter,1,0.25
Radia_77,sona644,iter,1,0.25
Radia_78,ayee!1265,iter,1,0.25
Radia_78,dadi634,iter,1,0.25
Radia_78,dadi635,iter,1,0.25
Radia_78,khana624,iter,1,0.25
Radia_78,nino BT637,iter,1,0.25
Radia_78,sona643,iter,1,0.25
Radia_79,acha1264,iter,1,0.25
Radia_79,dadi634,iter,1,0.25
Radia_79,ganda630,iter,1,0.25
Radia_79,khana624,iter,1,0.25
Radia_79,oho!1263,iter,1,0.25
Radia_79,sona642,iter,1,0.25
Radia_79,sona643,iter,1,0.25
Radia_8,Allah1262,iter,1,0.25
Radia_8,PILLOW628,iter,1,0.25
Radia_8,dadi634,iter,1,0.25
Radia_8,dadi635,iter,1,0.25
Radia_8,"kha lo,kha lun641",iter,1,0.25
Radia_8,nino BT637,iter,1,0.25
Radia_8,nino BT638,iter,1,0.25
Radia_8,oho!1263,iter,1,0.25
Radia_8,sona643,iter,1,0.25
Radia_8,sona644,iter,1,0.25
Radia_81,ayee!1265,iter,1,0.25
Radia_81,daalu631,iter,1,0.25
Radia_81,"kha lo,kha lun641",iter,1,0.25
Radia_82,Allah1262,iter,1,0.25
Radia_82,ganda630,iter,1,0.25
Radia_82,machar626,iter,1,0.25
Radia_82,machar627,iter,1,0.25
Radia_83,PILLOW628,iter,1,0.25
Radia_83,dadi634,iter,1,0.25
Radia_83,davayee640,iter,1,0.25
Radia_83,"kha lo,kha lun641",iter,1,0.25
Radia_83,nino BT637,iter,1,0.25
Radia_83,sona642,iter,1,0.25
Radia_83,sona644,iter,1,0.25
Radia_84,ayee!1265,iter,1,0.25
Radia_84,dadi634,iter,1,0.25
Radia_84,dadi635,iter,1,0.25
Radia_84,nino BT637,iter,1,0.25
Radia_84,nino BT638,iter,1,0.25
Radia_84,oho!1263,iter,1,0.25
Radia_84,vava BT633,iter,1,0.25
Radia_85,acha1264,iter,1,0.25
Radia_87,Allah1262,iter,1,0.25
Radia_87,acha1264,iter,1,0.25
Radia_87,ayee!1265,iter,1,0.25
Radia_87,khana624,iter,1,0.25
Radia_87,nino BT637,iter,1,0.25
Radia_87,sona642,iter,1,0.25
Radia_9,BOTTLE620,iter,1,0.25
Radia_9,PILLOW629,iter,1,0.25
Radia_9,ayee!1265,iter,1,0.25
Radia_9,dadi635,iter,1,0.25
Radia_9,nino BT637,iter,1,0.25
Radia_9,nino BT638,iter,1,0.25
Radia_9,oho!1263,iter,1,0.25
Radia_9,sona643,iter,1,0.25
Radia_9,toba625,iter,1,0.25
Radia_90,oho!1263,iter,1,0.25
Radia_90,vava BT633,iter,1,0.25
Radia_91,PILLOW629,iter,1,0.25
Radia_91,acha1264,iter,1,0.25
Radia_91,ayee!1265,iter,1,0.25
Radia_91,daalu631,iter,1,0.25
Radia_91,ganda630,iter,1,0.25
Radia_91,"kha lo,kha lun641",iter,1,0.25
Radia_92,dadi634,iter,1,0.25
Radia_92,dadi635,iter,1,0.25
Radia_92,davayee640,iter,1,0.25
Radia_93,nahin623,iter,1,0.25
Radia_93,oho!1263,iter,1,0.25
Radia_94,PILLOW628,iter,1,0.25
Radia_94,PILLOW629,iter,1,0.25
Radia_94,acha1264,iter,1,0.25
Radia_94,dadi635,iter,1,0.25
Radia_94,"kha lo,kha lun641",iter,1,0.25
Radia_94,khana624,iter,1,0.25
Radia_94,nahin623,iter,1,0.25
Radia_94,nino BT637,iter,1,0.25
Radia_94,nino BT638,iter,1,0.25
Radia_94,oho!1263,iter,1,0.25
Radia_94,sona642,iter,1,0.25
Radia_94,sona643,iter,1,0.25
Radia_94,toba625,iter,1,0.25
Radia_95,PILLOW628,iter,1,0.25
Radia_95,PILLOW629,iter,1,0.25
Radia_95,chalo618,iter,1,0.25
Radia_95,"kha lo,kha lun641",iter,1,0.25
Radia_96,oho!1263,iter,1,0.25
Radia_96,vava BT632,iter,1,0.25
Radia_97,PILLOW629,iter,1,0.25
Radia_97,ayee!1265,iter,1,0.25
Radia_97,dadi634,iter,1,0.25
Radia_97,dadi635,iter,1,0.25
Radia_97,ganda630,iter,1,0.25
Radia_97,"kha lo,kha lun641",iter,1,0.25
Radia_97,khana624,iter,1,0.25
Radia_97,nino BT637,iter,1,0.25
Radia_98,BOTTLE620,iter,1,0.25
Radia_98,PILLOW628,iter,1,0.25
Radia_98,dadi634,iter,1,0.25
Radia_98,"kha lo,kha lun641",iter,1,0.25
Radia_98,nahin623,iter,1,0.25
Radia_98,nino BT638,iter,1,0.25
Radia_98,sona642,iter,1,0.25
Radia_98,sona644,iter,1,0.25
Radia_99,nahin623,iter,1,0.25
Romuald_1,allô1282,iter,1,0.25
Romuald_1,alors1283,iter,1,0.25
Romuald_1,alors1284,iter,1,0.25
Romuald_1,ballon747,iter,1,0.25
Romuald_1,bobo748,iter,1,0.25
Romuald_1,cassé753,iter,1,0.25
Romuald_1,cassé754,iter,1,0.25
Romuald_1,cassé756,iter,1,0.25
Romuald_1,cassé757,iter,1,0.25
Romuald_1,cassé760,iter,1,0.25
Romuald_1,cassé761,iter,1,0.25
Romuald_1,cochon763,iter,1,0.25
Romuald_1,cochon764,iter,1,0.25
Romuald_1,mouton767,iter,1,0.25
Romuald_1,mouton769,iter,1,0.25
Romuald_1,papa772,iter,1,0.25
Romuald_10,allô1282,iter,1,0.25
Romuald_10,alors1283,iter,1,0.25
Romuald_10,alors1284,iter,1,0.25
Romuald_10,ballon747,iter,1,0.25
Romuald_10,cassé752,iter,1,0.25
Romuald_10,cassé754,iter,1,0.25
Romuald_10,cassé756,iter,1,0.25
Romuald_10,cassé757,iter,1,0.25
Romuald_10,cassé758,iter,1,0.25
Romuald_10,cassé760,iter,1,0.25
Romuald_10,cassé761,iter,1,0.25
Romuald_10,cochon764,iter,1,0.25
Romuald_10,hop-là1466,iter,1,0.25
Romuald_10,mouton769,iter,1,0.25
Romuald_10,mouton771,iter,1,0.25
Romuald_10,un livre1285,iter,1,0.25
Romuald_10,un livre1286,iter,1,0.25
Romuald_10,voilà773,iter,1,0.25
Romuald_100,alors1284,iter,1,0.25
Romuald_100,ballon747,iter,1,0.25
Romuald_11,allô1282,iter,1,0.25
Romuald_11,alors1284,iter,1,0.25
Romuald_11,ballon747,iter,1,0.25
Romuald_11,cassé752,iter,1,0.25
Romuald_11,cassé753,iter,1,0.25
Romuald_11,cassé755,iter,1,0.25
Romuald_11,cassé758,iter,1,0.25
Romuald_11,cassé761,iter,1,0.25
Romuald_11,cochon763,iter,1,0.25
Romuald_11,cochon764,iter,1,0.25
Romuald_11,hop-là1464,iter,1,0.25
Romuald_11,hop-là1467,iter,1,0.25
Romuald_11,mouton767,iter,1,0.25
Romuald_11,mouton768,iter,1,0.25
Romuald_11,mouton770,iter,1,0.25
Romuald_11,un livre1285,iter,1,0.25
Romuald_12,alors1283,iter,1,0.25
Romuald_12,ballon747,iter,1,0.25
Romuald_12,hop-là1465,iter,1,0.25
Romuald_12,hop-là1466,iter,1,0.25
Romuald_12,un livre1286,iter,1,0.25
Romuald_13,alors1284,iter,1,0.25
Romuald_13,ballon747,iter,1,0.25
Romuald_13,bobo749,iter,1,0.25
Romuald_13,bobo750,iter,1,0.25
Romuald_13,bobo751,iter,1,0.25
Romuald_13,cassé752,iter,1,0.25
Romuald_13,cassé754,iter,1,0.25
Romuald_13,cassé757,iter,1,0.25
Romuald_13,cassé759,iter,1,0.25
Romuald_13,cassé760,iter,1,0.25
Romuald_13,cassé761,iter,1,0.25
Romuald_13,mouton770,iter,1,0.25
Romuald_13,mouton771,iter,1,0.25
Romuald_14,allô1282,iter,1,0.25
Romuald_14,alors1283,iter,1,0.25
Romuald_14,ballon747,iter,1,0.25
Romuald_14,hop-là1465,iter,1,0.25
Romuald_14,hop-là1467,iter,1,0.25
Romuald_14,un livre1285,iter,1,0.25
Romuald_14,un livre1286,iter,1,0.25
Romuald_15,alors1283,iter,1,0.25
Romuald_15,bobo748,iter,1,0.25
Romuald_15,bobo749,iter,1,0.25
Romuald_15,bobo750,iter,1,0.25
Romuald_15,cassé754,iter,1,0.25
Romuald_15,cassé759,iter,1,0.25
Romuald_15,cassé760,iter,1,0.25
Romuald_15,cassé761,iter,1,0.25
Romuald_15,cochon764,iter,1,0.25
Romuald_15,mouton769,iter,1,0.25
Romuald_15,mouton770,iter,1,0.25
Romuald_15,mouton771,iter,1,0.25
Romuald_15,papa772,iter,1,0.25
Romuald_16,alors1283,iter,1,0.25
Romuald_16,alors1284,iter,1,0.25
Romuald_16,ballon747,iter,1,0.25
Romuald_16,bobo750,iter,1,0.25
Romuald_16,cassé752,iter,1,0.25
Romuald_16,cassé754,iter,1,0.25
Romuald_16,cassé758,iter,1,0.25
Romuald_16,cassé761,iter,1,0.25
Romuald_16,cochon764,iter,1,0.25
Romuald_16,mouton768,iter,1,0.25
Romuald_16,mouton769,iter,1,0.25
Romuald_16,mouton770,iter,1,0.25
Romuald_17,la vache766,iter,1,0.25
Romuald_18,allô1282,iter,1,0.25
Romuald_18,alors1283,iter,1,0.25
Romuald_18,alors1284,iter,1,0.25
Romuald_18,ballon747,iter,1,0.25
Romuald_18,bobo749,iter,1,0.25
Romuald_18,cassé752,iter,1,0.25
Romuald_18,cassé753,iter,1,0.25
Romuald_18,cassé756,iter,1,0.25
Romuald_18,cassé757,iter,1,0.25
Romuald_18,cassé759,iter,1,0.25
Romuald_18,cochon764,iter,1,0.25
Romuald_18,mouton767,iter,1,0.25
Romuald_18,mouton768,iter,1,0.25
Romuald_18,mouton769,iter,1,0.25
Romuald_18,mouton770,iter,1,0.25
Romuald_19,allô1282,iter,1,0.25
Romuald_19,hop-là1465,iter,1,0.25
Romuald_19,hop-là1466,iter,1,0.25
Romuald_19,un livre1286,iter,1,0.25
Romuald_2,alors1284,iter,1,0.25
Romuald_2,ballon747,iter,1,0.25
Romuald_2,bobo749,iter,1,0.25
Romuald_2,cassé752,iter,1,0.25
Romuald_2,cassé753,iter,1,0.25
Romuald_2,cassé754,iter,1,0.25
Romuald_2,cassé756,iter,1,0.25
Romuald_2,cassé757,iter,1,0.25
Romuald_2,cassé758,iter,1,0.25
Romuald_2,cassé761,iter,1,0.25
Romuald_2,mouton768,iter,1,0.25
Romuald_2,papa772,iter,1,0.25
Romuald_20,bobo748,iter,1,0.25
Romuald_20,bobo749,iter,1,0.25
Romuald_20,bobo751,iter,1,0.25
Romuald_20,cassé754,iter,1,0.25
Romuald_20,cassé755,iter,1,0.25
Romuald_20,cassé756,iter,1,0.25
Romuald_20,cassé757,iter,1,0.25
Romuald_20,cassé758,iter,1,0.25
Romuald_20,cassé760,iter,1,0.25
Romuald_20,mouton767,iter,1,0.25
Romuald_20,mouton771,iter,1,0.25
Romuald_21,allô1282,iter,1,0.25
Romuald_21,alors1283,iter,1,0.25
Romuald_21,alors1284,iter,1,0.25
Romuald_21,bobo750,iter,1,0.25
Romuald_21,cassé752,iter,1,0.25
Romuald_21,cassé753,iter,1,0.25
Romuald_21,cassé754,iter,1,0.25
Romuald_21,cassé756,iter,1,0.25
Romuald_21,cassé757,iter,1,0.25
Romuald_21,cassé758,iter,1,0.25
Romuald_21,cassé759,iter,1,0.25
Romuald_21,cassé761,iter,1,0.25
Romuald_21,mouton768,iter,1,0.25
Romuald_21,mouton770,iter,1,0.25
Romuald_21,mouton771,iter,1,0.25
Romuald_21,papa772,iter,1,0.25
Romuald_22,bobo748,iter,1,0.25
Romuald_22,bobo749,iter,1,0.25
Romuald_22,bobo750,iter,1,0.25
Romuald_22,cassé752,iter,1,0.25
Romuald_22,cassé753,iter,1,0.25
Romuald_22,cassé755,iter,1,0.25
Romuald_22,cassé758,iter,1,0.25
Romuald_22,cassé759,iter,1,0.25
Romuald_22,cochon763,iter,1,0.25
Romuald_22,mouton768,iter,1,0.25
Romuald_22,mouton769,iter,1,0.25
Romuald_22,mouton771,iter,1,0.25
Romuald_22,papa772,iter,1,0.25
Romuald_23,allô1282,iter,1,0.25
Romuald_23,alors1283,iter,1,0.25
Romuald_23,alors1284,iter,1,0.25
Romuald_23,cassé753,iter,1,0.25
Romuald_23,cassé756,iter,1,0.25
Romuald_23,cassé758,iter,1,0.25
Romuald_23,cochon764,iter,1,0.25
Romuald_23,hop-là1465,iter,1,0.25
Romuald_23,hop-là1466,iter,1,0.25
Romuald_23,hop-là1467,iter,1,0.25
Romuald_23,mouton767,iter,1,0.25
Romuald_23,mouton770,iter,1,0.25
Romuald_23,un livre1285,iter,1,0.25
Romuald_23,un livre1286,iter,1,0.25
Romuald_24,cassé752,iter,1,0.25
Romuald_24,cassé753,iter,1,0.25
Romuald_24,cassé754,iter,1,0.25
Romuald_24,cassé755,iter,1,0.25
Romuald_24,cassé756,iter,1,0.25
Romuald_24,cassé757,iter,1,0.25
Romuald_24,cassé759,iter,1,0.25
Romuald_24,cassé761,iter,1,0.25
Romuald_24,cochon763,iter,1,0.25
Romuald_24,mouton767,iter,1,0.25
Romuald_24,mouton768,iter,1,0.25
Romuald_24,mouton769,iter,1,0.25
Romuald_25,allô1282,iter,1,0.25
Romuald_25,alors1283,iter,1,0.25
Romuald_25,ballon747,iter,1,0.25
Romuald_25,hop-là1466,iter,1,0.25
Romuald_25,hop-là1467,iter,1,0.25
Romuald_26,ballon747,iter,1,0.25
Romuald_26,bobo748,iter,1,0.25
Romuald_26,bobo749,iter,1,0.25
Romuald_26,bobo750,iter,1,0.25
Romuald_26,cassé753,iter,1,0.25
Romuald_26,cassé754,iter,1,0.25
Romuald_26,cassé756,iter,1,0.25
Romuald_26,cassé757,iter,1,0.25
Romuald_26,cassé759,iter,1,0.25
Romuald_26,cassé760,iter,1,0.25
Romuald_26,cochon764,iter,1,0.25
Romuald_26,mouton767,iter,1,0.25
Romuald_26,mouton768,iter,1,0.25
Romuald_26,mouton771,iter,1,0.25
Romuald_27,alors1283,iter,1,0.25
Romuald_27,ballon747,iter,1,0.25
Romuald_27,hop-là1464,iter,1,0.25
Romuald_27,hop-là1465,iter,1,0.25
Romuald_27,hop-là1466,iter,1,0.25
Romuald_27,un livre1285,iter,1,0.25
Romuald_27,un livre1286,iter,1,0.25
Romuald_28,allô1282,iter,1,0.25
Romuald_28,hop-là1466,iter,1,0.25
Romuald_28,un livre1285,iter,1,0.25
Romuald_28,un livre1286,iter,1,0.25
Romuald_29,allô1282,iter,1,0.25
Romuald_29,alors1283,iter,1,0.25
Romuald_29,alors1284,iter,1,0.25
Romuald_29,bobo748,iter,1,0.25
Romuald_29,bobo749,iter,1,0.25
Romuald_29,cassé752,iter,1,0.25
Romuald_29,cassé753,iter,1,0.25
Romuald_29,cassé755,iter,1,0.25
Romuald_29,cassé758,iter,1,0.25
Romuald_29,cassé759,iter,1,0.25
Romuald_29,cassé760,iter,1,0.25
Romuald_29,cochon764,iter,1,0.25
Romuald_29,mouton768,iter,1,0.25
Romuald_3,allô1282,iter,1,0.25
Romuald_3,ballon747,iter,1,0.25
Romuald_3,bobo748,iter,1,0.25
Romuald_3,bobo750,iter,1,0.25
Romuald_3,bobo751,iter,1,0.25
Romuald_3,cassé754,iter,1,0.25
Romuald_3,cassé756,iter,1,0.25
Romuald_3,cassé760,iter,1,0.25
Romuald_3,cochon764,iter,1,0.25
Romuald_3,mouton767,iter,1,0.25
Romuald_3,mouton770,iter,1,0.25
Romuald_3,mouton771,iter,1,0.25
Romuald_30,allô1282,iter,1,0.25
Romuald_30,alors1283,iter,1,0.25
Romuald_30,ballon747,iter,1,0.25
Romuald_30,cassé754,iter,1,0.25
Romuald_30,cassé756,iter,1,0.25
Romuald_30,cassé757,iter,1,0.25
Romuald_30,cassé760,iter,1,0.25
Romuald_30,cassé761,iter,1,0.25
Romuald_30,cochon763,iter,1,0.25
Romuald_30,hop-là1466,iter,1,0.25
Romuald_30,hop-là1467,iter,1,0.25
Romuald_30,mouton770,iter,1,0.25
Romuald_30,mouton771,iter,1,0.25
Romuald_30,un livre1285,iter,1,0.25
Romuald_30,voilà773,iter,1,0.25
Romuald_31,ballon747,iter,1,0.25
Romuald_31,cassé752,iter,1,0.25
Romuald_31,cassé755,iter,1,0.25
Romuald_31,cassé756,iter,1,0.25
Romuald_31,cassé758,iter,1,0.25
Romuald_31,cassé759,iter,1,0.25
Romuald_31,cochon763,iter,1,0.25
Romuald_31,cochon764,iter,1,0.25
Romuald_31,hop-là1464,iter,1,0.25
Romuald_31,mouton769,iter,1,0.25
Romuald_31,mouton770,iter,1,0.25
Romuald_31,mouton771,iter,1,0.25
Romuald_31,un livre1285,iter,1,0.25
Romuald_31,un livre1286,iter,1,0.25
Romuald_31,voilà773,iter,1,0.25
Romuald_32,allô1282,iter,1,0.25
Romuald_32,alors1283,iter,1,0.25
Romuald_32,ballon747,iter,1,0.25
Romuald_32,bobo751,iter,1,0.25
Romuald_32,cassé753,iter,1,0.25
Romuald_32,cassé754,iter,1,0.25
Romuald_32,cassé755,iter,1,0.25
Romuald_32,cassé756,iter,1,0.25
Romuald_32,cassé758,iter,1,0.25
Romuald_32,cassé759,iter,1,0.25
Romuald_32,cassé760,iter,1,0.25
Romuald_32,cassé761,iter,1,0.25
Romuald_32,cochon764,iter,1,0.25
Romuald_32,mouton770,iter,1,0.25
Romuald_32,mouton771,iter,1,0.25
Romuald_33,allô1282,iter,1,0.25
Romuald_33,alors1283,iter,1,0.25
Romuald_33,alors1284,iter,1,0.25
Romuald_33,ballon747,iter,1,0.25
Romuald_33,bobo748,iter,1,0.25
Romuald_33,bobo749,iter,1,0.25
Romuald_33,bobo750,iter,1,0.25
Romuald_33,cassé754,iter,1,0.25
Romuald_33,cassé755,iter,1,0.25
Romuald_33,cassé756,iter,1,0.25
Romuald_33,cassé759,iter,1,0.25
Romuald_33,cassé760,iter,1,0.25
Romuald_33,cassé761,iter,1,0.25
Romuald_33,cochon764,iter,1,0.25
Romuald_33,mouton768,iter,1,0.25
Romuald_33,mouton771,iter,1,0.25
Romuald_33,papa772,iter,1,0.25
Romuald_34,allô1282,iter,1,0.25
Romuald_34,alors1283,iter,1,0.25
Romuald_34,bobo748,iter,1,0.25
Romuald_34,bobo750,iter,1,0.25
Romuald_34,bobo751,iter,1,0.25
Romuald_34,cassé754,iter,1,0.25
Romuald_34,cassé755,iter,1,0.25
Romuald_34,cassé757,iter,1,0.25
Romuald_34,cassé758,iter,1,0.25
Romuald_34,cochon763,iter,1,0.25
Romuald_34,cochon764,iter,1,0.25
Romuald_34,mouton767,iter,1,0.25
Romuald_34,mouton770,iter,1,0.25
Romuald_34,mouton771,iter,1,0.25
Romuald_35,ballon747,iter,1,0.25
Romuald_35,bobo748,iter,1,0.25
Romuald_35,bobo749,iter,1,0.25
Romuald_35,bobo750,iter,1,0.25
Romuald_35,cassé752,iter,1,0.25
Romuald_35,cassé754,iter,1,0.25
Romuald_35,cassé756,iter,1,0.25
Romuald_35,cassé757,iter,1,0.25
Romuald_35,cassé758,iter,1,0.25
Romuald_35,cochon763,iter,1,0.25
Romuald_35,mouton768,iter,1,0.25
Romuald_35,mouton769,iter,1,0.25
Romuald_36,alors1284,iter,1,0.25
Romuald_36,ballon747,iter,1,0.25
Romuald_36,hop-là1464,iter,1,0.25
Romuald_36,hop-là1465,iter,1,0.25
Romuald_36,un livre1285,iter,1,0.25
Romuald_37,allô1282,iter,1,0.25
Romuald_37,alors1283,iter,1,0.25
Romuald_37,alors1284,iter,1,0.25
Romuald_37,ballon747,iter,1,0.25
Romuald_37,bobo748,iter,1,0.25
Romuald_37,bobo749,iter,1,0.25
Romuald_37,bobo750,iter,1,0.25
Romuald_37,bobo751,iter,1,0.25
Romuald_37,cassé757,iter,1,0.25
Romuald_37,cassé758,iter,1,0.25
Romuald_37,cassé760,iter,1,0.25
Romuald_37,cassé761,iter,1,0.25
Romuald_37,cochon763,iter,1,0.25
Romuald_37,mouton768,iter,1,0.25
Romuald_37,mouton771,iter,1,0.25
Romuald_38,allô1282,iter,1,0.25
Romuald_38,ballon747,iter,1,0.25
Romuald_38,cassé754,iter,1,0.25
Romuald_38,cassé755,iter,1,0.25
Romuald_38,cassé757,iter,1,0.25
Romuald_38,cassé759,iter,1,0.25
Romuald_38,cochon763,iter,1,0.25
Romuald_38,hop-là1467,iter,1,0.25
Romuald_38,mouton767,iter,1,0.25
Romuald_38,mouton769,iter,1,0.25
Romuald_38,mouton770,iter,1,0.25
Romuald_38,un livre1285,iter,1,0.25
Romuald_38,un livre1286,iter,1,0.25
Romuald_38,voilà773,iter,1,0.25
Romuald_39,bobo748,iter,1,0.25
Romuald_39,bobo750,iter,1,0.25
Romuald_39,cassé752,iter,1,0.25
Romuald_39,cassé753,iter,1,0.25
Romuald_39,cassé754,iter,1,0.25
Romuald_39,cassé755,iter,1,0.25
Romuald_39,cassé759,iter,1,0.25
Romuald_39,cochon763,iter,1,0.25
Romuald_39,cochon764,iter,1,0.25
Romuald_39,mouton767,iter,1,0.25
Romuald_39,mouton768,iter,1,0.25
Romuald_39,mouton769,iter,1,0.25
Romuald_39,mouton770,iter,1,0.25
Romuald_39,papa772,iter,1,0.25
Romuald_4,allô1282,iter,1,0.25
Romuald_4,ballon747,iter,1,0.25
Romuald_4,cassé754,iter,1,0.25
Romuald_4,cassé755,iter,1,0.25
Romuald_4,cassé756,iter,1,0.25
Romuald_4,cassé757,iter,1,0.25
Romuald_4,cassé761,iter,1,0.25
Romuald_4,cochon763,iter,1,0.25
Romuald_4,hop-là1464,iter,1,0.25
Romuald_4,hop-là1466,iter,1,0.25
Romuald_4,mouton768,iter,1,0.25
Romuald_4,mouton769,iter,1,0.25
Romuald_4,un livre1285,iter,1,0.25
Romuald_4,un livre1286,iter,1,0.25
Romuald_40,allô1282,iter,1,0.25
Romuald_40,alors1283,iter,1,0.25
Romuald_40,alors1284,iter,1,0.25
Romuald_40,bobo748,iter,1,0.25
Romuald_40,bobo750,iter,1,0.25
Romuald_40,cassé752,iter,1,0.25
Romuald_40,cassé753,iter,1,0.25
Romuald_40,cassé754,iter,1,0.25
Romuald_40,cassé758,iter,1,0.25
Romuald_40,cassé760,iter,1,0.25
Romuald_40,cassé761,iter,1,0.25
Romuald_40,mouton767,iter,1,0.25
Romuald_40,mouton769,iter,1,0.25
Romuald_40,papa772,iter,1,0.25
Romuald_41,allô1282,iter,1,0.25
Romuald_41,alors1283,iter,1,0.25
Romuald_41,alors1284,iter,1,0.25
Romuald_41,ballon747,iter,1,0.25
Romuald_41,bobo750,iter,1,0.25
Romuald_41,cassé752,iter,1,0.25
Romuald_41,cassé753,iter,1,0.25
Romuald_41,cassé755,iter,1,0.25
Romuald_41,cassé756,iter,1,0.25
Romuald_41,cochon763,iter,1,0.25
Romuald_41,cochon764,iter,1,0.25
Romuald_41,mouton770,iter,1,0.25
Romuald_41,papa772,iter,1,0.25
Romuald_42,alors1283,iter,1,0.25
Romuald_42,alors1284,iter,1,0.25
Romuald_42,ballon747,iter,1,0.25
Romuald_42,cassé753,iter,1,0.25
Romuald_42,cassé755,iter,1,0.25
Romuald_42,cassé757,iter,1,0.25
Romuald_42,cassé759,iter,1,0.25
Romuald_42,cochon763,iter,1,0.25
Romuald_42,hop-là1464,iter,1,0.25
Romuald_42,hop-là1467,iter,1,0.25
Romuald_42,mouton767,iter,1,0.25
Romuald_42,mouton768,iter,1,0.25
Romuald_42,mouton771,iter,1,0.25
Romuald_42,un livre1285,iter,1,0.25
Romuald_42,un livre1286,iter,1,0.25
Romuald_42,voilà773,iter,1,0.25
Romuald_43,alors1283,iter,1,0.25
Romuald_43,ballon747,iter,1,0.25
Romuald_43,bobo748,iter,1,0.25
Romuald_43,bobo749,iter,1,0.25
Romuald_43,bobo750,iter,1,0.25
Romuald_43,bobo751,iter,1,0.25
Romuald_43,cassé756,iter,1,0.25
Romuald_43,cassé759,iter,1,0.25
Romuald_43,cassé760,iter,1,0.25
Romuald_43,mouton767,iter,1,0.25
Romuald_43,mouton768,iter,1,0.25
Romuald_43,mouton770,iter,1,0.25
Romuald_43,mouton771,iter,1,0.25
Romuald_43,papa772,iter,1,0.25
Romuald_44,alors1284,iter,1,0.25
Romuald_44,cassé752,iter,1,0.25
Romuald_44,cassé754,iter,1,0.25
Romuald_44,cassé755,iter,1,0.25
Romuald_44,cassé758,iter,1,0.25
Romuald_44,cassé759,iter,1,0.25
Romuald_44,cassé760,iter,1,0.25
Romuald_44,hop-là1465,iter,1,0.25
Romuald_44,hop-là1466,iter,1,0.25
Romuald_44,hop-là1467,iter,1,0.25
Romuald_44,mouton767,iter,1,0.25
Romuald_44,un livre1286,iter,1,0.25
Romuald_44,voilà773,iter,1,0.25
Romuald_45,alors1283,iter,1,0.25
Romuald_45,alors1284,iter,1,0.25
Romuald_45,bobo748,iter,1,0.25
Romuald_45,bobo750,iter,1,0.25
Romuald_45,cassé753,iter,1,0.25
Romuald_45,cassé754,iter,1,0.25
Romuald_45,cassé757,iter,1,0.25
Romuald_45,cassé761,iter,1,0.25
Romuald_45,cochon763,iter,1,0.25
Romuald_45,cochon764,iter,1,0.25
Romuald_45,mouton769,iter,1,0.25
Romuald_45,mouton770,iter,1,0.25
Romuald_46,ballon747,iter,1,0.25
Romuald_46,bobo750,iter,1,0.25
Romuald_46,bobo751,iter,1,0.25
Romuald_46,cassé753,iter,1,0.25
Romuald_46,cassé754,iter,1,0.25
Romuald_46,cassé755,iter,1,0.25
Romuald_46,cassé757,iter,1,0.25
Romuald_46,cassé760,iter,1,0.25
Romuald_46,cochon763,iter,1,0.25
Romuald_46,cochon764,iter,1,0.25
Romuald_46,mouton767,iter,1,0.25
Romuald_46,mouton768,iter,1,0.25
Romuald_46,mouton769,iter,1,0.25
Romuald_46,mouton771,iter,1,0.25
Romuald_47,ballon747,iter,1,0.25
Romuald_47,hop-là1465,iter,1,0.25
Romuald_47,hop-là1467,iter,1,0.25
Romuald_47,un livre1286,iter,1,0.25
Romuald_48,la vache766,iter,1,0.25
Romuald_49,allô1282,iter,1,0.25
Romuald_49,ballon747,iter,1,0.25
Romuald_49,cassé752,iter,1,0.25
Romuald_49,cassé753,iter,1,0.25
Romuald_49,cassé754,iter,1,0.25
Romuald_49,cassé759,iter,1,0.25
Romuald_49,cassé761,iter,1,0.25
Romuald_49,cochon763,iter,1,0.25
Romuald_49,cochon764,iter,1,0.25
Romuald_49,hop-là1466,iter,1,0.25
Romuald_49,hop-là1467,iter,1,0.25
Romuald_49,mouton769,iter,1,0.25
Romuald_49,mouton771,iter,1,0.25
Romuald_49,un livre1285,iter,1,0.25
Romuald_49,voilà773,iter,1,0.25
Romuald_5,la vache766,iter,1,0.25
Romuald_50,alors1284,iter,1,0.25
Romuald_50,bobo748,iter,1,0.25
Romuald_50,bobo750,iter,1,0.25
Romuald_50,cassé753,iter,1,0.25
Romuald_50,cassé754,iter,1,0.25
Romuald_50,cassé757,iter,1,0.25
Romuald_50,cassé758,iter,1,0.25
Romuald_50,cassé759,iter,1,0.25
Romuald_50,cochon763,iter,1,0.25
Romuald_50,cochon764,iter,1,0.25
Romuald_50,mouton767,iter,1,0.25
Romuald_50,mouton770,iter,1,0.25
Romuald_50,mouton771,iter,1,0.25
Romuald_51,allô1282,iter,1,0.25
Romuald_51,alors1284,iter,1,0.25
Romuald_51,ballon747,iter,1,0.25
Romuald_51,bobo748,iter,1,0.25
Romuald_51,bobo749,iter,1,0.25
Romuald_51,bobo751,iter,1,0.25
Romuald_51,cassé754,iter,1,0.25
Romuald_51,cassé755,iter,1,0.25
Romuald_51,cassé758,iter,1,0.25
Romuald_51,cassé760,iter,1,0.25
Romuald_51,cochon763,iter,1,0.25
Romuald_51,mouton767,iter,1,0.25
Romuald_51,mouton769,iter,1,0.25
Romuald_51,papa772,iter,1,0.25
Romuald_52,alors1283,iter,1,0.25
Romuald_52,ballon747,iter,1,0.25
Romuald_52,hop-là1465,iter,1,0.25
Romuald_52,hop-là1467,iter,1,0.25
Romuald_52,un livre1286,iter,1,0.25
Romuald_53,ballon747,iter,1,0.25
Romuald_53,cassé753,iter,1,0.25
Romuald_53,cassé754,iter,1,0.25
Romuald_53,cassé755,iter,1,0.25
Romuald_53,cassé756,iter,1,0.25
Romuald_53,cassé757,iter,1,0.25
Romuald_53,cassé760,iter,1,0.25
Romuald_53,cochon763,iter,1,0.25
Romuald_53,hop-là1464,iter,1,0.25
Romuald_53,hop-là1466,iter,1,0.25
Romuald_53,mouton767,iter,1,0.25
Romuald_53,mouton768,iter,1,0.25
Romuald_53,mouton770,iter,1,0.25
Romuald_54,allô1282,iter,1,0.25
Romuald_54,alors1284,iter,1,0.25
Romuald_54,ballon747,iter,1,0.25
Romuald_54,bobo748,iter,1,0.25
Romuald_54,bobo749,iter,1,0.25
Romuald_54,bobo751,iter,1,0.25
Romuald_54,cassé758,iter,1,0.25
Romuald_54,cassé760,iter,1,0.25
Romuald_54,mouton768,iter,1,0.25
Romuald_54,mouton769,iter,1,0.25
Romuald_54,mouton770,iter,1,0.25
Romuald_54,mouton771,iter,1,0.25
Romuald_54,papa772,iter,1,0.25
Romuald_55,bobo748,iter,1,0.25
Romuald_55,bobo749,iter,1,0.25
Romuald_55,bobo751,iter,1,0.25
Romuald_55,cassé752,iter,1,0.25
Romuald_55,cassé753,iter,1,0.25
Romuald_55,cassé755,iter,1,0.25
Romuald_55,cassé758,iter,1,0.25
Romuald_55,cassé759,iter,1,0.25
Romuald_55,cassé761,iter,1,0.25
Romuald_55,cochon764,iter,1,0.25
Romuald_55,mouton768,iter,1,0.25
Romuald_55,mouton769,iter,1,0.25
Romuald_55,mouton770,iter,1,0.25
Romuald_56,bobo749,iter,1,0.25
Romuald_56,bobo751,iter,1,0.25
Romuald_56,cassé753,iter,1,0.25
Romuald_56,cassé754,iter,1,0.25
Romuald_56,cassé758,iter,1,0.25
Romuald_56,cassé759,iter,1,0.25
Romuald_56,cassé760,iter,1,0.25
Romuald_56,cochon763,iter,1,0.25
Romuald_56,mouton767,iter,1,0.25
Romuald_56,mouton771,iter,1,0.25
Romuald_56,papa772,iter,1,0.25
Romuald_57,allô1282,iter,1,0.25
Romuald_57,alors1283,iter,1,0.25
Romuald_57,alors1284,iter,1,0.25
Romuald_57,ballon747,iter,1,0.25
Romuald_57,hop-là1465,iter,1,0.25
Romuald_58,bobo748,iter,1,0.25
Romuald_58,bobo750,iter,1,0.25
Romuald_58,bobo751,iter,1,0.25
Romuald_58,cassé755,iter,1,0.25
Romuald_58,cassé757,iter,1,0.25
Romuald_58,cassé759,iter,1,0.25
Romuald_58,cassé760,iter,1,0.25
Romuald_58,mouton768,iter,1,0.25
Romuald_58,mouton769,iter,1,0.25
Romuald_58,mouton770,iter,1,0.25
Romuald_58,mouton771,iter,1,0.25
Romuald_59,cheval762,iter,1,0.25
Romuald_6,allô1282,iter,1,0.25
Romuald_6,alors1283,iter,1,0.25
Romuald_6,bobo748,iter,1,0.25
Romuald_6,bobo749,iter,1,0.25
Romuald_6,bobo751,iter,1,0.25
Romuald_6,cassé753,iter,1,0.25
Romuald_6,cassé755,iter,1,0.25
Romuald_6,cassé756,iter,1,0.25
Romuald_6,cassé757,iter,1,0.25
Romuald_6,cassé760,iter,1,0.25
Romuald_6,cassé761,iter,1,0.25
Romuald_6,cochon764,iter,1,0.25
Romuald_6,mouton767,iter,1,0.25
Romuald_6,mouton768,iter,1,0.25
Romuald_6,mouton769,iter,1,0.25
Romuald_6,mouton770,iter,1,0.25
Romuald_60,alors1284,iter,1,0.25
Romuald_60,bobo748,iter,1,0.25
Romuald_60,bobo749,iter,1,0.25
Romuald_60,cassé754,iter,1,0.25
Romuald_60,cassé755,iter,1,0.25
Romuald_60,cassé756,iter,1,0.25
Romuald_60,cochon763,iter,1,0.25
Romuald_60,cochon764,iter,1,0.25
Romuald_60,mouton769,iter,1,0.25
Romuald_60,mouton770,iter,1,0.25
Romuald_60,mouton771,iter,1,0.25
Romuald_61,ballon747,iter,1,0.25
Romuald_61,hop-là1464,iter,1,0.25
Romuald_61,hop-là1467,iter,1,0.25
Romuald_61,un livre1286,iter,1,0.25
Romuald_62,bobo749,iter,1,0.25
Romuald_62,cassé752,iter,1,0.25
Romuald_62,cassé758,iter,1,0.25
Romuald_62,cassé759,iter,1,0.25
Romuald_62,cochon764,iter,1,0.25
Romuald_62,mouton767,iter,1,0.25
Romuald_62,mouton770,iter,1,0.25
Romuald_62,mouton771,iter,1,0.25
Romuald_62,papa772,iter,1,0.25
Romuald_63,allô1282,iter,1,0.25
Romuald_63,alors1284,iter,1,0.25
Romuald_63,cassé752,iter,1,0.25
Romuald_63,cassé755,iter,1,0.25
Romuald_63,cassé757,iter,1,0.25
Romuald_63,cassé758,iter,1,0.25
Romuald_63,cassé760,iter,1,0.25
Romuald_63,cassé761,iter,1,0.25
Romuald_63,hop-là1465,iter,1,0.25
Romuald_63,hop-là1466,iter,1,0.25
Romuald_63,mouton767,iter,1,0.25
Romuald_63,mouton768,iter,1,0.25
Romuald_63,mouton769,iter,1,0.25
Romuald_63,mouton770,iter,1,0.25
Romuald_63,mouton771,iter,1,0.25
Romuald_64,allô1282,iter,1,0.25
Romuald_64,alors1283,iter,1,0.25
Romuald_64,ballon747,iter,1,0.25
Romuald_64,hop-là1464,iter,1,0.25
Romuald_64,hop-là1467,iter,1,0.25
Romuald_65,alors1283,iter,1,0.25
Romuald_65,ballon747,iter,1,0.25
Romuald_66,ballon747,iter,1,0.25
Romuald_66,bobo748,iter,1,0.25
Romuald_66,bobo750,iter,1,0.25
Romuald_66,cassé754,iter,1,0.25
Romuald_66,cassé755,iter,1,0.25
Romuald_66,cassé756,iter,1,0.25
Romuald_66,cassé757,iter,1,0.25
Romuald_66,cassé758,iter,1,0.25
Romuald_66,cassé760,iter,1,0.25
Romuald_66,cochon763,iter,1,0.25
Romuald_66,cochon764,iter,1,0.25
Romuald_66,mouton767,iter,1,0.25
Romuald_66,mouton770,iter,1,0.25
Romuald_67,la vache766,iter,1,0.25
Romuald_68,allô1282,iter,1,0.25
Romuald_68,alors1283,iter,1,0.25
Romuald_68,alors1284,iter,1,0.25
Romuald_68,bobo750,iter,1,0.25
Romuald_68,bobo751,iter,1,0.25
Romuald_68,cassé753,iter,1,0.25
Romuald_68,cassé754,iter,1,0.25
Romuald_68,cassé755,iter,1,0.25
Romuald_68,cassé756,iter,1,0.25
Romuald_68,cassé760,iter,1,0.25
Romuald_68,cochon764,iter,1,0.25
Romuald_68,mouton770,iter,1,0.25
Romuald_68,mouton771,iter,1,0.25
Romuald_68,papa772,iter,1,0.25
Romuald_69,cheval762,iter,1,0.25
Romuald_69,l'avion746,iter,1,0.25
Romuald_69,la tête765,iter,1,0.25
Romuald_69,la vache766,iter,1,0.25
Romuald_7,la vache766,iter,1,0.25
Romuald_70,alors1284,iter,1,0.25
Romuald_70,bobo748,iter,1,0.25
Romuald_70,bobo750,iter,1,0.25
Romuald_70,cassé753,iter,1,0.25
Romuald_70,cassé754,iter,1,0.25
Romuald_70,cassé756,iter,1,0.25
Romuald_70,cassé757,iter,1,0.25
Romuald_70,cassé758,iter,1,0.25
Romuald_70,cassé759,iter,1,0.25
Romuald_70,cassé761,iter,1,0.25
Romuald_70,cochon763,iter,1,0.25
Romuald_70,cochon764,iter,1,0.25
Romuald_70,mouton768,iter,1,0.25
Romuald_70,mouton770,iter,1,0.25
Romuald_70,mouton771,iter,1,0.25
Romuald_71,alors1283,iter,1,0.25
Romuald_71,ballon747,iter,1,0.25
Romuald_71,bobo749,iter,1,0.25
Romuald_71,bobo750,iter,1,0.25
Romuald_71,cassé752,iter,1,0.25
Romuald_71,cassé753,iter,1,0.25
Romuald_71,cassé754,iter,1,0.25
Romuald_71,cassé757,iter,1,0.25
Romuald_71,cassé758,iter,1,0.25
Romuald_71,cassé761,iter,1,0.25
Romuald_71,mouton767,iter,1,0.25
Romuald_71,mouton768,iter,1,0.25
Romuald_71,mouton769,iter,1,0.25
Romuald_71,mouton770,iter,1,0.25
Romuald_71,mouton771,iter,1,0.25
Romuald_72,allô1282,iter,1,0.25
Romuald_73,allô1282,iter,1,0.25
Romuald_73,alors1283,iter,1,0.25
Romuald_73,bobo750,iter,1,0.25
Romuald_73,bobo751,iter,1,0.25
Romuald_73,cassé753,iter,1,0.25
Romuald_73,cassé756,iter,1,0.25
Romuald_73,cassé757,iter,1,0.25
Romuald_73,cassé758,iter,1,0.25
Romuald_73,mouton767,iter,1,0.25
Romuald_73,mouton769,iter,1,0.25
Romuald_73,mouton770,iter,1,0.25
Romuald_73,mouton771,iter,1,0.25
Romuald_73,papa772,iter,1,0.25
Romuald_74,bobo750,iter,1,0.25
Romuald_74,cassé752,iter,1,0.25
Romuald_74,cassé753,iter,1,0.25
Romuald_74,cassé754,iter,1,0.25
Romuald_74,cassé756,iter,1,0.25
Romuald_74,cassé759,iter,1,0.25
Romuald_74,cassé760,iter,1,0.25
Romuald_74,cochon763,iter,1,0.25
Romuald_74,cochon764,iter,1,0.25
Romuald_74,mouton770,iter,1,0.25
Romuald_75,ballon747,iter,1,0.25
Romuald_75,bobo750,iter,1,0.25
Romuald_75,bobo751,iter,1,0.25
Romuald_75,cassé752,iter,1,0.25
Romuald_75,cassé753,iter,1,0.25
Romuald_75,cassé756,iter,1,0.25
Romuald_75,cassé757,iter,1,0.25
Romuald_75,cassé758,iter,1,0.25
Romuald_75,cochon763,iter,1,0.25
Romuald_75,mouton768,iter,1,0.25
Romuald_75,mouton770,iter,1,0.25
Romuald_75,papa772,iter,1,0.25
Romuald_76,l'avion746,iter,1,0.25
Romuald_76,la vache766,iter,1,0.25
Romuald_77,alors1283,iter,1,0.25
Romuald_77,alors1284,iter,1,0.25
Romuald_77,bobo748,iter,1,0.25
Romuald_77,bobo749,iter,1,0.25
Romuald_77,bobo750,iter,1,0.25
Romuald_77,bobo751,iter,1,0.25
Romuald_77,cassé752,iter,1,0.25
Romuald_77,cassé757,iter,1,0.25
Romuald_77,cassé760,iter,1,0.25
Romuald_77,cassé761,iter,1,0.25
Romuald_77,mouton768,iter,1,0.25
Romuald_77,mouton770,iter,1,0.25
Romuald_77,mouton771,iter,1,0.25
Romuald_78,la vache766,iter,1,0.25
Romuald_8,allô1282,iter,1,0.25
Romuald_8,alors1283,iter,1,0.25
Romuald_8,ballon747,iter,1,0.25
Romuald_8,bobo750,iter,1,0.25
Romuald_8,cassé759,iter,1,0.25
Romuald_8,cassé761,iter,1,0.25
Romuald_8,cochon763,iter,1,0.25
Romuald_8,mouton767,iter,1,0.25
Romuald_8,mouton768,iter,1,0.25
Romuald_8,mouton769,iter,1,0.25
Romuald_8,mouton771,iter,1,0.25
Romuald_8,papa772,iter,1,0.25
Romuald_81,allô1282,iter,1,0.25
Romuald_81,alors1283,iter,1,0.25
Romuald_81,ballon747,iter,1,0.25
Romuald_81,bobo749,iter,1,0.25
Romuald_81,bobo751,iter,1,0.25
Romuald_81,cassé753,iter,1,0.25
Romuald_81,cassé756,iter,1,0.25
Romuald_81,cassé758,iter,1,0.25
Romuald_81,cassé759,iter,1,0.25
Romuald_81,cassé760,iter,1,0.25
Romuald_81,cassé761,iter,1,0.25
Romuald_81,cochon764,iter,1,0.25
Romuald_81,mouton768,iter,1,0.25
Romuald_81,mouton770,iter,1,0.25
Romuald_81,mouton771,iter,1,0.25
Romuald_82,bobo748,iter,1,0.25
Romuald_82,bobo751,iter,1,0.25
Romuald_82,cassé752,iter,1,0.25
Romuald_82,cassé753,iter,1,0.25
Romuald_82,cassé754,iter,1,0.25
Romuald_82,cassé756,iter,1,0.25
Romuald_82,cassé759,iter,1,0.25
Romuald_82,cassé760,iter,1,0.25
Romuald_82,cassé761,iter,1,0.25
Romuald_82,cochon764,iter,1,0.25
Romuald_82,mouton767,iter,1,0.25
Romuald_82,mouton768,iter,1,0.25
Romuald_82,mouton769,iter,1,0.25
Romuald_82,mouton771,iter,1,0.25
Romuald_83,alors1283,iter,1,0.25
Romuald_83,alors1284,iter,1,0.25
Romuald_83,ballon747,iter,1,0.25
Romuald_83,bobo748,iter,1,0.25
Romuald_83,bobo749,iter,1,0.25
Romuald_83,bobo750,iter,1,0.25
Romuald_83,bobo751,iter,1,0.25
Romuald_83,cassé758,iter,1,0.25
Romuald_83,cassé760,iter,1,0.25
Romuald_83,cochon763,iter,1,0.25
Romuald_83,cochon764,iter,1,0.25
Romuald_83,mouton768,iter,1,0.25
Romuald_83,mouton770,iter,1,0.25
Romuald_83,mouton771,iter,1,0.25
Romuald_84,allô1282,iter,1,0.25
Romuald_84,alors1283,iter,1,0.25
Romuald_84,ballon747,iter,1,0.25
Romuald_84,bobo749,iter,1,0.25
Romuald_84,bobo750,iter,1,0.25
Romuald_84,bobo751,iter,1,0.25
Romuald_84,cassé753,iter,1,0.25
Romuald_84,cassé755,iter,1,0.25
Romuald_84,cassé756,iter,1,0.25
Romuald_84,cassé758,iter,1,0.25
Romuald_84,cassé759,iter,1,0.25
Romuald_84,mouton767,iter,1,0.25
Romuald_84,mouton768,iter,1,0.25
Romuald_84,mouton769,iter,1,0.25
Romuald_84,mouton771,iter,1,0.25
Romuald_85,alors1284,iter,1,0.25
Romuald_85,hop-là1464,iter,1,0.25
Romuald_85,hop-là1465,iter,1,0.25
Romuald_85,un livre1285,iter,1,0.25
Romuald_85,un livre1286,iter,1,0.25
Romuald_86,alors1283,iter,1,0.25
Romuald_86,alors1284,iter,1,0.25
Romuald_86,cassé752,iter,1,0.25
Romuald_86,cassé753,iter,1,0.25
Romuald_86,cassé754,iter,1,0.25
Romuald_86,cassé759,iter,1,0.25
Romuald_86,cassé760,iter,1,0.25
Romuald_86,cochon764,iter,1,0.25
Romuald_86,hop-là1464,iter,1,0.25
Romuald_86,hop-là1466,iter,1,0.25
Romuald_86,mouton767,iter,1,0.25
Romuald_86,mouton769,iter,1,0.25
Romuald_86,un livre1286,iter,1,0.25
Romuald_86,voilà773,iter,1,0.25
Romuald_87,allô1282,iter,1,0.25
Romuald_87,alors1283,iter,1,0.25
Romuald_87,alors1284,iter,1,0.25
Romuald_87,ballon747,iter,1,0.25
Romuald_87,bobo749,iter,1,0.25
Romuald_87,cassé755,iter,1,0.25
Romuald_87,cassé756,iter,1,0.25
Romuald_87,cassé757,iter,1,0.25
Romuald_87,cassé758,iter,1,0.25
Romuald_87,cassé759,iter,1,0.25
Romuald_87,cassé760,iter,1,0.25
Romuald_87,cochon763,iter,1,0.25
Romuald_87,mouton768,iter,1,0.25
Romuald_87,mouton769,iter,1,0.25
Romuald_87,mouton771,iter,1,0.25
Romuald_88,allô1282,iter,1,0.25
Romuald_88,bobo748,iter,1,0.25
Romuald_88,cassé753,iter,1,0.25
Romuald_88,cassé756,iter,1,0.25
Romuald_88,cassé759,iter,1,0.25
Romuald_88,cassé760,iter,1,0.25
Romuald_88,cassé761,iter,1,0.25
Romuald_88,cochon763,iter,1,0.25
Romuald_88,mouton767,iter,1,0.25
Romuald_88,mouton769,iter,1,0.25
Romuald_88,mouton770,iter,1,0.25
Romuald_89,alors1283,iter,1,0.25
Romuald_89,alors1284,iter,1,0.25
Romuald_89,bobo749,iter,1,0.25
Romuald_89,bobo750,iter,1,0.25
Romuald_89,cassé754,iter,1,0.25
Romuald_89,cassé755,iter,1,0.25
Romuald_89,cassé756,iter,1,0.25
Romuald_89,cassé758,iter,1,0.25
Romuald_89,cassé759,iter,1,0.25
Romuald_89,cassé760,iter,1,0.25
Romuald_89,cassé761,iter,1,0.25
Romuald_89,cochon764,iter,1,0.25
Romuald_89,mouton768,iter,1,0.25
Romuald_89,mouton771,iter,1,0.25
Romuald_89,papa772,iter,1,0.25
Romuald_9,allô1282,iter,1,0.25
Romuald_9,alors1283,iter,1,0.25
Romuald_9,alors1284,iter,1,0.25
Romuald_9,hop-là1465,iter,1,0.25
Romuald_9,hop-là1467,iter,1,0.25
Romuald_9,un livre1286,iter,1,0.25
Romuald_90,alors1284,iter,1,0.25
Romuald_90,bobo748,iter,1,0.25
Romuald_90,bobo751,iter,1,0.25
Romuald_90,cassé752,iter,1,0.25
Romuald_90,cassé754,iter,1,0.25
Romuald_90,cassé758,iter,1,0.25
Romuald_90,cassé759,iter,1,0.25
Romuald_90,cassé760,iter,1,0.25
Romuald_90,cassé761,iter,1,0.25
Romuald_90,mouton768,iter,1,0.25
Romuald_90,mouton769,iter,1,0.25
Romuald_90,mouton770,iter,1,0.25
Romuald_90,mouton771,iter,1,0.25
Romuald_90,papa772,iter,1,0.25
Romuald_91,alors1283,iter,1,0.25
Romuald_91,alors1284,iter,1,0.25
Romuald_91,bobo748,iter,1,0.25
Romuald_91,bobo749,iter,1,0.25
Romuald_91,cassé753,iter,1,0.25
Romuald_91,cassé755,iter,1,0.25
Romuald_91,cassé756,iter,1,0.25
Romuald_91,cassé757,iter,1,0.25
Romuald_91,cassé758,iter,1,0.25
Romuald_91,cassé759,iter,1,0.25
Romuald_91,cassé760,iter,1,0.25
Romuald_91,cochon764,iter,1,0.25
Romuald_91,mouton771,iter,1,0.25
Romuald_92,ballon747,iter,1,0.25
Romuald_92,bobo748,iter,1,0.25
Romuald_92,bobo749,iter,1,0.25
Romuald_92,cassé752,iter,1,0.25
Romuald_92,cassé753,iter,1,0.25
Romuald_92,cassé754,iter,1,0.25
Romuald_92,cassé755,iter,1,0.25
Romuald_92,cassé757,iter,1,0.25
Romuald_92,cochon764,iter,1,0.25
Romuald_92,mouton767,iter,1,0.25
Romuald_92,mouton768,iter,1,0.25
Romuald_92,mouton769,iter,1,0.25
Romuald_94,allô1282,iter,1,0.25
Romuald_94,alors1283,iter,1,0.25
Romuald_95,allô1282,iter,1,0.25
Romuald_95,alors1283,iter,1,0.25
Romuald_95,alors1284,iter,1,0.25
Romuald_95,ballon747,iter,1,0.25
Romuald_95,bobo750,iter,1,0.25
Romuald_95,bobo751,iter,1,0.25
Romuald_95,cassé752,iter,1,0.25
Romuald_95,cassé753,iter,1,0.25
Romuald_95,cassé755,iter,1,0.25
Romuald_95,cassé759,iter,1,0.25
Romuald_95,cassé760,iter,1,0.25
Romuald_95,mouton768,iter,1,0.25
Romuald_95,mouton769,iter,1,0.25
Romuald_95,mouton770,iter,1,0.25
Romuald_96,bobo750,iter,1,0.25
Romuald_96,bobo751,iter,1,0.25
Romuald_96,cassé752,iter,1,0.25
Romuald_96,cassé753,iter,1,0.25
Romuald_96,cassé755,iter,1,0.25
Romuald_96,cassé756,iter,1,0.25
Romuald_96,cassé758,iter,1,0.25
Romuald_96,cassé759,iter,1,0.25
Romuald_96,cassé760,iter,1,0.25
Romuald_96,cassé761,iter,1,0.25
Romuald_96,cochon764,iter,1,0.25
Romuald_96,mouton768,iter,1,0.25
Romuald_96,mouton770,iter,1,0.25
Romuald_96,mouton771,iter,1,0.25
Romuald_96,papa772,iter,1,0.25
Romuald_97,allô1282,iter,1,0.25
Romuald_97,alors1283,iter,1,0.25
Romuald_97,alors1284,iter,1,0.25
Romuald_97,ballon747,iter,1,0.25
Romuald_97,bobo748,iter,1,0.25
Romuald_97,bobo750,iter,1,0.25
Romuald_97,cassé755,iter,1,0.25
Romuald_97,cassé756,iter,1,0.25
Romuald_97,cassé761,iter,1,0.25
Romuald_97,cochon763,iter,1,0.25
Romuald_97,cochon764,iter,1,0.25
Romuald_97,mouton767,iter,1,0.25
Romuald_97,mouton768,iter,1,0.25
Romuald_97,mouton769,iter,1,0.25
Romuald_97,mouton770,iter,1,0.25
Romuald_97,papa772,iter,1,0.25
Romuald_98,allô1282,iter,1,0.25
Romuald_98,alors1283,iter,1,0.25
Romuald_98,alors1284,iter,1,0.25
Romuald_98,bobo748,iter,1,0.25
Romuald_98,bobo749,iter,1,0.25
Romuald_98,bobo750,iter,1,0.25
Romuald_98,cassé752,iter,1,0.25
Romuald_98,cassé754,iter,1,0.25
Romuald_98,cassé755,iter,1,0.25
Romuald_98,cassé759,iter,1,0.25
Romuald_98,cassé761,iter,1,0.25
Romuald_98,cochon763,iter,1,0.25
Romuald_98,mouton768,iter,1,0.25
Romuald_99,ballon747,iter,1,0.25
Romuald_99,bobo748,iter,1,0.25
Romuald_99,bobo750,iter,1,0.25
Romuald_99,cassé753,iter,1,0.25
Romuald_99,cassé754,iter,1,0.25
Romuald_99,cassé755,iter,1,0.25
Romuald_99,cassé756,iter,1,0.25
Romuald_99,cassé761,iter,1,0.25
Romuald_99,cochon764,iter,1,0.25
Romuald_99,mouton771,iter,1,0.25
Romuald_99,papa772,iter,1,0.25
Shazim_1,AUNTI1269,iter,1,0.25
Shazim_1,AUNTI1270,iter,1,0.25
Shazim_1,CATTY BT646,iter,1,0.25
Shazim_1,CATTY BT649,iter,1,0.25
Shazim_1,EYES1272,iter,1,0.25
Shazim_1,EYES1273,iter,1,0.25
Shazim_1,ajao1274,iter,1,0.25
Shazim_1,ajao1275,iter,1,0.25
Shazim_1,ayee!1266,iter,1,0.25
Shazim_1,ayee!1267,iter,1,0.25
Shazim_1,ayee!1268,iter,1,0.25
Shazim_1,baba663,iter,1,0.25
Shazim_1,baba664,iter,1,0.25
Shazim_1,baow baowBT657,iter,1,0.25
Shazim_1,mamu660,iter,1,0.25
Shazim_10,CATTY BT647,iter,1,0.25
Shazim_10,CATTY BT648,iter,1,0.25
Shazim_10,CATTY BT649,iter,1,0.25
Shazim_10,DOGGY BT665,iter,1,0.25
Shazim_10,EYES1272,iter,1,0.25
Shazim_10,baba662,iter,1,0.25
Shazim_10,baba664,iter,1,0.25
Shazim_10,baow baowBT657,iter,1,0.25
Shazim_10,bhayee655,iter,1,0.25
Shazim_10,mamu661,iter,1,0.25
Shazim_10,miyon BT650,iter,1,0.25
Shazim_100,CATTY BT646,iter,1,0.25
Shazim_100,DOGGY BT665,iter,1,0.25
Shazim_100,EYES1273,iter,1,0.25
Shazim_100,ayee!1266,iter,1,0.25
Shazim_100,ayee!1268,iter,1,0.25
Shazim_100,baba663,iter,1,0.25
Shazim_100,bhayee655,iter,1,0.25
Shazim_100,billi1734,iter,1,0.25
Shazim_100,khala654,iter,1,0.25
Shazim_100,mamu660,iter,1,0.25
Shazim_100,mamu661,iter,1,0.25
Shazim_11,CATTY BT645,iter,1,0.25
Shazim_11,CATTY BT648,iter,1,0.25
Shazim_11,CATTY BT649,iter,1,0.25
Shazim_11,ayee!1266,iter,1,0.25
Shazim_11,ayee!1267,iter,1,0.25
Shazim_11,ayee!1268,iter,1,0.25
Shazim_11,billi1734,iter,1,0.25
Shazim_11,khala654,iter,1,0.25
Shazim_12,mamu660,iter,1,0.25
Shazim_12,miyon BT650,iter,1,0.25
Shazim_13,AUNTI1270,iter,1,0.25
Shazim_13,EYES1272,iter,1,0.25
Shazim_13,EYES1273,iter,1,0.25
Shazim_13,ayee!1266,iter,1,0.25
Shazim_13,ayee!1267,iter,1,0.25
Shazim_13,duddu BT656,iter,1,0.25
Shazim_15,chachu667,iter,1,0.25
Shazim_17,CATTY BT645,iter,1,0.25
Shazim_17,CATTY BT646,iter,1,0.25
Shazim_17,CATTY BT647,iter,1,0.25
Shazim_17,EYES1272,iter,1,0.25
Shazim_17,ayee!1266,iter,1,0.25
Shazim_17,ayee!1267,iter,1,0.25
Shazim_17,ayee!1268,iter,1,0.25
Shazim_17,bhayee655,iter,1,0.25
Shazim_17,billi1734,iter,1,0.25
Shazim_2,CATTY BT645,iter,1,0.25
Shazim_2,CATTY BT647,iter,1,0.25
Shazim_2,EYES1272,iter,1,0.25
Shazim_2,ayee!1266,iter,1,0.25
Shazim_2,bhayee655,iter,1,0.25
Shazim_2,khala653,iter,1,0.25
Shazim_2,khala654,iter,1,0.25
Shazim_2,nano652,iter,1,0.25
Shazim_20,CATTY BT645,iter,1,0.25
Shazim_20,CATTY BT646,iter,1,0.25
Shazim_20,CATTY BT649,iter,1,0.25
Shazim_20,EYES1272,iter,1,0.25
Shazim_20,EYES1273,iter,1,0.25
Shazim_20,ajao1275,iter,1,0.25
Shazim_20,ayee!1266,iter,1,0.25
Shazim_20,ayee!1267,iter,1,0.25
Shazim_20,ayee!1268,iter,1,0.25
Shazim_20,baba662,iter,1,0.25
Shazim_20,khala653,iter,1,0.25
Shazim_20,khala654,iter,1,0.25
Shazim_20,miyon BT650,iter,1,0.25
Shazim_20,nano652,iter,1,0.25
Shazim_21,AUNTI1271,iter,1,0.25
Shazim_21,ajao1275,iter,1,0.25
Shazim_21,ayee!1266,iter,1,0.25
Shazim_21,ayee!1267,iter,1,0.25
Shazim_21,duddu BT656,iter,1,0.25
Shazim_21,nano652,iter,1,0.25
Shazim_22,DOGGY BT665,iter,1,0.25
Shazim_22,duddu BT656,iter,1,0.25
Shazim_23,EYES1272,iter,1,0.25
Shazim_23,MAMA1733,iter,1,0.25
Shazim_23,baba662,iter,1,0.25
Shazim_23,baba664,iter,1,0.25
Shazim_23,baow baowBT657,iter,1,0.25
Shazim_23,bhayee655,iter,1,0.25
Shazim_23,khala654,iter,1,0.25
Shazim_23,mamu661,iter,1,0.25
Shazim_24,AUNTI1269,iter,1,0.25
Shazim_24,AUNTI1270,iter,1,0.25
Shazim_24,EYES1272,iter,1,0.25
Shazim_24,EYES1273,iter,1,0.25
Shazim_24,ajao1275,iter,1,0.25
Shazim_24,ayee!1268,iter,1,0.25
Shazim_25,AUNTI1269,iter,1,0.25
Shazim_25,AUNTI1271,iter,1,0.25
Shazim_25,CATTY BT646,iter,1,0.25
Shazim_25,CATTY BT648,iter,1,0.25
Shazim_25,ayee!1267,iter,1,0.25
Shazim_25,ayee!1268,iter,1,0.25
Shazim_26,CATTY BT645,iter,1,0.25
Shazim_26,CATTY BT647,iter,1,0.25
Shazim_26,ayee!1268,iter,1,0.25
Shazim_26,bhayee655,iter,1,0.25
Shazim_26,nano652,iter,1,0.25
Shazim_27,AUNTI1269,iter,1,0.25
Shazim_27,AUNTI1270,iter,1,0.25
Shazim_27,AUNTI1271,iter,1,0.25
Shazim_27,CATTY BT646,iter,1,0.25
Shazim_27,CATTY BT647,iter,1,0.25
Shazim_27,CATTY BT648,iter,1,0.25
Shazim_27,DOGGY BT665,iter,1,0.25
Shazim_27,EYES1273,iter,1,0.25
Shazim_27,ayee!1267,iter,1,0.25
Shazim_27,baba662,iter,1,0.25
Shazim_27,baba664,iter,1,0.25
Shazim_27,khala654,iter,1,0.25
Shazim_27,mamu660,iter,1,0.25
Shazim_28,AUNTI1270,iter,1,0.25
Shazim_28,AUNTI1271,iter,1,0.25
Shazim_28,CATTY BT648,iter,1,0.25
Shazim_28,EYES1272,iter,1,0.25
Shazim_28,EYES1273,iter,1,0.25
Shazim_28,ajao1274,iter,1,0.25
Shazim_28,ayee!1266,iter,1,0.25
Shazim_28,ayee!1267,iter,1,0.25
Shazim_28,ayee!1268,iter,1,0.25
Shazim_28,baba663,iter,1,0.25
Shazim_28,baba664,iter,1,0.25
Shazim_28,khala653,iter,1,0.25
Shazim_28,mamu660,iter,1,0.25
Shazim_28,nano652,iter,1,0.25
Shazim_29,CATTY BT647,iter,1,0.25
Shazim_29,EYES1272,iter,1,0.25
Shazim_29,ayee!1266,iter,1,0.25
Shazim_29,ayee!1267,iter,1,0.25
Shazim_29,baba663,iter,1,0.25
Shazim_29,baba664,iter,1,0.25
Shazim_29,baow baowBT657,iter,1,0.25
Shazim_29,bhayee655,iter,1,0.25
Shazim_29,khala653,iter,1,0.25
Shazim_3,AUNTI1270,iter,1,0.25
Shazim_3,AUNTI1271,iter,1,0.25
Shazim_3,EYES1272,iter,1,0.25
Shazim_3,ajao1275,iter,1,0.25
Shazim_3,duddu BT656,iter,1,0.25
Shazim_3,nano652,iter,1,0.25
Shazim_30,AUNTI1271,iter,1,0.25
Shazim_30,EYES1272,iter,1,0.25
Shazim_30,ajao1274,iter,1,0.25
Shazim_30,ajao1275,iter,1,0.25
Shazim_30,ayee!1266,iter,1,0.25
Shazim_30,ayee!1267,iter,1,0.25
Shazim_30,duddu BT656,iter,1,0.25
Shazim_32,CATTY BT646,iter,1,0.25
Shazim_32,CATTY BT647,iter,1,0.25
Shazim_32,CATTY BT648,iter,1,0.25
Shazim_32,DOGGY BT665,iter,1,0.25
Shazim_32,EYES1272,iter,1,0.25
Shazim_32,ayee!1267,iter,1,0.25
Shazim_32,ayee!1268,iter,1,0.25
Shazim_32,baba662,iter,1,0.25
Shazim_32,baba664,iter,1,0.25
Shazim_32,bhayee655,iter,1,0.25
Shazim_32,khala653,iter,1,0.25
Shazim_33,AUNTI1269,iter,1,0.25
Shazim_33,CATTY BT645,iter,1,0.25
Shazim_33,CATTY BT649,iter,1,0.25
Shazim_33,DOGGY BT665,iter,1,0.25
Shazim_33,EYES1272,iter,1,0.25
Shazim_33,EYES1273,iter,1,0.25
Shazim_33,ajao1275,iter,1,0.25
Shazim_33,"ajjan, BT1784",iter,1,0.25
Shazim_33,ayee!1266,iter,1,0.25
Shazim_33,ayee!1268,iter,1,0.25
Shazim_33,baba663,iter,1,0.25
Shazim_33,khala653,iter,1,0.25
Shazim_33,khala654,iter,1,0.25
Shazim_33,mamu661,iter,1,0.25
Shazim_33,miyon BT650,iter,1,0.25
Shazim_35,CATTY BT647,iter,1,0.25
Shazim_35,DOGGY BT665,iter,1,0.25
Shazim_35,EYES1272,iter,1,0.25
Shazim_35,EYES1273,iter,1,0.25
Shazim_35,ayee!1266,iter,1,0.25
Shazim_35,baba662,iter,1,0.25
Shazim_35,mamu660,iter,1,0.25
Shazim_36,CATTY BT645,iter,1,0.25
Shazim_36,CATTY BT646,iter,1,0.25
Shazim_36,CATTY BT648,iter,1,0.25
Shazim_36,DOGGY BT665,iter,1,0.25
Shazim_36,EYES1272,iter,1,0.25
Shazim_36,EYES1273,iter,1,0.25
Shazim_36,"ajjan, BT1784",iter,1,0.25
Shazim_36,ayee!1266,iter,1,0.25
Shazim_36,ayee!1268,iter,1,0.25
Shazim_36,baba662,iter,1,0.25
Shazim_36,khala653,iter,1,0.25
Shazim_36,khala654,iter,1,0.25
Shazim_36,mamu661,iter,1,0.25
Shazim_38,duddu BT656,iter,1,0.25
Shazim_39,CATTY BT645,iter,1,0.25
Shazim_39,CATTY BT646,iter,1,0.25
Shazim_39,CATTY BT648,iter,1,0.25
Shazim_39,ayee!1266,iter,1,0.25
Shazim_39,ayee!1267,iter,1,0.25
Shazim_39,ayee!1268,iter,1,0.25
Shazim_39,bhayee655,iter,1,0.25
Shazim_39,miyon BT650,iter,1,0.25
Shazim_39,nano652,iter,1,0.25
Shazim_4,CATTY BT649,iter,1,0.25
Shazim_4,EYES1272,iter,1,0.25
Shazim_4,EYES1273,iter,1,0.25
Shazim_4,ajao1274,iter,1,0.25
Shazim_4,ajao1275,iter,1,0.25
Shazim_4,ayee!1266,iter,1,0.25
Shazim_4,ayee!1267,iter,1,0.25
Shazim_4,duddu BT656,iter,1,0.25
Shazim_40,CATTY BT645,iter,1,0.25
Shazim_40,CATTY BT647,iter,1,0.25
Shazim_40,CATTY BT649,iter,1,0.25
Shazim_40,DOGGY BT665,iter,1,0.25
Shazim_40,EYES1272,iter,1,0.25
Shazim_40,ajao1275,iter,1,0.25
Shazim_40,ayee!1266,iter,1,0.25
Shazim_40,baba662,iter,1,0.25
Shazim_40,baba663,iter,1,0.25
Shazim_40,bhayee655,iter,1,0.25
Shazim_40,khala653,iter,1,0.25
Shazim_40,khala654,iter,1,0.25
Shazim_41,AUNTI1269,iter,1,0.25
Shazim_41,DOGGY BT665,iter,1,0.25
Shazim_41,chachu667,iter,1,0.25
Shazim_41,dado1736,iter,1,0.25
Shazim_42,AUNTI1269,iter,1,0.25
Shazim_42,CATTY BT647,iter,1,0.25
Shazim_42,CATTY BT648,iter,1,0.25
Shazim_42,CATTY BT649,iter,1,0.25
Shazim_42,EYES1272,iter,1,0.25
Shazim_42,EYES1273,iter,1,0.25
Shazim_42,"ajjan, BT1784",iter,1,0.25
Shazim_42,ayee!1266,iter,1,0.25
Shazim_42,ayee!1267,iter,1,0.25
Shazim_42,ayee!1268,iter,1,0.25
Shazim_42,baba662,iter,1,0.25
Shazim_42,bhayee655,iter,1,0.25
Shazim_42,khala654,iter,1,0.25
Shazim_42,mamu660,iter,1,0.25
Shazim_42,mamu661,iter,1,0.25
Shazim_43,AUNTI1269,iter,1,0.25
Shazim_43,AUNTI1270,iter,1,0.25
Shazim_43,AUNTI1271,iter,1,0.25
Shazim_43,CATTY BT645,iter,1,0.25
Shazim_43,EYES1272,iter,1,0.25
Shazim_43,EYES1273,iter,1,0.25
Shazim_43,ajao1274,iter,1,0.25
Shazim_43,ayee!1268,iter,1,0.25
Shazim_43,baba662,iter,1,0.25
Shazim_43,baba663,iter,1,0.25
Shazim_43,baba664,iter,1,0.25
Shazim_43,khala653,iter,1,0.25
Shazim_43,miyon BT650,iter,1,0.25
Shazim_43,nano652,iter,1,0.25
Shazim_44,mamu661,iter,1,0.25
Shazim_44,miyon BT650,iter,1,0.25
Shazim_46,AUNTI1269,iter,1,0.25
Shazim_46,CATTY BT645,iter,1,0.25
Shazim_46,CATTY BT646,iter,1,0.25
Shazim_46,CATTY BT647,iter,1,0.25
Shazim_46,DOGGY BT665,iter,1,0.25
Shazim_46,EYES1272,iter,1,0.25
Shazim_46,ajao1275,iter,1,0.25
Shazim_46,"ajjan, BT1784",iter,1,0.25
Shazim_46,ayee!1266,iter,1,0.25
Shazim_46,ayee!1267,iter,1,0.25
Shazim_46,ayee!1268,iter,1,0.25
Shazim_46,mamu660,iter,1,0.25
Shazim_46,miyon BT650,iter,1,0.25
Shazim_47,mamu660,iter,1,0.25
Shazim_47,mamu661,iter,1,0.25
Shazim_48,CATTY BT645,iter,1,0.25
Shazim_48,CATTY BT648,iter,1,0.25
Shazim_48,CATTY BT649,iter,1,0.25
Shazim_48,EYES1273,iter,1,0.25
Shazim_48,baba663,iter,1,0.25
Shazim_48,baba664,iter,1,0.25
Shazim_48,bhayee655,iter,1,0.25
Shazim_48,mamu660,iter,1,0.25
Shazim_49,CATTY BT648,iter,1,0.25
Shazim_49,DOGGY BT665,iter,1,0.25
Shazim_49,ayee!1266,iter,1,0.25
Shazim_49,ayee!1268,iter,1,0.25
Shazim_49,baba662,iter,1,0.25
Shazim_49,bhayee655,iter,1,0.25
Shazim_49,miyon BT650,iter,1,0.25
Shazim_5,CATTY BT646,iter,1,0.25
Shazim_5,CATTY BT647,iter,1,0.25
Shazim_5,DOGGY BT665,iter,1,0.25
Shazim_5,ajao1275,iter,1,0.25
Shazim_5,ayee!1266,iter,1,0.25
Shazim_5,ayee!1267,iter,1,0.25
Shazim_5,baba662,iter,1,0.25
Shazim_5,khala653,iter,1,0.25
Shazim_51,CATTY BT645,iter,1,0.25
Shazim_51,CATTY BT646,iter,1,0.25
Shazim_51,CATTY BT649,iter,1,0.25
Shazim_51,ajao1274,iter,1,0.25
Shazim_51,ayee!1266,iter,1,0.25
Shazim_51,ayee!1268,iter,1,0.25
Shazim_51,baba662,iter,1,0.25
Shazim_51,baba663,iter,1,0.25
Shazim_51,baow baowBT657,iter,1,0.25
Shazim_51,bhayee655,iter,1,0.25
Shazim_51,khala653,iter,1,0.25
Shazim_52,AUNTI1271,iter,1,0.25
Shazim_52,CATTY BT647,iter,1,0.25
Shazim_52,CATTY BT648,iter,1,0.25
Shazim_52,CATTY BT649,iter,1,0.25
Shazim_52,ajao1274,iter,1,0.25
Shazim_52,ajao1275,iter,1,0.25
Shazim_52,ayee!1268,iter,1,0.25
Shazim_53,chunti666,iter,1,0.25
Shazim_54,CATTY BT645,iter,1,0.25
Shazim_54,CATTY BT647,iter,1,0.25
Shazim_54,CATTY BT648,iter,1,0.25
Shazim_54,DOGGY BT665,iter,1,0.25
Shazim_54,EYES1272,iter,1,0.25
Shazim_54,EYES1273,iter,1,0.25
Shazim_54,ayee!1266,iter,1,0.25
Shazim_54,ayee!1268,iter,1,0.25
Shazim_54,baba662,iter,1,0.25
Shazim_54,baba663,iter,1,0.25
Shazim_54,baba664,iter,1,0.25
Shazim_54,baow baowBT657,iter,1,0.25
Shazim_54,mamu660,iter,1,0.25
Shazim_55,AUNTI1269,iter,1,0.25
Shazim_55,CATTY BT647,iter,1,0.25
Shazim_55,EYES1272,iter,1,0.25
Shazim_55,ajao1275,iter,1,0.25
Shazim_55,ayee!1266,iter,1,0.25
Shazim_55,ayee!1267,iter,1,0.25
Shazim_55,duddu BT656,iter,1,0.25
Shazim_56,MAMA1731,iter,1,0.25
Shazim_57,AUNTI1270,iter,1,0.25
Shazim_57,CATTY BT646,iter,1,0.25
Shazim_57,CATTY BT648,iter,1,0.25
Shazim_57,EYES1272,iter,1,0.25
Shazim_57,EYES1273,iter,1,0.25
Shazim_57,ajao1274,iter,1,0.25
Shazim_57,"ajjan, BT1784",iter,1,0.25
Shazim_57,ayee!1266,iter,1,0.25
Shazim_57,ayee!1267,iter,1,0.25
Shazim_57,baba662,iter,1,0.25
Shazim_57,baba663,iter,1,0.25
Shazim_57,khala653,iter,1,0.25
Shazim_57,khala654,iter,1,0.25
Shazim_57,nano652,iter,1,0.25
Shazim_58,EYES1272,iter,1,0.25
Shazim_58,EYES1273,iter,1,0.25
Shazim_58,"ajjan, BT1784",iter,1,0.25
Shazim_58,ayee!1268,iter,1,0.25
Shazim_58,miyon BT650,iter,1,0.25
Shazim_59,MAMA1732,iter,1,0.25
Shazim_59,MAMA1733,iter,1,0.25
Shazim_59,"ajjan, BT1784",iter,1,0.25
Shazim_59,ayee!1266,iter,1,0.25
Shazim_59,ayee!1268,iter,1,0.25
Shazim_59,baba663,iter,1,0.25
Shazim_59,baow baowBT657,iter,1,0.25
Shazim_59,bhayee655,iter,1,0.25
Shazim_59,khala653,iter,1,0.25
Shazim_59,mamu660,iter,1,0.25
Shazim_59,mamu661,iter,1,0.25
Shazim_59,nano652,iter,1,0.25
Shazim_6,CATTY BT645,iter,1,0.25
Shazim_6,CATTY BT647,iter,1,0.25
Shazim_6,DOGGY BT665,iter,1,0.25
Shazim_6,EYES1273,iter,1,0.25
Shazim_6,ayee!1268,iter,1,0.25
Shazim_6,baba663,iter,1,0.25
Shazim_6,miyon BT650,iter,1,0.25
Shazim_60,CATTY BT645,iter,1,0.25
Shazim_60,CATTY BT646,iter,1,0.25
Shazim_60,CATTY BT647,iter,1,0.25
Shazim_60,CATTY BT648,iter,1,0.25
Shazim_60,CATTY BT649,iter,1,0.25
Shazim_60,EYES1273,iter,1,0.25
Shazim_60,ajao1275,iter,1,0.25
Shazim_60,ayee!1267,iter,1,0.25
Shazim_60,baba662,iter,1,0.25
Shazim_60,baba664,iter,1,0.25
Shazim_60,baow baowBT657,iter,1,0.25
Shazim_60,bhayee655,iter,1,0.25
Shazim_60,khala653,iter,1,0.25
Shazim_61,chuchu BT658,iter,1,0.25
Shazim_61,chunti666,iter,1,0.25
Shazim_61,duddu BT656,iter,1,0.25
Shazim_62,CATTY BT648,iter,1,0.25
Shazim_62,CATTY BT649,iter,1,0.25
Shazim_62,DOGGY BT665,iter,1,0.25
Shazim_62,ayee!1266,iter,1,0.25
Shazim_62,ayee!1267,iter,1,0.25
Shazim_62,ayee!1268,iter,1,0.25
Shazim_62,baba664,iter,1,0.25
Shazim_62,baow baowBT657,iter,1,0.25
Shazim_63,CATTY BT646,iter,1,0.25
Shazim_63,CATTY BT647,iter,1,0.25
Shazim_63,CATTY BT649,iter,1,0.25
Shazim_63,DOGGY BT665,iter,1,0.25
Shazim_63,EYES1272,iter,1,0.25
Shazim_63,EYES1273,iter,1,0.25
Shazim_63,ajao1275,iter,1,0.25
Shazim_63,ayee!1267,iter,1,0.25
Shazim_63,baba662,iter,1,0.25
Shazim_63,baba664,iter,1,0.25
Shazim_63,baow baowBT657,iter,1,0.25
Shazim_64,AUNTI1269,iter,1,0.25
Shazim_64,AUNTI1271,iter,1,0.25
Shazim_64,ajao1275,iter,1,0.25
Shazim_64,chachu667,iter,1,0.25
Shazim_64,dado1736,iter,1,0.25
Shazim_65,mamu660,iter,1,0.25
Shazim_65,mamu661,iter,1,0.25
Shazim_65,miyon BT650,iter,1,0.25
Shazim_66,CATTY BT645,iter,1,0.25
Shazim_66,CATTY BT649,iter,1,0.25
Shazim_66,DOGGY BT665,iter,1,0.25
Shazim_66,EYES1272,iter,1,0.25
Shazim_66,EYES1273,iter,1,0.25
Shazim_66,ayee!1266,iter,1,0.25
Shazim_66,ayee!1267,iter,1,0.25
Shazim_66,ayee!1268,iter,1,0.25
Shazim_66,baba662,iter,1,0.25
Shazim_66,baba663,iter,1,0.25
Shazim_66,bhayee655,iter,1,0.25
Shazim_67,CATTY BT649,iter,1,0.25
Shazim_67,EYES1272,iter,1,0.25
Shazim_67,EYES1273,iter,1,0.25
Shazim_67,ayee!1267,iter,1,0.25
Shazim_67,ayee!1268,iter,1,0.25
Shazim_67,billi1734,iter,1,0.25
Shazim_67,khala653,iter,1,0.25
Shazim_67,khala654,iter,1,0.25
Shazim_67,nano652,iter,1,0.25
Shazim_68,CATTY BT645,iter,1,0.25
Shazim_68,CATTY BT646,iter,1,0.25
Shazim_68,CATTY BT648,iter,1,0.25
Shazim_68,CATTY BT649,iter,1,0.25
Shazim_68,EYES1273,iter,1,0.25
Shazim_68,ayee!1266,iter,1,0.25
Shazim_68,khala653,iter,1,0.25
Shazim_68,nano652,iter,1,0.25
Shazim_69,AUNTI1269,iter,1,0.25
Shazim_69,AUNTI1270,iter,1,0.25
Shazim_69,AUNTI1271,iter,1,0.25
Shazim_69,CATTY BT647,iter,1,0.25
Shazim_69,CATTY BT648,iter,1,0.25
Shazim_69,CATTY BT649,iter,1,0.25
Shazim_69,DOGGY BT665,iter,1,0.25
Shazim_69,ayee!1267,iter,1,0.25
Shazim_69,ayee!1268,iter,1,0.25
Shazim_69,baba663,iter,1,0.25
Shazim_69,baba664,iter,1,0.25
Shazim_69,baow baowBT657,iter,1,0.25
Shazim_69,bhayee655,iter,1,0.25
Shazim_69,khala654,iter,1,0.25
Shazim_69,mamu661,iter,1,0.25
Shazim_69,nano652,iter,1,0.25
Shazim_7,AUNTI1270,iter,1,0.25
Shazim_7,AUNTI1271,iter,1,0.25
Shazim_7,CATTY BT645,iter,1,0.25
Shazim_7,CATTY BT646,iter,1,0.25
Shazim_7,CATTY BT648,iter,1,0.25
Shazim_7,EYES1273,iter,1,0.25
Shazim_7,ajao1275,iter,1,0.25
Shazim_7,ayee!1268,iter,1,0.25
Shazim_70,CATTY BT645,iter,1,0.25
Shazim_70,CATTY BT648,iter,1,0.25
Shazim_70,CATTY BT649,iter,1,0.25
Shazim_70,DOGGY BT665,iter,1,0.25
Shazim_70,ajao1275,iter,1,0.25
Shazim_70,ayee!1266,iter,1,0.25
Shazim_70,ayee!1267,iter,1,0.25
Shazim_70,ayee!1268,iter,1,0.25
Shazim_70,khala653,iter,1,0.25
Shazim_71,CATTY BT647,iter,1,0.25
Shazim_71,CATTY BT648,iter,1,0.25
Shazim_71,CATTY BT649,iter,1,0.25
Shazim_71,DOGGY BT665,iter,1,0.25
Shazim_71,EYES1272,iter,1,0.25
Shazim_71,EYES1273,iter,1,0.25
Shazim_71,ayee!1268,iter,1,0.25
Shazim_71,baba662,iter,1,0.25
Shazim_71,baow baowBT657,iter,1,0.25
Shazim_71,bhayee655,iter,1,0.25
Shazim_71,nano652,iter,1,0.25
Shazim_72,CATTY BT645,iter,1,0.25
Shazim_72,EYES1272,iter,1,0.25
Shazim_72,EYES1273,iter,1,0.25
Shazim_72,ajao1274,iter,1,0.25
Shazim_72,ayee!1266,iter,1,0.25
Shazim_72,ayee!1267,iter,1,0.25
Shazim_72,baba662,iter,1,0.25
Shazim_72,baba664,iter,1,0.25
Shazim_72,baow baowBT657,iter,1,0.25
Shazim_72,bhayee655,iter,1,0.25
Shazim_72,khala654,iter,1,0.25
Shazim_73,CATTY BT645,iter,1,0.25
Shazim_73,CATTY BT648,iter,1,0.25
Shazim_73,CATTY BT649,iter,1,0.25
Shazim_73,ajao1274,iter,1,0.25
Shazim_73,ajao1275,iter,1,0.25
Shazim_73,ayee!1268,iter,1,0.25
Shazim_73,baba662,iter,1,0.25
Shazim_73,baba664,iter,1,0.25
Shazim_73,khala653,iter,1,0.25
Shazim_74,MAMA1732,iter,1,0.25
Shazim_74,MAMA1733,iter,1,0.25
Shazim_74,mamu661,iter,1,0.25
Shazim_75,CATTY BT645,iter,1,0.25
Shazim_75,CATTY BT646,iter,1,0.25
Shazim_75,DOGGY BT665,iter,1,0.25
Shazim_75,EYES1272,iter,1,0.25
Shazim_75,EYES1273,iter,1,0.25
Shazim_75,ayee!1267,iter,1,0.25
Shazim_75,baba663,iter,1,0.25
Shazim_75,mamu660,iter,1,0.25
Shazim_75,miyon BT650,iter,1,0.25
Shazim_76,CATTY BT646,iter,1,0.25
Shazim_76,CATTY BT648,iter,1,0.25
Shazim_76,CATTY BT649,iter,1,0.25
Shazim_76,DOGGY BT665,iter,1,0.25
Shazim_76,ajao1275,iter,1,0.25
Shazim_76,ayee!1266,iter,1,0.25
Shazim_76,ayee!1267,iter,1,0.25
Shazim_76,baba663,iter,1,0.25
Shazim_76,baba664,iter,1,0.25
Shazim_76,baow baowBT657,iter,1,0.25
Shazim_76,bhayee655,iter,1,0.25
Shazim_76,khala653,iter,1,0.25
Shazim_77,AUNTI1269,iter,1,0.25
Shazim_77,AUNTI1271,iter,1,0.25
Shazim_77,DOGGY BT665,iter,1,0.25
Shazim_77,ayee!1266,iter,1,0.25
Shazim_77,ayee!1268,iter,1,0.25
Shazim_77,khala654,iter,1,0.25
Shazim_77,mamu660,iter,1,0.25
Shazim_77,mamu661,iter,1,0.25
Shazim_77,nano652,iter,1,0.25
Shazim_78,CATTY BT646,iter,1,0.25
Shazim_78,CATTY BT648,iter,1,0.25
Shazim_78,EYES1272,iter,1,0.25
Shazim_78,EYES1273,iter,1,0.25
Shazim_78,ajao1275,iter,1,0.25
Shazim_78,ayee!1268,iter,1,0.25
Shazim_78,baba662,iter,1,0.25
Shazim_78,baba663,iter,1,0.25
Shazim_78,baba664,iter,1,0.25
Shazim_78,bhayee655,iter,1,0.25
Shazim_78,khala653,iter,1,0.25
Shazim_78,khala654,iter,1,0.25
Shazim_79,CATTY BT645,iter,1,0.25
Shazim_79,CATTY BT647,iter,1,0.25
Shazim_79,DOGGY BT665,iter,1,0.25
Shazim_79,EYES1272,iter,1,0.25
Shazim_79,ayee!1267,iter,1,0.25
Shazim_79,ayee!1268,iter,1,0.25
Shazim_79,baba663,iter,1,0.25
Shazim_79,baba664,iter,1,0.25
Shazim_8,CATTY BT645,iter,1,0.25
Shazim_8,CATTY BT646,iter,1,0.25
Shazim_8,DOGGY BT665,iter,1,0.25
Shazim_8,EYES1272,iter,1,0.25
Shazim_8,ajao1274,iter,1,0.25
Shazim_8,ayee!1266,iter,1,0.25
Shazim_8,ayee!1268,iter,1,0.25
Shazim_8,baba662,iter,1,0.25
Shazim_8,baba663,iter,1,0.25
Shazim_8,baba664,iter,1,0.25
Shazim_8,baow baowBT657,iter,1,0.25
Shazim_8,khala654,iter,1,0.25
Shazim_80,MAMA1732,iter,1,0.25
Shazim_80,ayee!1267,iter,1,0.25
Shazim_80,baba662,iter,1,0.25
Shazim_80,baba663,iter,1,0.25
Shazim_80,baow baowBT657,iter,1,0.25
Shazim_80,mamu660,iter,1,0.25
Shazim_80,miyon BT650,iter,1,0.25
Shazim_80,nano652,iter,1,0.25
Shazim_81,AUNTI1270,iter,1,0.25
Shazim_81,AUNTI1271,iter,1,0.25
Shazim_81,ajao1275,iter,1,0.25
Shazim_81,chachu667,iter,1,0.25
Shazim_81,dado1736,iter,1,0.25
Shazim_81,duddu BT656,iter,1,0.25
Shazim_82,CATTY BT645,iter,1,0.25
Shazim_82,CATTY BT646,iter,1,0.25
Shazim_82,CATTY BT647,iter,1,0.25
Shazim_82,CATTY BT649,iter,1,0.25
Shazim_82,DOGGY BT665,iter,1,0.25
Shazim_82,bhayee655,iter,1,0.25
Shazim_82,mamu660,iter,1,0.25
Shazim_82,miyon BT650,iter,1,0.25
Shazim_83,CATTY BT647,iter,1,0.25
Shazim_83,CATTY BT648,iter,1,0.25
Shazim_83,CATTY BT649,iter,1,0.25
Shazim_83,EYES1273,iter,1,0.25
Shazim_83,ayee!1266,iter,1,0.25
Shazim_83,ayee!1267,iter,1,0.25
Shazim_83,ayee!1268,iter,1,0.25
Shazim_83,baba663,iter,1,0.25
Shazim_83,baba664,iter,1,0.25
Shazim_83,baow baowBT657,iter,1,0.25
Shazim_83,mamu660,iter,1,0.25
Shazim_83,mamu661,iter,1,0.25
Shazim_84,"ajjan, BT1784",iter,1,0.25
Shazim_84,bhayee655,iter,1,0.25
Shazim_84,khala653,iter,1,0.25
Shazim_85,AUNTI1269,iter,1,0.25
Shazim_85,AUNTI1271,iter,1,0.25
Shazim_85,CATTY BT645,iter,1,0.25
Shazim_85,CATTY BT647,iter,1,0.25
Shazim_85,CATTY BT648,iter,1,0.25
Shazim_85,EYES1272,iter,1,0.25
Shazim_85,ajao1274,iter,1,0.25
Shazim_85,"ajjan, BT1784",iter,1,0.25
Shazim_85,ayee!1266,iter,1,0.25
Shazim_85,ayee!1268,iter,1,0.25
Shazim_85,baba662,iter,1,0.25
Shazim_85,baow baowBT657,iter,1,0.25
Shazim_85,bhayee655,iter,1,0.25
Shazim_85,miyon BT650,iter,1,0.25
Shazim_85,nano652,iter,1,0.25
Shazim_86,CATTY BT646,iter,1,0.25
Shazim_86,CATTY BT649,iter,1,0.25
Shazim_86,DOGGY BT665,iter,1,0.25
Shazim_86,EYES1272,iter,1,0.25
Shazim_86,ayee!1266,iter,1,0.25
Shazim_86,ayee!1267,iter,1,0.25
Shazim_86,ayee!1268,iter,1,0.25
Shazim_86,baba662,iter,1,0.25
Shazim_86,dado1736,iter,1,0.25
Shazim_87,CATTY BT646,iter,1,0.25
Shazim_87,CATTY BT647,iter,1,0.25
Shazim_87,CATTY BT648,iter,1,0.25
Shazim_87,CATTY BT649,iter,1,0.25
Shazim_87,DOGGY BT665,iter,1,0.25
Shazim_87,baba662,iter,1,0.25
Shazim_87,baba663,iter,1,0.25
Shazim_87,baow baowBT657,iter,1,0.25
Shazim_87,nano652,iter,1,0.25
Shazim_88,DOGGY BT665,iter,1,0.25
Shazim_88,EYES1272,iter,1,0.25
Shazim_88,ayee!1268,iter,1,0.25
Shazim_88,baba663,iter,1,0.25
Shazim_88,baba664,iter,1,0.25
Shazim_88,baow baowBT657,iter,1,0.25
Shazim_88,billi1734,iter,1,0.25
Shazim_89,CATTY BT645,iter,1,0.25
Shazim_89,CATTY BT647,iter,1,0.25
Shazim_89,CATTY BT648,iter,1,0.25
Shazim_89,CATTY BT649,iter,1,0.25
Shazim_89,DOGGY BT665,iter,1,0.25
Shazim_89,EYES1272,iter,1,0.25
Shazim_89,EYES1273,iter,1,0.25
Shazim_89,baow baowBT657,iter,1,0.25
Shazim_89,bhayee655,iter,1,0.25
Shazim_9,CATTY BT645,iter,1,0.25
Shazim_9,CATTY BT648,iter,1,0.25
Shazim_9,CATTY BT649,iter,1,0.25
Shazim_9,DOGGY BT665,iter,1,0.25
Shazim_9,EYES1272,iter,1,0.25
Shazim_9,ayee!1266,iter,1,0.25
Shazim_9,ayee!1267,iter,1,0.25
Shazim_9,baba662,iter,1,0.25
Shazim_9,baba664,iter,1,0.25
Shazim_9,khala653,iter,1,0.25
Shazim_9,khala654,iter,1,0.25
Shazim_9,mamu661,iter,1,0.25
Shazim_9,miyon BT650,iter,1,0.25
Shazim_9,nano652,iter,1,0.25
Shazim_91,AUNTI1270,iter,1,0.25
Shazim_91,CATTY BT645,iter,1,0.25
Shazim_91,CATTY BT649,iter,1,0.25
Shazim_91,EYES1272,iter,1,0.25
Shazim_92,nano652,iter,1,0.25
Shazim_93,CATTY BT645,iter,1,0.25
Shazim_93,CATTY BT646,iter,1,0.25
Shazim_93,CATTY BT648,iter,1,0.25
Shazim_93,DOGGY BT665,iter,1,0.25
Shazim_93,EYES1272,iter,1,0.25
Shazim_93,EYES1273,iter,1,0.25
Shazim_93,ajao1274,iter,1,0.25
Shazim_93,ajao1275,iter,1,0.25
Shazim_93,ayee!1266,iter,1,0.25
Shazim_93,ayee!1268,iter,1,0.25
Shazim_93,baba662,iter,1,0.25
Shazim_93,khala653,iter,1,0.25
Shazim_94,CATTY BT647,iter,1,0.25
Shazim_94,CATTY BT649,iter,1,0.25
Shazim_94,EYES1273,iter,1,0.25
Shazim_94,ayee!1266,iter,1,0.25
Shazim_94,ayee!1267,iter,1,0.25
Shazim_94,ayee!1268,iter,1,0.25
Shazim_94,billi1734,iter,1,0.25
Shazim_94,khala654,iter,1,0.25
Shazim_95,EYES1272,iter,1,0.25
Shazim_95,EYES1273,iter,1,0.25
Shazim_95,ajao1274,iter,1,0.25
Shazim_95,ayee!1266,iter,1,0.25
Shazim_95,duddu BT656,iter,1,0.25
Shazim_96,CATTY BT649,iter,1,0.25
Shazim_96,DOGGY BT665,iter,1,0.25
Shazim_96,EYES1272,iter,1,0.25
Shazim_96,ajao1274,iter,1,0.25
Shazim_96,ajao1275,iter,1,0.25
Shazim_96,baow baowBT657,iter,1,0.25
Shazim_96,khala653,iter,1,0.25
Shazim_96,khala654,iter,1,0.25
Shazim_97,AUNTI1269,iter,1,0.25
Shazim_97,EYES1273,iter,1,0.25
Shazim_97,ajao1274,iter,1,0.25
Shazim_97,ayee!1266,iter,1,0.25
Shazim_98,AUNTI1269,iter,1,0.25
Shazim_98,AUNTI1270,iter,1,0.25
Shazim_98,CATTY BT645,iter,1,0.25
Shazim_98,CATTY BT646,iter,1,0.25
Shazim_98,CATTY BT647,iter,1,0.25
Shazim_98,ajao1274,iter,1,0.25
Shazim_98,ajao1275,iter,1,0.25
Shazim_98,"ajjan, BT1784",iter,1,0.25
Shazim_98,ayee!1267,iter,1,0.25
Shazim_98,ayee!1268,iter,1,0.25
Shazim_98,baba663,iter,1,0.25
Shazim_98,baba664,iter,1,0.25
Shazim_98,khala653,iter,1,0.25
Shazim_98,khala654,iter,1,0.25
Shazim_98,mamu661,iter,1,0.25
Shazim_98,miyon BT650,iter,1,0.25
Shazim_99,ayee!1267,iter,1,0.25
Shazim_99,billi1734,iter,1,0.25
Sini_1,tässä1642,iter,1,0.25
Sini_1,vettä1647,iter,1,0.25
Sini_10,korkki1624,iter,1,0.25
Sini_100,laukku1627,iter,1,0.25
Sini_100,napa354,iter,1,0.25
Sini_100,nappi1635,iter,1,0.25
Sini_11,tyttö1644,iter,1,0.25
Sini_11,tässä1642,iter,1,0.25
Sini_11,vettä1647,iter,1,0.25
Sini_12,kiikkaa1619,iter,1,0.25
Sini_12,kiikkaa1621,iter,1,0.25
Sini_12,korkki1622,iter,1,0.25
Sini_12,korkki1623,iter,1,0.25
Sini_12,kukka1625,iter,1,0.25
Sini_12,kvaak-kvaak1404,iter,1,0.25
Sini_12,rikki1640,iter,1,0.25
Sini_13,kakku1618,iter,1,0.25
Sini_13,kukka1625,iter,1,0.25
Sini_14,setä362,iter,1,0.25
Sini_15,juna345,iter,1,0.25
Sini_15,kirja346,iter,1,0.25
Sini_15,koti349,iter,1,0.25
Sini_15,setä362,iter,1,0.25
Sini_15,täti364,iter,1,0.25
Sini_16,hauhau1463,iter,1,0.25
Sini_16,kynä350,iter,1,0.25
Sini_16,piilo355,iter,1,0.25
Sini_16,suklaa363,iter,1,0.25
Sini_16,tutti1643,iter,1,0.25
Sini_16,täti364,iter,1,0.25
Sini_17,leipä351,iter,1,0.25
Sini_17,napa354,iter,1,0.25
Sini_17,nappi1634,iter,1,0.25
Sini_17,nappi1635,iter,1,0.25
Sini_17,nappi1636,iter,1,0.25
Sini_18,juna345,iter,1,0.25
Sini_18,leipä351,iter,1,0.25
Sini_18,nappi1634,iter,1,0.25
Sini_19,leipä351,iter,1,0.25
Sini_19,nappi1635,iter,1,0.25
Sini_20,setä362,iter,1,0.25
Sini_20,tyttö1644,iter,1,0.25
Sini_20,tyttö1646,iter,1,0.25
Sini_21,kuppi1626,iter,1,0.25
Sini_21,laukku1627,iter,1,0.25
Sini_21,leipä351,iter,1,0.25
Sini_21,loppu1629,iter,1,0.25
Sini_21,loppu1630,iter,1,0.25
Sini_21,nappi1634,iter,1,0.25
Sini_23,kvaak-kvaak1404,iter,1,0.25
Sini_23,rikki1641,iter,1,0.25
Sini_23,ukki1778,iter,1,0.25
Sini_25,kiikkaa1620,iter,1,0.25
Sini_25,kiikkaa1621,iter,1,0.25
Sini_25,kukka1625,iter,1,0.25
Sini_25,laukku1627,iter,1,0.25
Sini_26,hauhau1463,iter,1,0.25
Sini_26,leipä351,iter,1,0.25
Sini_26,napa354,iter,1,0.25
Sini_26,setä362,iter,1,0.25
Sini_26,tyttö1645,iter,1,0.25
Sini_27,hauhau1463,iter,1,0.25
Sini_28,juna345,iter,1,0.25
Sini_28,nappi1634,iter,1,0.25
Sini_28,nappi1635,iter,1,0.25
Sini_29,kiikkaa1620,iter,1,0.25
Sini_29,korkki1622,iter,1,0.25
Sini_29,korkki1623,iter,1,0.25
Sini_29,korkki1624,iter,1,0.25
Sini_29,ukki1778,iter,1,0.25
Sini_3,kakku1618,iter,1,0.25
Sini_30,koti349,iter,1,0.25
Sini_30,kynä350,iter,1,0.25
Sini_30,pupu356,iter,1,0.25
Sini_30,tyttö1645,iter,1,0.25
Sini_30,viili365,iter,1,0.25
Sini_31,kakku1618,iter,1,0.25
Sini_31,korkki1623,iter,1,0.25
Sini_31,koti349,iter,1,0.25
Sini_31,kukka1625,iter,1,0.25
Sini_31,kvaak-kvaak1404,iter,1,0.25
Sini_31,rikki1641,iter,1,0.25
Sini_31,ukki1778,iter,1,0.25
Sini_32,hauhau1463,iter,1,0.25
Sini_32,pallo1637,iter,1,0.25
Sini_32,pallo1639,iter,1,0.25
Sini_32,piilo355,iter,1,0.25
Sini_32,pyörä359,iter,1,0.25
Sini_33,pyörä359,iter,1,0.25
Sini_34,kiikkaa1619,iter,1,0.25
Sini_34,korkki1622,iter,1,0.25
Sini_34,korkki1623,iter,1,0.25
Sini_35,mummi1633,iter,1,0.25
Sini_36,hauhau1463,iter,1,0.25
Sini_36,kiikkaa1619,iter,1,0.25
Sini_36,rikki1640,iter,1,0.25
Sini_37,pallo1637,iter,1,0.25
Sini_38,heppa1617,iter,1,0.25
Sini_38,loppu1628,iter,1,0.25
Sini_38,loppu1629,iter,1,0.25
Sini_38,loppu1630,iter,1,0.25
Sini_38,loppu1632,iter,1,0.25
Sini_39,kirja346,iter,1,0.25
Sini_39,pallo1638,iter,1,0.25
Sini_39,pallo1639,iter,1,0.25
Sini_39,piilo355,iter,1,0.25
Sini_39,pupu356,iter,1,0.25
Sini_4,hauhau1463,iter,1,0.25
Sini_4,kiikkaa1619,iter,1,0.25
Sini_4,kukka1625,iter,1,0.25
Sini_4,laukku1627,iter,1,0.25
Sini_4,rikki1640,iter,1,0.25
Sini_40,kiikkaa1619,iter,1,0.25
Sini_41,puuro358,iter,1,0.25
Sini_41,viili365,iter,1,0.25
Sini_42,korva348,iter,1,0.25
Sini_42,koti349,iter,1,0.25
Sini_42,kynä350,iter,1,0.25
Sini_42,pyörä359,iter,1,0.25
Sini_44,kiikkaa1621,iter,1,0.25
Sini_44,laukku1627,iter,1,0.25
Sini_45,hauhau1463,iter,1,0.25
Sini_45,koti349,iter,1,0.25
Sini_45,leipä351,iter,1,0.25
Sini_45,pupu357,iter,1,0.25
Sini_45,suklaa363,iter,1,0.25
Sini_45,tyttö1646,iter,1,0.25
Sini_45,viili365,iter,1,0.25
Sini_46,koti349,iter,1,0.25
Sini_46,puuro358,iter,1,0.25
Sini_47,heppa1617,iter,1,0.25
Sini_47,loppu1631,iter,1,0.25
Sini_47,nami353,iter,1,0.25
Sini_48,kakku1618,iter,1,0.25
Sini_48,kiikkaa1619,iter,1,0.25
Sini_48,kiikkaa1620,iter,1,0.25
Sini_48,korkki1623,iter,1,0.25
Sini_48,kukka1625,iter,1,0.25
Sini_48,kvaak-kvaak1404,iter,1,0.25
Sini_49,kiikkaa1619,iter,1,0.25
Sini_49,kiikkaa1620,iter,1,0.25
Sini_49,loppu1628,iter,1,0.25
Sini_5,kiikkaa1619,iter,1,0.25
Sini_5,kiikkaa1620,iter,1,0.25
Sini_5,kiikkaa1621,iter,1,0.25
Sini_5,kukka1625,iter,1,0.25
Sini_5,rikki1641,iter,1,0.25
Sini_5,ukki1778,iter,1,0.25
Sini_50,laukku1627,iter,1,0.25
Sini_50,leipä351,iter,1,0.25
Sini_50,loppu1632,iter,1,0.25
Sini_51,kiikkaa1620,iter,1,0.25
Sini_51,kukka1625,iter,1,0.25
Sini_51,rikki1640,iter,1,0.25
Sini_51,ukki1778,iter,1,0.25
Sini_53,kakku1618,iter,1,0.25
Sini_53,kiikkaa1619,iter,1,0.25
Sini_53,koti349,iter,1,0.25
Sini_53,kukka1625,iter,1,0.25
Sini_53,kvaak-kvaak1404,iter,1,0.25
Sini_54,kiikkaa1620,iter,1,0.25
Sini_54,kvaak-kvaak1404,iter,1,0.25
Sini_55,heppa1617,iter,1,0.25
Sini_55,koti349,iter,1,0.25
Sini_55,kuppi1626,iter,1,0.25
Sini_55,napa354,iter,1,0.25
Sini_55,pupu357,iter,1,0.25
Sini_55,setä362,iter,1,0.25
Sini_57,leipä351,iter,1,0.25
Sini_57,loppu1631,iter,1,0.25
Sini_57,nappi1634,iter,1,0.25
Sini_57,nappi1636,iter,1,0.25
Sini_58,koti349,iter,1,0.25
Sini_58,leipä351,iter,1,0.25
Sini_58,napa354,iter,1,0.25
Sini_58,pupu357,iter,1,0.25
Sini_58,setä362,iter,1,0.25
Sini_58,tyttö1645,iter,1,0.25
Sini_59,koti349,iter,1,0.25
Sini_6,juna345,iter,1,0.25
Sini_6,kynä350,iter,1,0.25
Sini_6,piilo355,iter,1,0.25
Sini_6,setä362,iter,1,0.25
Sini_6,suklaa363,iter,1,0.25
Sini_6,tässä1642,iter,1,0.25
Sini_6,vettä1647,iter,1,0.25
Sini_60,koti349,iter,1,0.25
Sini_60,kuppi1626,iter,1,0.25
Sini_60,pupu357,iter,1,0.25
Sini_60,pyörä359,iter,1,0.25
Sini_60,setä362,iter,1,0.25
Sini_61,kiikkaa1620,iter,1,0.25
Sini_61,loppu1628,iter,1,0.25
Sini_61,loppu1630,iter,1,0.25
Sini_61,rikki1640,iter,1,0.25
Sini_62,kiikkaa1619,iter,1,0.25
Sini_62,korkki1624,iter,1,0.25
Sini_62,kvaak-kvaak1404,iter,1,0.25
Sini_62,rikki1641,iter,1,0.25
Sini_63,juna345,iter,1,0.25
Sini_63,pallo1638,iter,1,0.25
Sini_63,piilo355,iter,1,0.25
Sini_63,pupu357,iter,1,0.25
Sini_63,puuro358,iter,1,0.25
Sini_63,setä362,iter,1,0.25
Sini_63,täti364,iter,1,0.25
Sini_64,tyttö1645,iter,1,0.25
Sini_64,tyttö1646,iter,1,0.25
Sini_64,tässä1642,iter,1,0.25
Sini_64,täti364,iter,1,0.25
Sini_66,hauhau1463,iter,1,0.25
Sini_67,tutti1643,iter,1,0.25
Sini_68,hauhau1463,iter,1,0.25
Sini_68,kirja347,iter,1,0.25
Sini_68,kynä350,iter,1,0.25
Sini_69,heppa1617,iter,1,0.25
Sini_69,piilo355,iter,1,0.25
Sini_69,pupu356,iter,1,0.25
Sini_69,pyörä359,iter,1,0.25
Sini_69,täti364,iter,1,0.25
Sini_7,setä362,iter,1,0.25
Sini_7,tyttö1645,iter,1,0.25
Sini_70,loppu1629,iter,1,0.25
Sini_70,nappi1634,iter,1,0.25
Sini_70,nappi1636,iter,1,0.25
Sini_71,kukka1625,iter,1,0.25
Sini_72,hauhau1463,iter,1,0.25
Sini_72,pupu356,iter,1,0.25
Sini_72,tässä1642,iter,1,0.25
Sini_72,viili365,iter,1,0.25
Sini_73,loppu1631,iter,1,0.25
Sini_73,nappi1635,iter,1,0.25
Sini_74,loppu1628,iter,1,0.25
Sini_74,nappi1634,iter,1,0.25
Sini_75,kiikkaa1620,iter,1,0.25
Sini_75,kiikkaa1621,iter,1,0.25
Sini_75,kukka1625,iter,1,0.25
Sini_76,kuppi1626,iter,1,0.25
Sini_76,puuro358,iter,1,0.25
Sini_76,pyörä359,iter,1,0.25
Sini_76,setä362,iter,1,0.25
Sini_77,nappi1634,iter,1,0.25
Sini_79,kuppi1626,iter,1,0.25
Sini_79,pupu357,iter,1,0.25
Sini_8,loppu1628,iter,1,0.25
Sini_8,loppu1629,iter,1,0.25
Sini_8,loppu1630,iter,1,0.25
Sini_8,loppu1631,iter,1,0.25
Sini_8,nami353,iter,1,0.25
Sini_8,napa354,iter,1,0.25
Sini_8,nappi1636,iter,1,0.25
Sini_8,täti364,iter,1,0.25
Sini_80,heppa1617,iter,1,0.25
Sini_80,kuppi1626,iter,1,0.25
Sini_80,laukku1627,iter,1,0.25
Sini_80,loppu1629,iter,1,0.25
Sini_80,loppu1631,iter,1,0.25
Sini_80,loppu1632,iter,1,0.25
Sini_80,nappi1634,iter,1,0.25
Sini_80,nappi1636,iter,1,0.25
Sini_81,heppa1617,iter,1,0.25
Sini_81,koti349,iter,1,0.25
Sini_81,pupu356,iter,1,0.25
Sini_81,setä362,iter,1,0.25
Sini_82,koti349,iter,1,0.25
Sini_82,pyörä359,iter,1,0.25
Sini_82,vettä1647,iter,1,0.25
Sini_83,hauhau1463,iter,1,0.25
Sini_83,kakku1618,iter,1,0.25
Sini_83,kiikkaa1620,iter,1,0.25
Sini_83,rikki1640,iter,1,0.25
Sini_83,rikki1641,iter,1,0.25
Sini_84,heihei344,iter,1,0.25
Sini_84,loppu1628,iter,1,0.25
Sini_84,loppu1632,iter,1,0.25
Sini_84,nappi1634,iter,1,0.25
Sini_84,pupu356,iter,1,0.25
Sini_85,istuu1174,iter,1,0.25
Sini_87,hauhau1463,iter,1,0.25
Sini_87,puuro358,iter,1,0.25
Sini_87,täti364,iter,1,0.25
Sini_88,heppa1617,iter,1,0.25
Sini_88,laukku1627,iter,1,0.25
Sini_88,loppu1631,iter,1,0.25
Sini_88,loppu1632,iter,1,0.25
Sini_88,nappi1636,iter,1,0.25
Sini_89,juna345,iter,1,0.25
Sini_89,leipä351,iter,1,0.25
Sini_89,loppu1632,iter,1,0.25
Sini_89,napa354,iter,1,0.25
Sini_89,nappi1634,iter,1,0.25
Sini_89,pupu356,iter,1,0.25
Sini_89,pupu357,iter,1,0.25
Sini_89,setä362,iter,1,0.25
Sini_9,leipä351,iter,1,0.25
Sini_9,napa354,iter,1,0.25
Sini_9,pupu356,iter,1,0.25
Sini_9,setä362,iter,1,0.25
Sini_9,täti364,iter,1,0.25
Sini_90,laukku1627,iter,1,0.25
Sini_90,loppu1631,iter,1,0.25
Sini_90,loppu1632,iter,1,0.25
Sini_90,nappi1635,iter,1,0.25
Sini_90,nappi1636,iter,1,0.25
Sini_91,istuu1174,iter,1,0.25
Sini_92,kuppi1626,iter,1,0.25
Sini_92,loppu1631,iter,1,0.25
Sini_92,nappi1634,iter,1,0.25
Sini_92,nappi1635,iter,1,0.25
Sini_93,kakku1618,iter,1,0.25
Sini_93,kiikkaa1620,iter,1,0.25
Sini_93,kiikkaa1621,iter,1,0.25
Sini_93,korkki1624,iter,1,0.25
Sini_94,puuro358,iter,1,0.25
Sini_95,setä362,iter,1,0.25
Sini_95,tyttö1645,iter,1,0.25
Sini_96,tyttö1646,iter,1,0.25
Sini_98,pupu356,iter,1,0.25
Sini_98,pupu357,iter,1,0.25
Sini_98,puuro358,iter,1,0.25
Sini_98,viili365,iter,1,0.25
Sini_99,juna345,iter,1,0.25
Sini_99,leipä351,iter,1,0.25
Takeru_1,juice425,iter,1,0.25
Takeru_1,please423,iter,1,0.25
Takeru_1,stuck467,iter,1,0.25
Takeru_1,that1180,iter,1,0.25
Takeru_1,what449,iter,1,0.25
Takeru_1,what450,iter,1,0.25
Takeru_1,what452,iter,1,0.25
Takeru_1,what464,iter,1,0.25
Takeru_10,aye-aye1178,iter,1,0.25
Takeru_10,do it!1665,iter,1,0.25
Takeru_10,juice425,iter,1,0.25
Takeru_10,please422,iter,1,0.25
Takeru_10,please423,iter,1,0.25
Takeru_10,put it there1190,iter,1,0.25
Takeru_10,put it there1191,iter,1,0.25
Takeru_10,stuck465,iter,1,0.25
Takeru_10,stuck467,iter,1,0.25
Takeru_10,that1179,iter,1,0.25
Takeru_10,that1181,iter,1,0.25
Takeru_10,train437,iter,1,0.25
Takeru_10,what457,iter,1,0.25
Takeru_100,bread1681,iter,1,0.25
Takeru_11,choochoo1657,iter,1,0.25
Takeru_11,mom1669,iter,1,0.25
Takeru_11,please424,iter,1,0.25
Takeru_11,train439,iter,1,0.25
Takeru_11,who420,iter,1,0.25
Takeru_11,yellow435,iter,1,0.25
Takeru_12,don't want to434,iter,1,0.25
Takeru_12,flower432,iter,1,0.25
Takeru_12,go go430,iter,1,0.25
Takeru_12,good1184,iter,1,0.25
Takeru_12,good1185,iter,1,0.25
Takeru_12,look!441,iter,1,0.25
Takeru_12,please424,iter,1,0.25
Takeru_12,that1180,iter,1,0.25
Takeru_12,what460,iter,1,0.25
Takeru_13,Barney413,iter,1,0.25
Takeru_13,all gone443,iter,1,0.25
Takeru_13,ball415,iter,1,0.25
Takeru_13,big1189,iter,1,0.25
Takeru_13,juice428,iter,1,0.25
Takeru_13,ouch1186,iter,1,0.25
Takeru_13,stuck466,iter,1,0.25
Takeru_13,take1698,iter,1,0.25
Takeru_13,what450,iter,1,0.25
Takeru_13,what453,iter,1,0.25
Takeru_13,what455,iter,1,0.25
Takeru_13,who420,iter,1,0.25
Takeru_13,yellow436,iter,1,0.25
Takeru_14,Barney412,iter,1,0.25
Takeru_14,don't want to434,iter,1,0.25
Takeru_14,go go430,iter,1,0.25
Takeru_14,good1185,iter,1,0.25
Takeru_14,juice425,iter,1,0.25
Takeru_14,juice427,iter,1,0.25
Takeru_14,stuck465,iter,1,0.25
Takeru_14,stuck466,iter,1,0.25
Takeru_14,train439,iter,1,0.25
Takeru_14,what453,iter,1,0.25
Takeru_15,aye-aye1177,iter,1,0.25
Takeru_15,go go430,iter,1,0.25
Takeru_15,good1183,iter,1,0.25
Takeru_15,juice427,iter,1,0.25
Takeru_15,please423,iter,1,0.25
Takeru_15,please424,iter,1,0.25
Takeru_15,that1181,iter,1,0.25
Takeru_15,what448,iter,1,0.25
Takeru_15,what451,iter,1,0.25
Takeru_15,what455,iter,1,0.25
Takeru_15,what459,iter,1,0.25
Takeru_15,what463,iter,1,0.25
Takeru_16,please424,iter,1,0.25
Takeru_16,that1180,iter,1,0.25
Takeru_16,train440,iter,1,0.25
Takeru_16,who418,iter,1,0.25
Takeru_16,who421,iter,1,0.25
Takeru_17,flower431,iter,1,0.25
Takeru_17,juice426,iter,1,0.25
Takeru_17,please423,iter,1,0.25
Takeru_17,stuck465,iter,1,0.25
Takeru_17,stuck466,iter,1,0.25
Takeru_17,that1182,iter,1,0.25
Takeru_17,what447,iter,1,0.25
Takeru_17,what450,iter,1,0.25
Takeru_17,what452,iter,1,0.25
Takeru_17,what454,iter,1,0.25
Takeru_17,what455,iter,1,0.25
Takeru_17,what459,iter,1,0.25
Takeru_18,choochoo1657,iter,1,0.25
Takeru_18,choochoo1658,iter,1,0.25
Takeru_18,found it1779,iter,1,0.25
Takeru_18,put it there1190,iter,1,0.25
Takeru_18,put it there1191,iter,1,0.25
Takeru_18,stuck465,iter,1,0.25
Takeru_18,take1693,iter,1,0.25
Takeru_18,take1696,iter,1,0.25
Takeru_18,take1698,iter,1,0.25
Takeru_18,whoops1783,iter,1,0.25
Takeru_19,bread1681,iter,1,0.25
Takeru_2,all gone444,iter,1,0.25
Takeru_2,good1183,iter,1,0.25
Takeru_2,put it there1191,iter,1,0.25
Takeru_2,what448,iter,1,0.25
Takeru_2,what452,iter,1,0.25
Takeru_2,what454,iter,1,0.25
Takeru_2,yellow435,iter,1,0.25
Takeru_20,Barney413,iter,1,0.25
Takeru_20,do it!1666,iter,1,0.25
Takeru_20,don't want to433,iter,1,0.25
Takeru_20,hooray1663,iter,1,0.25
Takeru_20,please424,iter,1,0.25
Takeru_20,stuck466,iter,1,0.25
Takeru_20,take1691,iter,1,0.25
Takeru_20,take1698,iter,1,0.25
Takeru_20,train439,iter,1,0.25
Takeru_20,what458,iter,1,0.25
Takeru_20,what462,iter,1,0.25
Takeru_20,what464,iter,1,0.25
Takeru_20,whoops1782,iter,1,0.25
Takeru_21,do it!1666,iter,1,0.25
Takeru_21,hooray1662,iter,1,0.25
Takeru_21,hooray1664,iter,1,0.25
Takeru_21,more1678,iter,1,0.25
Takeru_22,big1188,iter,1,0.25
Takeru_22,mom1669,iter,1,0.25
Takeru_22,mom1670,iter,1,0.25
Takeru_22,train437,iter,1,0.25
Takeru_22,train439,iter,1,0.25
Takeru_22,train440,iter,1,0.25
Takeru_23,flower432,iter,1,0.25
Takeru_23,please422,iter,1,0.25
Takeru_23,stuck465,iter,1,0.25
Takeru_23,stuck466,iter,1,0.25
Takeru_23,train438,iter,1,0.25
Takeru_23,train439,iter,1,0.25
Takeru_23,who419,iter,1,0.25
Takeru_23,yellow435,iter,1,0.25
Takeru_24,go go429,iter,1,0.25
Takeru_24,go go430,iter,1,0.25
Takeru_24,juice427,iter,1,0.25
Takeru_24,look!442,iter,1,0.25
Takeru_24,mom1668,iter,1,0.25
Takeru_24,ouch1187,iter,1,0.25
Takeru_24,stuck467,iter,1,0.25
Takeru_24,train439,iter,1,0.25
Takeru_25,ball415,iter,1,0.25
Takeru_25,juice425,iter,1,0.25
Takeru_25,juice428,iter,1,0.25
Takeru_25,that1180,iter,1,0.25
Takeru_25,that1181,iter,1,0.25
Takeru_25,what449,iter,1,0.25
Takeru_25,what452,iter,1,0.25
Takeru_25,what454,iter,1,0.25
Takeru_25,what460,iter,1,0.25
Takeru_25,who418,iter,1,0.25
Takeru_25,who419,iter,1,0.25
Takeru_26,all gone445,iter,1,0.25
Takeru_26,do it!1665,iter,1,0.25
Takeru_26,don't want to433,iter,1,0.25
Takeru_26,found it1779,iter,1,0.25
Takeru_26,found it1780,iter,1,0.25
Takeru_26,found it1781,iter,1,0.25
Takeru_26,go go430,iter,1,0.25
Takeru_26,stuck467,iter,1,0.25
Takeru_26,that1179,iter,1,0.25
Takeru_26,train437,iter,1,0.25
Takeru_26,what453,iter,1,0.25
Takeru_26,what457,iter,1,0.25
Takeru_27,food1673,iter,1,0.25
Takeru_28,daddy1700,iter,1,0.25
Takeru_28,daddy1701,iter,1,0.25
Takeru_28,do it!1666,iter,1,0.25
Takeru_28,found it1779,iter,1,0.25
Takeru_28,more1677,iter,1,0.25
Takeru_28,stuck465,iter,1,0.25
Takeru_28,take1695,iter,1,0.25
Takeru_28,whoops1782,iter,1,0.25
Takeru_29,pigeon1687,iter,1,0.25
Takeru_3,aye-aye1178,iter,1,0.25
Takeru_3,ball414,iter,1,0.25
Takeru_3,ball416,iter,1,0.25
Takeru_3,don't want to434,iter,1,0.25
Takeru_3,flower432,iter,1,0.25
Takeru_3,go go430,iter,1,0.25
Takeru_3,good1185,iter,1,0.25
Takeru_3,please422,iter,1,0.25
Takeru_3,what451,iter,1,0.25
Takeru_3,what458,iter,1,0.25
Takeru_3,who418,iter,1,0.25
Takeru_3,who419,iter,1,0.25
Takeru_3,who420,iter,1,0.25
Takeru_3,whoops1782,iter,1,0.25
Takeru_30,don't want to433,iter,1,0.25
Takeru_30,good1183,iter,1,0.25
Takeru_30,juice427,iter,1,0.25
Takeru_30,look!441,iter,1,0.25
Takeru_30,look!442,iter,1,0.25
Takeru_30,stuck466,iter,1,0.25
Takeru_30,that1182,iter,1,0.25
Takeru_30,what447,iter,1,0.25
Takeru_30,what448,iter,1,0.25
Takeru_30,what452,iter,1,0.25
Takeru_30,what455,iter,1,0.25
Takeru_30,what458,iter,1,0.25
Takeru_30,who419,iter,1,0.25
Takeru_31,yellow435,iter,1,0.25
Takeru_33,ball415,iter,1,0.25
Takeru_33,ball416,iter,1,0.25
Takeru_33,who419,iter,1,0.25
Takeru_34,found it1780,iter,1,0.25
Takeru_34,hooray1662,iter,1,0.25
Takeru_34,look!441,iter,1,0.25
Takeru_34,take1691,iter,1,0.25
Takeru_34,take1695,iter,1,0.25
Takeru_34,take1696,iter,1,0.25
Takeru_34,take1699,iter,1,0.25
Takeru_35,big1189,iter,1,0.25
Takeru_35,choochoo1656,iter,1,0.25
Takeru_35,don't want to433,iter,1,0.25
Takeru_35,mom1670,iter,1,0.25
Takeru_35,stuck466,iter,1,0.25
Takeru_36,bread1684,iter,1,0.25
Takeru_36,pigeon1687,iter,1,0.25
Takeru_37,choochoo1658,iter,1,0.25
Takeru_37,combine1660,iter,1,0.25
Takeru_37,found it1781,iter,1,0.25
Takeru_37,juice425,iter,1,0.25
Takeru_37,ouch1187,iter,1,0.25
Takeru_37,please422,iter,1,0.25
Takeru_37,take1691,iter,1,0.25
Takeru_38,choochoo1656,iter,1,0.25
Takeru_38,hooray1662,iter,1,0.25
Takeru_38,please423,iter,1,0.25
Takeru_38,put it there1190,iter,1,0.25
Takeru_38,take1692,iter,1,0.25
Takeru_38,take1698,iter,1,0.25
Takeru_39,all gone444,iter,1,0.25
Takeru_39,go go429,iter,1,0.25
Takeru_39,juice425,iter,1,0.25
Takeru_39,juice427,iter,1,0.25
Takeru_39,please422,iter,1,0.25
Takeru_39,put it there1190,iter,1,0.25
Takeru_39,what447,iter,1,0.25
Takeru_39,what451,iter,1,0.25
Takeru_39,what454,iter,1,0.25
Takeru_39,what455,iter,1,0.25
Takeru_39,who420,iter,1,0.25
Takeru_39,who421,iter,1,0.25
Takeru_39,yellow436,iter,1,0.25
Takeru_4,bread1680,iter,1,0.25
Takeru_4,pigeon1686,iter,1,0.25
Takeru_40,choochoo1656,iter,1,0.25
Takeru_40,choochoo1657,iter,1,0.25
Takeru_40,found it1780,iter,1,0.25
Takeru_40,go go430,iter,1,0.25
Takeru_40,take1690,iter,1,0.25
Takeru_40,take1693,iter,1,0.25
Takeru_40,take1695,iter,1,0.25
Takeru_41,aye-aye1178,iter,1,0.25
Takeru_41,choochoo1658,iter,1,0.25
Takeru_41,combine1659,iter,1,0.25
Takeru_41,found it1780,iter,1,0.25
Takeru_41,look!441,iter,1,0.25
Takeru_41,put it there1191,iter,1,0.25
Takeru_41,take1693,iter,1,0.25
Takeru_41,take1697,iter,1,0.25
Takeru_41,wait!1675,iter,1,0.25
Takeru_41,whoops1782,iter,1,0.25
Takeru_41,whoops1783,iter,1,0.25
Takeru_43,all gone444,iter,1,0.25
Takeru_43,all gone445,iter,1,0.25
Takeru_43,aye-aye1177,iter,1,0.25
Takeru_43,big1188,iter,1,0.25
Takeru_43,daddy1700,iter,1,0.25
Takeru_43,elephant471,iter,1,0.25
Takeru_43,go go430,iter,1,0.25
Takeru_43,ouch1186,iter,1,0.25
Takeru_43,train439,iter,1,0.25
Takeru_43,what452,iter,1,0.25
Takeru_43,what453,iter,1,0.25
Takeru_43,what454,iter,1,0.25
Takeru_44,all gone444,iter,1,0.25
Takeru_44,all gone446,iter,1,0.25
Takeru_44,don't want to433,iter,1,0.25
Takeru_44,don't want to434,iter,1,0.25
Takeru_44,go go430,iter,1,0.25
Takeru_44,hooray1663,iter,1,0.25
Takeru_44,what450,iter,1,0.25
Takeru_44,what456,iter,1,0.25
Takeru_44,what461,iter,1,0.25
Takeru_44,what462,iter,1,0.25
Takeru_44,what464,iter,1,0.25
Takeru_45,bread1682,iter,1,0.25
Takeru_45,bread1683,iter,1,0.25
Takeru_45,bread1684,iter,1,0.25
Takeru_46,aye-aye1178,iter,1,0.25
Takeru_46,don't want to433,iter,1,0.25
Takeru_46,flower432,iter,1,0.25
Takeru_46,juice428,iter,1,0.25
Takeru_46,please422,iter,1,0.25
Takeru_46,put it there1191,iter,1,0.25
Takeru_46,stuck465,iter,1,0.25
Takeru_46,that1181,iter,1,0.25
Takeru_46,train438,iter,1,0.25
Takeru_46,what457,iter,1,0.25
Takeru_48,Barney412,iter,1,0.25
Takeru_48,all gone443,iter,1,0.25
Takeru_48,all gone446,iter,1,0.25
Takeru_48,ball415,iter,1,0.25
Takeru_48,juice428,iter,1,0.25
Takeru_48,please424,iter,1,0.25
Takeru_48,train437,iter,1,0.25
Takeru_48,what447,iter,1,0.25
Takeru_48,what450,iter,1,0.25
Takeru_48,what454,iter,1,0.25
Takeru_48,what456,iter,1,0.25
Takeru_49,do it!1665,iter,1,0.25
Takeru_49,do it!1667,iter,1,0.25
Takeru_49,found it1781,iter,1,0.25
Takeru_49,hooray1664,iter,1,0.25
Takeru_49,look!441,iter,1,0.25
Takeru_49,ouch1187,iter,1,0.25
Takeru_49,put it there1191,iter,1,0.25
Takeru_49,take1692,iter,1,0.25
Takeru_49,take1695,iter,1,0.25
Takeru_5,all gone446,iter,1,0.25
Takeru_5,go go430,iter,1,0.25
Takeru_5,juice425,iter,1,0.25
Takeru_5,juice426,iter,1,0.25
Takeru_5,that1180,iter,1,0.25
Takeru_5,train438,iter,1,0.25
Takeru_5,what452,iter,1,0.25
Takeru_5,what454,iter,1,0.25
Takeru_5,what464,iter,1,0.25
Takeru_5,who418,iter,1,0.25
Takeru_5,who421,iter,1,0.25
Takeru_50,daddy1701,iter,1,0.25
Takeru_50,do it!1666,iter,1,0.25
Takeru_50,found it1780,iter,1,0.25
Takeru_50,take1699,iter,1,0.25
Takeru_50,whoops1782,iter,1,0.25
Takeru_50,whoops1783,iter,1,0.25
Takeru_51,ball416,iter,1,0.25
Takeru_51,big1188,iter,1,0.25
Takeru_51,combine1659,iter,1,0.25
Takeru_51,do it!1667,iter,1,0.25
Takeru_51,go go429,iter,1,0.25
Takeru_51,juice427,iter,1,0.25
Takeru_51,look!441,iter,1,0.25
Takeru_51,more1678,iter,1,0.25
Takeru_51,put it there1191,iter,1,0.25
Takeru_51,stuck466,iter,1,0.25
Takeru_51,what451,iter,1,0.25
Takeru_51,what452,iter,1,0.25
Takeru_51,what460,iter,1,0.25
Takeru_51,what462,iter,1,0.25
Takeru_52,combine1659,iter,1,0.25
Takeru_52,combine1661,iter,1,0.25
Takeru_52,daddy1700,iter,1,0.25
Takeru_52,daddy1701,iter,1,0.25
Takeru_52,do it!1665,iter,1,0.25
Takeru_52,flower432,iter,1,0.25
Takeru_52,found it1779,iter,1,0.25
Takeru_52,found it1780,iter,1,0.25
Takeru_52,more1677,iter,1,0.25
Takeru_52,train437,iter,1,0.25
Takeru_52,what449,iter,1,0.25
Takeru_52,what453,iter,1,0.25
Takeru_52,what463,iter,1,0.25
Takeru_53,aye-aye1177,iter,1,0.25
Takeru_53,choochoo1657,iter,1,0.25
Takeru_53,combine1661,iter,1,0.25
Takeru_53,found it1781,iter,1,0.25
Takeru_53,hooray1663,iter,1,0.25
Takeru_53,look!441,iter,1,0.25
Takeru_53,take1698,iter,1,0.25
Takeru_53,wait!1675,iter,1,0.25
Takeru_53,whoops1782,iter,1,0.25
Takeru_53,whoops1783,iter,1,0.25
Takeru_55,Barney413,iter,1,0.25
Takeru_55,please422,iter,1,0.25
Takeru_55,stuck465,iter,1,0.25
Takeru_55,stuck467,iter,1,0.25
Takeru_55,that1179,iter,1,0.25
Takeru_56,good1183,iter,1,0.25
Takeru_56,look!441,iter,1,0.25
Takeru_56,look!442,iter,1,0.25
Takeru_56,that1180,iter,1,0.25
Takeru_56,who421,iter,1,0.25
Takeru_57,big1188,iter,1,0.25
Takeru_57,big1189,iter,1,0.25
Takeru_57,combine1661,iter,1,0.25
Takeru_57,don't want to433,iter,1,0.25
Takeru_57,found it1780,iter,1,0.25
Takeru_57,look!442,iter,1,0.25
Takeru_57,ouch1186,iter,1,0.25
Takeru_57,stuck467,iter,1,0.25
Takeru_57,that1182,iter,1,0.25
Takeru_57,train437,iter,1,0.25
Takeru_58,combine1660,iter,1,0.25
Takeru_58,combine1661,iter,1,0.25
Takeru_58,don't want to433,iter,1,0.25
Takeru_58,juice426,iter,1,0.25
Takeru_58,that1179,iter,1,0.25
Takeru_58,that1182,iter,1,0.25
Takeru_58,what451,iter,1,0.25
Takeru_58,what455,iter,1,0.25
Takeru_58,who421,iter,1,0.25
Takeru_59,big1188,iter,1,0.25
Takeru_59,flower432,iter,1,0.25
Takeru_59,that1182,iter,1,0.25
Takeru_59,train437,iter,1,0.25
Takeru_59,train438,iter,1,0.25
Takeru_59,what450,iter,1,0.25
Takeru_59,what458,iter,1,0.25
Takeru_59,what463,iter,1,0.25
Takeru_59,who418,iter,1,0.25
Takeru_59,yellow435,iter,1,0.25
Takeru_6,do it!1667,iter,1,0.25
Takeru_6,go go429,iter,1,0.25
Takeru_6,good1183,iter,1,0.25
Takeru_6,good1185,iter,1,0.25
Takeru_6,stuck466,iter,1,0.25
Takeru_6,wait!1676,iter,1,0.25
Takeru_6,whoops1782,iter,1,0.25
Takeru_60,all gone443,iter,1,0.25
Takeru_60,ball417,iter,1,0.25
Takeru_60,don't want to433,iter,1,0.25
Takeru_60,good1185,iter,1,0.25
Takeru_60,stuck465,iter,1,0.25
Takeru_60,that1180,iter,1,0.25
Takeru_60,what447,iter,1,0.25
Takeru_60,what448,iter,1,0.25
Takeru_60,what451,iter,1,0.25
Takeru_60,what456,iter,1,0.25
Takeru_61,Barney412,iter,1,0.25
Takeru_61,aye-aye1177,iter,1,0.25
Takeru_61,go go429,iter,1,0.25
Takeru_61,good1184,iter,1,0.25
Takeru_61,please422,iter,1,0.25
Takeru_61,what451,iter,1,0.25
Takeru_61,what452,iter,1,0.25
Takeru_61,what454,iter,1,0.25
Takeru_61,what459,iter,1,0.25
Takeru_63,Barney413,iter,1,0.25
Takeru_63,all gone443,iter,1,0.25
Takeru_63,all gone445,iter,1,0.25
Takeru_63,elephant471,iter,1,0.25
Takeru_63,juice425,iter,1,0.25
Takeru_63,juice426,iter,1,0.25
Takeru_63,please423,iter,1,0.25
Takeru_63,please424,iter,1,0.25
Takeru_63,stuck467,iter,1,0.25
Takeru_63,take1693,iter,1,0.25
Takeru_63,take1696,iter,1,0.25
Takeru_63,that1182,iter,1,0.25
Takeru_63,what464,iter,1,0.25
Takeru_63,who418,iter,1,0.25
Takeru_63,who419,iter,1,0.25
Takeru_64,bread1684,iter,1,0.25
Takeru_64,pigeon1685,iter,1,0.25
Takeru_65,go go430,iter,1,0.25
Takeru_65,juice428,iter,1,0.25
Takeru_65,train438,iter,1,0.25
Takeru_65,yellow435,iter,1,0.25
Takeru_65,yellow436,iter,1,0.25
Takeru_66,all gone444,iter,1,0.25
Takeru_66,go go429,iter,1,0.25
Takeru_66,good1183,iter,1,0.25
Takeru_66,stuck467,iter,1,0.25
Takeru_66,that1179,iter,1,0.25
Takeru_66,that1182,iter,1,0.25
Takeru_66,what453,iter,1,0.25
Takeru_66,what454,iter,1,0.25
Takeru_66,what456,iter,1,0.25
Takeru_66,what457,iter,1,0.25
Takeru_66,what458,iter,1,0.25
Takeru_67,mom1668,iter,1,0.25
Takeru_67,train440,iter,1,0.25
Takeru_68,juice426,iter,1,0.25
Takeru_69,put it there1190,iter,1,0.25
Takeru_69,take1694,iter,1,0.25
Takeru_69,take1696,iter,1,0.25
Takeru_69,whoops1783,iter,1,0.25
Takeru_7,big1189,iter,1,0.25
Takeru_7,mom1669,iter,1,0.25
Takeru_7,train438,iter,1,0.25
Takeru_70,choochoo1657,iter,1,0.25
Takeru_70,hooray1662,iter,1,0.25
Takeru_70,juice427,iter,1,0.25
Takeru_70,please423,iter,1,0.25
Takeru_70,put it there1190,iter,1,0.25
Takeru_70,take1690,iter,1,0.25
Takeru_70,take1693,iter,1,0.25
Takeru_70,wait!1676,iter,1,0.25
Takeru_71,Barney413,iter,1,0.25
Takeru_71,all gone446,iter,1,0.25
Takeru_71,big1189,iter,1,0.25
Takeru_71,combine1660,iter,1,0.25
Takeru_71,combine1661,iter,1,0.25
Takeru_71,don't want to433,iter,1,0.25
Takeru_71,don't want to434,iter,1,0.25
Takeru_71,hooray1663,iter,1,0.25
Takeru_71,ouch1186,iter,1,0.25
Takeru_71,please424,iter,1,0.25
Takeru_71,that1179,iter,1,0.25
Takeru_71,train437,iter,1,0.25
Takeru_71,what456,iter,1,0.25
Takeru_72,juice426,iter,1,0.25
Takeru_72,mom1668,iter,1,0.25
Takeru_72,put it there1190,iter,1,0.25
Takeru_72,stuck467,iter,1,0.25
Takeru_73,all gone444,iter,1,0.25
Takeru_73,flower431,iter,1,0.25
Takeru_73,juice425,iter,1,0.25
Takeru_73,ouch1186,iter,1,0.25
Takeru_73,please423,iter,1,0.25
Takeru_73,put it there1190,iter,1,0.25
Takeru_73,stuck466,iter,1,0.25
Takeru_73,that1180,iter,1,0.25
Takeru_73,what454,iter,1,0.25
Takeru_73,what462,iter,1,0.25
Takeru_74,daddy1700,iter,1,0.25
Takeru_74,daddy1701,iter,1,0.25
Takeru_74,found it1779,iter,1,0.25
Takeru_74,juice428,iter,1,0.25
Takeru_74,take1692,iter,1,0.25
Takeru_74,take1699,iter,1,0.25
Takeru_74,wait!1675,iter,1,0.25
Takeru_75,all gone443,iter,1,0.25
Takeru_75,all gone445,iter,1,0.25
Takeru_75,big1188,iter,1,0.25
Takeru_75,go go429,iter,1,0.25
Takeru_75,go go430,iter,1,0.25
Takeru_75,please424,iter,1,0.25
Takeru_75,stuck465,iter,1,0.25
Takeru_75,that1182,iter,1,0.25
Takeru_75,what447,iter,1,0.25
Takeru_75,what453,iter,1,0.25
Takeru_75,who419,iter,1,0.25
Takeru_76,bread1681,iter,1,0.25
Takeru_76,bread1683,iter,1,0.25
Takeru_77,found it1779,iter,1,0.25
Takeru_77,found it1781,iter,1,0.25
Takeru_77,hooray1662,iter,1,0.25
Takeru_77,take1698,iter,1,0.25
Takeru_77,wait!1675,iter,1,0.25
Takeru_78,hooray1663,iter,1,0.25
Takeru_78,put it there1191,iter,1,0.25
Takeru_78,take1692,iter,1,0.25
Takeru_78,take1699,iter,1,0.25
Takeru_78,whoops1782,iter,1,0.25
Takeru_79,bread1683,iter,1,0.25
Takeru_79,pigeon1688,iter,1,0.25
Takeru_79,pigeon1689,iter,1,0.25
Takeru_8,aye-aye1178,iter,1,0.25
Takeru_8,flower431,iter,1,0.25
Takeru_8,good1184,iter,1,0.25
Takeru_8,juice427,iter,1,0.25
Takeru_8,look!442,iter,1,0.25
Takeru_8,that1180,iter,1,0.25
Takeru_8,what453,iter,1,0.25
Takeru_8,what463,iter,1,0.25
Takeru_8,who418,iter,1,0.25
Takeru_80,all gone445,iter,1,0.25
Takeru_80,don't want to433,iter,1,0.25
Takeru_80,go go430,iter,1,0.25
Takeru_80,put it there1190,iter,1,0.25
Takeru_80,put it there1191,iter,1,0.25
Takeru_80,that1179,iter,1,0.25
Takeru_80,what459,iter,1,0.25
Takeru_80,what464,iter,1,0.25
Takeru_81,all gone446,iter,1,0.25
Takeru_81,aye-aye1178,iter,1,0.25
Takeru_81,don't want to433,iter,1,0.25
Takeru_81,go go429,iter,1,0.25
Takeru_81,ouch1187,iter,1,0.25
Takeru_81,put it there1190,iter,1,0.25
Takeru_81,what455,iter,1,0.25
Takeru_81,what463,iter,1,0.25
Takeru_82,daddy1701,iter,1,0.25
Takeru_82,do it!1666,iter,1,0.25
Takeru_82,juice426,iter,1,0.25
Takeru_82,more1677,iter,1,0.25
Takeru_82,please424,iter,1,0.25
Takeru_83,combine1660,iter,1,0.25
Takeru_83,daddy1700,iter,1,0.25
Takeru_83,daddy1701,iter,1,0.25
Takeru_83,do it!1667,iter,1,0.25
Takeru_83,found it1781,iter,1,0.25
Takeru_83,wait!1676,iter,1,0.25
Takeru_84,all gone444,iter,1,0.25
Takeru_84,aye-aye1177,iter,1,0.25
Takeru_84,go go430,iter,1,0.25
Takeru_84,good1184,iter,1,0.25
Takeru_84,juice426,iter,1,0.25
Takeru_84,train437,iter,1,0.25
Takeru_84,what449,iter,1,0.25
Takeru_84,what455,iter,1,0.25
Takeru_84,who418,iter,1,0.25
Takeru_86,bread1683,iter,1,0.25
Takeru_87,don't want to433,iter,1,0.25
Takeru_87,ouch1186,iter,1,0.25
Takeru_87,take1697,iter,1,0.25
Takeru_88,choochoo1656,iter,1,0.25
Takeru_88,choochoo1658,iter,1,0.25
Takeru_88,do it!1666,iter,1,0.25
Takeru_88,found it1780,iter,1,0.25
Takeru_88,juice427,iter,1,0.25
Takeru_88,please423,iter,1,0.25
Takeru_88,take1692,iter,1,0.25
Takeru_88,take1695,iter,1,0.25
Takeru_88,take1696,iter,1,0.25
Takeru_88,wait!1675,iter,1,0.25
Takeru_89,all gone446,iter,1,0.25
Takeru_89,ball415,iter,1,0.25
Takeru_89,go go430,iter,1,0.25
Takeru_89,juice426,iter,1,0.25
Takeru_89,juice428,iter,1,0.25
Takeru_89,please422,iter,1,0.25
Takeru_89,train439,iter,1,0.25
Takeru_89,what447,iter,1,0.25
Takeru_89,what462,iter,1,0.25
Takeru_9,go go429,iter,1,0.25
Takeru_9,ouch1187,iter,1,0.25
Takeru_9,please423,iter,1,0.25
Takeru_9,train437,iter,1,0.25
Takeru_9,yellow435,iter,1,0.25
Takeru_90,Barney412,iter,1,0.25
Takeru_90,all gone444,iter,1,0.25
Takeru_90,all gone445,iter,1,0.25
Takeru_90,aye-aye1177,iter,1,0.25
Takeru_90,juice427,iter,1,0.25
Takeru_90,look!441,iter,1,0.25
Takeru_90,look!442,iter,1,0.25
Takeru_90,that1182,iter,1,0.25
Takeru_90,what449,iter,1,0.25
Takeru_90,what450,iter,1,0.25
Takeru_90,what461,iter,1,0.25
Takeru_91,all gone443,iter,1,0.25
Takeru_91,combine1660,iter,1,0.25
Takeru_91,daddy1701,iter,1,0.25
Takeru_91,do it!1665,iter,1,0.25
Takeru_91,do it!1666,iter,1,0.25
Takeru_91,do it!1667,iter,1,0.25
Takeru_91,elephant471,iter,1,0.25
Takeru_91,flower431,iter,1,0.25
Takeru_91,go go429,iter,1,0.25
Takeru_91,ouch1186,iter,1,0.25
Takeru_91,please424,iter,1,0.25
Takeru_91,put it there1190,iter,1,0.25
Takeru_91,take1696,iter,1,0.25
Takeru_91,take1698,iter,1,0.25
Takeru_91,that1179,iter,1,0.25
Takeru_91,whoops1783,iter,1,0.25
Takeru_92,good1183,iter,1,0.25
Takeru_92,juice428,iter,1,0.25
Takeru_92,look!441,iter,1,0.25
Takeru_92,please422,iter,1,0.25
Takeru_92,that1181,iter,1,0.25
Takeru_92,that1182,iter,1,0.25
Takeru_93,daddy1701,iter,1,0.25
Takeru_93,juice427,iter,1,0.25
Takeru_93,juice428,iter,1,0.25
Takeru_93,look!442,iter,1,0.25
Takeru_93,put it there1190,iter,1,0.25
Takeru_93,take1692,iter,1,0.25
Takeru_93,that1179,iter,1,0.25
Takeru_93,what451,iter,1,0.25
Takeru_93,what455,iter,1,0.25
Takeru_93,what459,iter,1,0.25
Takeru_93,what460,iter,1,0.25
Takeru_93,what463,iter,1,0.25
Takeru_93,who421,iter,1,0.25
Takeru_93,yellow436,iter,1,0.25
Takeru_94,hooray1662,iter,1,0.25
Takeru_94,hooray1663,iter,1,0.25
Takeru_94,more1678,iter,1,0.25
Takeru_94,ouch1186,iter,1,0.25
Takeru_94,put it there1190,iter,1,0.25
Takeru_94,stuck465,iter,1,0.25
Takeru_94,take1694,iter,1,0.25
Takeru_94,take1698,iter,1,0.25
Takeru_94,wait!1675,iter,1,0.25
Takeru_94,whoops1783,iter,1,0.25
Takeru_95,aye-aye1178,iter,1,0.25
Takeru_95,don't want to434,iter,1,0.25
Takeru_95,juice427,iter,1,0.25
Takeru_95,look!441,iter,1,0.25
Takeru_95,look!442,iter,1,0.25
Takeru_95,ouch1186,iter,1,0.25
Takeru_95,ouch1187,iter,1,0.25
Takeru_95,please423,iter,1,0.25
Takeru_95,please424,iter,1,0.25
Takeru_95,what455,iter,1,0.25
Takeru_95,what456,iter,1,0.25
Takeru_95,what460,iter,1,0.25
Takeru_96,all gone446,iter,1,0.25
Takeru_96,big1188,iter,1,0.25
Takeru_96,juice426,iter,1,0.25
Takeru_96,juice427,iter,1,0.25
Takeru_96,look!441,iter,1,0.25
Takeru_96,ouch1186,iter,1,0.25
Takeru_96,stuck467,iter,1,0.25
Takeru_96,take1691,iter,1,0.25
Takeru_96,train439,iter,1,0.25
Takeru_96,what460,iter,1,0.25
Takeru_96,yellow436,iter,1,0.25
Takeru_97,choochoo1656,iter,1,0.25
Takeru_97,choochoo1657,iter,1,0.25
Takeru_97,choochoo1658,iter,1,0.25
Takeru_97,combine1659,iter,1,0.25
Takeru_97,found it1779,iter,1,0.25
Takeru_97,found it1781,iter,1,0.25
Takeru_97,hooray1664,iter,1,0.25
Takeru_97,juice428,iter,1,0.25
Takeru_97,put it there1190,iter,1,0.25
Takeru_98,Barney413,iter,1,0.25
Takeru_98,all gone445,iter,1,0.25
Takeru_98,aye-aye1177,iter,1,0.25
Takeru_98,ball416,iter,1,0.25
Takeru_98,daddy1701,iter,1,0.25
Takeru_98,ouch1187,iter,1,0.25
Takeru_98,please422,iter,1,0.25
Takeru_98,please423,iter,1,0.25
Takeru_98,put it there1191,iter,1,0.25
Takeru_98,take1694,iter,1,0.25
Takeru_98,take1699,iter,1,0.25
Takeru_98,that1180,iter,1,0.25
Takeru_98,that1182,iter,1,0.25
Takeru_98,what449,iter,1,0.25
Takeru_98,what453,iter,1,0.25
Takeru_98,what458,iter,1,0.25
Takeru_99,all gone444,iter,1,0.25
Takeru_99,all gone446,iter,1,0.25
Takeru_99,flower431,iter,1,0.25
Takeru_99,ouch1187,iter,1,0.25
Takeru_99,stuck466,iter,1,0.25
Takeru_99,what447,iter,1,0.25
Takeru_99,what457,iter,1,0.25
Takeru_99,what458,iter,1,0.25
Takeru_99,what463,iter,1,0.25
Takeru_99,what464,iter,1,0.25
Takeru_99,who418,iter,1,0.25
Taro_1,bird848,iter,1,0.25
Taro_1,biting sound835,iter,1,0.25
Taro_1,biting sound843,iter,1,0.25
Taro_1,biting sound845,iter,1,0.25
Taro_10,sleep1743,iter,1,0.25
Taro_10,train1445,iter,1,0.25
Taro_100,all gone833,iter,1,0.25
Taro_100,alligator850,iter,1,0.25
Taro_100,alligator855,iter,1,0.25
Taro_100,alligator861,iter,1,0.25
Taro_100,doggy865,iter,1,0.25
Taro_11,alligator850,iter,1,0.25
Taro_11,alligator855,iter,1,0.25
Taro_11,alligator856,iter,1,0.25
Taro_11,ball815,iter,1,0.25
Taro_11,doggy864,iter,1,0.25
Taro_11,ouch1305,iter,1,0.25
Taro_11,ouch1306,iter,1,0.25
Taro_12,bath/sound of pouring water817,iter,1,0.25
Taro_12,bath/sound of pouring water821,iter,1,0.25
Taro_12,juice823,iter,1,0.25
Taro_13,alligator853,iter,1,0.25
Taro_13,alligator854,iter,1,0.25
Taro_13,alligator858,iter,1,0.25
Taro_13,alligator862,iter,1,0.25
Taro_13,ball813,iter,1,0.25
Taro_13,ouch1306,iter,1,0.25
Taro_14,cookie1738,iter,1,0.25
Taro_15,all gone833,iter,1,0.25
Taro_15,sleep1746,iter,1,0.25
Taro_16,all gone833,iter,1,0.25
Taro_16,sleep1741,iter,1,0.25
Taro_16,sleep1742,iter,1,0.25
Taro_16,sleep1743,iter,1,0.25
Taro_16,sleep1744,iter,1,0.25
Taro_16,train1442,iter,1,0.25
Taro_16,train1444,iter,1,0.25
Taro_17,sleep1740,iter,1,0.25
Taro_17,sleep1744,iter,1,0.25
Taro_17,train1445,iter,1,0.25
Taro_18,alligator856,iter,1,0.25
Taro_18,alligator863,iter,1,0.25
Taro_18,ball814,iter,1,0.25
Taro_18,ball815,iter,1,0.25
Taro_18,doggy865,iter,1,0.25
Taro_18,ouch1305,iter,1,0.25
Taro_19,all gone833,iter,1,0.25
Taro_19,alligator853,iter,1,0.25
Taro_19,alligator855,iter,1,0.25
Taro_19,alligator858,iter,1,0.25
Taro_19,alligator859,iter,1,0.25
Taro_19,alligator863,iter,1,0.25
Taro_2,here826,iter,1,0.25
Taro_2,shoes830,iter,1,0.25
Taro_2,shoes831,iter,1,0.25
Taro_2,shoes832,iter,1,0.25
Taro_20,all gone833,iter,1,0.25
Taro_20,alligator852,iter,1,0.25
Taro_20,alligator856,iter,1,0.25
Taro_20,ball812,iter,1,0.25
Taro_20,found1307,iter,1,0.25
Taro_21,ball813,iter,1,0.25
Taro_21,car816,iter,1,0.25
Taro_22,alligator851,iter,1,0.25
Taro_22,alligator853,iter,1,0.25
Taro_22,alligator855,iter,1,0.25
Taro_22,alligator856,iter,1,0.25
Taro_22,alligator857,iter,1,0.25
Taro_22,car816,iter,1,0.25
Taro_22,found1307,iter,1,0.25
Taro_22,here826,iter,1,0.25
Taro_22,ouch1306,iter,1,0.25
Taro_22,shoes828,iter,1,0.25
Taro_22,shoes830,iter,1,0.25
Taro_23,alligator852,iter,1,0.25
Taro_23,alligator854,iter,1,0.25
Taro_23,alligator855,iter,1,0.25
Taro_23,alligator856,iter,1,0.25
Taro_23,alligator857,iter,1,0.25
Taro_23,alligator862,iter,1,0.25
Taro_23,doggy866,iter,1,0.25
Taro_24,biting sound834,iter,1,0.25
Taro_24,biting sound837,iter,1,0.25
Taro_24,cookie1738,iter,1,0.25
Taro_24,cookie1739,iter,1,0.25
Taro_24,daddy846,iter,1,0.25
Taro_24,ouch1306,iter,1,0.25
Taro_24,shoes829,iter,1,0.25
Taro_24,shoes830,iter,1,0.25
Taro_25,baby808,iter,1,0.25
Taro_25,bird848,iter,1,0.25
Taro_25,biting sound836,iter,1,0.25
Taro_25,biting sound840,iter,1,0.25
Taro_25,biting sound841,iter,1,0.25
Taro_25,biting sound844,iter,1,0.25
Taro_25,here826,iter,1,0.25
Taro_25,ouch1305,iter,1,0.25
Taro_26,biting sound834,iter,1,0.25
Taro_26,biting sound843,iter,1,0.25
Taro_26,biting sound845,iter,1,0.25
Taro_26,daddy847,iter,1,0.25
Taro_27,alligator851,iter,1,0.25
Taro_27,alligator856,iter,1,0.25
Taro_27,alligator860,iter,1,0.25
Taro_27,alligator863,iter,1,0.25
Taro_27,baby810,iter,1,0.25
Taro_27,bird848,iter,1,0.25
Taro_28,bath/sound of pouring water819,iter,1,0.25
Taro_28,juice823,iter,1,0.25
Taro_29,shoes831,iter,1,0.25
Taro_3,all gone833,iter,1,0.25
Taro_3,alligator849,iter,1,0.25
Taro_3,alligator858,iter,1,0.25
Taro_3,ball812,iter,1,0.25
Taro_3,doggy864,iter,1,0.25
Taro_3,doggy865,iter,1,0.25
Taro_3,doggy866,iter,1,0.25
Taro_30,biting sound834,iter,1,0.25
Taro_30,biting sound836,iter,1,0.25
Taro_30,biting sound838,iter,1,0.25
Taro_30,biting sound840,iter,1,0.25
Taro_30,biting sound844,iter,1,0.25
Taro_30,here826,iter,1,0.25
Taro_31,baby808,iter,1,0.25
Taro_31,baby811,iter,1,0.25
Taro_31,found1307,iter,1,0.25
Taro_33,alligator850,iter,1,0.25
Taro_33,alligator852,iter,1,0.25
Taro_33,alligator853,iter,1,0.25
Taro_33,alligator859,iter,1,0.25
Taro_33,alligator860,iter,1,0.25
Taro_33,alligator861,iter,1,0.25
Taro_33,doggy865,iter,1,0.25
Taro_33,doggy866,iter,1,0.25
Taro_34,alligator849,iter,1,0.25
Taro_34,alligator851,iter,1,0.25
Taro_34,alligator853,iter,1,0.25
Taro_34,alligator863,iter,1,0.25
Taro_34,doggy864,iter,1,0.25
Taro_35,bath/sound of pouring water817,iter,1,0.25
Taro_35,juice823,iter,1,0.25
Taro_36,found1307,iter,1,0.25
Taro_36,hot1785,iter,1,0.25
Taro_36,ouch1306,iter,1,0.25
Taro_37,alligator858,iter,1,0.25
Taro_37,alligator859,iter,1,0.25
Taro_37,alligator862,iter,1,0.25
Taro_38,baby807,iter,1,0.25
Taro_38,baby809,iter,1,0.25
Taro_38,bird848,iter,1,0.25
Taro_38,biting sound836,iter,1,0.25
Taro_38,biting sound839,iter,1,0.25
Taro_38,biting sound845,iter,1,0.25
Taro_38,car816,iter,1,0.25
Taro_38,daddy847,iter,1,0.25
Taro_38,here826,iter,1,0.25
Taro_39,sleep1742,iter,1,0.25
Taro_39,sleep1746,iter,1,0.25
Taro_39,train1441,iter,1,0.25
Taro_39,train1442,iter,1,0.25
Taro_4,baby807,iter,1,0.25
Taro_4,daddy846,iter,1,0.25
Taro_4,here826,iter,1,0.25
Taro_40,alligator850,iter,1,0.25
Taro_40,alligator857,iter,1,0.25
Taro_40,alligator858,iter,1,0.25
Taro_40,alligator861,iter,1,0.25
Taro_40,alligator862,iter,1,0.25
Taro_40,alligator863,iter,1,0.25
Taro_40,doggy864,iter,1,0.25
Taro_40,doggy865,iter,1,0.25
Taro_40,doggy866,iter,1,0.25
Taro_41,bird848,iter,1,0.25
Taro_41,biting sound839,iter,1,0.25
Taro_41,biting sound841,iter,1,0.25
Taro_41,daddy846,iter,1,0.25
Taro_42,biting sound836,iter,1,0.25
Taro_42,biting sound844,iter,1,0.25
Taro_43,alligator855,iter,1,0.25
Taro_43,alligator859,iter,1,0.25
Taro_43,alligator862,iter,1,0.25
Taro_43,ball812,iter,1,0.25
Taro_43,ball814,iter,1,0.25
Taro_43,doggy864,iter,1,0.25
Taro_43,doggy865,iter,1,0.25
Taro_43,doggy866,iter,1,0.25
Taro_44,all gone833,iter,1,0.25
Taro_44,alligator849,iter,1,0.25
Taro_44,alligator852,iter,1,0.25
Taro_44,alligator859,iter,1,0.25
Taro_44,alligator862,iter,1,0.25
Taro_44,doggy864,iter,1,0.25
Taro_45,biting sound834,iter,1,0.25
Taro_45,biting sound837,iter,1,0.25
Taro_45,biting sound843,iter,1,0.25
Taro_45,biting sound844,iter,1,0.25
Taro_45,daddy847,iter,1,0.25
Taro_46,sleep1740,iter,1,0.25
Taro_46,sleep1742,iter,1,0.25
Taro_46,train1441,iter,1,0.25
Taro_47,found1307,iter,1,0.25
Taro_48,alligator852,iter,1,0.25
Taro_48,alligator855,iter,1,0.25
Taro_48,alligator857,iter,1,0.25
Taro_48,alligator859,iter,1,0.25
Taro_48,alligator862,iter,1,0.25
Taro_48,baby810,iter,1,0.25
Taro_48,baby811,iter,1,0.25
Taro_48,bird848,iter,1,0.25
Taro_48,juice823,iter,1,0.25
Taro_48,juice824,iter,1,0.25
Taro_48,ouch1306,iter,1,0.25
Taro_48,shoes829,iter,1,0.25
Taro_48,shoes830,iter,1,0.25
Taro_49,sleep1740,iter,1,0.25
Taro_49,train1442,iter,1,0.25
Taro_49,train1445,iter,1,0.25
Taro_5,baby807,iter,1,0.25
Taro_5,baby809,iter,1,0.25
Taro_50,biting sound834,iter,1,0.25
Taro_50,biting sound838,iter,1,0.25
Taro_50,biting sound839,iter,1,0.25
Taro_50,biting sound841,iter,1,0.25
Taro_51,ball812,iter,1,0.25
Taro_51,ball814,iter,1,0.25
Taro_51,ball815,iter,1,0.25
Taro_51,found1307,iter,1,0.25
Taro_52,all gone833,iter,1,0.25
Taro_52,alligator851,iter,1,0.25
Taro_52,alligator855,iter,1,0.25
Taro_52,ouch1306,iter,1,0.25
Taro_53,hot1785,iter,1,0.25
Taro_54,biting sound840,iter,1,0.25
Taro_54,biting sound843,iter,1,0.25
Taro_54,daddy847,iter,1,0.25
Taro_55,alligator852,iter,1,0.25
Taro_55,alligator853,iter,1,0.25
Taro_55,alligator859,iter,1,0.25
Taro_55,doggy865,iter,1,0.25
Taro_56,all gone833,iter,1,0.25
Taro_56,alligator850,iter,1,0.25
Taro_56,alligator858,iter,1,0.25
Taro_56,ball812,iter,1,0.25
Taro_56,doggy864,iter,1,0.25
Taro_56,doggy865,iter,1,0.25
Taro_56,ouch1305,iter,1,0.25
Taro_57,sleep1745,iter,1,0.25
Taro_57,train1444,iter,1,0.25
Taro_58,biting sound836,iter,1,0.25
Taro_58,biting sound837,iter,1,0.25
Taro_58,daddy846,iter,1,0.25
Taro_59,shoes830,iter,1,0.25
Taro_6,alligator852,iter,1,0.25
Taro_6,alligator859,iter,1,0.25
Taro_6,alligator860,iter,1,0.25
Taro_6,alligator863,iter,1,0.25
Taro_6,baby808,iter,1,0.25
Taro_6,ball813,iter,1,0.25
Taro_6,ball814,iter,1,0.25
Taro_60,all gone833,iter,1,0.25
Taro_60,alligator863,iter,1,0.25
Taro_60,ball813,iter,1,0.25
Taro_60,doggy865,iter,1,0.25
Taro_60,doggy866,iter,1,0.25
Taro_60,found1307,iter,1,0.25
Taro_61,biting sound838,iter,1,0.25
Taro_61,biting sound842,iter,1,0.25
Taro_62,all gone833,iter,1,0.25
Taro_62,alligator850,iter,1,0.25
Taro_62,alligator853,iter,1,0.25
Taro_62,alligator854,iter,1,0.25
Taro_62,alligator855,iter,1,0.25
Taro_62,alligator857,iter,1,0.25
Taro_62,alligator858,iter,1,0.25
Taro_63,bath/sound of pouring water820,iter,1,0.25
Taro_63,juice824,iter,1,0.25
Taro_63,ouch1306,iter,1,0.25
Taro_65,bath/sound of pouring water817,iter,1,0.25
Taro_65,bath/sound of pouring water818,iter,1,0.25
Taro_65,bath/sound of pouring water820,iter,1,0.25
Taro_65,juice823,iter,1,0.25
Taro_66,biting sound837,iter,1,0.25
Taro_66,biting sound838,iter,1,0.25
Taro_66,biting sound840,iter,1,0.25
Taro_66,biting sound841,iter,1,0.25
Taro_66,biting sound843,iter,1,0.25
Taro_66,car816,iter,1,0.25
Taro_66,daddy847,iter,1,0.25
Taro_66,found1307,iter,1,0.25
Taro_66,shoes829,iter,1,0.25
Taro_67,sleep1741,iter,1,0.25
Taro_67,train1445,iter,1,0.25
Taro_68,biting sound834,iter,1,0.25
Taro_68,biting sound839,iter,1,0.25
Taro_68,biting sound844,iter,1,0.25
Taro_68,daddy846,iter,1,0.25
Taro_69,sleep1740,iter,1,0.25
Taro_69,sleep1741,iter,1,0.25
Taro_69,sleep1745,iter,1,0.25
Taro_69,train1443,iter,1,0.25
Taro_69,train1444,iter,1,0.25
Taro_69,train1445,iter,1,0.25
Taro_7,apple1446,iter,1,0.25
Taro_70,biting sound836,iter,1,0.25
Taro_70,biting sound838,iter,1,0.25
Taro_70,biting sound843,iter,1,0.25
Taro_71,baby808,iter,1,0.25
Taro_71,ball814,iter,1,0.25
Taro_71,biting sound834,iter,1,0.25
Taro_71,daddy846,iter,1,0.25
Taro_71,here826,iter,1,0.25
Taro_72,bird848,iter,1,0.25
Taro_72,biting sound834,iter,1,0.25
Taro_72,biting sound842,iter,1,0.25
Taro_72,biting sound844,iter,1,0.25
Taro_73,baby807,iter,1,0.25
Taro_73,ball813,iter,1,0.25
Taro_73,ball814,iter,1,0.25
Taro_73,found1307,iter,1,0.25
Taro_73,here826,iter,1,0.25
Taro_73,ouch1306,iter,1,0.25
Taro_74,apple1448,iter,1,0.25
Taro_75,biting sound836,iter,1,0.25
Taro_75,biting sound837,iter,1,0.25
Taro_75,biting sound838,iter,1,0.25
Taro_76,apple1447,iter,1,0.25
Taro_77,alligator850,iter,1,0.25
Taro_77,alligator854,iter,1,0.25
Taro_77,alligator856,iter,1,0.25
Taro_77,alligator858,iter,1,0.25
Taro_77,baby807,iter,1,0.25
Taro_77,ball813,iter,1,0.25
Taro_79,alligator852,iter,1,0.25
Taro_79,alligator855,iter,1,0.25
Taro_79,alligator857,iter,1,0.25
Taro_79,alligator861,iter,1,0.25
Taro_79,alligator863,iter,1,0.25
Taro_79,ball814,iter,1,0.25
Taro_79,ball815,iter,1,0.25
Taro_79,ouch1306,iter,1,0.25
Taro_8,baby807,iter,1,0.25
Taro_8,ball813,iter,1,0.25
Taro_8,ball814,iter,1,0.25
Taro_8,biting sound837,iter,1,0.25
Taro_8,biting sound839,iter,1,0.25
Taro_8,biting sound845,iter,1,0.25
Taro_8,ouch1305,iter,1,0.25
Taro_80,sleep1741,iter,1,0.25
Taro_80,sleep1743,iter,1,0.25
Taro_80,sleep1744,iter,1,0.25
Taro_80,sleep1745,iter,1,0.25
Taro_81,bird848,iter,1,0.25
Taro_81,biting sound837,iter,1,0.25
Taro_81,biting sound840,iter,1,0.25
Taro_81,daddy847,iter,1,0.25
Taro_82,bird848,iter,1,0.25
Taro_82,biting sound834,iter,1,0.25
Taro_82,biting sound835,iter,1,0.25
Taro_82,biting sound842,iter,1,0.25
Taro_82,biting sound844,iter,1,0.25
Taro_82,found1307,iter,1,0.25
Taro_82,shoes830,iter,1,0.25
Taro_82,shoes831,iter,1,0.25
Taro_83,alligator854,iter,1,0.25
Taro_83,alligator857,iter,1,0.25
Taro_83,alligator858,iter,1,0.25
Taro_83,alligator860,iter,1,0.25
Taro_83,alligator862,iter,1,0.25
Taro_83,alligator863,iter,1,0.25
Taro_83,daddy846,iter,1,0.25
Taro_83,juice824,iter,1,0.25
Taro_83,shoes831,iter,1,0.25
Taro_84,juice823,iter,1,0.25
Taro_84,juice825,iter,1,0.25
Taro_85,alligator852,iter,1,0.25
Taro_85,alligator857,iter,1,0.25
Taro_85,alligator862,iter,1,0.25
Taro_85,doggy864,iter,1,0.25
Taro_85,doggy866,iter,1,0.25
Taro_86,all gone833,iter,1,0.25
Taro_86,alligator849,iter,1,0.25
Taro_86,alligator855,iter,1,0.25
Taro_86,alligator857,iter,1,0.25
Taro_86,alligator858,iter,1,0.25
Taro_86,alligator859,iter,1,0.25
Taro_86,baby810,iter,1,0.25
Taro_86,shoes831,iter,1,0.25
Taro_87,alligator849,iter,1,0.25
Taro_87,alligator851,iter,1,0.25
Taro_87,alligator852,iter,1,0.25
Taro_87,alligator856,iter,1,0.25
Taro_87,alligator857,iter,1,0.25
Taro_87,alligator858,iter,1,0.25
Taro_87,alligator861,iter,1,0.25
Taro_87,daddy846,iter,1,0.25
Taro_87,daddy847,iter,1,0.25
Taro_87,found1307,iter,1,0.25
Taro_87,juice825,iter,1,0.25
Taro_87,ouch1305,iter,1,0.25
Taro_87,shoes831,iter,1,0.25
Taro_88,baby809,iter,1,0.25
Taro_88,ball813,iter,1,0.25
Taro_88,ball815,iter,1,0.25
Taro_88,biting sound842,iter,1,0.25
Taro_88,biting sound843,iter,1,0.25
Taro_88,daddy846,iter,1,0.25
Taro_88,here826,iter,1,0.25
Taro_88,ouch1306,iter,1,0.25
Taro_89,train1445,iter,1,0.25
Taro_9,alligator850,iter,1,0.25
Taro_9,alligator854,iter,1,0.25
Taro_9,alligator855,iter,1,0.25
Taro_9,alligator858,iter,1,0.25
Taro_9,alligator862,iter,1,0.25
Taro_90,alligator855,iter,1,0.25
Taro_90,alligator857,iter,1,0.25
Taro_90,alligator859,iter,1,0.25
Taro_90,alligator860,iter,1,0.25
Taro_90,doggy866,iter,1,0.25
Taro_91,alligator852,iter,1,0.25
Taro_91,alligator855,iter,1,0.25
Taro_91,alligator856,iter,1,0.25
Taro_91,baby807,iter,1,0.25
Taro_91,baby811,iter,1,0.25
Taro_92,biting sound839,iter,1,0.25
Taro_92,biting sound840,iter,1,0.25
Taro_92,biting sound841,iter,1,0.25
Taro_92,biting sound843,iter,1,0.25
Taro_92,biting sound845,iter,1,0.25
Taro_92,daddy846,iter,1,0.25
Taro_93,alligator850,iter,1,0.25
Taro_93,alligator851,iter,1,0.25
Taro_93,baby809,iter,1,0.25
Taro_93,baby810,iter,1,0.25
Taro_93,car816,iter,1,0.25
Taro_93,hot1785,iter,1,0.25
Taro_93,shoes830,iter,1,0.25
Taro_94,biting sound836,iter,1,0.25
Taro_94,biting sound838,iter,1,0.25
Taro_94,biting sound839,iter,1,0.25
Taro_94,biting sound841,iter,1,0.25
Taro_94,biting sound844,iter,1,0.25
Taro_94,here826,iter,1,0.25
Taro_95,alligator856,iter,1,0.25
Taro_95,alligator857,iter,1,0.25
Taro_95,alligator859,iter,1,0.25
Taro_95,alligator861,iter,1,0.25
Taro_95,alligator862,iter,1,0.25
Taro_95,ball815,iter,1,0.25
Taro_95,doggy864,iter,1,0.25
Taro_95,doggy865,iter,1,0.25
Taro_96,baby809,iter,1,0.25
Taro_96,bird848,iter,1,0.25
Taro_96,biting sound837,iter,1,0.25
Taro_96,biting sound840,iter,1,0.25
Taro_96,biting sound843,iter,1,0.25
Taro_96,daddy846,iter,1,0.25
Taro_96,here826,iter,1,0.25
Taro_97,sleep1741,iter,1,0.25
Taro_97,sleep1742,iter,1,0.25
Taro_97,train1444,iter,1,0.25
Taro_98,biting sound836,iter,1,0.25
Taro_98,biting sound837,iter,1,0.25
Taro_98,biting sound841,iter,1,0.25
Taro_98,biting sound844,iter,1,0.25
Taro_98,daddy846,iter,1,0.25
Taro_99,ouch1305,iter,1,0.25
Taro_99,shoes829,iter,1,0.25
Tobias_1,eeyore1089,iter,1,0.25
Tobias_1,eeyore1090,iter,1,0.25
Tobias_10,what's that1391,iter,1,0.25
Tobias_10,what's that1392,iter,1,0.25
Tobias_100,a-boo1083,iter,1,0.25
Tobias_100,baby248,iter,1,0.25
Tobias_100,eek eek1091,iter,1,0.25
Tobias_100,eeyore1084,iter,1,0.25
Tobias_100,eeyore1087,iter,1,0.25
Tobias_100,eeyore1088,iter,1,0.25
Tobias_100,eeyore1089,iter,1,0.25
Tobias_100,eeyore1090,iter,1,0.25
Tobias_11,eeyore1085,iter,1,0.25
Tobias_11,eeyore1086,iter,1,0.25
Tobias_11,eeyore1087,iter,1,0.25
Tobias_11,ribbit ribbit266,iter,1,0.25
Tobias_12,what's that1390,iter,1,0.25
Tobias_12,what's that1392,iter,1,0.25
Tobias_13,a-boo1083,iter,1,0.25
Tobias_13,baby248,iter,1,0.25
Tobias_13,eeyore1085,iter,1,0.25
Tobias_13,eeyore1087,iter,1,0.25
Tobias_13,eeyore1088,iter,1,0.25
Tobias_14,what's that1389,iter,1,0.25
Tobias_14,what's that1391,iter,1,0.25
Tobias_14,what's that1392,iter,1,0.25
Tobias_15,quack quack256,iter,1,0.25
Tobias_15,quack quack258,iter,1,0.25
Tobias_15,quack quack259,iter,1,0.25
Tobias_15,quack quack260,iter,1,0.25
Tobias_15,quack quack261,iter,1,0.25
Tobias_15,quack quack263,iter,1,0.25
Tobias_15,quack quack264,iter,1,0.25
Tobias_16,baby249,iter,1,0.25
Tobias_16,baby250,iter,1,0.25
Tobias_16,ribbit ribbit266,iter,1,0.25
Tobias_16,toot toot273,iter,1,0.25
Tobias_17,what's that1388,iter,1,0.25
Tobias_17,what's that1391,iter,1,0.25
Tobias_17,what's that1392,iter,1,0.25
Tobias_18,quack quack257,iter,1,0.25
Tobias_18,quack quack260,iter,1,0.25
Tobias_2,honk honk1379,iter,1,0.25
Tobias_2,honk honk1384,iter,1,0.25
Tobias_20,eeyore1089,iter,1,0.25
Tobias_21,ribbit ribbit266,iter,1,0.25
Tobias_21,ribbit ribbit267,iter,1,0.25
Tobias_22,honk honk1382,iter,1,0.25
Tobias_22,honk honk1383,iter,1,0.25
Tobias_22,honk honk1385,iter,1,0.25
Tobias_23,eeyore1084,iter,1,0.25
Tobias_23,eeyore1085,iter,1,0.25
Tobias_24,baby250,iter,1,0.25
Tobias_24,eek eek1091,iter,1,0.25
Tobias_24,eeyore1086,iter,1,0.25
Tobias_24,neenaw253,iter,1,0.25
Tobias_26,a-boo1083,iter,1,0.25
Tobias_26,eeyore1085,iter,1,0.25
Tobias_26,eeyore1086,iter,1,0.25
Tobias_26,eeyore1088,iter,1,0.25
Tobias_26,eeyore1089,iter,1,0.25
Tobias_26,peacock254,iter,1,0.25
Tobias_26,ribbit ribbit267,iter,1,0.25
Tobias_27,ribbit ribbit267,iter,1,0.25
Tobias_27,toot toot272,iter,1,0.25
Tobias_28,baby249,iter,1,0.25
Tobias_28,baby250,iter,1,0.25
Tobias_28,eeyore1084,iter,1,0.25
Tobias_28,eeyore1090,iter,1,0.25
Tobias_28,neenaw252,iter,1,0.25
Tobias_30,baby248,iter,1,0.25
Tobias_30,baby249,iter,1,0.25
Tobias_30,ribbit ribbit266,iter,1,0.25
Tobias_30,toot toot270,iter,1,0.25
Tobias_31,what's that1388,iter,1,0.25
Tobias_32,honk honk1380,iter,1,0.25
Tobias_32,honk honk1383,iter,1,0.25
Tobias_32,honk honk1384,iter,1,0.25
Tobias_32,honk honk1385,iter,1,0.25
Tobias_33,a-boo1083,iter,1,0.25
Tobias_33,baby249,iter,1,0.25
Tobias_33,eeyore1085,iter,1,0.25
Tobias_33,eeyore1088,iter,1,0.25
Tobias_33,eeyore1090,iter,1,0.25
Tobias_35,eeyore1085,iter,1,0.25
Tobias_35,eeyore1089,iter,1,0.25
Tobias_35,eeyore1090,iter,1,0.25
Tobias_36,tortoise274,iter,1,0.25
Tobias_37,quack quack259,iter,1,0.25
Tobias_38,toot toot271,iter,1,0.25
Tobias_38,toot toot273,iter,1,0.25
Tobias_39,honk honk1381,iter,1,0.25
Tobias_39,honk honk1382,iter,1,0.25
Tobias_4,baby248,iter,1,0.25
Tobias_4,baby249,iter,1,0.25
Tobias_4,eek eek1091,iter,1,0.25
Tobias_4,eeyore1088,iter,1,0.25
Tobias_41,honk honk1379,iter,1,0.25
Tobias_42,baby249,iter,1,0.25
Tobias_42,eeyore1084,iter,1,0.25
Tobias_42,eeyore1085,iter,1,0.25
Tobias_42,eeyore1087,iter,1,0.25
Tobias_42,eeyore1088,iter,1,0.25
Tobias_43,honk honk1379,iter,1,0.25
Tobias_43,honk honk1382,iter,1,0.25
Tobias_43,honk honk1383,iter,1,0.25
Tobias_44,eeyore1088,iter,1,0.25
Tobias_44,eeyore1089,iter,1,0.25
Tobias_45,quack quack255,iter,1,0.25
Tobias_45,quack quack264,iter,1,0.25
Tobias_46,quack quack255,iter,1,0.25
Tobias_46,quack quack256,iter,1,0.25
Tobias_46,quack quack260,iter,1,0.25
Tobias_47,what's that1388,iter,1,0.25
Tobias_47,what's that1392,iter,1,0.25
Tobias_48,eeyore1085,iter,1,0.25
Tobias_48,eeyore1088,iter,1,0.25
Tobias_48,eeyore1089,iter,1,0.25
Tobias_48,neenaw252,iter,1,0.25
Tobias_48,neenaw253,iter,1,0.25
Tobias_5,a-boo1083,iter,1,0.25
Tobias_5,baby248,iter,1,0.25
Tobias_5,baby249,iter,1,0.25
Tobias_5,baby250,iter,1,0.25
Tobias_5,eek eek1091,iter,1,0.25
Tobias_5,eeyore1088,iter,1,0.25
Tobias_5,eeyore1089,iter,1,0.25
Tobias_5,neenaw252,iter,1,0.25
Tobias_50,a-boo1083,iter,1,0.25
Tobias_50,eeyore1084,iter,1,0.25
Tobias_50,eeyore1085,iter,1,0.25
Tobias_50,eeyore1088,iter,1,0.25
Tobias_50,neenaw252,iter,1,0.25
Tobias_50,neenaw253,iter,1,0.25
Tobias_51,baby248,iter,1,0.25
Tobias_51,baby249,iter,1,0.25
Tobias_51,baby250,iter,1,0.25
Tobias_51,eeyore1084,iter,1,0.25
Tobias_51,eeyore1089,iter,1,0.25
Tobias_51,eeyore1090,iter,1,0.25
Tobias_52,honk honk1381,iter,1,0.25
Tobias_52,honk honk1385,iter,1,0.25
Tobias_53,baby250,iter,1,0.25
Tobias_53,eeyore1085,iter,1,0.25
Tobias_53,eeyore1089,iter,1,0.25
Tobias_53,neenaw252,iter,1,0.25
Tobias_54,baby248,iter,1,0.25
Tobias_54,baby249,iter,1,0.25
Tobias_54,eeyore1084,iter,1,0.25
Tobias_54,eeyore1086,iter,1,0.25
Tobias_55,quack quack256,iter,1,0.25
Tobias_55,quack quack259,iter,1,0.25
Tobias_55,quack quack264,iter,1,0.25
Tobias_58,quack quack255,iter,1,0.25
Tobias_58,quack quack260,iter,1,0.25
Tobias_58,quack quack261,iter,1,0.25
Tobias_58,quack quack262,iter,1,0.25
Tobias_59,quack quack255,iter,1,0.25
Tobias_59,quack quack257,iter,1,0.25
Tobias_59,quack quack258,iter,1,0.25
Tobias_59,quack quack262,iter,1,0.25
Tobias_6,baby248,iter,1,0.25
Tobias_6,baby250,iter,1,0.25
Tobias_60,ribbit ribbit267,iter,1,0.25
Tobias_60,toot toot273,iter,1,0.25
Tobias_60,tortoise274,iter,1,0.25
Tobias_61,quack quack262,iter,1,0.25
Tobias_61,quack quack263,iter,1,0.25
Tobias_63,eeyore1085,iter,1,0.25
Tobias_63,eeyore1086,iter,1,0.25
Tobias_63,eeyore1088,iter,1,0.25
Tobias_63,eeyore1090,iter,1,0.25
Tobias_64,woof woof1394,iter,1,0.25
Tobias_64,woof woof1396,iter,1,0.25
Tobias_66,baby250,iter,1,0.25
Tobias_66,eeyore1085,iter,1,0.25
Tobias_66,eeyore1086,iter,1,0.25
Tobias_66,eeyore1087,iter,1,0.25
Tobias_66,eeyore1088,iter,1,0.25
Tobias_66,hippo251,iter,1,0.25
Tobias_66,ribbit ribbit265,iter,1,0.25
Tobias_67,eeyore1084,iter,1,0.25
Tobias_67,eeyore1085,iter,1,0.25
Tobias_67,eeyore1086,iter,1,0.25
Tobias_67,neenaw252,iter,1,0.25
Tobias_68,honk honk1381,iter,1,0.25
Tobias_68,honk honk1383,iter,1,0.25
Tobias_68,honk honk1384,iter,1,0.25
Tobias_68,honk honk1385,iter,1,0.25
Tobias_69,a-boo1083,iter,1,0.25
Tobias_69,baby249,iter,1,0.25
Tobias_69,baby250,iter,1,0.25
Tobias_69,eek eek1091,iter,1,0.25
Tobias_69,eeyore1088,iter,1,0.25
Tobias_69,eeyore1090,iter,1,0.25
Tobias_7,what's that1388,iter,1,0.25
Tobias_7,what's that1389,iter,1,0.25
Tobias_7,what's that1392,iter,1,0.25
Tobias_70,eek eek1091,iter,1,0.25
Tobias_72,woof woof1394,iter,1,0.25
Tobias_72,woof woof1395,iter,1,0.25
Tobias_73,ribbit ribbit267,iter,1,0.25
Tobias_73,toot toot271,iter,1,0.25
Tobias_74,woof woof1394,iter,1,0.25
Tobias_75,quack quack256,iter,1,0.25
Tobias_75,quack quack264,iter,1,0.25
Tobias_76,baby248,iter,1,0.25
Tobias_76,baby249,iter,1,0.25
Tobias_76,eeyore1084,iter,1,0.25
Tobias_76,eeyore1090,iter,1,0.25
Tobias_76,ribbit ribbit265,iter,1,0.25
Tobias_76,ribbit ribbit266,iter,1,0.25
Tobias_77,quack quack258,iter,1,0.25
Tobias_77,quack quack259,iter,1,0.25
Tobias_77,quack quack262,iter,1,0.25
Tobias_78,eek eek1091,iter,1,0.25
Tobias_78,eeyore1084,iter,1,0.25
Tobias_78,eeyore1087,iter,1,0.25
Tobias_78,eeyore1089,iter,1,0.25
Tobias_78,eeyore1090,iter,1,0.25
Tobias_78,ribbit ribbit266,iter,1,0.25
Tobias_79,woof woof1394,iter,1,0.25
Tobias_8,quack quack257,iter,1,0.25
Tobias_8,quack quack258,iter,1,0.25
Tobias_80,eeyore1084,iter,1,0.25
Tobias_80,eeyore1085,iter,1,0.25
Tobias_80,eeyore1088,iter,1,0.25
Tobias_80,eeyore1089,iter,1,0.25
Tobias_80,eeyore1090,iter,1,0.25
Tobias_81,what's that1388,iter,1,0.25
Tobias_81,what's that1391,iter,1,0.25
Tobias_83,quack quack257,iter,1,0.25
Tobias_83,quack quack261,iter,1,0.25
Tobias_83,quack quack262,iter,1,0.25
Tobias_84,quack quack255,iter,1,0.25
Tobias_84,quack quack259,iter,1,0.25
Tobias_84,quack quack263,iter,1,0.25
Tobias_84,quack quack264,iter,1,0.25
Tobias_85,what's that1392,iter,1,0.25
Tobias_86,honk honk1382,iter,1,0.25
Tobias_86,honk honk1384,iter,1,0.25
Tobias_86,honk honk1385,iter,1,0.25
Tobias_88,eeyore1086,iter,1,0.25
Tobias_88,eeyore1089,iter,1,0.25
Tobias_88,eeyore1090,iter,1,0.25
Tobias_88,hippo251,iter,1,0.25
Tobias_88,ribbit ribbit266,iter,1,0.25
Tobias_88,ribbit ribbit267,iter,1,0.25
Tobias_89,ribbit ribbit267,iter,1,0.25
Tobias_89,toot toot272,iter,1,0.25
Tobias_9,what's that1392,iter,1,0.25
Tobias_91,a-boo1083,iter,1,0.25
Tobias_91,baby248,iter,1,0.25
Tobias_91,eeyore1087,iter,1,0.25
Tobias_91,neenaw253,iter,1,0.25
Tobias_92,ribbit ribbit265,iter,1,0.25
Tobias_92,toot toot271,iter,1,0.25
Tobias_92,toot toot272,iter,1,0.25
Tobias_93,baby250,iter,1,0.25
Tobias_93,eek eek1091,iter,1,0.25
Tobias_93,eeyore1085,iter,1,0.25
Tobias_93,eeyore1089,iter,1,0.25
Tobias_93,neenaw252,iter,1,0.25
Tobias_94,honk honk1381,iter,1,0.25
Tobias_94,honk honk1384,iter,1,0.25
Tobias_94,honk honk1385,iter,1,0.25
Tobias_95,hippo251,iter,1,0.25
Tobias_96,quack quack255,iter,1,0.25
Tobias_96,quack quack259,iter,1,0.25
Tobias_96,quack quack260,iter,1,0.25
Tobias_96,quack quack261,iter,1,0.25
Tobias_96,quack quack262,iter,1,0.25
Tobias_98,quack quack261,iter,1,0.25
Tobias_98,quack quack262,iter,1,0.25
Tobias_99,tick tock269,iter,1,0.25
Vincent_1,allô1291,iter,1,0.25
Vincent_1,attends1294,iter,1,0.25
Vincent_1,caché779,iter,1,0.25
Vincent_1,casser781,iter,1,0.25
Vincent_1,chercher1430,iter,1,0.25
Vincent_1,chercher1431,iter,1,0.25
Vincent_1,le pain802,iter,1,0.25
Vincent_1,là-haut796,iter,1,0.25
Vincent_1,là-haut797,iter,1,0.25
Vincent_1,ok1301,iter,1,0.25
Vincent_10,marche pas1435,iter,1,0.25
Vincent_10,marche pas1438,iter,1,0.25
Vincent_10,marche pas1439,iter,1,0.25
Vincent_100,a pas1287,iter,1,0.25
Vincent_100,allô1293,iter,1,0.25
Vincent_100,chercher1431,iter,1,0.25
Vincent_100,entends1296,iter,1,0.25
Vincent_100,essaye1297,iter,1,0.25
Vincent_100,essaye1298,iter,1,0.25
Vincent_100,ici1300,iter,1,0.25
Vincent_100,là-haut796,iter,1,0.25
Vincent_11,a pas1287,iter,1,0.25
Vincent_11,allô1289,iter,1,0.25
Vincent_11,allô1292,iter,1,0.25
Vincent_11,allô1293,iter,1,0.25
Vincent_11,chercher1430,iter,1,0.25
Vincent_11,encore1295,iter,1,0.25
Vincent_11,entends1296,iter,1,0.25
Vincent_11,essaye1298,iter,1,0.25
Vincent_11,garage782,iter,1,0.25
Vincent_11,un autre1302,iter,1,0.25
Vincent_12,la lune787,iter,1,0.25
Vincent_12,la lune788,iter,1,0.25
Vincent_12,la lune789,iter,1,0.25
Vincent_12,là-haut795,iter,1,0.25
Vincent_13,le pain799,iter,1,0.25
Vincent_13,le pain802,iter,1,0.25
Vincent_13,là-haut794,iter,1,0.25
Vincent_14,a pas1287,iter,1,0.25
Vincent_14,allô1293,iter,1,0.25
Vincent_14,chercher1431,iter,1,0.25
Vincent_14,fermé1432,iter,1,0.25
Vincent_14,ici1300,iter,1,0.25
Vincent_14,le pain801,iter,1,0.25
Vincent_14,marche pas1433,iter,1,0.25
Vincent_14,marche pas1438,iter,1,0.25
Vincent_14,un deux1303,iter,1,0.25
Vincent_15,bravo774,iter,1,0.25
Vincent_16,allô1290,iter,1,0.25
Vincent_16,allô1293,iter,1,0.25
Vincent_16,la lune786,iter,1,0.25
Vincent_16,la lune791,iter,1,0.25
Vincent_16,là-haut796,iter,1,0.25
Vincent_16,là-haut797,iter,1,0.25
Vincent_17,caché780,iter,1,0.25
Vincent_17,casser781,iter,1,0.25
Vincent_17,le pain800,iter,1,0.25
Vincent_17,là-haut794,iter,1,0.25
Vincent_17,là-haut795,iter,1,0.25
Vincent_17,super803,iter,1,0.25
Vincent_17,un autre1302,iter,1,0.25
Vincent_18,allô1289,iter,1,0.25
Vincent_18,allô1290,iter,1,0.25
Vincent_18,allô1291,iter,1,0.25
Vincent_18,chercher1430,iter,1,0.25
Vincent_18,chercher1431,iter,1,0.25
Vincent_18,fermé1432,iter,1,0.25
Vincent_18,ici1299,iter,1,0.25
Vincent_18,le pain801,iter,1,0.25
Vincent_18,le pain802,iter,1,0.25
Vincent_18,là-haut795,iter,1,0.25
Vincent_18,là-haut796,iter,1,0.25
Vincent_18,super803,iter,1,0.25
Vincent_18,un deux1304,iter,1,0.25
Vincent_19,garage782,iter,1,0.25
Vincent_19,la lune790,iter,1,0.25
Vincent_19,la lune792,iter,1,0.25
Vincent_19,le chien798,iter,1,0.25
Vincent_19,là-haut794,iter,1,0.25
Vincent_19,là-haut797,iter,1,0.25
Vincent_19,ok1301,iter,1,0.25
Vincent_19,un deux1304,iter,1,0.25
Vincent_2,a pas1287,iter,1,0.25
Vincent_2,allô1289,iter,1,0.25
Vincent_2,allô1290,iter,1,0.25
Vincent_2,le pain801,iter,1,0.25
Vincent_2,le pain802,iter,1,0.25
Vincent_2,ok1301,iter,1,0.25
Vincent_2,super803,iter,1,0.25
Vincent_2,un deux1303,iter,1,0.25
Vincent_20,a pas1287,iter,1,0.25
Vincent_20,allô1290,iter,1,0.25
Vincent_20,caché779,iter,1,0.25
Vincent_20,casser781,iter,1,0.25
Vincent_20,chercher1431,iter,1,0.25
Vincent_20,entends1296,iter,1,0.25
Vincent_20,ici1299,iter,1,0.25
Vincent_20,le pain800,iter,1,0.25
Vincent_20,là-haut795,iter,1,0.25
Vincent_20,un deux1304,iter,1,0.25
Vincent_21,la lune787,iter,1,0.25
Vincent_21,la lune788,iter,1,0.25
Vincent_22,allô1289,iter,1,0.25
Vincent_22,allô1293,iter,1,0.25
Vincent_22,entends1296,iter,1,0.25
Vincent_22,garage782,iter,1,0.25
Vincent_22,ici1299,iter,1,0.25
Vincent_22,ok1301,iter,1,0.25
Vincent_22,un autre1302,iter,1,0.25
Vincent_23,le pain802,iter,1,0.25
Vincent_23,marche pas1439,iter,1,0.25
Vincent_24,bravo774,iter,1,0.25
Vincent_26,allô1289,iter,1,0.25
Vincent_26,la lune788,iter,1,0.25
Vincent_26,la lune790,iter,1,0.25
Vincent_26,la lune791,iter,1,0.25
Vincent_26,la lune792,iter,1,0.25
Vincent_26,là-haut795,iter,1,0.25
Vincent_27,allô1289,iter,1,0.25
Vincent_27,allô1290,iter,1,0.25
Vincent_27,allô1291,iter,1,0.25
Vincent_27,la lune787,iter,1,0.25
Vincent_27,la lune790,iter,1,0.25
Vincent_27,la lune791,iter,1,0.25
Vincent_27,la lune792,iter,1,0.25
Vincent_27,là-haut795,iter,1,0.25
Vincent_27,là-haut797,iter,1,0.25
Vincent_28,l'avion784,iter,1,0.25
Vincent_28,le pain801,iter,1,0.25
Vincent_28,là-haut794,iter,1,0.25
Vincent_28,là-haut796,iter,1,0.25
Vincent_29,allô1289,iter,1,0.25
Vincent_29,allô1293,iter,1,0.25
Vincent_29,chercher1430,iter,1,0.25
Vincent_29,entends1296,iter,1,0.25
Vincent_29,garage782,iter,1,0.25
Vincent_29,ici1299,iter,1,0.25
Vincent_29,la lune792,iter,1,0.25
Vincent_29,ok1301,iter,1,0.25
Vincent_29,un deux1303,iter,1,0.25
Vincent_29,voilà805,iter,1,0.25
Vincent_3,allô1289,iter,1,0.25
Vincent_3,allô1293,iter,1,0.25
Vincent_3,attends1294,iter,1,0.25
Vincent_3,entends1296,iter,1,0.25
Vincent_3,garage782,iter,1,0.25
Vincent_3,ici1299,iter,1,0.25
Vincent_3,un deux1303,iter,1,0.25
Vincent_3,un deux1304,iter,1,0.25
Vincent_30,allô1293,iter,1,0.25
Vincent_30,attends1294,iter,1,0.25
Vincent_30,caché780,iter,1,0.25
Vincent_30,casser781,iter,1,0.25
Vincent_30,la lune791,iter,1,0.25
Vincent_30,ok1301,iter,1,0.25
Vincent_30,un autre1302,iter,1,0.25
Vincent_30,un deux1303,iter,1,0.25
Vincent_30,voilà805,iter,1,0.25
Vincent_30,voilà806,iter,1,0.25
Vincent_31,chercher1430,iter,1,0.25
Vincent_31,chercher1431,iter,1,0.25
Vincent_31,entends1296,iter,1,0.25
Vincent_31,l'avion784,iter,1,0.25
Vincent_31,l'avion785,iter,1,0.25
Vincent_31,le pain801,iter,1,0.25
Vincent_31,le pain802,iter,1,0.25
Vincent_31,là-haut796,iter,1,0.25
Vincent_31,marche pas1437,iter,1,0.25
Vincent_31,ok1301,iter,1,0.25
Vincent_32,accroche1288,iter,1,0.25
Vincent_32,allô1291,iter,1,0.25
Vincent_32,essaye1298,iter,1,0.25
Vincent_32,garage782,iter,1,0.25
Vincent_32,là-haut795,iter,1,0.25
Vincent_33,a pas1287,iter,1,0.25
Vincent_33,accroche1288,iter,1,0.25
Vincent_33,allô1290,iter,1,0.25
Vincent_33,allô1291,iter,1,0.25
Vincent_33,allô1292,iter,1,0.25
Vincent_33,essaye1298,iter,1,0.25
Vincent_33,le pain800,iter,1,0.25
Vincent_33,là-haut794,iter,1,0.25
Vincent_33,marche pas1434,iter,1,0.25
Vincent_33,ok1301,iter,1,0.25
Vincent_33,super803,iter,1,0.25
Vincent_33,un deux1303,iter,1,0.25
Vincent_34,allô1290,iter,1,0.25
Vincent_34,allô1291,iter,1,0.25
Vincent_34,attends1294,iter,1,0.25
Vincent_34,fermé1432,iter,1,0.25
Vincent_34,ici1299,iter,1,0.25
Vincent_34,la lune788,iter,1,0.25
Vincent_34,la lune789,iter,1,0.25
Vincent_34,la lune790,iter,1,0.25
Vincent_34,là-haut795,iter,1,0.25
Vincent_34,un autre1302,iter,1,0.25
Vincent_34,un deux1303,iter,1,0.25
Vincent_34,voilà804,iter,1,0.25
Vincent_35,allô1289,iter,1,0.25
Vincent_35,entends1296,iter,1,0.25
Vincent_35,fermé1432,iter,1,0.25
Vincent_35,ici1300,iter,1,0.25
Vincent_35,l'avion783,iter,1,0.25
Vincent_35,la lune786,iter,1,0.25
Vincent_35,la lune789,iter,1,0.25
Vincent_35,la lune792,iter,1,0.25
Vincent_35,la lune793,iter,1,0.25
Vincent_35,le pain800,iter,1,0.25
Vincent_35,là-haut795,iter,1,0.25
Vincent_35,super803,iter,1,0.25
Vincent_36,a pas1287,iter,1,0.25
Vincent_36,attends1294,iter,1,0.25
Vincent_36,entends1296,iter,1,0.25
Vincent_36,le pain801,iter,1,0.25
Vincent_36,le pain802,iter,1,0.25
Vincent_36,là-haut797,iter,1,0.25
Vincent_36,marche pas1433,iter,1,0.25
Vincent_36,marche pas1436,iter,1,0.25
Vincent_36,un deux1303,iter,1,0.25
Vincent_37,a pas1287,iter,1,0.25
Vincent_38,a pas1287,iter,1,0.25
Vincent_38,marche pas1434,iter,1,0.25
Vincent_38,marche pas1435,iter,1,0.25
Vincent_38,marche pas1436,iter,1,0.25
Vincent_39,a pas1287,iter,1,0.25
Vincent_39,accroche1288,iter,1,0.25
Vincent_39,allô1292,iter,1,0.25
Vincent_39,allô1293,iter,1,0.25
Vincent_39,attends1294,iter,1,0.25
Vincent_39,entends1296,iter,1,0.25
Vincent_39,garage782,iter,1,0.25
Vincent_39,ici1300,iter,1,0.25
Vincent_39,le pain800,iter,1,0.25
Vincent_39,là-haut796,iter,1,0.25
Vincent_39,là-haut797,iter,1,0.25
Vincent_39,ok1301,iter,1,0.25
Vincent_39,super803,iter,1,0.25
Vincent_4,le pain801,iter,1,0.25
Vincent_40,accroche1288,iter,1,0.25
Vincent_40,allô1290,iter,1,0.25
Vincent_40,chercher1430,iter,1,0.25
Vincent_40,encore1295,iter,1,0.25
Vincent_40,essaye1298,iter,1,0.25
Vincent_40,ici1299,iter,1,0.25
Vincent_40,le pain800,iter,1,0.25
Vincent_40,là-haut795,iter,1,0.25
Vincent_41,allô1291,iter,1,0.25
Vincent_41,la lune786,iter,1,0.25
Vincent_41,la lune791,iter,1,0.25
Vincent_41,là-haut795,iter,1,0.25
Vincent_41,là-haut796,iter,1,0.25
Vincent_41,là-haut797,iter,1,0.25
Vincent_42,bravo775,iter,1,0.25
Vincent_42,bravo777,iter,1,0.25
Vincent_43,le pain800,iter,1,0.25
Vincent_43,le pain801,iter,1,0.25
Vincent_43,marche pas1434,iter,1,0.25
Vincent_44,bravo776,iter,1,0.25
Vincent_44,bravo777,iter,1,0.25
Vincent_45,bravo778,iter,1,0.25
Vincent_46,là-haut796,iter,1,0.25
Vincent_47,a pas1287,iter,1,0.25
Vincent_47,allô1289,iter,1,0.25
Vincent_47,allô1290,iter,1,0.25
Vincent_47,allô1293,iter,1,0.25
Vincent_47,attends1294,iter,1,0.25
Vincent_47,chercher1430,iter,1,0.25
Vincent_47,essaye1297,iter,1,0.25
Vincent_47,fermé1432,iter,1,0.25
Vincent_47,ici1299,iter,1,0.25
Vincent_47,la lune792,iter,1,0.25
Vincent_47,un autre1302,iter,1,0.25
Vincent_47,voilà804,iter,1,0.25
Vincent_48,a pas1287,iter,1,0.25
Vincent_48,le pain799,iter,1,0.25
Vincent_48,le pain800,iter,1,0.25
Vincent_48,marche pas1437,iter,1,0.25
Vincent_49,allô1290,iter,1,0.25
Vincent_49,allô1291,iter,1,0.25
Vincent_49,le pain800,iter,1,0.25
Vincent_49,là-haut794,iter,1,0.25
Vincent_49,là-haut796,iter,1,0.25
Vincent_49,super803,iter,1,0.25
Vincent_5,bravo777,iter,1,0.25
Vincent_5,bravo778,iter,1,0.25
Vincent_50,allô1289,iter,1,0.25
Vincent_50,allô1293,iter,1,0.25
Vincent_50,caché779,iter,1,0.25
Vincent_50,ici1299,iter,1,0.25
Vincent_50,la lune787,iter,1,0.25
Vincent_50,la lune788,iter,1,0.25
Vincent_50,la lune790,iter,1,0.25
Vincent_50,la lune791,iter,1,0.25
Vincent_50,un deux1303,iter,1,0.25
Vincent_50,voilà804,iter,1,0.25
Vincent_50,voilà806,iter,1,0.25
Vincent_52,allô1292,iter,1,0.25
Vincent_52,la lune787,iter,1,0.25
Vincent_52,la lune789,iter,1,0.25
Vincent_52,la lune791,iter,1,0.25
Vincent_52,la lune792,iter,1,0.25
Vincent_52,la lune793,iter,1,0.25
Vincent_52,là-haut797,iter,1,0.25
Vincent_53,accroche1288,iter,1,0.25
Vincent_53,essaye1297,iter,1,0.25
Vincent_53,essaye1298,iter,1,0.25
Vincent_54,le pain799,iter,1,0.25
Vincent_54,là-haut795,iter,1,0.25
Vincent_55,le pain802,iter,1,0.25
Vincent_55,marche pas1437,iter,1,0.25
Vincent_55,marche pas1438,iter,1,0.25
Vincent_56,allô1291,iter,1,0.25
Vincent_56,attends1294,iter,1,0.25
Vincent_56,essaye1297,iter,1,0.25
Vincent_56,un deux1303,iter,1,0.25
Vincent_57,allô1291,iter,1,0.25
Vincent_57,caché779,iter,1,0.25
Vincent_57,casser781,iter,1,0.25
Vincent_57,chercher1431,iter,1,0.25
Vincent_57,encore1295,iter,1,0.25
Vincent_57,essaye1298,iter,1,0.25
Vincent_57,ici1300,iter,1,0.25
Vincent_57,le pain801,iter,1,0.25
Vincent_57,le pain802,iter,1,0.25
Vincent_57,là-haut795,iter,1,0.25
Vincent_57,là-haut796,iter,1,0.25
Vincent_57,là-haut797,iter,1,0.25
Vincent_57,un deux1303,iter,1,0.25
Vincent_57,un deux1304,iter,1,0.25
Vincent_58,allô1289,iter,1,0.25
Vincent_58,caché780,iter,1,0.25
Vincent_58,entends1296,iter,1,0.25
Vincent_58,garage782,iter,1,0.25
Vincent_58,ici1300,iter,1,0.25
Vincent_58,le pain800,iter,1,0.25
Vincent_58,là-haut794,iter,1,0.25
Vincent_58,là-haut796,iter,1,0.25
Vincent_58,là-haut797,iter,1,0.25
Vincent_58,ok1301,iter,1,0.25
Vincent_59,a pas1287,iter,1,0.25
Vincent_59,allô1291,iter,1,0.25
Vincent_59,attends1294,iter,1,0.25
Vincent_59,caché779,iter,1,0.25
Vincent_59,caché780,iter,1,0.25
Vincent_59,casser781,iter,1,0.25
Vincent_59,chercher1431,iter,1,0.25
Vincent_59,ici1299,iter,1,0.25
Vincent_59,ok1301,iter,1,0.25
Vincent_59,un deux1303,iter,1,0.25
Vincent_6,accroche1288,iter,1,0.25
Vincent_6,attends1294,iter,1,0.25
Vincent_6,essaye1297,iter,1,0.25
Vincent_6,là-haut794,iter,1,0.25
Vincent_6,ok1301,iter,1,0.25
Vincent_6,super803,iter,1,0.25
Vincent_6,un autre1302,iter,1,0.25
Vincent_6,un deux1304,iter,1,0.25
Vincent_60,allô1291,iter,1,0.25
Vincent_60,allô1292,iter,1,0.25
Vincent_60,attends1294,iter,1,0.25
Vincent_60,chercher1430,iter,1,0.25
Vincent_60,garage782,iter,1,0.25
Vincent_60,là-haut795,iter,1,0.25
Vincent_60,là-haut796,iter,1,0.25
Vincent_60,un autre1302,iter,1,0.25
Vincent_60,un deux1304,iter,1,0.25
Vincent_60,voilà804,iter,1,0.25
Vincent_60,voilà805,iter,1,0.25
Vincent_61,ici1299,iter,1,0.25
Vincent_61,le pain800,iter,1,0.25
Vincent_61,là-haut795,iter,1,0.25
Vincent_61,là-haut796,iter,1,0.25
Vincent_62,attends1294,iter,1,0.25
Vincent_62,chercher1431,iter,1,0.25
Vincent_62,essaye1297,iter,1,0.25
Vincent_62,garage782,iter,1,0.25
Vincent_62,ici1299,iter,1,0.25
Vincent_62,ici1300,iter,1,0.25
Vincent_62,la lune791,iter,1,0.25
Vincent_62,la lune792,iter,1,0.25
Vincent_62,là-haut794,iter,1,0.25
Vincent_62,là-haut796,iter,1,0.25
Vincent_62,là-haut797,iter,1,0.25
Vincent_62,voilà806,iter,1,0.25
Vincent_63,allô1289,iter,1,0.25
Vincent_63,allô1290,iter,1,0.25
Vincent_63,allô1293,iter,1,0.25
Vincent_63,la lune788,iter,1,0.25
Vincent_63,la lune789,iter,1,0.25
Vincent_63,la lune790,iter,1,0.25
Vincent_63,la lune792,iter,1,0.25
Vincent_63,la lune793,iter,1,0.25
Vincent_63,là-haut795,iter,1,0.25
Vincent_64,casser781,iter,1,0.25
Vincent_64,entends1296,iter,1,0.25
Vincent_64,le pain801,iter,1,0.25
Vincent_64,là-haut794,iter,1,0.25
Vincent_64,super803,iter,1,0.25
Vincent_64,un deux1303,iter,1,0.25
Vincent_64,un deux1304,iter,1,0.25
Vincent_65,le pain800,iter,1,0.25
Vincent_66,casser781,iter,1,0.25
Vincent_66,chercher1431,iter,1,0.25
Vincent_66,fermé1432,iter,1,0.25
Vincent_66,le pain800,iter,1,0.25
Vincent_66,le pain801,iter,1,0.25
Vincent_66,ok1301,iter,1,0.25
Vincent_66,un deux1304,iter,1,0.25
Vincent_67,allô1291,iter,1,0.25
Vincent_67,le pain799,iter,1,0.25
Vincent_67,là-haut794,iter,1,0.25
Vincent_67,là-haut795,iter,1,0.25
Vincent_67,là-haut796,iter,1,0.25
Vincent_68,la lune787,iter,1,0.25
Vincent_68,la lune793,iter,1,0.25
Vincent_69,a pas1287,iter,1,0.25
Vincent_69,encore1295,iter,1,0.25
Vincent_69,essaye1297,iter,1,0.25
Vincent_69,essaye1298,iter,1,0.25
Vincent_69,ok1301,iter,1,0.25
Vincent_69,un deux1303,iter,1,0.25
Vincent_7,l'avion783,iter,1,0.25
Vincent_7,l'avion785,iter,1,0.25
Vincent_7,le pain799,iter,1,0.25
Vincent_7,le pain802,iter,1,0.25
Vincent_7,marche pas1436,iter,1,0.25
Vincent_7,marche pas1437,iter,1,0.25
Vincent_7,marche pas1439,iter,1,0.25
Vincent_70,allô1290,iter,1,0.25
Vincent_70,là-haut794,iter,1,0.25
Vincent_70,là-haut795,iter,1,0.25
Vincent_71,a pas1287,iter,1,0.25
Vincent_71,ici1299,iter,1,0.25
Vincent_71,l'avion783,iter,1,0.25
Vincent_71,l'avion784,iter,1,0.25
Vincent_71,la lune786,iter,1,0.25
Vincent_71,la lune788,iter,1,0.25
Vincent_71,la lune789,iter,1,0.25
Vincent_71,le chien798,iter,1,0.25
Vincent_71,là-haut796,iter,1,0.25
Vincent_71,là-haut797,iter,1,0.25
Vincent_71,un deux1303,iter,1,0.25
Vincent_72,bravo774,iter,1,0.25
Vincent_73,accroche1288,iter,1,0.25
Vincent_73,chercher1431,iter,1,0.25
Vincent_73,entends1296,iter,1,0.25
Vincent_73,essaye1297,iter,1,0.25
Vincent_73,ok1301,iter,1,0.25
Vincent_73,un deux1303,iter,1,0.25
Vincent_74,allô1289,iter,1,0.25
Vincent_74,allô1290,iter,1,0.25
Vincent_74,allô1291,iter,1,0.25
Vincent_74,caché780,iter,1,0.25
Vincent_74,casser781,iter,1,0.25
Vincent_74,ici1300,iter,1,0.25
Vincent_74,super803,iter,1,0.25
Vincent_74,un deux1303,iter,1,0.25
Vincent_74,un deux1304,iter,1,0.25
Vincent_75,allô1289,iter,1,0.25
Vincent_75,allô1290,iter,1,0.25
Vincent_75,attends1294,iter,1,0.25
Vincent_75,chercher1431,iter,1,0.25
Vincent_75,entends1296,iter,1,0.25
Vincent_75,essaye1298,iter,1,0.25
Vincent_75,fermé1432,iter,1,0.25
Vincent_75,le pain799,iter,1,0.25
Vincent_75,là-haut794,iter,1,0.25
Vincent_75,ok1301,iter,1,0.25
Vincent_75,un deux1304,iter,1,0.25
Vincent_76,marche pas1436,iter,1,0.25
Vincent_76,marche pas1437,iter,1,0.25
Vincent_76,marche pas1438,iter,1,0.25
Vincent_77,allô1293,iter,1,0.25
Vincent_77,la lune791,iter,1,0.25
Vincent_77,la lune793,iter,1,0.25
Vincent_77,là-haut794,iter,1,0.25
Vincent_78,allô1290,iter,1,0.25
Vincent_78,allô1292,iter,1,0.25
Vincent_78,attends1294,iter,1,0.25
Vincent_78,caché779,iter,1,0.25
Vincent_78,ici1300,iter,1,0.25
Vincent_78,le pain799,iter,1,0.25
Vincent_78,le pain801,iter,1,0.25
Vincent_78,là-haut795,iter,1,0.25
Vincent_78,là-haut796,iter,1,0.25
Vincent_78,ok1301,iter,1,0.25
Vincent_78,super803,iter,1,0.25
Vincent_78,un deux1303,iter,1,0.25
Vincent_79,allô1292,iter,1,0.25
Vincent_79,attends1294,iter,1,0.25
Vincent_79,chercher1431,iter,1,0.25
Vincent_79,garage782,iter,1,0.25
Vincent_79,l'avion783,iter,1,0.25
Vincent_79,la lune786,iter,1,0.25
Vincent_79,la lune787,iter,1,0.25
Vincent_79,la lune789,iter,1,0.25
Vincent_79,la lune791,iter,1,0.25
Vincent_79,le pain802,iter,1,0.25
Vincent_79,là-haut794,iter,1,0.25
Vincent_79,un deux1303,iter,1,0.25
Vincent_8,allô1292,iter,1,0.25
Vincent_8,la lune788,iter,1,0.25
Vincent_8,la lune789,iter,1,0.25
Vincent_80,a pas1287,iter,1,0.25
Vincent_80,allô1289,iter,1,0.25
Vincent_80,allô1290,iter,1,0.25
Vincent_80,allô1291,iter,1,0.25
Vincent_80,attends1294,iter,1,0.25
Vincent_80,fermé1432,iter,1,0.25
Vincent_80,ici1299,iter,1,0.25
Vincent_80,la lune790,iter,1,0.25
Vincent_80,là-haut795,iter,1,0.25
Vincent_80,là-haut796,iter,1,0.25
Vincent_80,là-haut797,iter,1,0.25
Vincent_80,ok1301,iter,1,0.25
Vincent_80,un deux1304,iter,1,0.25
Vincent_82,a pas1287,iter,1,0.25
Vincent_82,le pain800,iter,1,0.25
Vincent_82,marche pas1439,iter,1,0.25
Vincent_83,a pas1287,iter,1,0.25
Vincent_83,le pain800,iter,1,0.25
Vincent_83,marche pas1434,iter,1,0.25
Vincent_84,a pas1287,iter,1,0.25
Vincent_84,allô1290,iter,1,0.25
Vincent_84,allô1292,iter,1,0.25
Vincent_84,allô1293,iter,1,0.25
Vincent_84,chercher1430,iter,1,0.25
Vincent_84,ici1300,iter,1,0.25
Vincent_85,allô1291,iter,1,0.25
Vincent_85,allô1293,iter,1,0.25
Vincent_85,la lune786,iter,1,0.25
Vincent_85,la lune788,iter,1,0.25
Vincent_85,la lune792,iter,1,0.25
Vincent_86,entends1296,iter,1,0.25
Vincent_86,ici1299,iter,1,0.25
Vincent_86,là-haut794,iter,1,0.25
Vincent_86,super803,iter,1,0.25
Vincent_86,un deux1304,iter,1,0.25
Vincent_87,la lune789,iter,1,0.25
Vincent_87,la lune792,iter,1,0.25
Vincent_87,la lune793,iter,1,0.25
Vincent_87,là-haut797,iter,1,0.25
Vincent_88,le pain800,iter,1,0.25
Vincent_88,marche pas1435,iter,1,0.25
Vincent_88,marche pas1438,iter,1,0.25
Vincent_88,marche pas1439,iter,1,0.25
Vincent_89,chercher1430,iter,1,0.25
Vincent_89,entends1296,iter,1,0.25
Vincent_89,fermé1432,iter,1,0.25
Vincent_89,l'avion784,iter,1,0.25
Vincent_89,le chien798,iter,1,0.25
Vincent_89,là-haut794,iter,1,0.25
Vincent_89,là-haut795,iter,1,0.25
Vincent_89,marche pas1436,iter,1,0.25
Vincent_89,marche pas1437,iter,1,0.25
Vincent_89,marche pas1438,iter,1,0.25
Vincent_9,allô1289,iter,1,0.25
Vincent_9,allô1290,iter,1,0.25
Vincent_9,allô1293,iter,1,0.25
Vincent_9,voilà804,iter,1,0.25
Vincent_90,attends1294,iter,1,0.25
Vincent_90,caché779,iter,1,0.25
Vincent_90,le pain799,iter,1,0.25
Vincent_90,le pain802,iter,1,0.25
Vincent_90,là-haut797,iter,1,0.25
Vincent_90,un deux1303,iter,1,0.25
Vincent_91,a pas1287,iter,1,0.25
Vincent_91,allô1289,iter,1,0.25
Vincent_91,allô1291,iter,1,0.25
Vincent_91,allô1293,iter,1,0.25
Vincent_91,caché779,iter,1,0.25
Vincent_91,un deux1303,iter,1,0.25
Vincent_92,attends1294,iter,1,0.25
Vincent_92,chercher1430,iter,1,0.25
Vincent_92,ici1300,iter,1,0.25
Vincent_92,l'avion783,iter,1,0.25
Vincent_92,l'avion785,iter,1,0.25
Vincent_92,le chien798,iter,1,0.25
Vincent_92,là-haut794,iter,1,0.25
Vincent_92,là-haut795,iter,1,0.25
Vincent_92,là-haut796,iter,1,0.25
Vincent_92,marche pas1438,iter,1,0.25
Vincent_93,bravo776,iter,1,0.25
Vincent_94,allô1293,iter,1,0.25
Vincent_94,caché780,iter,1,0.25
Vincent_94,chercher1430,iter,1,0.25
Vincent_94,fermé1432,iter,1,0.25
Vincent_94,la lune786,iter,1,0.25
Vincent_94,la lune787,iter,1,0.25
Vincent_94,la lune790,iter,1,0.25
Vincent_94,là-haut794,iter,1,0.25
Vincent_94,là-haut797,iter,1,0.25
Vincent_94,un deux1303,iter,1,0.25
Vincent_94,voilà804,iter,1,0.25
Vincent_95,allô1292,iter,1,0.25
Vincent_95,essaye1297,iter,1,0.25
Vincent_95,ici1300,iter,1,0.25
Vincent_95,le pain800,iter,1,0.25
Vincent_95,là-haut794,iter,1,0.25
Vincent_95,là-haut795,iter,1,0.25
Vincent_95,un deux1303,iter,1,0.25
Vincent_96,allô1289,iter,1,0.25
Vincent_96,allô1290,iter,1,0.25
Vincent_96,allô1293,iter,1,0.25
Vincent_96,encore1295,iter,1,0.25
Vincent_96,essaye1297,iter,1,0.25
Vincent_96,garage782,iter,1,0.25
Vincent_96,ici1299,iter,1,0.25
Vincent_96,là-haut795,iter,1,0.25
Vincent_96,là-haut796,iter,1,0.25
Vincent_97,le pain799,iter,1,0.25
Vincent_97,marche pas1436,iter,1,0.25
Vincent_98,a pas1287,iter,1,0.25
Vincent_98,allô1289,iter,1,0.25
Vincent_98,allô1291,iter,1,0.25
Vincent_98,allô1293,iter,1,0.25
Vincent_98,essaye1297,iter,1,0.25
Vincent_98,essaye1298,iter,1,0.25
Vincent_98,ici1299,iter,1,0.25
Vincent_98,ok1301,iter,1,0.25
Vincent_99,l'avion783,iter,1,0.25
