Speaker_ID,Speaker,ID,path_length,mean_k,clust_coef_global,Language,data_type
Adeline_1,Adeline,1,0.11670184179263395,11.5,0.6086956521739131,French,iter_A
Adeline_10,Adeline,10,0.1433675518934745,12.6,0.6816524908869988,French,iter_A
Adeline_100,Adeline,100,0.14304224466449772,12.1,0.7672634271099744,French,iter_A
Adeline_11,Adeline,11,0.17744594276648673,12.9,0.7394366197183099,French,iter_A
Adeline_12,Adeline,12,0.15381603634555066,13.5,0.7741416309012875,French,iter_A
Adeline_13,Adeline,13,0.17533976207185764,13.8,0.7638668779714739,French,iter_A
Adeline_14,Adeline,14,0.15209874226785242,13,0.7426086956521739,French,iter_A
Adeline_15,Adeline,15,0.14618017128330413,14.6,0.7775656324582338,French,iter_A
Adeline_16,Adeline,16,0.13729090053752374,13.7,0.7069243156199678,French,iter_A
Adeline_17,Adeline,17,0.16048967148647486,13.3,0.742873113471213,French,iter_A
Adeline_18,Adeline,18,0.19698229289118468,11.6,0.6870064608758076,French,iter_A
Adeline_19,Adeline,19,0.16657608239512448,10.8,0.6209415584415584,French,iter_A
Adeline_2,Adeline,2,0.1430079385441153,13.1,0.7969798657718121,French,iter_A
Adeline_20,Adeline,20,0.2026274788408651,11.3,0.6861584011843079,French,iter_A
Adeline_21,Adeline,21,0.18048747868074957,13,0.7022809123649459,French,iter_A
Adeline_22,Adeline,22,0.16764490248941377,14.3,0.7851445663010967,French,iter_A
Adeline_23,Adeline,23,0.13734149282852068,13,0.7373737373737373,French,iter_A
Adeline_24,Adeline,24,0.14298679762360178,13.2,0.8116494284158955,French,iter_A
Adeline_25,Adeline,25,0.13406882596158456,12.6,0.691747572815534,French,iter_A
Adeline_26,Adeline,26,0.18754698629817299,12.8,0.7526881720430108,French,iter_A
Adeline_27,Adeline,27,0.1374089661069009,13.9,0.7456828885400314,French,iter_A
Adeline_28,Adeline,28,0.14534727525558883,13.5,0.701917808219178,French,iter_A
Adeline_29,Adeline,29,0.14075618523401398,12.6,0.7149014778325123,French,iter_A
Adeline_3,Adeline,3,0.1653840593488489,11.8,0.6876267748478702,French,iter_A
Adeline_30,Adeline,30,0.14604939997369432,14.9,0.7991746905089409,French,iter_A
Adeline_31,Adeline,31,0.16583000761516967,14.4,0.780295566502463,French,iter_A
Adeline_32,Adeline,32,0.14166936409820372,10.6,0.6171564733915806,French,iter_A
Adeline_33,Adeline,33,0.19490074796804688,12.7,0.7717917675544794,French,iter_A
Adeline_34,Adeline,34,0.17935974462360663,12.4,0.7029126213592233,French,iter_A
Adeline_35,Adeline,35,0.17327094096126244,13.3,0.7085941946499715,French,iter_A
Adeline_36,Adeline,36,0.11742693953168395,13,0.7788944723618091,French,iter_A
Adeline_37,Adeline,37,0.12945964981902966,12.1,0.62890625,French,iter_A
Adeline_38,Adeline,38,0.17691308675670978,12.6,0.8204518430439952,French,iter_A
Adeline_39,Adeline,39,0.14879262255731554,14.7,0.797271872060207,French,iter_A
Adeline_4,Adeline,4,0.13777363526930012,12.4,0.6760828625235404,French,iter_A
Adeline_40,Adeline,40,0.17802105485575215,12.4,0.7147395171537484,French,iter_A
Adeline_41,Adeline,41,0.14298751269481766,14,0.7342226782965623,French,iter_A
Adeline_42,Adeline,42,0.15930309847995391,11.4,0.6744186046511628,French,iter_A
Adeline_43,Adeline,43,0.1806953867859347,13.8,0.7702060221870047,French,iter_A
Adeline_44,Adeline,44,0.14029802169635655,12.9,0.6682380671773719,French,iter_A
Adeline_45,Adeline,45,0.13832377642533536,14.1,0.7507583417593529,French,iter_A
Adeline_46,Adeline,46,0.11431718846065861,13.7,0.8001043841336117,French,iter_A
Adeline_47,Adeline,47,0.1439491255983885,13,0.7359454855195912,French,iter_A
Adeline_48,Adeline,48,0.10860598591047693,12.7,0.6972690296339338,French,iter_A
Adeline_49,Adeline,49,0.12322732399661186,11.6,0.6074124914207275,French,iter_A
Adeline_5,Adeline,5,0.11928676171312853,14.5,0.7809976247030879,French,iter_A
Adeline_50,Adeline,50,0.17617232257306564,13.4,0.7504187604690117,French,iter_A
Adeline_51,Adeline,51,0.11130474417524826,10.4,0.6498800959232613,French,iter_A
Adeline_52,Adeline,52,0.1531857683697686,13.8,0.7774343122102009,French,iter_A
Adeline_53,Adeline,53,0.17311338723266123,13,0.7569284064665127,French,iter_A
Adeline_54,Adeline,54,0.1559426618746351,12.9,0.7132743362831858,French,iter_A
Adeline_55,Adeline,55,0.13493681252404155,14.2,0.7820324005891016,French,iter_A
Adeline_56,Adeline,56,0.1306215113430392,14.9,0.7915712322491983,French,iter_A
Adeline_57,Adeline,57,0.1367667428186046,10.7,0.6046692607003891,French,iter_A
Adeline_58,Adeline,58,0.16129327498549365,13.5,0.7916666666666666,French,iter_A
Adeline_59,Adeline,59,0.13323570993051048,13.5,0.7759706190975866,French,iter_A
Adeline_6,Adeline,6,0.14324407311776002,13,0.773037542662116,French,iter_A
Adeline_60,Adeline,60,0.16748275800727666,12.5,0.7042341220423413,French,iter_A
Adeline_61,Adeline,61,0.1536763808348109,11.2,0.6795454545454546,French,iter_A
Adeline_62,Adeline,62,0.12920501746218155,11.3,0.6783166904422254,French,iter_A
Adeline_63,Adeline,63,0.1442940617120407,12.7,0.6730178242163491,French,iter_A
Adeline_64,Adeline,64,0.17484114849373547,14.1,0.7730061349693251,French,iter_A
Adeline_65,Adeline,65,0.1722399856776259,12.7,0.7152439024390244,French,iter_A
Adeline_66,Adeline,66,0.16580810159633452,13.5,0.744988864142539,French,iter_A
Adeline_67,Adeline,67,0.19182861256538764,12.8,0.795307917888563,French,iter_A
Adeline_68,Adeline,68,0.17624845953552226,12.6,0.7349909035779261,French,iter_A
Adeline_69,Adeline,69,0.15898985827352477,13.8,0.7910369984366857,French,iter_A
Adeline_7,Adeline,7,0.18381850091561303,13.6,0.8113308391234634,French,iter_A
Adeline_70,Adeline,70,0.13412138061453835,12.7,0.6457564575645757,French,iter_A
Adeline_71,Adeline,71,0.16689101101220352,14.2,0.8038632986627043,French,iter_A
Adeline_72,Adeline,72,0.19162493717284057,12.8,0.7128712871287128,French,iter_A
Adeline_73,Adeline,73,0.1728673806252463,12.1,0.6929133858267716,French,iter_A
Adeline_74,Adeline,74,0.12857356045012297,14.3,0.7855072463768116,French,iter_A
Adeline_75,Adeline,75,0.1725621669553399,12.9,0.7281722933643772,French,iter_A
Adeline_76,Adeline,76,0.14304199890085043,16,0.8552365547917509,French,iter_A
Adeline_77,Adeline,77,0.11854283458723372,14.2,0.7640117994100295,French,iter_A
Adeline_78,Adeline,78,0.13818069834177724,11.9,0.647098976109215,French,iter_A
Adeline_79,Adeline,79,0.15184651530761956,13,0.7452667814113597,French,iter_A
Adeline_8,Adeline,8,0.13827262508845725,15.7,0.8406040268456376,French,iter_A
Adeline_80,Adeline,80,0.15996558177364573,12.7,0.8146627565982405,French,iter_A
Adeline_81,Adeline,81,0.1745080372128899,12.8,0.7454873646209387,French,iter_A
Adeline_82,Adeline,82,0.15734671558639024,13.6,0.7564377682403434,French,iter_A
Adeline_83,Adeline,83,0.14313845134501244,12.2,0.7708860759493671,French,iter_A
Adeline_84,Adeline,84,0.13919414811025016,12.6,0.7401668653158522,French,iter_A
Adeline_85,Adeline,85,0.13940585482662826,12.3,0.7102342786683107,French,iter_A
Adeline_86,Adeline,86,0.14329453038557063,14.2,0.7951100244498778,French,iter_A
Adeline_87,Adeline,87,0.16421677811796995,13.5,0.7276243093922652,French,iter_A
Adeline_88,Adeline,88,0.1673782690865399,12.9,0.7265763111373011,French,iter_A
Adeline_89,Adeline,89,0.14663467145616355,12.9,0.7004716981132075,French,iter_A
Adeline_9,Adeline,9,0.16880574624955155,12.9,0.7129963898916968,French,iter_A
Adeline_90,Adeline,90,0.11164943217564748,10.7,0.6719817767653758,French,iter_A
Adeline_91,Adeline,91,0.17791697844382162,13.9,0.7716081718177056,French,iter_A
Adeline_92,Adeline,92,0.1436669590234135,13.5,0.7136563876651982,French,iter_A
Adeline_93,Adeline,93,0.1836598658399013,12.5,0.6818181818181818,French,iter_A
Adeline_94,Adeline,94,0.16433449615314455,12.4,0.726474278544542,French,iter_A
Adeline_95,Adeline,95,0.14373233192477727,13.6,0.7091503267973857,French,iter_A
Adeline_96,Adeline,96,0.12636164392057686,13.7,0.729643427354976,French,iter_A
Adeline_97,Adeline,97,0.1548017407312463,12.3,0.7047738693467337,French,iter_A
Adeline_98,Adeline,98,0.1363000623850217,14.4,0.7912246865959498,French,iter_A
Adeline_99,Adeline,99,0.1688106558132157,14.1,0.8311817279046674,French,iter_A
Afan_1,Afan,1,0.22863521156013247,7,0.5510204081632653,Urdu,iter_A
Afan_10,Afan,10,0.23299131812165408,5.7,0.5198863636363636,Urdu,iter_A
Afan_100,Afan,100,0.26922083765529137,6.4,0.5412026726057907,Urdu,iter_A
Afan_11,Afan,11,0.27972501962869173,6.5,0.6190476190476191,Urdu,iter_A
Afan_12,Afan,12,0.26086524228370966,6.6,0.5916334661354582,Urdu,iter_A
Afan_13,Afan,13,0.25555222102068353,6.4,0.5486935866983373,Urdu,iter_A
Afan_14,Afan,14,0.25302572061640083,6.9,0.5403726708074534,Urdu,iter_A
Afan_15,Afan,15,0.30186635997474165,5.3,0.39570552147239263,Urdu,iter_A
Afan_16,Afan,16,0.23939401524843787,5.5,0.514018691588785,Urdu,iter_A
Afan_17,Afan,17,0.26741011412047566,4.4,0.5342465753424658,Urdu,iter_A
Afan_18,Afan,18,0.2727376928958732,5.2,0.5454545454545454,Urdu,iter_A
Afan_19,Afan,19,0.3071162590001289,6,0.5537190082644629,Urdu,iter_A
Afan_2,Afan,2,0.22689805571957533,4.3,0.5204081632653061,Urdu,iter_A
Afan_20,Afan,20,0.33280390042106395,4,0.5113636363636364,Urdu,iter_A
Afan_21,Afan,21,0.2610717055721787,6.9,0.5988142292490118,Urdu,iter_A
Afan_22,Afan,22,0.2645087491266493,7.3,0.6020408163265306,Urdu,iter_A
Afan_23,Afan,23,0.29232658923025984,5.8,0.639225181598063,Urdu,iter_A
Afan_24,Afan,24,0.2833951190717382,7.4,0.6010362694300518,Urdu,iter_A
Afan_25,Afan,25,0.3423608278383684,4.8,0.5128205128205128,Urdu,iter_A
Afan_26,Afan,26,0.24591818981727448,7.3,0.6601073345259392,Urdu,iter_A
Afan_27,Afan,27,0.26997773899605165,7.8,0.6703125,Urdu,iter_A
Afan_28,Afan,28,0.28344257098702835,6.1,0.5871121718377088,Urdu,iter_A
Afan_29,Afan,29,0.1947637975400747,5.6,0.5847457627118644,Urdu,iter_A
Afan_3,Afan,3,0.2472959639811523,7.1,0.5716878402903811,Urdu,iter_A
Afan_30,Afan,30,0.28649817920673776,7,0.6388888888888888,Urdu,iter_A
Afan_31,Afan,31,0.2229916871203195,7.3,0.5803108808290155,Urdu,iter_A
Afan_32,Afan,32,0.22296618950042046,4.6,0.5263157894736842,Urdu,iter_A
Afan_33,Afan,33,0.292193545351282,5.8,0.5918918918918918,Urdu,iter_A
Afan_34,Afan,34,0.26064073705297053,6.4,0.5069444444444444,Urdu,iter_A
Afan_35,Afan,35,0.22564639931319658,6.6,0.4605543710021322,Urdu,iter_A
Afan_36,Afan,36,0.24855964644858355,7.1,0.5878003696857671,Urdu,iter_A
Afan_37,Afan,37,0.25208252556561184,7.4,0.6205211726384365,Urdu,iter_A
Afan_38,Afan,38,0.1708728013576298,6,0.6099290780141844,Urdu,iter_A
Afan_39,Afan,39,0.2993590719768483,6.1,0.6533333333333333,Urdu,iter_A
Afan_4,Afan,4,0.18788766998753753,8.5,0.6816524908869988,Urdu,iter_A
Afan_40,Afan,40,0.3050011355985773,5.1,0.5397923875432526,Urdu,iter_A
Afan_41,Afan,41,0.2449639517026711,5.8,0.5718232044198895,Urdu,iter_A
Afan_42,Afan,42,0.24567585525280927,3.5,0.7232142857142857,Urdu,iter_A
Afan_43,Afan,43,0.19057567052182475,5.8,0.5112781954887218,Urdu,iter_A
Afan_44,Afan,44,0.25839334316461954,7.6,0.5971563981042654,Urdu,iter_A
Afan_45,Afan,45,0.33433064830707954,4.6,0.5753424657534246,Urdu,iter_A
Afan_46,Afan,46,0.19914746281155937,6,0.6588785046728972,Urdu,iter_A
Afan_47,Afan,47,0.2882546134430652,6.3,0.5763888888888888,Urdu,iter_A
Afan_48,Afan,48,0.2519965834912847,6.4,0.6473029045643154,Urdu,iter_A
Afan_49,Afan,49,0.29197511218162225,5.7,0.5640326975476839,Urdu,iter_A
Afan_5,Afan,5,0.2723163974567684,6.8,0.5465587044534413,Urdu,iter_A
Afan_50,Afan,50,0.2850799487663709,6.5,0.5600858369098712,Urdu,iter_A
Afan_51,Afan,51,0.21688328611880534,6.4,0.6115879828326181,Urdu,iter_A
Afan_52,Afan,52,0.229508590542425,6.5,0.5476190476190477,Urdu,iter_A
Afan_53,Afan,53,0.29334614119628705,7.1,0.5697674418604651,Urdu,iter_A
Afan_54,Afan,54,0.2339833909505754,7.1,0.5736137667304015,Urdu,iter_A
Afan_55,Afan,55,0.21453266871827428,7.5,0.6140625,Urdu,iter_A
Afan_56,Afan,56,0.26577348219748287,5.9,0.5335051546391752,Urdu,iter_A
Afan_57,Afan,57,0.29862611384147386,5.6,0.5772357723577236,Urdu,iter_A
Afan_58,Afan,58,0.24601532246281424,4.7,0.458955223880597,Urdu,iter_A
Afan_59,Afan,59,0.2961659453490395,5.6,0.552870090634441,Urdu,iter_A
Afan_6,Afan,6,0.302374419618708,5,0.4942528735632184,Urdu,iter_A
Afan_60,Afan,60,0.27349334893808014,6.3,0.555,Urdu,iter_A
Afan_61,Afan,61,0.2996786465198934,6.7,0.6974169741697417,Urdu,iter_A
Afan_62,Afan,62,0.31223222918555615,5.7,0.49122807017543857,Urdu,iter_A
Afan_63,Afan,63,0.28728222022219907,6.9,0.5669291338582677,Urdu,iter_A
Afan_64,Afan,64,0.23233121990488692,7.1,0.5435540069686411,Urdu,iter_A
Afan_65,Afan,65,0.2585068012314106,6.2,0.5448577680525164,Urdu,iter_A
Afan_66,Afan,66,0.28032300110557623,7.1,0.6055555555555555,Urdu,iter_A
Afan_67,Afan,67,0.2869394652521818,6.1,0.5493975903614458,Urdu,iter_A
Afan_68,Afan,68,0.24042128058591966,3.5,0.42857142857142855,Urdu,iter_A
Afan_69,Afan,69,0.2657504547458189,7.3,0.6629032258064517,Urdu,iter_A
Afan_7,Afan,7,0.26435096703241867,7.6,0.605,Urdu,iter_A
Afan_70,Afan,70,0.2653026552058942,5.3,0.5562913907284768,Urdu,iter_A
Afan_71,Afan,71,0.2903357588160312,6.3,0.6400862068965517,Urdu,iter_A
Afan_72,Afan,72,0.28918898866182585,6.5,0.5690866510538641,Urdu,iter_A
Afan_73,Afan,73,0.2587821206877596,6,0.4603960396039604,Urdu,iter_A
Afan_74,Afan,74,0.3497531089459503,5.7,0.5798319327731093,Urdu,iter_A
Afan_75,Afan,75,0.300416882690714,4.8,0.5073529411764706,Urdu,iter_A
Afan_76,Afan,76,0.22407403524360328,5.3,0.5375722543352601,Urdu,iter_A
Afan_77,Afan,77,0.2559275018411389,5.8,0.5207253886010362,Urdu,iter_A
Afan_78,Afan,78,0.22689291806069908,4.9,0.5423076923076923,Urdu,iter_A
Afan_79,Afan,79,0.2846317983961733,6.2,0.5518867924528302,Urdu,iter_A
Afan_8,Afan,8,0.3030591497072217,5,0.4791666666666667,Urdu,iter_A
Afan_80,Afan,80,0.28216068165504804,6.5,0.6185567010309279,Urdu,iter_A
Afan_81,Afan,81,0.2626475025857087,6.9,0.5808170515097691,Urdu,iter_A
Afan_82,Afan,82,0.27776575422872346,6.7,0.5494736842105263,Urdu,iter_A
Afan_83,Afan,83,0.2927951904735265,4.6,0.5869565217391305,Urdu,iter_A
Afan_84,Afan,84,0.2390920081867588,6,0.6,Urdu,iter_A
Afan_85,Afan,85,0.20927392757450677,7.3,0.6262626262626263,Urdu,iter_A
Afan_86,Afan,86,0.24820378033281848,4.6,0.5238095238095238,Urdu,iter_A
Afan_87,Afan,87,0.25679440464619296,4.5,0.584070796460177,Urdu,iter_A
Afan_88,Afan,88,0.2834363837643899,6,0.559322033898305,Urdu,iter_A
Afan_89,Afan,89,0.26801373450625643,5.5,0.5865921787709497,Urdu,iter_A
Afan_9,Afan,9,0.30699576206239454,5.9,0.5769230769230769,Urdu,iter_A
Afan_90,Afan,90,0.27454531807792,7.4,0.5980066445182725,Urdu,iter_A
Afan_91,Afan,91,0.2159475533847158,4.8,0.5591397849462365,Urdu,iter_A
Afan_92,Afan,92,0.17911289857817014,7.3,0.5390625,Urdu,iter_A
Afan_93,Afan,93,0.24292111663726204,5.2,0.5305466237942122,Urdu,iter_A
Afan_94,Afan,94,0.2723281284084871,6.6,0.6312625250501002,Urdu,iter_A
Afan_95,Afan,95,0.25382262669235356,6.3,0.5253456221198156,Urdu,iter_A
Afan_96,Afan,96,0.28629942182257273,7.1,0.5783132530120482,Urdu,iter_A
Afan_97,Afan,97,0.2597328537473346,6.9,0.5160680529300568,Urdu,iter_A
Afan_98,Afan,98,0.23480618894245503,5.1,0.5078369905956113,Urdu,iter_A
Afan_99,Afan,99,0.3119776400701688,4.7,0.430327868852459,Urdu,iter_A
Atte_1,Atte,1,0.1412151256777438,9.2,0.5418994413407822,Finnish,iter_A
Atte_10,Atte,10,0.12707767525603506,8.4,0.495114006514658,Finnish,iter_A
Atte_100,Atte,100,0.13611915555830895,12.1,0.7221873035826524,Finnish,iter_A
Atte_11,Atte,11,0.18531459502713526,8.3,0.5236363636363637,Finnish,iter_A
Atte_12,Atte,12,0.13662381868396947,8.2,0.5815602836879432,Finnish,iter_A
Atte_13,Atte,13,0.13665660067356486,5.7,0.4539877300613497,Finnish,iter_A
Atte_14,Atte,14,0.2253075719040424,7.7,0.5240174672489083,Finnish,iter_A
Atte_15,Atte,15,0.21135042702975926,8,0.5332480818414322,Finnish,iter_A
Atte_16,Atte,16,0.17623886586357634,11.1,0.6511805026656512,Finnish,iter_A
Atte_17,Atte,17,0.16754371395841033,7.9,0.5914948453608248,Finnish,iter_A
Atte_18,Atte,18,0.17671888609972664,9.9,0.7166095890410958,Finnish,iter_A
Atte_19,Atte,19,0.13927693793805626,9.2,0.5359168241965974,Finnish,iter_A
Atte_2,Atte,2,0.18295648328219033,7.5,0.5950413223140496,Finnish,iter_A
Atte_20,Atte,20,0.22100429086596315,7.8,0.5041322314049587,Finnish,iter_A
Atte_21,Atte,21,0.17312859912596648,10.4,0.6203473945409429,Finnish,iter_A
Atte_22,Atte,22,0.23352076574692127,7,0.5239567233384853,Finnish,iter_A
Atte_23,Atte,23,0.21494874648304124,9.2,0.6068821689259646,Finnish,iter_A
Atte_24,Atte,24,0.10806524737131366,9.2,0.5112634671890304,Finnish,iter_A
Atte_25,Atte,25,0.16850572104749859,6.9,0.3673469387755102,Finnish,iter_A
Atte_26,Atte,26,0.14548817054490196,10,0.5841161400512382,Finnish,iter_A
Atte_27,Atte,27,0.1613737510927373,10.3,0.6400329489291599,Finnish,iter_A
Atte_28,Atte,28,0.18472343140311903,5.5,0.647887323943662,Finnish,iter_A
Atte_29,Atte,29,0.1855612574089887,7.3,0.5244444444444445,Finnish,iter_A
Atte_3,Atte,3,0.1828153449202797,10.3,0.6744379683597003,Finnish,iter_A
Atte_30,Atte,30,0.1717637353122349,8.3,0.5269804822043628,Finnish,iter_A
Atte_31,Atte,31,0.16001302835106898,10.3,0.5628318584070796,Finnish,iter_A
Atte_32,Atte,32,0.15998020598058338,9.7,0.6576492537313433,Finnish,iter_A
Atte_33,Atte,33,0.20668039678976272,6.8,0.5048076923076923,Finnish,iter_A
Atte_34,Atte,34,0.15090410646945268,7.9,0.5377720870678617,Finnish,iter_A
Atte_35,Atte,35,0.17505938843002164,7.3,0.4647887323943662,Finnish,iter_A
Atte_36,Atte,36,0.1969334408302904,6.4,0.5806451612903226,Finnish,iter_A
Atte_37,Atte,37,0.09616337357601255,8.2,0.5826859045504994,Finnish,iter_A
Atte_38,Atte,38,0.15718020683007408,8.4,0.6188340807174888,Finnish,iter_A
Atte_39,Atte,39,0.14318896138657286,10.2,0.5862632869991823,Finnish,iter_A
Atte_4,Atte,4,0.1795678506380182,8.6,0.5406593406593406,Finnish,iter_A
Atte_40,Atte,40,0.19354124301662548,7.2,0.549618320610687,Finnish,iter_A
Atte_41,Atte,41,0.19793653002471656,10.2,0.6984536082474226,Finnish,iter_A
Atte_42,Atte,42,0.17287029317467828,9.3,0.622093023255814,Finnish,iter_A
Atte_43,Atte,43,0.21006421105851397,8.7,0.5524475524475524,Finnish,iter_A
Atte_44,Atte,44,0.12753616493277023,5.9,0.5505154639175258,Finnish,iter_A
Atte_45,Atte,45,0.19261608496081645,6.9,0.5308441558441559,Finnish,iter_A
Atte_46,Atte,46,0.18091492815481558,7.9,0.5444444444444444,Finnish,iter_A
Atte_47,Atte,47,0.10974149200534787,8.5,0.5720338983050848,Finnish,iter_A
Atte_48,Atte,48,0.17293595490312313,7.6,0.5518672199170125,Finnish,iter_A
Atte_49,Atte,49,0.1671765261595107,9.1,0.5205338809034907,Finnish,iter_A
Atte_5,Atte,5,0.12516319990635585,8.4,0.4464487034949267,Finnish,iter_A
Atte_50,Atte,50,0.18480140844252035,10.5,0.6478405315614618,Finnish,iter_A
Atte_51,Atte,51,0.18087895076146304,9.2,0.5975609756097561,Finnish,iter_A
Atte_52,Atte,52,0.18594432319330545,7.8,0.6174334140435835,Finnish,iter_A
Atte_53,Atte,53,0.20941242889877865,7.1,0.49038461538461536,Finnish,iter_A
Atte_54,Atte,54,0.16170675072635118,11.6,0.6545454545454545,Finnish,iter_A
Atte_55,Atte,55,0.2472275093282182,8.9,0.6977491961414791,Finnish,iter_A
Atte_56,Atte,56,0.14838304508148348,8.4,0.6094276094276094,Finnish,iter_A
Atte_57,Atte,57,0.10882874896939979,8.8,0.565625,Finnish,iter_A
Atte_58,Atte,58,0.13883277266171715,8.5,0.5466816647919011,Finnish,iter_A
Atte_59,Atte,59,0.19566939762761335,9,0.6213389121338913,Finnish,iter_A
Atte_6,Atte,6,0.13630776141973872,10.7,0.5662172878667724,Finnish,iter_A
Atte_60,Atte,60,0.16783755851536772,8.1,0.5178791615289766,Finnish,iter_A
Atte_61,Atte,61,0.1910541331977768,10.2,0.625974025974026,Finnish,iter_A
Atte_62,Atte,62,0.12027673120881402,8.1,0.42704626334519574,Finnish,iter_A
Atte_63,Atte,63,0.11546647844745049,8.5,0.48509174311926606,Finnish,iter_A
Atte_64,Atte,64,0.22282274644185543,7,0.5152487961476726,Finnish,iter_A
Atte_65,Atte,65,0.15113820900906183,8.6,0.5662148070907195,Finnish,iter_A
Atte_66,Atte,66,0.1462092811545501,8.6,0.5502762430939226,Finnish,iter_A
Atte_67,Atte,67,0.20235578599626208,9.4,0.6169590643274854,Finnish,iter_A
Atte_68,Atte,68,0.18254633815809315,7.9,0.5705521472392638,Finnish,iter_A
Atte_69,Atte,69,0.15130016668551152,8.9,0.5133196721311475,Finnish,iter_A
Atte_7,Atte,7,0.1338083615562821,7.8,0.5992317541613317,Finnish,iter_A
Atte_70,Atte,70,0.16117852596499305,7.9,0.4492753623188406,Finnish,iter_A
Atte_71,Atte,71,0.14791457173917338,10.5,0.6079077429983526,Finnish,iter_A
Atte_72,Atte,72,0.20391933881469906,6.9,0.48929159802306427,Finnish,iter_A
Atte_73,Atte,73,0.1398236170219318,7.3,0.4495677233429395,Finnish,iter_A
Atte_74,Atte,74,0.16911374377822205,10.2,0.6214833759590793,Finnish,iter_A
Atte_75,Atte,75,0.1879610389188673,9.8,0.6252236135957067,Finnish,iter_A
Atte_76,Atte,76,0.20460033856807558,7.2,0.49923664122137407,Finnish,iter_A
Atte_77,Atte,77,0.11729127446725413,7.7,0.46875,Finnish,iter_A
Atte_78,Atte,78,0.17721805021336481,9.5,0.5718475073313783,Finnish,iter_A
Atte_79,Atte,79,0.2263251583869853,8.4,0.66130884041331806,Finnish,iter_A
Atte_8,Atte,8,0.22299400125020327,10,0.706989247311828,Finnish,iter_A
Atte_80,Atte,80,0.18078536272000503,10.6,0.6656101426307448,Finnish,iter_A
Atte_81,Atte,81,0.1584286181887042,8.7,0.5211726384364821,Finnish,iter_A
Atte_82,Atte,82,0.11871186306884945,11.7,0.6363636363636364,Finnish,iter_A
Atte_83,Atte,83,0.19970283367585762,11.1,0.6885998469778117,Finnish,iter_A
Atte_84,Atte,84,0.19123887406162554,8.4,0.608440797186401,Finnish,iter_A
Atte_85,Atte,85,0.19959523858449338,7,0.5794392523364486,Finnish,iter_A
Atte_86,Atte,86,0.1650876839911774,10.5,0.6069651741293532,Finnish,iter_A
Atte_87,Atte,87,0.1626194344474965,8.2,0.5229007633587787,Finnish,iter_A
Atte_88,Atte,88,0.1503578283686199,6.8,0.4368,Finnish,iter_A
Atte_89,Atte,89,0.15715590479214142,8.7,0.5384615384615384,Finnish,iter_A
Atte_9,Atte,9,0.20222668713496342,8.5,0.6229116945107399,Finnish,iter_A
Atte_90,Atte,90,0.10702204538624324,7.3,0.46983311938382544,Finnish,iter_A
Atte_91,Atte,91,0.2027301655389064,8.3,0.5347985347985348,Finnish,iter_A
Atte_92,Atte,92,0.1810379235677054,10.8,0.7004716981132075,Finnish,iter_A
Atte_93,Atte,93,0.17173939669828017,9,0.5739957716701902,Finnish,iter_A
Atte_94,Atte,94,0.19427633220172455,8.4,0.5873893805309734,Finnish,iter_A
Atte_95,Atte,95,0.1886552630785643,7.5,0.5825242718446602,Finnish,iter_A
Atte_96,Atte,96,0.14970933887664273,9.9,0.5761245674740484,Finnish,iter_A
Atte_97,Atte,97,0.1824130924174417,8,0.5479274611398963,Finnish,iter_A
Atte_98,Atte,98,0.20879278837651283,8.8,0.5541619156214367,Finnish,iter_A
Atte_99,Atte,99,0.21364632088853083,9.2,0.6703741152679474,Finnish,iter_A
Basile_1,Basile,1,0.18120242986582097,12.7,0.7491017964071857,French,iter_A
Basile_10,Basile,10,0.17055097253175464,12.5,0.7245841035120147,French,iter_A
Basile_100,Basile,100,0.17257640344023406,13.6,0.7761904761904762,French,iter_A
Basile_11,Basile,11,0.1995504393829985,13,0.761168384879725,French,iter_A
Basile_12,Basile,12,0.1790603312655302,13,0.7517123287671232,French,iter_A
Basile_13,Basile,13,0.17165801653446458,13.3,0.7664113785557987,French,iter_A
Basile_14,Basile,14,0.17920629330422846,12.7,0.7423606950269622,French,iter_A
Basile_15,Basile,15,0.18449941665311073,12.8,0.7403282532239156,French,iter_A
Basile_16,Basile,16,0.17655226434057178,12.5,0.7347316471314004,French,iter_A
Basile_17,Basile,17,0.18108032566946866,12.6,0.7472989195678271,French,iter_A
Basile_18,Basile,18,0.20188476558287194,12.9,0.7583382094792276,French,iter_A
Basile_19,Basile,19,0.16387707664023024,13.3,0.7487738419618528,French,iter_A
Basile_2,Basile,2,0.16217663143749145,12.2,0.7165304839723444,French,iter_A
Basile_20,Basile,20,0.17802613351436147,14.5,0.8159655831739961,French,iter_A
Basile_21,Basile,21,0.18605054861528525,13,0.7508854781582054,French,iter_A
Basile_22,Basile,22,0.17509706545667247,12.2,0.6782273603082851,French,iter_A
Basile_23,Basile,23,0.1856108381715086,13,0.7474518686296716,French,iter_A
Basile_24,Basile,24,0.17985886119186292,13.2,0.7596207473508088,French,iter_A
Basile_25,Basile,25,0.18289115448277005,13.1,0.7349051178838413,French,iter_A
Basile_26,Basile,26,0.1740396062392305,13.6,0.7707889125799574,French,iter_A
Basile_27,Basile,27,0.1860136979041419,13.6,0.8034006376195537,French,iter_A
Basile_28,Basile,28,0.178367045107867,13.2,0.7537942664418212,French,iter_A
Basile_29,Basile,29,0.16569429850085413,13.7,0.7956656346749226,French,iter_A
Basile_3,Basile,3,0.1760543096244877,12.7,0.7262602579132473,French,iter_A
Basile_30,Basile,30,0.18383949882926928,11.1,0.6721433905899925,French,iter_A
Basile_31,Basile,31,0.1935167919134169,12.4,0.7368090452261307,French,iter_A
Basile_32,Basile,32,0.17875326562690627,14.3,0.805992141453831,French,iter_A
Basile_33,Basile,33,0.18272451434219075,13.6,0.784957627118644,French,iter_A
Basile_34,Basile,34,0.17440142808772144,13.2,0.7491620111731844,French,iter_A
Basile_35,Basile,35,0.17421236866365988,13.4,0.7808441558441559,French,iter_A
Basile_36,Basile,36,0.1815885062727272,12.9,0.7526564344746163,French,iter_A
Basile_37,Basile,37,0.18025262500524508,13.9,0.7716081718177056,French,iter_A
Basile_38,Basile,38,0.179909543911691,12.1,0.7125748502994012,French,iter_A
Basile_39,Basile,39,0.16968752838682216,12.8,0.7356188262638002,French,iter_A
Basile_4,Basile,4,0.16893825024005485,15.6,0.8346723044397463,French,iter_A
Basile_40,Basile,40,0.17798989534519236,12.2,0.6993051168667088,French,iter_A
Basile_41,Basile,41,0.1729413636856009,12.7,0.726148409893993,French,iter_A
Basile_42,Basile,42,0.1877984005351882,11.9,0.6937119675456389,French,iter_A
Basile_43,Basile,43,0.19234361590575763,10.5,0.6236905721192587,French,iter_A
Basile_44,Basile,44,0.19968425564106046,11.6,0.705137227304715,French,iter_A
Basile_45,Basile,45,0.1728914155439899,15.1,0.821991888237945,French,iter_A
Basile_46,Basile,46,0.17892030674581724,15.9,0.8610086100861009,French,iter_A
Basile_47,Basile,47,0.18697630464911422,15.1,0.8383928571428572,French,iter_A
Basile_48,Basile,48,0.17346171738222996,16,0.8559287737757992,French,iter_A
Basile_49,Basile,49,0.16713238450338436,13.8,0.7767441860465116,French,iter_A
Basile_5,Basile,5,0.17317079736693286,13.2,0.7504196978175713,French,iter_A
Basile_50,Basile,50,0.18986015075064783,11.6,0.6599162011173184,French,iter_A
Basile_51,Basile,51,0.18640930644352335,12.7,0.7459653317393903,French,iter_A
Basile_52,Basile,52,0.18275107889310668,13.2,0.7658862876254181,French,iter_A
Basile_53,Basile,53,0.18054511737715437,14,0.7919395465994962,French,iter_A
Basile_54,Basile,54,0.15924847968104983,12.2,0.7166666666666667,French,iter_A
Basile_55,Basile,55,0.17089485393010248,15.2,0.8424295774647887,French,iter_A
Basile_56,Basile,56,0.1958411603404608,8.8,0.5910543130990416,French,iter_A
Basile_57,Basile,57,0.1645728226989823,12.8,0.753935860058309,French,iter_A
Basile_58,Basile,58,0.1760579670650793,12.6,0.7223230490018149,French,iter_A
Basile_59,Basile,59,0.17734488913372032,12.7,0.7306073361395069,French,iter_A
Basile_6,Basile,6,0.1732525528214364,13.8,0.781591263650546,French,iter_A
Basile_60,Basile,60,0.17260747715598146,13.3,0.7520661157024794,French,iter_A
Basile_61,Basile,61,0.1789236093975681,14.2,0.8087727944800395,French,iter_A
Basile_62,Basile,62,0.17410353953362329,13.9,0.7991803278688525,French,iter_A
Basile_63,Basile,63,0.17240023538961088,15.8,0.8310387984981227,French,iter_A
Basile_64,Basile,64,0.16336711873142457,14.4,0.8084696823869105,French,iter_A
Basile_65,Basile,65,0.18793751867057418,11.4,0.6706884315117104,French,iter_A
Basile_66,Basile,66,0.1852027360485418,15.6,0.8476595744680852,French,iter_A
Basile_67,Basile,67,0.17388811452607128,15.7,0.8654801324503312,French,iter_A
Basile_68,Basile,68,0.17122858475474467,13.2,0.7533185840707964,French,iter_A
Basile_69,Basile,69,0.178020243909054,13.9,0.7915157785825142,French,iter_A
Basile_7,Basile,7,0.17536870054766193,13.5,0.7723404255319148,French,iter_A
Basile_70,Basile,70,0.1801826379942674,11.2,0.6924746743849494,French,iter_A
Basile_71,Basile,71,0.20369669879220356,13.1,0.7756849315068494,French,iter_A
Basile_72,Basile,72,0.17706352862034574,14.4,0.7840078010726474,French,iter_A
Basile_73,Basile,73,0.18192687239345579,12.3,0.7339622641509433,French,iter_A
Basile_74,Basile,74,0.1778411516006494,13.7,0.780564263322884,French,iter_A
Basile_75,Basile,75,0.1757489616039111,12.5,0.7229357798165138,French,iter_A
Basile_76,Basile,76,0.19403604361036159,15,0.8577199281867145,French,iter_A
Basile_77,Basile,77,0.1695149120310598,14.5,0.8064363464268812,French,iter_A
Basile_78,Basile,78,0.16877473729638354,14.9,0.8284291534631055,French,iter_A
Basile_79,Basile,79,0.19207617142160396,11.9,0.7125748502994012,French,iter_A
Basile_8,Basile,8,0.18605661163194914,13.9,0.7708442579968537,French,iter_A
Basile_80,Basile,80,0.1737754367009505,12.3,0.7245841035120147,French,iter_A
Basile_81,Basile,81,0.18088662520947396,12.5,0.715527950310559,French,iter_A
Basile_82,Basile,82,0.18851318401513056,14.7,0.8411214953271028,French,iter_A
Basile_83,Basile,83,0.16452197766533322,13.8,0.7868852459016393,French,iter_A
Basile_84,Basile,84,0.1831846239565602,12.2,0.7433290978398983,French,iter_A
Basile_85,Basile,85,0.17655048007790988,13.7,0.7894736842105263,French,iter_A
Basile_86,Basile,86,0.1741715558145248,14.7,0.7996219281663516,French,iter_A
Basile_87,Basile,87,0.1937806721683631,13.6,0.7708219923788786,French,iter_A
Basile_88,Basile,88,0.1820325863431846,14,0.7837423312883436,French,iter_A
Basile_89,Basile,89,0.16862269525672197,14.3,0.7934249263984299,French,iter_A
Basile_9,Basile,9,0.19829023875771595,10.9,0.6640502354788069,French,iter_A
Basile_90,Basile,90,0.16764707412766353,13.3,0.773095623987034,French,iter_A
Basile_91,Basile,91,0.17021818428049382,12.5,0.7245213094502779,French,iter_A
Basile_92,Basile,92,0.1828825876524921,12.6,0.7301682692307693,French,iter_A
Basile_93,Basile,93,0.17974969800695265,12.5,0.7408980582524272,French,iter_A
Basile_94,Basile,94,0.19152562985998464,12.7,0.7409855769230769,French,iter_A
Basile_95,Basile,95,0.1545185442905878,12.8,0.735361653272101,French,iter_A
Basile_96,Basile,96,0.16215136476379036,14,0.7845691382765531,French,iter_A
Basile_97,Basile,97,0.17578330434510725,14.1,0.7705002578648789,French,iter_A
Basile_98,Basile,98,0.1625615678771724,13.6,0.7627118644067796,French,iter_A
Basile_99,Basile,99,0.18096848226596823,13,0.7574171029668412,French,iter_A
Carys_1,Carys,1,0.2641999792271809,11.1,0.8602620087336245,Welsh,iter_A
Carys_10,Carys,10,0.24826117543455167,12.1,0.8960796515245799,Welsh,iter_A
Carys_100,Carys,100,0.26488480202980097,11,0.8634686346863468,Welsh,iter_A
Carys_11,Carys,11,0.26038039973231075,11.3,0.856839121190645,Welsh,iter_A
Carys_12,Carys,12,0.2567829906320275,11.4,0.8508403361344538,Welsh,iter_A
Carys_13,Carys,13,0.2594438954148859,11.3,0.8482905982905983,Welsh,iter_A
Carys_14,Carys,14,0.25223537970921645,12.1,0.8835745752045312,Welsh,iter_A
Carys_15,Carys,15,0.22857797223339302,12.7,0.8663567693201627,Welsh,iter_A
Carys_16,Carys,16,0.2629455641686975,11.2,0.8571428571428571,Welsh,iter_A
Carys_17,Carys,17,0.21064732052823718,11.1,0.85932944606414,Welsh,iter_A
Carys_18,Carys,18,0.22462700199086333,12.7,0.867595818815331,Welsh,iter_A
Carys_19,Carys,19,0.2606601558044854,11.3,0.8482905982905983,Welsh,iter_A
Carys_2,Carys,2,0.2197838685148223,13.7,0.9001520527116067,Welsh,iter_A
Carys_20,Carys,20,0.2586918473209642,11.3,0.8537970191625266,Welsh,iter_A
Carys_21,Carys,21,0.2621589058635014,11.4,0.8523442967109867,Welsh,iter_A
Carys_22,Carys,22,0.26214539680105936,11.3,0.856839121190645,Welsh,iter_A
Carys_23,Carys,23,0.2621453968010597,11.3,0.856839121190645,Welsh,iter_A
Carys_24,Carys,24,0.26132441868508666,11.3,0.8482905982905983,Welsh,iter_A
Carys_25,Carys,25,0.1984287552480405,13.5,0.9049844236760125,Welsh,iter_A
Carys_26,Carys,26,0.22660566231301926,12.6,0.8619469026548673,Welsh,iter_A
Carys_27,Carys,27,0.2612516439877125,11.2,0.8434782608695652,Welsh,iter_A
Carys_28,Carys,28,0.2618213445294657,11.1,0.8451944240645635,Welsh,iter_A
Carys_29,Carys,29,0.24616385200353705,12.2,0.8818069306930693,Welsh,iter_A
Carys_3,Carys,3,0.2621589058635011,11.4,0.8523442967109867,Welsh,iter_A
Carys_30,Carys,30,0.25814292238919373,12.1,0.8979464841319228,Welsh,iter_A
Carys_31,Carys,31,0.26452442680737004,11.1,0.8618181818181818,Welsh,iter_A
Carys_32,Carys,32,0.23949545926739474,12.5,0.8870967741935484,Welsh,iter_A
Carys_33,Carys,33,0.25944389541488583,11.3,0.8583569405099151,Welsh,iter_A
Carys_34,Carys,34,0.23984614459406806,12.5,0.8870967741935484,Welsh,iter_A
Carys_35,Carys,35,0.2450095485410676,12.4,0.8900302114803625,Welsh,iter_A
Carys_36,Carys,36,0.2629455641686976,11.2,0.8571428571428571,Welsh,iter_A
Carys_37,Carys,37,0.19842875524804032,13.5,0.9147286821705426,Welsh,iter_A
Carys_38,Carys,38,0.19771949079443502,13.5,0.9139175257731958,Welsh,iter_A
Carys_39,Carys,39,0.25608677093102417,11.5,0.8407510431154381,Welsh,iter_A
Carys_4,Carys,4,0.22305448163022265,12.8,0.8642898217366303,Welsh,iter_A
Carys_40,Carys,40,0.26074188183517627,11.1,0.8587035688273853,Welsh,iter_A
Carys_41,Carys,41,0.256129565564708,12.1,0.8960796515245799,Welsh,iter_A
Carys_42,Carys,42,0.2586931704656878,11.3,0.8583569405099151,Welsh,iter_A
Carys_43,Carys,43,0.257785878504873,11.4,0.8508403361344538,Welsh,iter_A
Carys_44,Carys,44,0.24500954854106796,12.4,0.8900302114803625,Welsh,iter_A
Carys_45,Carys,45,0.22531889089756874,12.7,0.8556399766218585,Welsh,iter_A
Carys_46,Carys,46,0.2577858785048732,11.4,0.8408450704225352,Welsh,iter_A
Carys_47,Carys,47,0.2483371452880177,12.3,0.8906536346976176,Welsh,iter_A
Carys_48,Carys,48,0.2631707502701171,10.9,0.8529411764705882,Welsh,iter_A
Carys_49,Carys,49,0.22380520657942063,12.8,0.8642898217366303,Welsh,iter_A
Carys_5,Carys,5,0.2528599344308355,12.3,0.8892270237370663,Welsh,iter_A
Carys_50,Carys,50,0.21393786650118723,12.4,0.8850987432675045,Welsh,iter_A
Carys_51,Carys,51,0.25855025899752776,11.3,0.8537970191625266,Welsh,iter_A
Carys_52,Carys,52,0.24997522719423573,12.2,0.8929889298892989,Welsh,iter_A
Carys_53,Carys,53,0.2569817529690614,11.4,0.8508403361344538,Welsh,iter_A
Carys_54,Carys,54,0.2643213630138114,11.2,0.8556034482758621,Welsh,iter_A
Carys_55,Carys,55,0.2609915782096594,11.4,0.8523442967109867,Welsh,iter_A
Carys_56,Carys,56,0.2534242904563651,12.1,0.898125,Welsh,iter_A
Carys_57,Carys,57,0.25836202207196557,11.3,0.8583569405099151,Welsh,iter_A
Carys_58,Carys,58,0.2643213630138115,11.2,0.8556034482758621,Welsh,iter_A
Carys_59,Carys,59,0.2114565552089955,12.3,0.8872727272727273,Welsh,iter_A
Carys_6,Carys,6,0.253424290456365,12.1,0.898125,Welsh,iter_A
Carys_60,Carys,60,0.26008431633387025,11.2,0.8434782608695652,Welsh,iter_A
Carys_61,Carys,61,0.24229526948791452,12.4,0.8784933171324423,Welsh,iter_A
Carys_62,Carys,62,0.25685161765497805,11.4,0.8408450704225352,Welsh,iter_A
Carys_63,Carys,63,0.2607418818351764,11.1,0.8467741935483871,Welsh,iter_A
Carys_64,Carys,64,0.2595860746708237,11.3,0.8537970191625266,Welsh,iter_A
Carys_65,Carys,65,0.20817514051706013,12.6,0.8782201405152225,Welsh,iter_A
Carys_66,Carys,66,0.22906933088504594,12.6,0.8707403055229143,Welsh,iter_A
Carys_67,Carys,67,0.24944657973519926,12.3,0.8802946593001841,Welsh,iter_A
Carys_68,Carys,68,0.25441551380502403,12.1,0.8960796515245799,Welsh,iter_A
Carys_69,Carys,69,0.2650112512540864,11.2,0.8617478510028653,Welsh,iter_A
Carys_7,Carys,7,0.2534242904563649,12.1,0.898125,Welsh,iter_A
Carys_70,Carys,70,0.24908389686028973,12.2,0.8944444444444445,Welsh,iter_A
Carys_71,Carys,71,0.22290774179731904,12.8,0.8642898217366303,Welsh,iter_A
Carys_72,Carys,72,0.2290693308850461,12.6,0.8707403055229143,Welsh,iter_A
Carys_73,Carys,73,0.2623090901584829,11.2,0.8571428571428571,Welsh,iter_A
Carys_74,Carys,74,0.2475057634280013,12.2,0.8903940886699507,Welsh,iter_A
Carys_75,Carys,75,0.2645244268073699,11.1,0.8618181818181818,Welsh,iter_A
Carys_76,Carys,76,0.24997522719423554,12.2,0.8929889298892989,Welsh,iter_A
Carys_77,Carys,77,0.2549449014568382,11.5,0.8407510431154381,Welsh,iter_A
Carys_78,Carys,78,0.22531889089756882,12.7,0.8651162790697674,Welsh,iter_A
Carys_79,Carys,79,0.20888710807014027,12.5,0.8792184724689165,Welsh,iter_A
Carys_8,Carys,8,0.23948515146236363,12.5,0.8774774774774775,Welsh,iter_A
Carys_80,Carys,80,0.22462700199086308,12.7,0.867595818815331,Welsh,iter_A
Carys_81,Carys,81,0.24935986130185644,12.1,0.886662492172824,Welsh,iter_A
Carys_82,Carys,82,0.25698175296906156,11.4,0.8408450704225352,Welsh,iter_A
Carys_83,Carys,83,0.21393786650118699,12.4,0.8850987432675045,Welsh,iter_A
Carys_84,Carys,84,0.2659871310010525,11.1,0.8499267935578331,Welsh,iter_A
Carys_85,Carys,85,0.22762807712668068,12.6,0.857396449704142,Welsh,iter_A
Carys_86,Carys,86,0.2592367492824474,11.2,0.8552915766738661,Welsh,iter_A
Carys_87,Carys,87,0.2124972197556061,12.3,0.8736263736263736,Welsh,iter_A
Carys_88,Carys,88,0.2601431959824769,11.3,0.856839121190645,Welsh,iter_A
Carys_89,Carys,89,0.24997522719423565,12.2,0.8929889298892989,Welsh,iter_A
Carys_9,Carys,9,0.2543143027270203,11.5,0.8506224066390041,Welsh,iter_A
Carys_90,Carys,90,0.20843049488420975,13.9,0.8887218045112782,Welsh,iter_A
Carys_91,Carys,91,0.2595068374921387,11.2,0.8552915766738661,Welsh,iter_A
Carys_92,Carys,92,0.26066015580448515,11.3,0.8482905982905983,Welsh,iter_A
Carys_93,Carys,93,0.25214678264571894,12.3,0.8913971934106162,Welsh,iter_A
Carys_94,Carys,94,0.25983921286759054,11.1,0.8514996342355523,Welsh,iter_A
Carys_95,Carys,95,0.2633584082841879,11.1,0.8618181818181818,Welsh,iter_A
Carys_96,Carys,96,0.26419997922718114,11.1,0.8602620087336245,Welsh,iter_A
Carys_97,Carys,97,0.2588052762540392,11.4,0.8408450704225352,Welsh,iter_A
Carys_98,Carys,98,0.2610141384586207,11.2,0.8602150537634409,Welsh,iter_A
Carys_99,Carys,99,0.2606656597567704,11.2,0.8602150537634409,Welsh,iter_A
Eelis_1,Eelis,1,0.2571302570807495,5,0.41379310344827586,Finnish,iter_A
Eelis_10,Eelis,10,0.34224509792603575,3.7,0.3630573248407643,Finnish,iter_A
Eelis_100,Eelis,100,0.22991694964759754,5.2,0.4807692307692308,Finnish,iter_A
Eelis_11,Eelis,11,0.23472890315011097,5.1,0.42857142857142855,Finnish,iter_A
Eelis_12,Eelis,12,0.21640851773530645,6.4,0.5232558139534884,Finnish,iter_A
Eelis_13,Eelis,13,0.31146567174531214,4.9,0.5353159851301115,Finnish,iter_A
Eelis_14,Eelis,14,0.22481087516175716,6.1,0.38498789346246975,Finnish,iter_A
Eelis_15,Eelis,15,0.24769693589513,6.3,0.4987593052109181,Finnish,iter_A
Eelis_16,Eelis,16,0.29322502434040276,5.9,0.532258064516129,Finnish,iter_A
Eelis_17,Eelis,17,0.22087667050454804,6.4,0.5235294117647059,Finnish,iter_A
Eelis_18,Eelis,18,0.24749894623507201,5.3,0.45180722891566266,Finnish,iter_A
Eelis_19,Eelis,19,0.21830560720100664,7,0.6101694915254238,Finnish,iter_A
Eelis_2,Eelis,2,0.23396195849740817,6.6,0.6023622047244095,Finnish,iter_A
Eelis_20,Eelis,20,0.25482290569518934,5.9,0.538083538083538,Finnish,iter_A
Eelis_21,Eelis,21,0.20766660024978192,6,0.5223880597014925,Finnish,iter_A
Eelis_22,Eelis,22,0.23834988337219087,5.2,0.42857142857142855,Finnish,iter_A
Eelis_23,Eelis,23,0.24203677763589473,4.5,0.35080645161290325,Finnish,iter_A
Eelis_24,Eelis,24,0.24060943862531667,5.4,0.4788273615635179,Finnish,iter_A
Eelis_25,Eelis,25,0.2555664837242591,5.3,0.488135593220339,Finnish,iter_A
Eelis_26,Eelis,26,0.2598373837753603,5.4,0.4864864864864865,Finnish,iter_A
Eelis_27,Eelis,27,0.2587499183762773,5.5,0.4857142857142857,Finnish,iter_A
Eelis_28,Eelis,28,0.23156671300704468,4.8,0.43788819875776397,Finnish,iter_A
Eelis_29,Eelis,29,0.2680644388435807,5.4,0.4177215189873418,Finnish,iter_A
Eelis_3,Eelis,3,0.24026069949987275,6,0.5051813471502591,Finnish,iter_A
Eelis_30,Eelis,30,0.2002309708809165,7.3,0.5476575121163166,Finnish,iter_A
Eelis_31,Eelis,31,0.24155687046825178,6.5,0.5305263157894737,Finnish,iter_A
Eelis_32,Eelis,32,0.22986850547978374,6,0.5227272727272727,Finnish,iter_A
Eelis_33,Eelis,33,0.23703994609871784,6.4,0.5148741418764302,Finnish,iter_A
Eelis_34,Eelis,34,0.24178768848478116,6.9,0.5119266055045871,Finnish,iter_A
Eelis_35,Eelis,35,0.22724274433137673,5.8,0.42857142857142855,Finnish,iter_A
Eelis_36,Eelis,36,0.228375338322539,5.5,0.4012158054711246,Finnish,iter_A
Eelis_37,Eelis,37,0.23101883968566714,5.6,0.4782608695652174,Finnish,iter_A
Eelis_38,Eelis,38,0.23040937347236254,6.3,0.4920273348519362,Finnish,iter_A
Eelis_39,Eelis,39,0.21268601606347282,5,0.40384615384615385,Finnish,iter_A
Eelis_4,Eelis,4,0.3097743041468703,4.9,0.3953488372093023,Finnish,iter_A
Eelis_40,Eelis,40,0.25028223101507874,6.1,0.49635036496350365,Finnish,iter_A
Eelis_41,Eelis,41,0.265666466601239,5,0.43617021276595747,Finnish,iter_A
Eelis_42,Eelis,42,0.20356417250124564,5.5,0.42297650130548303,Finnish,iter_A
Eelis_43,Eelis,43,0.22789916379111325,5.9,0.5109489051094891,Finnish,iter_A
Eelis_44,Eelis,44,0.23096404250550423,7.1,0.5576208178438662,Finnish,iter_A
Eelis_45,Eelis,45,0.22791085270144962,6.7,0.5059523809523809,Finnish,iter_A
Eelis_46,Eelis,46,0.2404532129242682,6.5,0.5194805194805194,Finnish,iter_A
Eelis_47,Eelis,47,0.24879162589640105,5.5,0.41904761904761906,Finnish,iter_A
Eelis_48,Eelis,48,0.2593370986160776,4.5,0.4024390243902439,Finnish,iter_A
Eelis_49,Eelis,49,0.21604525987238368,5.7,0.5071633237822349,Finnish,iter_A
Eelis_5,Eelis,5,0.2511250355717675,5.6,0.4727272727272727,Finnish,iter_A
Eelis_50,Eelis,50,0.25094766655377565,6,0.5757575757575758,Finnish,iter_A
Eelis_51,Eelis,51,0.25903738851194846,5,0.4402730375426621,Finnish,iter_A
Eelis_52,Eelis,52,0.20249364672919212,5.6,0.46153846153846156,Finnish,iter_A
Eelis_53,Eelis,53,0.2537314197027749,5.5,0.4431818181818182,Finnish,iter_A
Eelis_54,Eelis,54,0.22401282841845008,5.8,0.4659400544959128,Finnish,iter_A
Eelis_55,Eelis,55,0.2345491174677946,4.8,0.42045454545454547,Finnish,iter_A
Eelis_56,Eelis,56,0.22156210054674375,5.1,0.42443729903536975,Finnish,iter_A
Eelis_57,Eelis,57,0.24811225402567968,5.5,0.4299363057324841,Finnish,iter_A
Eelis_58,Eelis,58,0.2487613950143262,5.8,0.4838709677419355,Finnish,iter_A
Eelis_59,Eelis,59,0.21658256209383941,6,0.43457943925233644,Finnish,iter_A
Eelis_6,Eelis,6,0.2674004697314893,4.9,0.47703180212014135,Finnish,iter_A
Eelis_60,Eelis,60,0.2374076875853108,4.9,0.4225352112676056,Finnish,iter_A
Eelis_61,Eelis,61,0.21896018158120592,7.3,0.5331010452961672,Finnish,iter_A
Eelis_62,Eelis,62,0.22052865707027824,5.2,0.35514018691588783,Finnish,iter_A
Eelis_63,Eelis,63,0.22833152370116333,6.8,0.5130784708249497,Finnish,iter_A
Eelis_64,Eelis,64,0.20383754952089264,5.7,0.37597911227154046,Finnish,iter_A
Eelis_65,Eelis,65,0.19133251080652425,5.1,0.3247863247863248,Finnish,iter_A
Eelis_66,Eelis,66,0.23022451860075469,6.4,0.5231788079470199,Finnish,iter_A
Eelis_67,Eelis,67,0.24195121298369515,5.3,0.5131578947368421,Finnish,iter_A
Eelis_68,Eelis,68,0.2841668675542276,5.3,0.41721854304635764,Finnish,iter_A
Eelis_69,Eelis,69,0.19320978790279214,7,0.48128342245989303,Finnish,iter_A
Eelis_7,Eelis,7,0.2578822309589958,5.6,0.48036253776435045,Finnish,iter_A
Eelis_70,Eelis,70,0.2231985013560068,5.7,0.410958904109589,Finnish,iter_A
Eelis_71,Eelis,71,0.21814529645189856,6,0.391304347826087,Finnish,iter_A
Eelis_72,Eelis,72,0.21738503444814752,6,0.46943765281173594,Finnish,iter_A
Eelis_73,Eelis,73,0.21787319830561608,5.6,0.45217391304347826,Finnish,iter_A
Eelis_74,Eelis,74,0.2704436392594263,4.8,0.575,Finnish,iter_A
Eelis_75,Eelis,75,0.3277058744140468,4,0.4692737430167598,Finnish,iter_A
Eelis_76,Eelis,76,0.2500478675250156,5.9,0.5284552845528455,Finnish,iter_A
Eelis_77,Eelis,77,0.216649043396947,5,0.4215686274509804,Finnish,iter_A
Eelis_78,Eelis,78,0.235389645461059,5.9,0.4796954314720812,Finnish,iter_A
Eelis_79,Eelis,79,0.23808250794824062,4.9,0.4673913043478261,Finnish,iter_A
Eelis_8,Eelis,8,0.1325451710652919,3.8,0.54,Finnish,iter_A
Eelis_80,Eelis,80,0.25281027386112187,5.3,0.4339622641509434,Finnish,iter_A
Eelis_81,Eelis,81,0.2540160435940182,4.6,0.4851063829787234,Finnish,iter_A
Eelis_82,Eelis,82,0.23080616767536877,4.8,0.3722627737226277,Finnish,iter_A
Eelis_83,Eelis,83,0.2497784569743783,5.7,0.543026706231454,Finnish,iter_A
Eelis_84,Eelis,84,0.23369638056275685,5.7,0.4645669291338583,Finnish,iter_A
Eelis_85,Eelis,85,0.19476981451139364,7.2,0.4619289340101523,Finnish,iter_A
Eelis_86,Eelis,86,0.29532606165434566,4.7,0.4493927125506073,Finnish,iter_A
Eelis_87,Eelis,87,0.21348647717549146,3.6,0.3986013986013986,Finnish,iter_A
Eelis_88,Eelis,88,0.287152422006983,4.4,0.43661971830985913,Finnish,iter_A
Eelis_89,Eelis,89,0.23092723090437825,4.3,0.358974358974359,Finnish,iter_A
Eelis_9,Eelis,9,0.20254496976181685,6,0.527542372881356,Finnish,iter_A
Eelis_90,Eelis,90,0.22435468071985823,5.7,0.5203252032520326,Finnish,iter_A
Eelis_91,Eelis,91,0.2381106337351318,5.9,0.5901639344262295,Finnish,iter_A
Eelis_92,Eelis,92,0.21737899577243697,6.9,0.525830258302583,Finnish,iter_A
Eelis_93,Eelis,93,0.2188510409705854,6.2,0.476303317535545,Finnish,iter_A
Eelis_94,Eelis,94,0.22614307411646795,5.2,0.39814814814814814,Finnish,iter_A
Eelis_95,Eelis,95,0.2706284752577126,5.2,0.5424354243542435,Finnish,iter_A
Eelis_96,Eelis,96,0.21542597821494472,7.3,0.5970636215334421,Finnish,iter_A
Eelis_97,Eelis,97,0.27353937094794467,5.2,0.44,Finnish,iter_A
Eelis_98,Eelis,98,0.23485043224332092,5.7,0.47181008902077154,Finnish,iter_A
Eelis_99,Eelis,99,0.2242773756335247,5.5,0.4594594594594595,Finnish,iter_A
Elen_1,Elen,1,0.23373793208103658,6.6,0.7897526501766784,Welsh,iter_A
Elen_10,Elen,10,0.20513228122436367,11.4,0.8920570264765784,Welsh,iter_A
Elen_100,Elen,100,0.2347043821965064,7.6,0.7873485868102288,Welsh,iter_A
Elen_11,Elen,11,0.24774488765910838,7,0.7971014492753623,Welsh,iter_A
Elen_12,Elen,12,0.26421206569126493,5.6,0.7481840193704601,Welsh,iter_A
Elen_13,Elen,13,0.2738489898762259,6,0.7946611909650924,Welsh,iter_A
Elen_14,Elen,14,0.20827703189366073,12,0.8892385147891756,Welsh,iter_A
Elen_15,Elen,15,0.24245031302504988,8.4,0.7754854368932039,Welsh,iter_A
Elen_16,Elen,16,0.24992251240422556,8.4,0.7741935483870968,Welsh,iter_A
Elen_17,Elen,17,0.23110885828201663,7.3,0.7877862595419848,Welsh,iter_A
Elen_18,Elen,18,0.26888507617427093,6,0.7793814432989691,Welsh,iter_A
Elen_19,Elen,19,0.2506861351743564,7.8,0.7321178120617111,Welsh,iter_A
Elen_2,Elen,2,0.28379697811487387,6.6,0.6940726577437859,Welsh,iter_A
Elen_20,Elen,20,0.23532334613388706,9,0.7901364113326338,Welsh,iter_A
Elen_21,Elen,21,0.22491625226519027,8.2,0.8347205707491082,Welsh,iter_A
Elen_22,Elen,22,0.2644685523253046,5,0.7452229299363057,Welsh,iter_A
Elen_23,Elen,23,0.23578020405462893,6.2,0.8224852071005917,Welsh,iter_A
Elen_24,Elen,24,0.21670645320317125,7.7,0.8520942408376964,Welsh,iter_A
Elen_25,Elen,25,0.2232638494549606,9,0.83125,Welsh,iter_A
Elen_26,Elen,26,0.24031987469975544,8,0.8244274809160306,Welsh,iter_A
Elen_27,Elen,27,0.31160262318672993,4.1,0.6398104265402843,Welsh,iter_A
Elen_28,Elen,28,0.26784146990799707,6.9,0.7920792079207921,Welsh,iter_A
Elen_29,Elen,29,0.24563900246859463,7,0.7815126050420168,Welsh,iter_A
Elen_3,Elen,3,0.23224303311684655,5.7,0.8079625292740047,Welsh,iter_A
Elen_30,Elen,30,0.24803929020165316,6.8,0.7892156862745098,Welsh,iter_A
Elen_31,Elen,31,0.2626133284350283,4.7,0.7452229299363057,Welsh,iter_A
Elen_32,Elen,32,0.19544697636976666,6.9,0.8720379146919431,Welsh,iter_A
Elen_33,Elen,33,0.24019056879407064,7.3,0.7635542168674698,Welsh,iter_A
Elen_34,Elen,34,0.2897910190064064,4.6,0.6619217081850534,Welsh,iter_A
Elen_35,Elen,35,0.2718980823681271,6.6,0.7389705882352942,Welsh,iter_A
Elen_36,Elen,36,0.2771382793270769,5.3,0.713903743315508,Welsh,iter_A
Elen_37,Elen,37,0.20701967239538221,5.8,0.8459869848156182,Welsh,iter_A
Elen_38,Elen,38,0.25899312362072596,8.1,0.7578125,Welsh,iter_A
Elen_39,Elen,39,0.21598103654462364,6.9,0.8411669367909238,Welsh,iter_A
Elen_4,Elen,4,0.26677538166485365,6.5,0.7243346007604563,Welsh,iter_A
Elen_40,Elen,40,0.28773889075380193,7,0.72,Welsh,iter_A
Elen_41,Elen,41,0.21308484571595862,10,0.8501291989664083,Welsh,iter_A
Elen_42,Elen,42,0.24170845073066832,7.8,0.7930574098798397,Welsh,iter_A
Elen_43,Elen,43,0.2554311467678353,8.3,0.7892813641900122,Welsh,iter_A
Elen_44,Elen,44,0.24682142969839152,5.9,0.7619047619047619,Welsh,iter_A
Elen_45,Elen,45,0.19710288992481292,10.2,0.8314798973481609,Welsh,iter_A
Elen_46,Elen,46,0.23179319153003275,6.8,0.8355704697986577,Welsh,iter_A
Elen_47,Elen,47,0.2330775693816031,9.6,0.7514792899408284,Welsh,iter_A
Elen_48,Elen,48,0.2470204141997015,8,0.8222778473091364,Welsh,iter_A
Elen_49,Elen,49,0.25127782318017605,8.5,0.7920560747663551,Welsh,iter_A
Elen_5,Elen,5,0.23025182878028347,5.9,0.7363636363636363,Welsh,iter_A
Elen_50,Elen,50,0.25229259633803836,6.5,0.8709677419354839,Welsh,iter_A
Elen_51,Elen,51,0.18867247453496475,8.4,0.8711943793911007,Welsh,iter_A
Elen_52,Elen,52,0.22935528320129503,7.6,0.7804195804195804,Welsh,iter_A
Elen_53,Elen,53,0.26282562984909835,6.1,0.8012422360248447,Welsh,iter_A
Elen_54,Elen,54,0.21994803732593218,8,0.8081321473951716,Welsh,iter_A
Elen_55,Elen,55,0.19488348173518752,7.6,0.8857142857142857,Welsh,iter_A
Elen_56,Elen,56,0.2372084444957013,6.1,0.7684426229508197,Welsh,iter_A
Elen_57,Elen,57,0.2318162232972383,8.2,0.8369565217391305,Welsh,iter_A
Elen_58,Elen,58,0.25831065229979894,6.2,0.7268993839835729,Welsh,iter_A
Elen_59,Elen,59,0.23376675800644792,9,0.8549222797927462,Welsh,iter_A
Elen_6,Elen,6,0.2417872456238812,5.4,0.7637795275590551,Welsh,iter_A
Elen_60,Elen,60,0.27044391250044214,6.2,0.718052738336714,Welsh,iter_A
Elen_61,Elen,61,0.21524730481188475,9.9,0.8783068783068783,Welsh,iter_A
Elen_62,Elen,62,0.22196497568559034,5.1,0.7562326869806094,Welsh,iter_A
Elen_63,Elen,63,0.22273679942440383,5.4,0.8300970873786407,Welsh,iter_A
Elen_64,Elen,64,0.23130340311310882,4.7,0.8108108108108109,Welsh,iter_A
Elen_65,Elen,65,0.2192761088582025,5.2,0.7903225806451613,Welsh,iter_A
Elen_66,Elen,66,0.2568738769832926,7.9,0.7559681697612732,Welsh,iter_A
Elen_67,Elen,67,0.25794871017567206,6.7,0.7416974169741697,Welsh,iter_A
Elen_68,Elen,68,0.24074253245898483,7.3,0.8533724340175953,Welsh,iter_A
Elen_69,Elen,69,0.22602397888644452,5.4,0.7443037974683544,Welsh,iter_A
Elen_7,Elen,7,0.24849794661110666,7.7,0.7866847826086957,Welsh,iter_A
Elen_70,Elen,70,0.30603971411840514,5.2,0.6276923076923077,Welsh,iter_A
Elen_71,Elen,71,0.2984513621906079,5.1,0.6867469879518072,Welsh,iter_A
Elen_72,Elen,72,0.24029452742254145,6.2,0.8081632653061225,Welsh,iter_A
Elen_73,Elen,73,0.24936788453549882,6.9,0.7914691943127962,Welsh,iter_A
Elen_74,Elen,74,0.2717844037042529,7.8,0.7156726768377254,Welsh,iter_A
Elen_75,Elen,75,0.23997333889327074,6.4,0.8372093023255814,Welsh,iter_A
Elen_76,Elen,76,0.22255375083109605,7.8,0.8247978436657682,Welsh,iter_A
Elen_77,Elen,77,0.22578409174690753,10.1,0.8343504795117699,Welsh,iter_A
Elen_78,Elen,78,0.24726947885000733,5.2,0.7734375,Welsh,iter_A
Elen_79,Elen,79,0.22908730955376677,6.4,0.8646748681898067,Welsh,iter_A
Elen_8,Elen,8,0.20656514973230516,5.6,0.8394495412844036,Welsh,iter_A
Elen_80,Elen,80,0.2703399991708648,6.5,0.7145557655954632,Welsh,iter_A
Elen_81,Elen,81,0.24534471713872008,8.3,0.7622027534418022,Welsh,iter_A
Elen_82,Elen,82,0.2564259862296786,8.1,0.7915057915057915,Welsh,iter_A
Elen_83,Elen,83,0.22217677948470624,6.6,0.7443181818181818,Welsh,iter_A
Elen_84,Elen,84,0.24511844331658408,5.1,0.75,Welsh,iter_A
Elen_85,Elen,85,0.20032258189167396,5.6,0.8123515439429929,Welsh,iter_A
Elen_86,Elen,86,0.23982153064826903,8.4,0.9223085460599334,Welsh,iter_A
Elen_87,Elen,87,0.18960690660968743,6.1,0.8528225806451613,Welsh,iter_A
Elen_88,Elen,88,0.2438858703828404,7.6,0.7416201117318436,Welsh,iter_A
Elen_89,Elen,89,0.20644569175240274,8.4,0.8656542056074766,Welsh,iter_A
Elen_9,Elen,9,0.30301585539117065,4.9,0.72,Welsh,iter_A
Elen_90,Elen,90,0.28256071781191067,5.3,0.7438692098092643,Welsh,iter_A
Elen_91,Elen,91,0.2805982904381298,3.9,0.6964285714285714,Welsh,iter_A
Elen_92,Elen,92,0.2676117514350163,7.1,0.7714285714285715,Welsh,iter_A
Elen_93,Elen,93,0.2798784787658463,5.4,0.7461928934010152,Welsh,iter_A
Elen_94,Elen,94,0.24656373070651208,5.1,0.72,Welsh,iter_A
Elen_95,Elen,95,0.2688827058472718,5.6,0.7716346153846154,Welsh,iter_A
Elen_96,Elen,96,0.2685829646245025,5.8,0.7846153846153846,Welsh,iter_A
Elen_97,Elen,97,0.2906456596247916,5.7,0.6753554502369669,Welsh,iter_A
Elen_98,Elen,98,0.2540906021584964,5.4,0.8,Welsh,iter_A
Elen_99,Elen,99,0.28863818741682157,6.2,0.75,Welsh,iter_A
Eliisa_1,Eliisa,1,0.2575475380529626,7.7,0.7220630372492837,Finnish,iter_A
Eliisa_10,Eliisa,10,0.18514948089997343,4,0.6091370558375635,Finnish,iter_A
Eliisa_100,Eliisa,100,0.2656414300281481,6.8,0.6070038910505836,Finnish,iter_A
Eliisa_11,Eliisa,11,0.2630221827584953,6.4,0.5890688259109311,Finnish,iter_A
Eliisa_12,Eliisa,12,0.2409434531223284,8.5,0.6370370370370371,Finnish,iter_A
Eliisa_13,Eliisa,13,0.2688107662548092,5.9,0.5201005025125628,Finnish,iter_A
Eliisa_14,Eliisa,14,0.2783462351639953,6.1,0.6504424778761062,Finnish,iter_A
Eliisa_15,Eliisa,15,0.23686158196236926,6.3,0.6340508806262231,Finnish,iter_A
Eliisa_16,Eliisa,16,0.2221088763983686,4.8,0.6363636363636364,Finnish,iter_A
Eliisa_17,Eliisa,17,0.2187982606167346,8.1,0.7058823529411765,Finnish,iter_A
Eliisa_18,Eliisa,18,0.2430300035441978,4.4,0.5185185185185185,Finnish,iter_A
Eliisa_19,Eliisa,19,0.25568771448232475,7.5,0.6485225505443235,Finnish,iter_A
Eliisa_2,Eliisa,2,0.2544504513741488,7,0.5240641711229946,Finnish,iter_A
Eliisa_20,Eliisa,20,0.1952959275627799,5.7,0.6666666666666666,Finnish,iter_A
Eliisa_21,Eliisa,21,0.17397220341830233,6.5,0.7055449330783938,Finnish,iter_A
Eliisa_22,Eliisa,22,0.1844708970124461,7,0.6239600665557404,Finnish,iter_A
Eliisa_23,Eliisa,23,0.2307929063430484,6.6,0.632495164410058,Finnish,iter_A
Eliisa_24,Eliisa,24,0.20948704459747453,6,0.5875,Finnish,iter_A
Eliisa_25,Eliisa,25,0.19901085872248903,6.8,0.6142131979695431,Finnish,iter_A
Eliisa_26,Eliisa,26,0.24347651138070886,8.3,0.6834975369458128,Finnish,iter_A
Eliisa_27,Eliisa,27,0.1596551725849308,8.3,0.6194029850746269,Finnish,iter_A
Eliisa_28,Eliisa,28,0.20031600385747123,10.1,0.7150395778364116,Finnish,iter_A
Eliisa_29,Eliisa,29,0.22949445989808087,6.7,0.5894941634241245,Finnish,iter_A
Eliisa_3,Eliisa,3,0.24440026124844394,7.7,0.7189728958630528,Finnish,iter_A
Eliisa_30,Eliisa,30,0.2673189242505836,5.3,0.5909090909090909,Finnish,iter_A
Eliisa_31,Eliisa,31,0.16823160454785333,4.8,0.6722408026755853,Finnish,iter_A
Eliisa_32,Eliisa,32,0.22445280396257508,7.4,0.6792452830188679,Finnish,iter_A
Eliisa_33,Eliisa,33,0.22558509304917826,7.3,0.6128048780487805,Finnish,iter_A
Eliisa_34,Eliisa,34,0.2664147675951834,7,0.664323374340949,Finnish,iter_A
Eliisa_35,Eliisa,35,0.17931843393478691,7.9,0.772,Finnish,iter_A
Eliisa_36,Eliisa,36,0.2905406955059316,4.6,0.5609756097560976,Finnish,iter_A
Eliisa_37,Eliisa,37,0.21922032252451915,9.5,0.6946107784431138,Finnish,iter_A
Eliisa_38,Eliisa,38,0.18982401589909587,3.4,0.5714285714285714,Finnish,iter_A
Eliisa_39,Eliisa,39,0.18809553705507082,3.7,0.6101694915254238,Finnish,iter_A
Eliisa_4,Eliisa,4,0.2332018762490434,7.3,0.6476190476190476,Finnish,iter_A
Eliisa_40,Eliisa,40,0.24915384750814484,5.6,0.6061381074168798,Finnish,iter_A
Eliisa_41,Eliisa,41,0.22735465437206945,6.5,0.630648330058939,Finnish,iter_A
Eliisa_42,Eliisa,42,0.2357025242189843,5.5,0.628099173553719,Finnish,iter_A
Eliisa_43,Eliisa,43,0.2375940802195318,7,0.6775862068965517,Finnish,iter_A
Eliisa_44,Eliisa,44,0.21331624810485658,5.6,0.6501305483028721,Finnish,iter_A
Eliisa_45,Eliisa,45,0.2732328720535917,5.2,0.5583596214511041,Finnish,iter_A
Eliisa_46,Eliisa,46,0.26495228122483955,5.6,0.5938303341902313,Finnish,iter_A
Eliisa_47,Eliisa,47,0.192724926300509,7.5,0.7422680412371134,Finnish,iter_A
Eliisa_48,Eliisa,48,0.24955910806670784,9.9,0.7345794392523365,Finnish,iter_A
Eliisa_49,Eliisa,49,0.24428824867227675,8.3,0.6709511568123393,Finnish,iter_A
Eliisa_5,Eliisa,5,0.22885600687658644,9.3,0.7065989847715736,Finnish,iter_A
Eliisa_50,Eliisa,50,0.22635759685751894,6.2,0.74375,Finnish,iter_A
Eliisa_51,Eliisa,51,0.2587431629815724,5.3,0.5181818181818182,Finnish,iter_A
Eliisa_52,Eliisa,52,0.22752016704227984,6.9,0.6642857142857143,Finnish,iter_A
Eliisa_53,Eliisa,53,0.24708423387897951,5.4,0.5803814713896458,Finnish,iter_A
Eliisa_54,Eliisa,54,0.34664832706182536,4.6,0.5573122529644269,Finnish,iter_A
Eliisa_55,Eliisa,55,0.2603596771471781,6,0.5625,Finnish,iter_A
Eliisa_56,Eliisa,56,0.2151636553231369,6.2,0.5808510638297872,Finnish,iter_A
Eliisa_57,Eliisa,57,0.2782425172557839,5.5,0.5845272206303725,Finnish,iter_A
Eliisa_58,Eliisa,58,0.22531866307203888,6.8,0.5777385159010601,Finnish,iter_A
Eliisa_59,Eliisa,59,0.20664079572502547,7.8,0.6967213114754098,Finnish,iter_A
Eliisa_6,Eliisa,6,0.2056941234687158,6.3,0.6848484848484848,Finnish,iter_A
Eliisa_60,Eliisa,60,0.2399916734686998,6.8,0.7313167259786477,Finnish,iter_A
Eliisa_61,Eliisa,61,0.2745535188718173,7.5,0.6822429906542056,Finnish,iter_A
Eliisa_62,Eliisa,62,0.2976769953708968,5.9,0.6454767726161369,Finnish,iter_A
Eliisa_63,Eliisa,63,0.2581324749396018,7.8,0.6613832853025937,Finnish,iter_A
Eliisa_64,Eliisa,64,0.22210961100452703,5.7,0.6617647058823529,Finnish,iter_A
Eliisa_65,Eliisa,65,0.23953429609339777,5.8,0.5522388059701493,Finnish,iter_A
Eliisa_66,Eliisa,66,0.2619857673981929,5.6,0.6422976501305483,Finnish,iter_A
Eliisa_67,Eliisa,67,0.25506790929448087,7.2,0.7090032154340836,Finnish,iter_A
Eliisa_68,Eliisa,68,0.21434201868659045,9.3,0.6818181818181818,Finnish,iter_A
Eliisa_69,Eliisa,69,0.21159980666186384,7.3,0.6754658385093167,Finnish,iter_A
Eliisa_7,Eliisa,7,0.26043638468529406,7.6,0.6138461538461538,Finnish,iter_A
Eliisa_70,Eliisa,70,0.2200578127322232,8.8,0.690744920993228,Finnish,iter_A
Eliisa_71,Eliisa,71,0.2644153941979917,7.5,0.6308411214953271,Finnish,iter_A
Eliisa_72,Eliisa,72,0.22414329231384406,7.7,0.6810089020771514,Finnish,iter_A
Eliisa_73,Eliisa,73,0.28103717865832534,6.1,0.6293706293706294,Finnish,iter_A
Eliisa_74,Eliisa,74,0.2263267507602279,6.1,0.6907894736842105,Finnish,iter_A
Eliisa_75,Eliisa,75,0.2761850031931825,7.5,0.7101669195751138,Finnish,iter_A
Eliisa_76,Eliisa,76,0.2500117589542115,8.2,0.7349246231155779,Finnish,iter_A
Eliisa_77,Eliisa,77,0.2592540339523788,7.1,0.6867469879518072,Finnish,iter_A
Eliisa_78,Eliisa,78,0.24412391933559774,6.1,0.6767895878524945,Finnish,iter_A
Eliisa_79,Eliisa,79,0.24369942641294687,6.7,0.6654135338345865,Finnish,iter_A
Eliisa_8,Eliisa,8,0.2858826999937849,4.9,0.5567010309278351,Finnish,iter_A
Eliisa_80,Eliisa,80,0.2784481798440636,5.9,0.6551724137931034,Finnish,iter_A
Eliisa_81,Eliisa,81,0.24341855792432465,5.4,0.5722543352601156,Finnish,iter_A
Eliisa_82,Eliisa,82,0.21098846364136475,6.1,0.592274678111588,Finnish,iter_A
Eliisa_83,Eliisa,83,0.2558245204902929,7.1,0.7052980132450332,Finnish,iter_A
Eliisa_84,Eliisa,84,0.21528626731526124,9.4,0.6804123711340206,Finnish,iter_A
Eliisa_85,Eliisa,85,0.2082542736638109,5.2,0.6189111747851003,Finnish,iter_A
Eliisa_86,Eliisa,86,0.23297297263381472,8,0.675414364640884,Finnish,iter_A
Eliisa_87,Eliisa,87,0.20471531988308653,5.3,0.6181318681318682,Finnish,iter_A
Eliisa_88,Eliisa,88,0.2781527472047653,6.4,0.6117136659436009,Finnish,iter_A
Eliisa_89,Eliisa,89,0.2356236816309567,6.1,0.5789473684210527,Finnish,iter_A
Eliisa_9,Eliisa,9,0.2582467030349024,8,0.7053941908713693,Finnish,iter_A
Eliisa_90,Eliisa,90,0.15639119387582243,3.7,0.6136363636363636,Finnish,iter_A
Eliisa_91,Eliisa,91,0.16840405933441563,7.6,0.6758241758241759,Finnish,iter_A
Eliisa_92,Eliisa,92,0.27902617827842824,6.6,0.6927480916030534,Finnish,iter_A
Eliisa_93,Eliisa,93,0.25006745462026136,6.2,0.6937901498929336,Finnish,iter_A
Eliisa_94,Eliisa,94,0.26529142304495223,6.6,0.6796875,Finnish,iter_A
Eliisa_95,Eliisa,95,0.25262100556500816,6.8,0.6191369606003753,Finnish,iter_A
Eliisa_96,Eliisa,96,0.269002491518356,6,0.6247139588100686,Finnish,iter_A
Eliisa_97,Eliisa,97,0.1827427237142993,7.5,0.7090103397341211,Finnish,iter_A
Eliisa_98,Eliisa,98,0.19908916295844523,7.8,0.6845070422535211,Finnish,iter_A
Eliisa_99,Eliisa,99,0.2640734036630156,6.5,0.7021276595744681,Finnish,iter_A
Ella_1,Ella,1,0.2989856049682472,6.6,0.5486381322957199,UK,iter_A
Ella_10,Ella,10,0.371077508181041,3.9,0.675,UK,iter_A
Ella_100,Ella,100,0.35207523983147254,4.2,0.575,UK,iter_A
Ella_11,Ella,11,0.3005043476181776,7,0.6238185255198487,UK,iter_A
Ella_12,Ella,12,0.36289203139243414,5.8,0.7136258660508084,UK,iter_A
Ella_13,Ella,13,0.5330910939970801,2.9,0.5046728971962616,UK,iter_A
Ella_14,Ella,14,0.3630567723592184,4,0.5495049504950495,UK,iter_A
Ella_15,Ella,15,0.3184916061409761,4.1,0.6322869955156951,UK,iter_A
Ella_16,Ella,16,0.33476231504597437,5,0.46075085324232085,UK,iter_A
Ella_17,Ella,17,0.3001683791260517,7.7,0.6385911179173047,UK,iter_A
Ella_18,Ella,18,0.3800379085640469,4.4,0.4647887323943662,UK,iter_A
Ella_19,Ella,19,0.31491726658445446,5,0.5406360424028268,UK,iter_A
Ella_2,Ella,2,0.4262449392184169,3.9,0.4601226993865031,UK,iter_A
Ella_20,Ella,20,0.26881315750927176,6.1,0.6540880503144654,UK,iter_A
Ella_21,Ella,21,0.3296267541921259,6.2,0.643298969072165,UK,iter_A
Ella_22,Ella,22,0.3573051331166207,4.4,0.4895397489539749,UK,iter_A
Ella_23,Ella,23,0.24758693515913552,7.6,0.7593360995850622,UK,iter_A
Ella_24,Ella,24,0.3039111305233462,5,0.6055900621118012,UK,iter_A
Ella_25,Ella,25,0.35495324116881877,3.9,0.4826086956521739,UK,iter_A
Ella_26,Ella,26,0.4098515909832783,4.3,0.5607476635514018,UK,iter_A
Ella_27,Ella,27,0.24134186398492827,5.7,0.5677749360613811,UK,iter_A
Ella_28,Ella,28,0.35203669013800004,4.5,0.43846153846153846,UK,iter_A
Ella_29,Ella,29,0.3649813316412609,3.9,0.48484848484848486,UK,iter_A
Ella_3,Ella,3,0.33703175831214366,3.1,0.42857142857142855,UK,iter_A
Ella_30,Ella,30,0.38250699217892675,3.8,0.6976744186046512,UK,iter_A
Ella_31,Ella,31,0.37008829759153705,3.9,0.42857142857142855,UK,iter_A
Ella_32,Ella,32,0.3637692476497974,4.1,0.6237623762376238,UK,iter_A
Ella_33,Ella,33,0.3426495821435131,4.7,0.539568345323741,UK,iter_A
Ella_34,Ella,34,0.3286838585379155,6,0.5853658536585366,UK,iter_A
Ella_35,Ella,35,0.3357513462745915,6.2,0.6459627329192547,UK,iter_A
Ella_36,Ella,36,0.37419767020814604,4.8,0.6064981949458483,UK,iter_A
Ella_37,Ella,37,0.3431034469274835,6.6,0.5497076023391813,UK,iter_A
Ella_38,Ella,38,0.4375122040762481,4.4,0.44285714285714284,UK,iter_A
Ella_39,Ella,39,0.2889588011198819,5.8,0.6413793103448275,UK,iter_A
Ella_4,Ella,4,0.348949350457227,3.3,0.5357142857142857,UK,iter_A
Ella_40,Ella,40,0.4154970099220951,3.3,0.528,UK,iter_A
Ella_41,Ella,41,0.34120098466553117,6.2,0.6,UK,iter_A
Ella_42,Ella,42,0.32262098025236835,4.3,0.5330578512396694,UK,iter_A
Ella_43,Ella,43,0.2847160558671124,3,0.6216216216216216,UK,iter_A
Ella_44,Ella,44,0.3866024981030578,3.4,0.5723684210526315,UK,iter_A
Ella_45,Ella,45,0.34054400415465647,3.2,0.6219512195121951,UK,iter_A
Ella_46,Ella,46,0.28579107731184134,5.7,0.6256281407035176,UK,iter_A
Ella_47,Ella,47,0.3097409683728545,4,0.5162790697674419,UK,iter_A
Ella_48,Ella,48,0.35769581031178055,4.3,0.4696969696969697,UK,iter_A
Ella_49,Ella,49,0.3019649606119454,7.4,0.7771084337349398,UK,iter_A
Ella_5,Ella,5,0.3653335682728955,4,0.6216216216216216,UK,iter_A
Ella_50,Ella,50,0.34843397476109383,4.5,0.5402298850574713,UK,iter_A
Ella_51,Ella,51,0.29746104813627017,5.1,0.6392045454545454,UK,iter_A
Ella_52,Ella,52,0.2887948658154189,2.9,0.5128205128205128,UK,iter_A
Ella_53,Ella,53,0.3686403977132353,4.1,0.5414634146341464,UK,iter_A
Ella_54,Ella,54,0.30300202828866,5.6,0.6331658291457286,UK,iter_A
Ella_55,Ella,55,0.35041885517249866,5.3,0.5017064846416383,UK,iter_A
Ella_56,Ella,56,0.2723279838473099,6.3,0.673469387755102,UK,iter_A
Ella_57,Ella,57,0.33037126892308666,4.2,0.5167464114832536,UK,iter_A
Ella_58,Ella,58,0.3201529999245953,5.4,0.5181818181818182,UK,iter_A
Ella_59,Ella,59,0.3897012917617109,5.2,0.5903225806451613,UK,iter_A
Ella_6,Ella,6,0.4201168466221379,3.2,0.4015748031496063,UK,iter_A
Ella_60,Ella,60,0.32909672681999363,2.7,0.646551724137931,UK,iter_A
Ella_61,Ella,61,0.34643741967480174,5.7,0.635036496350365,UK,iter_A
Ella_62,Ella,62,0.33021224702944774,4.1,0.5633802816901409,UK,iter_A
Ella_63,Ella,63,0.3489162317324649,4.8,0.5433962264150943,UK,iter_A
Ella_64,Ella,64,0.42406071425001496,3.6,0.4316546762589928,UK,iter_A
Ella_65,Ella,65,0.3415692816977969,6,0.6229116945107399,UK,iter_A
Ella_66,Ella,66,0.6053538357108285,4.2,0.6342857142857142,UK,iter_A
Ella_67,Ella,67,0.28127307948681685,4.8,0.6470588235294118,UK,iter_A
Ella_68,Ella,68,0.25489743878483695,6.4,0.7264325323475046,UK,iter_A
Ella_69,Ella,69,0.30253156284208993,3.2,0.5769230769230769,UK,iter_A
Ella_7,Ella,7,0.364692078342996,3.1,0.5571428571428572,UK,iter_A
Ella_70,Ella,70,0.3001244053992967,4.9,0.5590062111801242,UK,iter_A
Ella_71,Ella,71,0.3914229512534619,4.8,0.5669291338582677,UK,iter_A
Ella_72,Ella,72,0.35036791955224794,4.9,0.6165644171779141,UK,iter_A
Ella_73,Ella,73,0.31099189099451024,4.1,0.5135135135135135,UK,iter_A
Ella_74,Ella,74,0.2948964453652361,5.1,0.5618729096989966,UK,iter_A
Ella_75,Ella,75,0.39974998482242785,3.2,0.4411764705882353,UK,iter_A
Ella_76,Ella,76,0.42451705450241844,3.4,0.5714285714285714,UK,iter_A
Ella_77,Ella,77,0.2920996388921494,5.5,0.6692913385826772,UK,iter_A
Ella_78,Ella,78,0.3531037378754892,5.1,0.498371335504886,UK,iter_A
Ella_79,Ella,79,0.35935443381473997,3.8,0.5909090909090909,UK,iter_A
Ella_8,Ella,8,0.39358343561330317,4.4,0.4205607476635514,UK,iter_A
Ella_80,Ella,80,0.2844038898507189,5.1,0.6350974930362117,UK,iter_A
Ella_81,Ella,81,0.316651832797874,5.1,0.5357142857142857,UK,iter_A
Ella_82,Ella,82,0.5979434648437224,2.9,0.46987951807228917,UK,iter_A
Ella_83,Ella,83,0.31284952995638243,4.7,0.6414473684210527,UK,iter_A
Ella_84,Ella,84,0.40088258595206644,3.7,0.5272727272727272,UK,iter_A
Ella_85,Ella,85,0.354785603404491,5.2,0.6034985422740525,UK,iter_A
Ella_86,Ella,86,0.2883169066635173,5.2,0.5710227272727273,UK,iter_A
Ella_87,Ella,87,0.3727044634908963,3.9,0.5480769230769231,UK,iter_A
Ella_88,Ella,88,0.4007886251575458,2.6,0.45348837209302323,UK,iter_A
Ella_89,Ella,89,0.37495010257956374,4.5,0.4605263157894737,UK,iter_A
Ella_9,Ella,9,0.3905651941781119,3.7,0.5254237288135594,UK,iter_A
Ella_90,Ella,90,0.5183738976493744,3.9,0.6352941176470588,UK,iter_A
Ella_91,Ella,91,0.3857521866064432,4,0.5052631578947369,UK,iter_A
Ella_92,Ella,92,0.3405301223533417,4.6,0.5848375451263538,UK,iter_A
Ella_93,Ella,93,0.3864661275466729,3.8,0.5230769230769231,UK,iter_A
Ella_94,Ella,94,0.2800927035032286,5.8,0.6072289156626506,UK,iter_A
Ella_95,Ella,95,0.3691766923563667,4.1,0.4605263157894737,UK,iter_A
Ella_96,Ella,96,0.3270736509584369,3.8,0.510989010989011,UK,iter_A
Ella_97,Ella,97,0.3598756247534906,5,0.5765472312703583,UK,iter_A
Ella_98,Ella,98,0.37214140444919264,4.1,0.518918918918919,UK,iter_A
Ella_99,Ella,99,0.37482564427710363,3.8,0.49411764705882355,UK,iter_A
Fflur_1,Fflur,1,0.26443045296117745,9.5,0.6751592356687898,Welsh,iter_A
Fflur_10,Fflur,10,0.37477946255558603,4.9,0.5444015444015444,Welsh,iter_A
Fflur_100,Fflur,100,0.2727207604646875,10,0.7642792384406165,Welsh,iter_A
Fflur_11,Fflur,11,0.2745126214647868,7.7,0.6236722306525038,Welsh,iter_A
Fflur_12,Fflur,12,0.2831400147407728,9.2,0.6765676567656765,Welsh,iter_A
Fflur_13,Fflur,13,0.3152243644522105,7.6,0.6503164556962026,Welsh,iter_A
Fflur_14,Fflur,14,0.2696722167728603,8.6,0.6434010152284264,Welsh,iter_A
Fflur_15,Fflur,15,0.2509030973677149,6.6,0.6324626865671642,Welsh,iter_A
Fflur_16,Fflur,16,0.3404069512180961,5.6,0.5878962536023055,Welsh,iter_A
Fflur_17,Fflur,17,0.32736881089056735,7.8,0.6701183431952663,Welsh,iter_A
Fflur_18,Fflur,18,0.27516937900712773,9.7,0.7112195121951219,Welsh,iter_A
Fflur_19,Fflur,19,0.36430662299819816,5.1,0.5981308411214953,Welsh,iter_A
Fflur_2,Fflur,2,0.27718618560764846,7.4,0.6376811594202898,Welsh,iter_A
Fflur_20,Fflur,20,0.27084180810123376,6.5,0.6262425447316103,Welsh,iter_A
Fflur_21,Fflur,21,0.31768059309922825,7,0.5931558935361216,Welsh,iter_A
Fflur_22,Fflur,22,0.3011333777437294,7.3,0.6219512195121951,Welsh,iter_A
Fflur_23,Fflur,23,0.3329687974304647,6.3,0.6178343949044586,Welsh,iter_A
Fflur_24,Fflur,24,0.2587629505564864,9.9,0.7224975222993062,Welsh,iter_A
Fflur_25,Fflur,25,0.2825357958601541,8.4,0.690566037735849,Welsh,iter_A
Fflur_26,Fflur,26,0.33363060995672705,5.5,0.5647058823529412,Welsh,iter_A
Fflur_27,Fflur,27,0.39707517355492933,4.5,0.47368421052631576,Welsh,iter_A
Fflur_28,Fflur,28,0.29784894346154644,7,0.6742160278745645,Welsh,iter_A
Fflur_29,Fflur,29,0.2444835024474637,10.1,0.7081427264409881,Welsh,iter_A
Fflur_3,Fflur,3,0.29494204306306715,7.9,0.6532951289398281,Welsh,iter_A
Fflur_30,Fflur,30,0.29663546879657526,6.7,0.6012658227848101,Welsh,iter_A
Fflur_31,Fflur,31,0.2830192054727634,6.9,0.6241258741258742,Welsh,iter_A
Fflur_32,Fflur,32,0.27830284881368855,8.8,0.6904205607476636,Welsh,iter_A
Fflur_33,Fflur,33,0.277636792285135,8.9,0.6670761670761671,Welsh,iter_A
Fflur_34,Fflur,34,0.30921034916186346,7.9,0.6713286713286714,Welsh,iter_A
Fflur_35,Fflur,35,0.27746610077471506,8.3,0.6265060240963856,Welsh,iter_A
Fflur_36,Fflur,36,0.31771320157787347,6.8,0.5516528925619835,Welsh,iter_A
Fflur_37,Fflur,37,0.3092332688265086,7.8,0.6328502415458938,Welsh,iter_A
Fflur_38,Fflur,38,0.28147555001618085,8.9,0.6944127708095781,Welsh,iter_A
Fflur_39,Fflur,39,0.30129179072320744,7.8,0.637444279346211,Welsh,iter_A
Fflur_4,Fflur,4,0.2781742943460273,8.1,0.6492220650636492,Welsh,iter_A
Fflur_40,Fflur,40,0.2587313181800125,7.8,0.6589595375722543,Welsh,iter_A
Fflur_41,Fflur,41,0.3512671483080175,6.1,0.6161369193154034,Welsh,iter_A
Fflur_42,Fflur,42,0.2309445298715519,8.9,0.6345475910693302,Welsh,iter_A
Fflur_43,Fflur,43,0.28103574878668763,7.6,0.6369230769230769,Welsh,iter_A
Fflur_44,Fflur,44,0.28908783906603813,8.9,0.684331797235023,Welsh,iter_A
Fflur_45,Fflur,45,0.2588289166385987,8.9,0.657243816254417,Welsh,iter_A
Fflur_46,Fflur,46,0.3121219232829464,8.3,0.6528704939919893,Welsh,iter_A
Fflur_47,Fflur,47,0.25777109943244997,7.9,0.6616438356164384,Welsh,iter_A
Fflur_48,Fflur,48,0.28141522912792205,8.1,0.636615811373093,Welsh,iter_A
Fflur_49,Fflur,49,0.3409457037545444,6.2,0.56,Welsh,iter_A
Fflur_5,Fflur,5,0.29030279291060773,7.3,0.714975845410628,Welsh,iter_A
Fflur_50,Fflur,50,0.26897625397503,9.3,0.7047413793103449,Welsh,iter_A
Fflur_51,Fflur,51,0.27209465440344655,8.2,0.6684350132625995,Welsh,iter_A
Fflur_52,Fflur,52,0.2379755285987404,8.6,0.7306397306397306,Welsh,iter_A
Fflur_53,Fflur,53,0.31585784852727816,8,0.716,Welsh,iter_A
Fflur_54,Fflur,54,0.28083575456280596,9.2,0.6762820512820513,Welsh,iter_A
Fflur_55,Fflur,55,0.29587212194917856,8.3,0.6311584553928096,Welsh,iter_A
Fflur_56,Fflur,56,0.3273920702809578,6.8,0.5668789808917197,Welsh,iter_A
Fflur_57,Fflur,57,0.30714074286179577,7.7,0.6708074534161491,Welsh,iter_A
Fflur_58,Fflur,58,0.3229015357847776,6,0.5780487804878048,Welsh,iter_A
Fflur_59,Fflur,59,0.33805688634020886,5.9,0.5235457063711911,Welsh,iter_A
Fflur_6,Fflur,6,0.31416529659074854,6.3,0.5895196506550219,Welsh,iter_A
Fflur_60,Fflur,60,0.365730404639981,6.6,0.6927592954990215,Welsh,iter_A
Fflur_61,Fflur,61,0.24854778079378673,7.1,0.6580310880829016,Welsh,iter_A
Fflur_62,Fflur,62,0.29696376461101115,8.1,0.7217741935483871,Welsh,iter_A
Fflur_63,Fflur,63,0.2991771519009013,7.2,0.5902527075812274,Welsh,iter_A
Fflur_64,Fflur,64,0.2762325652138486,6,0.6042654028436019,Welsh,iter_A
Fflur_65,Fflur,65,0.38908618084972774,5.6,0.5521472392638037,Welsh,iter_A
Fflur_66,Fflur,66,0.32202371846187305,7.1,0.5524752475247525,Welsh,iter_A
Fflur_67,Fflur,67,0.2596588924420421,9.1,0.6697038724373576,Welsh,iter_A
Fflur_68,Fflur,68,0.28233457060382317,7.9,0.5962732919254659,Welsh,iter_A
Fflur_69,Fflur,69,0.26359020643339515,7.5,0.6267281105990783,Welsh,iter_A
Fflur_7,Fflur,7,0.2782722887078393,9.4,0.6927966101694916,Welsh,iter_A
Fflur_70,Fflur,70,0.33119175980885657,7.2,0.6708074534161491,Welsh,iter_A
Fflur_71,Fflur,71,0.234074757776338,9.3,0.7027310924369747,Welsh,iter_A
Fflur_72,Fflur,72,0.30971706073703636,7,0.6222596964586846,Welsh,iter_A
Fflur_73,Fflur,73,0.28859514832781374,7.6,0.6263736263736264,Welsh,iter_A
Fflur_74,Fflur,74,0.2877822590757115,6.5,0.6259842519685039,Welsh,iter_A
Fflur_75,Fflur,75,0.30456201220094953,8.2,0.6923076923076923,Welsh,iter_A
Fflur_76,Fflur,76,0.26865045239685537,8.1,0.6923076923076923,Welsh,iter_A
Fflur_77,Fflur,77,0.2861880687857745,9.4,0.6830065359477124,Welsh,iter_A
Fflur_78,Fflur,78,0.2684081188093797,6.3,0.5480769230769231,Welsh,iter_A
Fflur_79,Fflur,79,0.2879867085627405,6.9,0.5758683729433273,Welsh,iter_A
Fflur_8,Fflur,8,0.28829279754402476,8,0.6616438356164384,Welsh,iter_A
Fflur_80,Fflur,80,0.3207702914259528,7,0.6451612903225806,Welsh,iter_A
Fflur_81,Fflur,81,0.28893780063365754,9.3,0.7124600638977636,Welsh,iter_A
Fflur_82,Fflur,82,0.2618107949569111,8.9,0.7111356119073869,Welsh,iter_A
Fflur_83,Fflur,83,0.22317109481341296,10.1,0.705244122965642,Welsh,iter_A
Fflur_84,Fflur,84,0.3964756904475078,4.9,0.624,Welsh,iter_A
Fflur_85,Fflur,85,0.32601849594986176,7,0.6678635547576302,Welsh,iter_A
Fflur_86,Fflur,86,0.29229474915018483,7.9,0.6976744186046512,Welsh,iter_A
Fflur_87,Fflur,87,0.30023082949643165,7.4,0.5891089108910891,Welsh,iter_A
Fflur_88,Fflur,88,0.23806410250064405,11.3,0.7488584474885844,Welsh,iter_A
Fflur_89,Fflur,89,0.27146421581620767,8.7,0.6751740139211136,Welsh,iter_A
Fflur_9,Fflur,9,0.3183989875718194,6.2,0.6244343891402715,Welsh,iter_A
Fflur_90,Fflur,90,0.2620650103615848,7.3,0.6079734219269103,Welsh,iter_A
Fflur_91,Fflur,91,0.29567167663030913,7.6,0.6123417721518988,Welsh,iter_A
Fflur_92,Fflur,92,0.316244926026102,7.5,0.6703645007923931,Welsh,iter_A
Fflur_93,Fflur,93,0.29736846790866306,8.3,0.6541666666666667,Welsh,iter_A
Fflur_94,Fflur,94,0.2625912493991231,8.5,0.6716981132075471,Welsh,iter_A
Fflur_95,Fflur,95,0.333352709462795,5.8,0.5798969072164949,Welsh,iter_A
Fflur_96,Fflur,96,0.2723776754106816,8.4,0.7203065134099617,Welsh,iter_A
Fflur_97,Fflur,97,0.27100679719795384,8.6,0.7281213535589265,Welsh,iter_A
Fflur_98,Fflur,98,0.3047340996679633,7.3,0.6386138613861386,Welsh,iter_A
Fflur_99,Fflur,99,0.2820617395845337,9.3,0.7156549520766773,Welsh,iter_A
Gaël_1,Gaël,1,0.15881865578074325,11.6,0.7473610133708656,French,iter_A
Gaël_10,Gaël,10,0.2033716529864598,8,0.4682741116751269,French,iter_A
Gaël_100,Gaël,100,0.20453641593920266,11.2,0.7366863905325444,French,iter_A
Gaël_11,Gaël,11,0.20019485832958608,7.6,0.388646288209607,French,iter_A
Gaël_12,Gaël,12,0.15475239901170088,10.8,0.650199203187251,French,iter_A
Gaël_13,Gaël,13,0.13765699205764684,12.2,0.7258663366336634,French,iter_A
Gaël_14,Gaël,14,0.16054515388364807,13,0.7728055077452668,French,iter_A
Gaël_15,Gaël,15,0.14629342694678904,12.3,0.6507836990595611,French,iter_A
Gaël_16,Gaël,16,0.15035313712788503,13.6,0.7008733624454149,French,iter_A
Gaël_17,Gaël,17,0.20216945915597445,12.6,0.736875,French,iter_A
Gaël_18,Gaël,18,0.19343224484762814,9.2,0.4946808510638298,French,iter_A
Gaël_19,Gaël,19,0.14941204041597717,11.3,0.7764456981664316,French,iter_A
Gaël_2,Gaël,2,0.14957501090192846,11.5,0.6309192200557103,French,iter_A
Gaël_20,Gaël,20,0.21403942446739482,9.8,0.6688804554079696,French,iter_A
Gaël_21,Gaël,21,0.16517306562413725,8.9,0.6568627450980392,French,iter_A
Gaël_22,Gaël,22,0.1806851637039698,12.7,0.6808118081180812,French,iter_A
Gaël_23,Gaël,23,0.17300664121518894,11.1,0.7353823088455772,French,iter_A
Gaël_24,Gaël,24,0.16351687823782945,13.1,0.8190954773869347,French,iter_A
Gaël_25,Gaël,25,0.18143877164171116,10.9,0.668503937007874,French,iter_A
Gaël_26,Gaël,26,0.1554409285221585,8.4,0.5792410714285714,French,iter_A
Gaël_27,Gaël,27,0.16396028334306867,13.9,0.7298153034300792,French,iter_A
Gaël_28,Gaël,28,0.21071790351120664,8.7,0.5104166666666666,French,iter_A
Gaël_29,Gaël,29,0.1974069710169247,11.6,0.679771265189421,French,iter_A
Gaël_3,Gaël,3,0.1698143336036474,12.4,0.720074812967581,French,iter_A
Gaël_30,Gaël,30,0.20781941155943343,10.1,0.7341549295774648,French,iter_A
Gaël_31,Gaël,31,0.20205098640662414,11,0.624509033778476,French,iter_A
Gaël_32,Gaël,32,0.13869959453502229,10.2,0.5342126957955482,French,iter_A
Gaël_33,Gaël,33,0.18250489215868174,11,0.6914329037149356,French,iter_A
Gaël_34,Gaël,34,0.1655772532575639,11.9,0.708502024291498,French,iter_A
Gaël_35,Gaël,35,0.20841902345276778,11.2,0.69002284843869,French,iter_A
Gaël_36,Gaël,36,0.1870057012162813,12.7,0.7647761194029851,French,iter_A
Gaël_37,Gaël,37,0.19854299100104333,9.8,0.4891304347826087,French,iter_A
Gaël_38,Gaël,38,0.20271968183759245,10.2,0.5973451327433629,French,iter_A
Gaël_39,Gaël,39,0.17787662903911267,13.3,0.7654596100278551,French,iter_A
Gaël_4,Gaël,4,0.1643373176856734,10.6,0.60431654676259,French,iter_A
Gaël_40,Gaël,40,0.21781843063328082,10.3,0.6360424028268551,French,iter_A
Gaël_41,Gaël,41,0.15713707306617591,9.3,0.5349753694581281,French,iter_A
Gaël_42,Gaël,42,0.18902756649667957,9.7,0.6729500471253534,French,iter_A
Gaël_43,Gaël,43,0.13997012216786692,12.9,0.7052631578947368,French,iter_A
Gaël_44,Gaël,44,0.16439370470795708,8.7,0.6177474402730375,French,iter_A
Gaël_45,Gaël,45,0.19832355196833099,9.6,0.5417075564278705,French,iter_A
Gaël_46,Gaël,46,0.1962868902208435,9.3,0.5474452554744526,French,iter_A
Gaël_47,Gaël,47,0.15986303947477773,13.4,0.7103064066852368,French,iter_A
Gaël_48,Gaël,48,0.18853199285243183,9.2,0.6649797570850202,French,iter_A
Gaël_49,Gaël,49,0.1760384275477552,12.6,0.7564102564102564,French,iter_A
Gaël_5,Gaël,5,0.19269595164453404,10.9,0.6440410418310971,French,iter_A
Gaël_50,Gaël,50,0.1907233380764745,12,0.6969292389853138,French,iter_A
Gaël_51,Gaël,51,0.17302877539741718,11.6,0.6809557273366128,French,iter_A
Gaël_52,Gaël,52,0.2385672570314117,7.6,0.5622317596566524,French,iter_A
Gaël_53,Gaël,53,0.20917758252563134,11.4,0.7478510028653295,French,iter_A
Gaël_54,Gaël,54,0.18421021745636865,12,0.6942800788954635,French,iter_A
Gaël_55,Gaël,55,0.18540186562259817,12.1,0.6187882913546631,French,iter_A
Gaël_56,Gaël,56,0.1940679177214632,12.5,0.7809993830968538,French,iter_A
Gaël_57,Gaël,57,0.25110720640750656,8.8,0.5694915254237288,French,iter_A
Gaël_58,Gaël,58,0.20427363004925814,10.9,0.7562833206397562,French,iter_A
Gaël_59,Gaël,59,0.17312025045890572,12.3,0.6915584415584416,French,iter_A
Gaël_6,Gaël,6,0.15250592472685126,10,0.5598214285714286,French,iter_A
Gaël_60,Gaël,60,0.20382360285763068,9.8,0.7105990783410139,French,iter_A
Gaël_61,Gaël,61,0.17273582981461405,10,0.5748663101604278,French,iter_A
Gaël_62,Gaël,62,0.2201865438698269,9.1,0.5687973997833152,French,iter_A
Gaël_63,Gaël,63,0.16697643536831863,13,0.698943661971831,French,iter_A
Gaël_64,Gaël,64,0.19016272732081324,11.8,0.7902144772117963,French,iter_A
Gaël_65,Gaël,65,0.15715791734454043,11.8,0.7111111111111111,French,iter_A
Gaël_66,Gaël,66,0.1782861917308394,9.3,0.5119667013527576,French,iter_A
Gaël_67,Gaël,67,0.19359419508907158,12,0.7315123251165889,French,iter_A
Gaël_68,Gaël,68,0.20179827142854412,10.4,0.6056701030927835,French,iter_A
Gaël_69,Gaël,69,0.20387875546888545,11.1,0.6109350237717908,French,iter_A
Gaël_7,Gaël,7,0.13316441854912264,9.6,0.5662431941923775,French,iter_A
Gaël_70,Gaël,70,0.13109849182348493,10.6,0.6688051323175621,French,iter_A
Gaël_71,Gaël,71,0.17934573030118575,12.1,0.6760287393860223,French,iter_A
Gaël_72,Gaël,72,0.19320380719480912,10.5,0.7575,French,iter_A
Gaël_73,Gaël,73,0.17498418393819193,12.8,0.8065630397236615,French,iter_A
Gaël_74,Gaël,74,0.15914589274271998,9.5,0.5675675675675675,French,iter_A
Gaël_75,Gaël,75,0.17202177656148623,11.1,0.7045624532535527,French,iter_A
Gaël_76,Gaël,76,0.1950454650937074,11.9,0.7474949899799599,French,iter_A
Gaël_77,Gaël,77,0.19500274481529373,9.4,0.6719524281466799,French,iter_A
Gaël_78,Gaël,78,0.18039259572460656,13.9,0.7660574412532637,French,iter_A
Gaël_79,Gaël,79,0.19684678591532553,8.5,0.5502336448598131,French,iter_A
Gaël_8,Gaël,8,0.16157884534611391,13.1,0.7177280550774526,French,iter_A
Gaël_80,Gaël,80,0.1546683273351646,11.3,0.7467343976777939,French,iter_A
Gaël_81,Gaël,81,0.17713941068481262,11.4,0.6286764705882353,French,iter_A
Gaël_82,Gaël,82,0.1372343494628944,15.1,0.821444395214887,French,iter_A
Gaël_83,Gaël,83,0.20632482757369938,9,0.6652030735455543,French,iter_A
Gaël_84,Gaël,84,0.2035808298741111,10.5,0.6535893155258765,French,iter_A
Gaël_85,Gaël,85,0.23894012860745664,9.4,0.7121212121212122,French,iter_A
Gaël_86,Gaël,86,0.14482342536169102,11.8,0.6350974930362117,French,iter_A
Gaël_87,Gaël,87,0.19814265234692613,10.9,0.6782608695652174,French,iter_A
Gaël_88,Gaël,88,0.1691177819555028,9.6,0.7563499529633114,French,iter_A
Gaël_89,Gaël,89,0.19186312382152623,9.6,0.6735849056603773,French,iter_A
Gaël_9,Gaël,9,0.1691509114867082,11.7,0.763448275862069,French,iter_A
Gaël_90,Gaël,90,0.20173182350187704,10.3,0.7245762711864406,French,iter_A
Gaël_91,Gaël,91,0.17216968087724932,11.2,0.7038123167155426,French,iter_A
Gaël_92,Gaël,92,0.19457875149748108,8.7,0.6484641638225256,French,iter_A
Gaël_93,Gaël,93,0.18658428654806122,9.2,0.572198275862069,French,iter_A
Gaël_94,Gaël,94,0.1873877933794453,10.9,0.7129411764705882,French,iter_A
Gaël_95,Gaël,95,0.15042482185643327,12.8,0.7584170112226817,French,iter_A
Gaël_96,Gaël,96,0.21517382683578443,9.7,0.6660341555977229,French,iter_A
Gaël_97,Gaël,97,0.16497124932084878,10.7,0.6715724244771495,French,iter_A
Gaël_98,Gaël,98,0.20885132032367007,11.8,0.7157894736842105,French,iter_A
Gaël_99,Gaël,99,0.2130555466320762,9.8,0.6846929422548121,French,iter_A
Gwyn_1,Gwyn,1,0.23720392966065734,4.1,0.64453125,Welsh,iter_A
Gwyn_10,Gwyn,10,0.400415843125603,4,0.672645739910314,Welsh,iter_A
Gwyn_100,Gwyn,100,0.27901891875638235,3.6,0.5882352941176471,Welsh,iter_A
Gwyn_11,Gwyn,11,0.425550730478684,4.1,0.6,Welsh,iter_A
Gwyn_12,Gwyn,12,0.4673970236301199,4.6,0.6781609195402298,Welsh,iter_A
Gwyn_13,Gwyn,13,0.2528230104678639,4.2,0.6923076923076923,Welsh,iter_A
Gwyn_14,Gwyn,14,0.285773101477473,2.8,0.5510204081632653,Welsh,iter_A
Gwyn_15,Gwyn,15,0.28258561983792235,3.7,0.5357142857142857,Welsh,iter_A
Gwyn_16,Gwyn,16,0.4784304964251683,3,0.4426229508196721,Welsh,iter_A
Gwyn_17,Gwyn,17,0.22317891494473094,4.2,0.7050691244239631,Welsh,iter_A
Gwyn_18,Gwyn,18,0.36557185757281363,3.9,0.7277227722772277,Welsh,iter_A
Gwyn_19,Gwyn,19,0.37183985885781545,4.6,0.6708860759493671,Welsh,iter_A
Gwyn_2,Gwyn,2,0.32258968050299336,2.9,0.5546218487394958,Welsh,iter_A
Gwyn_20,Gwyn,20,0.27988920615734447,3,0.5945945945945946,Welsh,iter_A
Gwyn_21,Gwyn,21,0.4186607760891473,4.1,0.6029411764705882,Welsh,iter_A
Gwyn_22,Gwyn,22,0.25592708277849013,3.6,0.5067567567567568,Welsh,iter_A
Gwyn_23,Gwyn,23,0.22769290911299372,3,0.75,Welsh,iter_A
Gwyn_24,Gwyn,24,0.42932460386892585,4,0.6030927835051546,Welsh,iter_A
Gwyn_25,Gwyn,25,0.30171408736776695,4.5,0.5019011406844106,Welsh,iter_A
Gwyn_26,Gwyn,26,0.21574647722457854,3.8,0.6923076923076923,Welsh,iter_A
Gwyn_27,Gwyn,27,0.39048539684797945,5,0.7251655629139073,Welsh,iter_A
Gwyn_28,Gwyn,28,0.48192047721768766,2.8,0.48148148148148145,Welsh,iter_A
Gwyn_29,Gwyn,29,0.24175219663560366,5.8,0.7192224622030238,Welsh,iter_A
Gwyn_3,Gwyn,3,0.23979538258828514,4,0.6731707317073171,Welsh,iter_A
Gwyn_30,Gwyn,30,0.3000125233153772,3.2,0.5669291338582677,Welsh,iter_A
Gwyn_31,Gwyn,31,0.17027648466943163,3,0.6055045871559633,Welsh,iter_A
Gwyn_32,Gwyn,32,0.29639255182855945,3.5,0.4583333333333333,Welsh,iter_A
Gwyn_33,Gwyn,33,0.4135029752642789,4.2,0.5668202764976958,Welsh,iter_A
Gwyn_34,Gwyn,34,0.3534732455141588,6.6,0.7527881040892194,Welsh,iter_A
Gwyn_35,Gwyn,35,0.41225221828160474,3.8,0.56353591160221,Welsh,iter_A
Gwyn_36,Gwyn,36,0.24234976497535424,4.6,0.7702702702702703,Welsh,iter_A
Gwyn_37,Gwyn,37,0.2413459964207195,3.3,0.5886075949367089,Welsh,iter_A
Gwyn_38,Gwyn,38,0.34936680833887024,7.2,0.639261744966443,Welsh,iter_A
Gwyn_39,Gwyn,39,0.21112574609088366,5.8,0.6975169300225733,Welsh,iter_A
Gwyn_4,Gwyn,4,0.23201580671513133,3.6,0.6882352941176471,Welsh,iter_A
Gwyn_40,Gwyn,40,0.31321352801510394,4.3,0.676595744680851,Welsh,iter_A
Gwyn_41,Gwyn,41,0.23030321968892573,4.7,0.707641196013289,Welsh,iter_A
Gwyn_42,Gwyn,42,0.48637978165232626,2.8,0.45348837209302323,Welsh,iter_A
Gwyn_43,Gwyn,43,0.24864843591357852,5.1,0.7415730337078652,Welsh,iter_A
Gwyn_44,Gwyn,44,0.4301434852519751,4.1,0.704225352112676,Welsh,iter_A
Gwyn_45,Gwyn,45,0.41973462735608214,3.3,0.5571428571428572,Welsh,iter_A
Gwyn_46,Gwyn,46,0.3195193415423685,7.8,0.714078374455733,Welsh,iter_A
Gwyn_47,Gwyn,47,0.42796125137624386,3.1,0.5084745762711864,Welsh,iter_A
Gwyn_48,Gwyn,48,0.3058933719586937,4,0.5393258426966292,Welsh,iter_A
Gwyn_49,Gwyn,49,0.2838569962972382,3.9,0.6122448979591837,Welsh,iter_A
Gwyn_5,Gwyn,5,0.2785803649586514,4.4,0.7607142857142857,Welsh,iter_A
Gwyn_50,Gwyn,50,0.2839696887224161,3.2,0.6,Welsh,iter_A
Gwyn_51,Gwyn,51,0.296511295864599,3.9,0.6787330316742082,Welsh,iter_A
Gwyn_52,Gwyn,52,0.2552511881349826,3.4,0.6878980891719745,Welsh,iter_A
Gwyn_53,Gwyn,53,0.24090619138190197,6.5,0.6521739130434783,Welsh,iter_A
Gwyn_54,Gwyn,54,0.21110247693577963,5.6,0.6716417910447762,Welsh,iter_A
Gwyn_55,Gwyn,55,0.40759794383676595,3.5,0.5192307692307693,Welsh,iter_A
Gwyn_56,Gwyn,56,0.392059418485182,4.2,0.6515837104072398,Welsh,iter_A
Gwyn_57,Gwyn,57,0.4816289283361065,3,0.44554455445544555,Welsh,iter_A
Gwyn_58,Gwyn,58,0.21915390293726378,2.4,0.675,Welsh,iter_A
Gwyn_59,Gwyn,59,0.34575106018737134,2,0.47619047619047616,Welsh,iter_A
Gwyn_6,Gwyn,6,0.45048474766963226,3.6,0.7078651685393258,Welsh,iter_A
Gwyn_60,Gwyn,60,0.4288228896175019,2.3,0.42,Welsh,iter_A
Gwyn_61,Gwyn,61,0.2961113698473423,3.3,0.6081081081081081,Welsh,iter_A
Gwyn_62,Gwyn,62,0.19331471682362833,3,0.6637168141592921,Welsh,iter_A
Gwyn_63,Gwyn,63,0.3804363729884854,3.2,0.6666666666666666,Welsh,iter_A
Gwyn_64,Gwyn,64,0.21920650740472747,3.1,0.5526315789473685,Welsh,iter_A
Gwyn_65,Gwyn,65,0.22200644239770895,4.3,0.6515837104072398,Welsh,iter_A
Gwyn_66,Gwyn,66,0.38281678419049914,4.2,0.646551724137931,Welsh,iter_A
Gwyn_67,Gwyn,67,0.23674024399500776,5.3,0.56951871657754,Welsh,iter_A
Gwyn_68,Gwyn,68,0.30285631796160495,4.4,0.5842696629213483,Welsh,iter_A
Gwyn_69,Gwyn,69,0.25258643318006685,4.5,0.6501901140684411,Welsh,iter_A
Gwyn_7,Gwyn,7,0.41566665481268184,3.2,0.5373134328358209,Welsh,iter_A
Gwyn_70,Gwyn,70,0.32649569214069735,3.4,0.5179856115107914,Welsh,iter_A
Gwyn_71,Gwyn,71,0.25427089823840826,4.2,0.5512820512820513,Welsh,iter_A
Gwyn_72,Gwyn,72,0.1952869031542117,2.7,0.6063829787234043,Welsh,iter_A
Gwyn_73,Gwyn,73,0.2367915191314204,3,0.7058823529411765,Welsh,iter_A
Gwyn_74,Gwyn,74,0.43825418925268345,2.6,0.45348837209302323,Welsh,iter_A
Gwyn_75,Gwyn,75,0.21936492492171702,4.7,0.7142857142857143,Welsh,iter_A
Gwyn_76,Gwyn,76,0.19586195282161406,2.5,0.5,Welsh,iter_A
Gwyn_77,Gwyn,77,0.3696575053494909,5.4,0.6585365853658537,Welsh,iter_A
Gwyn_78,Gwyn,78,0.3555577296872184,3.1,0.582089552238806,Welsh,iter_A
Gwyn_79,Gwyn,79,0.25465480111243816,2.9,0.7279411764705882,Welsh,iter_A
Gwyn_8,Gwyn,8,0.21931955606986805,4.4,0.792,Welsh,iter_A
Gwyn_80,Gwyn,80,0.38945019814129994,4.3,0.5560344827586207,Welsh,iter_A
Gwyn_81,Gwyn,81,0.2556681812555776,3.6,0.535031847133758,Welsh,iter_A
Gwyn_82,Gwyn,82,0.23455632905981239,6.1,0.6515837104072398,Welsh,iter_A
Gwyn_83,Gwyn,83,0.2885292952504553,3.9,0.5904255319148937,Welsh,iter_A
Gwyn_84,Gwyn,84,0.4217568006847872,3.2,0.47368421052631576,Welsh,iter_A
Gwyn_85,Gwyn,85,0.3695098030097195,2.7,0.4166666666666667,Welsh,iter_A
Gwyn_86,Gwyn,86,0.31617047454116426,3.3,0.46938775510204084,Welsh,iter_A
Gwyn_87,Gwyn,87,0.2088796204939303,3.2,0.7974683544303798,Welsh,iter_A
Gwyn_88,Gwyn,88,0.25669207921212767,4.7,0.7572815533980582,Welsh,iter_A
Gwyn_89,Gwyn,89,0.2984474728055022,3.5,0.49411764705882355,Welsh,iter_A
Gwyn_9,Gwyn,9,0.20977996817571776,4.1,0.5467980295566502,Welsh,iter_A
Gwyn_90,Gwyn,90,0.5007509424350585,2.8,0.4421052631578947,Welsh,iter_A
Gwyn_91,Gwyn,91,0.20985634780115273,3.9,0.6633165829145728,Welsh,iter_A
Gwyn_92,Gwyn,92,0.2138830633178611,3.3,0.7784810126582279,Welsh,iter_A
Gwyn_93,Gwyn,93,0.19854826543671203,3.3,0.7342657342657343,Welsh,iter_A
Gwyn_94,Gwyn,94,0.47006781944321946,3.9,0.6358695652173914,Welsh,iter_A
Gwyn_95,Gwyn,95,0.2567900998555348,4.9,0.6635514018691588,Welsh,iter_A
Gwyn_96,Gwyn,96,0.26719561840684786,4.6,0.6344086021505376,Welsh,iter_A
Gwyn_97,Gwyn,97,0.31446452702708694,2.6,0.4875,Welsh,iter_A
Gwyn_98,Gwyn,98,0.2730540944314403,4.4,0.5662650602409639,Welsh,iter_A
Gwyn_99,Gwyn,99,0.3742805090467766,5.5,0.6878453038674033,Welsh,iter_A
Haruo_1,Haruo,1,0.2772092498569494,7.5,0.6836581709145427,Japanese,iter_A
Haruo_10,Haruo,10,0.27902185528095874,6.8,0.7648026315789473,Japanese,iter_A
Haruo_100,Haruo,100,0.3228293403236774,5.9,0.7946611909650924,Japanese,iter_A
Haruo_11,Haruo,11,0.3226648029050652,5.8,0.6583710407239819,Japanese,iter_A
Haruo_12,Haruo,12,0.28692207226283684,5.7,0.6342042755344418,Japanese,iter_A
Haruo_13,Haruo,13,0.3615867253017469,5.2,0.6463022508038585,Japanese,iter_A
Haruo_14,Haruo,14,0.31725955294496183,5.7,0.5872641509433962,Japanese,iter_A
Haruo_15,Haruo,15,0.300674065003152,6.8,0.7083333333333334,Japanese,iter_A
Haruo_16,Haruo,16,0.2659700661591156,7.4,0.7835497835497836,Japanese,iter_A
Haruo_17,Haruo,17,0.29681703392243197,7.6,0.7267355982274741,Japanese,iter_A
Haruo_18,Haruo,18,0.34787791649835403,5.2,0.5930232558139535,Japanese,iter_A
Haruo_19,Haruo,19,0.3091621292563688,6.1,0.7834394904458599,Japanese,iter_A
Haruo_2,Haruo,2,0.33867125877874227,6.4,0.6255060728744939,Japanese,iter_A
Haruo_20,Haruo,20,0.32026006756123976,6,0.6903765690376569,Japanese,iter_A
Haruo_21,Haruo,21,0.2829610914126171,6.9,0.7244897959183674,Japanese,iter_A
Haruo_22,Haruo,22,0.29498977455105196,5.4,0.7218045112781954,Japanese,iter_A
Haruo_23,Haruo,23,0.3391939199410413,5,0.5692771084337349,Japanese,iter_A
Haruo_24,Haruo,24,0.2651266292642939,7.7,0.6910344827586207,Japanese,iter_A
Haruo_25,Haruo,25,0.3000811739525731,6.9,0.714765100671141,Japanese,iter_A
Haruo_26,Haruo,26,0.3378189405721901,4,0.6991525423728814,Japanese,iter_A
Haruo_27,Haruo,27,0.2911894933768806,5.7,0.5718015665796344,Japanese,iter_A
Haruo_28,Haruo,28,0.27280167097688107,8.9,0.7311475409836066,Japanese,iter_A
Haruo_29,Haruo,29,0.28052607495219245,8,0.69140625,Japanese,iter_A
Haruo_3,Haruo,3,0.24189922365422514,11.1,0.726457399103139,Japanese,iter_A
Haruo_30,Haruo,30,0.32357368724016605,6.5,0.6679462571976967,Japanese,iter_A
Haruo_31,Haruo,31,0.4038826060861742,5.5,0.6952141057934509,Japanese,iter_A
Haruo_32,Haruo,32,0.2519278127097966,9.1,0.7580645161290323,Japanese,iter_A
Haruo_33,Haruo,33,0.30539579715126075,6.8,0.6996466431095406,Japanese,iter_A
Haruo_34,Haruo,34,0.2977970298071732,5.7,0.7955056179775281,Japanese,iter_A
Haruo_35,Haruo,35,0.27556463606777654,7.4,0.7259475218658892,Japanese,iter_A
Haruo_36,Haruo,36,0.330007767129852,5.7,0.5783132530120482,Japanese,iter_A
Haruo_37,Haruo,37,0.24546644742433424,9.7,0.7900552486187845,Japanese,iter_A
Haruo_38,Haruo,38,0.2811696060359861,7.4,0.8394886363636364,Japanese,iter_A
Haruo_39,Haruo,39,0.2976599355086231,7.7,0.6970108695652174,Japanese,iter_A
Haruo_4,Haruo,4,0.36691962245698984,3.7,0.47093023255813954,Japanese,iter_A
Haruo_40,Haruo,40,0.4192839794711805,5.7,0.6683544303797468,Japanese,iter_A
Haruo_41,Haruo,41,0.31670207431821307,6.6,0.6546489563567363,Japanese,iter_A
Haruo_42,Haruo,42,0.339160802797481,5.3,0.7154471544715447,Japanese,iter_A
Haruo_43,Haruo,43,0.31171169345264993,6.4,0.6863905325443787,Japanese,iter_A
Haruo_44,Haruo,44,0.2361453259952527,11.3,0.7576866764275256,Japanese,iter_A
Haruo_45,Haruo,45,0.2638294570493077,7.4,0.7144970414201184,Japanese,iter_A
Haruo_46,Haruo,46,0.27933841140844096,8.9,0.7761351636747624,Japanese,iter_A
Haruo_47,Haruo,47,0.2913446428257192,6.8,0.8061224489795918,Japanese,iter_A
Haruo_48,Haruo,48,0.29195314594391175,5.5,0.6434108527131783,Japanese,iter_A
Haruo_49,Haruo,49,0.27604461186853424,8.6,0.7165714285714285,Japanese,iter_A
Haruo_5,Haruo,5,0.26280922788548805,7.5,0.7911111111111111,Japanese,iter_A
Haruo_50,Haruo,50,0.30203591370879423,5.9,0.6958424507658644,Japanese,iter_A
Haruo_51,Haruo,51,0.3420156448634357,4.9,0.5523809523809524,Japanese,iter_A
Haruo_52,Haruo,52,0.300060484555117,7.5,0.8080110497237569,Japanese,iter_A
Haruo_53,Haruo,53,0.30178521328897207,8.1,0.6830892143808256,Japanese,iter_A
Haruo_54,Haruo,54,0.28771127300258986,5.3,0.717391304347826,Japanese,iter_A
Haruo_55,Haruo,55,0.3397143137655879,5.9,0.5700712589073634,Japanese,iter_A
Haruo_56,Haruo,56,0.2962391778269042,5.9,0.7594142259414226,Japanese,iter_A
Haruo_57,Haruo,57,0.2973041187397376,7.2,0.7196110210696921,Japanese,iter_A
Haruo_58,Haruo,58,0.2538579229491702,7.8,0.7390728476821192,Japanese,iter_A
Haruo_59,Haruo,59,0.3035423370400192,7.4,0.6944444444444444,Japanese,iter_A
Haruo_6,Haruo,6,0.2571605832031261,7,0.7073170731707317,Japanese,iter_A
Haruo_60,Haruo,60,0.28334681786120003,5.7,0.7191780821917808,Japanese,iter_A
Haruo_61,Haruo,61,0.2943221169648511,7,0.6998368678629691,Japanese,iter_A
Haruo_62,Haruo,62,0.305721726479671,6.8,0.6741573033707865,Japanese,iter_A
Haruo_63,Haruo,63,0.28329033774071344,8.9,0.7178924259055982,Japanese,iter_A
Haruo_64,Haruo,64,0.306406758895259,7.3,0.6276923076923077,Japanese,iter_A
Haruo_65,Haruo,65,0.3367625530178134,5.9,0.6463700234192038,Japanese,iter_A
Haruo_66,Haruo,66,0.25700679791699954,8.9,0.75,Japanese,iter_A
Haruo_67,Haruo,67,0.2502235289083942,8.9,0.7960457856399584,Japanese,iter_A
Haruo_68,Haruo,68,0.2709759265058357,7.7,0.7758620689655172,Japanese,iter_A
Haruo_69,Haruo,69,0.2605172482667596,6.3,0.672514619883041,Japanese,iter_A
Haruo_7,Haruo,7,0.24712644723437519,11,0.8230483271375465,Japanese,iter_A
Haruo_70,Haruo,70,0.254617746312849,5.2,0.7090909090909091,Japanese,iter_A
Haruo_71,Haruo,71,0.299338340825015,6.6,0.7661870503597122,Japanese,iter_A
Haruo_72,Haruo,72,0.24649432123820128,7.5,0.7864077669902912,Japanese,iter_A
Haruo_73,Haruo,73,0.24567231745517823,8.5,0.7571428571428571,Japanese,iter_A
Haruo_74,Haruo,74,0.31266955764033016,5.2,0.5671232876712329,Japanese,iter_A
Haruo_75,Haruo,75,0.2962342892771628,7.2,0.6587677725118484,Japanese,iter_A
Haruo_76,Haruo,76,0.3177481596798277,6.5,0.7075471698113207,Japanese,iter_A
Haruo_77,Haruo,77,0.2649964167061824,8.9,0.7755319148936171,Japanese,iter_A
Haruo_78,Haruo,78,0.3166776368737145,5.2,0.7101063829787234,Japanese,iter_A
Haruo_79,Haruo,79,0.26682800416888025,8.4,0.8498871331828443,Japanese,iter_A
Haruo_8,Haruo,8,0.30017983472458715,5.7,0.6403712296983759,Japanese,iter_A
Haruo_80,Haruo,80,0.34275736480902164,5.5,0.6763925729442971,Japanese,iter_A
Haruo_81,Haruo,81,0.25060346619924856,9,0.8143289606458123,Japanese,iter_A
Haruo_82,Haruo,82,0.30470007642535296,7.3,0.6693037974683544,Japanese,iter_A
Haruo_83,Haruo,83,0.3234512339262408,5.4,0.5906735751295337,Japanese,iter_A
Haruo_84,Haruo,84,0.3331524305439491,5.3,0.6542553191489362,Japanese,iter_A
Haruo_85,Haruo,85,0.3536078037754268,4.5,0.6159695817490495,Japanese,iter_A
Haruo_86,Haruo,86,0.2695338679872325,5.8,0.7333333333333333,Japanese,iter_A
Haruo_87,Haruo,87,0.2999188742035094,7.4,0.7489114658925979,Japanese,iter_A
Haruo_88,Haruo,88,0.3011730985451281,7.1,0.8302752293577982,Japanese,iter_A
Haruo_89,Haruo,89,0.2547363160210512,7.8,0.7450199203187251,Japanese,iter_A
Haruo_9,Haruo,9,0.27565891248950136,7.8,0.7751937984496124,Japanese,iter_A
Haruo_90,Haruo,90,0.25449052140318235,8.6,0.8679867986798679,Japanese,iter_A
Haruo_91,Haruo,91,0.28998684115103746,8.5,0.7718277066356228,Japanese,iter_A
Haruo_92,Haruo,92,0.31110807907355964,9.4,0.8372093023255814,Japanese,iter_A
Haruo_93,Haruo,93,0.3203954184645512,5.4,0.6504065040650406,Japanese,iter_A
Haruo_94,Haruo,94,0.45570674780226683,3.7,0.6721311475409836,Japanese,iter_A
Haruo_95,Haruo,95,0.27849328841890786,8.1,0.7201492537313433,Japanese,iter_A
Haruo_96,Haruo,96,0.2917374416081435,6.6,0.7109515260323159,Japanese,iter_A
Haruo_97,Haruo,97,0.29039139545315873,8.2,0.7620221948212084,Japanese,iter_A
Haruo_98,Haruo,98,0.22800275320040833,6.9,0.6727574750830565,Japanese,iter_A
Haruo_99,Haruo,99,0.3471633305113349,6.2,0.697228144989339,Japanese,iter_A
Hiromi_1,Hiromi,1,0.1946946810605527,13.5,0.7892156862745098,Japanese,iter_A
Hiromi_10,Hiromi,10,0.19387741237252953,12,0.7504990019960079,Japanese,iter_A
Hiromi_100,Hiromi,100,0.2151054922375274,8.9,0.6699346405228758,Japanese,iter_A
Hiromi_11,Hiromi,11,0.15711375923369833,12.3,0.7565379825653799,Japanese,iter_A
Hiromi_12,Hiromi,12,0.19712816740383943,10.9,0.7125,Japanese,iter_A
Hiromi_13,Hiromi,13,0.20112632555589027,9,0.6240760295670539,Japanese,iter_A
Hiromi_14,Hiromi,14,0.2010653203560582,12.6,0.815914489311164,Japanese,iter_A
Hiromi_15,Hiromi,15,0.22800608858169413,9.1,0.6154708520179372,Japanese,iter_A
Hiromi_16,Hiromi,16,0.20400776732887277,11.4,0.7391304347826086,Japanese,iter_A
Hiromi_17,Hiromi,17,0.23481695481974846,11.9,0.7758970886932972,Japanese,iter_A
Hiromi_18,Hiromi,18,0.20035354862851326,12.2,0.7221135029354208,Japanese,iter_A
Hiromi_19,Hiromi,19,0.21345005736758887,10.7,0.7345971563981043,Japanese,iter_A
Hiromi_2,Hiromi,2,0.2083253561289927,13.4,0.8309705561613958,Japanese,iter_A
Hiromi_20,Hiromi,20,0.23951160019959947,7.5,0.6137339055793991,Japanese,iter_A
Hiromi_21,Hiromi,21,0.21986198249250846,11,0.7258064516129032,Japanese,iter_A
Hiromi_22,Hiromi,22,0.212975173552351,12.5,0.781651376146789,Japanese,iter_A
Hiromi_23,Hiromi,23,0.2121607288248432,9.8,0.7309782608695652,Japanese,iter_A
Hiromi_24,Hiromi,24,0.20802649254553238,10.8,0.7969111969111969,Japanese,iter_A
Hiromi_25,Hiromi,25,0.2347872653650515,11.3,0.76,Japanese,iter_A
Hiromi_26,Hiromi,26,0.1959936950104593,12.9,0.7796511627906977,Japanese,iter_A
Hiromi_27,Hiromi,27,0.21880879463296493,10,0.70508166969147,Japanese,iter_A
Hiromi_28,Hiromi,28,0.21987886574220683,11.4,0.7805575411007862,Japanese,iter_A
Hiromi_29,Hiromi,29,0.20246515129692366,7.9,0.6233766233766234,Japanese,iter_A
Hiromi_3,Hiromi,3,0.1938360782943525,11.4,0.785007072135785,Japanese,iter_A
Hiromi_30,Hiromi,30,0.20394570968093276,10.3,0.710801393728223,Japanese,iter_A
Hiromi_31,Hiromi,31,0.17577326483943423,13.1,0.769804822043628,Japanese,iter_A
Hiromi_32,Hiromi,32,0.19950027322095676,10.4,0.7215815485996705,Japanese,iter_A
Hiromi_33,Hiromi,33,0.2361361635705626,10.6,0.6979695431472082,Japanese,iter_A
Hiromi_34,Hiromi,34,0.22005524470058227,11.7,0.7551724137931034,Japanese,iter_A
Hiromi_35,Hiromi,35,0.25707781857369477,11,0.7552285050348567,Japanese,iter_A
Hiromi_36,Hiromi,36,0.23376435121420733,9,0.6154672395273899,Japanese,iter_A
Hiromi_37,Hiromi,37,0.2050632447980957,11.2,0.6850037678975132,Japanese,iter_A
Hiromi_38,Hiromi,38,0.22666831085586206,10.2,0.7442258340461934,Japanese,iter_A
Hiromi_39,Hiromi,39,0.21355984165855382,9.9,0.6910714285714286,Japanese,iter_A
Hiromi_4,Hiromi,4,0.1725949749107172,8.3,0.6174418604651163,Japanese,iter_A
Hiromi_40,Hiromi,40,0.19245575211753183,11.8,0.7540983606557377,Japanese,iter_A
Hiromi_41,Hiromi,41,0.2497302467408925,8.3,0.6208226221079691,Japanese,iter_A
Hiromi_42,Hiromi,42,0.2321663665910319,10.7,0.7353420195439739,Japanese,iter_A
Hiromi_43,Hiromi,43,0.2061622165392042,10.8,0.6832397754611067,Japanese,iter_A
Hiromi_44,Hiromi,44,0.17592508181771727,11,0.7315436241610739,Japanese,iter_A
Hiromi_45,Hiromi,45,0.19407810608816034,10.6,0.79921875,Japanese,iter_A
Hiromi_46,Hiromi,46,0.22562546376713458,9.4,0.7381889763779528,Japanese,iter_A
Hiromi_47,Hiromi,47,0.2295971273836495,10.3,0.7538330494037478,Japanese,iter_A
Hiromi_48,Hiromi,48,0.2152100311689112,9.7,0.7008547008547008,Japanese,iter_A
Hiromi_49,Hiromi,49,0.23623077895486785,9.2,0.7757575757575758,Japanese,iter_A
Hiromi_5,Hiromi,5,0.2542517628680055,9.7,0.7715078630897317,Japanese,iter_A
Hiromi_50,Hiromi,50,0.22538729303398425,12.2,0.7706598334401025,Japanese,iter_A
Hiromi_51,Hiromi,51,0.20216943495040765,10,0.7051056338028169,Japanese,iter_A
Hiromi_52,Hiromi,52,0.1869696720546486,10.5,0.7420408163265306,Japanese,iter_A
Hiromi_53,Hiromi,53,0.18461425310302312,13.3,0.7855567805953694,Japanese,iter_A
Hiromi_54,Hiromi,54,0.20765385654310278,11.5,0.7278481012658228,Japanese,iter_A
Hiromi_55,Hiromi,55,0.2482866110514697,10.4,0.6952789699570815,Japanese,iter_A
Hiromi_56,Hiromi,56,0.19924720494292128,11.8,0.7618719889883001,Japanese,iter_A
Hiromi_57,Hiromi,57,0.22653402848746185,9.5,0.7115577889447237,Japanese,iter_A
Hiromi_58,Hiromi,58,0.23760311892040412,7.9,0.7269230769230769,Japanese,iter_A
Hiromi_59,Hiromi,59,0.24062517108481782,9,0.7018498367791077,Japanese,iter_A
Hiromi_6,Hiromi,6,0.21319435721004343,10.8,0.6965572457966374,Japanese,iter_A
Hiromi_60,Hiromi,60,0.22836965770341863,8.2,0.5166051660516605,Japanese,iter_A
Hiromi_61,Hiromi,61,0.187441762860402,11.7,0.7144846796657381,Japanese,iter_A
Hiromi_62,Hiromi,62,0.23035988951650246,8.8,0.6349892008639308,Japanese,iter_A
Hiromi_63,Hiromi,63,0.2540099168462149,8.6,0.6568047337278107,Japanese,iter_A
Hiromi_64,Hiromi,64,0.30387173830227643,7.4,0.6559633027522935,Japanese,iter_A
Hiromi_65,Hiromi,65,0.19908919651624182,12.7,0.7555012224938875,Japanese,iter_A
Hiromi_66,Hiromi,66,0.24147518369367,10.2,0.7050938337801609,Japanese,iter_A
Hiromi_67,Hiromi,67,0.22115279451128353,11.6,0.7436974789915967,Japanese,iter_A
Hiromi_68,Hiromi,68,0.23519428050967991,9.3,0.6814070351758794,Japanese,iter_A
Hiromi_69,Hiromi,69,0.22575799183442863,9.2,0.62217659137577,Japanese,iter_A
Hiromi_7,Hiromi,7,0.21068610716682898,9,0.7274611398963731,Japanese,iter_A
Hiromi_70,Hiromi,70,0.22113142227965954,10.5,0.7332228666114333,Japanese,iter_A
Hiromi_71,Hiromi,71,0.20338051429075307,10.6,0.6945812807881774,Japanese,iter_A
Hiromi_72,Hiromi,72,0.24378880437453748,9.3,0.7080366225839267,Japanese,iter_A
Hiromi_73,Hiromi,73,0.25396762938442025,7.9,0.6137281292059219,Japanese,iter_A
Hiromi_74,Hiromi,74,0.22209190312603713,10.3,0.7437185929648241,Japanese,iter_A
Hiromi_75,Hiromi,75,0.2080668887179213,9.4,0.6902390438247012,Japanese,iter_A
Hiromi_76,Hiromi,76,0.19133858969876597,11.5,0.7261146496815286,Japanese,iter_A
Hiromi_77,Hiromi,77,0.1864446209764693,11.4,0.7585959885386819,Japanese,iter_A
Hiromi_78,Hiromi,78,0.18922256868607487,12.8,0.7571942446043165,Japanese,iter_A
Hiromi_79,Hiromi,79,0.20441440096858926,10.6,0.7130153597413096,Japanese,iter_A
Hiromi_8,Hiromi,8,0.2261498390615717,9,0.6869009584664537,Japanese,iter_A
Hiromi_80,Hiromi,80,0.19045081939639003,10.3,0.753731343283582,Japanese,iter_A
Hiromi_81,Hiromi,81,0.20428442091279717,10.2,0.7069408740359897,Japanese,iter_A
Hiromi_82,Hiromi,82,0.20419851287351995,12.6,0.8091743119266055,Japanese,iter_A
Hiromi_83,Hiromi,83,0.19131609340073252,11.1,0.7511210762331838,Japanese,iter_A
Hiromi_84,Hiromi,84,0.24698381191145732,10.2,0.671957671957672,Japanese,iter_A
Hiromi_85,Hiromi,85,0.19267855965015027,13.4,0.7864554888039322,Japanese,iter_A
Hiromi_86,Hiromi,86,0.18711752581303298,9.3,0.6196319018404908,Japanese,iter_A
Hiromi_87,Hiromi,87,0.21224071605164374,8.2,0.6428571428571429,Japanese,iter_A
Hiromi_88,Hiromi,88,0.265703813120531,10.2,0.7190305206463196,Japanese,iter_A
Hiromi_89,Hiromi,89,0.20855326969808868,10.9,0.6825518831667948,Japanese,iter_A
Hiromi_9,Hiromi,9,0.17863332163438878,12.8,0.8243478260869566,Japanese,iter_A
Hiromi_90,Hiromi,90,0.18449250167965667,12.4,0.7864615384615384,Japanese,iter_A
Hiromi_91,Hiromi,91,0.19194823896564203,7.7,0.5112676056338028,Japanese,iter_A
Hiromi_92,Hiromi,92,0.20857644425684418,11,0.7522935779816514,Japanese,iter_A
Hiromi_93,Hiromi,93,0.2108474120471104,10.1,0.6404805914972274,Japanese,iter_A
Hiromi_94,Hiromi,94,0.23771419615733383,9.4,0.6652977412731006,Japanese,iter_A
Hiromi_95,Hiromi,95,0.21150504893747096,12.1,0.755353666450357,Japanese,iter_A
Hiromi_96,Hiromi,96,0.2062426459659626,10.5,0.747564935064935,Japanese,iter_A
Hiromi_97,Hiromi,97,0.22473047699210036,11.6,0.7387258410880458,Japanese,iter_A
Hiromi_98,Hiromi,98,0.2177135534568349,11,0.7208398133748056,Japanese,iter_A
Hiromi_99,Hiromi,99,0.21253295053768767,10,0.743978590544157,Japanese,iter_A
Ivy_1,Ivy,1,0.3078447538623929,3.7,0.6030150753768844,UK,iter_A
Ivy_10,Ivy,10,0.29581222061978296,4.4,0.6517241379310345,UK,iter_A
Ivy_100,Ivy,100,0.4713349314644728,2.9,0.3626373626373626,UK,iter_A
Ivy_11,Ivy,11,0.3307837318138367,5.5,0.6466165413533834,UK,iter_A
Ivy_12,Ivy,12,0.2726685841746765,4.8,0.6448598130841121,UK,iter_A
Ivy_13,Ivy,13,0.3270638851556715,4.6,0.6459854014598541,UK,iter_A
Ivy_14,Ivy,14,0.3464172767089295,4.5,0.503731343283582,UK,iter_A
Ivy_15,Ivy,15,0.31475694601741294,3.8,0.6103896103896104,UK,iter_A
Ivy_16,Ivy,16,0.2556310926984004,3.9,0.627906976744186,UK,iter_A
Ivy_17,Ivy,17,0.40933248405692946,3.4,0.5337423312883436,UK,iter_A
Ivy_18,Ivy,18,0.2284504749542566,4.5,0.6276595744680851,UK,iter_A
Ivy_19,Ivy,19,0.33048963058322867,5.9,0.5420792079207921,UK,iter_A
Ivy_2,Ivy,2,0.36680412028801734,2.9,0.4322033898305085,UK,iter_A
Ivy_20,Ivy,20,0.33008730067886777,4.5,0.6156716417910447,UK,iter_A
Ivy_21,Ivy,21,0.29425054558824454,5.8,0.6439024390243903,UK,iter_A
Ivy_22,Ivy,22,0.27096956675012923,4.9,0.5512048192771084,UK,iter_A
Ivy_23,Ivy,23,0.24130428355384492,2.6,0.6724137931034483,UK,iter_A
Ivy_24,Ivy,24,0.33452339810239917,4.8,0.6504854368932039,UK,iter_A
Ivy_25,Ivy,25,0.2528805272468615,2.3,0.5,UK,iter_A
Ivy_26,Ivy,26,0.32799451721669765,4.6,0.5609756097560976,UK,iter_A
Ivy_27,Ivy,27,0.25281384070437124,4.3,0.6642066420664207,UK,iter_A
Ivy_28,Ivy,28,0.32014882206285294,3.9,0.6371681415929203,UK,iter_A
Ivy_29,Ivy,29,0.19986092532612998,3.7,0.7953488372093023,UK,iter_A
Ivy_3,Ivy,3,0.29037054077381363,3.9,0.5648535564853556,UK,iter_A
Ivy_30,Ivy,30,0.24075648914310122,3.9,0.64,UK,iter_A
Ivy_31,Ivy,31,0.3150619381517107,4.5,0.5956678700361011,UK,iter_A
Ivy_32,Ivy,32,0.3242708983635119,3,0.6293706293706294,UK,iter_A
Ivy_33,Ivy,33,0.3050438418321735,3,0.5526315789473685,UK,iter_A
Ivy_34,Ivy,34,0.5061237704958167,2.2,0.44776119402985076,UK,iter_A
Ivy_35,Ivy,35,0.3448021329400559,4,0.5466666666666666,UK,iter_A
Ivy_36,Ivy,36,0.2795682630886603,6,0.590047393364929,UK,iter_A
Ivy_37,Ivy,37,0.360971795956509,4,0.7407407407407407,UK,iter_A
Ivy_38,Ivy,38,0.27497098668231795,2.8,0.5813953488372093,UK,iter_A
Ivy_39,Ivy,39,0.2834911279463935,5.7,0.636568848758465,UK,iter_A
Ivy_4,Ivy,4,0.27003768088298225,5.1,0.6035502958579881,UK,iter_A
Ivy_40,Ivy,40,0.38911012982524473,4.8,0.5876288659793815,UK,iter_A
Ivy_41,Ivy,41,0.32567571873311835,4.5,0.5373134328358209,UK,iter_A
Ivy_42,Ivy,42,0.22573320896363722,3,0.7346938775510204,UK,iter_A
Ivy_43,Ivy,43,0.28741816839358647,2.8,0.5454545454545454,UK,iter_A
Ivy_44,Ivy,44,0.31058362253882843,2.4,0.6477272727272727,UK,iter_A
Ivy_45,Ivy,45,0.3432310804807005,2.4,0.5294117647058824,UK,iter_A
Ivy_46,Ivy,46,0.38017181434505126,3.9,0.6,UK,iter_A
Ivy_47,Ivy,47,0.3380966579387012,2.5,0.5666666666666667,UK,iter_A
Ivy_48,Ivy,48,0.3218635589787482,5.2,0.6349206349206349,UK,iter_A
Ivy_49,Ivy,49,0.27720492901521143,6.3,0.5340659340659341,UK,iter_A
Ivy_5,Ivy,5,0.34983936096094176,3.2,0.48936170212765956,UK,iter_A
Ivy_50,Ivy,50,0.33271346500147875,2.8,0.576,UK,iter_A
Ivy_51,Ivy,51,0.35401004577852124,4.4,0.6621621621621622,UK,iter_A
Ivy_52,Ivy,52,0.31921439076254005,3.3,0.5165562913907285,UK,iter_A
Ivy_53,Ivy,53,0.28003823430322633,6.5,0.6299376299376299,UK,iter_A
Ivy_54,Ivy,54,0.28772723447471094,4.9,0.6265822784810127,UK,iter_A
Ivy_55,Ivy,55,0.35028663847271113,4,0.5633802816901409,UK,iter_A
Ivy_56,Ivy,56,0.3044628485515944,5.5,0.5461741424802111,UK,iter_A
Ivy_57,Ivy,57,0.23671291375710787,4.8,0.688953488372093,UK,iter_A
Ivy_58,Ivy,58,0.4748651554639255,3.4,0.5307692307692308,UK,iter_A
Ivy_59,Ivy,59,0.37627760693355305,4.4,0.5338983050847458,UK,iter_A
Ivy_6,Ivy,6,0.4606170541206198,4.2,0.6082949308755761,UK,iter_A
Ivy_60,Ivy,60,0.4203579712949191,3.9,0.48333333333333334,UK,iter_A
Ivy_61,Ivy,61,0.43417488523822206,2.2,0.5753424657534246,UK,iter_A
Ivy_62,Ivy,62,0.32231937046240794,4.6,0.635036496350365,UK,iter_A
Ivy_63,Ivy,63,0.322791433648579,3.7,0.5204081632653061,UK,iter_A
Ivy_64,Ivy,64,0.24029863665567475,4.1,0.676595744680851,UK,iter_A
Ivy_65,Ivy,65,0.4903588170670724,2.4,0.4177215189873418,UK,iter_A
Ivy_66,Ivy,66,0.2672142837598665,4.7,0.6346153846153846,UK,iter_A
Ivy_67,Ivy,67,0.24442083742292287,5.5,0.656934306569343,UK,iter_A
Ivy_68,Ivy,68,0.3903603721156492,1.9,0.46153846153846156,UK,iter_A
Ivy_69,Ivy,69,0.26447891818365116,5.1,0.6253776435045317,UK,iter_A
Ivy_7,Ivy,7,0.38476797254724804,1.7,0.16216216216216217,UK,iter_A
Ivy_70,Ivy,70,0.35704303564373574,3.1,0.6470588235294118,UK,iter_A
Ivy_71,Ivy,71,0.35166364629212776,3.6,0.5833333333333334,UK,iter_A
Ivy_72,Ivy,72,0.35928504427629304,4.9,0.5955882352941176,UK,iter_A
Ivy_73,Ivy,73,0.3248895930142088,2.3,0.5172413793103449,UK,iter_A
Ivy_74,Ivy,74,0.28479686920493574,6.7,0.648506151142355,UK,iter_A
Ivy_75,Ivy,75,0.2815989837937567,3.5,0.7150259067357513,UK,iter_A
Ivy_76,Ivy,76,0.31752423140025193,3.8,0.6515151515151515,UK,iter_A
Ivy_77,Ivy,77,0.36313633557454794,3.5,0.5471698113207547,UK,iter_A
Ivy_78,Ivy,78,0.3710882956408664,4.3,0.5879396984924623,UK,iter_A
Ivy_79,Ivy,79,0.43319851709210844,2.9,0.42857142857142855,UK,iter_A
Ivy_8,Ivy,8,0.2877814110738739,4.7,0.574468085106383,UK,iter_A
Ivy_80,Ivy,80,0.2755769394527199,3.6,0.6030927835051546,UK,iter_A
Ivy_81,Ivy,81,0.33075793768216033,3.7,0.5056179775280899,UK,iter_A
Ivy_82,Ivy,82,0.28751336865880484,6.8,0.6240875912408759,UK,iter_A
Ivy_83,Ivy,83,0.340709861799453,2.5,0.4675324675324675,UK,iter_A
Ivy_84,Ivy,84,0.42044806200678214,3,0.5769230769230769,UK,iter_A
Ivy_85,Ivy,85,0.3962098465060936,3.4,0.40540540540540543,UK,iter_A
Ivy_86,Ivy,86,0.39945251537012905,3.2,0.5,UK,iter_A
Ivy_87,Ivy,87,0.3648560762802877,3,0.43795620437956206,UK,iter_A
Ivy_88,Ivy,88,0.3381051240622317,2,0.5357142857142857,UK,iter_A
Ivy_89,Ivy,89,0.2917644486129606,3.7,0.6243654822335025,UK,iter_A
Ivy_9,Ivy,9,0.5483413661808166,2.5,0.5185185185185185,UK,iter_A
Ivy_90,Ivy,90,0.3691126585047903,4.2,0.6,UK,iter_A
Ivy_91,Ivy,91,0.29099410105233875,4.5,0.6232394366197183,UK,iter_A
Ivy_92,Ivy,92,0.3652696646455694,5.2,0.6329479768786127,UK,iter_A
Ivy_93,Ivy,93,0.3074999099224586,5.2,0.5909090909090909,UK,iter_A
Ivy_94,Ivy,94,0.253179918026901,4.9,0.6763005780346821,UK,iter_A
Ivy_95,Ivy,95,0.4531206022710893,2.6,0.53125,UK,iter_A
Ivy_96,Ivy,96,0.3595765605039217,3.7,0.5663265306122449,UK,iter_A
Ivy_97,Ivy,97,0.321819887135053,4.2,0.5714285714285714,UK,iter_A
Ivy_98,Ivy,98,0.43174770180246963,2.7,0.39473684210526316,UK,iter_A
Ivy_99,Ivy,99,0.4579654712260865,3.4,0.5294117647058824,UK,iter_A
Julien_1,Julien,1,0.1945821347380621,9.9,0.5988960441582337,French,iter_A
Julien_10,Julien,10,0.20282888690911438,11.1,0.6940133037694013,French,iter_A
Julien_100,Julien,100,0.15981477247354997,11.7,0.6621803499327052,French,iter_A
Julien_11,Julien,11,0.18700026204710093,11.4,0.6888731396172927,French,iter_A
Julien_12,Julien,12,0.20537120168181747,10.4,0.6440957886044592,French,iter_A
Julien_13,Julien,13,0.18883470171734026,11.3,0.6741818181818182,French,iter_A
Julien_14,Julien,14,0.2010176512051448,11,0.6485849056603774,French,iter_A
Julien_15,Julien,15,0.18961085204478842,10,0.5873161764705882,French,iter_A
Julien_16,Julien,16,0.18709915289072174,10.3,0.6072351421188631,French,iter_A
Julien_17,Julien,17,0.2002952788385455,9.5,0.5705521472392638,French,iter_A
Julien_18,Julien,18,0.18863395911671468,11.4,0.6646971935007385,French,iter_A
Julien_19,Julien,19,0.20283916449482545,9.1,0.5724946695095949,French,iter_A
Julien_2,Julien,2,0.18926862268227534,11.3,0.666420664206642,French,iter_A
Julien_20,Julien,20,0.2038668656766065,9.9,0.6010978956999085,French,iter_A
Julien_21,Julien,21,0.19198296295565168,10.4,0.6302521008403361,French,iter_A
Julien_22,Julien,22,0.20211782198094974,10.7,0.6377759607522485,French,iter_A
Julien_23,Julien,23,0.1945783888178426,11.2,0.6572519083969466,French,iter_A
Julien_24,Julien,24,0.17435250742996203,11.6,0.6643454038997214,French,iter_A
Julien_25,Julien,25,0.20602641776368327,11.1,0.6940133037694013,French,iter_A
Julien_26,Julien,26,0.20305324766577224,9.7,0.612410071942446,French,iter_A
Julien_27,Julien,27,0.18719125806472667,11.5,0.6950207468879668,French,iter_A
Julien_28,Julien,28,0.2017096507188911,10.6,0.6553998351195384,French,iter_A
Julien_29,Julien,29,0.18669453394471433,10.4,0.5953408110440035,French,iter_A
Julien_3,Julien,3,0.19907593650711825,10,0.6052863436123348,French,iter_A
Julien_30,Julien,30,0.18374369053391934,11.9,0.6968264686022958,French,iter_A
Julien_31,Julien,31,0.1918867745984885,11.3,0.6666666666666666,French,iter_A
Julien_32,Julien,32,0.18799484985138998,9.8,0.5661971830985916,French,iter_A
Julien_33,Julien,33,0.2029574516948835,10.6,0.6553998351195384,French,iter_A
Julien_34,Julien,34,0.20594250231171696,11.4,0.6974248927038627,French,iter_A
Julien_35,Julien,35,0.18902274292414534,9.9,0.5983606557377049,French,iter_A
Julien_36,Julien,36,0.18783642325999972,11.1,0.6417112299465241,French,iter_A
Julien_37,Julien,37,0.1835896434687296,11.4,0.6487695749440716,French,iter_A
Julien_38,Julien,38,0.19980248931818484,9.3,0.56875,French,iter_A
Julien_39,Julien,39,0.18965464440420507,10.6,0.6384,French,iter_A
Julien_4,Julien,4,0.18692928288068175,11.2,0.6448170731707317,French,iter_A
Julien_40,Julien,40,0.19274914501527043,11.7,0.6944248412138321,French,iter_A
Julien_41,Julien,41,0.19735729853541503,10.7,0.6433793663688059,French,iter_A
Julien_42,Julien,42,0.19309352112753578,10.1,0.6047745358090185,French,iter_A
Julien_43,Julien,43,0.20587656311575583,9.7,0.6046738072054528,French,iter_A
Julien_44,Julien,44,0.18740647256581747,11.3,0.6837107377647919,French,iter_A
Julien_45,Julien,45,0.1905474875672183,11.4,0.6900420757363254,French,iter_A
Julien_46,Julien,46,0.18700026204710105,11.4,0.6733812949640288,French,iter_A
Julien_47,Julien,47,0.20763741795638782,9.1,0.5612691466083151,French,iter_A
Julien_48,Julien,48,0.19854554178024725,10.6,0.6447688564476886,French,iter_A
Julien_49,Julien,49,0.17898007936952395,11,0.6769911504424779,French,iter_A
Julien_5,Julien,5,0.18637269112320246,10.6,0.615,French,iter_A
Julien_50,Julien,50,0.18750753281876179,10.7,0.6510538641686182,French,iter_A
Julien_51,Julien,51,0.18469869344113354,9.8,0.5734072022160664,French,iter_A
Julien_52,Julien,52,0.18643880511240668,10.6,0.6398687448728466,French,iter_A
Julien_53,Julien,53,0.1884563746836062,11.5,0.6808510638297872,French,iter_A
Julien_54,Julien,54,0.17196007484475065,12,0.6933683519369666,French,iter_A
Julien_55,Julien,55,0.20336554397923232,11,0.6748278500382555,French,iter_A
Julien_56,Julien,56,0.1892423295837305,11.3,0.6525679758308157,French,iter_A
Julien_57,Julien,57,0.19825583800977006,11.6,0.7073509015256588,French,iter_A
Julien_58,Julien,58,0.17735512466907224,11.4,0.6676300578034682,French,iter_A
Julien_59,Julien,59,0.19351471874021478,11.2,0.6751638747268754,French,iter_A
Julien_6,Julien,6,0.17354774428514647,10.7,0.6421947449768161,French,iter_A
Julien_60,Julien,60,0.18810591939021487,11.7,0.688764829030007,French,iter_A
Julien_61,Julien,61,0.19177799498345752,10.9,0.6590389016018307,French,iter_A
Julien_62,Julien,62,0.1910650004682595,9.1,0.5514705882352942,French,iter_A
Julien_63,Julien,63,0.19791543552035343,10.6,0.6394671107410491,French,iter_A
Julien_64,Julien,64,0.19086881005988265,11.7,0.7025187202178352,French,iter_A
Julien_65,Julien,65,0.20654945819857665,10,0.6082568807339449,French,iter_A
Julien_66,Julien,66,0.19528752899344337,10,0.624,French,iter_A
Julien_67,Julien,67,0.18405948893024718,11.3,0.6603910209992759,French,iter_A
Julien_68,Julien,68,0.2050969383228959,11,0.6645569620253164,French,iter_A
Julien_69,Julien,69,0.17672279604991067,11.4,0.6815240833932422,French,iter_A
Julien_7,Julien,7,0.1915929323252443,11.5,0.6969909027291813,French,iter_A
Julien_70,Julien,70,0.1982558380097702,11.6,0.6974789915966386,French,iter_A
Julien_71,Julien,71,0.20479359438704167,9.8,0.62580054894785,French,iter_A
Julien_72,Julien,72,0.18857411896325593,11.8,0.7031564808596373,French,iter_A
Julien_73,Julien,73,0.20223178549087273,11.5,0.6815193571950329,French,iter_A
Julien_74,Julien,74,0.19515447458679377,10.7,0.6468222043443282,French,iter_A
Julien_75,Julien,75,0.19888455297320431,10.1,0.6037906137184116,French,iter_A
Julien_76,Julien,76,0.1646157957968296,11.4,0.6571834992887624,French,iter_A
Julien_77,Julien,77,0.1870619898237304,11.4,0.6470149253731343,French,iter_A
Julien_78,Julien,78,0.1905474875672181,11.4,0.6900420757363254,French,iter_A
Julien_79,Julien,79,0.2046286099038959,10.7,0.6606583072100314,French,iter_A
Julien_8,Julien,8,0.17496825233043747,11.5,0.6691988950276243,French,iter_A
Julien_80,Julien,80,0.20482080916499587,10.2,0.6424870466321243,French,iter_A
Julien_81,Julien,81,0.19966955914953224,11.6,0.684971098265896,French,iter_A
Julien_82,Julien,82,0.18878040384643496,11.6,0.6874115983026874,French,iter_A
Julien_83,Julien,83,0.2025199266783357,9.2,0.5669781931464174,French,iter_A
Julien_84,Julien,84,0.19853717090206802,10.5,0.6237113402061856,French,iter_A
Julien_85,Julien,85,0.20567994630127764,10.1,0.6262265834076717,French,iter_A
Julien_86,Julien,86,0.2008350330764729,10.4,0.6462699077954736,French,iter_A
Julien_87,Julien,87,0.20714454038013622,10.1,0.6303191489361702,French,iter_A
Julien_88,Julien,88,0.2055069618815522,11.3,0.680482290881688,French,iter_A
Julien_89,Julien,89,0.19663105731958996,11.1,0.6641394996209249,French,iter_A
Julien_9,Julien,9,0.19074798970923285,10.1,0.6151172893136403,French,iter_A
Julien_90,Julien,90,0.17645301771142824,12,0.7017994858611826,French,iter_A
Julien_91,Julien,91,0.19451779553671986,10.1,0.6094570928196147,French,iter_A
Julien_92,Julien,92,0.19363836259499836,10.9,0.656832298136646,French,iter_A
Julien_93,Julien,93,0.17530332601843682,11.8,0.6992031872509961,French,iter_A
Julien_94,Julien,94,0.1756535330934571,11.5,0.6733842946490618,French,iter_A
Julien_95,Julien,95,0.1963151464758142,10.9,0.6591086786551994,French,iter_A
Julien_96,Julien,96,0.1889915150593952,11.3,0.6536438767843726,French,iter_A
Julien_97,Julien,97,0.18743642131213267,11.3,0.6637931034482759,French,iter_A
Julien_98,Julien,98,0.1878737771398375,11.8,0.7058823529411765,French,iter_A
Julien_99,Julien,99,0.2007908048159895,9.9,0.5882352941176471,French,iter_A
Kazuko_1,Kazuko,1,0.3039425718308545,5.7,0.5833333333333334,Japanese,iter_A
Kazuko_10,Kazuko,10,0.2709153551128721,7.8,0.6878698224852071,Japanese,iter_A
Kazuko_100,Kazuko,100,0.25459037434385967,9.6,0.6840490797546013,Japanese,iter_A
Kazuko_11,Kazuko,11,0.2932398830845912,6.7,0.668041237113402,Japanese,iter_A
Kazuko_12,Kazuko,12,0.22013716615464607,10.1,0.7901668129938543,Japanese,iter_A
Kazuko_13,Kazuko,13,0.256463386544829,8.1,0.6409090909090909,Japanese,iter_A
Kazuko_14,Kazuko,14,0.42874863260921237,4.9,0.7366548042704626,Japanese,iter_A
Kazuko_15,Kazuko,15,0.23433374229521275,10.7,0.7228596646072374,Japanese,iter_A
Kazuko_16,Kazuko,16,0.2703273911672405,7.8,0.7449664429530202,Japanese,iter_A
Kazuko_17,Kazuko,17,0.3605770630482276,6.7,0.6209150326797386,Japanese,iter_A
Kazuko_18,Kazuko,18,0.31192352749519103,7.7,0.6111111111111112,Japanese,iter_A
Kazuko_19,Kazuko,19,0.266575137886638,8.4,0.711340206185567,Japanese,iter_A
Kazuko_2,Kazuko,2,0.2718897225880267,7.9,0.6323529411764706,Japanese,iter_A
Kazuko_20,Kazuko,20,0.29197780275034163,7.4,0.6919504643962848,Japanese,iter_A
Kazuko_21,Kazuko,21,0.35878939598450843,5.8,0.6457765667574932,Japanese,iter_A
Kazuko_22,Kazuko,22,0.2552535763780649,8,0.6299559471365639,Japanese,iter_A
Kazuko_23,Kazuko,23,0.3790732756059655,6.5,0.7780082987551867,Japanese,iter_A
Kazuko_24,Kazuko,24,0.2477848123481478,11,0.7553444180522565,Japanese,iter_A
Kazuko_25,Kazuko,25,0.307949445339859,6.7,0.6627906976744186,Japanese,iter_A
Kazuko_26,Kazuko,26,0.2372334310349511,9.5,0.6764705882352942,Japanese,iter_A
Kazuko_27,Kazuko,27,0.2866595922657585,6.8,0.5524625267665952,Japanese,iter_A
Kazuko_28,Kazuko,28,0.30532758924743564,6.4,0.6363636363636364,Japanese,iter_A
Kazuko_29,Kazuko,29,0.2936793939167991,7.8,0.6448170731707317,Japanese,iter_A
Kazuko_3,Kazuko,3,0.23783090635068538,8,0.7037037037037037,Japanese,iter_A
Kazuko_30,Kazuko,30,0.2174630433902197,10.2,0.6778711484593838,Japanese,iter_A
Kazuko_31,Kazuko,31,0.2626693497076212,8.5,0.8197674418604651,Japanese,iter_A
Kazuko_32,Kazuko,32,0.2898929557762822,8,0.6859623733719248,Japanese,iter_A
Kazuko_33,Kazuko,33,0.33099147550826535,5.8,0.66,Japanese,iter_A
Kazuko_34,Kazuko,34,0.2675815244064161,8.3,0.7613636363636364,Japanese,iter_A
Kazuko_35,Kazuko,35,0.2295812905518036,9.6,0.7658959537572254,Japanese,iter_A
Kazuko_36,Kazuko,36,0.30654647995461565,6.9,0.6412213740458015,Japanese,iter_A
Kazuko_37,Kazuko,37,0.24674164891392972,9.9,0.7185114503816794,Japanese,iter_A
Kazuko_38,Kazuko,38,0.26448874204857603,8.6,0.6944818304172274,Japanese,iter_A
Kazuko_39,Kazuko,39,0.26527320201931226,8.7,0.6445012787723785,Japanese,iter_A
Kazuko_4,Kazuko,4,0.25307000175616373,6.7,0.7527472527472527,Japanese,iter_A
Kazuko_40,Kazuko,40,0.2678876600116219,9.6,0.6784232365145229,Japanese,iter_A
Kazuko_41,Kazuko,41,0.29004793222617603,8.6,0.705237515225335,Japanese,iter_A
Kazuko_42,Kazuko,42,0.24592273021766314,10.3,0.7684859154929577,Japanese,iter_A
Kazuko_43,Kazuko,43,0.2712976358793315,7.4,0.6042031523642732,Japanese,iter_A
Kazuko_44,Kazuko,44,0.31583571270554206,6.3,0.6283783783783784,Japanese,iter_A
Kazuko_45,Kazuko,45,0.30184544398002827,8.2,0.6833333333333333,Japanese,iter_A
Kazuko_46,Kazuko,46,0.24874706136387098,7.1,0.7375415282392026,Japanese,iter_A
Kazuko_47,Kazuko,47,0.34387311852979896,7,0.6181474480151229,Japanese,iter_A
Kazuko_48,Kazuko,48,0.25815284383066084,7.9,0.6251944012441679,Japanese,iter_A
Kazuko_49,Kazuko,49,0.36090690727965336,6.4,0.6673728813559322,Japanese,iter_A
Kazuko_5,Kazuko,5,0.27405357098479455,8.4,0.665742024965326,Japanese,iter_A
Kazuko_50,Kazuko,50,0.2805414884176341,7.5,0.7291361639824304,Japanese,iter_A
Kazuko_51,Kazuko,51,0.3387885211755219,7,0.7085427135678392,Japanese,iter_A
Kazuko_52,Kazuko,52,0.2543199237648147,7.7,0.6701183431952663,Japanese,iter_A
Kazuko_53,Kazuko,53,0.2557939251100234,8.7,0.6931677018633541,Japanese,iter_A
Kazuko_54,Kazuko,54,0.2604210926873052,8.9,0.7290697674418605,Japanese,iter_A
Kazuko_55,Kazuko,55,0.23182347180273516,10.6,0.7427312775330397,Japanese,iter_A
Kazuko_56,Kazuko,56,0.2668378201129072,8.9,0.6630434782608695,Japanese,iter_A
Kazuko_57,Kazuko,57,0.2511614253518095,8.7,0.7110036275695284,Japanese,iter_A
Kazuko_58,Kazuko,58,0.26572658604991606,8.3,0.6615811373092927,Japanese,iter_A
Kazuko_59,Kazuko,59,0.26144275012951934,8.7,0.6795994993742178,Japanese,iter_A
Kazuko_6,Kazuko,6,0.24470184763340053,9.3,0.7266881028938906,Japanese,iter_A
Kazuko_60,Kazuko,60,0.2944444676724651,8.9,0.7586206896551724,Japanese,iter_A
Kazuko_61,Kazuko,61,0.28214543201086945,7.7,0.6671511627906976,Japanese,iter_A
Kazuko_62,Kazuko,62,0.29135172420513444,6.9,0.592436974789916,Japanese,iter_A
Kazuko_63,Kazuko,63,0.31422596644733075,5.9,0.6187050359712231,Japanese,iter_A
Kazuko_64,Kazuko,64,0.2947839596451575,6.8,0.6992481203007519,Japanese,iter_A
Kazuko_65,Kazuko,65,0.2542654858065026,9,0.7233065442020666,Japanese,iter_A
Kazuko_66,Kazuko,66,0.2709526703477419,7.6,0.6528,Japanese,iter_A
Kazuko_67,Kazuko,67,0.2209024386670888,10.5,0.7788944723618091,Japanese,iter_A
Kazuko_68,Kazuko,68,0.35699364394727817,5.2,0.5923566878980892,Japanese,iter_A
Kazuko_69,Kazuko,69,0.25715704211978496,7.2,0.6640502354788069,Japanese,iter_A
Kazuko_7,Kazuko,7,0.3025141404370267,6.6,0.5929549902152642,Japanese,iter_A
Kazuko_70,Kazuko,70,0.24987280202507028,8.6,0.6955414012738853,Japanese,iter_A
Kazuko_71,Kazuko,71,0.21187567020459303,9.9,0.7639925373134329,Japanese,iter_A
Kazuko_72,Kazuko,72,0.29062597857358335,7.2,0.7567567567567568,Japanese,iter_A
Kazuko_73,Kazuko,73,0.257242834722602,8.8,0.6688918558077437,Japanese,iter_A
Kazuko_74,Kazuko,74,0.2624529009976073,9.3,0.6271186440677966,Japanese,iter_A
Kazuko_75,Kazuko,75,0.24496483435394403,10,0.7406340057636888,Japanese,iter_A
Kazuko_76,Kazuko,76,0.24133469692123674,8.9,0.7214285714285714,Japanese,iter_A
Kazuko_77,Kazuko,77,0.27070330333110926,6.9,0.6511627906976745,Japanese,iter_A
Kazuko_78,Kazuko,78,0.3582269572886451,7.1,0.6776061776061776,Japanese,iter_A
Kazuko_79,Kazuko,79,0.2241572114764111,10.4,0.7244986922406277,Japanese,iter_A
Kazuko_8,Kazuko,8,0.29247427829399086,5.9,0.522077922077922,Japanese,iter_A
Kazuko_80,Kazuko,80,0.26673888202377793,9.4,0.7005586592178771,Japanese,iter_A
Kazuko_81,Kazuko,81,0.26832760086601726,9.2,0.7184466019417476,Japanese,iter_A
Kazuko_82,Kazuko,82,0.32976328667968136,6.3,0.6951983298538622,Japanese,iter_A
Kazuko_83,Kazuko,83,0.2582787662340421,9.8,0.6617647058823529,Japanese,iter_A
Kazuko_84,Kazuko,84,0.27332211235405574,7.9,0.7126600284495022,Japanese,iter_A
Kazuko_85,Kazuko,85,0.3016194205478406,6.3,0.5518134715025906,Japanese,iter_A
Kazuko_86,Kazuko,86,0.22169455301195473,11.2,0.7291021671826625,Japanese,iter_A
Kazuko_87,Kazuko,87,0.25361078939157805,8.1,0.6281112737920937,Japanese,iter_A
Kazuko_88,Kazuko,88,0.2781455277300165,7.2,0.7386018237082067,Japanese,iter_A
Kazuko_89,Kazuko,89,0.29359651259436026,7.9,0.6018808777429467,Japanese,iter_A
Kazuko_9,Kazuko,9,0.30074185094276273,8.9,0.7,Japanese,iter_A
Kazuko_90,Kazuko,90,0.34101966882441037,7.1,0.6468401486988847,Japanese,iter_A
Kazuko_91,Kazuko,91,0.31167931348633104,7.9,0.723433242506812,Japanese,iter_A
Kazuko_92,Kazuko,92,0.24513327905467905,7.7,0.7144846796657381,Japanese,iter_A
Kazuko_93,Kazuko,93,0.263916221900956,8.1,0.6215827338129496,Japanese,iter_A
Kazuko_94,Kazuko,94,0.26119563788847405,9.6,0.6303370786516854,Japanese,iter_A
Kazuko_95,Kazuko,95,0.24402886748365496,11.3,0.7551330798479088,Japanese,iter_A
Kazuko_96,Kazuko,96,0.23385530480448433,10.8,0.7163793103448276,Japanese,iter_A
Kazuko_97,Kazuko,97,0.30490314590971923,5.5,0.6766917293233082,Japanese,iter_A
Kazuko_98,Kazuko,98,0.2667811611516528,9.1,0.7273706896551724,Japanese,iter_A
Kazuko_99,Kazuko,99,0.28680697535058386,9,0.7542087542087542,Japanese,iter_A
Lewis_1,Lewis,1,0.3468074641021298,6,0.6580645161290323,UK,iter_A
Lewis_10,Lewis,10,0.2304106970391596,9.5,0.7434402332361516,UK,iter_A
Lewis_100,Lewis,100,0.25178923360410127,5.9,0.5879732739420935,UK,iter_A
Lewis_11,Lewis,11,0.2684520563558542,6.6,0.7102473498233216,UK,iter_A
Lewis_12,Lewis,12,0.18113694319195403,8.3,0.666270783847981,UK,iter_A
Lewis_13,Lewis,13,0.25152142092955404,5.8,0.5736263736263736,UK,iter_A
Lewis_14,Lewis,14,0.24499706292680973,7.2,0.6765163297045101,UK,iter_A
Lewis_15,Lewis,15,0.2554122572803608,6.5,0.5865921787709497,UK,iter_A
Lewis_16,Lewis,16,0.2864899125517945,8.4,0.6596273291925466,UK,iter_A
Lewis_17,Lewis,17,0.19972716338902133,8.7,0.5805330243337196,UK,iter_A
Lewis_18,Lewis,18,0.3457584707752063,6,0.5973154362416108,UK,iter_A
Lewis_19,Lewis,19,0.22101023401242473,7.7,0.5691868758915835,UK,iter_A
Lewis_2,Lewis,2,0.22791572471268687,5.4,0.6116504854368932,UK,iter_A
Lewis_20,Lewis,20,0.22569153934891029,8.6,0.7960526315789473,UK,iter_A
Lewis_21,Lewis,21,0.2595894061311189,8,0.6727509778357236,UK,iter_A
Lewis_22,Lewis,22,0.2629051641682225,7.4,0.6905829596412556,UK,iter_A
Lewis_23,Lewis,23,0.2460998921219719,7.3,0.6009463722397477,UK,iter_A
Lewis_24,Lewis,24,0.2482772533297432,5.9,0.6410256410256411,UK,iter_A
Lewis_25,Lewis,25,0.23795609975375018,6.2,0.6602316602316602,UK,iter_A
Lewis_26,Lewis,26,0.18845596574661583,10.7,0.7074340527577938,UK,iter_A
Lewis_27,Lewis,27,0.25303448892608443,7.3,0.6487730061349694,UK,iter_A
Lewis_28,Lewis,28,0.25869446265493556,7.2,0.6086261980830671,UK,iter_A
Lewis_29,Lewis,29,0.2580963205714841,6.4,0.5722543352601156,UK,iter_A
Lewis_3,Lewis,3,0.20996546672596786,10.1,0.6273764258555133,UK,iter_A
Lewis_30,Lewis,30,0.2577018515580855,7.3,0.6955177743431221,UK,iter_A
Lewis_31,Lewis,31,0.14263716090223513,6.3,0.6263736263736264,UK,iter_A
Lewis_32,Lewis,32,0.2170601354234857,8.9,0.576536312849162,UK,iter_A
Lewis_33,Lewis,33,0.21537959205607662,8,0.7063389391979301,UK,iter_A
Lewis_34,Lewis,34,0.2114886560743493,10,0.72,UK,iter_A
Lewis_35,Lewis,35,0.1507302587599391,8.2,0.7188612099644128,UK,iter_A
Lewis_36,Lewis,36,0.1883144037172053,8.9,0.5865921787709497,UK,iter_A
Lewis_37,Lewis,37,0.2085300641255141,9.7,0.7221189591078067,UK,iter_A
Lewis_38,Lewis,38,0.19813444107187914,8.1,0.6840148698884758,UK,iter_A
Lewis_39,Lewis,39,0.22336249253338633,7.4,0.7302052785923754,UK,iter_A
Lewis_4,Lewis,4,0.19078218879615202,6,0.6060606060606061,UK,iter_A
Lewis_40,Lewis,40,0.16299260053643091,8.5,0.5992779783393501,UK,iter_A
Lewis_41,Lewis,41,0.18902877068609517,8.3,0.5978260869565217,UK,iter_A
Lewis_42,Lewis,42,0.2776859709640044,6.7,0.6227436823104693,UK,iter_A
Lewis_43,Lewis,43,0.2076463723747461,8.8,0.6102857142857143,UK,iter_A
Lewis_44,Lewis,44,0.149005800605402,8,0.5398457583547558,UK,iter_A
Lewis_45,Lewis,45,0.26163217530430694,6.5,0.6146616541353384,UK,iter_A
Lewis_46,Lewis,46,0.20894257679651201,9.1,0.7329896907216494,UK,iter_A
Lewis_47,Lewis,47,0.18588404339373577,9.2,0.602510460251046,UK,iter_A
Lewis_48,Lewis,48,0.18148455068514088,10.4,0.7140495867768595,UK,iter_A
Lewis_49,Lewis,49,0.1957100700797364,9.7,0.665380906460945,UK,iter_A
Lewis_5,Lewis,5,0.20455258377989483,10.6,0.826625386996904,UK,iter_A
Lewis_50,Lewis,50,0.22379268501635205,10.2,0.7116402116402116,UK,iter_A
Lewis_51,Lewis,51,0.2271682186326779,7.3,0.6200317965023847,UK,iter_A
Lewis_52,Lewis,52,0.25958801770588663,8.3,0.6674816625916871,UK,iter_A
Lewis_53,Lewis,53,0.1657073959630502,6.6,0.5840266222961731,UK,iter_A
Lewis_54,Lewis,54,0.19160485446197473,4,0.5348837209302325,UK,iter_A
Lewis_55,Lewis,55,0.1804312807266059,10.5,0.5901639344262295,UK,iter_A
Lewis_56,Lewis,56,0.243276298599568,7.6,0.5862068965517241,UK,iter_A
Lewis_57,Lewis,57,0.20516359579877483,11.1,0.7356760886172651,UK,iter_A
Lewis_58,Lewis,58,0.2355197076680857,7.5,0.7208333333333333,UK,iter_A
Lewis_59,Lewis,59,0.21360289105734173,8.3,0.680047225501771,UK,iter_A
Lewis_6,Lewis,6,0.1995799102823419,7.8,0.5380434782608695,UK,iter_A
Lewis_60,Lewis,60,0.24151127737566203,7.1,0.6807511737089202,UK,iter_A
Lewis_61,Lewis,61,0.2839071521960403,5.4,0.5984848484848485,UK,iter_A
Lewis_62,Lewis,62,0.2344545659976981,8,0.6742021276595744,UK,iter_A
Lewis_63,Lewis,63,0.19925540026566102,6.5,0.5822550831792976,UK,iter_A
Lewis_64,Lewis,64,0.22562535125042635,6.5,0.5810055865921788,UK,iter_A
Lewis_65,Lewis,65,0.24949520688268734,8.6,0.7414965986394558,UK,iter_A
Lewis_66,Lewis,66,0.2161557687314126,6.9,0.6439522998296422,UK,iter_A
Lewis_67,Lewis,67,0.22039598887270054,8.6,0.6857142857142857,UK,iter_A
Lewis_68,Lewis,68,0.2799846353999032,8.3,0.7312722948870393,UK,iter_A
Lewis_69,Lewis,69,0.18338820982800638,11.6,0.7373595505617978,UK,iter_A
Lewis_7,Lewis,7,0.2193569878841473,8.2,0.6975,UK,iter_A
Lewis_70,Lewis,70,0.19842686452504632,4.9,0.5740740740740741,UK,iter_A
Lewis_71,Lewis,71,0.2236439508640025,9.2,0.637223974763407,UK,iter_A
Lewis_72,Lewis,72,0.24004674763386963,6.7,0.6302521008403361,UK,iter_A
Lewis_73,Lewis,73,0.2111796176258981,8.3,0.6875,UK,iter_A
Lewis_74,Lewis,74,0.2042740566709129,9.7,0.6564245810055865,UK,iter_A
Lewis_75,Lewis,75,0.2454836770941523,6.9,0.7112903225806452,UK,iter_A
Lewis_76,Lewis,76,0.20350357965871843,6.8,0.521311475409836,UK,iter_A
Lewis_77,Lewis,77,0.19731306995294348,8.5,0.6337543053960965,UK,iter_A
Lewis_78,Lewis,78,0.2393129518000108,6.8,0.6666666666666666,UK,iter_A
Lewis_79,Lewis,79,0.20750711072888628,11.1,0.7306525037936267,UK,iter_A
Lewis_8,Lewis,8,0.2602992977015398,6.6,0.5955882352941176,UK,iter_A
Lewis_80,Lewis,80,0.23198636861416974,8.9,0.6801752464403067,UK,iter_A
Lewis_81,Lewis,81,0.14801075085528737,8.4,0.6332179930795848,UK,iter_A
Lewis_82,Lewis,82,0.19057651407334872,9.6,0.70267686424474185,UK,iter_A
Lewis_83,Lewis,83,0.22695468802642058,6.4,0.6111111111111112,UK,iter_A
Lewis_84,Lewis,84,0.18979154411494023,10.3,0.6961038961038961,UK,iter_A
Lewis_85,Lewis,85,0.1774098551818317,9.3,0.6105371900826446,UK,iter_A
Lewis_86,Lewis,86,0.2893625933627229,6.1,0.4847161572052402,UK,iter_A
Lewis_87,Lewis,87,0.3058564469214511,6.9,0.5936952714535902,UK,iter_A
Lewis_88,Lewis,88,0.2865960110543621,7.4,0.6995515695067265,UK,iter_A
Lewis_89,Lewis,89,0.2742555603902942,7.4,0.6826625386996904,UK,iter_A
Lewis_9,Lewis,9,0.24633859322308665,9.6,0.6402805611222445,UK,iter_A
Lewis_90,Lewis,90,0.20788958854134157,7.7,0.7017783857729138,UK,iter_A
Lewis_91,Lewis,91,0.2341482513093896,10.9,0.7316495659037096,UK,iter_A
Lewis_92,Lewis,92,0.2326121234322165,7.8,0.5704514363885089,UK,iter_A
Lewis_93,Lewis,93,0.27317326650011725,6.4,0.7348066298342542,UK,iter_A
Lewis_94,Lewis,94,0.2185963494092287,7.6,0.594017094017094,UK,iter_A
Lewis_95,Lewis,95,0.16210853539816591,8.3,0.6497041420118344,UK,iter_A
Lewis_96,Lewis,96,0.2014897587079153,7.3,0.5868544600938967,UK,iter_A
Lewis_97,Lewis,97,0.2541020862822975,5.4,0.4881889763779528,UK,iter_A
Lewis_98,Lewis,98,0.2010346512978431,7.6,0.6671328671328671,UK,iter_A
Lewis_99,Lewis,99,0.16654485942906605,7,0.673374613003096,UK,iter_A
Mira_1,Mira,1,0.2788630208142383,5.7,0.5275590551181102,Finnish,iter_A
Mira_10,Mira,10,0.2412599088639837,4.7,0.4912891986062718,Finnish,iter_A
Mira_100,Mira,100,0.17869409554778584,3.7,0.5195530726256983,Finnish,iter_A
Mira_11,Mira,11,0.2855479708987346,6,0.6155660377358491,Finnish,iter_A
Mira_12,Mira,12,0.2578994437361947,6,0.5547945205479452,Finnish,iter_A
Mira_13,Mira,13,0.2845043993337007,6,0.5610972568578554,Finnish,iter_A
Mira_14,Mira,14,0.26810041093961506,7,0.6533575317604355,Finnish,iter_A
Mira_15,Mira,15,0.34039373706464865,4,0.4482758620689655,Finnish,iter_A
Mira_16,Mira,16,0.1801749904050716,4.5,0.6850393700787402,Finnish,iter_A
Mira_17,Mira,17,0.30593242063278014,5.3,0.5217391304347826,Finnish,iter_A
Mira_18,Mira,18,0.23978057195653643,5.5,0.5561797752808989,Finnish,iter_A
Mira_19,Mira,19,0.2631480940722149,6.7,0.5907335907335908,Finnish,iter_A
Mira_2,Mira,2,0.2874665669163338,5.8,0.616751269035533,Finnish,iter_A
Mira_20,Mira,20,0.2812031093877344,6.1,0.5408653846153846,Finnish,iter_A
Mira_21,Mira,21,0.30528415377569335,6.2,0.6216216216216216,Finnish,iter_A
Mira_22,Mira,22,0.2608216257144864,8,0.6409883720930233,Finnish,iter_A
Mira_23,Mira,23,0.27916566389143044,6.4,0.6532258064516129,Finnish,iter_A
Mira_24,Mira,24,0.26986877614611154,6.7,0.5393939393939394,Finnish,iter_A
Mira_25,Mira,25,0.1954111498287298,4.5,0.6303501945525292,Finnish,iter_A
Mira_26,Mira,26,0.2892405782971103,6.3,0.6121076233183856,Finnish,iter_A
Mira_27,Mira,27,0.3000943143301564,5.6,0.5608308605341247,Finnish,iter_A
Mira_28,Mira,28,0.2622725779493586,5.3,0.5309734513274337,Finnish,iter_A
Mira_29,Mira,29,0.19602283601178389,6,0.6160714285714286,Finnish,iter_A
Mira_3,Mira,3,0.2520353257358375,6.2,0.6725274725274726,Finnish,iter_A
Mira_30,Mira,30,0.27875725859392614,5.4,0.6122448979591837,Finnish,iter_A
Mira_31,Mira,31,0.2456493559048198,5.6,0.5186170212765957,Finnish,iter_A
Mira_32,Mira,32,0.24511845277683003,5.7,0.6384615384615384,Finnish,iter_A
Mira_33,Mira,33,0.2503072806104812,8.4,0.6979293544457978,Finnish,iter_A
Mira_34,Mira,34,0.28851591958404427,6.1,0.5590909090909091,Finnish,iter_A
Mira_35,Mira,35,0.29238858287536157,4.7,0.5632183908045977,Finnish,iter_A
Mira_36,Mira,36,0.285355618752637,6.7,0.6144578313253012,Finnish,iter_A
Mira_37,Mira,37,0.20021155103707147,5.7,0.6359102244389028,Finnish,iter_A
Mira_38,Mira,38,0.27302829671310674,6.3,0.5931818181818181,Finnish,iter_A
Mira_39,Mira,39,0.30522188754854396,4.9,0.50390625,Finnish,iter_A
Mira_4,Mira,4,0.21965693981053677,4.3,0.5327102803738317,Finnish,iter_A
Mira_40,Mira,40,0.25034113533534613,4.3,0.4819277108433735,Finnish,iter_A
Mira_41,Mira,41,0.2670051523424539,7.2,0.6288659793814433,Finnish,iter_A
Mira_42,Mira,42,0.32040793112566723,4.8,0.48582995951417,Finnish,iter_A
Mira_43,Mira,43,0.18912782501406702,5.3,0.7434402332361516,Finnish,iter_A
Mira_44,Mira,44,0.29937243643329703,5.6,0.5798319327731093,Finnish,iter_A
Mira_45,Mira,45,0.2505420248353616,7,0.6757679180887372,Finnish,iter_A
Mira_46,Mira,46,0.2577265457007041,6.3,0.5899581589958159,Finnish,iter_A
Mira_47,Mira,47,0.21558587164815432,3.9,0.717391304347826,Finnish,iter_A
Mira_48,Mira,48,0.28309068500922896,5.5,0.5152354570637119,Finnish,iter_A
Mira_49,Mira,49,0.22636098688000014,3.3,0.5116279069767442,Finnish,iter_A
Mira_5,Mira,5,0.2296210013554186,4,0.5911330049261084,Finnish,iter_A
Mira_50,Mira,50,0.3280495327684524,5,0.5660377358490566,Finnish,iter_A
Mira_51,Mira,51,0.2795430512689165,4.9,0.5311475409836065,Finnish,iter_A
Mira_52,Mira,52,0.2980920492140508,4.8,0.5494505494505495,Finnish,iter_A
Mira_53,Mira,53,0.27365611397456713,6.6,0.6503067484662577,Finnish,iter_A
Mira_54,Mira,54,0.2086306745988961,5,0.631578947368421,Finnish,iter_A
Mira_55,Mira,55,0.27240652609973875,6.3,0.5852156057494866,Finnish,iter_A
Mira_56,Mira,56,0.24710219315234333,4.9,0.5,Finnish,iter_A
Mira_57,Mira,57,0.26007924723696313,3.9,0.5224719101123596,Finnish,iter_A
Mira_58,Mira,58,0.20615988996135373,6.7,0.6733576642335767,Finnish,iter_A
Mira_59,Mira,59,0.20380978894414828,4.6,0.6045627376425855,Finnish,iter_A
Mira_6,Mira,6,0.30725721602597156,4.4,0.4927536231884058,Finnish,iter_A
Mira_60,Mira,60,0.31795981086240116,5.5,0.5833333333333334,Finnish,iter_A
Mira_61,Mira,61,0.20171397312495673,5.4,0.6115702479338843,Finnish,iter_A
Mira_62,Mira,62,0.307332476192438,6.1,0.5971223021582733,Finnish,iter_A
Mira_63,Mira,63,0.2819724660932919,5.8,0.5615384615384615,Finnish,iter_A
Mira_64,Mira,64,0.28594165923265963,6.5,0.5899581589958159,Finnish,iter_A
Mira_65,Mira,65,0.2701063745766249,4.9,0.6237623762376238,Finnish,iter_A
Mira_66,Mira,66,0.28530763099632017,5,0.5288135593220339,Finnish,iter_A
Mira_67,Mira,67,0.2840067333611687,5.2,0.6018518518518519,Finnish,iter_A
Mira_68,Mira,68,0.26459761718260993,6.6,0.570873786407767,Finnish,iter_A
Mira_69,Mira,69,0.27078944451631476,6.2,0.5829694323144105,Finnish,iter_A
Mira_7,Mira,7,0.20772628831894016,5.1,0.73125,Finnish,iter_A
Mira_70,Mira,70,0.3556016152699712,4.9,0.5,Finnish,iter_A
Mira_71,Mira,71,0.3030150427550674,4,0.47368421052631576,Finnish,iter_A
Mira_72,Mira,72,0.18799602924717257,7.5,0.6199095022624435,Finnish,iter_A
Mira_73,Mira,73,0.3092327565545666,4.1,0.45918367346938777,Finnish,iter_A
Mira_74,Mira,74,0.2928230470556762,5.3,0.5835866261398176,Finnish,iter_A
Mira_75,Mira,75,0.19464410957396733,7.1,0.6575342465753424,Finnish,iter_A
Mira_76,Mira,76,0.3063440767365492,5.2,0.5048543689320388,Finnish,iter_A
Mira_77,Mira,77,0.39586433069122506,3.9,0.4931506849315068,Finnish,iter_A
Mira_78,Mira,78,0.19350573534282797,4.9,0.6742671009771987,Finnish,iter_A
Mira_79,Mira,79,0.21917582005912906,5.1,0.6408668730650154,Finnish,iter_A
Mira_8,Mira,8,0.2586550787838418,7.4,0.6540983606557377,Finnish,iter_A
Mira_80,Mira,80,0.18062006272067835,5.6,0.7244094488188977,Finnish,iter_A
Mira_81,Mira,81,0.25394382354690637,5.8,0.6583541147132169,Finnish,iter_A
Mira_82,Mira,82,0.24639613463370957,5.7,0.6428571428571429,Finnish,iter_A
Mira_83,Mira,83,0.2696380511308049,6.8,0.6309751434034416,Finnish,iter_A
Mira_84,Mira,84,0.2544508298960062,6.8,0.6847826086956522,Finnish,iter_A
Mira_85,Mira,85,0.25678742670614074,4.6,0.6052631578947368,Finnish,iter_A
Mira_86,Mira,86,0.26324617167972153,7.1,0.6282722513089005,Finnish,iter_A
Mira_87,Mira,87,0.17531815927377095,4,0.6285714285714286,Finnish,iter_A
Mira_88,Mira,88,0.27951627821983277,5.2,0.5714285714285714,Finnish,iter_A
Mira_89,Mira,89,0.27888279877293126,4.6,0.4769874476987448,Finnish,iter_A
Mira_9,Mira,9,0.19742154037251236,8.2,0.6866059817945384,Finnish,iter_A
Mira_90,Mira,90,0.21501289041402197,4.4,0.45867768595041325,Finnish,iter_A
Mira_91,Mira,91,0.1710715439049248,3.1,0.5409836065573771,Finnish,iter_A
Mira_92,Mira,92,0.25216955033297594,5.9,0.6159420289855072,Finnish,iter_A
Mira_93,Mira,93,0.27714201696597,4.7,0.4834710743801653,Finnish,iter_A
Mira_94,Mira,94,0.2519686949991463,7.6,0.6509863429438544,Finnish,iter_A
Mira_95,Mira,95,0.23785392678448317,6,0.7149220489977728,Finnish,iter_A
Mira_96,Mira,96,0.1913697125537971,5.9,0.642369020501139,Finnish,iter_A
Mira_97,Mira,97,0.2905683389141457,3.9,0.3,Finnish,iter_A
Mira_98,Mira,98,0.19978441108654477,5.7,0.7081218274111675,Finnish,iter_A
Mira_99,Mira,99,0.290206130101502,6.3,0.618421052631579,Finnish,iter_A
Patrick_1,Patrick,1,0.23512629834118903,6.2,0.4610526315789474,UK,iter_A
Patrick_10,Patrick,10,0.23369544886259772,7.5,0.552212389380531,UK,iter_A
Patrick_100,Patrick,100,0.2345163040138575,6.3,0.3799126637554585,UK,iter_A
Patrick_11,Patrick,11,0.2525940570357614,7.2,0.562152133580705,UK,iter_A
Patrick_12,Patrick,12,0.25674973167267234,6.9,0.5047801147227533,UK,iter_A
Patrick_13,Patrick,13,0.340173654277735,5.2,0.49421965317919075,UK,iter_A
Patrick_14,Patrick,14,0.31776516814921385,5,0.4982698961937716,UK,iter_A
Patrick_15,Patrick,15,0.34805287916826055,5.1,0.47547169811320755,UK,iter_A
Patrick_16,Patrick,16,0.3704187257405819,4.3,0.3829787234042553,UK,iter_A
Patrick_17,Patrick,17,0.2461227397098496,7.4,0.545016077170418,UK,iter_A
Patrick_18,Patrick,18,0.2523722970889079,6.3,0.5550351288056206,UK,iter_A
Patrick_19,Patrick,19,0.2933152026226955,5.8,0.46701846965699206,UK,iter_A
Patrick_2,Patrick,2,0.30693628686494007,5.8,0.5379939209726444,UK,iter_A
Patrick_20,Patrick,20,0.25731700460361534,5.6,0.45892351274787535,UK,iter_A
Patrick_21,Patrick,21,0.3000012057376012,6.5,0.4945054945054945,UK,iter_A
Patrick_22,Patrick,22,0.31380846179482813,4.1,0.45161290322580644,UK,iter_A
Patrick_23,Patrick,23,0.24481452413262406,7.6,0.5503759398496241,UK,iter_A
Patrick_24,Patrick,24,0.3103287186157986,5.3,0.37846153846153846,UK,iter_A
Patrick_25,Patrick,25,0.2943991591007782,3.6,0.3090909090909091,UK,iter_A
Patrick_26,Patrick,26,0.2776358099886045,5.4,0.43548387096774194,UK,iter_A
Patrick_27,Patrick,27,0.262733141518813,7.6,0.5454545454545454,UK,iter_A
Patrick_28,Patrick,28,0.23088202362678423,7,0.47285464098073554,UK,iter_A
Patrick_29,Patrick,29,0.24999826156872434,6.8,0.4906832298136646,UK,iter_A
Patrick_3,Patrick,3,0.29509970461923035,5.8,0.5794621026894865,UK,iter_A
Patrick_30,Patrick,30,0.300348408815528,4.7,0.43548387096774194,UK,iter_A
Patrick_31,Patrick,31,0.30959753731424655,5.9,0.5830985915492958,UK,iter_A
Patrick_32,Patrick,32,0.3684767452241213,4.5,0.33766233766233766,UK,iter_A
Patrick_33,Patrick,33,0.26233416858670605,6.8,0.5205223880597015,UK,iter_A
Patrick_34,Patrick,34,0.3123356249500053,6.3,0.533175355450237,UK,iter_A
Patrick_35,Patrick,35,0.46221854968320053,4.1,0.5680473372781065,UK,iter_A
Patrick_36,Patrick,36,0.38439356243480916,4.6,0.35135135135135137,UK,iter_A
Patrick_37,Patrick,37,0.33900198748291666,6.2,0.5797752808988764,UK,iter_A
Patrick_38,Patrick,38,0.22484802336476825,4.5,0.3858520900321543,UK,iter_A
Patrick_39,Patrick,39,0.3144472507411503,5.1,0.3651315789473684,UK,iter_A
Patrick_4,Patrick,4,0.3779799211116893,5.3,0.5483870967741935,UK,iter_A
Patrick_40,Patrick,40,0.24965022880614232,6.7,0.4502923976608187,UK,iter_A
Patrick_41,Patrick,41,0.293977649493536,4.9,0.44727272727272727,UK,iter_A
Patrick_42,Patrick,42,0.23672303874201042,7.6,0.5829145728643216,UK,iter_A
Patrick_43,Patrick,43,0.2299967787711602,6,0.4726890756302521,UK,iter_A
Patrick_44,Patrick,44,0.27443538062802725,6.3,0.5563380281690141,UK,iter_A
Patrick_45,Patrick,45,0.27369659808284236,7.1,0.5600739371534196,UK,iter_A
Patrick_46,Patrick,46,0.36107049285480697,4.3,0.435,UK,iter_A
Patrick_47,Patrick,47,0.2733539029011467,5.9,0.5038759689922481,UK,iter_A
Patrick_48,Patrick,48,0.30558416852061954,5.9,0.44021739130434784,UK,iter_A
Patrick_49,Patrick,49,0.31290333698675526,6.1,0.375886524822695,UK,iter_A
Patrick_5,Patrick,5,0.3179035117365737,5.5,0.4637223974763407,UK,iter_A
Patrick_50,Patrick,50,0.2267495579323103,8.4,0.6067892503536068,UK,iter_A
Patrick_51,Patrick,51,0.3110087951132769,5,0.5098814229249012,UK,iter_A
Patrick_52,Patrick,52,0.41899220261285813,4.5,0.3568281938325991,UK,iter_A
Patrick_53,Patrick,53,0.2501166476236716,7.7,0.5595611285266457,UK,iter_A
Patrick_54,Patrick,54,0.31982672945884655,5.1,0.41379310344827586,UK,iter_A
Patrick_55,Patrick,55,0.28342707333771633,6.3,0.4726027397260274,UK,iter_A
Patrick_56,Patrick,56,0.27615327184328275,5.1,0.422680412371134,UK,iter_A
Patrick_57,Patrick,57,0.2258601594507636,8.1,0.5438335809806835,UK,iter_A
Patrick_58,Patrick,58,0.2599424483261041,6.8,0.5131578947368421,UK,iter_A
Patrick_59,Patrick,59,0.25116529735849785,8.4,0.616600790513834,UK,iter_A
Patrick_6,Patrick,6,0.3317839443125483,4.9,0.5075187969924813,UK,iter_A
Patrick_60,Patrick,60,0.28929243444312064,5.7,0.54216867469879515,UK,iter_A
Patrick_61,Patrick,61,0.24474191818698576,7.5,0.5282392026578073,UK,iter_A
Patrick_62,Patrick,62,0.26800848596537924,5.8,0.4362244897959184,UK,iter_A
Patrick_63,Patrick,63,0.29136843842184046,5.7,0.448,UK,iter_A
Patrick_64,Patrick,64,0.26557048817245416,6.3,0.45622119815668205,UK,iter_A
Patrick_65,Patrick,65,0.25178964068934795,4.9,0.4125,UK,iter_A
Patrick_66,Patrick,66,0.3068432657608694,5.4,0.5159235668789809,UK,iter_A
Patrick_67,Patrick,67,0.26241223056536156,5.3,0.48942598187311176,UK,iter_A
Patrick_68,Patrick,68,0.24546054183762964,6.7,0.6156941649899397,UK,iter_A
Patrick_69,Patrick,69,0.32441282160188906,4.5,0.44036697247706424,UK,iter_A
Patrick_7,Patrick,7,0.2633760344427739,4.7,0.2591362126245847,UK,iter_A
Patrick_70,Patrick,70,0.2997749436022147,6.1,0.5614973262032086,UK,iter_A
Patrick_71,Patrick,71,0.3023369186592626,6,0.5097087378640777,UK,iter_A
Patrick_72,Patrick,72,0.24973771382838555,4.8,0.34375,UK,iter_A
Patrick_73,Patrick,73,0.36966567808885464,4.6,0.42105263157894735,UK,iter_A
Patrick_74,Patrick,74,0.2856829397949762,6.7,0.535483870967742,UK,iter_A
Patrick_75,Patrick,75,0.3089680908115203,5.8,0.4891304347826087,UK,iter_A
Patrick_76,Patrick,76,0.3161962851650999,5.1,0.458955223880597,UK,iter_A
Patrick_77,Patrick,77,0.2646951775264529,6.3,0.4610244988864143,UK,iter_A
Patrick_78,Patrick,78,0.29844128159270816,6.5,0.5260960334029228,UK,iter_A
Patrick_79,Patrick,79,0.25177538612017414,6.7,0.52046783625731,UK,iter_A
Patrick_8,Patrick,8,0.2717138159611575,8,0.6055045871559633,UK,iter_A
Patrick_80,Patrick,80,0.39760648042157787,4.9,0.5691699604743083,UK,iter_A
Patrick_81,Patrick,81,0.31298038460021965,4.3,0.5,UK,iter_A
Patrick_82,Patrick,82,0.24803094532985262,6.5,0.5407725321888412,UK,iter_A
Patrick_83,Patrick,83,0.27789375638341435,6.1,0.6113744075829384,UK,iter_A
Patrick_84,Patrick,84,0.2451695408421279,6.1,0.43636363636363634,UK,iter_A
Patrick_85,Patrick,85,0.3126336532920842,5.1,0.3712374581939799,UK,iter_A
Patrick_86,Patrick,86,0.3189148625404287,4.4,0.5154185022026432,UK,iter_A
Patrick_87,Patrick,87,0.32063357985392715,5.3,0.5017064846416383,UK,iter_A
Patrick_88,Patrick,88,0.24101038409122752,5.8,0.4776536312849162,UK,iter_A
Patrick_89,Patrick,89,0.35752624401062233,5,0.5154639175257731,UK,iter_A
Patrick_9,Patrick,9,0.290622450870073,5.1,0.4144144144144144,UK,iter_A
Patrick_90,Patrick,90,0.3983955745968354,5,0.5587044534412956,UK,iter_A
Patrick_91,Patrick,91,0.29428274560162515,5.6,0.532258064516129,UK,iter_A
Patrick_92,Patrick,92,0.27921117573328563,6.4,0.4864864864864865,UK,iter_A
Patrick_93,Patrick,93,0.2039700487019351,8.9,0.5747126436781609,UK,iter_A
Patrick_94,Patrick,94,0.23887696010823742,6.7,0.5195876288659794,UK,iter_A
Patrick_95,Patrick,95,0.3349802555339012,5.1,0.45,UK,iter_A
Patrick_96,Patrick,96,0.3014827235908446,6.2,0.5325,UK,iter_A
Patrick_97,Patrick,97,0.28887120391178966,5.7,0.6013824884792627,UK,iter_A
Patrick_98,Patrick,98,0.2226906312658098,8,0.5162200282087447,UK,iter_A
Patrick_99,Patrick,99,0.22818564519402235,4.5,0.37065637065637064,UK,iter_A
Rachel_1,Rachel,1,0.2715242036460476,5.9,0.6682464454976303,UK,iter_A
Rachel_10,Rachel,10,0.26541749765224953,4.2,0.6496062992125984,UK,iter_A
Rachel_100,Rachel,100,0.2791878082647414,5.4,0.6731301939058172,UK,iter_A
Rachel_11,Rachel,11,0.272859485557037,5.5,0.6303797468354431,UK,iter_A
Rachel_12,Rachel,12,0.23519800631484927,7.4,0.6998444790046656,UK,iter_A
Rachel_13,Rachel,13,0.28186644988096027,6.1,0.6631578947368421,UK,iter_A
Rachel_14,Rachel,14,0.25371881444580674,6.5,0.7153419593345656,UK,iter_A
Rachel_15,Rachel,15,0.2414195852139515,5.8,0.6386138613861386,UK,iter_A
Rachel_16,Rachel,16,0.20538226385051545,6.3,0.7717601547388782,UK,iter_A
Rachel_17,Rachel,17,0.23586853314426395,5.5,0.6776649746192893,UK,iter_A
Rachel_18,Rachel,18,0.22324735936846682,5.8,0.667447306791569,UK,iter_A
Rachel_19,Rachel,19,0.2350821875141657,5.2,0.7421052631578947,UK,iter_A
Rachel_2,Rachel,2,0.37302128421382297,4.9,0.7291666666666666,UK,iter_A
Rachel_20,Rachel,20,0.24888472750348756,6,0.6962025316455697,UK,iter_A
Rachel_21,Rachel,21,0.1933987308812289,5.3,0.6557377049180327,UK,iter_A
Rachel_22,Rachel,22,0.23864520618347496,5.5,0.6960556844547564,UK,iter_A
Rachel_23,Rachel,23,0.2592095577627572,5,0.6509433962264151,UK,iter_A
Rachel_24,Rachel,24,0.28923282120972615,5.5,0.6286472148541115,UK,iter_A
Rachel_25,Rachel,25,0.2887049363071139,6.5,0.6432748538011696,UK,iter_A
Rachel_26,Rachel,26,0.285416507681152,6.3,0.6927710843373494,UK,iter_A
Rachel_27,Rachel,27,0.23668730361519488,6.4,0.7186311787072244,UK,iter_A
Rachel_28,Rachel,28,0.2462936410294449,4.8,0.7292307692307692,UK,iter_A
Rachel_29,Rachel,29,0.22537960908390442,7.5,0.6933333333333334,UK,iter_A
Rachel_3,Rachel,3,0.2584733992572735,6.1,0.696969696969697,UK,iter_A
Rachel_30,Rachel,30,0.33460254827026953,3.9,0.6237623762376238,UK,iter_A
Rachel_31,Rachel,31,0.26953931290983546,5,0.6909090909090909,UK,iter_A
Rachel_32,Rachel,32,0.2704043051978033,6.4,0.6156941649899397,UK,iter_A
Rachel_33,Rachel,33,0.22771569789354593,6.3,0.7612781954887218,UK,iter_A
Rachel_34,Rachel,34,0.23052934036677694,6.5,0.730909090909091,UK,iter_A
Rachel_35,Rachel,35,0.27669135379828025,4.6,0.6642857142857143,UK,iter_A
Rachel_36,Rachel,36,0.24362142646276505,5.3,0.6768802228412256,UK,iter_A
Rachel_37,Rachel,37,0.24412531683188674,6.2,0.7559055118110236,UK,iter_A
Rachel_38,Rachel,38,0.26334298576417936,5,0.6774193548387096,UK,iter_A
Rachel_39,Rachel,39,0.22770425349614534,6.7,0.631578947368421,UK,iter_A
Rachel_4,Rachel,4,0.3006753626477933,4.2,0.6864406779661016,UK,iter_A
Rachel_40,Rachel,40,0.28896272859751315,5.7,0.6490384615384616,UK,iter_A
Rachel_41,Rachel,41,0.27453001250528886,5.1,0.6134185303514377,UK,iter_A
Rachel_42,Rachel,42,0.24097103538463246,5.7,0.7250554323725056,UK,iter_A
Rachel_43,Rachel,43,0.22848041543645528,6.1,0.6803455723542117,UK,iter_A
Rachel_44,Rachel,44,0.2463345708967734,6.2,0.754601226993865,UK,iter_A
Rachel_45,Rachel,45,0.2707107218737528,4.8,0.6976744186046512,UK,iter_A
Rachel_46,Rachel,46,0.22593407040100003,8,0.7432950191570882,UK,iter_A
Rachel_47,Rachel,47,0.2577034282274461,5.4,0.6518518518518519,UK,iter_A
Rachel_48,Rachel,48,0.24951794265178975,6.5,0.6858846918489065,UK,iter_A
Rachel_49,Rachel,49,0.21620472147760544,8.2,0.7452711223203027,UK,iter_A
Rachel_5,Rachel,5,0.28443790837565114,5.5,0.5878962536023055,UK,iter_A
Rachel_50,Rachel,50,0.2314906985449486,6.1,0.7272727272727273,UK,iter_A
Rachel_51,Rachel,51,0.18704293047286397,6.7,0.7662771285475793,UK,iter_A
Rachel_52,Rachel,52,0.27358412636597956,5.3,0.68,UK,iter_A
Rachel_53,Rachel,53,0.282370278641452,6,0.647191011235955,UK,iter_A
Rachel_54,Rachel,54,0.2490726888116518,6.3,0.6713709677419355,UK,iter_A
Rachel_55,Rachel,55,0.2243543356978379,5.9,0.6948051948051948,UK,iter_A
Rachel_56,Rachel,56,0.24395684357839517,6.1,0.6970954356846473,UK,iter_A
Rachel_57,Rachel,57,0.2725237164305711,6.3,0.6638830897703549,UK,iter_A
Rachel_58,Rachel,58,0.28959289143252326,4.8,0.6173285198555957,UK,iter_A
Rachel_59,Rachel,59,0.28250560809714254,5.9,0.6938325991189427,UK,iter_A
Rachel_6,Rachel,6,0.20719985023039567,7.3,0.721875,UK,iter_A
Rachel_60,Rachel,60,0.25177496494302826,5.8,0.5955334987593052,UK,iter_A
Rachel_61,Rachel,61,0.2089995957838621,4.9,0.680921052631579,UK,iter_A
Rachel_62,Rachel,62,0.20780594325152216,5.6,0.773972602739726,UK,iter_A
Rachel_63,Rachel,63,0.2808508877646966,5.3,0.7252747252747253,UK,iter_A
Rachel_64,Rachel,64,0.22850457634990104,4.6,0.780564263322884,UK,iter_A
Rachel_65,Rachel,65,0.3220947814935965,3.9,0.6255924170616114,UK,iter_A
Rachel_66,Rachel,66,0.26151721069621253,6.5,0.6412213740458015,UK,iter_A
Rachel_67,Rachel,67,0.2681895550388109,5.6,0.6935483870967742,UK,iter_A
Rachel_68,Rachel,68,0.2750760974050576,4.1,0.6652173913043479,UK,iter_A
Rachel_69,Rachel,69,0.27473217907897274,4.7,0.6,UK,iter_A
Rachel_7,Rachel,7,0.2869874937154795,5.9,0.6784922394678492,UK,iter_A
Rachel_70,Rachel,70,0.23493828325829147,6.3,0.6986301369863014,UK,iter_A
Rachel_71,Rachel,71,0.2783010537664654,5.9,0.6403712296983759,UK,iter_A
Rachel_72,Rachel,72,0.2839978351276068,6.4,0.6983240223463687,UK,iter_A
Rachel_73,Rachel,73,0.2527995095915033,4.5,0.6863468634686347,UK,iter_A
Rachel_74,Rachel,74,0.23735869083270947,6.7,0.7566137566137566,UK,iter_A
Rachel_75,Rachel,75,0.24565015543176535,7.3,0.6933962264150944,UK,iter_A
Rachel_76,Rachel,76,0.3017397369815524,5.9,0.6630901287553648,UK,iter_A
Rachel_77,Rachel,77,0.24256446660544848,6.3,0.6918367346938775,UK,iter_A
Rachel_78,Rachel,78,0.23160505756107158,7.8,0.7329545454545454,UK,iter_A
Rachel_79,Rachel,79,0.24832390295343082,6.1,0.7039473684210527,UK,iter_A
Rachel_8,Rachel,8,0.2515862683860983,7.5,0.7233727810650887,UK,iter_A
Rachel_80,Rachel,80,0.2998962422108292,5.9,0.5985576923076923,UK,iter_A
Rachel_81,Rachel,81,0.23110567514950273,5.8,0.7184035476718403,UK,iter_A
Rachel_82,Rachel,82,0.25852080567776087,5.7,0.717391304347826,UK,iter_A
Rachel_83,Rachel,83,0.25425122765528546,6.8,0.7120418848167539,UK,iter_A
Rachel_84,Rachel,84,0.24956127915268994,5.5,0.6825,UK,iter_A
Rachel_85,Rachel,85,0.2860488824254157,4,0.6740088105726872,UK,iter_A
Rachel_86,Rachel,86,0.27942492014741804,6.1,0.6957446808510638,UK,iter_A
Rachel_87,Rachel,87,0.2752404555035586,6.8,0.6770833333333334,UK,iter_A
Rachel_88,Rachel,88,0.268046317679311,5.1,0.6802325581395349,UK,iter_A
Rachel_89,Rachel,89,0.24405652227492006,6.7,0.75,UK,iter_A
Rachel_9,Rachel,9,0.2548320445767651,6.5,0.6994219653179191,UK,iter_A
Rachel_90,Rachel,90,0.24557114434535326,6.4,0.6965376782077393,UK,iter_A
Rachel_91,Rachel,91,0.23785136333287996,5.1,0.6,UK,iter_A
Rachel_92,Rachel,92,0.24599054199223896,6.7,0.7383015597920277,UK,iter_A
Rachel_93,Rachel,93,0.3142549149497281,4.1,0.665158371040724,UK,iter_A
Rachel_94,Rachel,94,0.2411968588262626,4.7,0.7454545454545455,UK,iter_A
Rachel_95,Rachel,95,0.2828037302968317,5.2,0.6416184971098265,UK,iter_A
Rachel_96,Rachel,96,0.29054138321845996,5.5,0.6295336787564767,UK,iter_A
Rachel_97,Rachel,97,0.23595373321906782,6.7,0.7419354838709677,UK,iter_A
Rachel_98,Rachel,98,0.25393956926682015,4.6,0.69,UK,iter_A
Rachel_99,Rachel,99,0.23567299604835804,7.4,0.694136291600634,UK,iter_A
Radia_1,Radia,1,0.22164596028412062,9.1,0.7729672650475184,Urdu,iter_A
Radia_10,Radia,10,0.2718756976839251,9.8,0.8438356164383561,Urdu,iter_A
Radia_100,Radia,100,0.3127113335723309,7.3,0.7796352583586627,Urdu,iter_A
Radia_11,Radia,11,0.23571237469277664,10.1,0.7560321715817694,Urdu,iter_A
Radia_12,Radia,12,0.27053397266068446,9.3,0.7002141327623126,Urdu,iter_A
Radia_13,Radia,13,0.2420959794662507,10.3,0.693969396939694,Urdu,iter_A
Radia_14,Radia,14,0.2676055662657579,9.7,0.7373637264618434,Urdu,iter_A
Radia_15,Radia,15,0.24948464296671458,9.4,0.8039408866995074,Urdu,iter_A
Radia_16,Radia,16,0.3254415313984347,7.9,0.7625,Urdu,iter_A
Radia_17,Radia,17,0.3335509261631845,7.7,0.7048458149779736,Urdu,iter_A
Radia_18,Radia,18,0.25940505770882233,8.8,0.7732300884955752,Urdu,iter_A
Radia_19,Radia,19,0.2446287023874177,9.8,0.7707736389684814,Urdu,iter_A
Radia_2,Radia,2,0.24501169145000423,9.8,0.7801683816651076,Urdu,iter_A
Radia_20,Radia,20,0.24954272500621774,10,0.7917414721723519,Urdu,iter_A
Radia_21,Radia,21,0.2329600530347686,10.1,0.7493261455525606,Urdu,iter_A
Radia_22,Radia,22,0.23929075056086352,8.8,0.7056778679026651,Urdu,iter_A
Radia_23,Radia,23,0.2555195351916852,10.4,0.7362924281984334,Urdu,iter_A
Radia_24,Radia,24,0.30712695086665237,8.2,0.7605095541401274,Urdu,iter_A
Radia_25,Radia,25,0.21881840322306115,11.5,0.8135949544498949,Urdu,iter_A
Radia_26,Radia,26,0.28910283588971003,7.8,0.759493670886076,Urdu,iter_A
Radia_27,Radia,27,0.24303169879510358,9.6,0.7537239324726912,Urdu,iter_A
Radia_28,Radia,28,0.24806850057072857,10.5,0.8293683347005743,Urdu,iter_A
Radia_29,Radia,29,0.23577866274373133,9.2,0.7234726688102894,Urdu,iter_A
Radia_3,Radia,3,0.29992398002528153,9,0.7483588621444202,Urdu,iter_A
Radia_30,Radia,30,0.3250552075784561,8.3,0.7910447761194029,Urdu,iter_A
Radia_31,Radia,31,0.35215719097325326,6.2,0.6334106728538283,Urdu,iter_A
Radia_32,Radia,32,0.24787638226075198,9.7,0.7369439071566731,Urdu,iter_A
Radia_33,Radia,33,0.23282863996259337,8.9,0.7954545454545454,Urdu,iter_A
Radia_34,Radia,34,0.22160222831967785,12,0.8094302554027505,Urdu,iter_A
Radia_35,Radia,35,0.26210690908146467,9.6,0.7477744807121661,Urdu,iter_A
Radia_36,Radia,36,0.2606542699501795,8.4,0.7360594795539034,Urdu,iter_A
Radia_37,Radia,37,0.27864663214319896,8.9,0.7609921082299888,Urdu,iter_A
Radia_38,Radia,38,0.26984096891108245,8.2,0.7652284263959391,Urdu,iter_A
Radia_39,Radia,39,0.30054706868250947,8.6,0.7691373025516404,Urdu,iter_A
Radia_4,Radia,4,0.20980588186203697,10.9,0.8345864661654135,Urdu,iter_A
Radia_40,Radia,40,0.3236720087046195,6.9,0.6611111111111111,Urdu,iter_A
Radia_41,Radia,41,0.25442723496001024,10.6,0.7214225232853514,Urdu,iter_A
Radia_42,Radia,42,0.22136951873891794,10.1,0.7220708446866485,Urdu,iter_A
Radia_43,Radia,43,0.20570833568231048,8.6,0.7716262975778547,Urdu,iter_A
Radia_44,Radia,44,0.35288706194307223,7.4,0.7321711568938193,Urdu,iter_A
Radia_45,Radia,45,0.22995630673249184,10.7,0.8076009501187649,Urdu,iter_A
Radia_46,Radia,46,0.21079847837484803,9.7,0.8293135435992579,Urdu,iter_A
Radia_47,Radia,47,0.228731121178259,8.9,0.7867247007616975,Urdu,iter_A
Radia_48,Radia,48,0.23478793942323165,10.1,0.7546666666666667,Urdu,iter_A
Radia_49,Radia,49,0.30251403498551754,9.1,0.8141499472016895,Urdu,iter_A
Radia_5,Radia,5,0.2829851776364272,8.9,0.7771493212669683,Urdu,iter_A
Radia_50,Radia,50,0.2650572630035286,9.5,0.7725947521865889,Urdu,iter_A
Radia_51,Radia,51,0.2412227700398679,9.5,0.7024539877300614,Urdu,iter_A
Radia_52,Radia,52,0.3445400425130512,7.5,0.7042682926829268,Urdu,iter_A
Radia_53,Radia,53,0.24471379401331006,8.7,0.7344110854503464,Urdu,iter_A
Radia_54,Radia,54,0.2607154293972704,10.6,0.8233890214797136,Urdu,iter_A
Radia_55,Radia,55,0.2645568428176255,9.4,0.8058350100603622,Urdu,iter_A
Radia_56,Radia,56,0.306398511366496,8.7,0.735981308411215,Urdu,iter_A
Radia_57,Radia,57,0.27501046995842066,9.3,0.6853448275862069,Urdu,iter_A
Radia_58,Radia,58,0.38248376236254283,6.1,0.631578947368421,Urdu,iter_A
Radia_59,Radia,59,0.36941368380776174,7.2,0.7682333873581848,Urdu,iter_A
Radia_6,Radia,6,0.31714939956629773,8.3,0.7722772277227723,Urdu,iter_A
Radia_60,Radia,60,0.309717871731945,8.7,0.7821552723059096,Urdu,iter_A
Radia_61,Radia,61,0.2405401454833561,11.3,0.8495007132667618,Urdu,iter_A
Radia_62,Radia,62,0.2550739251017582,9.7,0.8508691674290942,Urdu,iter_A
Radia_63,Radia,63,0.30609213291510096,7.8,0.706140350877193,Urdu,iter_A
Radia_64,Radia,64,0.27493983110515147,9.4,0.7328482328482329,Urdu,iter_A
Radia_65,Radia,65,0.267363736557462,8.7,0.7379310344827587,Urdu,iter_A
Radia_66,Radia,66,0.20955899657462582,9.6,0.7403751233958539,Urdu,iter_A
Radia_67,Radia,67,0.2134129597983408,9.6,0.7670454545454546,Urdu,iter_A
Radia_68,Radia,68,0.3123701968412462,6.9,0.7148014440433214,Urdu,iter_A
Radia_69,Radia,69,0.312152550530069,7.9,0.7680965147453083,Urdu,iter_A
Radia_7,Radia,7,0.3040842022767557,9.5,0.8336594911937377,Urdu,iter_A
Radia_70,Radia,70,0.22286629055077903,10.9,0.7975270479134466,Urdu,iter_A
Radia_71,Radia,71,0.26203925822159113,9.6,0.7884057971014493,Urdu,iter_A
Radia_72,Radia,72,0.24544117578108807,9.7,0.7390882638215325,Urdu,iter_A
Radia_73,Radia,73,0.263716959142672,9.7,0.7774647887323943,Urdu,iter_A
Radia_74,Radia,74,0.34330224320607183,7.2,0.7022375215146299,Urdu,iter_A
Radia_75,Radia,75,0.21468988646773982,9.5,0.7349397590361446,Urdu,iter_A
Radia_76,Radia,76,0.29452836154615336,9,0.7258601553829079,Urdu,iter_A
Radia_77,Radia,77,0.269263010811242,9.7,0.744807121661721,Urdu,iter_A
Radia_78,Radia,78,0.28137153583886404,8.8,0.735527809307605,Urdu,iter_A
Radia_79,Radia,79,0.23443532129449615,11.8,0.7796257796257796,Urdu,iter_A
Radia_8,Radia,8,0.21898856154650354,10.4,0.8398018166804294,Urdu,iter_A
Radia_80,Radia,80,0.2757564206629646,8.8,0.8289473684210527,Urdu,iter_A
Radia_81,Radia,81,0.32871209794699596,8,0.8002628120893561,Urdu,iter_A
Radia_82,Radia,82,0.27929576480704493,8.9,0.774617067833698,Urdu,iter_A
Radia_83,Radia,83,0.3400951544841631,7.5,0.7323943661971831,Urdu,iter_A
Radia_84,Radia,84,0.281255438442629,8.5,0.8331428571428572,Urdu,iter_A
Radia_85,Radia,85,0.27153343289165316,9.5,0.7477203647416414,Urdu,iter_A
Radia_86,Radia,86,0.1993636100862393,9.7,0.8024231127679403,Urdu,iter_A
Radia_87,Radia,87,0.31349735443022597,8.5,0.7445255474452555,Urdu,iter_A
Radia_88,Radia,88,0.29772502880812707,8.9,0.759825327510917,Urdu,iter_A
Radia_89,Radia,89,0.19149876505103755,8,0.7107329842931938,Urdu,iter_A
Radia_9,Radia,9,0.26892373949575366,9.1,0.7581699346405228,Urdu,iter_A
Radia_90,Radia,90,0.2575570005218622,10.4,0.7453906935908692,Urdu,iter_A
Radia_91,Radia,91,0.26425691273896024,9.4,0.7862068965517242,Urdu,iter_A
Radia_92,Radia,92,0.2313780900807288,10.4,0.7609630266552021,Urdu,iter_A
Radia_93,Radia,93,0.28975428747952214,8.8,0.7473684210526316,Urdu,iter_A
Radia_94,Radia,94,0.24287037527102426,10.2,0.7950257289879932,Urdu,iter_A
Radia_95,Radia,95,0.2221483015798352,12.6,0.8131868131868132,Urdu,iter_A
Radia_96,Radia,96,0.2763038468552585,9.9,0.8281389136242209,Urdu,iter_A
Radia_97,Radia,97,0.23090762937224896,10.5,0.786479802143446,Urdu,iter_A
Radia_98,Radia,98,0.30075697838697,9.7,0.8460829493087557,Urdu,iter_A
Radia_99,Radia,99,0.23083253830394634,10,0.7809349220898258,Urdu,iter_A
Romuald_1,Romuald,1,0.18613284288003537,11.4,0.7971731448763251,French,iter_A
Romuald_10,Romuald,10,0.18687858040725952,12.4,0.7713754646840149,French,iter_A
Romuald_100,Romuald,100,0.18625330588563066,12.4,0.8173488087965791,French,iter_A
Romuald_11,Romuald,11,0.1723104683749794,11.6,0.7744565217391305,French,iter_A
Romuald_12,Romuald,12,0.19219566256650739,11.4,0.8291666666666667,French,iter_A
Romuald_13,Romuald,13,0.18687132103324675,11.4,0.8577291381668947,French,iter_A
Romuald_14,Romuald,14,0.18368892245501126,9.6,0.7528195488721805,French,iter_A
Romuald_15,Romuald,15,0.16953737621128653,11,0.8309037900874635,French,iter_A
Romuald_16,Romuald,16,0.1661445413544745,12,0.7553398058252427,French,iter_A
Romuald_17,Romuald,17,0.20110829006879904,9.7,0.7458715596330275,French,iter_A
Romuald_18,Romuald,18,0.20263729322788818,11.4,0.7903682719546742,French,iter_A
Romuald_19,Romuald,19,0.20331568369358877,9.5,0.7406340057636888,French,iter_A
Romuald_2,Romuald,2,0.1966143644617216,12.9,0.7994169096209912,French,iter_A
Romuald_20,Romuald,20,0.19832148052102458,9.9,0.7018970189701897,French,iter_A
Romuald_21,Romuald,21,0.18453604448099206,10.2,0.8218151540383014,French,iter_A
Romuald_22,Romuald,22,0.17851748362864137,9.4,0.7464251668255482,French,iter_A
Romuald_23,Romuald,23,0.18595545686409032,12,0.8676748582230623,French,iter_A
Romuald_24,Romuald,24,0.1863161292056114,9.1,0.7763289869608826,French,iter_A
Romuald_25,Romuald,25,0.20729574069041082,9.4,0.765774378585086,French,iter_A
Romuald_26,Romuald,26,0.1901571313255774,12.6,0.7888009738283628,French,iter_A
Romuald_27,Romuald,27,0.21703628193616148,9,0.7592975206611571,French,iter_A
Romuald_28,Romuald,28,0.1838708131280226,10.5,0.7742718446601942,French,iter_A
Romuald_29,Romuald,29,0.17117471518981098,12.3,0.7940074906367042,French,iter_A
Romuald_3,Romuald,3,0.20339703201834153,9.9,0.7747105966162066,French,iter_A
Romuald_30,Romuald,30,0.20743912204892848,12.5,0.7742537313432836,French,iter_A
Romuald_31,Romuald,31,0.20014596898647727,10.6,0.8332022029897719,French,iter_A
Romuald_32,Romuald,32,0.20353771121659686,10.6,0.7444168734491315,French,iter_A
Romuald_33,Romuald,33,0.19197927012642665,12.5,0.8078335373317014,French,iter_A
Romuald_34,Romuald,34,0.18744710536846615,11.3,0.7944325481798715,French,iter_A
Romuald_35,Romuald,35,0.18533690908445286,11.2,0.737381126554499,French,iter_A
Romuald_36,Romuald,36,0.16614063976683302,13.2,0.8221859706362153,French,iter_A
Romuald_37,Romuald,37,0.16606128313939417,9.1,0.7098765432098766,French,iter_A
Romuald_38,Romuald,38,0.20925217915515829,11.5,0.7847124824684432,French,iter_A
Romuald_39,Romuald,39,0.16476955310647237,11.1,0.7995689655172413,French,iter_A
Romuald_4,Romuald,4,0.19061233263892258,12,0.7737467018469657,French,iter_A
Romuald_40,Romuald,40,0.2049336884710474,10.8,0.7859952793076318,French,iter_A
Romuald_41,Romuald,41,0.18634359856111654,10.6,0.7002341920374707,French,iter_A
Romuald_42,Romuald,42,0.17988600330556598,13.3,0.8377789874795862,French,iter_A
Romuald_43,Romuald,43,0.197743797423078,12,0.7635270541082164,French,iter_A
Romuald_44,Romuald,44,0.20491501801569006,11.4,0.8794520547945206,French,iter_A
Romuald_45,Romuald,45,0.20838284649665503,10,0.7842968075927523,French,iter_A
Romuald_46,Romuald,46,0.1998046500263879,11.9,0.7389853137516689,French,iter_A
Romuald_47,Romuald,47,0.18825957912465274,10.3,0.8688,French,iter_A
Romuald_48,Romuald,48,0.18429239032199793,11.2,0.7707423580786026,French,iter_A
Romuald_49,Romuald,49,0.1915782845224458,12.9,0.7755581668625147,French,iter_A
Romuald_5,Romuald,5,0.20546529432555444,8.2,0.7016706443914081,French,iter_A
Romuald_50,Romuald,50,0.168405795111959,13.1,0.8718647764449291,French,iter_A
Romuald_51,Romuald,51,0.1764098280011878,12.6,0.8188277087033747,French,iter_A
Romuald_52,Romuald,52,0.18742673223275944,11.4,0.8084210526315789,French,iter_A
Romuald_53,Romuald,53,0.16692904766098052,13.3,0.7976125881714595,French,iter_A
Romuald_54,Romuald,54,0.1825163393154399,12.6,0.8360655737704918,French,iter_A
Romuald_55,Romuald,55,0.18373491626900768,11.4,0.7638297872340426,French,iter_A
Romuald_56,Romuald,56,0.167469998650452,11.6,0.8126684636118598,French,iter_A
Romuald_57,Romuald,57,0.17775854784253434,12.3,0.8089053803339518,French,iter_A
Romuald_58,Romuald,58,0.19752510543927929,11.8,0.7741286863270778,French,iter_A
Romuald_59,Romuald,59,0.19853210585013215,11.1,0.8020679468242246,French,iter_A
Romuald_6,Romuald,6,0.19288478377146745,11,0.8467741935483871,French,iter_A
Romuald_60,Romuald,60,0.21379879273465882,10.3,0.8425324675324676,French,iter_A
Romuald_61,Romuald,61,0.17769050118640897,11.2,0.8335684062059239,French,iter_A
Romuald_62,Romuald,62,0.19104935249564425,10.5,0.7707993474714518,French,iter_A
Romuald_63,Romuald,63,0.2148256353130592,10.4,0.7912900575184881,French,iter_A
Romuald_64,Romuald,64,0.19133157887006624,13.5,0.8206492815327302,French,iter_A
Romuald_65,Romuald,65,0.1933450211504664,11.7,0.8388814913448736,French,iter_A
Romuald_66,Romuald,66,0.20767944523449744,10.3,0.7327070879590094,French,iter_A
Romuald_67,Romuald,67,0.1930056655288714,10.7,0.727710843373494,French,iter_A
Romuald_68,Romuald,68,0.18977904915076443,13.6,0.8533263488737559,French,iter_A
Romuald_69,Romuald,69,0.19007887901321632,11.2,0.83487544483985765,French,iter_A
Romuald_7,Romuald,7,0.19653978815901574,9.5,0.6898238747553816,French,iter_A
Romuald_70,Romuald,70,0.18657729023851705,12.6,0.874926943308007,French,iter_A
Romuald_71,Romuald,71,0.17513808570191783,10.4,0.8084415584415584,French,iter_A
Romuald_72,Romuald,72,0.2033697443440027,9,0.720125786163522,French,iter_A
Romuald_73,Romuald,73,0.17694538575497196,10.4,0.7639450282942603,French,iter_A
Romuald_74,Romuald,74,0.20105665053761895,11.5,0.7372159090909091,French,iter_A
Romuald_75,Romuald,75,0.18742519118097573,9,0.743801652892562,French,iter_A
Romuald_76,Romuald,76,0.19977050212969674,9.9,0.7539823008849558,French,iter_A
Romuald_77,Romuald,77,0.1969568836079734,12,0.7703507610853739,French,iter_A
Romuald_78,Romuald,78,0.1934311583808423,12.4,0.7518987341772152,French,iter_A
Romuald_79,Romuald,79,0.18228511614441195,10.9,0.8302169035153328,French,iter_A
Romuald_8,Romuald,8,0.17004941153556558,13.4,0.8362760834670947,French,iter_A
Romuald_80,Romuald,80,0.20104197702120072,11.4,0.7456521739130435,French,iter_A
Romuald_81,Romuald,81,0.1702114331704684,11.3,0.8550624133148405,French,iter_A
Romuald_82,Romuald,82,0.18254760216987476,11.3,0.8160839160839161,French,iter_A
Romuald_83,Romuald,83,0.203886511316841,10.1,0.8140321217244294,French,iter_A
Romuald_84,Romuald,84,0.16747791732972991,11.6,0.8261446582614466,French,iter_A
Romuald_85,Romuald,85,0.15945338339048817,11.1,0.8338048090523338,French,iter_A
Romuald_86,Romuald,86,0.18368644152464314,12.9,0.8546910755148741,French,iter_A
Romuald_87,Romuald,87,0.20844054519618907,10.7,0.7368421052631579,French,iter_A
Romuald_88,Romuald,88,0.18225363915794193,11.3,0.7553802008608321,French,iter_A
Romuald_89,Romuald,89,0.18927777895156114,13.8,0.8036842105263158,French,iter_A
Romuald_9,Romuald,9,0.18734842468080815,12.6,0.8394332939787486,French,iter_A
Romuald_90,Romuald,90,0.1854616350484116,11.7,0.8316831683168316,French,iter_A
Romuald_91,Romuald,91,0.18556636867187087,13.1,0.8488372093023255,French,iter_A
Romuald_92,Romuald,92,0.2093796697189497,10.6,0.7341463414634146,French,iter_A
Romuald_93,Romuald,93,0.20244129988871454,10.2,0.8246913580246914,French,iter_A
Romuald_94,Romuald,94,0.1949074036380923,12.1,0.7366688610928243,French,iter_A
Romuald_95,Romuald,95,0.1693380886780171,12.8,0.8522139160437032,French,iter_A
Romuald_96,Romuald,96,0.1827376441419669,12.4,0.825136612021858,French,iter_A
Romuald_97,Romuald,97,0.19752798128405694,11.8,0.7833887043189369,French,iter_A
Romuald_98,Romuald,98,0.18400041606265627,11.3,0.7919655667144907,French,iter_A
Romuald_99,Romuald,99,0.18977455641809704,9.1,0.7028913260219342,French,iter_A
Shazim_1,Shazim,1,0.2705174113319363,6,0.49728260869565216,Urdu,iter_A
Shazim_10,Shazim,10,0.19976016816653147,7,0.7471264367816092,Urdu,iter_A
Shazim_100,Shazim,100,0.2879061580970326,6.6,0.5653104925053534,Urdu,iter_A
Shazim_11,Shazim,11,0.2927521791590231,6.9,0.6459627329192547,Urdu,iter_A
Shazim_12,Shazim,12,0.25065978766005803,8.2,0.6140350877192983,Urdu,iter_A
Shazim_13,Shazim,13,0.23556311250303397,8.8,0.6382211538461539,Urdu,iter_A
Shazim_14,Shazim,14,0.31697312311413006,6.6,0.6394557823129252,Urdu,iter_A
Shazim_15,Shazim,15,0.3261419820929283,6.4,0.6606217616580311,Urdu,iter_A
Shazim_16,Shazim,16,0.3618411251219447,5.8,0.6507042253521127,Urdu,iter_A
Shazim_17,Shazim,17,0.28067320679366436,7.6,0.6616161616161617,Urdu,iter_A
Shazim_18,Shazim,18,0.3091593830656698,6.6,0.5972850678733032,Urdu,iter_A
Shazim_19,Shazim,19,0.26025854350626493,8.1,0.6352941176470588,Urdu,iter_A
Shazim_2,Shazim,2,0.2730099034301998,7.7,0.6113744075829384,Urdu,iter_A
Shazim_20,Shazim,20,0.2904208494129363,6.6,0.5334872979214781,Urdu,iter_A
Shazim_21,Shazim,21,0.28933226076109464,6.7,0.5234042553191489,Urdu,iter_A
Shazim_22,Shazim,22,0.252295263756224,8.6,0.6596638655462185,Urdu,iter_A
Shazim_23,Shazim,23,0.2945057272077529,6.9,0.6,Urdu,iter_A
Shazim_24,Shazim,24,0.26965301963580135,7.8,0.6107491856677525,Urdu,iter_A
Shazim_25,Shazim,25,0.27083757543455406,8.2,0.63,Urdu,iter_A
Shazim_26,Shazim,26,0.43326785448364324,5.4,0.6571428571428571,Urdu,iter_A
Shazim_27,Shazim,27,0.273208348320797,8.2,0.6639004149377593,Urdu,iter_A
Shazim_28,Shazim,28,0.2757379262699554,7.2,0.5867158671586716,Urdu,iter_A
Shazim_29,Shazim,29,0.27082891848998514,8.2,0.6601796407185628,Urdu,iter_A
Shazim_3,Shazim,3,0.26175704493984564,8,0.6543778801843319,Urdu,iter_A
Shazim_30,Shazim,30,0.26114226743997476,7.9,0.637329286798179,Urdu,iter_A
Shazim_31,Shazim,31,0.28225548582426846,7.5,0.6176470588235294,Urdu,iter_A
Shazim_32,Shazim,32,0.33598267737305626,6.4,0.6214285714285714,Urdu,iter_A
Shazim_33,Shazim,33,0.26804388854827893,7.2,0.616871704745167,Urdu,iter_A
Shazim_34,Shazim,34,0.31863853929752084,6.7,0.6112266112266113,Urdu,iter_A
Shazim_35,Shazim,35,0.2759094731039414,6.8,0.6137931034482759,Urdu,iter_A
Shazim_36,Shazim,36,0.26089526759353604,8.2,0.6397694524495677,Urdu,iter_A
Shazim_37,Shazim,37,0.2764594228019996,7.3,0.6100746268656716,Urdu,iter_A
Shazim_38,Shazim,38,0.33935877927547375,5.6,0.590625,Urdu,iter_A
Shazim_39,Shazim,39,0.2674749277363634,7.6,0.6782608695652174,Urdu,iter_A
Shazim_4,Shazim,4,0.26537082165431725,7.1,0.6024340770791075,Urdu,iter_A
Shazim_40,Shazim,40,0.2634608509105132,8.3,0.6671159029649596,Urdu,iter_A
Shazim_41,Shazim,41,0.2434783550470184,6.8,0.6361746361746362,Urdu,iter_A
Shazim_42,Shazim,42,0.3432464047163089,6.3,0.6014492753623188,Urdu,iter_A
Shazim_43,Shazim,43,0.24842361525923998,8.1,0.6709401709401709,Urdu,iter_A
Shazim_44,Shazim,44,0.2995668086537853,6.6,0.5448113207547169,Urdu,iter_A
Shazim_45,Shazim,45,0.3010388323988938,6.5,0.5907079646017699,Urdu,iter_A
Shazim_46,Shazim,46,0.3025697023549246,6.3,0.5732984293193717,Urdu,iter_A
Shazim_47,Shazim,47,0.2654620420791108,7.4,0.6351118760757315,Urdu,iter_A
Shazim_48,Shazim,48,0.2830440073982225,7.5,0.6899488926746167,Urdu,iter_A
Shazim_49,Shazim,49,0.27890004570632215,7.6,0.6341463414634146,Urdu,iter_A
Shazim_5,Shazim,5,0.31538349058930515,6.4,0.6094808126410836,Urdu,iter_A
Shazim_50,Shazim,50,0.254103995254389,8,0.6009036144578314,Urdu,iter_A
Shazim_51,Shazim,51,0.2794989996671266,7.7,0.5797101449275363,Urdu,iter_A
Shazim_52,Shazim,52,0.2731228098263027,7,0.606,Urdu,iter_A
Shazim_53,Shazim,53,0.26848951522706765,8,0.6646706586826348,Urdu,iter_A
Shazim_54,Shazim,54,0.2422412910208072,8.8,0.6333754740834386,Urdu,iter_A
Shazim_55,Shazim,55,0.3141470575064467,6,0.56,Urdu,iter_A
Shazim_56,Shazim,56,0.29250204311761946,7.6,0.6439267886855241,Urdu,iter_A
Shazim_57,Shazim,57,0.30420860803192595,6.8,0.6266666666666667,Urdu,iter_A
Shazim_58,Shazim,58,0.27663035682101406,7.6,0.6499133448873483,Urdu,iter_A
Shazim_59,Shazim,59,0.28328581392424934,7.7,0.5940099833610649,Urdu,iter_A
Shazim_6,Shazim,6,0.31658335650007396,6.1,0.5669291338582677,Urdu,iter_A
Shazim_60,Shazim,60,0.25700625921864956,8,0.600924499229584,Urdu,iter_A
Shazim_61,Shazim,61,0.259851753683943,8.2,0.6258992805755396,Urdu,iter_A
Shazim_62,Shazim,62,0.29993961734798635,6.6,0.6167023554603854,Urdu,iter_A
Shazim_63,Shazim,63,0.2754161109853386,7.5,0.6956521739130435,Urdu,iter_A
Shazim_64,Shazim,64,0.2961513188168624,6.9,0.5675675675675675,Urdu,iter_A
Shazim_65,Shazim,65,0.28189066011849795,7.7,0.6328502415458938,Urdu,iter_A
Shazim_66,Shazim,66,0.3075371665814934,6.3,0.5879396984924623,Urdu,iter_A
Shazim_67,Shazim,67,0.33888357654686685,6.4,0.5505882352941176,Urdu,iter_A
Shazim_68,Shazim,68,0.3183263643082524,6.9,0.6319148936170212,Urdu,iter_A
Shazim_69,Shazim,69,0.2953031004920527,6.3,0.5207253886010362,Urdu,iter_A
Shazim_7,Shazim,7,0.3128651037930162,5.5,0.5980707395498392,Urdu,iter_A
Shazim_70,Shazim,70,0.30251835667630383,6.9,0.6382978723404256,Urdu,iter_A
Shazim_71,Shazim,71,0.2636159799752497,7.9,0.6068515497553018,Urdu,iter_A
Shazim_72,Shazim,72,0.2337589740657773,9.8,0.6793032786885246,Urdu,iter_A
Shazim_73,Shazim,73,0.2785550049561344,7,0.6,Urdu,iter_A
Shazim_74,Shazim,74,0.29395655066872195,5.7,0.5213414634146342,Urdu,iter_A
Shazim_75,Shazim,75,0.2893083931239247,7.1,0.6153846153846154,Urdu,iter_A
Shazim_76,Shazim,76,0.26439375554563466,7.6,0.6071428571428571,Urdu,iter_A
Shazim_77,Shazim,77,0.2940534727009379,7.3,0.6654343807763401,Urdu,iter_A
Shazim_78,Shazim,78,0.28524156688637764,7.2,0.6343873517786561,Urdu,iter_A
Shazim_79,Shazim,79,0.2716761910364051,7.1,0.6164383561643836,Urdu,iter_A
Shazim_8,Shazim,8,0.3186099158582816,4.6,0.4368932038834951,Urdu,iter_A
Shazim_80,Shazim,80,0.2831371961279085,7.3,0.6466019417475728,Urdu,iter_A
Shazim_81,Shazim,81,0.26350080379178464,8.4,0.6977715877437326,Urdu,iter_A
Shazim_82,Shazim,82,0.3081559088180828,6.8,0.6708074534161491,Urdu,iter_A
Shazim_83,Shazim,83,0.2774037755154326,7.8,0.631336405529954,Urdu,iter_A
Shazim_84,Shazim,84,0.36074777893387605,6,0.6554621848739496,Urdu,iter_A
Shazim_85,Shazim,85,0.290263138226823,6.7,0.5492957746478874,Urdu,iter_A
Shazim_86,Shazim,86,0.2983880634529574,6.3,0.5721649484536082,Urdu,iter_A
Shazim_87,Shazim,87,0.2680594695038777,8.9,0.6888888888888889,Urdu,iter_A
Shazim_88,Shazim,88,0.32136152160395787,5.8,0.4984894259818731,Urdu,iter_A
Shazim_89,Shazim,89,0.2724959929498305,8.5,0.6574202496532594,Urdu,iter_A
Shazim_9,Shazim,9,0.27063450446311177,8,0.6329866270430906,Urdu,iter_A
Shazim_90,Shazim,90,0.2977768757152519,6.4,0.5651162790697675,Urdu,iter_A
Shazim_91,Shazim,91,0.26845768039990614,6.8,0.602510460251046,Urdu,iter_A
Shazim_92,Shazim,92,0.2562593430535286,8,0.6370157819225251,Urdu,iter_A
Shazim_93,Shazim,93,0.293023570871818,7.4,0.6267857142857143,Urdu,iter_A
Shazim_94,Shazim,94,0.2571398614258064,7.5,0.6114982578397212,Urdu,iter_A
Shazim_95,Shazim,95,0.26265761146430683,8.6,0.6521739130434783,Urdu,iter_A
Shazim_96,Shazim,96,0.2899842330821145,6.7,0.58125,Urdu,iter_A
Shazim_97,Shazim,97,0.32474388923489644,6.3,0.6796338672768879,Urdu,iter_A
Shazim_98,Shazim,98,0.2745322112483484,6.2,0.5125628140703518,Urdu,iter_A
Shazim_99,Shazim,99,0.3618618329930624,5.9,0.5701754385964912,Urdu,iter_A
Sini_1,Sini,1,0.23957670760622865,6.4,0.5555555555555556,Finnish,iter_A
Sini_10,Sini,10,0.2434975141554515,5.7,0.43089430894308944,Finnish,iter_A
Sini_100,Sini,100,0.26326830565304254,6.4,0.567032967032967,Finnish,iter_A
Sini_11,Sini,11,0.2525253392307305,5.8,0.5238095238095238,Finnish,iter_A
Sini_12,Sini,12,0.22852628760402663,5.8,0.4645669291338583,Finnish,iter_A
Sini_13,Sini,13,0.2625460936738638,6.3,0.5413043478260869,Finnish,iter_A
Sini_14,Sini,14,0.2823368591858177,5,0.41263940520446096,Finnish,iter_A
Sini_15,Sini,15,0.29420813925150197,4.6,0.47368421052631576,Finnish,iter_A
Sini_16,Sini,16,0.3238091654832799,4.9,0.518796992481203,Finnish,iter_A
Sini_17,Sini,17,0.23992011375337094,5.7,0.4338461538461538,Finnish,iter_A
Sini_18,Sini,18,0.24738318796200853,6.4,0.5301724137931034,Finnish,iter_A
Sini_19,Sini,19,0.2434568277580858,6.7,0.5961123110151187,Finnish,iter_A
Sini_2,Sini,2,0.23171699772067064,7.8,0.5858267716535434,Finnish,iter_A
Sini_20,Sini,20,0.24374954670071655,5.9,0.48579545454545453,Finnish,iter_A
Sini_21,Sini,21,0.2876139437363199,5.6,0.5015197568389058,Finnish,iter_A
Sini_22,Sini,22,0.25022058386775164,5.8,0.542713567839196,Finnish,iter_A
Sini_23,Sini,23,0.2327454771703925,7.3,0.5430579964850615,Finnish,iter_A
Sini_24,Sini,24,0.26027644769283165,4.9,0.4220532319391635,Finnish,iter_A
Sini_25,Sini,25,0.267917729912221,5.8,0.5094339622641509,Finnish,iter_A
Sini_26,Sini,26,0.19336939603042394,5.6,0.4767123287671233,Finnish,iter_A
Sini_27,Sini,27,0.23419997913990584,6.6,0.5010309278350515,Finnish,iter_A
Sini_28,Sini,28,0.23238145734562898,8.3,0.6317991631799164,Finnish,iter_A
Sini_29,Sini,29,0.22952172601470042,6.5,0.5287356321839081,Finnish,iter_A
Sini_3,Sini,3,0.2434170767639378,6.5,0.5199063231850117,Finnish,iter_A
Sini_30,Sini,30,0.27396427945499696,6,0.5552699228791774,Finnish,iter_A
Sini_31,Sini,31,0.2163051571584103,6.1,0.4878640776699029,Finnish,iter_A
Sini_32,Sini,32,0.2386330227987303,7.2,0.5119266055045871,Finnish,iter_A
Sini_33,Sini,33,0.25538792729175697,6.1,0.5217391304347826,Finnish,iter_A
Sini_34,Sini,34,0.2701398194128389,6.4,0.5942028985507246,Finnish,iter_A
Sini_35,Sini,35,0.3145712523980639,4.6,0.4008097165991903,Finnish,iter_A
Sini_36,Sini,36,0.20683843668360885,6.5,0.4429530201342282,Finnish,iter_A
Sini_37,Sini,37,0.2522221837652062,7,0.5375722543352601,Finnish,iter_A
Sini_38,Sini,38,0.24185142468505133,6.3,0.4888888888888889,Finnish,iter_A
Sini_39,Sini,39,0.2730706114734588,4.7,0.4838709677419355,Finnish,iter_A
Sini_4,Sini,4,0.22830947129328102,5.6,0.40707964601769914,Finnish,iter_A
Sini_40,Sini,40,0.23007658987526228,7.3,0.5303292894280762,Finnish,iter_A
Sini_41,Sini,41,0.30148613423628623,5.5,0.5300353356890459,Finnish,iter_A
Sini_42,Sini,42,0.23291662674492028,6.5,0.5368421052631579,Finnish,iter_A
Sini_43,Sini,43,0.26798182074104,5.8,0.5798319327731093,Finnish,iter_A
Sini_44,Sini,44,0.24867971049547227,5.2,0.46875,Finnish,iter_A
Sini_45,Sini,45,0.23425239325977948,6,0.45185185185185184,Finnish,iter_A
Sini_46,Sini,46,0.27975034102335783,5.4,0.5179153094462541,Finnish,iter_A
Sini_47,Sini,47,0.26331392546799687,6.3,0.5051813471502591,Finnish,iter_A
Sini_48,Sini,48,0.23187523777539631,5.6,0.46408839779005523,Finnish,iter_A
Sini_49,Sini,49,0.3227758901509513,4.8,0.5053763440860215,Finnish,iter_A
Sini_5,Sini,5,0.24141205603585084,6.7,0.5602409638554217,Finnish,iter_A
Sini_50,Sini,50,0.27606395976825576,5.2,0.4483985765124555,Finnish,iter_A
Sini_51,Sini,51,0.26075366658424204,6.3,0.5491990846681922,Finnish,iter_A
Sini_52,Sini,52,0.229566419193658,6.5,0.48120300751879697,Finnish,iter_A
Sini_53,Sini,53,0.29566726002246635,6.1,0.5230769230769231,Finnish,iter_A
Sini_54,Sini,54,0.2915595347405839,5.1,0.5096153846153846,Finnish,iter_A
Sini_55,Sini,55,0.2917096181325919,5,0.5588235294117647,Finnish,iter_A
Sini_56,Sini,56,0.20789533800939136,5.7,0.5398457583547558,Finnish,iter_A
Sini_57,Sini,57,0.25026552175632183,5.3,0.39501779359430605,Finnish,iter_A
Sini_58,Sini,58,0.2520066270043014,6.8,0.6080305927342257,Finnish,iter_A
Sini_59,Sini,59,0.24277886121239864,6.1,0.5028409090909091,Finnish,iter_A
Sini_6,Sini,6,0.27268873785370756,6.5,0.5503355704697986,Finnish,iter_A
Sini_60,Sini,60,0.24581278470988235,5,0.4220532319391635,Finnish,iter_A
Sini_61,Sini,61,0.1907476509105812,5.6,0.35384615384615387,Finnish,iter_A
Sini_62,Sini,62,0.29884350817972105,6,0.5411140583554377,Finnish,iter_A
Sini_63,Sini,63,0.20860700287927106,5.3,0.527027027027027,Finnish,iter_A
Sini_64,Sini,64,0.25792077064241836,8.4,0.6445623342175066,Finnish,iter_A
Sini_65,Sini,65,0.26202285443264794,5.6,0.4323529411764706,Finnish,iter_A
Sini_66,Sini,66,0.24908096676641586,7.4,0.6095238095238096,Finnish,iter_A
Sini_67,Sini,67,0.26080920518246326,5.4,0.4028268551236749,Finnish,iter_A
Sini_68,Sini,68,0.20546436412975141,4.9,0.5016722408026756,Finnish,iter_A
Sini_69,Sini,69,0.2615669166032226,5.8,0.5267857142857143,Finnish,iter_A
Sini_7,Sini,7,0.19494472832863416,5.9,0.4838709677419355,Finnish,iter_A
Sini_70,Sini,70,0.23605912583215002,6.8,0.5654761904761905,Finnish,iter_A
Sini_71,Sini,71,0.26436531375802974,6,0.4558011049723757,Finnish,iter_A
Sini_72,Sini,72,0.2741963406267513,5.4,0.534375,Finnish,iter_A
Sini_73,Sini,73,0.20800629399739926,5.9,0.5516372795969773,Finnish,iter_A
Sini_74,Sini,74,0.28873322155830417,4.8,0.43388429752066116,Finnish,iter_A
Sini_75,Sini,75,0.25096511169895275,6.6,0.5560344827586207,Finnish,iter_A
Sini_76,Sini,76,0.22830115248641078,6.8,0.5662650602409639,Finnish,iter_A
Sini_77,Sini,77,0.23420182456377292,5.3,0.46308724832214765,Finnish,iter_A
Sini_78,Sini,78,0.22194766705970304,6.2,0.48226950354609927,Finnish,iter_A
Sini_79,Sini,79,0.24393432547590102,6,0.4948453608247423,Finnish,iter_A
Sini_8,Sini,8,0.2756808754779235,5.4,0.4890282131661442,Finnish,iter_A
Sini_80,Sini,80,0.2411683085045869,5.9,0.4404432132963989,Finnish,iter_A
Sini_81,Sini,81,0.24764695375791568,6.5,0.4879120879120879,Finnish,iter_A
Sini_82,Sini,82,0.22303592422725269,5.6,0.4117647058823529,Finnish,iter_A
Sini_83,Sini,83,0.27656348410180775,6.3,0.5849056603773585,Finnish,iter_A
Sini_84,Sini,84,0.22633864279218716,7.1,0.5133079847908745,Finnish,iter_A
Sini_85,Sini,85,0.20944356434699457,3.9,0.5513513513513514,Finnish,iter_A
Sini_86,Sini,86,0.25692265284536714,5.7,0.484472049689441,Finnish,iter_A
Sini_87,Sini,87,0.24867709160790824,6.3,0.4873096446700508,Finnish,iter_A
Sini_88,Sini,88,0.25803410189319703,6.1,0.4386422976501306,Finnish,iter_A
Sini_89,Sini,89,0.2805861676860371,5.6,0.5491525423728814,Finnish,iter_A
Sini_9,Sini,9,0.2383081294642037,5.6,0.4651898734177215,Finnish,iter_A
Sini_90,Sini,90,0.2503526995062471,5.1,0.4909090909090909,Finnish,iter_A
Sini_91,Sini,91,0.3161368763393942,4.7,0.5158371040723982,Finnish,iter_A
Sini_92,Sini,92,0.2664455130453285,5.4,0.47703180212014135,Finnish,iter_A
Sini_93,Sini,93,0.29752281439764855,5.1,0.4576271186440678,Finnish,iter_A
Sini_94,Sini,94,0.28522977810583744,5.5,0.46779661016949153,Finnish,iter_A
Sini_95,Sini,95,0.24238816698091611,5.9,0.5506849315068493,Finnish,iter_A
Sini_96,Sini,96,0.2993232360713602,5.4,0.5571428571428572,Finnish,iter_A
Sini_97,Sini,97,0.2407337211538018,5.6,0.478125,Finnish,iter_A
Sini_98,Sini,98,0.2935908360151785,5,0.4453125,Finnish,iter_A
Sini_99,Sini,99,0.25097961829364523,7.1,0.5225048923679061,Finnish,iter_A
Takeru_1,Takeru,1,0.2205082746239645,7.8,0.6262341325811002,Japanese,iter_A
Takeru_10,Takeru,10,0.21242832024121164,9.3,0.6947674418604651,Japanese,iter_A
Takeru_100,Takeru,100,0.23028929721950323,11.1,0.7215777262180975,Japanese,iter_A
Takeru_11,Takeru,11,0.2613172834463135,8.6,0.6947743467933492,Japanese,iter_A
Takeru_12,Takeru,12,0.2089420558585968,9.7,0.6094210009813543,Japanese,iter_A
Takeru_13,Takeru,13,0.22086358292020727,10.8,0.7563412759415834,Japanese,iter_A
Takeru_14,Takeru,14,0.2643756087843409,9.4,0.7260556127703398,Japanese,iter_A
Takeru_15,Takeru,15,0.30119516162820353,6.9,0.662608695652174,Japanese,iter_A
Takeru_16,Takeru,16,0.21288567277564377,8,0.732977303070761,Japanese,iter_A
Takeru_17,Takeru,17,0.25246378276103165,9.6,0.7647668393782383,Japanese,iter_A
Takeru_18,Takeru,18,0.2978815000685194,7,0.6595744680851063,Japanese,iter_A
Takeru_19,Takeru,19,0.30806943888382415,7.8,0.6422155688622755,Japanese,iter_A
Takeru_2,Takeru,2,0.2558465374572848,6.3,0.6751592356687898,Japanese,iter_A
Takeru_20,Takeru,20,0.24877743045365053,10.5,0.7493606138107417,Japanese,iter_A
Takeru_21,Takeru,21,0.23305430209752465,7.4,0.6477794793261868,Japanese,iter_A
Takeru_22,Takeru,22,0.27912955661580524,9,0.7166666666666667,Japanese,iter_A
Takeru_23,Takeru,23,0.3149538379131336,5.3,0.6731301939058172,Japanese,iter_A
Takeru_24,Takeru,24,0.26288673344819213,6.6,0.5915492957746479,Japanese,iter_A
Takeru_25,Takeru,25,0.2678563712974779,8,0.7866323907455013,Japanese,iter_A
Takeru_26,Takeru,26,0.31149603224300465,5.4,0.6685714285714286,Japanese,iter_A
Takeru_27,Takeru,27,0.2577153465684677,8,0.6814159292035398,Japanese,iter_A
Takeru_28,Takeru,28,0.22596768218614216,10.9,0.7233201581027668,Japanese,iter_A
Takeru_29,Takeru,29,0.17873772087080936,10.6,0.6895450917797287,Japanese,iter_A
Takeru_3,Takeru,3,0.20521317338778008,11.1,0.7915087187263078,Japanese,iter_A
Takeru_30,Takeru,30,0.3163871646020621,7.6,0.7375565610859729,Japanese,iter_A
Takeru_31,Takeru,31,0.2656343041900212,9.5,0.7614942528735632,Japanese,iter_A
Takeru_32,Takeru,32,0.23538806474976462,9.8,0.6723646723646723,Japanese,iter_A
Takeru_33,Takeru,33,0.22290477209671067,9.9,0.6938579654510557,Japanese,iter_A
Takeru_34,Takeru,34,0.24959760900176894,8.1,0.7006993006993008,Japanese,iter_A
Takeru_35,Takeru,35,0.2718641383659519,7.7,0.6070901033973413,Japanese,iter_A
Takeru_36,Takeru,36,0.1925615056919588,6.9,0.7235621521335807,Japanese,iter_A
Takeru_37,Takeru,37,0.25007093461369373,7.4,0.6835443037974683,Japanese,iter_A
Takeru_38,Takeru,38,0.2471712205867353,8.2,0.6748971193415638,Japanese,iter_A
Takeru_39,Takeru,39,0.24508607277665462,7.4,0.8148710166919575,Japanese,iter_A
Takeru_4,Takeru,4,0.2807182472998037,6.9,0.6201680672268908,Japanese,iter_A
Takeru_40,Takeru,40,0.26879814759913795,8.1,0.654320987654321,Japanese,iter_A
Takeru_41,Takeru,41,0.21765101984514715,9,0.7564655172413793,Japanese,iter_A
Takeru_42,Takeru,42,0.2774070580981882,6.7,0.6193181818181818,Japanese,iter_A
Takeru_43,Takeru,43,0.2707354012829996,8.1,0.6612244897959184,Japanese,iter_A
Takeru_44,Takeru,44,0.28103645174539954,7,0.7073170731707317,Japanese,iter_A
Takeru_45,Takeru,45,0.20774551599187152,8.7,0.7881081081081082,Japanese,iter_A
Takeru_46,Takeru,46,0.3508131006479501,6.3,0.6297169811320755,Japanese,iter_A
Takeru_47,Takeru,47,0.3008062654772462,6.9,0.6413427561837456,Japanese,iter_A
Takeru_48,Takeru,48,0.2376781408606277,6.9,0.6951871657754011,Japanese,iter_A
Takeru_49,Takeru,49,0.23655065324740962,7.6,0.7760968229954615,Japanese,iter_A
Takeru_5,Takeru,5,0.22574587300332868,10.2,0.8383838383838383,Japanese,iter_A
Takeru_50,Takeru,50,0.29868583312192915,8.4,0.6722151088348272,Japanese,iter_A
Takeru_51,Takeru,51,0.21455312232350476,8.3,0.7924528301886793,Japanese,iter_A
Takeru_52,Takeru,52,0.270174811114514,4.9,0.7279411764705882,Japanese,iter_A
Takeru_53,Takeru,53,0.31939918228022596,5.9,0.5777262180974478,Japanese,iter_A
Takeru_54,Takeru,54,0.2245243288570942,9.1,0.736784140969163,Japanese,iter_A
Takeru_55,Takeru,55,0.2469773768268836,6,0.7612903225806451,Japanese,iter_A
Takeru_56,Takeru,56,0.30483752793988456,7.3,0.6565656565656566,Japanese,iter_A
Takeru_57,Takeru,57,0.3024482423084274,7.1,0.6178010471204188,Japanese,iter_A
Takeru_58,Takeru,58,0.2586105350266912,8.6,0.8163493840985442,Japanese,iter_A
Takeru_59,Takeru,59,0.19327157812976353,8.4,0.8171912832929782,Japanese,iter_A
Takeru_6,Takeru,6,0.3375124060784331,6.3,0.6127659574468085,Japanese,iter_A
Takeru_60,Takeru,60,0.3038488452468106,6.5,0.609375,Japanese,iter_A
Takeru_61,Takeru,61,0.2620230884691589,8.4,0.6204379562043796,Japanese,iter_A
Takeru_62,Takeru,62,0.24087178830686604,8.7,0.715496368038741,Japanese,iter_A
Takeru_63,Takeru,63,0.2523510131758219,7.6,0.6138613861386139,Japanese,iter_A
Takeru_64,Takeru,64,0.2703958286761402,9,0.7074527252502781,Japanese,iter_A
Takeru_65,Takeru,65,0.24910400759856366,10.4,0.8193172356369692,Japanese,iter_A
Takeru_66,Takeru,66,0.259276285354812,7.8,0.702928870292887,Japanese,iter_A
Takeru_67,Takeru,67,0.22349659976712988,11.7,0.7374909354604786,Japanese,iter_A
Takeru_68,Takeru,68,0.31798524106619824,5.7,0.5516372795969773,Japanese,iter_A
Takeru_69,Takeru,69,0.25809077136327924,7.2,0.6,Japanese,iter_A
Takeru_7,Takeru,7,0.24807478470472138,8.6,0.750924784217016,Japanese,iter_A
Takeru_70,Takeru,70,0.25887000976534413,10.5,0.7783375314861462,Japanese,iter_A
Takeru_71,Takeru,71,0.2731476840137983,7.8,0.6484018264840182,Japanese,iter_A
Takeru_72,Takeru,72,0.2583284386857009,9.2,0.6918032786885245,Japanese,iter_A
Takeru_73,Takeru,73,0.17079061925784836,10.2,0.6961471103327496,Japanese,iter_A
Takeru_74,Takeru,74,0.26259318269867055,7.1,0.6486486486486487,Japanese,iter_A
Takeru_75,Takeru,75,0.2720033688302681,9.9,0.7630560928433269,Japanese,iter_A
Takeru_76,Takeru,76,0.22601794228361186,8.3,0.6835443037974683,Japanese,iter_A
Takeru_77,Takeru,77,0.2122655922712435,8.7,0.6403712296983759,Japanese,iter_A
Takeru_78,Takeru,78,0.22114823695403413,12.2,0.7348993288590604,Japanese,iter_A
Takeru_79,Takeru,79,0.2757698220603209,6.8,0.7272727272727273,Japanese,iter_A
Takeru_8,Takeru,8,0.2768087916265879,8.9,0.6595264937993236,Japanese,iter_A
Takeru_80,Takeru,80,0.2088852644523553,11.7,0.8682634730538922,Japanese,iter_A
Takeru_81,Takeru,81,0.29284831678315965,8.3,0.7194066749072929,Japanese,iter_A
Takeru_82,Takeru,82,0.26978245344745444,8.7,0.6735436893203883,Japanese,iter_A
Takeru_83,Takeru,83,0.21317881779417155,7.7,0.706408345752608,Japanese,iter_A
Takeru_84,Takeru,84,0.23389727903398613,9.9,0.6732394366197183,Japanese,iter_A
Takeru_85,Takeru,85,0.18008805852526488,12.5,0.7565055762081785,Japanese,iter_A
Takeru_86,Takeru,86,0.30809100817394575,8.5,0.638854296388543,Japanese,iter_A
Takeru_87,Takeru,87,0.20035380081126034,8.4,0.7464953271028038,Japanese,iter_A
Takeru_88,Takeru,88,0.3020223565280413,5.8,0.6776470588235294,Japanese,iter_A
Takeru_89,Takeru,89,0.22882978329425688,6.6,0.6596558317399618,Japanese,iter_A
Takeru_9,Takeru,9,0.2941956011845706,6,0.7153284671532847,Japanese,iter_A
Takeru_90,Takeru,90,0.24268191965150948,6.4,0.5613305613305614,Japanese,iter_A
Takeru_91,Takeru,91,0.29766688337670727,5.4,0.6,Japanese,iter_A
Takeru_92,Takeru,92,0.31558432749455984,6.7,0.6471663619744058,Japanese,iter_A
Takeru_93,Takeru,93,0.26191582151713694,6.6,0.6884328358208955,Japanese,iter_A
Takeru_94,Takeru,94,0.24023144094073334,7.9,0.582701062215478,Japanese,iter_A
Takeru_95,Takeru,95,0.24943133587565652,9.5,0.6712871287128713,Japanese,iter_A
Takeru_96,Takeru,96,0.18434423276943324,7.7,0.7420212765957447,Japanese,iter_A
Takeru_97,Takeru,97,0.2951049188419544,7.3,0.6525821596244131,Japanese,iter_A
Takeru_98,Takeru,98,0.3419855423380819,5.6,0.572463768115942,Japanese,iter_A
Takeru_99,Takeru,99,0.2808953130360326,8.4,0.7630272952853598,Japanese,iter_A
Taro_1,Taro,1,0.28317049849817555,4.8,0.6130030959752322,Japanese,iter_A
Taro_10,Taro,10,0.23549230005137792,3.3,0.6906474820143885,Japanese,iter_A
Taro_100,Taro,100,0.259027393548401,3.8,0.49714285714285716,Japanese,iter_A
Taro_11,Taro,11,0.25806242856381495,2.9,0.5887850467289719,Japanese,iter_A
Taro_12,Taro,12,0.21323564931854447,5,0.6144578313253012,Japanese,iter_A
Taro_13,Taro,13,0.2412193509550658,5.7,0.6139534883720931,Japanese,iter_A
Taro_14,Taro,14,0.4398853071241686,3.2,0.42857142857142855,Japanese,iter_A
Taro_15,Taro,15,0.25929280525079706,3.5,0.7894736842105263,Japanese,iter_A
Taro_16,Taro,16,0.35920350641673504,6,0.6993464052287581,Japanese,iter_A
Taro_17,Taro,17,0.24157095060416964,4.7,0.5409836065573771,Japanese,iter_A
Taro_18,Taro,18,0.24176736683648553,2,0.6521739130434783,Japanese,iter_A
Taro_19,Taro,19,0.263153222413295,5.4,0.6143617021276596,Japanese,iter_A
Taro_2,Taro,2,0.2697242517163494,4.6,0.5869565217391305,Japanese,iter_A
Taro_20,Taro,20,0.4067759408224135,3.5,0.54216867469879515,Japanese,iter_A
Taro_21,Taro,21,0.2821914785845185,3.2,0.5670731707317073,Japanese,iter_A
Taro_22,Taro,22,0.22734611284856632,4.1,0.46835443037974683,Japanese,iter_A
Taro_23,Taro,23,0.27562304443838953,5.6,0.6957605985037406,Japanese,iter_A
Taro_24,Taro,24,0.2862383356983841,4.1,0.6680672268907563,Japanese,iter_A
Taro_25,Taro,25,0.3397399106730814,3.7,0.6683168316831684,Japanese,iter_A
Taro_26,Taro,26,0.3996068347000607,2.3,0.559322033898305,Japanese,iter_A
Taro_27,Taro,27,0.17253028234721676,5,0.582901554404145,Japanese,iter_A
Taro_28,Taro,28,0.31673855997348305,4.2,0.4624505928853755,Japanese,iter_A
Taro_29,Taro,29,0.4275385591738079,2.4,0.5921052631578947,Japanese,iter_A
Taro_3,Taro,3,0.395435030079231,2.2,0.559322033898305,Japanese,iter_A
Taro_30,Taro,30,0.3386053571149535,2.9,0.5263157894736842,Japanese,iter_A
Taro_31,Taro,31,0.31289440942224517,2.7,0.47191011235955055,Japanese,iter_A
Taro_32,Taro,32,0.32782995683080507,4.4,0.5739130434782609,Japanese,iter_A
Taro_33,Taro,33,0.2631694898830881,5.1,0.582901554404145,Japanese,iter_A
Taro_34,Taro,34,0.28692985755075684,3.2,0.4838709677419355,Japanese,iter_A
Taro_35,Taro,35,0.3214486049854176,2.5,0.569620253164557,Japanese,iter_A
Taro_36,Taro,36,0.36606958416757973,4.2,0.6308411214953271,Japanese,iter_A
Taro_37,Taro,37,0.24314207027402707,3,0.6136363636363636,Japanese,iter_A
Taro_38,Taro,38,0.3247180767320969,3.5,0.5142857142857142,Japanese,iter_A
Taro_39,Taro,39,0.23426566047926595,2.5,0.8256880733944955,Japanese,iter_A
Taro_4,Taro,4,0.2461667244587652,5.4,0.634020618556701,Japanese,iter_A
Taro_40,Taro,40,0.2499390112851482,5.2,0.7387387387387387,Japanese,iter_A
Taro_41,Taro,41,0.3052003442580688,4,0.6371681415929203,Japanese,iter_A
Taro_42,Taro,42,0.353673607410483,4.1,0.5492957746478874,Japanese,iter_A
Taro_43,Taro,43,0.3669860394233948,2.9,0.504424778761062,Japanese,iter_A
Taro_44,Taro,44,0.2944805541813278,2.8,0.696969696969697,Japanese,iter_A
Taro_45,Taro,45,0.2816752650293569,2.8,0.6829268292682927,Japanese,iter_A
Taro_46,Taro,46,0.17307454214732504,3.9,0.6192660550458715,Japanese,iter_A
Taro_47,Taro,47,0.2554336274117826,2.1,0.44776119402985076,Japanese,iter_A
Taro_48,Taro,48,0.17810064086487268,2.3,0.5316455696202531,Japanese,iter_A
Taro_49,Taro,49,0.4888554466733426,3,0.5425531914893617,Japanese,iter_A
Taro_5,Taro,5,0.23241779445773245,5.6,0.6859122401847575,Japanese,iter_A
Taro_50,Taro,50,0.2525671035093986,4.2,0.6533333333333333,Japanese,iter_A
Taro_51,Taro,51,0.3993528157061888,3,0.5725190839694656,Japanese,iter_A
Taro_52,Taro,52,0.32464654342621496,4.3,0.5136186770428015,Japanese,iter_A
Taro_53,Taro,53,0.25972910097262836,4.6,0.6483516483516484,Japanese,iter_A
Taro_54,Taro,54,0.28001675054279906,4.4,0.7071428571428572,Japanese,iter_A
Taro_55,Taro,55,0.3004198065132977,4,0.645,Japanese,iter_A
Taro_56,Taro,56,0.2645270325845754,3.5,0.7336956521739131,Japanese,iter_A
Taro_57,Taro,57,0.287401918661897,4.3,0.7021276595744681,Japanese,iter_A
Taro_58,Taro,58,0.4061395224809782,3.4,0.5923566878980892,Japanese,iter_A
Taro_59,Taro,59,0.25475681428567476,4.9,0.7724550898203593,Japanese,iter_A
Taro_6,Taro,6,0.3981640892525569,4.5,0.6718146718146718,Japanese,iter_A
Taro_60,Taro,60,0.2667575349545231,6.4,0.6304347826086957,Japanese,iter_A
Taro_61,Taro,61,0.27235402141156373,5.4,0.7157360406091371,Japanese,iter_A
Taro_62,Taro,62,0.2898823105647482,4.5,0.6081081081081081,Japanese,iter_A
Taro_63,Taro,63,0.38327663339402457,2.9,0.5757575757575758,Japanese,iter_A
Taro_64,Taro,64,0.4953510536067317,2.5,0.43548387096774194,Japanese,iter_A
Taro_65,Taro,65,0.34118744859301736,3.7,0.7096774193548387,Japanese,iter_A
Taro_66,Taro,66,0.25904346103240045,4.3,0.5639097744360902,Japanese,iter_A
Taro_67,Taro,67,0.07785755424632719,2.2,0.6885245901639344,Japanese,iter_A
Taro_68,Taro,68,0.2631758344989162,3.6,0.7192982456140351,Japanese,iter_A
Taro_69,Taro,69,0.16844161091140356,3.4,0.634020618556701,Japanese,iter_A
Taro_7,Taro,7,0.3194291413171287,2.6,0.7021276595744681,Japanese,iter_A
Taro_70,Taro,70,0.26045565019823347,3.6,0.6923076923076923,Japanese,iter_A
Taro_71,Taro,71,0.3932339443313082,4.4,0.618421052631579,Japanese,iter_A
Taro_72,Taro,72,0.34228969650241603,3.8,0.5598086124401914,Japanese,iter_A
Taro_73,Taro,73,0.23220304463454425,5.6,0.7122302158273381,Japanese,iter_A
Taro_74,Taro,74,0.238208574826219,3.9,0.5825242718446602,Japanese,iter_A
Taro_75,Taro,75,0.4815527646130879,2.6,0.6219512195121951,Japanese,iter_A
Taro_76,Taro,76,0.1686811425161299,2,0.6,Japanese,iter_A
Taro_77,Taro,77,0.23800314294051916,3.6,0.5625,Japanese,iter_A
Taro_78,Taro,78,0.271931009038306,3.2,0.6153846153846154,Japanese,iter_A
Taro_79,Taro,79,0.2957525452764334,4.2,0.592274678111588,Japanese,iter_A
Taro_8,Taro,8,0.24472168364792735,3.3,0.6126760563380281,Japanese,iter_A
Taro_80,Taro,80,0.25662920916010246,5.3,0.627906976744186,Japanese,iter_A
Taro_81,Taro,81,0.2537834488013364,2.9,0.6923076923076923,Japanese,iter_A
Taro_82,Taro,82,0.21639285796495647,4.7,0.48859934853420195,Japanese,iter_A
Taro_83,Taro,83,0.23252534213355616,2.9,0.672,Japanese,iter_A
Taro_84,Taro,84,0.4109808941189472,2.2,0.5901639344262295,Japanese,iter_A
Taro_85,Taro,85,0.3384283614354575,3,0.47107438016528924,Japanese,iter_A
Taro_86,Taro,86,0.2508571501868593,4,0.675,Japanese,iter_A
Taro_87,Taro,87,0.35019689773759266,4.6,0.602112676056338,Japanese,iter_A
Taro_88,Taro,88,0.3174479664530892,3.7,0.518918918918919,Japanese,iter_A
Taro_89,Taro,89,0.2583428416861916,4.9,0.6290322580645161,Japanese,iter_A
Taro_9,Taro,9,0.2492639528819963,3.5,0.5955882352941176,Japanese,iter_A
Taro_90,Taro,90,0.18399668988686746,4.2,0.5547169811320755,Japanese,iter_A
Taro_91,Taro,91,0.274447615164224,3.2,0.47058823529411764,Japanese,iter_A
Taro_92,Taro,92,0.2769777321800379,5,0.7033898305084746,Japanese,iter_A
Taro_93,Taro,93,0.3063521296788026,2.5,0.6144578313253012,Japanese,iter_A
Taro_94,Taro,94,0.27937998564688227,3.1,0.6,Japanese,iter_A
Taro_95,Taro,95,0.13376096089932707,2.5,0.5666666666666667,Japanese,iter_A
Taro_96,Taro,96,0.28138493272988135,4.7,0.5929203539823009,Japanese,iter_A
Taro_97,Taro,97,0.3077309390963021,2.2,0.34782608695652173,Japanese,iter_A
Taro_98,Taro,98,0.3015529126277633,3.8,0.5684210526315789,Japanese,iter_A
Taro_99,Taro,99,0.3603178838477561,4.8,0.7846153846153846,Japanese,iter_A
Tobias_1,Tobias,1,0.3306935664050906,3,0.6129032258064516,UK,iter_A
Tobias_10,Tobias,10,0.5249047044517624,4.5,0.6830357142857143,UK,iter_A
Tobias_100,Tobias,100,0.40780456603527304,2.8,0.4811320754716981,UK,iter_A
Tobias_11,Tobias,11,0.2046848917336109,2.6,0.7777777777777778,UK,iter_A
Tobias_12,Tobias,12,0.4329660019858275,2.9,0.6052631578947368,UK,iter_A
Tobias_13,Tobias,13,0.348666529404368,3.4,0.539568345323741,UK,iter_A
Tobias_14,Tobias,14,0.3606787918314168,3.6,0.6067415730337079,UK,iter_A
Tobias_15,Tobias,15,0.5980443704560695,2.1,0.3050847457627119,UK,iter_A
Tobias_16,Tobias,16,0.35888154954094964,3.2,0.527027027027027,UK,iter_A
Tobias_17,Tobias,17,0.21744848841845385,5,0.7859424920127795,UK,iter_A
Tobias_18,Tobias,18,0.40467997693217295,2.5,0.4024390243902439,UK,iter_A
Tobias_19,Tobias,19,0.4230835999789557,2.2,0.3620689655172414,UK,iter_A
Tobias_2,Tobias,2,0.358974494290216,4.2,0.6992481203007519,UK,iter_A
Tobias_20,Tobias,20,0.38020923838084986,4.7,0.6904761904761905,UK,iter_A
Tobias_21,Tobias,21,0.3480854090134994,5.2,0.7043478260869566,UK,iter_A
Tobias_22,Tobias,22,0.31392197971918123,5.2,0.6903409090909091,UK,iter_A
Tobias_23,Tobias,23,0.310523003771249,4.3,0.672645739910314,UK,iter_A
Tobias_24,Tobias,24,0.39688946423294513,2.9,0.39823008849557523,UK,iter_A
Tobias_25,Tobias,25,0.28229335924960647,2.8,0.6627906976744186,UK,iter_A
Tobias_26,Tobias,26,0.3141085564768143,4.2,0.7165991902834008,UK,iter_A
Tobias_27,Tobias,27,0.3404305680657075,4.7,0.631578947368421,UK,iter_A
Tobias_28,Tobias,28,0.30291116294091036,4.5,0.6503496503496503,UK,iter_A
Tobias_29,Tobias,29,0.43259975552840063,4.8,0.5765124555160143,UK,iter_A
Tobias_3,Tobias,3,0.3729172868346376,3.4,0.42857142857142855,UK,iter_A
Tobias_30,Tobias,30,0.4118739776820419,4.5,0.6652719665271967,UK,iter_A
Tobias_31,Tobias,31,0.37927723092107646,4.9,0.6480836236933798,UK,iter_A
Tobias_32,Tobias,32,0.4123632988291938,4.8,0.6780185758513931,UK,iter_A
Tobias_33,Tobias,33,0.42867219831820413,4.6,0.6240875912408759,UK,iter_A
Tobias_34,Tobias,34,0.26455157078842995,4.9,0.6840390879478827,UK,iter_A
Tobias_35,Tobias,35,0.23439465135238555,3.1,0.7111111111111111,UK,iter_A
Tobias_36,Tobias,36,0.23811970228672671,7.2,0.7533039647577092,UK,iter_A
Tobias_37,Tobias,37,0.3744414111714908,4.7,0.6863468634686347,UK,iter_A
Tobias_38,Tobias,38,0.3000521853857257,6.3,0.7451820128479657,UK,iter_A
Tobias_39,Tobias,39,0.40312120979959976,4.2,0.6376811594202898,UK,iter_A
Tobias_4,Tobias,4,0.3164986746388661,4,0.5340314136125655,UK,iter_A
Tobias_40,Tobias,40,0.321586457114369,3.9,0.7216981132075472,UK,iter_A
Tobias_41,Tobias,41,0.40551877326787866,3.1,0.46308724832214765,UK,iter_A
Tobias_42,Tobias,42,0.5510827858911627,2.8,0.5543478260869565,UK,iter_A
Tobias_43,Tobias,43,0.44564785786076555,3.8,0.5755813953488372,UK,iter_A
Tobias_44,Tobias,44,0.24567483027112505,4.1,0.6853448275862069,UK,iter_A
Tobias_45,Tobias,45,0.30165576072652484,3.9,0.6157894736842106,UK,iter_A
Tobias_46,Tobias,46,0.3797778904395614,4.2,0.639344262295082,UK,iter_A
Tobias_47,Tobias,47,0.25791642254131436,5.3,0.833729216152019,UK,iter_A
Tobias_48,Tobias,48,0.3780421834988789,4.5,0.636734693877551,UK,iter_A
Tobias_49,Tobias,49,0.16166310613221072,1.9,0.574468085106383,UK,iter_A
Tobias_5,Tobias,5,0.3454904967843679,3.5,0.5510204081632653,UK,iter_A
Tobias_50,Tobias,50,0.4433135558031105,2.2,0.4090909090909091,UK,iter_A
Tobias_51,Tobias,51,0.3927556972468997,6.2,0.6466666666666666,UK,iter_A
Tobias_52,Tobias,52,0.2913405649823878,3.6,0.5853658536585366,UK,iter_A
Tobias_53,Tobias,53,0.3275443710100844,4.9,0.667741935483871,UK,iter_A
Tobias_54,Tobias,54,0.2738042569776332,5.4,0.7672634271099744,UK,iter_A
Tobias_55,Tobias,55,0.21832744681677788,4,0.6305732484076433,UK,iter_A
Tobias_56,Tobias,56,0.3154466388323134,4.5,0.7095435684647303,UK,iter_A
Tobias_57,Tobias,57,0.27737442824566233,2.3,0.6190476190476191,UK,iter_A
Tobias_58,Tobias,58,0.2920713895912502,3.7,0.6901408450704225,UK,iter_A
Tobias_59,Tobias,59,0.3047894752927296,7.1,0.6470588235294118,UK,iter_A
Tobias_6,Tobias,6,0.2840006119191911,3.9,0.6666666666666666,UK,iter_A
Tobias_60,Tobias,60,0.27493377966017013,4.7,0.5526315789473685,UK,iter_A
Tobias_61,Tobias,61,0.4599826068115935,3.9,0.6810810810810811,UK,iter_A
Tobias_62,Tobias,62,0.2515652999841096,7.2,0.696078431372549,UK,iter_A
Tobias_63,Tobias,63,0.4117278248379178,4.3,0.5797101449275363,UK,iter_A
Tobias_64,Tobias,64,0.3049928885909913,3.2,0.6708074534161491,UK,iter_A
Tobias_65,Tobias,65,0.3218566396569499,2.9,0.45714285714285713,UK,iter_A
Tobias_66,Tobias,66,0.4505529997746076,2.5,0.5357142857142857,UK,iter_A
Tobias_67,Tobias,67,0.3047680192174366,5.6,0.6507042253521127,UK,iter_A
Tobias_68,Tobias,68,0.2248707059198427,4.1,0.6341463414634146,UK,iter_A
Tobias_69,Tobias,69,0.29691554399294795,3.2,0.6923076923076923,UK,iter_A
Tobias_7,Tobias,7,0.2960378162651423,3.5,0.6716417910447762,UK,iter_A
Tobias_70,Tobias,70,0.345510199599713,4,0.5663265306122449,UK,iter_A
Tobias_71,Tobias,71,0.37206777682826464,4.2,0.6180257510729614,UK,iter_A
Tobias_72,Tobias,72,0.24813800354875684,3.1,0.680672268907563,UK,iter_A
Tobias_73,Tobias,73,0.34846017339154006,2.2,0.7105263157894737,UK,iter_A
Tobias_74,Tobias,74,0.26542273511126285,4.1,0.6395348837209303,UK,iter_A
Tobias_75,Tobias,75,0.2776672722833227,2.8,0.6982758620689655,UK,iter_A
Tobias_76,Tobias,76,0.2562186255412034,4.9,0.7335164835164835,UK,iter_A
Tobias_77,Tobias,77,0.3790937058290929,2.3,0.46551724137931033,UK,iter_A
Tobias_78,Tobias,78,0.2882710740326436,4.1,0.6407766990291263,UK,iter_A
Tobias_79,Tobias,79,0.30388034835117267,2.8,0.5425531914893617,UK,iter_A
Tobias_8,Tobias,8,0.49667920148409395,3.9,0.6857142857142857,UK,iter_A
Tobias_80,Tobias,80,0.33088675461677086,5,0.5916955017301038,UK,iter_A
Tobias_81,Tobias,81,0.4287084968027286,3.6,0.5706521739130435,UK,iter_A
Tobias_82,Tobias,82,0.34011374008613726,4.6,0.6813186813186813,UK,iter_A
Tobias_83,Tobias,83,0.2699889586531105,2.9,0.7128712871287128,UK,iter_A
Tobias_84,Tobias,84,0.3174950244703706,4.6,0.7027972027972028,UK,iter_A
Tobias_85,Tobias,85,0.2513291604215717,2.9,0.574468085106383,UK,iter_A
Tobias_86,Tobias,86,0.31859371320424573,4.3,0.7901234567901234,UK,iter_A
Tobias_87,Tobias,87,0.44673864384529993,4.5,0.5584415584415584,UK,iter_A
Tobias_88,Tobias,88,0.3003321380915461,4.1,0.7112068965517241,UK,iter_A
Tobias_89,Tobias,89,0.25306353403468346,5.6,0.7083333333333334,UK,iter_A
Tobias_9,Tobias,9,0.360573746906226,4.8,0.7006578947368421,UK,iter_A
Tobias_90,Tobias,90,0.35094913433733615,4.8,0.5729166666666666,UK,iter_A
Tobias_91,Tobias,91,0.3052494464282815,6.2,0.7222222222222222,UK,iter_A
Tobias_92,Tobias,92,0.23024885111175464,4.9,0.7335423197492164,UK,iter_A
Tobias_93,Tobias,93,0.5159364915521817,3.3,0.648,UK,iter_A
Tobias_94,Tobias,94,0.41729727224103547,4.3,0.5495049504950495,UK,iter_A
Tobias_95,Tobias,95,0.419835280544349,6.5,0.7168141592920354,UK,iter_A
Tobias_96,Tobias,96,0.37703827624732106,4.8,0.5217391304347826,UK,iter_A
Tobias_97,Tobias,97,0.30630732353703266,3.3,0.695364238410596,UK,iter_A
Tobias_98,Tobias,98,0.33905608867090653,6,0.6553398058252428,UK,iter_A
Tobias_99,Tobias,99,0.3866822081647402,5.1,0.7247191011235955,UK,iter_A
Vincent_1,Vincent,1,0.19251123476914808,12,0.7654485049833887,French,iter_A
Vincent_10,Vincent,10,0.16558113283437811,14.8,0.8689275893675527,French,iter_A
Vincent_100,Vincent,100,0.20073209776062906,12.2,0.7771918259723137,French,iter_A
Vincent_11,Vincent,11,0.21791924791532344,11.5,0.8125430737422468,French,iter_A
Vincent_12,Vincent,12,0.18511762980169486,12.8,0.808634772462077,French,iter_A
Vincent_13,Vincent,13,0.1800234591875625,14.4,0.8466346153846154,French,iter_A
Vincent_14,Vincent,14,0.20346629056419394,12.5,0.7657142857142857,French,iter_A
Vincent_15,Vincent,15,0.2453644259883393,11.1,0.7609531129900077,French,iter_A
Vincent_16,Vincent,16,0.1408365292312508,14.4,0.7774566473988439,French,iter_A
Vincent_17,Vincent,17,0.16005545173589733,13.6,0.7738287560581584,French,iter_A
Vincent_18,Vincent,18,0.20110319813195363,11.1,0.7691711851278079,French,iter_A
Vincent_19,Vincent,19,0.1712143021315885,13.6,0.8514799154334038,French,iter_A
Vincent_2,Vincent,2,0.18742779247072602,12.6,0.7433962264150943,French,iter_A
Vincent_20,Vincent,20,0.20137987041757638,14.2,0.8752455795677799,French,iter_A
Vincent_21,Vincent,21,0.16939867699431208,15,0.8777234326367275,French,iter_A
Vincent_22,Vincent,22,0.2111233189867497,12.1,0.7741300065659882,French,iter_A
Vincent_23,Vincent,23,0.20784546122348815,12.6,0.8288996372430472,French,iter_A
Vincent_24,Vincent,24,0.17831778346937488,13.4,0.8327057557826789,French,iter_A
Vincent_25,Vincent,25,0.17555218479154164,11.6,0.7671043538355218,French,iter_A
Vincent_26,Vincent,26,0.1483750102017297,16.7,0.8955223880597015,French,iter_A
Vincent_27,Vincent,27,0.17307836850897276,13.6,0.7762803234501348,French,iter_A
Vincent_28,Vincent,28,0.14989466257095196,14.7,0.819327731092437,French,iter_A
Vincent_29,Vincent,29,0.17825566366855933,12.5,0.8244972577696527,French,iter_A
Vincent_3,Vincent,3,0.17049650637403396,11.7,0.709349593495935,French,iter_A
Vincent_30,Vincent,30,0.1432359416742414,15.3,0.8827319587628866,French,iter_A
Vincent_31,Vincent,31,0.15553614295299842,14,0.8012232415902141,French,iter_A
Vincent_32,Vincent,32,0.1762344167690571,14.9,0.8317929759704251,French,iter_A
Vincent_33,Vincent,33,0.13626201388233466,14.9,0.8044077134986226,French,iter_A
Vincent_34,Vincent,34,0.14844011984828082,14.8,0.8018561484918794,French,iter_A
Vincent_35,Vincent,35,0.18070007352449124,13.8,0.7982086406743941,French,iter_A
Vincent_36,Vincent,36,0.19953943761110474,12.7,0.812799043062201,French,iter_A
Vincent_37,Vincent,37,0.21647790633042985,11.8,0.8009608785175018,French,iter_A
Vincent_38,Vincent,38,0.16905973583619904,14.9,0.8466090122894857,French,iter_A
Vincent_39,Vincent,39,0.18491693659740197,14.2,0.8150375939849624,French,iter_A
Vincent_4,Vincent,4,0.158255107263949,13.2,0.7710437710437711,French,iter_A
Vincent_40,Vincent,40,0.1688290390757662,13.1,0.8006814310051107,French,iter_A
Vincent_41,Vincent,41,0.20371823668157815,12.1,0.7959183673469388,French,iter_A
Vincent_42,Vincent,42,0.15875431835169493,14.3,0.8203125,French,iter_A
Vincent_43,Vincent,43,0.18824893757678945,10.5,0.6854974704890388,French,iter_A
Vincent_44,Vincent,44,0.17170830379520385,11.3,0.6983532934131736,French,iter_A
Vincent_45,Vincent,45,0.14882010197722068,13.1,0.7953410981697171,French,iter_A
Vincent_46,Vincent,46,0.17512303565165965,12.2,0.7890675241157556,French,iter_A
Vincent_47,Vincent,47,0.18017888031850288,14.4,0.8189867191342843,French,iter_A
Vincent_48,Vincent,48,0.23832709443567934,12.4,0.8732307692307693,French,iter_A
Vincent_49,Vincent,49,0.1848919812791137,13.7,0.8436516264428122,French,iter_A
Vincent_5,Vincent,5,0.19454325267295938,12.2,0.7913156189241737,French,iter_A
Vincent_50,Vincent,50,0.1662431243420364,14.2,0.8046207935710699,French,iter_A
Vincent_51,Vincent,51,0.2038645379832017,12.9,0.84198113207547165,French,iter_A
Vincent_52,Vincent,52,0.17805157817476033,14.3,0.8169642857142857,French,iter_A
Vincent_53,Vincent,53,0.17063993101363514,12.3,0.7941723496590205,French,iter_A
Vincent_54,Vincent,54,0.13374557212809135,16.2,0.8669561784445322,French,iter_A
Vincent_55,Vincent,55,0.16655444998577207,12.5,0.7874543239951279,French,iter_A
Vincent_56,Vincent,56,0.18283615755376298,12.5,0.7886792452830189,French,iter_A
Vincent_57,Vincent,57,0.17746538086373678,14.8,0.865909090909091,French,iter_A
Vincent_58,Vincent,58,0.16059041753043565,13.3,0.7913188647746243,French,iter_A
Vincent_59,Vincent,59,0.1728945121642182,14.9,0.8571428571428571,French,iter_A
Vincent_6,Vincent,6,0.1972033620486051,14.1,0.8266395526182003,French,iter_A
Vincent_60,Vincent,60,0.1788534397441015,13,0.8081562320505457,French,iter_A
Vincent_61,Vincent,61,0.1638412745451008,13.4,0.7533557046979866,French,iter_A
Vincent_62,Vincent,62,0.18803424256756665,14.1,0.8599299649824912,French,iter_A
Vincent_63,Vincent,63,0.16430191694401317,15,0.868632707774799,French,iter_A
Vincent_64,Vincent,64,0.14702806482889466,14.8,0.8114867994441871,French,iter_A
Vincent_65,Vincent,65,0.14301056647576602,13.7,0.815064935064935,French,iter_A
Vincent_66,Vincent,66,0.17723020962328365,13.1,0.8017094017094017,French,iter_A
Vincent_67,Vincent,67,0.1466540601790398,13.4,0.8068854222700377,French,iter_A
Vincent_68,Vincent,68,0.17532042597020983,13.6,0.8200527704485489,French,iter_A
Vincent_69,Vincent,69,0.16448366078625598,12.4,0.7159726538222498,French,iter_A
Vincent_7,Vincent,7,0.1637541715282017,16,0.862012987012987,French,iter_A
Vincent_70,Vincent,70,0.17878475483405848,11.3,0.7685050798258345,French,iter_A
Vincent_71,Vincent,71,0.18853053350259566,12.7,0.8059964726631393,French,iter_A
Vincent_72,Vincent,72,0.15979725744642875,14.5,0.7891654465592972,French,iter_A
Vincent_73,Vincent,73,0.19849639778740127,11.7,0.7452093683463449,French,iter_A
Vincent_74,Vincent,74,0.21079511592009353,12.3,0.815442561205273,French,iter_A
Vincent_75,Vincent,75,0.17618908712495424,15.5,0.8505353319057816,French,iter_A
Vincent_76,Vincent,76,0.18258388308581133,13,0.7789473684210526,French,iter_A
Vincent_77,Vincent,77,0.1429089936796252,13.8,0.8291687914329424,French,iter_A
Vincent_78,Vincent,78,0.16450559214689983,15,0.8557951482479784,French,iter_A
Vincent_79,Vincent,79,0.1800912805662488,14,0.7974293059125964,French,iter_A
Vincent_8,Vincent,8,0.1747860104978607,11.5,0.7131672597864769,French,iter_A
Vincent_80,Vincent,80,0.1749085505612063,12.8,0.7567567567567568,French,iter_A
Vincent_81,Vincent,81,0.16234024020193025,14.3,0.8391911410688493,French,iter_A
Vincent_82,Vincent,82,0.15089089512784046,12.6,0.8063170441001192,French,iter_A
Vincent_83,Vincent,83,0.1545060161221547,15.1,0.8301296379079124,French,iter_A
Vincent_84,Vincent,84,0.17440922900606673,13.4,0.8152173913043478,French,iter_A
Vincent_85,Vincent,85,0.1384313107655307,14.8,0.8295507179249653,French,iter_A
Vincent_86,Vincent,86,0.15656509500334484,14.9,0.8179310344827586,French,iter_A
Vincent_87,Vincent,87,0.1752639455058864,15.4,0.8839400428265525,French,iter_A
Vincent_88,Vincent,88,0.16819323253167145,13.6,0.798194370685077,French,iter_A
Vincent_89,Vincent,89,0.17509937941874032,13.1,0.7794871794871795,French,iter_A
Vincent_9,Vincent,9,0.18695629300754565,14.1,0.8415,French,iter_A
Vincent_90,Vincent,90,0.21998540007226736,11.6,0.7844228094575799,French,iter_A
Vincent_91,Vincent,91,0.22751640690531114,12,0.8227091633466136,French,iter_A
Vincent_92,Vincent,92,0.1959144514044277,13.4,0.8516336368505624,French,iter_A
Vincent_93,Vincent,93,0.1818183313150696,12.6,0.7623100303951368,French,iter_A
Vincent_94,Vincent,94,0.15503602867095195,13.8,0.7890665291387313,French,iter_A
Vincent_95,Vincent,95,0.25392911889221365,9.9,0.7457466918714556,French,iter_A
Vincent_96,Vincent,96,0.21015324011241415,12.1,0.820327868852459,French,iter_A
Vincent_97,Vincent,97,0.17304172849671254,14.7,0.8363892806770099,French,iter_A
Vincent_98,Vincent,98,0.16342460513201412,16.2,0.8729216152019003,French,iter_A
Vincent_99,Vincent,99,0.162690598033945,12.7,0.7495569994093325,French,iter_A
Adeline_1,Adeline,1,0.17776277420568348,10.7,0.6238095238095238,French,iter_T
Adeline_10,Adeline,10,0.21847002945260285,10.4,0.6625310173697271,French,iter_T
Adeline_100,Adeline,100,0.18777463615229678,9.6,0.5938086303939962,French,iter_T
Adeline_11,Adeline,11,0.21286830548509494,10.5,0.6211232187761945,French,iter_T
Adeline_12,Adeline,12,0.19632616251476098,10.7,0.6280729579698652,French,iter_T
Adeline_13,Adeline,13,0.17409142357297983,10.7,0.6206896551724138,French,iter_T
Adeline_14,Adeline,14,0.23259548888451392,10.4,0.6604572396274344,French,iter_T
Adeline_15,Adeline,15,0.22255946955501552,9.4,0.6185866408518877,French,iter_T
Adeline_16,Adeline,16,0.19665495147185844,10.7,0.6253918495297806,French,iter_T
Adeline_17,Adeline,17,0.19234004129472687,9.4,0.5401174168297456,French,iter_T
Adeline_18,Adeline,18,0.18435433832792697,9.8,0.5941644562334217,French,iter_T
Adeline_19,Adeline,19,0.17833405102639519,11.6,0.6283924843423799,French,iter_T
Adeline_2,Adeline,2,0.20403457316336454,8.7,0.5416216216216216,French,iter_T
Adeline_20,Adeline,20,0.19530101356602703,10.2,0.6392190152801358,French,iter_T
Adeline_21,Adeline,21,0.2167279575011709,11.2,0.6694029850746268,French,iter_T
Adeline_22,Adeline,22,0.18331479434262832,8.1,0.5035211267605634,French,iter_T
Adeline_23,Adeline,23,0.1751167389038831,9.6,0.5611111111111111,French,iter_T
Adeline_24,Adeline,24,0.20794326512434544,11,0.6916234247590808,French,iter_T
Adeline_25,Adeline,25,0.18139527592384508,11,0.6561797752808989,French,iter_T
Adeline_26,Adeline,26,0.1697470980997557,10.9,0.6195158850226928,French,iter_T
Adeline_27,Adeline,27,0.1780297724132244,12,0.659297789336801,French,iter_T
Adeline_28,Adeline,28,0.19173743635897955,12.7,0.7262969588550984,French,iter_T
Adeline_29,Adeline,29,0.20963345728270263,8.5,0.5436013590033975,French,iter_T
Adeline_3,Adeline,3,0.18490417215545368,11,0.5908396946564886,French,iter_T
Adeline_30,Adeline,30,0.16008299907835455,12.2,0.6611779607346422,French,iter_T
Adeline_31,Adeline,31,0.1427171611396872,9.2,0.5231910946196661,French,iter_T
Adeline_32,Adeline,32,0.1878143329766673,12.5,0.7354721549636803,French,iter_T
Adeline_33,Adeline,33,0.21692760127673383,10.3,0.6502092050209205,French,iter_T
Adeline_34,Adeline,34,0.16812020047007956,10.1,0.559533721898418,French,iter_T
Adeline_35,Adeline,35,0.17458608580470522,9.1,0.5297679112008072,French,iter_T
Adeline_36,Adeline,36,0.17407974697331954,11.7,0.6807228915662651,French,iter_T
Adeline_37,Adeline,37,0.1864287014106289,8.6,0.5288248337028825,French,iter_T
Adeline_38,Adeline,38,0.2073894809850679,10.5,0.6221311475409836,French,iter_T
Adeline_39,Adeline,39,0.17956982784510456,12,0.6776061776061776,French,iter_T
Adeline_4,Adeline,4,0.18672472607451734,9,0.5517587939698493,French,iter_T
Adeline_40,Adeline,40,0.1481798275563021,11.3,0.6190140845070422,French,iter_T
Adeline_41,Adeline,41,0.16423074853675368,11.6,0.65814266487214,French,iter_T
Adeline_42,Adeline,42,0.17877814115572824,10.8,0.6332574031890661,French,iter_T
Adeline_43,Adeline,43,0.2103307797155561,7.5,0.4648493543758967,French,iter_T
Adeline_44,Adeline,44,0.22998949627467064,9.3,0.5882926829268292,French,iter_T
Adeline_45,Adeline,45,0.18898863064249502,10.3,0.6266447368421053,French,iter_T
Adeline_46,Adeline,46,0.17588201298881145,11,0.6272727272727273,French,iter_T
Adeline_47,Adeline,47,0.1972853180515616,11.4,0.6861365235749473,French,iter_T
Adeline_48,Adeline,48,0.19717378407191338,12.6,0.7326431181485993,French,iter_T
Adeline_49,Adeline,49,0.15583816855586122,10.4,0.5843848580441641,French,iter_T
Adeline_5,Adeline,5,0.21399339463027123,10.1,0.6157205240174672,French,iter_T
Adeline_50,Adeline,50,0.2441168381312861,8.9,0.6115261472785486,French,iter_T
Adeline_51,Adeline,51,0.17175438266805593,13.4,0.7495917256396298,French,iter_T
Adeline_52,Adeline,52,0.16573569259793364,8.1,0.45903614457831327,French,iter_T
Adeline_53,Adeline,53,0.23478828666315477,9.1,0.6101694915254238,French,iter_T
Adeline_54,Adeline,54,0.2033399823129176,9.9,0.6246575342465753,French,iter_T
Adeline_55,Adeline,55,0.17117028078022517,9.4,0.5402843601895735,French,iter_T
Adeline_56,Adeline,56,0.21583898547198213,9.3,0.5506519558676028,French,iter_T
Adeline_57,Adeline,57,0.18788982676661412,10.2,0.5610184372256365,French,iter_T
Adeline_58,Adeline,58,0.2166983741854885,11.1,0.7048327137546468,French,iter_T
Adeline_59,Adeline,59,0.1758694408679355,10.6,0.6048582995951417,French,iter_T
Adeline_6,Adeline,6,0.179222509484155,11.2,0.6608695652173913,French,iter_T
Adeline_60,Adeline,60,0.20424252742998997,9,0.501577287066246,French,iter_T
Adeline_61,Adeline,61,0.2236650363011227,8.7,0.5565610859728507,French,iter_T
Adeline_62,Adeline,62,0.1991309585776481,9.1,0.5344644750795334,French,iter_T
Adeline_63,Adeline,63,0.175715600640303,10.5,0.5669099756690997,French,iter_T
Adeline_64,Adeline,64,0.206854656692173,9.4,0.5521653543307087,French,iter_T
Adeline_65,Adeline,65,0.18285811369777075,10.1,0.5887850467289719,French,iter_T
Adeline_66,Adeline,66,0.17351097901345544,11.4,0.6575931232091691,French,iter_T
Adeline_67,Adeline,67,0.1698570960937666,10,0.5909090909090909,French,iter_T
Adeline_68,Adeline,68,0.16511542582622055,10.9,0.6148648648648649,French,iter_T
Adeline_69,Adeline,69,0.18581167068897614,8.3,0.5067567567567568,French,iter_T
Adeline_7,Adeline,7,0.21111582249051428,8.7,0.5818965517241379,French,iter_T
Adeline_70,Adeline,70,0.19796828817388737,13,0.7378752886836027,French,iter_T
Adeline_71,Adeline,71,0.17736878178539434,11.3,0.6302521008403361,French,iter_T
Adeline_72,Adeline,72,0.20852276003466763,7.8,0.5,French,iter_T
Adeline_73,Adeline,73,0.20410217062702934,11.3,0.6542669584245077,French,iter_T
Adeline_74,Adeline,74,0.16350537972744347,10.3,0.5794314381270903,French,iter_T
Adeline_75,Adeline,75,0.19478714125569452,10.3,0.6218905472636815,French,iter_T
Adeline_76,Adeline,76,0.2245691631575987,10.3,0.6882793017456359,French,iter_T
Adeline_77,Adeline,77,0.196011686916252,9,0.577639751552795,French,iter_T
Adeline_78,Adeline,78,0.16060008574134413,8.4,0.5142857142857142,French,iter_T
Adeline_79,Adeline,79,0.19629318607586096,11.4,0.6637744034707158,French,iter_T
Adeline_8,Adeline,8,0.19300574481747904,12.9,0.7508751458576429,French,iter_T
Adeline_80,Adeline,80,0.15342044564227972,11.2,0.6295503211991434,French,iter_T
Adeline_81,Adeline,81,0.22920459823830502,8.9,0.5914567360350493,French,iter_T
Adeline_82,Adeline,82,0.228981575780552,10.1,0.6426735218508998,French,iter_T
Adeline_83,Adeline,83,0.15551047752697844,12.4,0.6966565349544073,French,iter_T
Adeline_84,Adeline,84,0.24122431708329284,8.4,0.5592028135990621,French,iter_T
Adeline_85,Adeline,85,0.17432612931762348,9.3,0.5227492739593417,French,iter_T
Adeline_86,Adeline,86,0.18192116283700455,11.7,0.6808943089430894,French,iter_T
Adeline_87,Adeline,87,0.18883973158527975,10.4,0.6324717285945073,French,iter_T
Adeline_88,Adeline,88,0.15468221314150207,11.4,0.6191799861014593,French,iter_T
Adeline_89,Adeline,89,0.19418875347880407,11,0.6641566265060241,French,iter_T
Adeline_9,Adeline,9,0.1919548110986947,12.2,0.7271573604060914,French,iter_T
Adeline_90,Adeline,90,0.213813458411133,10.1,0.6483704974271012,French,iter_T
Adeline_91,Adeline,91,0.2174145768878656,10.1,0.6185840707964602,French,iter_T
Adeline_92,Adeline,92,0.22845458799507035,11.3,0.6781437125748503,French,iter_T
Adeline_93,Adeline,93,0.22395623020630778,8.4,0.5633802816901409,French,iter_T
Adeline_94,Adeline,94,0.17784715081140032,10.9,0.6231454005934718,French,iter_T
Adeline_95,Adeline,95,0.22382888424467315,8.8,0.5673839184597962,French,iter_T
Adeline_96,Adeline,96,0.19481774495815815,10,0.6119273984442524,French,iter_T
Adeline_97,Adeline,97,0.17147543105225893,10.8,0.6150914634146342,French,iter_T
Adeline_98,Adeline,98,0.17007514942037405,11,0.6615384615384615,French,iter_T
Adeline_99,Adeline,99,0.23038248534353362,10,0.6345132743362832,French,iter_T
Afan_1,Afan,1,0.37213360669221723,4.1,0.5023923444976076,Urdu,iter_T
Afan_10,Afan,10,0.29502708680322287,5.6,0.582089552238806,Urdu,iter_T
Afan_100,Afan,100,0.33669741288380106,4.8,0.5032894736842105,Urdu,iter_T
Afan_11,Afan,11,0.3948764253685961,3.4,0.4405594405594406,Urdu,iter_T
Afan_12,Afan,12,0.33747159697546736,6.6,0.5672514619883041,Urdu,iter_T
Afan_13,Afan,13,0.34069393694688593,5.1,0.5305466237942122,Urdu,iter_T
Afan_14,Afan,14,0.3587897784900098,3.8,0.6,Urdu,iter_T
Afan_15,Afan,15,0.24697548082089169,6.6,0.5478260869565217,Urdu,iter_T
Afan_16,Afan,16,0.3171471121530987,4.7,0.5638297872340425,Urdu,iter_T
Afan_17,Afan,17,0.26327930818031614,6.2,0.5963855421686747,Urdu,iter_T
Afan_18,Afan,18,0.2401094823930786,6.1,0.5952848722986247,Urdu,iter_T
Afan_19,Afan,19,0.2652859132494193,4.3,0.42105263157894735,Urdu,iter_T
Afan_2,Afan,2,0.31761627116246055,4.4,0.5443037974683544,Urdu,iter_T
Afan_20,Afan,20,0.36654046357495446,4.3,0.6411290322580645,Urdu,iter_T
Afan_21,Afan,21,0.4311106183918844,5.3,0.40869565217391307,Urdu,iter_T
Afan_22,Afan,22,0.31835589555827404,5.9,0.5686274509803921,Urdu,iter_T
Afan_23,Afan,23,0.2548520901142697,5.3,0.6232686980609419,Urdu,iter_T
Afan_24,Afan,24,0.3322666719826775,5.6,0.4712041884816754,Urdu,iter_T
Afan_25,Afan,25,0.3298145848997599,5.4,0.4466501240694789,Urdu,iter_T
Afan_26,Afan,26,0.28766148640881284,6,0.49079754601226994,Urdu,iter_T
Afan_27,Afan,27,0.36894144027186054,4.8,0.4870848708487085,Urdu,iter_T
Afan_28,Afan,28,0.3188921167468886,5.5,0.6336898395721925,Urdu,iter_T
Afan_29,Afan,29,0.28937652426234545,4.4,0.5485074626865671,Urdu,iter_T
Afan_3,Afan,3,0.2522684303928041,5.7,0.6206896551724138,Urdu,iter_T
Afan_30,Afan,30,0.3789943620101504,4.4,0.5814977973568282,Urdu,iter_T
Afan_31,Afan,31,0.4251226981315044,3.9,0.5818181818181818,Urdu,iter_T
Afan_32,Afan,32,0.3647152911546523,6.2,0.5986547085201793,Urdu,iter_T
Afan_33,Afan,33,0.3181086379731947,4.1,0.4752475247524752,Urdu,iter_T
Afan_34,Afan,34,0.3850434851130317,5,0.5234899328859061,Urdu,iter_T
Afan_35,Afan,35,0.30972627341104975,5.1,0.4682080924855491,Urdu,iter_T
Afan_36,Afan,36,0.3320272063352551,5.2,0.5213414634146342,Urdu,iter_T
Afan_37,Afan,37,0.25716808766722815,5.8,0.609271523178808,Urdu,iter_T
Afan_38,Afan,38,0.22770136632938717,6.2,0.608433734939759,Urdu,iter_T
Afan_39,Afan,39,0.27391102847745535,6.1,0.564935064935065,Urdu,iter_T
Afan_4,Afan,4,0.3568995093267302,5.1,0.48,Urdu,iter_T
Afan_40,Afan,40,0.3523637547728992,5.2,0.5145348837209303,Urdu,iter_T
Afan_41,Afan,41,0.3189408500210656,5.4,0.4778761061946903,Urdu,iter_T
Afan_42,Afan,42,0.3468011318013863,4.9,0.4982698961937716,Urdu,iter_T
Afan_43,Afan,43,0.31897221992139085,4.4,0.4248927038626609,Urdu,iter_T
Afan_44,Afan,44,0.3520997861568473,4.5,0.5564516129032258,Urdu,iter_T
Afan_45,Afan,45,0.3425762183849769,5.5,0.5348837209302325,Urdu,iter_T
Afan_46,Afan,46,0.3063937322302505,5.9,0.56575682382134,Urdu,iter_T
Afan_47,Afan,47,0.3672464062432875,5.1,0.5886075949367089,Urdu,iter_T
Afan_48,Afan,48,0.23270412454931094,7,0.6833602584814217,Urdu,iter_T
Afan_49,Afan,49,0.262304602794177,5.6,0.6072289156626506,Urdu,iter_T
Afan_5,Afan,5,0.3800076345901523,3.8,0.47802197802197804,Urdu,iter_T
Afan_50,Afan,50,0.2893894418313071,5.7,0.591743119266055,Urdu,iter_T
Afan_51,Afan,51,0.30217267858143965,5.7,0.527027027027027,Urdu,iter_T
Afan_52,Afan,52,0.24177843072401214,4.5,0.6,Urdu,iter_T
Afan_53,Afan,53,0.277896114868623,4.6,0.5464285714285714,Urdu,iter_T
Afan_54,Afan,54,0.28727855787637174,7,0.6055900621118012,Urdu,iter_T
Afan_55,Afan,55,0.258124321661891,5.8,0.6227678571428571,Urdu,iter_T
Afan_56,Afan,56,0.27342104948747126,4.6,0.4742268041237113,Urdu,iter_T
Afan_57,Afan,57,0.35285340290851475,6.4,0.6841004184100419,Urdu,iter_T
Afan_58,Afan,58,0.20872351995013577,7.1,0.5982404692082112,Urdu,iter_T
Afan_59,Afan,59,0.3128898150085159,6,0.5871121718377088,Urdu,iter_T
Afan_6,Afan,6,0.33610406522030006,6.5,0.5955056179775281,Urdu,iter_T
Afan_60,Afan,60,0.21088341331838512,3.8,0.6557377049180327,Urdu,iter_T
Afan_61,Afan,61,0.4858369333070856,3.9,0.48554913294797686,Urdu,iter_T
Afan_62,Afan,62,0.31947265917648554,4.5,0.5294117647058824,Urdu,iter_T
Afan_63,Afan,63,0.23273241172388123,4.9,0.6258278145695364,Urdu,iter_T
Afan_64,Afan,64,0.35178336353980844,3.7,0.5357142857142857,Urdu,iter_T
Afan_65,Afan,65,0.3117886635614857,5.6,0.6633906633906634,Urdu,iter_T
Afan_66,Afan,66,0.25962564343935407,7.8,0.5217391304347826,Urdu,iter_T
Afan_67,Afan,67,0.2756105344687593,3.4,0.4144736842105263,Urdu,iter_T
Afan_68,Afan,68,0.2896930749254259,6.5,0.5631578947368421,Urdu,iter_T
Afan_69,Afan,69,0.33269458567970384,6.9,0.6197440585009141,Urdu,iter_T
Afan_7,Afan,7,0.27246226404873847,5.5,0.48214285714285715,Urdu,iter_T
Afan_70,Afan,70,0.383993891977538,4.6,0.6240875912408759,Urdu,iter_T
Afan_71,Afan,71,0.39025586345980745,5.7,0.6434316353887399,Urdu,iter_T
Afan_72,Afan,72,0.3397428237080757,3.3,0.528,Urdu,iter_T
Afan_73,Afan,73,0.3551087454213347,5.5,0.5853658536585366,Urdu,iter_T
Afan_74,Afan,74,0.3618455735632342,4.7,0.5101214574898786,Urdu,iter_T
Afan_75,Afan,75,0.36856562834810597,3.4,0.5076923076923077,Urdu,iter_T
Afan_76,Afan,76,0.3927977617184633,4,0.6,Urdu,iter_T
Afan_77,Afan,77,0.3032339473860605,5.1,0.5947521865889213,Urdu,iter_T
Afan_78,Afan,78,0.5850519101925917,3.8,0.525,Urdu,iter_T
Afan_79,Afan,79,0.17750338422575762,4.3,0.4659090909090909,Urdu,iter_T
Afan_8,Afan,8,0.28699358332772124,5.6,0.6042654028436019,Urdu,iter_T
Afan_80,Afan,80,0.31637176633969477,5.9,0.6157517899761337,Urdu,iter_T
Afan_81,Afan,81,0.34616959491355004,6.5,0.6499032882011605,Urdu,iter_T
Afan_82,Afan,82,0.28448361971699254,5.4,0.5833333333333334,Urdu,iter_T
Afan_83,Afan,83,0.304537289011495,6,0.5708245243128964,Urdu,iter_T
Afan_84,Afan,84,0.32691823523411356,5.7,0.6531645569620254,Urdu,iter_T
Afan_85,Afan,85,0.2716181293397621,3.9,0.5046728971962616,Urdu,iter_T
Afan_86,Afan,86,0.2983734239786449,7.3,0.5398089171974523,Urdu,iter_T
Afan_87,Afan,87,0.27830002913777957,5.6,0.6015037593984962,Urdu,iter_T
Afan_88,Afan,88,0.32050946920542694,5.2,0.5635838150289018,Urdu,iter_T
Afan_89,Afan,89,0.2887254656125943,4.5,0.5129032258064516,Urdu,iter_T
Afan_9,Afan,9,0.37562275551625784,4.6,0.5275862068965518,Urdu,iter_T
Afan_90,Afan,90,0.37624827308929815,3.8,0.5510204081632653,Urdu,iter_T
Afan_91,Afan,91,0.3322790294824303,5.9,0.5986078886310905,Urdu,iter_T
Afan_92,Afan,92,0.3343447741055715,3.7,0.46987951807228917,Urdu,iter_T
Afan_93,Afan,93,0.35581031907599686,4.8,0.5159235668789809,Urdu,iter_T
Afan_94,Afan,94,0.2268479450147898,6.2,0.6942148760330579,Urdu,iter_T
Afan_95,Afan,95,0.2730193246778999,4.6,0.6133828996282528,Urdu,iter_T
Afan_96,Afan,96,0.299553005923411,5.4,0.5620253164556962,Urdu,iter_T
Afan_97,Afan,97,0.3810701461077978,4.4,0.6190476190476191,Urdu,iter_T
Afan_98,Afan,98,0.18422545757078762,4.5,0.5916955017301038,Urdu,iter_T
Afan_99,Afan,99,0.3496288278746468,5,0.5631399317406144,Urdu,iter_T
Atte_1,Atte,1,0.23884631748766133,8.3,0.5913461538461539,Finnish,iter_T
Atte_10,Atte,10,0.23659386976296745,8.5,0.5223880597014925,Finnish,iter_T
Atte_100,Atte,100,0.17446156079181935,6.8,0.4462025316455696,Finnish,iter_T
Atte_11,Atte,11,0.2853403248674993,6.4,0.425764192139738,Finnish,iter_T
Atte_12,Atte,12,0.2365533860698011,7.4,0.49854227405247814,Finnish,iter_T
Atte_13,Atte,13,0.20632574165321102,7.7,0.4788918205804749,Finnish,iter_T
Atte_14,Atte,14,0.26085914780681196,4.7,0.2909698996655518,Finnish,iter_T
Atte_15,Atte,15,0.2583225475500488,4.7,0.4351851851851852,Finnish,iter_T
Atte_16,Atte,16,0.24255927334969013,5.1,0.3654390934844193,Finnish,iter_T
Atte_17,Atte,17,0.12331893799345466,4,0.23154362416107382,Finnish,iter_T
Atte_18,Atte,18,0.1429545964517585,5.1,0.41732283464566927,Finnish,iter_T
Atte_19,Atte,19,0.29024824825897255,7.3,0.5275310834813499,Finnish,iter_T
Atte_2,Atte,2,0.23872276053267455,5.7,0.43820224719101125,Finnish,iter_T
Atte_20,Atte,20,0.19095578071172356,6.2,0.41320754716981134,Finnish,iter_T
Atte_21,Atte,21,0.13785830013070982,8.1,0.4600760456273764,Finnish,iter_T
Atte_22,Atte,22,0.33687180762655494,5.7,0.5078125,Finnish,iter_T
Atte_23,Atte,23,0.11015490496482722,4.2,0.4085603112840467,Finnish,iter_T
Atte_24,Atte,24,0.13232787614311495,8.7,0.45686900958466453,Finnish,iter_T
Atte_25,Atte,25,0.2708654357358543,5.5,0.5204081632653061,Finnish,iter_T
Atte_26,Atte,26,0.22588428665260382,6.7,0.4964788732394366,Finnish,iter_T
Atte_27,Atte,27,0.21978298612601216,8.5,0.5244498777506112,Finnish,iter_T
Atte_28,Atte,28,0.3408976104873203,6.2,0.5369127516778524,Finnish,iter_T
Atte_29,Atte,29,0.3276309690213781,5.6,0.5335051546391752,Finnish,iter_T
Atte_3,Atte,3,0.17726679989885633,7.1,0.5094339622641509,Finnish,iter_T
Atte_30,Atte,30,0.1896110255417248,6.4,0.5009487666034156,Finnish,iter_T
Atte_31,Atte,31,0.2186180767482553,5.8,0.3665158371040724,Finnish,iter_T
Atte_32,Atte,32,0.1225014174171889,6.6,0.39935064935064934,Finnish,iter_T
Atte_33,Atte,33,0.31004045395499064,6.5,0.5020408163265306,Finnish,iter_T
Atte_34,Atte,34,0.07396921898004447,7,0.41509433962264153,Finnish,iter_T
Atte_35,Atte,35,0.15813961410183067,8.2,0.5143884892086331,Finnish,iter_T
Atte_36,Atte,36,0.23496444168904632,7.3,0.4869831546707504,Finnish,iter_T
Atte_37,Atte,37,0.28874317026168705,6.7,0.5133689839572193,Finnish,iter_T
Atte_38,Atte,38,0.23324312525363794,5.8,0.336322869955157,Finnish,iter_T
Atte_39,Atte,39,0.19726002270929563,8.4,0.49334945586457074,Finnish,iter_T
Atte_4,Atte,4,0.1743818215201659,7.6,0.4909847434119279,Finnish,iter_T
Atte_40,Atte,40,0.16528036854393605,4.9,0.43213296398891965,Finnish,iter_T
Atte_41,Atte,41,0.12788753078641893,3.4,0.3103448275862069,Finnish,iter_T
Atte_42,Atte,42,0.1491547235048393,5.1,0.43089430894308944,Finnish,iter_T
Atte_43,Atte,43,0.12027013818273379,4.8,0.46006389776357826,Finnish,iter_T
Atte_44,Atte,44,0.11296546189033206,7.2,0.4303448275862069,Finnish,iter_T
Atte_45,Atte,45,0.2109520941625965,8.6,0.48727272727272725,Finnish,iter_T
Atte_46,Atte,46,0.2471179095440757,6.2,0.4588235294117647,Finnish,iter_T
Atte_47,Atte,47,0.1088743935108911,5.4,0.39045553145336226,Finnish,iter_T
Atte_48,Atte,48,0.035518182133432497,4.5,0.3445378151260504,Finnish,iter_T
Atte_49,Atte,49,0.19274308542257465,7.8,0.464,Finnish,iter_T
Atte_5,Atte,5,0.26703996784746453,6,0.3221476510067114,Finnish,iter_T
Atte_50,Atte,50,0.16529698620721645,6.5,0.5658362989323843,Finnish,iter_T
Atte_51,Atte,51,0.2476211362596307,5.1,0.2681564245810056,Finnish,iter_T
Atte_52,Atte,52,0.1587055271733436,6.8,0.4319620253164557,Finnish,iter_T
Atte_53,Atte,53,0.16410124920257285,7.6,0.5299145299145299,Finnish,iter_T
Atte_54,Atte,54,0.09388475517107905,8.7,0.4639830508474576,Finnish,iter_T
Atte_55,Atte,55,0.1540983645280196,7.9,0.4780426599749059,Finnish,iter_T
Atte_56,Atte,56,0.25766525805047574,6.3,0.45213849287169044,Finnish,iter_T
Atte_57,Atte,57,0.23989158164550392,5.5,0.5012468827930174,Finnish,iter_T
Atte_58,Atte,58,0.2531869173364713,7.1,0.5612244897959183,Finnish,iter_T
Atte_59,Atte,59,0.32800283552045734,5.5,0.5316455696202531,Finnish,iter_T
Atte_6,Atte,6,0.12908356429739415,4.5,0.4925373134328358,Finnish,iter_T
Atte_60,Atte,60,0.19524697370650934,3.9,0.3956043956043956,Finnish,iter_T
Atte_61,Atte,61,0.12827844199024552,6.6,0.40336134453781514,Finnish,iter_T
Atte_62,Atte,62,0.17591917333371615,7.5,0.42857142857142855,Finnish,iter_T
Atte_63,Atte,63,0.18164365020233894,6.2,0.5405940594059406,Finnish,iter_T
Atte_64,Atte,64,0.23583960145053948,6.5,0.42463235294117646,Finnish,iter_T
Atte_65,Atte,65,0.2030515927075404,5.1,0.2647058823529412,Finnish,iter_T
Atte_66,Atte,66,0.21651254584835206,5.4,0.49748743718592964,Finnish,iter_T
Atte_67,Atte,67,0.13537443288102993,5.3,0.5981873111782477,Finnish,iter_T
Atte_68,Atte,68,0.1645552527311239,6.1,0.42277992277992277,Finnish,iter_T
Atte_69,Atte,69,0.27285412485599386,5.9,0.41226215644820297,Finnish,iter_T
Atte_7,Atte,7,0.3255647926031692,5.5,0.3678474114441417,Finnish,iter_T
Atte_70,Atte,70,0.20053068316800057,7,0.4527363184079602,Finnish,iter_T
Atte_71,Atte,71,0.13493360417021624,5.9,0.36531365313653136,Finnish,iter_T
Atte_72,Atte,72,0.17561934907031834,9.2,0.49742533470648814,Finnish,iter_T
Atte_73,Atte,73,0.2749808557186616,6.5,0.5053304904051172,Finnish,iter_T
Atte_74,Atte,74,0.17911015264621105,7.8,0.4336399474375821,Finnish,iter_T
Atte_75,Atte,75,0.16018861424227532,5.4,0.33098591549295775,Finnish,iter_T
Atte_76,Atte,76,0.14504611851658253,6.5,0.4504950495049505,Finnish,iter_T
Atte_77,Atte,77,0.24942684050606698,7.3,0.5518394648829431,Finnish,iter_T
Atte_78,Atte,78,0.1985285553960829,4.4,0.47307692307692306,Finnish,iter_T
Atte_79,Atte,79,0.1282313599072819,7.2,0.4326923076923077,Finnish,iter_T
Atte_8,Atte,8,0.29510200398604497,7.1,0.518918918918919,Finnish,iter_T
Atte_80,Atte,80,0.2325296543217544,6.8,0.5172413793103449,Finnish,iter_T
Atte_81,Atte,81,0.11962996259787201,4.6,0.45483870967741935,Finnish,iter_T
Atte_82,Atte,82,0.2268244682552196,6.4,0.5515151515151515,Finnish,iter_T
Atte_83,Atte,83,0.13356944487981462,8.8,0.50764192139738,Finnish,iter_T
Atte_84,Atte,84,0.1833954878064876,6.7,0.4312796208530806,Finnish,iter_T
Atte_85,Atte,85,0.23965608402362268,7.4,0.5203125,Finnish,iter_T
Atte_86,Atte,86,0.4209310794308298,4.6,0.6255924170616114,Finnish,iter_T
Atte_87,Atte,87,0.14364252504630978,6,0.4371584699453552,Finnish,iter_T
Atte_88,Atte,88,0.2810615544800137,6.7,0.5397727272727273,Finnish,iter_T
Atte_89,Atte,89,0.19106750613351134,7.2,0.5007518796992482,Finnish,iter_T
Atte_9,Atte,9,0.2897982527862847,6.5,0.5166340508806262,Finnish,iter_T
Atte_90,Atte,90,0.08892324144598111,5.3,0.4018475750577367,Finnish,iter_T
Atte_91,Atte,91,0.24868181929038416,5.6,0.5138539042821159,Finnish,iter_T
Atte_92,Atte,92,0.17577392466461195,6.4,0.4458041958041958,Finnish,iter_T
Atte_93,Atte,93,0.08607402337166513,3.8,0.47058823529411764,Finnish,iter_T
Atte_94,Atte,94,0.1759340339478547,5.4,0.3901345291479821,Finnish,iter_T
Atte_95,Atte,95,0.19644852211881975,8.2,0.5416666666666666,Finnish,iter_T
Atte_96,Atte,96,0.09394767176068347,5.9,0.46255506607929514,Finnish,iter_T
Atte_97,Atte,97,0.2036431409434027,6.1,0.4158415841584158,Finnish,iter_T
Atte_98,Atte,98,0.3122032790964252,5.8,0.5179856115107914,Finnish,iter_T
Atte_99,Atte,99,0.1936301171433915,7,0.5008880994671403,Finnish,iter_T
Basile_1,Basile,1,0.2521091126627709,8.1,0.6022727272727273,French,iter_T
Basile_10,Basile,10,0.25941669588617555,8.5,0.6666666666666666,French,iter_T
Basile_100,Basile,100,0.2664992249053597,7.6,0.5982404692082112,French,iter_T
Basile_11,Basile,11,0.2992580024593664,6.4,0.5774058577405857,French,iter_T
Basile_12,Basile,12,0.20243443278027218,6.9,0.6486486486486487,French,iter_T
Basile_13,Basile,13,0.2626984107462189,7.7,0.6145092460881935,French,iter_T
Basile_14,Basile,14,0.2364732908675613,8.7,0.619750283768445,French,iter_T
Basile_15,Basile,15,0.2129289400177061,9.5,0.6022835394862036,French,iter_T
Basile_16,Basile,16,0.24746639706646456,7.6,0.60431654676259,French,iter_T
Basile_17,Basile,17,0.24590299937856075,7.7,0.5357142857142857,French,iter_T
Basile_18,Basile,18,0.2595765384457849,9.2,0.6899063475546305,French,iter_T
Basile_19,Basile,19,0.21090889390231543,8.2,0.5451263537906137,French,iter_T
Basile_2,Basile,2,0.2633699011594032,8.2,0.6238030095759234,French,iter_T
Basile_20,Basile,20,0.24367072914331206,7.4,0.4969040247678019,French,iter_T
Basile_21,Basile,21,0.24184999329428067,8,0.568,French,iter_T
Basile_22,Basile,22,0.26029968879196147,7.5,0.5471698113207547,French,iter_T
Basile_23,Basile,23,0.22733237030913767,5.7,0.5912408759124088,French,iter_T
Basile_24,Basile,24,0.2574185547142609,7.3,0.5307346326836582,French,iter_T
Basile_25,Basile,25,0.24888839483701758,6,0.4639175257731959,French,iter_T
Basile_26,Basile,26,0.29981401140856767,6.9,0.5753424657534246,French,iter_T
Basile_27,Basile,27,0.23464005430280532,8.4,0.6203143893591294,French,iter_T
Basile_28,Basile,28,0.24322330251529115,8.5,0.597254004576659,French,iter_T
Basile_29,Basile,29,0.2819605800149462,6.7,0.5611510791366906,French,iter_T
Basile_3,Basile,3,0.20740319439214186,10.5,0.6728744939271255,French,iter_T
Basile_30,Basile,30,0.263210620377914,8.2,0.7108433734939759,French,iter_T
Basile_31,Basile,31,0.2872696328284022,6.2,0.5010706638115632,French,iter_T
Basile_32,Basile,32,0.3075718567115299,6.5,0.5475285171102662,French,iter_T
Basile_33,Basile,33,0.21652411926376802,5.8,0.45695364238410596,French,iter_T
Basile_34,Basile,34,0.24666204868702338,7.6,0.5617021276595745,French,iter_T
Basile_35,Basile,35,0.2660520810760411,7.2,0.5618892508143323,French,iter_T
Basile_36,Basile,36,0.25933150398454285,5.6,0.49877750611246946,French,iter_T
Basile_37,Basile,37,0.26316282006862124,7.9,0.597544338335607,French,iter_T
Basile_38,Basile,38,0.2396488786198074,7.5,0.5443037974683544,French,iter_T
Basile_39,Basile,39,0.25559316419139505,8.3,0.6194029850746269,French,iter_T
Basile_4,Basile,4,0.2490008104513376,7.9,0.5870445344129555,French,iter_T
Basile_40,Basile,40,0.2751285431693545,6.2,0.47921225382932164,French,iter_T
Basile_41,Basile,41,0.2624209130559618,6.9,0.5008695652173913,French,iter_T
Basile_42,Basile,42,0.2636002750186519,7.7,0.5587392550143266,French,iter_T
Basile_43,Basile,43,0.2534857246467253,8.9,0.6457858769931663,French,iter_T
Basile_44,Basile,44,0.18700210256003827,5.7,0.582392776523702,French,iter_T
Basile_45,Basile,45,0.2042528410344192,7.6,0.7043478260869566,French,iter_T
Basile_46,Basile,46,0.25105448056242746,6.5,0.48406374501992033,French,iter_T
Basile_47,Basile,47,0.2542172746392607,7.8,0.5875,French,iter_T
Basile_48,Basile,48,0.23603377727182584,8.9,0.6198895027624309,French,iter_T
Basile_49,Basile,49,0.2496255741679744,9.9,0.7137546468401487,French,iter_T
Basile_5,Basile,5,0.2564040479423337,8.5,0.5941320293398533,French,iter_T
Basile_50,Basile,50,0.3195116562327876,6.8,0.6363636363636364,French,iter_T
Basile_51,Basile,51,0.24749880114363593,8.3,0.6120805369127517,French,iter_T
Basile_52,Basile,52,0.2600989127221674,8.6,0.6308068459657702,French,iter_T
Basile_53,Basile,53,0.1885084422487822,8,0.6299615877080665,French,iter_T
Basile_54,Basile,54,0.2580083977466043,7.7,0.6317991631799164,French,iter_T
Basile_55,Basile,55,0.23921022461833857,7.5,0.543859649122807,French,iter_T
Basile_56,Basile,56,0.2596850641686348,7,0.5392156862745098,French,iter_T
Basile_57,Basile,57,0.1815465679585825,6.7,0.635036496350365,French,iter_T
Basile_58,Basile,58,0.1950494179680621,6.8,0.5644067796610169,French,iter_T
Basile_59,Basile,59,0.20798192201572008,6.6,0.45923460898502494,French,iter_T
Basile_6,Basile,6,0.25055986702428584,8.9,0.649103139013453,French,iter_T
Basile_60,Basile,60,0.24009113217523126,8.4,0.5904059040590406,French,iter_T
Basile_61,Basile,61,0.2802581044911234,7.8,0.6192468619246861,French,iter_T
Basile_62,Basile,62,0.2486499323900132,7.9,0.6274238227146814,French,iter_T
Basile_63,Basile,63,0.20869024534841812,6.1,0.5562913907284768,French,iter_T
Basile_64,Basile,64,0.28811393620469206,7.2,0.6345177664974619,French,iter_T
Basile_65,Basile,65,0.2573183071597702,6.7,0.5585106382978723,French,iter_T
Basile_66,Basile,66,0.2544054005246107,6.9,0.5450081833060556,French,iter_T
Basile_67,Basile,67,0.23363084501954087,9.3,0.6659815005138746,French,iter_T
Basile_68,Basile,68,0.25241617788600273,8.8,0.656140350877193,French,iter_T
Basile_69,Basile,69,0.2645833016854891,7.2,0.5866454689984102,French,iter_T
Basile_7,Basile,7,0.24455470106354327,8.3,0.5962962962962963,French,iter_T
Basile_70,Basile,70,0.3029624628570778,5.5,0.5059171597633136,French,iter_T
Basile_71,Basile,71,0.23923610873943638,8.5,0.6352128883774454,French,iter_T
Basile_72,Basile,72,0.27697450735517876,6.3,0.5093167701863354,French,iter_T
Basile_73,Basile,73,0.23758305041055464,9.4,0.638689866939611,French,iter_T
Basile_74,Basile,74,0.23574192859916285,8.3,0.605296343001261,French,iter_T
Basile_75,Basile,75,0.29993667619037073,6.5,0.5705128205128205,French,iter_T
Basile_76,Basile,76,0.23591781839533785,7.9,0.531700288184438,French,iter_T
Basile_77,Basile,77,0.2592227240371353,8,0.599195710455764,French,iter_T
Basile_78,Basile,78,0.21344966488921052,9.5,0.6393910561370124,French,iter_T
Basile_79,Basile,79,0.23753049714629065,9.6,0.717948717948718,French,iter_T
Basile_8,Basile,8,0.1826962842102371,5.8,0.5817757009345794,French,iter_T
Basile_80,Basile,80,0.2543212902095237,8.8,0.6636871508379888,French,iter_T
Basile_81,Basile,81,0.24501239283410442,8.9,0.6319290465631929,French,iter_T
Basile_82,Basile,82,0.27757370318846386,8.6,0.6498194945848376,French,iter_T
Basile_83,Basile,83,0.21949019332345568,9.2,0.640625,French,iter_T
Basile_84,Basile,84,0.2345521205736988,10.1,0.7191413237924866,French,iter_T
Basile_85,Basile,85,0.1725212012049376,6,0.5907079646017699,French,iter_T
Basile_86,Basile,86,0.25903806609348223,7.3,0.5244444444444445,French,iter_T
Basile_87,Basile,87,0.2362989874072523,9.1,0.6704081632653062,French,iter_T
Basile_88,Basile,88,0.22270521567617563,7.9,0.5895020188425303,French,iter_T
Basile_89,Basile,89,0.24774925620369093,7.7,0.5752840909090909,French,iter_T
Basile_9,Basile,9,0.23660139308642034,9.7,0.638728323699422,French,iter_T
Basile_90,Basile,90,0.33726203236546265,5.6,0.576,French,iter_T
Basile_91,Basile,91,0.23842636007606982,9,0.603125,French,iter_T
Basile_92,Basile,92,0.28857763747186976,7.5,0.6313213703099511,French,iter_T
Basile_93,Basile,93,0.2768648065222044,8.1,0.6582446808510638,French,iter_T
Basile_94,Basile,94,0.2538988742464852,8.1,0.6557591623036649,French,iter_T
Basile_95,Basile,95,0.2317014760260702,8.7,0.6282194848824189,French,iter_T
Basile_96,Basile,96,0.24166299142769704,8.8,0.6515986769570011,French,iter_T
Basile_97,Basile,97,0.2670852742786592,7.6,0.5886627906976745,French,iter_T
Basile_98,Basile,98,0.2880913026241389,7.8,0.6390041493775933,French,iter_T
Basile_99,Basile,99,0.23498597935134874,5.5,0.5476190476190477,French,iter_T
Carys_1,Carys,1,0.1680399654254449,12.6,0.768595041322314,Welsh,iter_T
Carys_10,Carys,10,0.17616347893369044,13.2,0.8074398249452954,Welsh,iter_T
Carys_100,Carys,100,0.17205905433754543,13.2,0.8074398249452954,Welsh,iter_T
Carys_11,Carys,11,0.17153047468496968,13.4,0.8123667377398721,Welsh,iter_T
Carys_12,Carys,12,0.17461779497504018,12.4,0.7645631067961165,Welsh,iter_T
Carys_13,Carys,13,0.17172291980633592,12.7,0.7791304347826087,Welsh,iter_T
Carys_14,Carys,14,0.16633592453303117,13.4,0.8123667377398721,Welsh,iter_T
Carys_15,Carys,15,0.17205018592340598,12.5,0.767065868263473,Welsh,iter_T
Carys_16,Carys,16,0.17070245416591662,13.5,0.8151658767772512,Welsh,iter_T
Carys_17,Carys,17,0.17090094331787337,13.4,0.8123667377398721,Welsh,iter_T
Carys_18,Carys,18,0.1717229198063359,12.7,0.7791304347826087,Welsh,iter_T
Carys_19,Carys,19,0.17493891717056204,13.3,0.8103727714748784,Welsh,iter_T
Carys_2,Carys,2,0.1722381157987442,12.6,0.7768643570170288,Welsh,iter_T
Carys_20,Carys,20,0.17205018592340596,12.5,0.767065868263473,Welsh,iter_T
Carys_21,Carys,21,0.17623222272675543,13.2,0.8074398249452954,Welsh,iter_T
Carys_22,Carys,22,0.16589495078734018,13.6,0.8161993769470405,Welsh,iter_T
Carys_23,Carys,23,0.17240592359714277,12.4,0.7645631067961165,Welsh,iter_T
Carys_24,Carys,24,0.16957842077557836,13.5,0.8147368421052632,Welsh,iter_T
Carys_25,Carys,25,0.16957842077557825,13.5,0.8147368421052632,Welsh,iter_T
Carys_26,Carys,26,0.16949147485658794,14.5,0.7935758148323099,Welsh,iter_T
Carys_27,Carys,27,0.17090094331787342,13.4,0.8123667377398721,Welsh,iter_T
Carys_28,Carys,28,0.16804372063814674,13.4,0.8123667377398721,Welsh,iter_T
Carys_29,Carys,29,0.16803996542544472,12.6,0.768595041322314,Welsh,iter_T
Carys_3,Carys,3,0.17493891717056206,13.3,0.8103727714748784,Welsh,iter_T
Carys_30,Carys,30,0.16873765553547904,12.4,0.7645631067961165,Welsh,iter_T
Carys_31,Carys,31,0.1715397040724095,13.4,0.8123667377398721,Welsh,iter_T
Carys_32,Carys,32,0.1668915453890863,13.6,0.817047817047817,Welsh,iter_T
Carys_33,Carys,33,0.16818850752801828,12.7,0.7791304347826087,Welsh,iter_T
Carys_34,Carys,34,0.17223811579874407,12.6,0.7768643570170288,Welsh,iter_T
Carys_35,Carys,35,0.1761634789336904,13.2,0.8074398249452954,Welsh,iter_T
Carys_36,Carys,36,0.17518518905721156,13.3,0.8103727714748784,Welsh,iter_T
Carys_37,Carys,37,0.17327204084802952,14.3,0.7895500725689405,Welsh,iter_T
Carys_38,Carys,38,0.17346818802704578,13.3,0.8103727714748784,Welsh,iter_T
Carys_39,Carys,39,0.16804372063814677,13.4,0.8123667377398721,Welsh,iter_T
Carys_4,Carys,4,0.1695784207755781,13.5,0.8147368421052632,Welsh,iter_T
Carys_40,Carys,40,0.17153970407240945,13.4,0.8123667377398721,Welsh,iter_T
Carys_41,Carys,41,0.1715304746849697,13.4,0.8123667377398721,Welsh,iter_T
Carys_42,Carys,42,0.17327204084802927,14.3,0.7895500725689405,Welsh,iter_T
Carys_43,Carys,43,0.17311865307271873,12.4,0.7645631067961165,Welsh,iter_T
Carys_44,Carys,44,0.16868028915540306,12.6,0.768595041322314,Welsh,iter_T
Carys_45,Carys,45,0.17436473724620782,12.4,0.7645631067961165,Welsh,iter_T
Carys_46,Carys,46,0.16997316450279706,11.7,0.7281746031746031,Welsh,iter_T
Carys_47,Carys,47,0.1722721350522103,13.2,0.8074398249452954,Welsh,iter_T
Carys_48,Carys,48,0.1717229198063359,12.7,0.7791304347826087,Welsh,iter_T
Carys_49,Carys,49,0.17153047468496949,13.4,0.8123667377398721,Welsh,iter_T
Carys_5,Carys,5,0.17629675139895182,12.4,0.7645631067961165,Welsh,iter_T
Carys_50,Carys,50,0.1668915453890862,13.6,0.817047817047817,Welsh,iter_T
Carys_51,Carys,51,0.17153970407240957,13.4,0.8123667377398721,Welsh,iter_T
Carys_52,Carys,52,0.16862398532119277,11.7,0.7281746031746031,Welsh,iter_T
Carys_53,Carys,53,0.17623222272675546,13.2,0.8074398249452954,Welsh,iter_T
Carys_54,Carys,54,0.1678721576270463,12.8,0.7817142857142857,Welsh,iter_T
Carys_55,Carys,55,0.1712550921867458,12.5,0.767065868263473,Welsh,iter_T
Carys_56,Carys,56,0.16689154538908615,13.6,0.817047817047817,Welsh,iter_T
Carys_57,Carys,57,0.1742962085460991,13.2,0.8074398249452954,Welsh,iter_T
Carys_58,Carys,58,0.17153970407240965,13.4,0.8123667377398721,Welsh,iter_T
Carys_59,Carys,59,0.17016640022982166,14.3,0.7895500725689405,Welsh,iter_T
Carys_6,Carys,6,0.17205905433754554,13.2,0.8074398249452954,Welsh,iter_T
Carys_60,Carys,60,0.1668915453890862,13.6,0.817047817047817,Welsh,iter_T
Carys_61,Carys,61,0.1715304746849697,13.4,0.8123667377398721,Welsh,iter_T
Carys_62,Carys,62,0.17153047468496954,13.4,0.8123667377398721,Welsh,iter_T
Carys_63,Carys,63,0.17205905433754545,13.2,0.8074398249452954,Welsh,iter_T
Carys_64,Carys,64,0.1751851890572115,13.3,0.8103727714748784,Welsh,iter_T
Carys_65,Carys,65,0.171133370604071,13.3,0.8103727714748784,Welsh,iter_T
Carys_66,Carys,66,0.16964676809951693,12.6,0.768595041322314,Welsh,iter_T
Carys_67,Carys,67,0.17217730699120912,12.4,0.7645631067961165,Welsh,iter_T
Carys_68,Carys,68,0.17346818802704586,13.3,0.8103727714748784,Welsh,iter_T
Carys_69,Carys,69,0.17027940699256464,12.6,0.768595041322314,Welsh,iter_T
Carys_7,Carys,7,0.17417228513181318,14.3,0.7895500725689405,Welsh,iter_T
Carys_70,Carys,70,0.1715397040724096,13.4,0.8123667377398721,Welsh,iter_T
Carys_71,Carys,71,0.16689154538908618,13.6,0.817047817047817,Welsh,iter_T
Carys_72,Carys,72,0.1696467680995168,12.6,0.768595041322314,Welsh,iter_T
Carys_73,Carys,73,0.17153970407240968,13.4,0.8123667377398721,Welsh,iter_T
Carys_74,Carys,74,0.1663359245330312,13.4,0.8123667377398721,Welsh,iter_T
Carys_75,Carys,75,0.17207814868004717,13.4,0.8123667377398721,Welsh,iter_T
Carys_76,Carys,76,0.1761634789336903,13.2,0.8074398249452954,Welsh,iter_T
Carys_77,Carys,77,0.1749592890589236,12.4,0.7645631067961165,Welsh,iter_T
Carys_78,Carys,78,0.173089397008841,12.4,0.7645631067961165,Welsh,iter_T
Carys_79,Carys,79,0.1668915453890863,13.6,0.817047817047817,Welsh,iter_T
Carys_8,Carys,8,0.17237023244634464,14.4,0.7919655667144907,Welsh,iter_T
Carys_80,Carys,80,0.1732720408480296,14.3,0.7895500725689405,Welsh,iter_T
Carys_81,Carys,81,0.17493891717056198,13.3,0.8103727714748784,Welsh,iter_T
Carys_82,Carys,82,0.17327204084802952,14.3,0.7895500725689405,Welsh,iter_T
Carys_83,Carys,83,0.1715304746849698,13.4,0.8123667377398721,Welsh,iter_T
Carys_84,Carys,84,0.16689154538908627,13.6,0.817047817047817,Welsh,iter_T
Carys_85,Carys,85,0.17207814868004725,13.4,0.8123667377398721,Welsh,iter_T
Carys_86,Carys,86,0.16949147485658794,14.5,0.7935758148323099,Welsh,iter_T
Carys_87,Carys,87,0.17172291980633586,12.7,0.7791304347826087,Welsh,iter_T
Carys_88,Carys,88,0.17205018592340585,12.5,0.767065868263473,Welsh,iter_T
Carys_89,Carys,89,0.17090094331787348,13.4,0.8123667377398721,Welsh,iter_T
Carys_9,Carys,9,0.168737655535479,12.4,0.7645631067961165,Welsh,iter_T
Carys_90,Carys,90,0.17097687564272954,13.4,0.8123667377398721,Welsh,iter_T
Carys_91,Carys,91,0.17346818802704578,13.3,0.8103727714748784,Welsh,iter_T
Carys_92,Carys,92,0.17049056030279142,13.4,0.8123667377398721,Welsh,iter_T
Carys_93,Carys,93,0.17587509005747085,13.2,0.8074398249452954,Welsh,iter_T
Carys_94,Carys,94,0.17153047468496968,13.4,0.8123667377398721,Welsh,iter_T
Carys_95,Carys,95,0.17554616256357566,12.4,0.7645631067961165,Welsh,iter_T
Carys_96,Carys,96,0.17237023244634472,14.4,0.7919655667144907,Welsh,iter_T
Carys_97,Carys,97,0.1746177949750403,12.4,0.7645631067961165,Welsh,iter_T
Carys_98,Carys,98,0.17113337060407108,13.3,0.8103727714748784,Welsh,iter_T
Carys_99,Carys,99,0.17518518905721137,13.3,0.8103727714748784,Welsh,iter_T
Eelis_1,Eelis,1,0.053041225000955726,2.9,0.5882352941176471,Finnish,iter_T
Eelis_10,Eelis,10,0.044440427786043527,3,0.4748201438848921,Finnish,iter_T
Eelis_100,Eelis,100,0.04947343734832402,2.3,0.5192307692307693,Finnish,iter_T
Eelis_11,Eelis,11,0.07241218681964957,2.1,0.2876712328767123,Finnish,iter_T
Eelis_12,Eelis,12,0.1834584895738321,2.2,0.3442622950819672,Finnish,iter_T
Eelis_13,Eelis,13,0.12318776968527237,3.4,0.7622950819672131,Finnish,iter_T
Eelis_14,Eelis,14,0.22058230412581345,3.3,0.46296296296296297,Finnish,iter_T
Eelis_15,Eelis,15,0.23843289378915647,3.8,0.63,Finnish,iter_T
Eelis_16,Eelis,16,0.21448891117589455,3.3,0.5307692307692308,Finnish,iter_T
Eelis_17,Eelis,17,0.1262995986073255,3.3,0.4602272727272727,Finnish,iter_T
Eelis_18,Eelis,18,0.2222622827971673,2.8,0.6144578313253012,Finnish,iter_T
Eelis_19,Eelis,19,0.26814153217533704,3.2,0.6272727272727273,Finnish,iter_T
Eelis_2,Eelis,2,0.02981033108454316,1.9,0.39473684210526316,Finnish,iter_T
Eelis_20,Eelis,20,0.23654305960766137,2.3,0.6111111111111112,Finnish,iter_T
Eelis_21,Eelis,21,0.020101295925390745,1.7,0.2926829268292683,Finnish,iter_T
Eelis_22,Eelis,22,0.04892795826770675,3.2,0.5476190476190477,Finnish,iter_T
Eelis_23,Eelis,23,0.3791428703738653,3.8,0.6071428571428571,Finnish,iter_T
Eelis_24,Eelis,24,0.17835146908283628,3.5,0.6428571428571429,Finnish,iter_T
Eelis_25,Eelis,25,0.02669330263126881,1.9,0.5526315789473685,Finnish,iter_T
Eelis_26,Eelis,26,0.058142809964024315,3.5,0.6521739130434783,Finnish,iter_T
Eelis_27,Eelis,27,0.031156070924766452,2.1,0.3050847457627119,Finnish,iter_T
Eelis_28,Eelis,28,0.026652110941648113,1.8,0.3333333333333333,Finnish,iter_T
Eelis_29,Eelis,29,0.09382894568507083,3,0.59375,Finnish,iter_T
Eelis_3,Eelis,3,0.04193772928706371,3,0.49624060150375937,Finnish,iter_T
Eelis_30,Eelis,30,0.04794566636685655,2.9,0.5428571428571428,Finnish,iter_T
Eelis_31,Eelis,31,0.20065019869335898,2.7,0.5555555555555556,Finnish,iter_T
Eelis_32,Eelis,32,0.011771655809070296,1.8,0.2608695652173913,Finnish,iter_T
Eelis_33,Eelis,33,0.1702060199460952,3.7,0.6089108910891089,Finnish,iter_T
Eelis_34,Eelis,34,0.08226063179729305,4.2,0.7656903765690377,Finnish,iter_T
Eelis_35,Eelis,35,0.04307215811603604,2,0.3181818181818182,Finnish,iter_T
Eelis_36,Eelis,36,0.24768260174223491,5.5,0.7967479674796748,Finnish,iter_T
Eelis_37,Eelis,37,0.01242972586018966,1.5,0.1875,Finnish,iter_T
Eelis_38,Eelis,38,0.06917566991987296,2.1,0.7333333333333333,Finnish,iter_T
Eelis_39,Eelis,39,0.06359411238572078,2.9,0.6296296296296297,Finnish,iter_T
Eelis_4,Eelis,4,0.03959570828876589,2.5,0.4838709677419355,Finnish,iter_T
Eelis_40,Eelis,40,0.04655248107543773,2.7,0.34375,Finnish,iter_T
Eelis_41,Eelis,41,0.041564608162755916,1.9,0.35294117647058826,Finnish,iter_T
Eelis_42,Eelis,42,0.034503145593581294,2.6,0.44,Finnish,iter_T
Eelis_43,Eelis,43,0.0590303631139933,3.1,0.55,Finnish,iter_T
Eelis_44,Eelis,44,0.26334488354324403,3.4,0.4768211920529801,Finnish,iter_T
Eelis_45,Eelis,45,0.06543560952502818,2.6,0.7857142857142857,Finnish,iter_T
Eelis_46,Eelis,46,0.03816823617785462,2.4,0.4166666666666667,Finnish,iter_T
Eelis_47,Eelis,47,0.07260836000913556,2.7,0.6063829787234043,Finnish,iter_T
Eelis_48,Eelis,48,0.05541523986065221,2.5,0.6,Finnish,iter_T
Eelis_49,Eelis,49,0.12181490257747367,3.4,0.6521739130434783,Finnish,iter_T
Eelis_5,Eelis,5,0.4187898163486151,3.4,0.5847457627118644,Finnish,iter_T
Eelis_50,Eelis,50,0.21585281061572034,3.8,0.6395939086294417,Finnish,iter_T
Eelis_51,Eelis,51,0.06810059228536036,3.4,0.6455696202531646,Finnish,iter_T
Eelis_52,Eelis,52,0.13295734166397624,3,0.7073170731707317,Finnish,iter_T
Eelis_53,Eelis,53,0.22038224786899732,3.8,0.6923076923076923,Finnish,iter_T
Eelis_54,Eelis,54,0.05818923993973129,2.5,0.5806451612903226,Finnish,iter_T
Eelis_55,Eelis,55,0.13621809369972138,4.3,0.75,Finnish,iter_T
Eelis_56,Eelis,56,0.05161814174327311,3,0.4852941176470588,Finnish,iter_T
Eelis_57,Eelis,57,0.23470680029361143,2.9,0.7222222222222222,Finnish,iter_T
Eelis_58,Eelis,58,0.29559157823166987,3.7,0.7456647398843931,Finnish,iter_T
Eelis_59,Eelis,59,0.05881294369646509,2.1,0.8333333333333334,Finnish,iter_T
Eelis_6,Eelis,6,0.29013683022316383,3.3,0.584070796460177,Finnish,iter_T
Eelis_60,Eelis,60,0.11400057727729906,2.7,0.5425531914893617,Finnish,iter_T
Eelis_61,Eelis,61,0.06028307475137705,2.6,0.6575342465753424,Finnish,iter_T
Eelis_62,Eelis,62,0.11675085902457145,4.8,0.6956521739130435,Finnish,iter_T
Eelis_63,Eelis,63,0.07550646236111586,4.1,0.6260869565217392,Finnish,iter_T
Eelis_64,Eelis,64,0.19244867800722287,3.2,0.46153846153846156,Finnish,iter_T
Eelis_65,Eelis,65,0.0708689996371001,4.3,0.5845588235294118,Finnish,iter_T
Eelis_66,Eelis,66,0.3273874493359988,3.3,0.648,Finnish,iter_T
Eelis_67,Eelis,67,0.15099632462780732,2.7,0.5555555555555556,Finnish,iter_T
Eelis_68,Eelis,68,0.07439656796663119,3.5,0.6557377049180327,Finnish,iter_T
Eelis_69,Eelis,69,0.25891517467139,3,0.7009345794392523,Finnish,iter_T
Eelis_7,Eelis,7,0.062276630641898895,3.4,0.5333333333333333,Finnish,iter_T
Eelis_70,Eelis,70,0.0452686539948443,2.2,0.6190476190476191,Finnish,iter_T
Eelis_71,Eelis,71,0.07179234333792611,2.6,0.6153846153846154,Finnish,iter_T
Eelis_72,Eelis,72,0.25151267441195224,4.2,0.7397260273972602,Finnish,iter_T
Eelis_73,Eelis,73,0.021164911630132323,1.9,0.375,Finnish,iter_T
Eelis_74,Eelis,74,0.017343187730743177,1.5,0.3333333333333333,Finnish,iter_T
Eelis_75,Eelis,75,0.044074956579420475,2.4,0.5652173913043478,Finnish,iter_T
Eelis_76,Eelis,76,0.0935065063665604,4.1,0.8181818181818182,Finnish,iter_T
Eelis_77,Eelis,77,0.25380855410982334,3.5,0.64,Finnish,iter_T
Eelis_78,Eelis,78,0.2563294315102134,2.2,0.39622641509433965,Finnish,iter_T
Eelis_79,Eelis,79,0.06124478455045183,3.1,0.5684210526315789,Finnish,iter_T
Eelis_8,Eelis,8,0.05386026881991865,2.7,0.53125,Finnish,iter_T
Eelis_80,Eelis,80,0.04490311182263506,2.7,0.66,Finnish,iter_T
Eelis_81,Eelis,81,0.003383086059065531,1.4,0,Finnish,iter_T
Eelis_82,Eelis,82,0.10342761511127056,2.3,0.5652173913043478,Finnish,iter_T
Eelis_83,Eelis,83,0.207617931200583,2.7,0.5543478260869565,Finnish,iter_T
Eelis_84,Eelis,84,0.060805121396132006,2.9,0.6063829787234043,Finnish,iter_T
Eelis_85,Eelis,85,0.11761424379246725,4.6,0.7370242214532872,Finnish,iter_T
Eelis_86,Eelis,86,0.04925167100461362,1.9,0.7058823529411765,Finnish,iter_T
Eelis_87,Eelis,87,0.05287171716059543,4.3,0.5693430656934306,Finnish,iter_T
Eelis_88,Eelis,88,0.06895431278731262,3,0.7304347826086957,Finnish,iter_T
Eelis_89,Eelis,89,0.032237836072707346,2.9,0.4830508474576271,Finnish,iter_T
Eelis_9,Eelis,9,0.08697490938357788,3.3,0.7380952380952381,Finnish,iter_T
Eelis_90,Eelis,90,0.034671852520309375,2.2,0.5882352941176471,Finnish,iter_T
Eelis_91,Eelis,91,0.022565025213807773,1.8,0.36585365853658536,Finnish,iter_T
Eelis_92,Eelis,92,0.05885086482344565,2.5,0.6617647058823529,Finnish,iter_T
Eelis_93,Eelis,93,0.035904204464910536,2,0.6176470588235294,Finnish,iter_T
Eelis_94,Eelis,94,0.26832202910486486,3.6,0.8012422360248447,Finnish,iter_T
Eelis_95,Eelis,95,0.057371914286301666,3.1,0.5208333333333334,Finnish,iter_T
Eelis_96,Eelis,96,0.07962327701360582,3.2,0.75,Finnish,iter_T
Eelis_97,Eelis,97,0.05396906005206213,2.3,0.6885245901639344,Finnish,iter_T
Eelis_98,Eelis,98,0.04592829725282432,2.8,0.5517241379310345,Finnish,iter_T
Eelis_99,Eelis,99,0.06168611042456135,3.4,0.5,Finnish,iter_T
Elen_1,Elen,1,0.24532423217081825,9.2,0.6578947368421053,Welsh,iter_T
Elen_10,Elen,10,0.2617262327213811,7.6,0.6617647058823529,Welsh,iter_T
Elen_100,Elen,100,0.22413134304342014,10.1,0.7029972752043597,Welsh,iter_T
Elen_11,Elen,11,0.23142129490664443,10.4,0.7609630266552021,Welsh,iter_T
Elen_12,Elen,12,0.24851360772437892,9.6,0.7165048543689321,Welsh,iter_T
Elen_13,Elen,13,0.2522836055730591,9.5,0.7357357357357357,Welsh,iter_T
Elen_14,Elen,14,0.2505521350278875,5,0.5384615384615384,Welsh,iter_T
Elen_15,Elen,15,0.23759872977503518,8.5,0.6884661117717004,Welsh,iter_T
Elen_16,Elen,16,0.239741140986908,8.3,0.6212534059945504,Welsh,iter_T
Elen_17,Elen,17,0.20308773697273436,10.5,0.7296650717703349,Welsh,iter_T
Elen_18,Elen,18,0.22697745345922113,9.9,0.6991869918699187,Welsh,iter_T
Elen_19,Elen,19,0.27766664116243833,8,0.7093184979137691,Welsh,iter_T
Elen_2,Elen,2,0.2634364942278424,7.1,0.6157635467980296,Welsh,iter_T
Elen_20,Elen,20,0.2569336379848271,7.7,0.6438356164383562,Welsh,iter_T
Elen_21,Elen,21,0.23351398474919516,9.9,0.6663461538461538,Welsh,iter_T
Elen_22,Elen,22,0.23218590639269682,9.1,0.7010869565217391,Welsh,iter_T
Elen_23,Elen,23,0.2565474765833857,6.4,0.5988023952095808,Welsh,iter_T
Elen_24,Elen,24,0.224552592407191,10.2,0.7060414788097386,Welsh,iter_T
Elen_25,Elen,25,0.2504144239285791,7.9,0.637660485021398,Welsh,iter_T
Elen_26,Elen,26,0.25560270732255497,9.5,0.7161290322580646,Welsh,iter_T
Elen_27,Elen,27,0.26468070780993147,8.5,0.6988416988416989,Welsh,iter_T
Elen_28,Elen,28,0.24225837105197887,8.5,0.6600741656365884,Welsh,iter_T
Elen_29,Elen,29,0.25189366271446784,6.9,0.6123595505617978,Welsh,iter_T
Elen_3,Elen,3,0.24177695519967318,9.4,0.6489925768822906,Welsh,iter_T
Elen_30,Elen,30,0.227927238788626,10,0.7137648131267093,Welsh,iter_T
Elen_31,Elen,31,0.21614322336229705,10.2,0.7184549356223175,Welsh,iter_T
Elen_32,Elen,32,0.24463096313796287,9.3,0.7289719626168224,Welsh,iter_T
Elen_33,Elen,33,0.2127457884091646,10.5,0.7014925373134329,Welsh,iter_T
Elen_34,Elen,34,0.23306887204235663,7.5,0.6054628224582701,Welsh,iter_T
Elen_35,Elen,35,0.2435219661538579,9.7,0.7764705882352941,Welsh,iter_T
Elen_36,Elen,36,0.21469546370665718,10.7,0.6917355371900826,Welsh,iter_T
Elen_37,Elen,37,0.2630396680468452,7.9,0.6271186440677966,Welsh,iter_T
Elen_38,Elen,38,0.2543905054990576,7.5,0.6938110749185668,Welsh,iter_T
Elen_39,Elen,39,0.23193636582056404,9.8,0.655705996131528,Welsh,iter_T
Elen_4,Elen,4,0.24678507668515468,9.1,0.7467391304347826,Welsh,iter_T
Elen_40,Elen,40,0.2390482026174718,10.3,0.699724517906336,Welsh,iter_T
Elen_41,Elen,41,0.25614279943462914,8.9,0.6692307692307692,Welsh,iter_T
Elen_42,Elen,42,0.2361271532287056,8.6,0.6762589928057554,Welsh,iter_T
Elen_43,Elen,43,0.2505805737741419,8.6,0.6830985915492958,Welsh,iter_T
Elen_44,Elen,44,0.23512432065692906,7,0.5884244372990354,Welsh,iter_T
Elen_45,Elen,45,0.24369568242493791,8,0.6017441860465116,Welsh,iter_T
Elen_46,Elen,46,0.24365238117916832,9.8,0.6878612716763006,Welsh,iter_T
Elen_47,Elen,47,0.23515495402171452,8.6,0.662962962962963,Welsh,iter_T
Elen_48,Elen,48,0.22708956988500217,8.8,0.5754385964912281,Welsh,iter_T
Elen_49,Elen,49,0.2245301337427645,10,0.6958483754512635,Welsh,iter_T
Elen_5,Elen,5,0.24683289671269554,8.9,0.6564625850340136,Welsh,iter_T
Elen_50,Elen,50,0.24194038950242522,9.6,0.703030303030303,Welsh,iter_T
Elen_51,Elen,51,0.23350163525629536,8.6,0.6853146853146853,Welsh,iter_T
Elen_52,Elen,52,0.24792664740072343,8,0.6957708049113234,Welsh,iter_T
Elen_53,Elen,53,0.2417699667459805,8.9,0.7079741379310345,Welsh,iter_T
Elen_54,Elen,54,0.2380351803800689,8.3,0.6731517509727627,Welsh,iter_T
Elen_55,Elen,55,0.2596433891302621,8.2,0.6443228454172366,Welsh,iter_T
Elen_56,Elen,56,0.23601263569947442,7.8,0.5414201183431953,Welsh,iter_T
Elen_57,Elen,57,0.2577470239297578,7.7,0.6226415094339622,Welsh,iter_T
Elen_58,Elen,58,0.20932883866278582,7.5,0.5567010309278351,Welsh,iter_T
Elen_59,Elen,59,0.2594318281939452,6.8,0.5909090909090909,Welsh,iter_T
Elen_6,Elen,6,0.2526418376630657,7.8,0.6681034482758621,Welsh,iter_T
Elen_60,Elen,60,0.230694411836679,9.1,0.6659340659340659,Welsh,iter_T
Elen_61,Elen,61,0.27046434796017693,7.2,0.6690265486725664,Welsh,iter_T
Elen_62,Elen,62,0.2549200028198411,8.1,0.6875852660300137,Welsh,iter_T
Elen_63,Elen,63,0.22947402156264432,8,0.626193724420191,Welsh,iter_T
Elen_64,Elen,64,0.22949030643252305,8.2,0.634020618556701,Welsh,iter_T
Elen_65,Elen,65,0.2065193494003322,9.9,0.6838824577025824,Welsh,iter_T
Elen_66,Elen,66,0.25299392550975636,7.7,0.6569678407350689,Welsh,iter_T
Elen_67,Elen,67,0.2444657450063351,9.8,0.7485493230174082,Welsh,iter_T
Elen_68,Elen,68,0.2520304891502423,7.7,0.683599419448476,Welsh,iter_T
Elen_69,Elen,69,0.23389189189763446,8.5,0.7026699029126213,Welsh,iter_T
Elen_7,Elen,7,0.2658373148008158,8.4,0.7333333333333333,Welsh,iter_T
Elen_70,Elen,70,0.21924884069767767,8.6,0.6709601873536299,Welsh,iter_T
Elen_71,Elen,71,0.24808681397335908,9,0.6770949720670391,Welsh,iter_T
Elen_72,Elen,72,0.23410205988527769,9.5,0.7303822937625755,Welsh,iter_T
Elen_73,Elen,73,0.23763922306245824,9.1,0.6549520766773163,Welsh,iter_T
Elen_74,Elen,74,0.23171011853189186,8.8,0.6616216216216216,Welsh,iter_T
Elen_75,Elen,75,0.24259983917856018,9.2,0.7120253164556962,Welsh,iter_T
Elen_76,Elen,76,0.23590303807270163,8.8,0.6720554272517321,Welsh,iter_T
Elen_77,Elen,77,0.2521075373690607,9.5,0.6947988223748773,Welsh,iter_T
Elen_78,Elen,78,0.2228000540524097,9.1,0.6782334384858044,Welsh,iter_T
Elen_79,Elen,79,0.23097584637310728,9.6,0.7720797720797721,Welsh,iter_T
Elen_8,Elen,8,0.2091343791202828,11.9,0.7520161290322581,Welsh,iter_T
Elen_80,Elen,80,0.2417775488465857,9.8,0.6949475691134414,Welsh,iter_T
Elen_81,Elen,81,0.24515859804650336,7,0.6237113402061856,Welsh,iter_T
Elen_82,Elen,82,0.23205026756302163,9.2,0.7185261003070624,Welsh,iter_T
Elen_83,Elen,83,0.265518426715652,6.5,0.5647773279352226,Welsh,iter_T
Elen_84,Elen,84,0.23385843807010973,7.8,0.6540084388185654,Welsh,iter_T
Elen_85,Elen,85,0.2373419309326001,9.7,0.711864406779661,Welsh,iter_T
Elen_86,Elen,86,0.2589525962129512,7.7,0.6984375,Welsh,iter_T
Elen_87,Elen,87,0.22628941728379018,9.9,0.6856343283582089,Welsh,iter_T
Elen_88,Elen,88,0.25220275715072876,9.5,0.6863354037267081,Welsh,iter_T
Elen_89,Elen,89,0.24653423534169586,7,0.5721925133689839,Welsh,iter_T
Elen_9,Elen,9,0.2628776348909627,7,0.5889908256880734,Welsh,iter_T
Elen_90,Elen,90,0.2450767103878767,8.3,0.6525096525096525,Welsh,iter_T
Elen_91,Elen,91,0.26003722757642456,7,0.5735294117647058,Welsh,iter_T
Elen_92,Elen,92,0.3341379743887632,7.1,0.6794425087108014,Welsh,iter_T
Elen_93,Elen,93,0.24150782772326615,9,0.6578073089700996,Welsh,iter_T
Elen_94,Elen,94,0.2378784674530123,9.9,0.6669874879692012,Welsh,iter_T
Elen_95,Elen,95,0.2322120032455261,10.3,0.6971066907775768,Welsh,iter_T
Elen_96,Elen,96,0.20905332121819278,10.9,0.7098009188361409,Welsh,iter_T
Elen_97,Elen,97,0.23912269129868297,10.5,0.7576530612244898,Welsh,iter_T
Elen_98,Elen,98,0.2977808537485557,7.2,0.6606498194945848,Welsh,iter_T
Elen_99,Elen,99,0.23941918549972366,9.1,0.7012987012987013,Welsh,iter_T
Eliisa_1,Eliisa,1,0.34041206455581635,4.3,0.47639484978540775,Finnish,iter_T
Eliisa_10,Eliisa,10,0.24615118856381318,3.8,0.4768211920529801,Finnish,iter_T
Eliisa_100,Eliisa,100,0.18775333452262383,3.7,0.5,Finnish,iter_T
Eliisa_11,Eliisa,11,0.36821864440045105,4.3,0.4868421052631579,Finnish,iter_T
Eliisa_12,Eliisa,12,0.3391573436735659,4.5,0.4302788844621514,Finnish,iter_T
Eliisa_13,Eliisa,13,0.3855506144146168,4.3,0.42857142857142855,Finnish,iter_T
Eliisa_14,Eliisa,14,0.31496398110120194,5,0.42038216560509556,Finnish,iter_T
Eliisa_15,Eliisa,15,0.262895094618163,4.5,0.4470588235294118,Finnish,iter_T
Eliisa_16,Eliisa,16,0.2470609975659702,3.9,0.44021739130434784,Finnish,iter_T
Eliisa_17,Eliisa,17,0.2797347298699902,4.9,0.47840531561461797,Finnish,iter_T
Eliisa_18,Eliisa,18,0.2642872448121624,3,0.46551724137931033,Finnish,iter_T
Eliisa_19,Eliisa,19,0.29467972187066765,5.6,0.5476190476190477,Finnish,iter_T
Eliisa_2,Eliisa,2,0.2845457267249874,4.9,0.493006993006993,Finnish,iter_T
Eliisa_20,Eliisa,20,0.3238840032353265,5.1,0.5,Finnish,iter_T
Eliisa_21,Eliisa,21,0.2593580874707921,3.3,0.45,Finnish,iter_T
Eliisa_22,Eliisa,22,0.32934104252841473,3.7,0.45569620253164556,Finnish,iter_T
Eliisa_23,Eliisa,23,0.2979262145285111,4.1,0.5167464114832536,Finnish,iter_T
Eliisa_24,Eliisa,24,0.3910188911308583,3.3,0.532258064516129,Finnish,iter_T
Eliisa_25,Eliisa,25,0.26861731114031767,5.2,0.5496894409937888,Finnish,iter_T
Eliisa_26,Eliisa,26,0.3534202970528039,5.6,0.4818181818181818,Finnish,iter_T
Eliisa_27,Eliisa,27,0.3446734933031659,4.8,0.5434782608695652,Finnish,iter_T
Eliisa_28,Eliisa,28,0.2573212847479232,4,0.5238095238095238,Finnish,iter_T
Eliisa_29,Eliisa,29,0.38552559719337215,4.2,0.4368932038834951,Finnish,iter_T
Eliisa_3,Eliisa,3,0.367828713191957,4.2,0.5384615384615384,Finnish,iter_T
Eliisa_30,Eliisa,30,0.41292345295902483,3.3,0.45454545454545453,Finnish,iter_T
Eliisa_31,Eliisa,31,0.3918585223373464,3.6,0.45394736842105265,Finnish,iter_T
Eliisa_32,Eliisa,32,0.39357963102930577,3.3,0.5655737704918032,Finnish,iter_T
Eliisa_33,Eliisa,33,0.34412421690216455,5.4,0.5303867403314917,Finnish,iter_T
Eliisa_34,Eliisa,34,0.2427821807755162,3.3,0.4322033898305085,Finnish,iter_T
Eliisa_35,Eliisa,35,0.31779952809307116,5.1,0.5,Finnish,iter_T
Eliisa_36,Eliisa,36,0.3065790920588865,3.5,0.5032258064516129,Finnish,iter_T
Eliisa_37,Eliisa,37,0.3787062785702765,3.9,0.48554913294797686,Finnish,iter_T
Eliisa_38,Eliisa,38,0.2807421965714786,4.3,0.5205479452054794,Finnish,iter_T
Eliisa_39,Eliisa,39,0.30834920867066046,3,0.43902439024390244,Finnish,iter_T
Eliisa_4,Eliisa,4,0.3319148048231896,4,0.5485714285714286,Finnish,iter_T
Eliisa_40,Eliisa,40,0.3018228682908462,5.6,0.5417789757412399,Finnish,iter_T
Eliisa_41,Eliisa,41,0.3577351648841459,5.5,0.5555555555555556,Finnish,iter_T
Eliisa_42,Eliisa,42,0.2946169125856801,3.3,0.5669291338582677,Finnish,iter_T
Eliisa_43,Eliisa,43,0.5194025911104975,3.3,0.6198347107438017,Finnish,iter_T
Eliisa_44,Eliisa,44,0.31215711607445035,4.9,0.5317725752508361,Finnish,iter_T
Eliisa_45,Eliisa,45,0.33008864571777097,3.2,0.5094339622641509,Finnish,iter_T
Eliisa_46,Eliisa,46,0.3132615085387304,5.3,0.5501432664756447,Finnish,iter_T
Eliisa_47,Eliisa,47,0.36852436287845264,2.7,0.44594594594594594,Finnish,iter_T
Eliisa_48,Eliisa,48,0.38960691390662955,4.5,0.49295774647887325,Finnish,iter_T
Eliisa_49,Eliisa,49,0.36672138783753583,4.9,0.5756457564575646,Finnish,iter_T
Eliisa_5,Eliisa,5,0.3817849173945874,4.5,0.54216867469879515,Finnish,iter_T
Eliisa_50,Eliisa,50,0.3834385151314837,4.1,0.5,Finnish,iter_T
Eliisa_51,Eliisa,51,0.3312794415635345,4.1,0.4793814432989691,Finnish,iter_T
Eliisa_52,Eliisa,52,0.3345035722177749,3.7,0.46706586826347307,Finnish,iter_T
Eliisa_53,Eliisa,53,0.3791123866169212,5.1,0.5179856115107914,Finnish,iter_T
Eliisa_54,Eliisa,54,0.27013773616149483,4.8,0.54,Finnish,iter_T
Eliisa_55,Eliisa,55,0.334794161963725,3.6,0.4528301886792453,Finnish,iter_T
Eliisa_56,Eliisa,56,0.3952899352175356,4.4,0.4857142857142857,Finnish,iter_T
Eliisa_57,Eliisa,57,0.34507697901756273,5.7,0.4849315068493151,Finnish,iter_T
Eliisa_58,Eliisa,58,0.3568427362612479,4.6,0.4730290456431535,Finnish,iter_T
Eliisa_59,Eliisa,59,0.3365202341450104,4.1,0.6428571428571429,Finnish,iter_T
Eliisa_6,Eliisa,6,0.6169179055907776,3.1,0.42857142857142855,Finnish,iter_T
Eliisa_60,Eliisa,60,0.30893524017675,4,0.42857142857142855,Finnish,iter_T
Eliisa_61,Eliisa,61,0.39659805066474635,4.2,0.4639175257731959,Finnish,iter_T
Eliisa_62,Eliisa,62,0.5252271958134348,3.4,0.5769230769230769,Finnish,iter_T
Eliisa_63,Eliisa,63,0.3421330256332004,4.1,0.5230769230769231,Finnish,iter_T
Eliisa_64,Eliisa,64,0.38073888488098895,4.5,0.46551724137931033,Finnish,iter_T
Eliisa_65,Eliisa,65,0.32687349941278476,3.6,0.5272727272727272,Finnish,iter_T
Eliisa_66,Eliisa,66,0.2961323013036133,3.6,0.4768211920529801,Finnish,iter_T
Eliisa_67,Eliisa,67,0.25559414771281164,3.8,0.5664335664335665,Finnish,iter_T
Eliisa_68,Eliisa,68,0.33574893382159265,4.6,0.4647887323943662,Finnish,iter_T
Eliisa_69,Eliisa,69,0.4134939609561873,4.2,0.576271186440678,Finnish,iter_T
Eliisa_7,Eliisa,7,0.2896211362892839,5.4,0.49714285714285716,Finnish,iter_T
Eliisa_70,Eliisa,70,0.35591004807413645,4.7,0.48,Finnish,iter_T
Eliisa_71,Eliisa,71,0.3457624746199438,5.5,0.5384615384615384,Finnish,iter_T
Eliisa_72,Eliisa,72,0.2525957647597221,4.1,0.5161290322580645,Finnish,iter_T
Eliisa_73,Eliisa,73,0.37902213934329637,3.8,0.46153846153846156,Finnish,iter_T
Eliisa_74,Eliisa,74,0.34887584264678945,3.9,0.4263959390862944,Finnish,iter_T
Eliisa_75,Eliisa,75,0.39598583840929874,3.7,0.5136986301369864,Finnish,iter_T
Eliisa_76,Eliisa,76,0.30027899442113826,3.8,0.5660377358490566,Finnish,iter_T
Eliisa_77,Eliisa,77,0.32796078560713104,5.6,0.5524079320113314,Finnish,iter_T
Eliisa_78,Eliisa,78,0.40391168482617795,3.7,0.47368421052631576,Finnish,iter_T
Eliisa_79,Eliisa,79,0.3634857804336511,4.5,0.4675324675324675,Finnish,iter_T
Eliisa_8,Eliisa,8,0.33936524938001456,4.5,0.5477178423236515,Finnish,iter_T
Eliisa_80,Eliisa,80,0.3924767763039327,4.8,0.6254826254826255,Finnish,iter_T
Eliisa_81,Eliisa,81,0.3515412237937564,5,0.47368421052631576,Finnish,iter_T
Eliisa_82,Eliisa,82,0.42062449729166174,3.9,0.46296296296296297,Finnish,iter_T
Eliisa_83,Eliisa,83,0.32782435254143,5.8,0.46900269541778977,Finnish,iter_T
Eliisa_84,Eliisa,84,0.39308231020174456,3.9,0.42857142857142855,Finnish,iter_T
Eliisa_85,Eliisa,85,0.2504339142519698,4.1,0.6382978723404256,Finnish,iter_T
Eliisa_86,Eliisa,86,0.3654576716739241,4,0.43575418994413406,Finnish,iter_T
Eliisa_87,Eliisa,87,0.3323435994585675,4.9,0.4782608695652174,Finnish,iter_T
Eliisa_88,Eliisa,88,0.3615486819814822,3.5,0.48936170212765956,Finnish,iter_T
Eliisa_89,Eliisa,89,0.37296175698461964,4.5,0.5022026431718062,Finnish,iter_T
Eliisa_9,Eliisa,9,0.42081825395759137,3.5,0.41007194244604317,Finnish,iter_T
Eliisa_90,Eliisa,90,0.35607343006512066,4.7,0.43902439024390244,Finnish,iter_T
Eliisa_91,Eliisa,91,0.3088961639829378,4.4,0.5217391304347826,Finnish,iter_T
Eliisa_92,Eliisa,92,0.33398233821208767,5.5,0.5338983050847458,Finnish,iter_T
Eliisa_93,Eliisa,93,0.3336155335281923,3.7,0.44571428571428573,Finnish,iter_T
Eliisa_94,Eliisa,94,0.37446511772095453,5.3,0.5264900662251656,Finnish,iter_T
Eliisa_95,Eliisa,95,0.37288869691464405,4.3,0.581081081081081,Finnish,iter_T
Eliisa_96,Eliisa,96,0.2219605854866483,4.5,0.34,Finnish,iter_T
Eliisa_97,Eliisa,97,0.34794679854186006,3.5,0.5244755244755245,Finnish,iter_T
Eliisa_98,Eliisa,98,0.2562115946145302,5.8,0.424390243902439,Finnish,iter_T
Eliisa_99,Eliisa,99,0.3568287091625209,5.3,0.4854368932038835,Finnish,iter_T
Ella_1,Ella,1,0.29967823687967965,5.9,0.43958868894601544,UK,iter_T
Ella_10,Ella,10,0.18622795369523376,7.4,0.46875,UK,iter_T
Ella_100,Ella,100,0.18051866418640802,4.5,0.37755102040816324,UK,iter_T
Ella_11,Ella,11,0.23568831620608732,6.2,0.6079295154185022,UK,iter_T
Ella_12,Ella,12,0.26257568475443116,7.3,0.6030150753768844,UK,iter_T
Ella_13,Ella,13,0.24071880194003942,5.9,0.5074626865671642,UK,iter_T
Ella_14,Ella,14,0.23291902925198868,5.9,0.39215686274509803,UK,iter_T
Ella_15,Ella,15,0.25362291964473466,6.2,0.48775055679287305,UK,iter_T
Ella_16,Ella,16,0.23065056469644699,7,0.47750865051903113,UK,iter_T
Ella_17,Ella,17,0.2314018154616877,7.2,0.5074626865671642,UK,iter_T
Ella_18,Ella,18,0.1736920260317254,6,0.5386363636363637,UK,iter_T
Ella_19,Ella,19,0.2653282288514146,6.2,0.5435294117647059,UK,iter_T
Ella_2,Ella,2,0.2734756366870278,6.3,0.5560640732265446,UK,iter_T
Ella_20,Ella,20,0.2667230736901796,7.5,0.560702875399361,UK,iter_T
Ella_21,Ella,21,0.22976259576492272,6.7,0.48616600790513836,UK,iter_T
Ella_22,Ella,22,0.24418711509875995,8.6,0.5783582089552238,UK,iter_T
Ella_23,Ella,23,0.248208330162134,7.1,0.46075085324232085,UK,iter_T
Ella_24,Ella,24,0.1806149512544908,7.2,0.462882096069869,UK,iter_T
Ella_25,Ella,25,0.2261287135783184,6.5,0.5517241379310345,UK,iter_T
Ella_26,Ella,26,0.22502147091569313,6.4,0.5103734439834025,UK,iter_T
Ella_27,Ella,27,0.19817410435230295,6.1,0.4689507494646681,UK,iter_T
Ella_28,Ella,28,0.23650399900239086,6.7,0.5276073619631901,UK,iter_T
Ella_29,Ella,29,0.22297082680118757,5.8,0.46788990825688076,UK,iter_T
Ella_3,Ella,3,0.2138415131448333,8.9,0.4988207547169811,UK,iter_T
Ella_30,Ella,30,0.21054442920925126,6.2,0.5680851063829787,UK,iter_T
Ella_31,Ella,31,0.2810655657896495,6.5,0.5523012552301255,UK,iter_T
Ella_32,Ella,32,0.18844115701079303,6,0.4591194968553459,UK,iter_T
Ella_33,Ella,33,0.24354925936531274,7.2,0.5468227424749164,UK,iter_T
Ella_34,Ella,34,0.28721951814186353,6.6,0.5264270613107822,UK,iter_T
Ella_35,Ella,35,0.20344565174043885,6.8,0.483704974271012,UK,iter_T
Ella_36,Ella,36,0.2717873814668521,7.4,0.5509181969949917,UK,iter_T
Ella_37,Ella,37,0.26970871119840956,6.9,0.5428015564202334,UK,iter_T
Ella_38,Ella,38,0.19733401777505669,6.6,0.4860335195530726,UK,iter_T
Ella_39,Ella,39,0.191103729953922,5.7,0.4930555555555556,UK,iter_T
Ella_4,Ella,4,0.21400627291403543,6.2,0.4,UK,iter_T
Ella_40,Ella,40,0.23188896879804796,6.4,0.532258064516129,UK,iter_T
Ella_41,Ella,41,0.24288486503787157,7.4,0.6,UK,iter_T
Ella_42,Ella,42,0.2753058918578526,6.3,0.4707259953161593,UK,iter_T
Ella_43,Ella,43,0.16792823381883645,6.5,0.4635879218472469,UK,iter_T
Ella_44,Ella,44,0.2573323254586207,7,0.5794223826714802,UK,iter_T
Ella_45,Ella,45,0.23179354867963176,8.6,0.562268803945746,UK,iter_T
Ella_46,Ella,46,0.23416652079611974,8.6,0.5243445692883895,UK,iter_T
Ella_47,Ella,47,0.283666539106484,7,0.5348837209302325,UK,iter_T
Ella_48,Ella,48,0.23217848053168338,6.7,0.5508982035928144,UK,iter_T
Ella_49,Ella,49,0.20041627191836664,7.3,0.49429037520391517,UK,iter_T
Ella_5,Ella,5,0.28014406360712757,6.4,0.6226415094339622,UK,iter_T
Ella_50,Ella,50,0.2482481703614591,5.1,0.40863787375415284,UK,iter_T
Ella_51,Ella,51,0.1917162811124094,6.1,0.5263157894736842,UK,iter_T
Ella_52,Ella,52,0.29316199334195575,6.5,0.5938775510204082,UK,iter_T
Ella_53,Ella,53,0.2152835043538629,6,0.5202702702702703,UK,iter_T
Ella_54,Ella,54,0.26192637689864195,6.7,0.5506692160611855,UK,iter_T
Ella_55,Ella,55,0.2163311141622676,6.2,0.46680497925311204,UK,iter_T
Ella_56,Ella,56,0.24887587514289844,6.3,0.5896328293736501,UK,iter_T
Ella_57,Ella,57,0.22964347934625132,7.7,0.5666178623718887,UK,iter_T
Ella_58,Ella,58,0.18157004532814056,6,0.4822546972860125,UK,iter_T
Ella_59,Ella,59,0.2555603789582126,7.2,0.5697478991596638,UK,iter_T
Ella_6,Ella,6,0.22480717817241344,6,0.5482233502538071,UK,iter_T
Ella_60,Ella,60,0.22746757333078976,7.3,0.5414634146341464,UK,iter_T
Ella_61,Ella,61,0.19451050155095218,8.3,0.468187274909964,UK,iter_T
Ella_62,Ella,62,0.22856020856715187,8.1,0.5117891816920943,UK,iter_T
Ella_63,Ella,63,0.2924199710797914,5.1,0.5419354838709678,UK,iter_T
Ella_64,Ella,64,0.26125362668229574,6.5,0.5835095137420718,UK,iter_T
Ella_65,Ella,65,0.21599897522288256,7,0.537542662116041,UK,iter_T
Ella_66,Ella,66,0.2540931034781728,6.7,0.5391969407265774,UK,iter_T
Ella_67,Ella,67,0.26558520110382994,6.8,0.5489833641404805,UK,iter_T
Ella_68,Ella,68,0.24741128158395473,6.4,0.4967741935483871,UK,iter_T
Ella_69,Ella,69,0.21518309745398279,6.2,0.5075921908893709,UK,iter_T
Ella_7,Ella,7,0.24862700644195354,6,0.5339578454332553,UK,iter_T
Ella_70,Ella,70,0.2913070705220499,5,0.50814332247557,UK,iter_T
Ella_71,Ella,71,0.20687949893417132,6.4,0.4894067796610169,UK,iter_T
Ella_72,Ella,72,0.1880851290169983,10.1,0.5246511627906977,UK,iter_T
Ella_73,Ella,73,0.23879018190386353,7.3,0.5535420098846787,UK,iter_T
Ella_74,Ella,74,0.2168193745057947,6.9,0.5614678899082569,UK,iter_T
Ella_75,Ella,75,0.24416451903132227,8.7,0.5093632958801498,UK,iter_T
Ella_76,Ella,76,0.19656803944589077,7.7,0.5874125874125874,UK,iter_T
Ella_77,Ella,77,0.2801383920285742,5.9,0.5575916230366492,UK,iter_T
Ella_78,Ella,78,0.1950251000027916,6.3,0.4911242603550296,UK,iter_T
Ella_79,Ella,79,0.24491276601882037,7.5,0.5886970172684458,UK,iter_T
Ella_8,Ella,8,0.25534249859262803,7.7,0.5498392282958199,UK,iter_T
Ella_80,Ella,80,0.22879604298467404,7.6,0.5748502994011976,UK,iter_T
Ella_81,Ella,81,0.21723271905720629,7.5,0.5248868778280543,UK,iter_T
Ella_82,Ella,82,0.2671442250144049,7.3,0.5851239669421487,UK,iter_T
Ella_83,Ella,83,0.18906326935187356,5.2,0.5649867374005305,UK,iter_T
Ella_84,Ella,84,0.2771125227678745,5.9,0.5195121951219512,UK,iter_T
Ella_85,Ella,85,0.2406034752452461,7,0.6390845070422535,UK,iter_T
Ella_86,Ella,86,0.2713783198857843,7.5,0.5591572123176661,UK,iter_T
Ella_87,Ella,87,0.20090604127099482,6.5,0.462890625,UK,iter_T
Ella_88,Ella,88,0.2663304842577388,6.3,0.4978448275862069,UK,iter_T
Ella_89,Ella,89,0.2318769677425245,7.1,0.504950495049505,UK,iter_T
Ella_9,Ella,9,0.2845405422397237,6.2,0.5589622641509434,UK,iter_T
Ella_90,Ella,90,0.24482231314388356,6.9,0.46471600688468157,UK,iter_T
Ella_91,Ella,91,0.2345013145733164,6.4,0.5498981670061099,UK,iter_T
Ella_92,Ella,92,0.2456698247976361,5.4,0.47107438016528924,UK,iter_T
Ella_93,Ella,93,0.2058442716515976,6.7,0.492619926199262,UK,iter_T
Ella_94,Ella,94,0.1925715115024376,7.4,0.5625,UK,iter_T
Ella_95,Ella,95,0.1926180456979957,4.6,0.6838235294117647,UK,iter_T
Ella_96,Ella,96,0.20579225139589352,7.1,0.4930795847750865,UK,iter_T
Ella_97,Ella,97,0.23893759261644196,6.5,0.491701244813278,UK,iter_T
Ella_98,Ella,98,0.18743457964643273,6,0.49190283400809715,UK,iter_T
Ella_99,Ella,99,0.2278525049127459,6.9,0.46153846153846156,UK,iter_T
Fflur_1,Fflur,1,0.1114406545529339,6.2,0.6457925636007827,Welsh,iter_T
Fflur_10,Fflur,10,0.09134507353049413,5.6,0.5769230769230769,Welsh,iter_T
Fflur_100,Fflur,100,0.2319969117200773,5.4,0.5923076923076923,Welsh,iter_T
Fflur_11,Fflur,11,0.08922728970550838,5.3,0.656934306569343,Welsh,iter_T
Fflur_12,Fflur,12,0.10553035270133482,6.3,0.6476014760147601,Welsh,iter_T
Fflur_13,Fflur,13,0.12345054588714927,6.2,0.6491228070175439,Welsh,iter_T
Fflur_14,Fflur,14,0.21071659431924006,5,0.5213675213675214,Welsh,iter_T
Fflur_15,Fflur,15,0.1336613691666082,5.9,0.6410788381742739,Welsh,iter_T
Fflur_16,Fflur,16,0.12446980268276091,5.2,0.5406091370558376,Welsh,iter_T
Fflur_17,Fflur,17,0.07866447278077238,3.9,0.6106194690265486,Welsh,iter_T
Fflur_18,Fflur,18,0.2650507046509992,6.7,0.6361974405850092,Welsh,iter_T
Fflur_19,Fflur,19,0.09908371799231559,3.9,0.7,Welsh,iter_T
Fflur_2,Fflur,2,0.10024995959985977,4.5,0.726643598615917,Welsh,iter_T
Fflur_20,Fflur,20,0.08531420690683005,4.8,0.6344410876132931,Welsh,iter_T
Fflur_21,Fflur,21,0.10441950688342609,6.4,0.6476014760147601,Welsh,iter_T
Fflur_22,Fflur,22,0.11470356085226374,5.1,0.608,Welsh,iter_T
Fflur_23,Fflur,23,0.21846842819096723,4.7,0.5463576158940397,Welsh,iter_T
Fflur_24,Fflur,24,0.27169824652459595,6.2,0.6638830897703549,Welsh,iter_T
Fflur_25,Fflur,25,0.3057268542343697,4.9,0.6237623762376238,Welsh,iter_T
Fflur_26,Fflur,26,0.2755971920903343,6.7,0.6361974405850092,Welsh,iter_T
Fflur_27,Fflur,27,0.08455415067958257,4.7,0.5865384615384616,Welsh,iter_T
Fflur_28,Fflur,28,0.12361587874445866,5.1,0.5983606557377049,Welsh,iter_T
Fflur_29,Fflur,29,0.18807940889166394,5.6,0.5629139072847682,Welsh,iter_T
Fflur_3,Fflur,3,0.11830177400567672,6.8,0.6195121951219512,Welsh,iter_T
Fflur_30,Fflur,30,0.1318913747138886,4.8,0.5583596214511041,Welsh,iter_T
Fflur_31,Fflur,31,0.08957376879964063,4.8,0.5521472392638037,Welsh,iter_T
Fflur_32,Fflur,32,0.1264909714177664,5.3,0.5392405063291139,Welsh,iter_T
Fflur_33,Fflur,33,0.2294195005456526,6.3,0.5355086372360844,Welsh,iter_T
Fflur_34,Fflur,34,0.2776166659742575,5.2,0.6876790830945558,Welsh,iter_T
Fflur_35,Fflur,35,0.11705130188193544,6.2,0.5935251798561151,Welsh,iter_T
Fflur_36,Fflur,36,0.11912954057195764,6.7,0.6180904522613065,Welsh,iter_T
Fflur_37,Fflur,37,0.08686843421797148,4.6,0.7191780821917808,Welsh,iter_T
Fflur_38,Fflur,38,0.11229321617854583,5.2,0.6,Welsh,iter_T
Fflur_39,Fflur,39,0.2920768889514899,6.8,0.6229508196721312,Welsh,iter_T
Fflur_4,Fflur,4,0.11258389240904289,5.6,0.5694444444444444,Welsh,iter_T
Fflur_40,Fflur,40,0.13055006567705804,6,0.6484848484848484,Welsh,iter_T
Fflur_41,Fflur,41,0.1125243627012228,3.6,0.6404494382022472,Welsh,iter_T
Fflur_42,Fflur,42,0.13650850419678492,5.6,0.6762589928057554,Welsh,iter_T
Fflur_43,Fflur,43,0.13593537472614078,5.4,0.6675191815856778,Welsh,iter_T
Fflur_44,Fflur,44,0.24387805959401399,6.4,0.6377079482439926,Welsh,iter_T
Fflur_45,Fflur,45,0.10993994032647746,4.7,0.740506329113924,Welsh,iter_T
Fflur_46,Fflur,46,0.2632723805076599,5.7,0.5537383177570093,Welsh,iter_T
Fflur_47,Fflur,47,0.2496548442365808,6.3,0.632495164410058,Welsh,iter_T
Fflur_48,Fflur,48,0.1320630823248455,5.5,0.6746411483253588,Welsh,iter_T
Fflur_49,Fflur,49,0.08512977630908539,3.3,0.7218045112781954,Welsh,iter_T
Fflur_5,Fflur,5,0.22947459239767243,5.4,0.594059405940594,Welsh,iter_T
Fflur_50,Fflur,50,0.31558709689082176,6.3,0.6414686825053996,Welsh,iter_T
Fflur_51,Fflur,51,0.10866340418958269,5.4,0.7090909090909091,Welsh,iter_T
Fflur_52,Fflur,52,0.09574935008858304,4.3,0.6176470588235294,Welsh,iter_T
Fflur_53,Fflur,53,0.14036115012368164,7.9,0.5451219512195122,Welsh,iter_T
Fflur_54,Fflur,54,0.10158867207148768,4.8,0.6360759493670886,Welsh,iter_T
Fflur_55,Fflur,55,0.29183899151269904,5.3,0.6085714285714285,Welsh,iter_T
Fflur_56,Fflur,56,0.08037910709465725,4.9,0.6382978723404256,Welsh,iter_T
Fflur_57,Fflur,57,0.31914249351311896,4.7,0.648936170212766,Welsh,iter_T
Fflur_58,Fflur,58,0.13396896530140065,7.2,0.5939306358381503,Welsh,iter_T
Fflur_59,Fflur,59,0.30379042285209357,5.3,0.7189349112426036,Welsh,iter_T
Fflur_6,Fflur,6,0.25628370108386334,6.3,0.6334661354581673,Welsh,iter_T
Fflur_60,Fflur,60,0.30785458305096297,5.1,0.6071428571428571,Welsh,iter_T
Fflur_61,Fflur,61,0.08390788814733985,4.3,0.5869565217391305,Welsh,iter_T
Fflur_62,Fflur,62,0.12467176005996738,5.8,0.5492957746478874,Welsh,iter_T
Fflur_63,Fflur,63,0.0972930913704764,4.8,0.6242236024844721,Welsh,iter_T
Fflur_64,Fflur,64,0.07001690137509216,4.2,0.5756457564575646,Welsh,iter_T
Fflur_65,Fflur,65,0.10347044092891071,5.6,0.5743243243243243,Welsh,iter_T
Fflur_66,Fflur,66,0.24258660312479804,6.5,0.6377079482439926,Welsh,iter_T
Fflur_67,Fflur,67,0.3256803237811831,5.1,0.6146788990825688,Welsh,iter_T
Fflur_68,Fflur,68,0.3073861822293336,5,0.6237623762376238,Welsh,iter_T
Fflur_69,Fflur,69,0.20804547393168835,7.3,0.5822222222222222,Welsh,iter_T
Fflur_7,Fflur,7,0.26460003061131876,5.5,0.5861182519280206,Welsh,iter_T
Fflur_70,Fflur,70,0.12620969223882048,5.9,0.5481927710843374,Welsh,iter_T
Fflur_71,Fflur,71,0.26801766542676697,5.5,0.5866336633663366,Welsh,iter_T
Fflur_72,Fflur,72,0.2428399975697439,5.9,0.6585365853658537,Welsh,iter_T
Fflur_73,Fflur,73,0.11830177400567675,6.8,0.6195121951219512,Welsh,iter_T
Fflur_74,Fflur,74,0.11424770424177329,4.1,0.630901287553648,Welsh,iter_T
Fflur_75,Fflur,75,0.08563717043890227,4.1,0.6995515695067265,Welsh,iter_T
Fflur_76,Fflur,76,0.11802648927036537,6.7,0.617056856187291,Welsh,iter_T
Fflur_77,Fflur,77,0.2932418307628509,6,0.6666666666666666,Welsh,iter_T
Fflur_78,Fflur,78,0.24347770661373094,6.1,0.6645569620253164,Welsh,iter_T
Fflur_79,Fflur,79,0.12972972863862156,6.1,0.6471774193548387,Welsh,iter_T
Fflur_8,Fflur,8,0.08701726829735007,4.2,0.5756457564575646,Welsh,iter_T
Fflur_80,Fflur,80,0.08587420772475197,4.1,0.6439024390243903,Welsh,iter_T
Fflur_81,Fflur,81,0.10075922739609033,4.9,0.7275747508305648,Welsh,iter_T
Fflur_82,Fflur,82,0.1026607959671526,4.7,0.5753424657534246,Welsh,iter_T
Fflur_83,Fflur,83,0.1342495301498479,6.1,0.6445783132530121,Welsh,iter_T
Fflur_84,Fflur,84,0.12411799451492582,7.6,0.5689655172413793,Welsh,iter_T
Fflur_85,Fflur,85,0.2345037781630568,5.5,0.5879396984924623,Welsh,iter_T
Fflur_86,Fflur,86,0.3007735556918196,5.7,0.6894865525672371,Welsh,iter_T
Fflur_87,Fflur,87,0.09702799999143016,6,0.5497076023391813,Welsh,iter_T
Fflur_88,Fflur,88,0.11690374086978249,5.1,0.6968838526912181,Welsh,iter_T
Fflur_89,Fflur,89,0.10255071483708493,5.8,0.6797385620915033,Welsh,iter_T
Fflur_9,Fflur,9,0.19532690678238754,6.5,0.6335740072202166,Welsh,iter_T
Fflur_90,Fflur,90,0.11842511406726741,5.8,0.6778523489932886,Welsh,iter_T
Fflur_91,Fflur,91,0.11688647070985751,5.7,0.6812227074235808,Welsh,iter_T
Fflur_92,Fflur,92,0.14192195491180812,5.9,0.6473029045643154,Welsh,iter_T
Fflur_93,Fflur,93,0.1991497715896381,4.4,0.45993031358885017,Welsh,iter_T
Fflur_94,Fflur,94,0.13016534224218712,5.2,0.5396825396825397,Welsh,iter_T
Fflur_95,Fflur,95,0.3212509024670551,5.4,0.7089337175792507,Welsh,iter_T
Fflur_96,Fflur,96,0.09491785575270474,6.1,0.5486381322957199,Welsh,iter_T
Fflur_97,Fflur,97,0.12210425870599087,6.6,0.6180904522613065,Welsh,iter_T
Fflur_98,Fflur,98,0.24706968641263455,6.5,0.5287569573283859,Welsh,iter_T
Fflur_99,Fflur,99,0.10457014308972967,5.2,0.6949152542372882,Welsh,iter_T
Gaël_1,Gaël,1,0.20945107543717828,10.5,0.6647157190635451,French,iter_T
Gaël_10,Gaël,10,0.1734207496223915,12.2,0.694980694980695,French,iter_T
Gaël_100,Gaël,100,0.14924045750606027,11.6,0.6496688741721854,French,iter_T
Gaël_11,Gaël,11,0.16599560976948455,10.1,0.5821635012386458,French,iter_T
Gaël_12,Gaël,12,0.18591530573928775,14.2,0.7867867867867868,French,iter_T
Gaël_13,Gaël,13,0.17430637586706388,13.3,0.7652221612726275,French,iter_T
Gaël_14,Gaël,14,0.17309009861321564,11.9,0.6686626746506986,French,iter_T
Gaël_15,Gaël,15,0.14526290532558553,12.9,0.7119503945885005,French,iter_T
Gaël_16,Gaël,16,0.1646649462128845,11.1,0.6506291635825314,French,iter_T
Gaël_17,Gaël,17,0.18406769258556735,12,0.686,French,iter_T
Gaël_18,Gaël,18,0.19237349241287705,10.4,0.6166107382550335,French,iter_T
Gaël_19,Gaël,19,0.18855911070997253,7.8,0.452,French,iter_T
Gaël_2,Gaël,2,0.1711534130236412,13.5,0.7560712358337831,French,iter_T
Gaël_20,Gaël,20,0.1838598211901651,12.3,0.7074569789674953,French,iter_T
Gaël_21,Gaël,21,0.18014246296688538,8.9,0.5700325732899023,French,iter_T
Gaël_22,Gaël,22,0.16163402076725367,10,0.5783450704225352,French,iter_T
Gaël_23,Gaël,23,0.18041593953852872,10.2,0.5974789915966386,French,iter_T
Gaël_24,Gaël,24,0.17578441872615755,11.5,0.6866713189113748,French,iter_T
Gaël_25,Gaël,25,0.16619874064480097,9.2,0.5094339622641509,French,iter_T
Gaël_26,Gaël,26,0.19489088659991172,12.9,0.7530719719133997,French,iter_T
Gaël_27,Gaël,27,0.17855691835184917,11.4,0.6563176895306859,French,iter_T
Gaël_28,Gaël,28,0.19283726947632568,11.4,0.6513011152416357,French,iter_T
Gaël_29,Gaël,29,0.19592082331943572,9.7,0.5825771324863884,French,iter_T
Gaël_3,Gaël,3,0.18052829286466476,11.7,0.6627423822714681,French,iter_T
Gaël_30,Gaël,30,0.1683024764387116,10,0.5851788756388415,French,iter_T
Gaël_31,Gaël,31,0.19551143918679684,10.4,0.6051724137931035,French,iter_T
Gaël_32,Gaël,32,0.1616807525186229,13,0.7420965058236273,French,iter_T
Gaël_33,Gaël,33,0.18238828300308477,13.9,0.7928348909657321,French,iter_T
Gaël_34,Gaël,34,0.14603395565317337,10.2,0.5856573705179283,French,iter_T
Gaël_35,Gaël,35,0.1721581502589127,10.9,0.6451612903225806,French,iter_T
Gaël_36,Gaël,36,0.1614207664960769,13.4,0.7523961661341853,French,iter_T
Gaël_37,Gaël,37,0.16397638428976194,8.8,0.5030120481927711,French,iter_T
Gaël_38,Gaël,38,0.18329319009374373,11.8,0.6971544715447154,French,iter_T
Gaël_39,Gaël,39,0.17513824140439296,11.8,0.674,French,iter_T
Gaël_4,Gaël,4,0.15771837781071418,12.7,0.7124784358826912,French,iter_T
Gaël_40,Gaël,40,0.16221266911261706,12.4,0.6974581525108493,French,iter_T
Gaël_41,Gaël,41,0.17598699736131632,13.2,0.748314606741573,French,iter_T
Gaël_42,Gaël,42,0.17792340386468694,12,0.6817288801571709,French,iter_T
Gaël_43,Gaël,43,0.19139987449906504,10.8,0.6407766990291263,French,iter_T
Gaël_44,Gaël,44,0.18305388162347985,13.6,0.7783697389451252,French,iter_T
Gaël_45,Gaël,45,0.1734584491700209,9.8,0.5587155963302752,French,iter_T
Gaël_46,Gaël,46,0.16333649748947549,13,0.7384087006296508,French,iter_T
Gaël_47,Gaël,47,0.16447228001640038,14.5,0.7977369165487977,French,iter_T
Gaël_48,Gaël,48,0.19540899440181914,11.1,0.6577181208053692,French,iter_T
Gaël_49,Gaël,49,0.18151165713383424,12.3,0.7030651340996169,French,iter_T
Gaël_5,Gaël,5,0.17470849422824938,12.4,0.7066420664206642,French,iter_T
Gaël_50,Gaël,50,0.1513290905167637,11.7,0.6445945945945946,French,iter_T
Gaël_51,Gaël,51,0.20298309895006134,12.2,0.7051871306631649,French,iter_T
Gaël_52,Gaël,52,0.1680922269719749,10.4,0.6057462090981645,French,iter_T
Gaël_53,Gaël,53,0.14499210194679907,8.7,0.5010183299389002,French,iter_T
Gaël_54,Gaël,54,0.1548825316198649,12.5,0.6939759036144578,French,iter_T
Gaël_55,Gaël,55,0.18120494240695179,9.7,0.5821727019498607,French,iter_T
Gaël_56,Gaël,56,0.14727864967966348,11.5,0.6470194239785666,French,iter_T
Gaël_57,Gaël,57,0.1940688633346202,12.1,0.7076023391812866,French,iter_T
Gaël_58,Gaël,58,0.14725678481698395,13.8,0.7598784194528876,French,iter_T
Gaël_59,Gaël,59,0.16840234636367446,12.7,0.7163120567375887,French,iter_T
Gaël_6,Gaël,6,0.14220453396611166,10.1,0.6029900332225914,French,iter_T
Gaël_60,Gaël,60,0.18982280752846514,11.7,0.6885593220338984,French,iter_T
Gaël_61,Gaël,61,0.16921437865653075,10.3,0.5870108243130724,French,iter_T
Gaël_62,Gaël,62,0.17875722397586238,12.5,0.7135832821143209,French,iter_T
Gaël_63,Gaël,63,0.17462334196568605,12,0.6990291262135923,French,iter_T
Gaël_64,Gaël,64,0.17788108826226637,13,0.7400805060379528,French,iter_T
Gaël_65,Gaël,65,0.1615102482729837,11.7,0.6721419185282523,French,iter_T
Gaël_66,Gaël,66,0.1854897239712465,11.9,0.7016611295681063,French,iter_T
Gaël_67,Gaël,67,0.1849874572658565,10.2,0.596885813148789,French,iter_T
Gaël_68,Gaël,68,0.18103536567811504,9.1,0.5468589083419155,French,iter_T
Gaël_69,Gaël,69,0.17653568343636347,12.4,0.7044609665427509,French,iter_T
Gaël_7,Gaël,7,0.17706925692212694,10.8,0.64921875,French,iter_T
Gaël_70,Gaël,70,0.1496691720782486,14,0.7645017352503718,French,iter_T
Gaël_71,Gaël,71,0.14593261771111946,11.8,0.6618229854689565,French,iter_T
Gaël_72,Gaël,72,0.17710302367915629,11.6,0.657243816254417,French,iter_T
Gaël_73,Gaël,73,0.17468684681964264,12,0.6976744186046512,French,iter_T
Gaël_74,Gaël,74,0.15884542503440352,12,0.6737120211360634,French,iter_T
Gaël_75,Gaël,75,0.14934793230183094,12.2,0.6878504672897197,French,iter_T
Gaël_76,Gaël,76,0.19881824842736442,10.3,0.6422976501305483,French,iter_T
Gaël_77,Gaël,77,0.17788030601719398,11.5,0.6706377014716188,French,iter_T
Gaël_78,Gaël,78,0.16947012721668447,11.9,0.655359565807327,French,iter_T
Gaël_79,Gaël,79,0.16999276122549495,12.9,0.7146268656716418,French,iter_T
Gaël_8,Gaël,8,0.18841518427916837,10.7,0.6341072858286629,French,iter_T
Gaël_80,Gaël,80,0.18864341739738782,9.7,0.5905730129390019,French,iter_T
Gaël_81,Gaël,81,0.1741355621978321,10.6,0.6121970289288506,French,iter_T
Gaël_82,Gaël,82,0.1872270155224761,12.3,0.7123809523809523,French,iter_T
Gaël_83,Gaël,83,0.1895885008134176,11.3,0.6644444444444444,French,iter_T
Gaël_84,Gaël,84,0.15376887045625826,12.9,0.7358813462635482,French,iter_T
Gaël_85,Gaël,85,0.1513284768577808,13.6,0.7476489028213166,French,iter_T
Gaël_86,Gaël,86,0.13796216758239152,10.5,0.5842956120092379,French,iter_T
Gaël_87,Gaël,87,0.1778995614026263,9.8,0.5658263305322129,French,iter_T
Gaël_88,Gaël,88,0.1792990000206696,11.3,0.66189111747851,French,iter_T
Gaël_89,Gaël,89,0.16896650419065887,12.7,0.7107142857142857,French,iter_T
Gaël_9,Gaël,9,0.15162909662596144,12.7,0.7065972222222222,French,iter_T
Gaël_90,Gaël,90,0.18852241367185515,12.6,0.720292504570384,French,iter_T
Gaël_91,Gaël,91,0.1693399432539689,12.4,0.7170379289584587,French,iter_T
Gaël_92,Gaël,92,0.14797954110976372,10.3,0.6052842273819056,French,iter_T
Gaël_93,Gaël,93,0.17643858334167345,14.1,0.7687979539641944,French,iter_T
Gaël_94,Gaël,94,0.1614352401288266,11.5,0.6552686671318911,French,iter_T
Gaël_95,Gaël,95,0.20329024360083175,9.5,0.591304347826087,French,iter_T
Gaël_96,Gaël,96,0.17068478861569383,12.5,0.7008652657601978,French,iter_T
Gaël_97,Gaël,97,0.17131291517285863,12.4,0.7055555555555556,French,iter_T
Gaël_98,Gaël,98,0.1549189822851043,13.8,0.7598784194528876,French,iter_T
Gaël_99,Gaël,99,0.16076204376016193,11.3,0.708779443254818,French,iter_T
Gwyn_1,Gwyn,1,0.23905549668076279,1.9,0.42857142857142855,Welsh,iter_T
Gwyn_10,Gwyn,10,0.2664716628779786,4.1,0.46443514644351463,Welsh,iter_T
Gwyn_100,Gwyn,100,0.21811683177735858,4.9,0.6254071661237784,Welsh,iter_T
Gwyn_11,Gwyn,11,0.337650100159309,3.1,0.41379310344827586,Welsh,iter_T
Gwyn_12,Gwyn,12,0.21160412503585774,4,0.6133333333333333,Welsh,iter_T
Gwyn_13,Gwyn,13,0.23750963996368485,2.7,0.41935483870967744,Welsh,iter_T
Gwyn_14,Gwyn,14,0.21235720884052164,5,0.631578947368421,Welsh,iter_T
Gwyn_15,Gwyn,15,0.25837554237612786,3.6,0.53125,Welsh,iter_T
Gwyn_16,Gwyn,16,0.20150772612245513,4.1,0.5409836065573771,Welsh,iter_T
Gwyn_17,Gwyn,17,0.2463317989864277,4.6,0.602112676056338,Welsh,iter_T
Gwyn_18,Gwyn,18,0.18507211284142203,5.1,0.6016713091922006,Welsh,iter_T
Gwyn_19,Gwyn,19,0.19981886849068511,4,0.537117903930131,Welsh,iter_T
Gwyn_2,Gwyn,2,0.24804490842269178,5,0.5321100917431193,Welsh,iter_T
Gwyn_20,Gwyn,20,0.264282870669529,3.8,0.5260663507109005,Welsh,iter_T
Gwyn_21,Gwyn,21,0.22764819079546283,4.1,0.5778688524590164,Welsh,iter_T
Gwyn_22,Gwyn,22,0.24319588177032622,3,0.5084745762711864,Welsh,iter_T
Gwyn_23,Gwyn,23,0.18831097774459438,3.7,0.639344262295082,Welsh,iter_T
Gwyn_24,Gwyn,24,0.35256405791578027,3.4,0.4177215189873418,Welsh,iter_T
Gwyn_25,Gwyn,25,0.18232764549418792,3.3,0.40350877192982454,Welsh,iter_T
Gwyn_26,Gwyn,26,0.24277772603929232,4.6,0.6,Welsh,iter_T
Gwyn_27,Gwyn,27,0.25453720188803497,3.5,0.5245901639344263,Welsh,iter_T
Gwyn_28,Gwyn,28,0.06684150427974565,1.7,0.4444444444444444,Welsh,iter_T
Gwyn_29,Gwyn,29,0.26233771625795327,5.3,0.5403225806451613,Welsh,iter_T
Gwyn_3,Gwyn,3,0.027467993096448432,1.5,0.42857142857142855,Welsh,iter_T
Gwyn_30,Gwyn,30,0.29240788301932436,3,0.4214876033057851,Welsh,iter_T
Gwyn_31,Gwyn,31,0.20400771873937507,4.2,0.5595238095238095,Welsh,iter_T
Gwyn_32,Gwyn,32,0.23617407730101544,2.3,0.5454545454545454,Welsh,iter_T
Gwyn_33,Gwyn,33,0.23160133467529068,4.2,0.5810276679841897,Welsh,iter_T
Gwyn_34,Gwyn,34,0.29963013008505734,2.6,0.3225806451612903,Welsh,iter_T
Gwyn_35,Gwyn,35,0.24890804894558954,5.5,0.6666666666666666,Welsh,iter_T
Gwyn_36,Gwyn,36,0.2200967561264774,4.3,0.6,Welsh,iter_T
Gwyn_37,Gwyn,37,0.2639144932554349,3.8,0.6666666666666666,Welsh,iter_T
Gwyn_38,Gwyn,38,0.2919943225425928,4.5,0.5,Welsh,iter_T
Gwyn_39,Gwyn,39,0.25799301990759743,4.3,0.4607142857142857,Welsh,iter_T
Gwyn_4,Gwyn,4,0.25362731175346415,3,0.44776119402985076,Welsh,iter_T
Gwyn_40,Gwyn,40,0.21670205346875368,5.7,0.7183098591549296,Welsh,iter_T
Gwyn_41,Gwyn,41,0.2379537663614462,4.9,0.5217391304347826,Welsh,iter_T
Gwyn_42,Gwyn,42,0.25181351450544315,4.4,0.5617977528089888,Welsh,iter_T
Gwyn_43,Gwyn,43,0.2704074557877808,4.8,0.5242718446601942,Welsh,iter_T
Gwyn_44,Gwyn,44,0.25721408501458154,3.4,0.5526315789473685,Welsh,iter_T
Gwyn_45,Gwyn,45,0.29411371393234603,2.4,0.4166666666666667,Welsh,iter_T
Gwyn_46,Gwyn,46,0.2173665546297583,4.5,0.5877551020408164,Welsh,iter_T
Gwyn_47,Gwyn,47,0.23333038047388668,4.6,0.5382059800664452,Welsh,iter_T
Gwyn_48,Gwyn,48,0.2107003056262253,4.1,0.5347826086956522,Welsh,iter_T
Gwyn_49,Gwyn,49,0.23536102282822668,4.1,0.5080645161290323,Welsh,iter_T
Gwyn_5,Gwyn,5,0.3402464406692639,2.2,0.47058823529411764,Welsh,iter_T
Gwyn_50,Gwyn,50,0.2904029456187723,3.2,0.43137254901960786,Welsh,iter_T
Gwyn_51,Gwyn,51,0.28366064663543933,4.1,0.49137931034482757,Welsh,iter_T
Gwyn_52,Gwyn,52,0.2693123292692212,2.9,0.4956521739130435,Welsh,iter_T
Gwyn_53,Gwyn,53,0.267182765415382,2.4,0.34615384615384615,Welsh,iter_T
Gwyn_54,Gwyn,54,0.22948423555055128,2.8,0.5094339622641509,Welsh,iter_T
Gwyn_55,Gwyn,55,0.22872732710527385,3.6,0.3979591836734694,Welsh,iter_T
Gwyn_56,Gwyn,56,0.20987166037425428,2.4,0.379746835443038,Welsh,iter_T
Gwyn_57,Gwyn,57,0.22420825532427208,3.6,0.504950495049505,Welsh,iter_T
Gwyn_58,Gwyn,58,0.21852062087056637,5.9,0.5234042553191489,Welsh,iter_T
Gwyn_59,Gwyn,59,0.2517927998137658,2.9,0.4473684210526316,Welsh,iter_T
Gwyn_6,Gwyn,6,0.2557769660447205,4.6,0.5176056338028169,Welsh,iter_T
Gwyn_60,Gwyn,60,0.2698435317906378,4.9,0.43859649122807015,Welsh,iter_T
Gwyn_61,Gwyn,61,0.24995155476497832,4.2,0.5877551020408164,Welsh,iter_T
Gwyn_62,Gwyn,62,0.23817676793626227,4.6,0.5454545454545454,Welsh,iter_T
Gwyn_63,Gwyn,63,0.21606570505799444,4.2,0.6489795918367347,Welsh,iter_T
Gwyn_64,Gwyn,64,0.32215443434903573,3.2,0.3893129770992366,Welsh,iter_T
Gwyn_65,Gwyn,65,0.28977717869778447,3.7,0.48554913294797686,Welsh,iter_T
Gwyn_66,Gwyn,66,0.222600977441744,4.4,0.6088560885608856,Welsh,iter_T
Gwyn_67,Gwyn,67,0.24239833301123043,6.2,0.6585365853658537,Welsh,iter_T
Gwyn_68,Gwyn,68,0.21421077794703106,5.4,0.6549865229110512,Welsh,iter_T
Gwyn_69,Gwyn,69,0.24006749231249858,4.6,0.5724381625441696,Welsh,iter_T
Gwyn_7,Gwyn,7,0.2341512387856746,3.4,0.6114649681528662,Welsh,iter_T
Gwyn_70,Gwyn,70,0.22299514040814974,4.2,0.45121951219512196,Welsh,iter_T
Gwyn_71,Gwyn,71,0.26120542265547847,3.7,0.5932203389830508,Welsh,iter_T
Gwyn_72,Gwyn,72,0.24121868656318465,4.7,0.5419354838709678,Welsh,iter_T
Gwyn_73,Gwyn,73,0.3797719068573453,2.4,0.42857142857142855,Welsh,iter_T
Gwyn_74,Gwyn,74,0.24083437015521814,3.8,0.47058823529411764,Welsh,iter_T
Gwyn_75,Gwyn,75,0.24746200834916923,5.5,0.6240601503759399,Welsh,iter_T
Gwyn_76,Gwyn,76,0.2765240690481412,4.4,0.5222222222222223,Welsh,iter_T
Gwyn_77,Gwyn,77,0.298090832637198,2.8,0.3387096774193548,Welsh,iter_T
Gwyn_78,Gwyn,78,0.2495295849162342,5.3,0.5317460317460317,Welsh,iter_T
Gwyn_79,Gwyn,79,0.24725231274123363,3,0.5,Welsh,iter_T
Gwyn_8,Gwyn,8,0.2319545227722981,4.2,0.6585365853658537,Welsh,iter_T
Gwyn_80,Gwyn,80,0.27978140481399977,3.7,0.49732620320855614,Welsh,iter_T
Gwyn_81,Gwyn,81,0.23329166126212222,6.4,0.6224299065420561,Welsh,iter_T
Gwyn_82,Gwyn,82,0.33408246655265755,2.5,0.5142857142857142,Welsh,iter_T
Gwyn_83,Gwyn,83,0.2268013534026734,5.4,0.6015625,Welsh,iter_T
Gwyn_84,Gwyn,84,0.24299202172031079,4,0.5302325581395348,Welsh,iter_T
Gwyn_85,Gwyn,85,0.2612639863467909,4.7,0.6321428571428571,Welsh,iter_T
Gwyn_86,Gwyn,86,0.2736297186536638,4.6,0.5598591549295775,Welsh,iter_T
Gwyn_87,Gwyn,87,0.24376496850590676,3.5,0.54,Welsh,iter_T
Gwyn_88,Gwyn,88,0.21668628014205213,4.5,0.5977011494252874,Welsh,iter_T
Gwyn_89,Gwyn,89,0.30501430980006866,3.2,0.5793103448275863,Welsh,iter_T
Gwyn_9,Gwyn,9,0.23784796959148743,4.3,0.6176470588235294,Welsh,iter_T
Gwyn_90,Gwyn,90,0.27172596487598516,4.6,0.5753424657534246,Welsh,iter_T
Gwyn_91,Gwyn,91,0.24358397585703376,2.8,0.4857142857142857,Welsh,iter_T
Gwyn_92,Gwyn,92,0.2408839609774792,4.2,0.531496062992126,Welsh,iter_T
Gwyn_93,Gwyn,93,0.31799903700529086,3,0.40601503759398494,Welsh,iter_T
Gwyn_94,Gwyn,94,0.26191510194880785,2.4,0.65,Welsh,iter_T
Gwyn_95,Gwyn,95,0.2681624432025684,3.9,0.5318181818181819,Welsh,iter_T
Gwyn_96,Gwyn,96,0.2735089531984969,3.3,0.5,Welsh,iter_T
Gwyn_97,Gwyn,97,0.27659563235368023,3.2,0.46511627906976744,Welsh,iter_T
Gwyn_98,Gwyn,98,0.22608602809500578,6,0.5896328293736501,Welsh,iter_T
Gwyn_99,Gwyn,99,0.2901232569667247,3.8,0.5684210526315789,Welsh,iter_T
Haruo_1,Haruo,1,0.2153795412061224,8.6,0.7064732142857143,Japanese,iter_T
Haruo_10,Haruo,10,0.22362265579144006,11.3,0.7662807525325616,Japanese,iter_T
Haruo_100,Haruo,100,0.2592283280905658,6.8,0.6666666666666666,Japanese,iter_T
Haruo_11,Haruo,11,0.22525399685307762,9.3,0.8096676737160121,Japanese,iter_T
Haruo_12,Haruo,12,0.20574422685813035,6.8,0.7115044247787611,Japanese,iter_T
Haruo_13,Haruo,13,0.22258347757416902,7.4,0.7238372093023255,Japanese,iter_T
Haruo_14,Haruo,14,0.22255471839864074,10.3,0.6911262798634812,Japanese,iter_T
Haruo_15,Haruo,15,0.18359937038182686,9,0.756951596292482,Japanese,iter_T
Haruo_16,Haruo,16,0.20028231566411542,8.9,0.6583850931677019,Japanese,iter_T
Haruo_17,Haruo,17,0.21614483991157937,8.1,0.6733067729083665,Japanese,iter_T
Haruo_18,Haruo,18,0.2335654520042229,10.1,0.8367346938775511,Japanese,iter_T
Haruo_19,Haruo,19,0.21380099680231612,9.2,0.6479017400204709,Japanese,iter_T
Haruo_2,Haruo,2,0.19468089878596107,12,0.8171129980404964,Japanese,iter_T
Haruo_20,Haruo,20,0.1978796147294374,11,0.7144970414201184,Japanese,iter_T
Haruo_21,Haruo,21,0.18126142470489365,8.4,0.7508690614136733,Japanese,iter_T
Haruo_22,Haruo,22,0.2524703885426584,8.2,0.6556291390728477,Japanese,iter_T
Haruo_23,Haruo,23,0.23469405819810707,8.5,0.6370106761565836,Japanese,iter_T
Haruo_24,Haruo,24,0.21941385364007798,7.9,0.7449933244325768,Japanese,iter_T
Haruo_25,Haruo,25,0.25871174722045054,9.6,0.7594202898550725,Japanese,iter_T
Haruo_26,Haruo,26,0.16300251854442926,12.2,0.8018691588785046,Japanese,iter_T
Haruo_27,Haruo,27,0.2409509277050782,9.4,0.7648221343873518,Japanese,iter_T
Haruo_28,Haruo,28,0.17900006017568645,10.9,0.7188427299703264,Japanese,iter_T
Haruo_29,Haruo,29,0.18879115819159442,9.4,0.8555133079847909,Japanese,iter_T
Haruo_3,Haruo,3,0.24648647902335785,8,0.6499339498018494,Japanese,iter_T
Haruo_30,Haruo,30,0.19429361930299469,9.5,0.8068181818181818,Japanese,iter_T
Haruo_31,Haruo,31,0.21945067770429275,8.9,0.7289416846652268,Japanese,iter_T
Haruo_32,Haruo,32,0.18604801855345784,9.1,0.7174571140262361,Japanese,iter_T
Haruo_33,Haruo,33,0.24770580761582356,7.7,0.7221458046767538,Japanese,iter_T
Haruo_34,Haruo,34,0.20602049581627327,7.8,0.7370689655172413,Japanese,iter_T
Haruo_35,Haruo,35,0.23845387624852243,8.5,0.5834333733493398,Japanese,iter_T
Haruo_36,Haruo,36,0.21449071508965759,10.7,0.6467213114754098,Japanese,iter_T
Haruo_37,Haruo,37,0.2451706628506964,8.5,0.6917728852838934,Japanese,iter_T
Haruo_38,Haruo,38,0.18913672680938,11,0.806572068707991,Japanese,iter_T
Haruo_39,Haruo,39,0.18353780581088117,8.6,0.6617647058823529,Japanese,iter_T
Haruo_4,Haruo,4,0.24590298090114193,9.5,0.7419980601357905,Japanese,iter_T
Haruo_40,Haruo,40,0.19006176067707978,9.9,0.7628959276018099,Japanese,iter_T
Haruo_41,Haruo,41,0.23107006011453868,8.5,0.7446808510638298,Japanese,iter_T
Haruo_42,Haruo,42,0.21533606614649084,10.9,0.8438914027149321,Japanese,iter_T
Haruo_43,Haruo,43,0.21486471265358917,9.1,0.7275541795665634,Japanese,iter_T
Haruo_44,Haruo,44,0.22836527915340038,9.2,0.7947421638018201,Japanese,iter_T
Haruo_45,Haruo,45,0.19989174907335766,10.7,0.8031128404669261,Japanese,iter_T
Haruo_46,Haruo,46,0.20046656289514456,11.1,0.7974137931034483,Japanese,iter_T
Haruo_47,Haruo,47,0.23758271112638402,9.2,0.6934673366834171,Japanese,iter_T
Haruo_48,Haruo,48,0.2739622449639182,7.9,0.7510204081632653,Japanese,iter_T
Haruo_49,Haruo,49,0.22420365918580448,10,0.769299023957409,Japanese,iter_T
Haruo_5,Haruo,5,0.2019269593451407,10.3,0.782392026578073,Japanese,iter_T
Haruo_50,Haruo,50,0.27173006725948534,7.3,0.6170886075949367,Japanese,iter_T
Haruo_51,Haruo,51,0.24804726595975654,8.9,0.8681771369721936,Japanese,iter_T
Haruo_52,Haruo,52,0.19369461244957947,8.9,0.7381203801478353,Japanese,iter_T
Haruo_53,Haruo,53,0.1779398491407608,9.7,0.7125,Japanese,iter_T
Haruo_54,Haruo,54,0.17716984382477716,9.6,0.7767083734359962,Japanese,iter_T
Haruo_55,Haruo,55,0.2079990323859954,10.6,0.7357142857142858,Japanese,iter_T
Haruo_56,Haruo,56,0.22811989603401922,9.1,0.7377049180327869,Japanese,iter_T
Haruo_57,Haruo,57,0.20400053157623407,10.7,0.767275615567911,Japanese,iter_T
Haruo_58,Haruo,58,0.22686649559871538,9.5,0.7450047573739296,Japanese,iter_T
Haruo_59,Haruo,59,0.2075218252258978,9.8,0.7506726457399103,Japanese,iter_T
Haruo_6,Haruo,6,0.19866080921813176,8.3,0.7392344497607656,Japanese,iter_T
Haruo_60,Haruo,60,0.20250879365521723,10.9,0.7057471264367816,Japanese,iter_T
Haruo_61,Haruo,61,0.20213572066748353,8,0.7399756986634265,Japanese,iter_T
Haruo_62,Haruo,62,0.2520884308446252,5.9,0.6845637583892618,Japanese,iter_T
Haruo_63,Haruo,63,0.1990170468179286,7.6,0.7479674796747967,Japanese,iter_T
Haruo_64,Haruo,64,0.2239179133329109,6.3,0.601145038167939,Japanese,iter_T
Haruo_65,Haruo,65,0.19757237308822248,8.9,0.7221006564551422,Japanese,iter_T
Haruo_66,Haruo,66,0.2230901362992868,7.8,0.5909712722298222,Japanese,iter_T
Haruo_67,Haruo,67,0.21889009188456024,8,0.7303664921465969,Japanese,iter_T
Haruo_68,Haruo,68,0.2011655615016754,7.8,0.5769230769230769,Japanese,iter_T
Haruo_69,Haruo,69,0.16008309484193595,7.9,0.6336996336996337,Japanese,iter_T
Haruo_7,Haruo,7,0.20026723264607665,10.8,0.7204724409448819,Japanese,iter_T
Haruo_70,Haruo,70,0.1913425078831733,8.3,0.6586248492159228,Japanese,iter_T
Haruo_71,Haruo,71,0.2469436068010182,9.5,0.6566037735849056,Japanese,iter_T
Haruo_72,Haruo,72,0.22210886150805353,10.5,0.7853658536585366,Japanese,iter_T
Haruo_73,Haruo,73,0.23615988618902836,7.3,0.6594427244582043,Japanese,iter_T
Haruo_74,Haruo,74,0.24612719543334233,8.8,0.701212789415656,Japanese,iter_T
Haruo_75,Haruo,75,0.19399166573007318,10.7,0.7758620689655172,Japanese,iter_T
Haruo_76,Haruo,76,0.23550620400841524,8.5,0.7881944444444444,Japanese,iter_T
Haruo_77,Haruo,77,0.21207787334580033,9.4,0.752906976744186,Japanese,iter_T
Haruo_78,Haruo,78,0.20152945957098853,8.7,0.7002212389380531,Japanese,iter_T
Haruo_79,Haruo,79,0.2166385426428177,10.9,0.7841171935235158,Japanese,iter_T
Haruo_8,Haruo,8,0.23006881992012523,10.3,0.7456359102244389,Japanese,iter_T
Haruo_80,Haruo,80,0.2064877841071719,11,0.7438386855862584,Japanese,iter_T
Haruo_81,Haruo,81,0.2179461352180027,11,0.8052044609665427,Japanese,iter_T
Haruo_82,Haruo,82,0.24106985308884307,8,0.6991869918699187,Japanese,iter_T
Haruo_83,Haruo,83,0.22126702465977263,8.3,0.7923169267707083,Japanese,iter_T
Haruo_84,Haruo,84,0.2076044950045111,9.4,0.8005780346820809,Japanese,iter_T
Haruo_85,Haruo,85,0.2341862855399879,8.9,0.7207586933614331,Japanese,iter_T
Haruo_86,Haruo,86,0.19490538298006813,10.2,0.6349072512647554,Japanese,iter_T
Haruo_87,Haruo,87,0.269114210117646,7.6,0.7466863033873343,Japanese,iter_T
Haruo_88,Haruo,88,0.226570834997074,7.7,0.636,Japanese,iter_T
Haruo_89,Haruo,89,0.24730051887360716,8.1,0.6307692307692307,Japanese,iter_T
Haruo_9,Haruo,9,0.27012839678171263,6.9,0.8367346938775511,Japanese,iter_T
Haruo_90,Haruo,90,0.209062504599708,7.3,0.7978723404255319,Japanese,iter_T
Haruo_91,Haruo,91,0.21169141048019469,9.9,0.7513181019332161,Japanese,iter_T
Haruo_92,Haruo,92,0.21737910970336446,9.2,0.7162303664921466,Japanese,iter_T
Haruo_93,Haruo,93,0.23103189849144082,9.7,0.6017191977077364,Japanese,iter_T
Haruo_94,Haruo,94,0.20845867640823257,8.9,0.7939330543933054,Japanese,iter_T
Haruo_95,Haruo,95,0.1835347142925476,9.9,0.7875329236172081,Japanese,iter_T
Haruo_96,Haruo,96,0.23588228613784978,8.4,0.770414201183432,Japanese,iter_T
Haruo_97,Haruo,97,0.20723457492843922,11.1,0.7654867256637168,Japanese,iter_T
Haruo_98,Haruo,98,0.20382431906390036,8.3,0.762589928057554,Japanese,iter_T
Haruo_99,Haruo,99,0.2753009903679013,7.9,0.6300417246175244,Japanese,iter_T
Hiromi_1,Hiromi,1,0.29974391749327145,6.4,0.5537525354969574,Japanese,iter_T
Hiromi_10,Hiromi,10,0.26692892138767066,7.8,0.5903790087463557,Japanese,iter_T
Hiromi_100,Hiromi,100,0.2757769890986372,6.7,0.5284090909090909,Japanese,iter_T
Hiromi_11,Hiromi,11,0.21512955496866773,8.3,0.5507246376811594,Japanese,iter_T
Hiromi_12,Hiromi,12,0.31271039261026273,5.1,0.39655172413793105,Japanese,iter_T
Hiromi_13,Hiromi,13,0.21243203978854747,9.3,0.6123076923076923,Japanese,iter_T
Hiromi_14,Hiromi,14,0.2634733158185927,8.5,0.6579261025029798,Japanese,iter_T
Hiromi_15,Hiromi,15,0.22187885677175748,11.6,0.6939655172413793,Japanese,iter_T
Hiromi_16,Hiromi,16,0.2608343630616177,8.6,0.6213468869123253,Japanese,iter_T
Hiromi_17,Hiromi,17,0.3081007421552178,6.9,0.5891783567134269,Japanese,iter_T
Hiromi_18,Hiromi,18,0.2389796235290252,9.8,0.6517943743937924,Japanese,iter_T
Hiromi_19,Hiromi,19,0.2799921442382562,8.1,0.5616641901931649,Japanese,iter_T
Hiromi_2,Hiromi,2,0.2533532900565659,8.5,0.559074299634592,Japanese,iter_T
Hiromi_20,Hiromi,20,0.3327863315026488,5.9,0.5121951219512195,Japanese,iter_T
Hiromi_21,Hiromi,21,0.2724551967980668,9.8,0.6920821114369502,Japanese,iter_T
Hiromi_22,Hiromi,22,0.2236601203016099,9.3,0.6252631578947369,Japanese,iter_T
Hiromi_23,Hiromi,23,0.21987511503121512,11.4,0.6848802395209581,Japanese,iter_T
Hiromi_24,Hiromi,24,0.2732098730944658,7.9,0.6504992867332382,Japanese,iter_T
Hiromi_25,Hiromi,25,0.25820568834420365,8.2,0.6201117318435754,Japanese,iter_T
Hiromi_26,Hiromi,26,0.2868428126720471,9,0.6811926605504587,Japanese,iter_T
Hiromi_27,Hiromi,27,0.24936305672709105,9.2,0.6416938110749185,Japanese,iter_T
Hiromi_28,Hiromi,28,0.26960100922922914,7.4,0.5123152709359606,Japanese,iter_T
Hiromi_29,Hiromi,29,0.25168401589346634,10.2,0.7034671532846716,Japanese,iter_T
Hiromi_3,Hiromi,3,0.21076457243153196,9.5,0.6766917293233082,Japanese,iter_T
Hiromi_30,Hiromi,30,0.22493669973184588,10.1,0.6097794822627037,Japanese,iter_T
Hiromi_31,Hiromi,31,0.2705630719046811,9.2,0.6585365853658537,Japanese,iter_T
Hiromi_32,Hiromi,32,0.24837282886603382,9.4,0.6013215859030837,Japanese,iter_T
Hiromi_33,Hiromi,33,0.2786075731021969,7.3,0.4896907216494845,Japanese,iter_T
Hiromi_34,Hiromi,34,0.2922472280181927,8.1,0.6251748251748251,Japanese,iter_T
Hiromi_35,Hiromi,35,0.29081785426765144,8.1,0.6282940360610264,Japanese,iter_T
Hiromi_36,Hiromi,36,0.2681067701223764,8.9,0.7582417582417582,Japanese,iter_T
Hiromi_37,Hiromi,37,0.2877554265758258,7.7,0.6631578947368421,Japanese,iter_T
Hiromi_38,Hiromi,38,0.258662400280915,5.7,0.4712041884816754,Japanese,iter_T
Hiromi_39,Hiromi,39,0.30110124023889584,8.1,0.6169354838709677,Japanese,iter_T
Hiromi_4,Hiromi,4,0.2339205439172749,11.1,0.7202797202797203,Japanese,iter_T
Hiromi_40,Hiromi,40,0.275952170316405,8.3,0.640926640926641,Japanese,iter_T
Hiromi_41,Hiromi,41,0.30795101036486117,6.5,0.4825174825174825,Japanese,iter_T
Hiromi_42,Hiromi,42,0.23060724429429372,9.6,0.6037934668071654,Japanese,iter_T
Hiromi_43,Hiromi,43,0.29750129039373613,8.1,0.6025641025641025,Japanese,iter_T
Hiromi_44,Hiromi,44,0.2633664185279287,9.2,0.5938215102974829,Japanese,iter_T
Hiromi_45,Hiromi,45,0.2603043425595722,9.5,0.6423913043478261,Japanese,iter_T
Hiromi_46,Hiromi,46,0.3123285901172596,6.9,0.54216867469879515,Japanese,iter_T
Hiromi_47,Hiromi,47,0.30796907353975744,6.7,0.5605749486652978,Japanese,iter_T
Hiromi_48,Hiromi,48,0.25827360419141027,6.7,0.5,Japanese,iter_T
Hiromi_49,Hiromi,49,0.26162024518038784,9.3,0.6426264800861141,Japanese,iter_T
Hiromi_5,Hiromi,5,0.28011356306853696,8.7,0.6335403726708074,Japanese,iter_T
Hiromi_50,Hiromi,50,0.24798264734677095,8.2,0.631578947368421,Japanese,iter_T
Hiromi_51,Hiromi,51,0.22231301171183812,9.5,0.6024217961654894,Japanese,iter_T
Hiromi_52,Hiromi,52,0.25536970639819134,8.7,0.6330935251798561,Japanese,iter_T
Hiromi_53,Hiromi,53,0.2315382468290275,8.4,0.5872020075282308,Japanese,iter_T
Hiromi_54,Hiromi,54,0.2524640901940543,7.7,0.6239316239316239,Japanese,iter_T
Hiromi_55,Hiromi,55,0.25679622468125934,8.9,0.5746180963572268,Japanese,iter_T
Hiromi_56,Hiromi,56,0.28315131170882657,7.8,0.5630630630630631,Japanese,iter_T
Hiromi_57,Hiromi,57,0.2985812662232068,7.9,0.6153846153846154,Japanese,iter_T
Hiromi_58,Hiromi,58,0.24699318966805361,9.5,0.6589769307923772,Japanese,iter_T
Hiromi_59,Hiromi,59,0.21344197568021617,10.9,0.7241379310344828,Japanese,iter_T
Hiromi_6,Hiromi,6,0.25169190097251165,8.7,0.5860805860805861,Japanese,iter_T
Hiromi_60,Hiromi,60,0.23031527412097583,8.9,0.6,Japanese,iter_T
Hiromi_61,Hiromi,61,0.24682849664694678,7.9,0.5435393258426966,Japanese,iter_T
Hiromi_62,Hiromi,62,0.2445706226477008,9.9,0.6492094861660079,Japanese,iter_T
Hiromi_63,Hiromi,63,0.24664033352789408,10,0.704225352112676,Japanese,iter_T
Hiromi_64,Hiromi,64,0.2173385897173757,7.8,0.5654676258992806,Japanese,iter_T
Hiromi_65,Hiromi,65,0.28068864347532996,7.9,0.5650224215246636,Japanese,iter_T
Hiromi_66,Hiromi,66,0.23528446459429753,8.8,0.6418918918918919,Japanese,iter_T
Hiromi_67,Hiromi,67,0.25672914490606386,7.1,0.5296950240770465,Japanese,iter_T
Hiromi_68,Hiromi,68,0.22967544886569402,9.2,0.5649948822927329,Japanese,iter_T
Hiromi_69,Hiromi,69,0.2774975258907568,7.8,0.6434540389972145,Japanese,iter_T
Hiromi_7,Hiromi,7,0.2832779773760737,6.7,0.5300751879699248,Japanese,iter_T
Hiromi_70,Hiromi,70,0.2542719277629822,8.9,0.6236559139784946,Japanese,iter_T
Hiromi_71,Hiromi,71,0.2571193225795972,9.7,0.7317813765182186,Japanese,iter_T
Hiromi_72,Hiromi,72,0.24200061168909107,8.4,0.5357142857142857,Japanese,iter_T
Hiromi_73,Hiromi,73,0.25433996751270627,8.2,0.5992115637319316,Japanese,iter_T
Hiromi_74,Hiromi,74,0.2527269087904165,9.2,0.754601226993865,Japanese,iter_T
Hiromi_75,Hiromi,75,0.23212375667767146,10.1,0.6521739130434783,Japanese,iter_T
Hiromi_76,Hiromi,76,0.22524759067908828,9.8,0.633107454017425,Japanese,iter_T
Hiromi_77,Hiromi,77,0.21456239830607624,10.3,0.6225895316804407,Japanese,iter_T
Hiromi_78,Hiromi,78,0.21986581602031158,10.3,0.6701298701298701,Japanese,iter_T
Hiromi_79,Hiromi,79,0.18433312414826125,6.5,0.5497382198952879,Japanese,iter_T
Hiromi_8,Hiromi,8,0.3111461620563676,7.8,0.5482912332838039,Japanese,iter_T
Hiromi_80,Hiromi,80,0.281765290897373,8.6,0.5870393900889453,Japanese,iter_T
Hiromi_81,Hiromi,81,0.22530682942569127,9.3,0.6869300911854104,Japanese,iter_T
Hiromi_82,Hiromi,82,0.23837526259754843,8.6,0.6576787807737398,Japanese,iter_T
Hiromi_83,Hiromi,83,0.29580625479074013,7.7,0.5467289719626168,Japanese,iter_T
Hiromi_84,Hiromi,84,0.2517275955813473,8.5,0.6539408866995073,Japanese,iter_T
Hiromi_85,Hiromi,85,0.2278363324283991,8.6,0.6546091015169195,Japanese,iter_T
Hiromi_86,Hiromi,86,0.23227301098429992,8.8,0.6751662971175166,Japanese,iter_T
Hiromi_87,Hiromi,87,0.2762967518424718,7.5,0.5743670886075949,Japanese,iter_T
Hiromi_88,Hiromi,88,0.2396923634240107,6.9,0.469811320754717,Japanese,iter_T
Hiromi_89,Hiromi,89,0.2265466300362936,10,0.6746543778801843,Japanese,iter_T
Hiromi_9,Hiromi,9,0.26525829246299387,7.9,0.6178977272727273,Japanese,iter_T
Hiromi_90,Hiromi,90,0.28148630272293346,7.3,0.6089108910891089,Japanese,iter_T
Hiromi_91,Hiromi,91,0.27908580715392795,7.9,0.5361890694239291,Japanese,iter_T
Hiromi_92,Hiromi,92,0.22929062953325144,7.8,0.6083333333333333,Japanese,iter_T
Hiromi_93,Hiromi,93,0.2420264073053378,8.2,0.5078740157480315,Japanese,iter_T
Hiromi_94,Hiromi,94,0.25575889292286275,8.7,0.5931558935361216,Japanese,iter_T
Hiromi_95,Hiromi,95,0.2783792815278351,7.4,0.5463743676222597,Japanese,iter_T
Hiromi_96,Hiromi,96,0.32551354815217354,6.7,0.6531365313653137,Japanese,iter_T
Hiromi_97,Hiromi,97,0.2675506993197385,7.5,0.5179153094462541,Japanese,iter_T
Hiromi_98,Hiromi,98,0.24254925897510596,8.4,0.6488456865127582,Japanese,iter_T
Hiromi_99,Hiromi,99,0.2990458350251075,7.6,0.665625,Japanese,iter_T
Ivy_1,Ivy,1,0.24857526862241133,4.1,0.5097087378640777,UK,iter_T
Ivy_10,Ivy,10,0.3264381975680511,5.6,0.6,UK,iter_T
Ivy_100,Ivy,100,0.2532809417165564,4.4,0.40268456375838924,UK,iter_T
Ivy_11,Ivy,11,0.35364598360554306,4.3,0.6351351351351351,UK,iter_T
Ivy_12,Ivy,12,0.3087846065500748,5,0.4241379310344828,UK,iter_T
Ivy_13,Ivy,13,0.21763551260138347,4,0.584070796460177,UK,iter_T
Ivy_14,Ivy,14,0.18899505798072072,6.3,0.6245136186770428,UK,iter_T
Ivy_15,Ivy,15,0.2174750313888225,5.8,0.6327014218009479,UK,iter_T
Ivy_16,Ivy,16,0.15869565186588902,5,0.5714285714285714,UK,iter_T
Ivy_17,Ivy,17,0.24643453166013038,5.8,0.5780487804878048,UK,iter_T
Ivy_18,Ivy,18,0.22323744031913428,5.4,0.5161290322580645,UK,iter_T
Ivy_19,Ivy,19,0.24161474413923592,3.1,0.47107438016528924,UK,iter_T
Ivy_2,Ivy,2,0.17473908154744638,3.6,0.7151162790697675,UK,iter_T
Ivy_20,Ivy,20,0.1822184884798278,3.7,0.5393258426966292,UK,iter_T
Ivy_21,Ivy,21,0.34080833992521903,6.8,0.6539196940726577,UK,iter_T
Ivy_22,Ivy,22,0.2533002757876864,4.4,0.5564516129032258,UK,iter_T
Ivy_23,Ivy,23,0.32934061512894397,4.9,0.5555555555555556,UK,iter_T
Ivy_24,Ivy,24,0.30409328186774554,5.2,0.46956521739130436,UK,iter_T
Ivy_25,Ivy,25,0.2671761685145007,4.6,0.5681063122923588,UK,iter_T
Ivy_26,Ivy,26,0.30823621875063256,5.9,0.4975609756097561,UK,iter_T
Ivy_27,Ivy,27,0.2556235164242117,4.2,0.548936170212766,UK,iter_T
Ivy_28,Ivy,28,0.33944977246754277,4.1,0.5741626794258373,UK,iter_T
Ivy_29,Ivy,29,0.22675737337646015,4.7,0.48514851485148514,UK,iter_T
Ivy_3,Ivy,3,0.3428305037164033,5.3,0.6895522388059702,UK,iter_T
Ivy_30,Ivy,30,0.2774930079974686,5,0.48297213622291024,UK,iter_T
Ivy_31,Ivy,31,0.19654764302885797,4.7,0.6435643564356436,UK,iter_T
Ivy_32,Ivy,32,0.3211323928444393,5.5,0.5737704918032787,UK,iter_T
Ivy_33,Ivy,33,0.23829933353324861,6.8,0.56027164685908315,UK,iter_T
Ivy_34,Ivy,34,0.21401813448401466,5.4,0.6047120418848168,UK,iter_T
Ivy_35,Ivy,35,0.35887534400524207,4.5,0.5465587044534413,UK,iter_T
Ivy_36,Ivy,36,0.25950815707623076,4.6,0.6151079136690647,UK,iter_T
Ivy_37,Ivy,37,0.3102425427486751,5.3,0.5405405405405406,UK,iter_T
Ivy_38,Ivy,38,0.20064345604318565,4.8,0.5876288659793815,UK,iter_T
Ivy_39,Ivy,39,0.3220953659984763,3.7,0.603448275862069,UK,iter_T
Ivy_4,Ivy,4,0.2330375455889324,4.9,0.5784313725490197,UK,iter_T
Ivy_40,Ivy,40,0.2141639712338104,4.2,0.5136186770428015,UK,iter_T
Ivy_41,Ivy,41,0.24520278256774367,6,0.52,UK,iter_T
Ivy_42,Ivy,42,0.2290493435547399,4.6,0.6421052631578947,UK,iter_T
Ivy_43,Ivy,43,0.2008510277783361,5,0.4945945945945946,UK,iter_T
Ivy_44,Ivy,44,0.261661433212365,4.9,0.5631768953068592,UK,iter_T
Ivy_45,Ivy,45,0.19966000201844528,6.3,0.539651837524178,UK,iter_T
Ivy_46,Ivy,46,0.19524243685452422,4,0.5277777777777778,UK,iter_T
Ivy_47,Ivy,47,0.24291392568487738,6,0.6297968397291196,UK,iter_T
Ivy_48,Ivy,48,0.1645086092693912,4,0.46875,UK,iter_T
Ivy_49,Ivy,49,0.24068413804042182,3.9,0.5588235294117647,UK,iter_T
Ivy_5,Ivy,5,0.1971597171314766,5.2,0.5948275862068966,UK,iter_T
Ivy_50,Ivy,50,0.29057918504765984,4.8,0.5742574257425742,UK,iter_T
Ivy_51,Ivy,51,0.3520279160908827,5.2,0.494949494949495,UK,iter_T
Ivy_52,Ivy,52,0.3246285940727436,6,0.5589622641509434,UK,iter_T
Ivy_53,Ivy,53,0.32192124078408846,5.9,0.5233415233415234,UK,iter_T
Ivy_54,Ivy,54,0.24423771959048615,5.4,0.5333333333333333,UK,iter_T
Ivy_55,Ivy,55,0.16741947020393014,6.4,0.6850393700787402,UK,iter_T
Ivy_56,Ivy,56,0.21576451035748304,6.6,0.5752688172043011,UK,iter_T
Ivy_57,Ivy,57,0.3168909492661524,7.3,0.6260434056761269,UK,iter_T
Ivy_58,Ivy,58,0.31344253760696233,4.8,0.559322033898305,UK,iter_T
Ivy_59,Ivy,59,0.2709835212921012,6.3,0.5493827160493827,UK,iter_T
Ivy_6,Ivy,6,0.25630967234804797,5.2,0.5393258426966292,UK,iter_T
Ivy_60,Ivy,60,0.2101476632389696,5.3,0.5013927576601671,UK,iter_T
Ivy_61,Ivy,61,0.23583448031889434,4,0.5652173913043478,UK,iter_T
Ivy_62,Ivy,62,0.2837728668198119,4.1,0.39908256880733944,UK,iter_T
Ivy_63,Ivy,63,0.2013419584734807,4.5,0.6066176470588235,UK,iter_T
Ivy_64,Ivy,64,0.19914132249693603,4.6,0.5172413793103449,UK,iter_T
Ivy_65,Ivy,65,0.17213393594581447,5.1,0.6715116279069767,UK,iter_T
Ivy_66,Ivy,66,0.2179896258275666,5.9,0.5612472160356348,UK,iter_T
Ivy_67,Ivy,67,0.31832919185854247,4.7,0.5241635687732342,UK,iter_T
Ivy_68,Ivy,68,0.30861529935791654,5.8,0.542713567839196,UK,iter_T
Ivy_69,Ivy,69,0.321885332529708,6,0.5579710144927537,UK,iter_T
Ivy_7,Ivy,7,0.3116229491123926,4.2,0.4976958525345622,UK,iter_T
Ivy_70,Ivy,70,0.2152364303181337,5.1,0.6173913043478261,UK,iter_T
Ivy_71,Ivy,71,0.22957959278596826,4.4,0.4925373134328358,UK,iter_T
Ivy_72,Ivy,72,0.2881821008434726,6.3,0.5501066098081023,UK,iter_T
Ivy_73,Ivy,73,0.25271914584895494,5.6,0.556390977443609,UK,iter_T
Ivy_74,Ivy,74,0.20211916925924506,7.4,0.656671664167916,UK,iter_T
Ivy_75,Ivy,75,0.1544400144195969,4.7,0.6655629139072847,UK,iter_T
Ivy_76,Ivy,76,0.20737002165544557,9.3,0.6012658227848101,UK,iter_T
Ivy_77,Ivy,77,0.28427398878957677,3.5,0.45569620253164556,UK,iter_T
Ivy_78,Ivy,78,0.1810842053017703,6.2,0.7016129032258065,UK,iter_T
Ivy_79,Ivy,79,0.29093367139095316,3.9,0.43315508021390375,UK,iter_T
Ivy_8,Ivy,8,0.20259988111595353,3.3,0.43125,UK,iter_T
Ivy_80,Ivy,80,0.39873245543626096,3.6,0.3931034482758621,UK,iter_T
Ivy_81,Ivy,81,0.27327168062506174,4.3,0.5138888888888888,UK,iter_T
Ivy_82,Ivy,82,0.26705523478541365,5.4,0.48412698412698413,UK,iter_T
Ivy_83,Ivy,83,0.22992264432854723,6.4,0.5964912280701754,UK,iter_T
Ivy_84,Ivy,84,0.2221014277528495,4.8,0.56,UK,iter_T
Ivy_85,Ivy,85,0.2928337844585007,5.1,0.5028901734104047,UK,iter_T
Ivy_86,Ivy,86,0.18703088031571102,6.4,0.6986301369863014,UK,iter_T
Ivy_87,Ivy,87,0.19804659002739985,3.7,0.510989010989011,UK,iter_T
Ivy_88,Ivy,88,0.18249549386484118,6.6,0.6654545454545454,UK,iter_T
Ivy_89,Ivy,89,0.17153890822363577,5.1,0.5657142857142857,UK,iter_T
Ivy_9,Ivy,9,0.20718290531581832,3.9,0.5885167464114832,UK,iter_T
Ivy_90,Ivy,90,0.3413709756929376,5.2,0.6358208955223881,UK,iter_T
Ivy_91,Ivy,91,0.20719396416246036,5.5,0.5644329896907216,UK,iter_T
Ivy_92,Ivy,92,0.22669367959561054,5.5,0.4899497487437186,UK,iter_T
Ivy_93,Ivy,93,0.2568481072870049,3.3,0.4666666666666667,UK,iter_T
Ivy_94,Ivy,94,0.23252467426735896,5.5,0.5326370757180157,UK,iter_T
Ivy_95,Ivy,95,0.25054845007160115,4.8,0.5559105431309904,UK,iter_T
Ivy_96,Ivy,96,0.24944100331359026,5.3,0.5570291777188329,UK,iter_T
Ivy_97,Ivy,97,0.3049023124698712,6.1,0.673202614379085,UK,iter_T
Ivy_98,Ivy,98,0.19057555658384934,4.1,0.589041095890411,UK,iter_T
Ivy_99,Ivy,99,0.3341264597398051,5.1,0.494949494949495,UK,iter_T
Julien_1,Julien,1,0.19591923771455397,7.3,0.5044642857142857,French,iter_T
Julien_10,Julien,10,0.18993405727715812,7.8,0.5,French,iter_T
Julien_100,Julien,100,0.17858023976856752,8.9,0.5439739413680782,French,iter_T
Julien_11,Julien,11,0.18902601539481884,9.1,0.5707019328585962,French,iter_T
Julien_12,Julien,12,0.19394602331500055,7.8,0.49736842105263157,French,iter_T
Julien_13,Julien,13,0.2159708910551699,8.5,0.5412186379928315,French,iter_T
Julien_14,Julien,14,0.19432038796613013,8.8,0.5557963163596966,French,iter_T
Julien_15,Julien,15,0.217739537123235,7.5,0.4691729323308271,French,iter_T
Julien_16,Julien,16,0.18204721363271584,9.2,0.5613682092555332,French,iter_T
Julien_17,Julien,17,0.21773306821748173,8.7,0.574468085106383,French,iter_T
Julien_18,Julien,18,0.20388949511161578,8.9,0.577922077922078,French,iter_T
Julien_19,Julien,19,0.2008568042736205,6.5,0.39928057553956836,French,iter_T
Julien_2,Julien,2,0.21438738076906325,8.7,0.5738831615120275,French,iter_T
Julien_20,Julien,20,0.21827636669698092,7.6,0.509009009009009,French,iter_T
Julien_21,Julien,21,0.20943699528697815,8.7,0.5715896279594137,French,iter_T
Julien_22,Julien,22,0.21467017871341518,8.8,0.584070796460177,French,iter_T
Julien_23,Julien,23,0.20778518497482631,7.5,0.4675324675324675,French,iter_T
Julien_24,Julien,24,0.18793949308684837,9.2,0.5537525354969574,French,iter_T
Julien_25,Julien,25,0.213501116412506,8.5,0.5560975609756098,French,iter_T
Julien_26,Julien,26,0.18970169305238394,9.3,0.5797546012269938,French,iter_T
Julien_27,Julien,27,0.20363118122262105,7.5,0.46015037593984964,French,iter_T
Julien_28,Julien,28,0.1884212903632094,9.1,0.580952380952381,French,iter_T
Julien_29,Julien,29,0.1892859292650349,7.7,0.493368700265252,French,iter_T
Julien_3,Julien,3,0.17845258205129727,7.3,0.49222065063649223,French,iter_T
Julien_30,Julien,30,0.19394602331500077,7.8,0.49736842105263157,French,iter_T
Julien_31,Julien,31,0.20629164656879803,7.7,0.5121951219512195,French,iter_T
Julien_32,Julien,32,0.21597089105517,8.5,0.5582191780821918,French,iter_T
Julien_33,Julien,33,0.19967281355255748,8.4,0.5727590221187427,French,iter_T
Julien_34,Julien,34,0.1826936264231178,9.3,0.5598802395209581,French,iter_T
Julien_35,Julien,35,0.19823609398109204,8.5,0.5521885521885522,French,iter_T
Julien_36,Julien,36,0.18791924570849639,8.9,0.5413043478260869,French,iter_T
Julien_37,Julien,37,0.19678427693860082,8.8,0.5651237890204521,French,iter_T
Julien_38,Julien,38,0.19548739136540533,7.6,0.49194729136163984,French,iter_T
Julien_39,Julien,39,0.21250730005934668,8.7,0.5625,French,iter_T
Julien_4,Julien,4,0.20943699528697762,8.7,0.5847750865051903,French,iter_T
Julien_40,Julien,40,0.21633387136313803,8.5,0.5444711538461539,French,iter_T
Julien_41,Julien,41,0.18935002302969173,9.2,0.5625,French,iter_T
Julien_42,Julien,42,0.2076948258064673,8.5,0.5565927654609102,French,iter_T
Julien_43,Julien,43,0.207316424138436,7.6,0.48660084626234135,French,iter_T
Julien_44,Julien,44,0.16209728563991074,9.1,0.5548961424332344,French,iter_T
Julien_45,Julien,45,0.20330700500913493,7.5,0.49514563106796117,French,iter_T
Julien_46,Julien,46,0.18204721363271567,9.2,0.5613682092555332,French,iter_T
Julien_47,Julien,47,0.2021919636071073,8.3,0.529192546583851,French,iter_T
Julien_48,Julien,48,0.19465207853446959,9.4,0.5782038345105953,French,iter_T
Julien_49,Julien,49,0.20313866046448495,7.8,0.5013368983957219,French,iter_T
Julien_5,Julien,5,0.1791049848040036,8.4,0.5631517960602549,French,iter_T
Julien_50,Julien,50,0.19473642459913232,8.7,0.5689084895259096,French,iter_T
Julien_51,Julien,51,0.21250730005934634,8.7,0.5696629213483146,French,iter_T
Julien_52,Julien,52,0.19432038796613013,8.8,0.5463687150837989,French,iter_T
Julien_53,Julien,53,0.16972585714640884,9.6,0.5580110497237569,French,iter_T
Julien_54,Julien,54,0.21259263112437635,8.6,0.5850178359096314,French,iter_T
Julien_55,Julien,55,0.1873651241855169,7.8,0.48046875,French,iter_T
Julien_56,Julien,56,0.189701693052384,9.3,0.5797546012269938,French,iter_T
Julien_57,Julien,57,0.21684805089447592,8.5,0.5602409638554217,French,iter_T
Julien_58,Julien,58,0.2146701787134151,8.8,0.584070796460177,French,iter_T
Julien_59,Julien,59,0.2146701787134154,8.8,0.5736263736263736,French,iter_T
Julien_6,Julien,6,0.1875629295940648,8.3,0.5359628770301624,French,iter_T
Julien_60,Julien,60,0.20813447526068257,8.5,0.5796252927400468,French,iter_T
Julien_61,Julien,61,0.21968420987006054,8.7,0.5806451612903226,French,iter_T
Julien_62,Julien,62,0.19512023862920702,8.7,0.5588235294117647,French,iter_T
Julien_63,Julien,63,0.21773306821748134,8.7,0.5746987951807229,French,iter_T
Julien_64,Julien,64,0.21363250014216925,8.6,0.5648252536640361,French,iter_T
Julien_65,Julien,65,0.1842835135401789,8.9,0.5583596214511041,French,iter_T
Julien_66,Julien,66,0.19387695052922344,8.9,0.5613305613305614,French,iter_T
Julien_67,Julien,67,0.1985208170840348,7.8,0.49042709867452133,French,iter_T
Julien_68,Julien,68,0.20451260761342616,7.6,0.5042735042735043,French,iter_T
Julien_69,Julien,69,0.21363250014216986,8.6,0.5648252536640361,French,iter_T
Julien_7,Julien,7,0.20030332155896055,8.8,0.5635179153094463,French,iter_T
Julien_70,Julien,70,0.2149135260915881,7.6,0.49228611500701264,French,iter_T
Julien_71,Julien,71,0.18948140675935476,9.3,0.561,French,iter_T
Julien_72,Julien,72,0.20323739648632977,7.4,0.49157733537519144,French,iter_T
Julien_73,Julien,73,0.20117655849058388,7.1,0.4656,French,iter_T
Julien_74,Julien,74,0.1894814067593548,9.3,0.567,French,iter_T
Julien_75,Julien,75,0.18756292959406498,8.4,0.5506756756756757,French,iter_T
Julien_76,Julien,76,0.21462189279108967,7.6,0.4825174825174825,French,iter_T
Julien_77,Julien,77,0.19463183115611724,9.1,0.5832471561530507,French,iter_T
Julien_78,Julien,78,0.1894814067593548,9.3,0.567,French,iter_T
Julien_79,Julien,79,0.2149618120139141,8.8,0.5972850678733032,French,iter_T
Julien_8,Julien,8,0.21342057529808864,8.9,0.5769230769230769,French,iter_T
Julien_80,Julien,80,0.2170872899651611,8.6,0.5670945157526255,French,iter_T
Julien_81,Julien,81,0.18185283525285695,8.8,0.5436681222707423,French,iter_T
Julien_82,Julien,82,0.1649131937421386,7.9,0.49144254278728605,French,iter_T
Julien_83,Julien,83,0.19207182808299544,7.1,0.43328100470957615,French,iter_T
Julien_84,Julien,84,0.20767479532144226,8.6,0.5574324324324325,French,iter_T
Julien_85,Julien,85,0.21392413344266797,8.6,0.5701357466063348,French,iter_T
Julien_86,Julien,86,0.20642337999643043,8.8,0.5596755504055619,French,iter_T
Julien_87,Julien,87,0.20216183131026902,8.7,0.5777027027027027,French,iter_T
Julien_88,Julien,88,0.2063545218553269,8.7,0.553072625698324,French,iter_T
Julien_89,Julien,89,0.1784709378995482,8.1,0.4925925925925926,French,iter_T
Julien_9,Julien,9,0.20299684302845553,8.5,0.5570934256055363,French,iter_T
Julien_90,Julien,90,0.18902601539481892,9.1,0.5837669094693028,French,iter_T
Julien_91,Julien,91,0.18004864766927528,8.7,0.5511482254697286,French,iter_T
Julien_92,Julien,92,0.18932977565133907,9,0.5573770491803278,French,iter_T
Julien_93,Julien,93,0.1931092321097717,8.8,0.5791245791245792,French,iter_T
Julien_94,Julien,94,0.21237591632968258,8.6,0.5590277777777778,French,iter_T
Julien_95,Julien,95,0.2162079195413666,7.3,0.4583333333333333,French,iter_T
Julien_96,Julien,96,0.18540529782261347,8.3,0.5408163265306123,French,iter_T
Julien_97,Julien,97,0.189026015394819,9.1,0.5707019328585962,French,iter_T
Julien_98,Julien,98,0.1967842769386004,8.8,0.5737704918032787,French,iter_T
Julien_99,Julien,99,0.19678427693860023,8.8,0.5737704918032787,French,iter_T
Kazuko_1,Kazuko,1,0.23699506464350842,7.9,0.5537848605577689,Japanese,iter_T
Kazuko_10,Kazuko,10,0.2851028396011801,4.9,0.3898916967509025,Japanese,iter_T
Kazuko_100,Kazuko,100,0.30370291730424,6,0.42953020134228187,Japanese,iter_T
Kazuko_11,Kazuko,11,0.3462310780077061,4.2,0.518918918918919,Japanese,iter_T
Kazuko_12,Kazuko,12,0.31514707999964253,5.7,0.5186170212765957,Japanese,iter_T
Kazuko_13,Kazuko,13,0.32353309157540894,5.8,0.48058252427184467,Japanese,iter_T
Kazuko_14,Kazuko,14,0.278187596808249,6.7,0.5155393053016454,Japanese,iter_T
Kazuko_15,Kazuko,15,0.2488257744458007,9,0.5753880266075388,Japanese,iter_T
Kazuko_16,Kazuko,16,0.34841749890053836,4,0.42391304347826086,Japanese,iter_T
Kazuko_17,Kazuko,17,0.25368671443755214,8.2,0.5533596837944664,Japanese,iter_T
Kazuko_18,Kazuko,18,0.2632969469025664,6.5,0.49070631970260226,Japanese,iter_T
Kazuko_19,Kazuko,19,0.1162981967053842,3.3,0.30201342281879195,Japanese,iter_T
Kazuko_2,Kazuko,2,0.29003674827079867,6,0.4485294117647059,Japanese,iter_T
Kazuko_20,Kazuko,20,0.27340072463673437,5.2,0.3565217391304348,Japanese,iter_T
Kazuko_21,Kazuko,21,0.3183197150147307,5.1,0.4221556886227545,Japanese,iter_T
Kazuko_22,Kazuko,22,0.29858676256168576,4.7,0.4828767123287671,Japanese,iter_T
Kazuko_23,Kazuko,23,0.23483348847945384,4.5,0.35555555555555557,Japanese,iter_T
Kazuko_24,Kazuko,24,0.15378002892807957,3.2,0.4846153846153846,Japanese,iter_T
Kazuko_25,Kazuko,25,0.31352163348330503,6.1,0.5497737556561086,Japanese,iter_T
Kazuko_26,Kazuko,26,0.282014506670935,4.4,0.3157894736842105,Japanese,iter_T
Kazuko_27,Kazuko,27,0.2543505659369764,5.7,0.4370860927152318,Japanese,iter_T
Kazuko_28,Kazuko,28,0.30971772145717835,6.3,0.5370370370370371,Japanese,iter_T
Kazuko_29,Kazuko,29,0.28766627792234617,4.6,0.3523809523809524,Japanese,iter_T
Kazuko_3,Kazuko,3,0.3039787619127127,5,0.4271523178807947,Japanese,iter_T
Kazuko_30,Kazuko,30,0.30295854225117125,5.3,0.5353846153846153,Japanese,iter_T
Kazuko_31,Kazuko,31,0.31509226762100206,3.3,0.2874251497005988,Japanese,iter_T
Kazuko_32,Kazuko,32,0.35325989050826956,4.3,0.4485981308411215,Japanese,iter_T
Kazuko_33,Kazuko,33,0.3336025750958839,4.4,0.3722627737226277,Japanese,iter_T
Kazuko_34,Kazuko,34,0.30756576920365397,6.4,0.5230460921843687,Japanese,iter_T
Kazuko_35,Kazuko,35,0.15209144865401292,5.3,0.5095890410958904,Japanese,iter_T
Kazuko_36,Kazuko,36,0.29345556776372783,4,0.45226130653266333,Japanese,iter_T
Kazuko_37,Kazuko,37,0.2952635332293903,7.5,0.5737439222042139,Japanese,iter_T
Kazuko_38,Kazuko,38,0.39335606929830086,3.7,0.40601503759398494,Japanese,iter_T
Kazuko_39,Kazuko,39,0.310033974183099,5.4,0.4097938144329897,Japanese,iter_T
Kazuko_4,Kazuko,4,0.30885693240568246,5,0.4782608695652174,Japanese,iter_T
Kazuko_40,Kazuko,40,0.35964470742578153,4.7,0.4634146341463415,Japanese,iter_T
Kazuko_41,Kazuko,41,0.2631287813479025,4.5,0.5324232081911263,Japanese,iter_T
Kazuko_42,Kazuko,42,0.3534701102729449,4.8,0.4457831325301205,Japanese,iter_T
Kazuko_43,Kazuko,43,0.20772579397509805,6.1,0.35714285714285715,Japanese,iter_T
Kazuko_44,Kazuko,44,0.2780411816306623,6.7,0.5233812949640287,Japanese,iter_T
Kazuko_45,Kazuko,45,0.27870542550936156,6.7,0.5146198830409356,Japanese,iter_T
Kazuko_46,Kazuko,46,0.22298826160391494,6.5,0.5901639344262295,Japanese,iter_T
Kazuko_47,Kazuko,47,0.32901732620370655,5.1,0.4147058823529412,Japanese,iter_T
Kazuko_48,Kazuko,48,0.2403302262415713,7.3,0.49922239502332816,Japanese,iter_T
Kazuko_49,Kazuko,49,0.3091022709350994,6.7,0.4990328820116054,Japanese,iter_T
Kazuko_5,Kazuko,5,0.22436144150540757,3.4,0.23529411764705882,Japanese,iter_T
Kazuko_50,Kazuko,50,0.16867750671734835,3,0.4077669902912621,Japanese,iter_T
Kazuko_51,Kazuko,51,0.3303194270825449,5.4,0.45,Japanese,iter_T
Kazuko_52,Kazuko,52,0.28293097969613673,7.3,0.6020583190394511,Japanese,iter_T
Kazuko_53,Kazuko,53,0.3268382280911071,5.3,0.436046511627907,Japanese,iter_T
Kazuko_54,Kazuko,54,0.3129474668165161,6.2,0.48364485981308414,Japanese,iter_T
Kazuko_55,Kazuko,55,0.2443371270534967,5.6,0.4447058823529412,Japanese,iter_T
Kazuko_56,Kazuko,56,0.35202326557102287,4.8,0.4639175257731959,Japanese,iter_T
Kazuko_57,Kazuko,57,0.2586046659703372,5.1,0.3660477453580902,Japanese,iter_T
Kazuko_58,Kazuko,58,0.25666423908237684,6.7,0.5028901734104047,Japanese,iter_T
Kazuko_59,Kazuko,59,0.12254095854319792,3.1,0.25925925925925924,Japanese,iter_T
Kazuko_6,Kazuko,6,0.1681965543632959,5.7,0.5289855072463768,Japanese,iter_T
Kazuko_60,Kazuko,60,0.32481968314982645,4.4,0.3590733590733591,Japanese,iter_T
Kazuko_61,Kazuko,61,0.32387533327277196,6.1,0.47085201793721976,Japanese,iter_T
Kazuko_62,Kazuko,62,0.29928287285485305,7.4,0.5700483091787439,Japanese,iter_T
Kazuko_63,Kazuko,63,0.2511915549068382,4.8,0.4825174825174825,Japanese,iter_T
Kazuko_64,Kazuko,64,0.3559176382923891,3.5,0.4222222222222222,Japanese,iter_T
Kazuko_65,Kazuko,65,0.24907815555157142,6.7,0.5153970826580226,Japanese,iter_T
Kazuko_66,Kazuko,66,0.11547262366554419,4.4,0.31512605042016806,Japanese,iter_T
Kazuko_67,Kazuko,67,0.302802705940778,5.6,0.5097493036211699,Japanese,iter_T
Kazuko_68,Kazuko,68,0.24053556100615892,6.2,0.4831013916500994,Japanese,iter_T
Kazuko_69,Kazuko,69,0.3277298880372505,5.2,0.39244186046511625,Japanese,iter_T
Kazuko_7,Kazuko,7,0.30221860970936354,4.4,0.3493150684931507,Japanese,iter_T
Kazuko_70,Kazuko,70,0.03721282853093863,2.6,0.2803738317757009,Japanese,iter_T
Kazuko_71,Kazuko,71,0.33553651590427935,5.4,0.45170454545454547,Japanese,iter_T
Kazuko_72,Kazuko,72,0.31891115277584,5.8,0.5238095238095238,Japanese,iter_T
Kazuko_73,Kazuko,73,0.4850922014450033,3.5,0.35294117647058826,Japanese,iter_T
Kazuko_74,Kazuko,74,0.2523856511612736,6.7,0.45869947275922673,Japanese,iter_T
Kazuko_75,Kazuko,75,0.28469784297873296,6.9,0.48194945848375453,Japanese,iter_T
Kazuko_76,Kazuko,76,0.12841880893221283,2.8,0.3564356435643564,Japanese,iter_T
Kazuko_77,Kazuko,77,0.23476161677779303,6.5,0.4685714285714286,Japanese,iter_T
Kazuko_78,Kazuko,78,0.15851566779506843,4.6,0.5512367491166078,Japanese,iter_T
Kazuko_79,Kazuko,79,0.1531542311283898,4.8,0.48175182481751827,Japanese,iter_T
Kazuko_8,Kazuko,8,0.2942121076427505,7.2,0.5473321858864028,Japanese,iter_T
Kazuko_80,Kazuko,80,0.21594060857492203,6.5,0.5613682092555332,Japanese,iter_T
Kazuko_81,Kazuko,81,0.3035729330477696,4.4,0.26277372262773724,Japanese,iter_T
Kazuko_82,Kazuko,82,0.2932707588037884,5.4,0.42857142857142855,Japanese,iter_T
Kazuko_83,Kazuko,83,0.30514353336486266,6.2,0.4673684210526316,Japanese,iter_T
Kazuko_84,Kazuko,84,0.07796899634757698,3.1,0.358974358974359,Japanese,iter_T
Kazuko_85,Kazuko,85,0.3046057844659808,7.7,0.6119631901840491,Japanese,iter_T
Kazuko_86,Kazuko,86,0.3484706803600602,3.4,0.4888888888888889,Japanese,iter_T
Kazuko_87,Kazuko,87,0.2621109821826626,5.5,0.434010152284264,Japanese,iter_T
Kazuko_88,Kazuko,88,0.4437173749110317,4.7,0.5573122529644269,Japanese,iter_T
Kazuko_89,Kazuko,89,0.30754872315675713,5,0.40625,Japanese,iter_T
Kazuko_9,Kazuko,9,0.31356629470304204,4.4,0.5285714285714286,Japanese,iter_T
Kazuko_90,Kazuko,90,0.224857654498356,4.8,0.46153846153846156,Japanese,iter_T
Kazuko_91,Kazuko,91,0.3207290321629637,5.9,0.5179372197309418,Japanese,iter_T
Kazuko_92,Kazuko,92,0.3045098112646693,6.3,0.45436893203883494,Japanese,iter_T
Kazuko_93,Kazuko,93,0.23095159089807354,6.6,0.44021739130434784,Japanese,iter_T
Kazuko_94,Kazuko,94,0.2964314870095553,5.8,0.6407766990291263,Japanese,iter_T
Kazuko_95,Kazuko,95,0.1592214258571014,4.2,0.3984375,Japanese,iter_T
Kazuko_96,Kazuko,96,0.3234003859915745,3.7,0.3202247191011236,Japanese,iter_T
Kazuko_97,Kazuko,97,0.2481967679259174,7.7,0.476123595505618,Japanese,iter_T
Kazuko_98,Kazuko,98,0.33884681876833933,3.8,0.5209580838323353,Japanese,iter_T
Kazuko_99,Kazuko,99,0.2987057750343584,3.8,0.2749003984063745,Japanese,iter_T
Lewis_1,Lewis,1,0.05524694366423667,2.6,0.2459016393442623,UK,iter_T
Lewis_10,Lewis,10,0.04609173585702031,2.1,0.3181818181818182,UK,iter_T
Lewis_100,Lewis,100,0.2078291418360767,3.3,0.43636363636363634,UK,iter_T
Lewis_11,Lewis,11,0.053182772142715745,2.2,0.2926829268292683,UK,iter_T
Lewis_12,Lewis,12,0.17691490874349694,3,0.45,UK,iter_T
Lewis_13,Lewis,13,0.1499958974361649,3.4,0.42391304347826086,UK,iter_T
Lewis_14,Lewis,14,0.1093208830487654,3.6,0.3875,UK,iter_T
Lewis_15,Lewis,15,0.2732033145018052,3.3,0.39204545454545453,UK,iter_T
Lewis_16,Lewis,16,0.0562779603528555,2.4,0.36486486486486486,UK,iter_T
Lewis_17,Lewis,17,0.06369803281539275,2.7,0.3055555555555556,UK,iter_T
Lewis_18,Lewis,18,0.246004997289743,3.5,0.390625,UK,iter_T
Lewis_19,Lewis,19,0.23690487236028293,4.1,0.3322475570032573,UK,iter_T
Lewis_2,Lewis,2,0.24881717903909975,3.6,0.3684210526315789,UK,iter_T
Lewis_20,Lewis,20,0.21925814904814597,4,0.34494773519163763,UK,iter_T
Lewis_21,Lewis,21,0.11756197197123151,3.9,0.36428571428571427,UK,iter_T
Lewis_22,Lewis,22,0.3356692459110846,3.9,0.4383561643835616,UK,iter_T
Lewis_23,Lewis,23,0.2379973466232766,3.9,0.3522727272727273,UK,iter_T
Lewis_24,Lewis,24,0.16938180943908399,4,0.36298932384341637,UK,iter_T
Lewis_25,Lewis,25,0.05761466982127535,2.5,0.23076923076923078,UK,iter_T
Lewis_26,Lewis,26,0.15792007145316764,3.5,0.4009216589861751,UK,iter_T
Lewis_27,Lewis,27,0.05516298174377422,2.7,0.21301775147928995,UK,iter_T
Lewis_28,Lewis,28,0.3425693902584774,4.4,0.4316546762589928,UK,iter_T
Lewis_29,Lewis,29,0.02003988515522622,2.2,0.3181818181818182,UK,iter_T
Lewis_3,Lewis,3,0.04722513919776671,2.3,0.26666666666666666,UK,iter_T
Lewis_30,Lewis,30,0.24787770205812062,3.4,0.3865979381443299,UK,iter_T
Lewis_31,Lewis,31,0.19147133580471806,4.1,0.33762057877813506,UK,iter_T
Lewis_32,Lewis,32,0.22713521918869367,3.5,0.3875598086124402,UK,iter_T
Lewis_33,Lewis,33,0.25351273899645754,3.4,0.38860103626943004,UK,iter_T
Lewis_34,Lewis,34,0.18599428177611757,3.3,0.43636363636363634,UK,iter_T
Lewis_35,Lewis,35,0.06049540331233909,2.5,0.23076923076923078,UK,iter_T
Lewis_36,Lewis,36,0.06011965546567855,2.6,0.21428571428571427,UK,iter_T
Lewis_37,Lewis,37,0.04903376155002161,2.2,0.31343283582089554,UK,iter_T
Lewis_38,Lewis,38,0.07638346161169941,3.5,0.40789473684210525,UK,iter_T
Lewis_39,Lewis,39,0.06086939336281826,2.4,0.24793388429752067,UK,iter_T
Lewis_4,Lewis,4,0.21227574178511696,3.4,0.4044943820224719,UK,iter_T
Lewis_40,Lewis,40,0.06071223271489222,2.7,0.21428571428571427,UK,iter_T
Lewis_41,Lewis,41,0.06322096032824338,2.6,0.2682926829268293,UK,iter_T
Lewis_42,Lewis,42,0.033608557395743976,2.1,0.30434782608695654,UK,iter_T
Lewis_43,Lewis,43,0.05121303984113368,2.2,0.2857142857142857,UK,iter_T
Lewis_44,Lewis,44,0.053182772142715745,2.2,0.2926829268292683,UK,iter_T
Lewis_45,Lewis,45,0.2407448769825905,3.9,0.34962406015037595,UK,iter_T
Lewis_46,Lewis,46,0.28939094621715944,5,0.39893617021276595,UK,iter_T
Lewis_47,Lewis,47,0.18912793977504516,3.2,0.43352601156069365,UK,iter_T
Lewis_48,Lewis,48,0.14793049433321412,3.8,0.3764705882352941,UK,iter_T
Lewis_49,Lewis,49,0.18247705734296607,3.3,0.43636363636363634,UK,iter_T
Lewis_5,Lewis,5,0.2432751562879295,3.8,0.4043478260869565,UK,iter_T
Lewis_50,Lewis,50,0.25558011000964675,2.8,0.4485981308411215,UK,iter_T
Lewis_51,Lewis,51,0.11892561039140974,3.4,0.4117647058823529,UK,iter_T
Lewis_52,Lewis,52,0.15988704167222714,4,0.3547297297297297,UK,iter_T
Lewis_53,Lewis,53,0.22649465784424702,3.8,0.3643724696356275,UK,iter_T
Lewis_54,Lewis,54,0.05761466982127539,2.3,0.27,UK,iter_T
Lewis_55,Lewis,55,0.294733205385349,4.7,0.4161849710982659,UK,iter_T
Lewis_56,Lewis,56,0.14656076753383251,3.8,0.375,UK,iter_T
Lewis_57,Lewis,57,0.04880301443684504,2.7,0.22602739726027396,UK,iter_T
Lewis_58,Lewis,58,0.06136804676345709,2.4,0.29411764705882354,UK,iter_T
Lewis_59,Lewis,59,0.04178212208015029,2.2,0.3620689655172414,UK,iter_T
Lewis_6,Lewis,6,0.2630182993891059,3.4,0.3898305084745763,UK,iter_T
Lewis_60,Lewis,60,0.12326651990282092,3.5,0.4097560975609756,UK,iter_T
Lewis_61,Lewis,61,0.28072017745358163,4.8,0.4495114006514658,UK,iter_T
Lewis_62,Lewis,62,0.19669533367611022,3.8,0.35687732342007433,UK,iter_T
Lewis_63,Lewis,63,0.11292984413648964,3.4,0.4117647058823529,UK,iter_T
Lewis_64,Lewis,64,0.18741416892827692,3.4,0.41116751269035534,UK,iter_T
Lewis_65,Lewis,65,0.20895900587094487,3.4,0.4020618556701031,UK,iter_T
Lewis_66,Lewis,66,0.1890121504400517,3.2,0.43636363636363634,UK,iter_T
Lewis_67,Lewis,67,0.18741416892827686,3.4,0.41116751269035534,UK,iter_T
Lewis_68,Lewis,68,0.15121065054783198,4.4,0.3116883116883117,UK,iter_T
Lewis_69,Lewis,69,0.2685806727053643,3.4,0.3898305084745763,UK,iter_T
Lewis_7,Lewis,7,0.3106087813324312,4.8,0.40828402366863903,UK,iter_T
Lewis_70,Lewis,70,0.21534682152100362,3.7,0.3643724696356275,UK,iter_T
Lewis_71,Lewis,71,0.06019294592450042,2.6,0.2857142857142857,UK,iter_T
Lewis_72,Lewis,72,0.038950762696073504,2.5,0.24770642201834864,UK,iter_T
Lewis_73,Lewis,73,0.12479369740748344,4.1,0.3710247349823322,UK,iter_T
Lewis_74,Lewis,74,0.05842614404411025,2.5,0.24793388429752067,UK,iter_T
Lewis_75,Lewis,75,0.16360424663744655,3.6,0.3870967741935484,UK,iter_T
Lewis_76,Lewis,76,0.15658070435961632,3.3,0.42162162162162165,UK,iter_T
Lewis_77,Lewis,77,0.19308918602940026,3.9,0.3907563025210084,UK,iter_T
Lewis_78,Lewis,78,0.2303108313155588,3.4,0.4482758620689655,UK,iter_T
Lewis_79,Lewis,79,0.047513250783003495,2.4,0.2647058823529412,UK,iter_T
Lewis_8,Lewis,8,0.24090623301531575,3.2,0.44594594594594594,UK,iter_T
Lewis_80,Lewis,80,0.05377369183319036,2.3,0.27,UK,iter_T
Lewis_81,Lewis,81,0.03983654004209258,2.2,0.2926829268292683,UK,iter_T
Lewis_82,Lewis,82,0.056903377601259596,2.6,0.23076923076923078,UK,iter_T
Lewis_83,Lewis,83,0.06322096032824336,2.6,0.2682926829268293,UK,iter_T
Lewis_84,Lewis,84,0.06222567453323664,3.3,0.45454545454545453,UK,iter_T
Lewis_85,Lewis,85,0.042452914605150285,2.3,0.27906976744186046,UK,iter_T
Lewis_86,Lewis,86,0.04321100236595654,2,0.33962264150943394,UK,iter_T
Lewis_87,Lewis,87,0.1470408648404045,3.7,0.39545454545454545,UK,iter_T
Lewis_88,Lewis,88,0.2562609654116742,5.1,0.4097938144329897,UK,iter_T
Lewis_89,Lewis,89,0.2609200389957402,3.8,0.4876847290640394,UK,iter_T
Lewis_9,Lewis,9,0.15575777426267945,3.4,0.42391304347826086,UK,iter_T
Lewis_90,Lewis,90,0.05761466982127539,2.3,0.27,UK,iter_T
Lewis_91,Lewis,91,0.05647801508168341,2.3,0.2926829268292683,UK,iter_T
Lewis_92,Lewis,92,0.05938843235173267,2.5,0.2912621359223301,UK,iter_T
Lewis_93,Lewis,93,0.05237697256479581,2.4,0.2571428571428571,UK,iter_T
Lewis_94,Lewis,94,0.2079894967488195,4.2,0.3282674772036474,UK,iter_T
Lewis_95,Lewis,95,0.15652345319355865,3.4,0.4262295081967213,UK,iter_T
Lewis_96,Lewis,96,0.04903376155002161,2.2,0.31343283582089554,UK,iter_T
Lewis_97,Lewis,97,0.12248572780545311,3.4,0.4117647058823529,UK,iter_T
Lewis_98,Lewis,98,0.20841629718478996,3.1,0.44,UK,iter_T
Lewis_99,Lewis,99,0.15118136972652607,3.5,0.41935483870967744,UK,iter_T
Mira_1,Mira,1,0.28559139209090345,7.1,0.5120772946859904,Finnish,iter_T
Mira_10,Mira,10,0.3101865069978388,6.9,0.539651837524178,Finnish,iter_T
Mira_100,Mira,100,0.3005719882912552,5.2,0.43902439024390244,Finnish,iter_T
Mira_11,Mira,11,0.3110818591960943,7.1,0.5771230502599654,Finnish,iter_T
Mira_12,Mira,12,0.2919858369153112,6.8,0.5137795275590551,Finnish,iter_T
Mira_13,Mira,13,0.2934298707022569,7.7,0.6018808777429467,Finnish,iter_T
Mira_14,Mira,14,0.31225401624758864,6.4,0.5305263157894737,Finnish,iter_T
Mira_15,Mira,15,0.31882017953317543,6.4,0.5214592274678111,Finnish,iter_T
Mira_16,Mira,16,0.34292272729645923,5.3,0.4429530201342282,Finnish,iter_T
Mira_17,Mira,17,0.31190548593599354,6.3,0.5048076923076923,Finnish,iter_T
Mira_18,Mira,18,0.3216006044822875,5.6,0.5079365079365079,Finnish,iter_T
Mira_19,Mira,19,0.27326032612947315,7.9,0.5284090909090909,Finnish,iter_T
Mira_2,Mira,2,0.32077283179969945,6.2,0.48081264108352145,Finnish,iter_T
Mira_20,Mira,20,0.25443842875978323,7.2,0.6252100840336134,Finnish,iter_T
Mira_21,Mira,21,0.27600780844199696,7.4,0.5,Finnish,iter_T
Mira_22,Mira,22,0.31554057799137303,6.4,0.5217391304347826,Finnish,iter_T
Mira_23,Mira,23,0.2660179676058032,8.6,0.5847133757961783,Finnish,iter_T
Mira_24,Mira,24,0.2815637954602332,7.9,0.5501432664756447,Finnish,iter_T
Mira_25,Mira,25,0.367833191531666,4.9,0.5227272727272727,Finnish,iter_T
Mira_26,Mira,26,0.30599662600638106,6.5,0.5949895615866388,Finnish,iter_T
Mira_27,Mira,27,0.3255159762654801,5.8,0.4682926829268293,Finnish,iter_T
Mira_28,Mira,28,0.3146635950340453,7.2,0.5791304347826087,Finnish,iter_T
Mira_29,Mira,29,0.3255061244796706,6.3,0.5436681222707423,Finnish,iter_T
Mira_3,Mira,3,0.3327695680575658,6.3,0.5161290322580645,Finnish,iter_T
Mira_30,Mira,30,0.30748523489226065,6.6,0.5108910891089109,Finnish,iter_T
Mira_31,Mira,31,0.321052005499549,6.3,0.54,Finnish,iter_T
Mira_32,Mira,32,0.2941686853690288,7.4,0.5188679245283019,Finnish,iter_T
Mira_33,Mira,33,0.3130945162398274,6.2,0.4656319290465632,Finnish,iter_T
Mira_34,Mira,34,0.33069493883859147,6.5,0.536779324055666,Finnish,iter_T
Mira_35,Mira,35,0.2872812643849211,7.2,0.544973544973545,Finnish,iter_T
Mira_36,Mira,36,0.31773988157956484,4.5,0.43037974683544306,Finnish,iter_T
Mira_37,Mira,37,0.3480446882532976,5.7,0.4690265486725664,Finnish,iter_T
Mira_38,Mira,38,0.34998570679062185,5.3,0.5205882352941177,Finnish,iter_T
Mira_39,Mira,39,0.32949630060062035,5.7,0.46578947368421053,Finnish,iter_T
Mira_4,Mira,4,0.32575253531664616,5.4,0.518918918918919,Finnish,iter_T
Mira_40,Mira,40,0.2911626532891754,5.3,0.45,Finnish,iter_T
Mira_41,Mira,41,0.27962090675589124,5.5,0.5161290322580645,Finnish,iter_T
Mira_42,Mira,42,0.3841186031136763,3.7,0.4966887417218543,Finnish,iter_T
Mira_43,Mira,43,0.28350662475095517,7,0.5107438016528926,Finnish,iter_T
Mira_44,Mira,44,0.3190709139838134,5.5,0.5284552845528455,Finnish,iter_T
Mira_45,Mira,45,0.3310226452822703,5.4,0.41292134831460675,Finnish,iter_T
Mira_46,Mira,46,0.3127795796434674,6.9,0.5529411764705883,Finnish,iter_T
Mira_47,Mira,47,0.35415261724506936,5.8,0.5140664961636828,Finnish,iter_T
Mira_48,Mira,48,0.3446920268733635,5.1,0.42295081967213116,Finnish,iter_T
Mira_49,Mira,49,0.34726190944682733,5,0.46153846153846156,Finnish,iter_T
Mira_5,Mira,5,0.2858052961923641,7.9,0.5619718309859155,Finnish,iter_T
Mira_50,Mira,50,0.31113656268442025,6.9,0.5931558935361216,Finnish,iter_T
Mira_51,Mira,51,0.2907345685282348,7.4,0.5659432387312187,Finnish,iter_T
Mira_52,Mira,52,0.3257734092255155,6.6,0.5113636363636364,Finnish,iter_T
Mira_53,Mira,53,0.31865506131710614,6.4,0.56875,Finnish,iter_T
Mira_54,Mira,54,0.301939952154302,6.8,0.5229357798165137,Finnish,iter_T
Mira_55,Mira,55,0.32881847651609003,6.3,0.4888392857142857,Finnish,iter_T
Mira_56,Mira,56,0.3530677652870235,5.7,0.45689655172413796,Finnish,iter_T
Mira_57,Mira,57,0.360930858521798,5.1,0.46601941747572817,Finnish,iter_T
Mira_58,Mira,58,0.31828994118315584,5.7,0.4854111405835544,Finnish,iter_T
Mira_59,Mira,59,0.30484122090894367,6.4,0.572961373390558,Finnish,iter_T
Mira_6,Mira,6,0.2870002715478605,7.4,0.5822981366459627,Finnish,iter_T
Mira_60,Mira,60,0.33566343352648054,6.1,0.5616438356164384,Finnish,iter_T
Mira_61,Mira,61,0.33694111083309186,5.9,0.4882075471698113,Finnish,iter_T
Mira_62,Mira,62,0.32236821457060705,4.6,0.3774193548387097,Finnish,iter_T
Mira_63,Mira,63,0.29090509962053257,6.7,0.5488454706927176,Finnish,iter_T
Mira_64,Mira,64,0.30880567285852084,4.4,0.41064638783269963,Finnish,iter_T
Mira_65,Mira,65,0.3643827937718525,5.3,0.4090909090909091,Finnish,iter_T
Mira_66,Mira,66,0.3185663777958214,5.6,0.4962962962962963,Finnish,iter_T
Mira_67,Mira,67,0.39774325663393667,5,0.42700729927007297,Finnish,iter_T
Mira_68,Mira,68,0.2965276309333206,7.3,0.5597381342062193,Finnish,iter_T
Mira_69,Mira,69,0.28581129096451896,6.8,0.492619926199262,Finnish,iter_T
Mira_7,Mira,7,0.303460312078119,6.4,0.4567901234567901,Finnish,iter_T
Mira_70,Mira,70,0.2685990214192979,6.8,0.42702702702702705,Finnish,iter_T
Mira_71,Mira,71,0.33098303048076066,6.3,0.5302013422818792,Finnish,iter_T
Mira_72,Mira,72,0.2909436581838045,7,0.5284974093264249,Finnish,iter_T
Mira_73,Mira,73,0.412554261159392,5.2,0.5257731958762887,Finnish,iter_T
Mira_74,Mira,74,0.33866335694319705,5.1,0.4,Finnish,iter_T
Mira_75,Mira,75,0.3311230248330232,5.4,0.3791208791208791,Finnish,iter_T
Mira_76,Mira,76,0.31343926644475467,6.5,0.5316455696202531,Finnish,iter_T
Mira_77,Mira,77,0.361972648148869,5.2,0.4816053511705686,Finnish,iter_T
Mira_78,Mira,78,0.31979877234814674,6.7,0.5389221556886228,Finnish,iter_T
Mira_79,Mira,79,0.3153565590092377,6,0.5427872860635696,Finnish,iter_T
Mira_8,Mira,8,0.3314025982455532,4.3,0.319672131147541,Finnish,iter_T
Mira_80,Mira,80,0.33125617321669426,6.1,0.5485327313769752,Finnish,iter_T
Mira_81,Mira,81,0.32310316180780696,7,0.5827338129496403,Finnish,iter_T
Mira_82,Mira,82,0.22820620793331695,6.3,0.5040485829959515,Finnish,iter_T
Mira_83,Mira,83,0.41718731381482094,4.2,0.4046511627906977,Finnish,iter_T
Mira_84,Mira,84,0.27881274578742804,5.9,0.4431818181818182,Finnish,iter_T
Mira_85,Mira,85,0.335873877165047,5.6,0.5089285714285714,Finnish,iter_T
Mira_86,Mira,86,0.31039245733182247,5.7,0.465,Finnish,iter_T
Mira_87,Mira,87,0.2959823005175881,6.8,0.5857988165680473,Finnish,iter_T
Mira_88,Mira,88,0.4061079336609584,5,0.5698924731182796,Finnish,iter_T
Mira_89,Mira,89,0.31179602160406616,4.1,0.4864864864864865,Finnish,iter_T
Mira_9,Mira,9,0.3143805026951157,6.4,0.529045643153527,Finnish,iter_T
Mira_90,Mira,90,0.3397107225063527,5.5,0.5845272206303725,Finnish,iter_T
Mira_91,Mira,91,0.32885540308724526,6.3,0.5748898678414097,Finnish,iter_T
Mira_92,Mira,92,0.34205766836558793,4.8,0.3958333333333333,Finnish,iter_T
Mira_93,Mira,93,0.2716756798302583,8.4,0.6022443890274314,Finnish,iter_T
Mira_94,Mira,94,0.27808225485747895,7.7,0.5254491017964071,Finnish,iter_T
Mira_95,Mira,95,0.3462256533481233,5.6,0.477088948787062,Finnish,iter_T
Mira_96,Mira,96,0.3480963252342218,5.5,0.4690265486725664,Finnish,iter_T
Mira_97,Mira,97,0.33868090105841886,5,0.38764044943820225,Finnish,iter_T
Mira_98,Mira,98,0.3104845263174247,6.5,0.5199203187250996,Finnish,iter_T
Mira_99,Mira,99,0.34895917692319867,5.2,0.5102639296187683,Finnish,iter_T
Patrick_1,Patrick,1,0.10333265767153205,7.9,0.5665859564164649,UK,iter_T
Patrick_10,Patrick,10,0.12204749647986086,7.1,0.5416666666666666,UK,iter_T
Patrick_100,Patrick,100,0.13367398381872683,9.2,0.6138996138996139,UK,iter_T
Patrick_11,Patrick,11,0.15059364227330232,9.1,0.6237911025145068,UK,iter_T
Patrick_12,Patrick,12,0.15871059008413757,9.6,0.6323119777158774,UK,iter_T
Patrick_13,Patrick,13,0.14529537327859354,7,0.6828193832599119,UK,iter_T
Patrick_14,Patrick,14,0.15543046993530205,9,0.6160990712074303,UK,iter_T
Patrick_15,Patrick,15,0.12073082593342924,9.5,0.594876660341556,UK,iter_T
Patrick_16,Patrick,16,0.15682637287574216,9.4,0.6450999048525214,UK,iter_T
Patrick_17,Patrick,17,0.14646166625682794,9.1,0.6237911025145068,UK,iter_T
Patrick_18,Patrick,18,0.15707035803551608,8.9,0.652452025586354,UK,iter_T
Patrick_19,Patrick,19,0.11250892622658235,7,0.5416666666666666,UK,iter_T
Patrick_2,Patrick,2,0.11035647034062755,8.3,0.5457589285714286,UK,iter_T
Patrick_20,Patrick,20,0.1275947453904261,7.1,0.6158357771260997,UK,iter_T
Patrick_21,Patrick,21,0.1614281922827971,7,0.6366559485530546,UK,iter_T
Patrick_22,Patrick,22,0.13436064390972416,8.5,0.6557377049180327,UK,iter_T
Patrick_23,Patrick,23,0.10160865386612089,6.6,0.5669291338582677,UK,iter_T
Patrick_24,Patrick,24,0.16041140930537015,10,0.6191709844559585,UK,iter_T
Patrick_25,Patrick,25,0.1554498561993255,8.6,0.5843307943416758,UK,iter_T
Patrick_26,Patrick,26,0.1610125845502739,9.2,0.6292246520874751,UK,iter_T
Patrick_27,Patrick,27,0.0926545177613598,7.1,0.5416666666666666,UK,iter_T
Patrick_28,Patrick,28,0.1195216563942827,9.3,0.5795148247978437,UK,iter_T
Patrick_29,Patrick,29,0.12145367104590062,7.8,0.5306603773584906,UK,iter_T
Patrick_3,Patrick,3,0.10799052295977862,7.1,0.5416666666666666,UK,iter_T
Patrick_30,Patrick,30,0.148258029084975,9.8,0.6101694915254238,UK,iter_T
Patrick_31,Patrick,31,0.11998131332744418,9,0.5211267605633803,UK,iter_T
Patrick_32,Patrick,32,0.13250021140319976,8.2,0.576271186440678,UK,iter_T
Patrick_33,Patrick,33,0.09957933517191692,7.6,0.5185185185185185,UK,iter_T
Patrick_34,Patrick,34,0.12018076391994505,8.4,0.5362776025236593,UK,iter_T
Patrick_35,Patrick,35,0.13396135634799292,7.8,0.5689001264222503,UK,iter_T
Patrick_36,Patrick,36,0.13033432219410127,10,0.589873417721519,UK,iter_T
Patrick_37,Patrick,37,0.10702737082398289,8.9,0.5243296921549155,UK,iter_T
Patrick_38,Patrick,38,0.14380651110995352,7,0.5541984732824428,UK,iter_T
Patrick_39,Patrick,39,0.14320786986416398,8.3,0.626410835214447,UK,iter_T
Patrick_4,Patrick,4,0.11015687752626677,7.6,0.6538461538461539,UK,iter_T
Patrick_40,Patrick,40,0.11084662621684792,8.9,0.5243296921549155,UK,iter_T
Patrick_41,Patrick,41,0.14493546456667047,7.8,0.6023316062176166,UK,iter_T
Patrick_42,Patrick,42,0.16170499684587053,10.1,0.5906735751295337,UK,iter_T
Patrick_43,Patrick,43,0.12926875319058168,7,0.6828193832599119,UK,iter_T
Patrick_44,Patrick,44,0.1304469739898118,9.9,0.6010452961672473,UK,iter_T
Patrick_45,Patrick,45,0.13462701527607288,7.5,0.5716162943495401,UK,iter_T
Patrick_46,Patrick,46,0.13549513188668483,8.7,0.5246913580246914,UK,iter_T
Patrick_47,Patrick,47,0.13973146123101068,8.6,0.5240585774058577,UK,iter_T
Patrick_48,Patrick,48,0.11614665081581033,7.5,0.5769230769230769,UK,iter_T
Patrick_49,Patrick,49,0.14538966784859245,8.7,0.6560509554140127,UK,iter_T
Patrick_5,Patrick,5,0.1276739920389509,6.9,0.5882352941176471,UK,iter_T
Patrick_50,Patrick,50,0.14568051591267844,7.9,0.5428571428571428,UK,iter_T
Patrick_51,Patrick,51,0.11968022289302949,9.1,0.6112759643916914,UK,iter_T
Patrick_52,Patrick,52,0.10730331567047127,7.3,0.5932203389830508,UK,iter_T
Patrick_53,Patrick,53,0.14184109113777155,7.4,0.5518672199170125,UK,iter_T
Patrick_54,Patrick,54,0.1314549399662108,8.2,0.5679442508710801,UK,iter_T
Patrick_55,Patrick,55,0.12310622290297321,9.5,0.5989352262644189,UK,iter_T
Patrick_56,Patrick,56,0.1708665394154729,10.4,0.5995106035889071,UK,iter_T
Patrick_57,Patrick,57,0.12982020706645264,8,0.662962962962963,UK,iter_T
Patrick_58,Patrick,58,0.13623795678555398,8.4,0.5751121076233184,UK,iter_T
Patrick_59,Patrick,59,0.1442256791705317,8,0.6171003717472119,UK,iter_T
Patrick_6,Patrick,6,0.15875070399663455,8.6,0.6382978723404256,UK,iter_T
Patrick_60,Patrick,60,0.12484191034729615,8.5,0.5720338983050848,UK,iter_T
Patrick_61,Patrick,61,0.13837605882024825,8.5,0.5252416756176155,UK,iter_T
Patrick_62,Patrick,62,0.1497758304690573,8.1,0.588957055214724,UK,iter_T
Patrick_63,Patrick,63,0.12992998095448516,8.1,0.6271186440677966,UK,iter_T
Patrick_64,Patrick,64,0.10980891519082558,7.9,0.5665859564164649,UK,iter_T
Patrick_65,Patrick,65,0.1224199898203371,8,0.4972375690607735,UK,iter_T
Patrick_66,Patrick,66,0.15294267460571057,8.8,0.6223404255319149,UK,iter_T
Patrick_67,Patrick,67,0.12961767410071415,8.6,0.6368534482758621,UK,iter_T
Patrick_68,Patrick,68,0.12593527481729658,7.7,0.6530089628681178,UK,iter_T
Patrick_69,Patrick,69,0.10781391214269367,7.9,0.5516014234875445,UK,iter_T
Patrick_7,Patrick,7,0.1430847917946576,7.8,0.6103575832305795,UK,iter_T
Patrick_70,Patrick,70,0.13823883553884858,8.5,0.5069967707212056,UK,iter_T
Patrick_71,Patrick,71,0.14344028843997533,9.3,0.6259615384615385,UK,iter_T
Patrick_72,Patrick,72,0.1600097999097081,9.2,0.6285714285714286,UK,iter_T
Patrick_73,Patrick,73,0.10783568364584564,6.6,0.5669291338582677,UK,iter_T
Patrick_74,Patrick,74,0.08658171782199714,5.6,0.46247464503042596,UK,iter_T
Patrick_75,Patrick,75,0.13835497773310967,7.8,0.5480769230769231,UK,iter_T
Patrick_76,Patrick,76,0.12339017356268851,7.4,0.5670241286863271,UK,iter_T
Patrick_77,Patrick,77,0.14897285856061399,7.9,0.480440097799511,UK,iter_T
Patrick_78,Patrick,78,0.11301673778936194,8.2,0.6271186440677966,UK,iter_T
Patrick_79,Patrick,79,0.1467218581769054,9.6,0.6376404494382022,UK,iter_T
Patrick_8,Patrick,8,0.14763662462112295,10.3,0.5714285714285714,UK,iter_T
Patrick_80,Patrick,80,0.11790893768010001,8.7,0.6024096385542169,UK,iter_T
Patrick_81,Patrick,81,0.11393452472567676,8.9,0.5243296921549155,UK,iter_T
Patrick_82,Patrick,82,0.1357529859552289,8.6,0.6381578947368421,UK,iter_T
Patrick_83,Patrick,83,0.1240509757900434,7.8,0.5917085427135679,UK,iter_T
Patrick_84,Patrick,84,0.14816322073538035,8,0.622991347342398,UK,iter_T
Patrick_85,Patrick,85,0.15685169979578825,8.5,0.655373831775701,UK,iter_T
Patrick_86,Patrick,86,0.13937607135666322,8.5,0.6387959866220736,UK,iter_T
Patrick_87,Patrick,87,0.12381286792559679,8,0.5689655172413793,UK,iter_T
Patrick_88,Patrick,88,0.1610653222804092,9.3,0.59375,UK,iter_T
Patrick_89,Patrick,89,0.14688228998466676,7.5,0.6050069541029207,UK,iter_T
Patrick_9,Patrick,9,0.11080320874134576,7.5,0.5185185185185185,UK,iter_T
Patrick_90,Patrick,90,0.11016676961998394,7.4,0.4979757085020243,UK,iter_T
Patrick_91,Patrick,91,0.12260893865298247,7,0.5416666666666666,UK,iter_T
Patrick_92,Patrick,92,0.1343613803958488,6.8,0.5737439222042139,UK,iter_T
Patrick_93,Patrick,93,0.1315178461610853,9.9,0.5912596401028277,UK,iter_T
Patrick_94,Patrick,94,0.1680453859362986,8.9,0.6486486486486487,UK,iter_T
Patrick_95,Patrick,95,0.07946559639272147,6.3,0.42038216560509556,UK,iter_T
Patrick_96,Patrick,96,0.13424271152643516,7.2,0.5537190082644629,UK,iter_T
Patrick_97,Patrick,97,0.11726836523117906,8,0.63375,UK,iter_T
Patrick_98,Patrick,98,0.12795774793036874,8.4,0.6308724832214765,UK,iter_T
Patrick_99,Patrick,99,0.1547250321279151,8.8,0.6652314316469322,UK,iter_T
Rachel_1,Rachel,1,0.2529009109228734,5.8,0.6266666666666667,UK,iter_T
Rachel_10,Rachel,10,0.2006245423217974,4.8,0.5344827586206896,UK,iter_T
Rachel_100,Rachel,100,0.2438305458019775,5,0.5658682634730539,UK,iter_T
Rachel_11,Rachel,11,0.2716277626364771,5.4,0.550251256281407,UK,iter_T
Rachel_12,Rachel,12,0.20154200361389207,7.5,0.6804564907275321,UK,iter_T
Rachel_13,Rachel,13,0.2083356623603891,7.8,0.6425755584756899,UK,iter_T
Rachel_14,Rachel,14,0.2515377373083792,6.6,0.696526508226691,UK,iter_T
Rachel_15,Rachel,15,0.25276253564698403,5.3,0.5461741424802111,UK,iter_T
Rachel_16,Rachel,16,0.2579056201494728,5.5,0.7097560975609756,UK,iter_T
Rachel_17,Rachel,17,0.21767217175503528,7.8,0.645326504481434,UK,iter_T
Rachel_18,Rachel,18,0.26946123826258217,5.9,0.582995951417004,UK,iter_T
Rachel_19,Rachel,19,0.27651865651507,6.6,0.6762075134168157,UK,iter_T
Rachel_2,Rachel,2,0.1976375083656733,5.6,0.6413793103448275,UK,iter_T
Rachel_20,Rachel,20,0.24086752442409817,4.2,0.609375,UK,iter_T
Rachel_21,Rachel,21,0.2780944846556597,5.4,0.60431654676259,UK,iter_T
Rachel_22,Rachel,22,0.2244802899387373,6.6,0.6811091854419411,UK,iter_T
Rachel_23,Rachel,23,0.2278006607778664,7.3,0.6743119266055045,UK,iter_T
Rachel_24,Rachel,24,0.2675396234037319,6.2,0.6842105263157895,UK,iter_T
Rachel_25,Rachel,25,0.22576221839177119,6.3,0.6940298507462687,UK,iter_T
Rachel_26,Rachel,26,0.26713721211551633,5.9,0.6113445378151261,UK,iter_T
Rachel_27,Rachel,27,0.20728696861143056,6.3,0.6252390057361377,UK,iter_T
Rachel_28,Rachel,28,0.20454543356348942,7.9,0.6547619047619048,UK,iter_T
Rachel_29,Rachel,29,0.25036439367712576,5.7,0.5226244343891403,UK,iter_T
Rachel_3,Rachel,3,0.2510346127038339,5.5,0.6255924170616114,UK,iter_T
Rachel_30,Rachel,30,0.19174954916110312,6.1,0.6244897959183674,UK,iter_T
Rachel_31,Rachel,31,0.23042417036993848,7.1,0.5699088145896657,UK,iter_T
Rachel_32,Rachel,32,0.286769992476075,5.8,0.6274509803921569,UK,iter_T
Rachel_33,Rachel,33,0.20926229855398187,6.2,0.7202380952380952,UK,iter_T
Rachel_34,Rachel,34,0.17569512085636477,7.2,0.5800604229607251,UK,iter_T
Rachel_35,Rachel,35,0.20405757664697807,7.1,0.6616989567809239,UK,iter_T
Rachel_36,Rachel,36,0.21112915111642208,7.9,0.659846547314578,UK,iter_T
Rachel_37,Rachel,37,0.20131711654856035,5.8,0.6239495798319328,UK,iter_T
Rachel_38,Rachel,38,0.2338434013656189,7.2,0.6666666666666666,UK,iter_T
Rachel_39,Rachel,39,0.20483875320335576,5.4,0.6502463054187192,UK,iter_T
Rachel_4,Rachel,4,0.18457119692428595,3.6,0.5,UK,iter_T
Rachel_40,Rachel,40,0.19324729210375005,7.3,0.6691616766467066,UK,iter_T
Rachel_41,Rachel,41,0.24181103432717116,7.1,0.6469719350073855,UK,iter_T
Rachel_42,Rachel,42,0.19153425243744054,6.9,0.7080745341614907,UK,iter_T
Rachel_43,Rachel,43,0.2061348849429872,4.3,0.5551601423487544,UK,iter_T
Rachel_44,Rachel,44,0.2086220459161177,5.7,0.5298165137614679,UK,iter_T
Rachel_45,Rachel,45,0.2012957133498052,4.6,0.5544554455445545,UK,iter_T
Rachel_46,Rachel,46,0.1895797365975914,5.8,0.5928853754940712,UK,iter_T
Rachel_47,Rachel,47,0.2029198754234916,4,0.5529411764705883,UK,iter_T
Rachel_48,Rachel,48,0.20185154397361757,7.9,0.6604774535809018,UK,iter_T
Rachel_49,Rachel,49,0.19708971937807457,4.9,0.6774193548387096,UK,iter_T
Rachel_5,Rachel,5,0.25811931149932593,5.2,0.5660377358490566,UK,iter_T
Rachel_50,Rachel,50,0.29642418782167185,5.2,0.656,UK,iter_T
Rachel_51,Rachel,51,0.2590610999057337,5,0.5446685878962536,UK,iter_T
Rachel_52,Rachel,52,0.20646867863182528,5.6,0.6581986143187067,UK,iter_T
Rachel_53,Rachel,53,0.19253538091404981,5.4,0.6537530266343826,UK,iter_T
Rachel_54,Rachel,54,0.2700173039532312,6.5,0.6054054054054054,UK,iter_T
Rachel_55,Rachel,55,0.30177700439946564,4.2,0.5950413223140496,UK,iter_T
Rachel_56,Rachel,56,0.2575402668662798,6,0.6973947895791583,UK,iter_T
Rachel_57,Rachel,57,0.19967105045778857,5.4,0.6464891041162227,UK,iter_T
Rachel_58,Rachel,58,0.17516424900065355,4.3,0.5830388692579506,UK,iter_T
Rachel_59,Rachel,59,0.24293494899603665,5.7,0.6267605633802817,UK,iter_T
Rachel_6,Rachel,6,0.19189285854915675,6.3,0.6077348066298343,UK,iter_T
Rachel_60,Rachel,60,0.19105353197876,5.5,0.6403712296983759,UK,iter_T
Rachel_61,Rachel,61,0.19524663747869977,6,0.615234375,UK,iter_T
Rachel_62,Rachel,62,0.21305765370571858,5,0.6666666666666666,UK,iter_T
Rachel_63,Rachel,63,0.2682313950218654,5.5,0.6346153846153846,UK,iter_T
Rachel_64,Rachel,64,0.2526399115445282,5.8,0.7284768211920529,UK,iter_T
Rachel_65,Rachel,65,0.24846553543292532,5.5,0.6439024390243903,UK,iter_T
Rachel_66,Rachel,66,0.19505258951543272,5.6,0.5188470066518847,UK,iter_T
Rachel_67,Rachel,67,0.22454970656886017,5.6,0.651270207852194,UK,iter_T
Rachel_68,Rachel,68,0.26061439061546915,5.5,0.5217391304347826,UK,iter_T
Rachel_69,Rachel,69,0.15705761768484408,5.8,0.5286343612334802,UK,iter_T
Rachel_7,Rachel,7,0.2472967796133137,5.2,0.6497326203208557,UK,iter_T
Rachel_70,Rachel,70,0.23575804700678069,5.5,0.6142857142857143,UK,iter_T
Rachel_71,Rachel,71,0.2203968555290749,5.8,0.5386363636363637,UK,iter_T
Rachel_72,Rachel,72,0.19599660264721433,5.3,0.5426356589147286,UK,iter_T
Rachel_73,Rachel,73,0.19981607661625894,7.1,0.5933014354066986,UK,iter_T
Rachel_74,Rachel,74,0.26573149905278565,6.7,0.5775127768313458,UK,iter_T
Rachel_75,Rachel,75,0.18864293635602922,5.5,0.6413793103448275,UK,iter_T
Rachel_76,Rachel,76,0.2943272132248754,5.9,0.6193548387096774,UK,iter_T
Rachel_77,Rachel,77,0.25804389808410366,5.3,0.6657754010695187,UK,iter_T
Rachel_78,Rachel,78,0.25080954991814153,5.4,0.6439024390243903,UK,iter_T
Rachel_79,Rachel,79,0.22950154806302844,6.4,0.5804701627486437,UK,iter_T
Rachel_8,Rachel,8,0.1880248235819514,6.6,0.6217616580310881,UK,iter_T
Rachel_80,Rachel,80,0.23604810922878905,4.7,0.5419354838709678,UK,iter_T
Rachel_81,Rachel,81,0.1760446038497282,5.1,0.5240506329113924,UK,iter_T
Rachel_82,Rachel,82,0.24295632067757597,5.5,0.6484560570071259,UK,iter_T
Rachel_83,Rachel,83,0.2384377222575838,5.1,0.6648648648648648,UK,iter_T
Rachel_84,Rachel,84,0.19993245049672442,4.7,0.5705521472392638,UK,iter_T
Rachel_85,Rachel,85,0.24644565162649815,5.4,0.6280788177339901,UK,iter_T
Rachel_86,Rachel,86,0.21639947643426888,7.3,0.5891238670694864,UK,iter_T
Rachel_87,Rachel,87,0.21452657098016326,6.1,0.7021276595744681,UK,iter_T
Rachel_88,Rachel,88,0.20104251319088512,5.8,0.5126582278481012,UK,iter_T
Rachel_89,Rachel,89,0.2864886869791676,5.5,0.6234718826405868,UK,iter_T
Rachel_9,Rachel,9,0.18791559122069748,4,0.481651376146789,UK,iter_T
Rachel_90,Rachel,90,0.25549906030581987,6.4,0.6216730038022814,UK,iter_T
Rachel_91,Rachel,91,0.20027495708635884,5,0.6666666666666666,UK,iter_T
Rachel_92,Rachel,92,0.2531378426973276,5.2,0.5594594594594594,UK,iter_T
Rachel_93,Rachel,93,0.24742773774179833,6.5,0.5967153284671532,UK,iter_T
Rachel_94,Rachel,94,0.2592482540214502,4,0.5689655172413793,UK,iter_T
Rachel_95,Rachel,95,0.25649705635464337,5.3,0.6467532467532467,UK,iter_T
Rachel_96,Rachel,96,0.20380177518974626,6.1,0.6172839506172839,UK,iter_T
Rachel_97,Rachel,97,0.20083749667743508,6,0.5225409836065574,UK,iter_T
Rachel_98,Rachel,98,0.19005134492027526,6.1,0.6193181818181818,UK,iter_T
Rachel_99,Rachel,99,0.2071283081423454,6.8,0.6090604026845637,UK,iter_T
Radia_1,Radia,1,0.3425473848231359,5.9,0.6473317865429234,Urdu,iter_T
Radia_10,Radia,10,0.36532053887030214,5.7,0.5880893300248139,Urdu,iter_T
Radia_100,Radia,100,0.2657257612245004,6.9,0.7318255250403877,Urdu,iter_T
Radia_11,Radia,11,0.38414992430751244,6.6,0.7096153846153846,Urdu,iter_T
Radia_12,Radia,12,0.34353968686842895,6.5,0.6454183266932271,Urdu,iter_T
Radia_13,Radia,13,0.34827194746974827,6.2,0.6133333333333333,Urdu,iter_T
Radia_14,Radia,14,0.41776912841357744,4.3,0.5625,Urdu,iter_T
Radia_15,Radia,15,0.33616527122613626,6.8,0.6672794117647058,Urdu,iter_T
Radia_16,Radia,16,0.3377705429883162,7.5,0.7348703170028819,Urdu,iter_T
Radia_17,Radia,17,0.35267318547817283,5.1,0.624633431085044,Urdu,iter_T
Radia_18,Radia,18,0.34463282794537825,5.9,0.644927536231884,Urdu,iter_T
Radia_19,Radia,19,0.30374686978496795,7.7,0.66189111747851,Urdu,iter_T
Radia_2,Radia,2,0.39375920735701986,5.8,0.5918918918918918,Urdu,iter_T
Radia_20,Radia,20,0.35511022544985726,6.8,0.6777583187390543,Urdu,iter_T
Radia_21,Radia,21,0.32762512371463265,6.7,0.5680473372781065,Urdu,iter_T
Radia_22,Radia,22,0.35900182756586957,6.6,0.6628571428571428,Urdu,iter_T
Radia_23,Radia,23,0.3563338733267314,4.4,0.5859375,Urdu,iter_T
Radia_24,Radia,24,0.31901306970722254,5.3,0.6103151862464183,Urdu,iter_T
Radia_25,Radia,25,0.37745356189959384,4.6,0.5869565217391305,Urdu,iter_T
Radia_26,Radia,26,0.3073646718860873,8.3,0.7187894073139974,Urdu,iter_T
Radia_27,Radia,27,0.4091867020821296,5.2,0.601823708206687,Urdu,iter_T
Radia_28,Radia,28,0.3264909642682747,6.1,0.714867617107943,Urdu,iter_T
Radia_29,Radia,29,0.36857502803215764,5.1,0.6151419558359621,Urdu,iter_T
Radia_3,Radia,3,0.3377371624178117,7.5,0.6940298507462687,Urdu,iter_T
Radia_30,Radia,30,0.2713878890572859,7.6,0.7148760330578512,Urdu,iter_T
Radia_31,Radia,31,0.41770446934162664,5.3,0.6216216216216216,Urdu,iter_T
Radia_32,Radia,32,0.4102021001619611,5,0.5818181818181818,Urdu,iter_T
Radia_33,Radia,33,0.3322438508385231,7.5,0.717008797653959,Urdu,iter_T
Radia_34,Radia,34,0.34973349524411773,5.6,0.6508728179551122,Urdu,iter_T
Radia_35,Radia,35,0.30519506743490704,7.5,0.6677115987460815,Urdu,iter_T
Radia_36,Radia,36,0.31753737894219747,6.5,0.7106690777576854,Urdu,iter_T
Radia_37,Radia,37,0.38229399653624235,5.2,0.5169230769230769,Urdu,iter_T
Radia_38,Radia,38,0.34606326238543667,6.5,0.6570247933884298,Urdu,iter_T
Radia_39,Radia,39,0.3779674415150127,5.7,0.6624365482233503,Urdu,iter_T
Radia_4,Radia,4,0.3611924662346454,6.3,0.6645569620253164,Urdu,iter_T
Radia_40,Radia,40,0.40216072054418606,4.7,0.6827586206896552,Urdu,iter_T
Radia_41,Radia,41,0.35034520809716974,6.5,0.6178217821782178,Urdu,iter_T
Radia_42,Radia,42,0.36838534995619865,6.1,0.6507592190889371,Urdu,iter_T
Radia_43,Radia,43,0.3714213570349463,5.7,0.6508728179551122,Urdu,iter_T
Radia_44,Radia,44,0.39798570722243964,4.2,0.5223214285714286,Urdu,iter_T
Radia_45,Radia,45,0.3720427620864074,5.9,0.6827586206896552,Urdu,iter_T
Radia_46,Radia,46,0.3511901191691502,5.1,0.6434782608695652,Urdu,iter_T
Radia_47,Radia,47,0.39224545709040337,4.4,0.5344129554655871,Urdu,iter_T
Radia_48,Radia,48,0.368429707473483,6.3,0.666,Urdu,iter_T
Radia_49,Radia,49,0.3389086350663932,4.6,0.6338028169014085,Urdu,iter_T
Radia_5,Radia,5,0.4056880163561096,5.7,0.5967741935483871,Urdu,iter_T
Radia_50,Radia,50,0.3192052960213368,5,0.6627906976744186,Urdu,iter_T
Radia_51,Radia,51,0.34557700175307443,4.9,0.5574324324324325,Urdu,iter_T
Radia_52,Radia,52,0.3496589042494507,4.9,0.5787781350482315,Urdu,iter_T
Radia_53,Radia,53,0.3477996193540447,5.8,0.5833333333333334,Urdu,iter_T
Radia_54,Radia,54,0.34558452266861706,5.8,0.7079439252336449,Urdu,iter_T
Radia_55,Radia,55,0.28389372672106616,6.4,0.7277777777777777,Urdu,iter_T
Radia_56,Radia,56,0.3567320369914087,6.1,0.6880165289256198,Urdu,iter_T
Radia_57,Radia,57,0.3567556507451318,6.7,0.6709090909090909,Urdu,iter_T
Radia_58,Radia,58,0.3323343169148928,5.5,0.7342657342657343,Urdu,iter_T
Radia_59,Radia,59,0.39470938529802135,4.2,0.5617021276595745,Urdu,iter_T
Radia_6,Radia,6,0.3946276361108816,5,0.527027027027027,Urdu,iter_T
Radia_60,Radia,60,0.32814224251459634,5.8,0.6442953020134228,Urdu,iter_T
Radia_61,Radia,61,0.30862882393792723,8.1,0.7283464566929134,Urdu,iter_T
Radia_62,Radia,62,0.42399849095694503,4.5,0.5301724137931034,Urdu,iter_T
Radia_63,Radia,63,0.31338234553577005,7,0.6825688073394496,Urdu,iter_T
Radia_64,Radia,64,0.35421303065069226,6.8,0.689119170984456,Urdu,iter_T
Radia_65,Radia,65,0.37965012278519944,5.3,0.588957055214724,Urdu,iter_T
Radia_66,Radia,66,0.3684412279167752,5.6,0.6,Urdu,iter_T
Radia_67,Radia,67,0.32389185355409317,6.8,0.6208791208791209,Urdu,iter_T
Radia_68,Radia,68,0.333305817043266,6.9,0.6574585635359116,Urdu,iter_T
Radia_69,Radia,69,0.3613947773773072,6.1,0.6923076923076923,Urdu,iter_T
Radia_7,Radia,7,0.33604060122206936,7.1,0.6699507389162561,Urdu,iter_T
Radia_70,Radia,70,0.33065358286315055,6.4,0.7045871559633028,Urdu,iter_T
Radia_71,Radia,71,0.3726244477859757,5.9,0.6704288939051919,Urdu,iter_T
Radia_72,Radia,72,0.40033239943404364,5.3,0.5607476635514018,Urdu,iter_T
Radia_73,Radia,73,0.38545544177288055,5.8,0.6490384615384616,Urdu,iter_T
Radia_74,Radia,74,0.3478667015918174,6.8,0.6897810218978102,Urdu,iter_T
Radia_75,Radia,75,0.3515597098040598,6.4,0.6328125,Urdu,iter_T
Radia_76,Radia,76,0.4002572633325595,5.8,0.6785714285714286,Urdu,iter_T
Radia_77,Radia,77,0.3946193053006434,5.1,0.6743515850144092,Urdu,iter_T
Radia_78,Radia,78,0.4221419227173226,3.8,0.639344262295082,Urdu,iter_T
Radia_79,Radia,79,0.3173600156016378,6.5,0.7195357833655706,Urdu,iter_T
Radia_8,Radia,8,0.36116036835874454,6.3,0.6238938053097345,Urdu,iter_T
Radia_80,Radia,80,0.3761369026212416,5.3,0.6284916201117319,Urdu,iter_T
Radia_81,Radia,81,0.34284498690376886,8.6,0.7464788732394366,Urdu,iter_T
Radia_82,Radia,82,0.3278734806801287,6,0.6247139588100686,Urdu,iter_T
Radia_83,Radia,83,0.3768174881676547,6,0.6451612903225806,Urdu,iter_T
Radia_84,Radia,84,0.3287309322374117,5.6,0.5882352941176471,Urdu,iter_T
Radia_85,Radia,85,0.39229857842144444,4.1,0.6457399103139013,Urdu,iter_T
Radia_86,Radia,86,0.37636293804850685,4.7,0.6,Urdu,iter_T
Radia_87,Radia,87,0.30850922865262076,6.7,0.6975524475524476,Urdu,iter_T
Radia_88,Radia,88,0.3506601200019624,4.5,0.60431654676259,Urdu,iter_T
Radia_89,Radia,89,0.33265336389408073,6.6,0.6303030303030303,Urdu,iter_T
Radia_9,Radia,9,0.32648711009112497,5.8,0.7262443438914027,Urdu,iter_T
Radia_90,Radia,90,0.38681332720822104,5.4,0.628099173553719,Urdu,iter_T
Radia_91,Radia,91,0.3147513643890838,5.6,0.6368286445012787,Urdu,iter_T
Radia_92,Radia,92,0.33608047189185103,7.5,0.6676557863501483,Urdu,iter_T
Radia_93,Radia,93,0.30126396722276644,5.4,0.7672634271099744,Urdu,iter_T
Radia_94,Radia,94,0.35946921511351665,6.6,0.6571428571428571,Urdu,iter_T
Radia_95,Radia,95,0.33268061487354744,6.1,0.5918367346938775,Urdu,iter_T
Radia_96,Radia,96,0.3921746832949908,5.9,0.6943820224719102,Urdu,iter_T
Radia_97,Radia,97,0.2995843263432043,6.1,0.7036247334754797,Urdu,iter_T
Radia_98,Radia,98,0.3749082064606666,6.4,0.695049504950495,Urdu,iter_T
Radia_99,Radia,99,0.3544918621342567,6.6,0.6952554744525548,Urdu,iter_T
Romuald_1,Romuald,1,0.2705307398269558,7.7,0.6329866270430906,French,iter_T
Romuald_10,Romuald,10,0.265154119840925,8.1,0.6299212598425197,French,iter_T
Romuald_100,Romuald,100,0.23736798518517324,7.2,0.5609348914858097,French,iter_T
Romuald_11,Romuald,11,0.21588716260145496,7.7,0.5306406685236769,French,iter_T
Romuald_12,Romuald,12,0.19549794619958868,8.6,0.6192170818505338,French,iter_T
Romuald_13,Romuald,13,0.27032405561928324,7.1,0.5867346938775511,French,iter_T
Romuald_14,Romuald,14,0.2625200735501431,7,0.6523972602739726,French,iter_T
Romuald_15,Romuald,15,0.22009805905044516,7.2,0.553156146179402,French,iter_T
Romuald_16,Romuald,16,0.26687617443905337,8.2,0.6206896551724138,French,iter_T
Romuald_17,Romuald,17,0.2413011050252419,8.3,0.6395939086294417,French,iter_T
Romuald_18,Romuald,18,0.22484241910594208,6.9,0.5385826771653544,French,iter_T
Romuald_19,Romuald,19,0.25816707337347805,7.1,0.5536277602523659,French,iter_T
Romuald_2,Romuald,2,0.2110515380099521,6.7,0.42644628099173554,French,iter_T
Romuald_20,Romuald,20,0.22009796273073476,7.5,0.6476761619190404,French,iter_T
Romuald_21,Romuald,21,0.197565058400254,8.4,0.5955882352941176,French,iter_T
Romuald_22,Romuald,22,0.2712260746466727,7.3,0.6445131375579598,French,iter_T
Romuald_23,Romuald,23,0.1901451995501645,7.1,0.6383928571428571,French,iter_T
Romuald_24,Romuald,24,0.23579275088690038,5.6,0.510989010989011,French,iter_T
Romuald_25,Romuald,25,0.20501392383233719,8.1,0.5671447196870926,French,iter_T
Romuald_26,Romuald,26,0.21105130834664426,6.9,0.4888507718696398,French,iter_T
Romuald_27,Romuald,27,0.1937849905126011,7.1,0.5379939209726444,French,iter_T
Romuald_28,Romuald,28,0.21076978703468258,7.6,0.6303191489361702,French,iter_T
Romuald_29,Romuald,29,0.2645802616298242,8.1,0.6414342629482072,French,iter_T
Romuald_3,Romuald,3,0.27626837790749004,6.2,0.44668008048289737,French,iter_T
Romuald_30,Romuald,30,0.22074728791327736,8.4,0.6670761670761671,French,iter_T
Romuald_31,Romuald,31,0.19655572325098303,6.7,0.5660377358490566,French,iter_T
Romuald_32,Romuald,32,0.19549209434729486,8.6,0.6131386861313869,French,iter_T
Romuald_33,Romuald,33,0.21395484523118083,8.1,0.6739409499358151,French,iter_T
Romuald_34,Romuald,34,0.20171166509870225,7.5,0.5269709543568465,French,iter_T
Romuald_35,Romuald,35,0.21497964431889618,8.3,0.6175298804780877,French,iter_T
Romuald_36,Romuald,36,0.26563537267375764,8,0.6292286874154263,French,iter_T
Romuald_37,Romuald,37,0.16975180785103222,7.1,0.5195007800312013,French,iter_T
Romuald_38,Romuald,38,0.2268792606365958,8.8,0.6472602739726028,French,iter_T
Romuald_39,Romuald,39,0.22134029065070612,7.1,0.5337423312883436,French,iter_T
Romuald_4,Romuald,4,0.1957204786283409,8,0.6283524904214559,French,iter_T
Romuald_40,Romuald,40,0.19267871445348525,7.3,0.5636094674556213,French,iter_T
Romuald_41,Romuald,41,0.15646468783580983,7.5,0.5735900962861072,French,iter_T
Romuald_42,Romuald,42,0.1829694237543231,7.6,0.547752808988764,French,iter_T
Romuald_43,Romuald,43,0.2151498043146404,8,0.6237244897959183,French,iter_T
Romuald_44,Romuald,44,0.20840003319457406,9.3,0.625,French,iter_T
Romuald_45,Romuald,45,0.18806561483746517,6.9,0.5590682196339434,French,iter_T
Romuald_46,Romuald,46,0.2403357027975651,7.6,0.5920471281296024,French,iter_T
Romuald_47,Romuald,47,0.21767878550643174,7,0.6557911908646004,French,iter_T
Romuald_48,Romuald,48,0.23490745420729414,7.7,0.5834609494640123,French,iter_T
Romuald_49,Romuald,49,0.19696788508612353,7.5,0.5332369942196532,French,iter_T
Romuald_5,Romuald,5,0.18858471201030932,9.5,0.6227544910179641,French,iter_T
Romuald_50,Romuald,50,0.24779490030162812,7.8,0.5666666666666667,French,iter_T
Romuald_51,Romuald,51,0.20432465059982238,7.8,0.5376196990424077,French,iter_T
Romuald_52,Romuald,52,0.22169188954440502,6.7,0.5103969754253308,French,iter_T
Romuald_53,Romuald,53,0.29550931110277767,7.4,0.6511627906976745,French,iter_T
Romuald_54,Romuald,54,0.22487424570888478,7,0.5704225352112676,French,iter_T
Romuald_55,Romuald,55,0.18598783161740887,6.8,0.5476190476190477,French,iter_T
Romuald_56,Romuald,56,0.2880713974364382,7.4,0.6225490196078431,French,iter_T
Romuald_57,Romuald,57,0.20712913804533356,9,0.6347368421052632,French,iter_T
Romuald_58,Romuald,58,0.17889092817709845,7.4,0.5029673590504451,French,iter_T
Romuald_59,Romuald,59,0.2294619014144395,7.6,0.573394495412844,French,iter_T
Romuald_6,Romuald,6,0.2827011005570963,7.7,0.6710526315789473,French,iter_T
Romuald_60,Romuald,60,0.16261968347891764,5.2,0.40048543689320387,French,iter_T
Romuald_61,Romuald,61,0.2240514337136343,7.1,0.6548956661316212,French,iter_T
Romuald_62,Romuald,62,0.17781272271785925,6.9,0.5571428571428572,French,iter_T
Romuald_63,Romuald,63,0.21094586245541866,6.3,0.4526112185686654,French,iter_T
Romuald_64,Romuald,64,0.12492855430948295,5.2,0.5210526315789473,French,iter_T
Romuald_65,Romuald,65,0.2856946582385004,6.6,0.5597014925373134,French,iter_T
Romuald_66,Romuald,66,0.2757803278179255,7,0.5343137254901961,French,iter_T
Romuald_67,Romuald,67,0.22417935035605815,7.1,0.5572139303482587,French,iter_T
Romuald_68,Romuald,68,0.1971406623061812,9.1,0.590625,French,iter_T
Romuald_69,Romuald,69,0.17417419535751608,6.9,0.560702875399361,French,iter_T
Romuald_7,Romuald,7,0.2119333098688786,7.9,0.5779411764705882,French,iter_T
Romuald_70,Romuald,70,0.2935383715125951,6.1,0.5960698689956332,French,iter_T
Romuald_71,Romuald,71,0.19544162853547842,7.1,0.572139303482587,French,iter_T
Romuald_72,Romuald,72,0.2313689763732711,6.1,0.4866666666666667,French,iter_T
Romuald_73,Romuald,73,0.16596859523705942,8.3,0.5416666666666666,French,iter_T
Romuald_74,Romuald,74,0.17062865635811308,8.6,0.6414253897550112,French,iter_T
Romuald_75,Romuald,75,0.2794662716010418,7,0.66110183639399,French,iter_T
Romuald_76,Romuald,76,0.18968637151960452,7.6,0.5251017639077341,French,iter_T
Romuald_77,Romuald,77,0.22265186119590996,8.6,0.61795166858458,French,iter_T
Romuald_78,Romuald,78,0.21634266305509317,7,0.5704584040747029,French,iter_T
Romuald_79,Romuald,79,0.26605732517647507,7,0.5559440559440559,French,iter_T
Romuald_8,Romuald,8,0.20409730477558932,6.6,0.5634782608695652,French,iter_T
Romuald_80,Romuald,80,0.2383691975335821,6.6,0.5698324022346368,French,iter_T
Romuald_81,Romuald,81,0.2689184203869934,6.4,0.4922779922779923,French,iter_T
Romuald_82,Romuald,82,0.2867932467824247,7.4,0.6705298013245033,French,iter_T
Romuald_83,Romuald,83,0.1734232774135623,8.5,0.5513698630136986,French,iter_T
Romuald_84,Romuald,84,0.2744824602290894,6.8,0.5575221238938053,French,iter_T
Romuald_85,Romuald,85,0.24935793334551298,7.4,0.5257731958762887,French,iter_T
Romuald_86,Romuald,86,0.22025152611396484,7.7,0.5368852459016393,French,iter_T
Romuald_87,Romuald,87,0.2134843439076386,8.3,0.6112412177985949,French,iter_T
Romuald_88,Romuald,88,0.18991960047864107,8.2,0.575031525851198,French,iter_T
Romuald_89,Romuald,89,0.2129314944228127,8.2,0.624031007751938,French,iter_T
Romuald_9,Romuald,9,0.20293806346233118,7.3,0.5771065182829889,French,iter_T
Romuald_90,Romuald,90,0.20151537291040023,7.8,0.636615811373093,French,iter_T
Romuald_91,Romuald,91,0.25627762335192367,7.3,0.552755905511811,French,iter_T
Romuald_92,Romuald,92,0.19210223069088153,7.7,0.5974754558204769,French,iter_T
Romuald_93,Romuald,93,0.1845695682662833,8.7,0.6606129398410897,French,iter_T
Romuald_94,Romuald,94,0.2235453610092,7.8,0.586764705882353,French,iter_T
Romuald_95,Romuald,95,0.2675995060771968,8,0.6587412587412588,French,iter_T
Romuald_96,Romuald,96,0.1987251078745573,7.9,0.6285714285714286,French,iter_T
Romuald_97,Romuald,97,0.28922465633958816,6.8,0.5742397137745975,French,iter_T
Romuald_98,Romuald,98,0.29070378486703763,6.8,0.6583969465648855,French,iter_T
Romuald_99,Romuald,99,0.18420858089968628,8.3,0.6167247386759582,French,iter_T
Shazim_1,Shazim,1,0.2424610711621721,9.6,0.612,Urdu,iter_T
Shazim_10,Shazim,10,0.3235416823539063,7.1,0.6126760563380281,Urdu,iter_T
Shazim_100,Shazim,100,0.25236163434927983,8.3,0.6478149100257069,Urdu,iter_T
Shazim_11,Shazim,11,0.3057229806866335,7.3,0.5821678321678322,Urdu,iter_T
Shazim_12,Shazim,12,0.25874910195485357,8,0.6070381231671554,Urdu,iter_T
Shazim_13,Shazim,13,0.28484311721960753,8.3,0.6108786610878661,Urdu,iter_T
Shazim_14,Shazim,14,0.2609184966783687,10.3,0.7141592920353982,Urdu,iter_T
Shazim_15,Shazim,15,0.30358840719569025,8.6,0.6593406593406593,Urdu,iter_T
Shazim_16,Shazim,16,0.24560300348278694,9.5,0.6525773195876289,Urdu,iter_T
Shazim_17,Shazim,17,0.25779118116046595,9.4,0.6927772126144456,Urdu,iter_T
Shazim_18,Shazim,18,0.25385316464061924,8.6,0.6339066339066339,Urdu,iter_T
Shazim_19,Shazim,19,0.3004446881738316,7.3,0.642512077294686,Urdu,iter_T
Shazim_2,Shazim,2,0.2633434270581473,9.6,0.6932515337423313,Urdu,iter_T
Shazim_20,Shazim,20,0.2870460000459103,8.7,0.7118055555555556,Urdu,iter_T
Shazim_21,Shazim,21,0.309540519620975,7.5,0.6162420382165605,Urdu,iter_T
Shazim_22,Shazim,22,0.2957071701877899,8,0.683288409703504,Urdu,iter_T
Shazim_23,Shazim,23,0.2969241023062802,7.6,0.6267942583732058,Urdu,iter_T
Shazim_24,Shazim,24,0.2604081018378502,8.1,0.6208333333333333,Urdu,iter_T
Shazim_25,Shazim,25,0.2954633562754778,7.7,0.6037441497659907,Urdu,iter_T
Shazim_26,Shazim,26,0.3818810069952606,5.6,0.6286472148541115,Urdu,iter_T
Shazim_27,Shazim,27,0.2825704998101841,6.3,0.684,Urdu,iter_T
Shazim_28,Shazim,28,0.2856874098923597,8.6,0.6358099878197321,Urdu,iter_T
Shazim_29,Shazim,29,0.2711933631594837,8.4,0.5962025316455696,Urdu,iter_T
Shazim_3,Shazim,3,0.2753017402515969,8,0.5818965517241379,Urdu,iter_T
Shazim_30,Shazim,30,0.2893755221790117,8,0.6286919831223629,Urdu,iter_T
Shazim_31,Shazim,31,0.26273432095169214,8.6,0.6654676258992805,Urdu,iter_T
Shazim_32,Shazim,32,0.29835394919779146,7.3,0.6136363636363636,Urdu,iter_T
Shazim_33,Shazim,33,0.2795247554123688,7.2,0.6243654822335025,Urdu,iter_T
Shazim_34,Shazim,34,0.3218840920086715,6.8,0.6021699819168174,Urdu,iter_T
Shazim_35,Shazim,35,0.261193038036036,8.9,0.5891566265060241,Urdu,iter_T
Shazim_36,Shazim,36,0.29567644689514083,7.3,0.5377855887521968,Urdu,iter_T
Shazim_37,Shazim,37,0.27035672789236703,8.6,0.6854066985645934,Urdu,iter_T
Shazim_38,Shazim,38,0.26299453048926286,8.6,0.6185185185185185,Urdu,iter_T
Shazim_39,Shazim,39,0.2673912344227013,8.9,0.6878547105561862,Urdu,iter_T
Shazim_4,Shazim,4,0.27798627639234774,8.5,0.6138996138996139,Urdu,iter_T
Shazim_40,Shazim,40,0.26049310584634655,8.2,0.5529573590096286,Urdu,iter_T
Shazim_41,Shazim,41,0.2932005882272332,6.3,0.6039823008849557,Urdu,iter_T
Shazim_42,Shazim,42,0.2688643889843154,8.2,0.664,Urdu,iter_T
Shazim_43,Shazim,43,0.29845657085456045,6.2,0.5234899328859061,Urdu,iter_T
Shazim_44,Shazim,44,0.31281608681458256,7.4,0.5483304042179262,Urdu,iter_T
Shazim_45,Shazim,45,0.2818820428684892,8.9,0.6615566037735849,Urdu,iter_T
Shazim_46,Shazim,46,0.2990992360035869,7.8,0.6017441860465116,Urdu,iter_T
Shazim_47,Shazim,47,0.2899538655166453,7.9,0.5868613138686132,Urdu,iter_T
Shazim_48,Shazim,48,0.2890293017919483,6.9,0.5763016157989228,Urdu,iter_T
Shazim_49,Shazim,49,0.2852019095760312,8.6,0.6133004926108374,Urdu,iter_T
Shazim_5,Shazim,5,0.29194603731104296,8,0.6605890603085554,Urdu,iter_T
Shazim_50,Shazim,50,0.30566389047335024,7.9,0.637329286798179,Urdu,iter_T
Shazim_51,Shazim,51,0.28745140617968407,7.4,0.6067961165048543,Urdu,iter_T
Shazim_52,Shazim,52,0.2907047219647277,6.9,0.5847953216374269,Urdu,iter_T
Shazim_53,Shazim,53,0.259809001376953,8.5,0.6340023612750886,Urdu,iter_T
Shazim_54,Shazim,54,0.29391683157571374,7.8,0.5874439461883408,Urdu,iter_T
Shazim_55,Shazim,55,0.26196839340343425,9.3,0.6482084690553745,Urdu,iter_T
Shazim_56,Shazim,56,0.3025992187337367,7.4,0.6519685039370079,Urdu,iter_T
Shazim_57,Shazim,57,0.28332256992806004,6.7,0.5269461077844312,Urdu,iter_T
Shazim_58,Shazim,58,0.2943729010533083,7.1,0.5956678700361011,Urdu,iter_T
Shazim_59,Shazim,59,0.27170753517757157,8.3,0.618798955613577,Urdu,iter_T
Shazim_6,Shazim,6,0.2864331858844093,7.6,0.6816208393632417,Urdu,iter_T
Shazim_60,Shazim,60,0.28177556770863904,9.6,0.7016129032258065,Urdu,iter_T
Shazim_61,Shazim,61,0.2755615848167325,8.7,0.631768953068592,Urdu,iter_T
Shazim_62,Shazim,62,0.3088247559541431,7.5,0.6507692307692308,Urdu,iter_T
Shazim_63,Shazim,63,0.2955288476186294,6.8,0.5121951219512195,Urdu,iter_T
Shazim_64,Shazim,64,0.29828222372675633,8,0.7241379310344828,Urdu,iter_T
Shazim_65,Shazim,65,0.2716156164556676,8.9,0.6306620209059234,Urdu,iter_T
Shazim_66,Shazim,66,0.23313483924653206,10.8,0.6813725490196079,Urdu,iter_T
Shazim_67,Shazim,67,0.2665681633178983,9.3,0.7049689440993789,Urdu,iter_T
Shazim_68,Shazim,68,0.2567845567689135,10.2,0.6891891891891891,Urdu,iter_T
Shazim_69,Shazim,69,0.31719619807500726,8,0.6519823788546255,Urdu,iter_T
Shazim_7,Shazim,7,0.26880606435976556,9.1,0.6923076923076923,Urdu,iter_T
Shazim_70,Shazim,70,0.263122068051544,7.5,0.5596638655462185,Urdu,iter_T
Shazim_71,Shazim,71,0.29334552520570917,7.9,0.6062874251497006,Urdu,iter_T
Shazim_72,Shazim,72,0.297539328071719,6.3,0.6224066390041494,Urdu,iter_T
Shazim_73,Shazim,73,0.2786988512871695,8.5,0.5748987854251012,Urdu,iter_T
Shazim_74,Shazim,74,0.2782677206006167,8.6,0.684863523573201,Urdu,iter_T
Shazim_75,Shazim,75,0.30479072521660067,7.4,0.6602870813397129,Urdu,iter_T
Shazim_76,Shazim,76,0.3173693494856859,6.3,0.5334872979214781,Urdu,iter_T
Shazim_77,Shazim,77,0.29944300591625184,8.3,0.6122448979591837,Urdu,iter_T
Shazim_78,Shazim,78,0.2722260161633521,7.3,0.574468085106383,Urdu,iter_T
Shazim_79,Shazim,79,0.2997870221120432,7.8,0.559322033898305,Urdu,iter_T
Shazim_8,Shazim,8,0.2970874053242685,7.8,0.6638297872340425,Urdu,iter_T
Shazim_80,Shazim,80,0.25504392864009007,10.2,0.6635426429240863,Urdu,iter_T
Shazim_81,Shazim,81,0.26982822807129647,8.6,0.6510480887792849,Urdu,iter_T
Shazim_82,Shazim,82,0.3194426617873321,6.8,0.5523255813953488,Urdu,iter_T
Shazim_83,Shazim,83,0.2692088652913194,7.3,0.5704918032786885,Urdu,iter_T
Shazim_84,Shazim,84,0.2897134529724952,8.6,0.6378865979381443,Urdu,iter_T
Shazim_85,Shazim,85,0.2969664164757981,7.5,0.5773026315789473,Urdu,iter_T
Shazim_86,Shazim,86,0.2942875338197091,7.4,0.6,Urdu,iter_T
Shazim_87,Shazim,87,0.30636173881570744,7,0.6402753872633391,Urdu,iter_T
Shazim_88,Shazim,88,0.28997265885352674,7.6,0.6828528072837633,Urdu,iter_T
Shazim_89,Shazim,89,0.2707984754891313,8.5,0.6420382165605095,Urdu,iter_T
Shazim_9,Shazim,9,0.30509481343649614,8.1,0.6558704453441295,Urdu,iter_T
Shazim_90,Shazim,90,0.27319107982465257,7.9,0.6026011560693642,Urdu,iter_T
Shazim_91,Shazim,91,0.2945736323103596,8.4,0.6332882273342354,Urdu,iter_T
Shazim_92,Shazim,92,0.30390215461535025,6.6,0.53276955602537,Urdu,iter_T
Shazim_93,Shazim,93,0.26726084790385285,9.4,0.6756198347107438,Urdu,iter_T
Shazim_94,Shazim,94,0.2656421666447029,10.6,0.7381938690969345,Urdu,iter_T
Shazim_95,Shazim,95,0.286407369513939,8.8,0.6475609756097561,Urdu,iter_T
Shazim_96,Shazim,96,0.2831268264899107,8.1,0.6,Urdu,iter_T
Shazim_97,Shazim,97,0.31943326680706147,6.3,0.6271551724137931,Urdu,iter_T
Shazim_98,Shazim,98,0.2807493801479869,7,0.6424682395644283,Urdu,iter_T
Shazim_99,Shazim,99,0.26706917783588935,9.7,0.7072927072927073,Urdu,iter_T
Sini_1,Sini,1,0.3325261669310963,4.9,0.6501901140684411,Finnish,iter_T
Sini_10,Sini,10,0.38229121348672646,4.2,0.5467289719626168,Finnish,iter_T
Sini_100,Sini,100,0.4056695624194615,3.9,0.5138121546961326,Finnish,iter_T
Sini_11,Sini,11,0.42800688119236385,3.6,0.525,Finnish,iter_T
Sini_12,Sini,12,0.35131261793217056,4.8,0.6428571428571429,Finnish,iter_T
Sini_13,Sini,13,0.30364696245096134,4.3,0.5151515151515151,Finnish,iter_T
Sini_14,Sini,14,0.3471942277970839,5.7,0.6218487394957983,Finnish,iter_T
Sini_15,Sini,15,0.4199599425040306,3.2,0.5405405405405406,Finnish,iter_T
Sini_16,Sini,16,0.3733566906555716,4.5,0.5186915887850467,Finnish,iter_T
Sini_17,Sini,17,0.36955904087755576,5.6,0.6297376093294461,Finnish,iter_T
Sini_18,Sini,18,0.3476182503983796,4.8,0.5217391304347826,Finnish,iter_T
Sini_19,Sini,19,0.43860369209822414,2.5,0.5217391304347826,Finnish,iter_T
Sini_2,Sini,2,0.3051539510345386,2.6,0.65625,Finnish,iter_T
Sini_20,Sini,20,0.38715276698394085,4.6,0.66796875,Finnish,iter_T
Sini_21,Sini,21,0.3830623467318988,4,0.5806451612903226,Finnish,iter_T
Sini_22,Sini,22,0.49345198607746527,3.2,0.4752475247524752,Finnish,iter_T
Sini_23,Sini,23,0.4605177786377025,3.7,0.5272727272727272,Finnish,iter_T
Sini_24,Sini,24,0.2777433449651969,3,0.594059405940594,Finnish,iter_T
Sini_25,Sini,25,0.3097969148551491,5,0.56,Finnish,iter_T
Sini_26,Sini,26,0.34420938180850946,3.5,0.5961538461538461,Finnish,iter_T
Sini_27,Sini,27,0.3624397022366826,3.5,0.60431654676259,Finnish,iter_T
Sini_28,Sini,28,0.33816151774310343,3.5,0.582089552238806,Finnish,iter_T
Sini_29,Sini,29,0.4561505853487533,3.7,0.5474452554744526,Finnish,iter_T
Sini_3,Sini,3,0.3621927243350953,4.4,0.6740088105726872,Finnish,iter_T
Sini_30,Sini,30,0.44094170927921605,2.2,0.4897959183673469,Finnish,iter_T
Sini_31,Sini,31,0.4473976417477801,3.8,0.5723684210526315,Finnish,iter_T
Sini_32,Sini,32,0.32432655732837634,5.9,0.5939849624060151,Finnish,iter_T
Sini_33,Sini,33,0.3240357627530516,2.6,0.5925925925925926,Finnish,iter_T
Sini_34,Sini,34,0.45137693405127277,4.1,0.6887755102040817,Finnish,iter_T
Sini_35,Sini,35,0.23612321095106437,3.5,0.6467065868263473,Finnish,iter_T
Sini_36,Sini,36,0.4343935661672893,3.3,0.425531914893617,Finnish,iter_T
Sini_37,Sini,37,0.13283370391516625,2.2,0.7021276595744681,Finnish,iter_T
Sini_38,Sini,38,0.4726820083247444,3.2,0.42424242424242425,Finnish,iter_T
Sini_39,Sini,39,0.41782001928271717,4.1,0.5380434782608695,Finnish,iter_T
Sini_4,Sini,4,0.45560867556293294,3.3,0.6101694915254238,Finnish,iter_T
Sini_40,Sini,40,0.4754378253680064,2.8,0.4936708860759494,Finnish,iter_T
Sini_41,Sini,41,0.40474726807783207,3.8,0.43783783783783786,Finnish,iter_T
Sini_42,Sini,42,0.3177511852484877,5.9,0.6648199445983379,Finnish,iter_T
Sini_43,Sini,43,0.37169559316923045,4.3,0.5763546798029556,Finnish,iter_T
Sini_44,Sini,44,0.47340690198787605,4.3,0.56353591160221,Finnish,iter_T
Sini_45,Sini,45,0.4048034522318131,2.9,0.41935483870967744,Finnish,iter_T
Sini_46,Sini,46,0.4492409493936761,3.5,0.6041666666666666,Finnish,iter_T
Sini_47,Sini,47,0.385324145019024,2.5,0.47619047619047616,Finnish,iter_T
Sini_48,Sini,48,0.36051800725376937,3.2,0.635593220338983,Finnish,iter_T
Sini_49,Sini,49,0.38273681489770833,4.9,0.532608695652174,Finnish,iter_T
Sini_5,Sini,5,0.349354103901338,4.6,0.6743119266055045,Finnish,iter_T
Sini_50,Sini,50,0.440505972959929,3.2,0.45132743362831856,Finnish,iter_T
Sini_51,Sini,51,0.35227735025414675,4.6,0.5872340425531914,Finnish,iter_T
Sini_52,Sini,52,0.402541835386879,3.2,0.75,Finnish,iter_T
Sini_53,Sini,53,0.2929311577308862,3.5,0.6050420168067226,Finnish,iter_T
Sini_54,Sini,54,0.332584493034117,2.7,0.5567010309278351,Finnish,iter_T
Sini_55,Sini,55,0.365427503587177,4.6,0.5477178423236515,Finnish,iter_T
Sini_56,Sini,56,0.3541476653053442,2.9,0.5806451612903226,Finnish,iter_T
Sini_57,Sini,57,0.408831558002681,4.8,0.6643598615916955,Finnish,iter_T
Sini_58,Sini,58,0.36976254088399924,5,0.5207547169811321,Finnish,iter_T
Sini_59,Sini,59,0.43530294574615247,4.1,0.6067415730337079,Finnish,iter_T
Sini_6,Sini,6,0.3004598177632697,4.8,0.6091954022988506,Finnish,iter_T
Sini_60,Sini,60,0.45896899495290977,4.2,0.5232558139534884,Finnish,iter_T
Sini_61,Sini,61,0.34930175253166823,4.4,0.5491071428571429,Finnish,iter_T
Sini_62,Sini,62,0.3291398539876839,3.9,0.6721311475409836,Finnish,iter_T
Sini_63,Sini,63,0.40329839122189887,4.8,0.55893536121673,Finnish,iter_T
Sini_64,Sini,64,0.3470181578393162,4.5,0.5478260869565217,Finnish,iter_T
Sini_65,Sini,65,0.42843152258344597,3.8,0.6274509803921569,Finnish,iter_T
Sini_66,Sini,66,0.3366545975598557,5.4,0.563076923076923,Finnish,iter_T
Sini_67,Sini,67,0.4468371133454447,4.2,0.7,Finnish,iter_T
Sini_68,Sini,68,0.3984807190166217,3.4,0.5813953488372093,Finnish,iter_T
Sini_69,Sini,69,0.2775689160553555,3.4,0.5714285714285714,Finnish,iter_T
Sini_7,Sini,7,0.26229915377348517,1.8,0.4838709677419355,Finnish,iter_T
Sini_70,Sini,70,0.4217229737750397,3.2,0.5181818181818182,Finnish,iter_T
Sini_71,Sini,71,0.46300023329021556,3.2,0.42,Finnish,iter_T
Sini_72,Sini,72,0.2532066385215058,2.6,0.5753424657534246,Finnish,iter_T
Sini_73,Sini,73,0.37458274757728655,4.1,0.5934065934065934,Finnish,iter_T
Sini_74,Sini,74,0.4280514400758196,3.2,0.5833333333333334,Finnish,iter_T
Sini_75,Sini,75,0.34622756645241554,5.6,0.6176470588235294,Finnish,iter_T
Sini_76,Sini,76,0.3661612405479811,3.8,0.5535714285714286,Finnish,iter_T
Sini_77,Sini,77,0.27361315052452273,2.8,0.7352941176470589,Finnish,iter_T
Sini_78,Sini,78,0.2366663777007637,2.4,0.5882352941176471,Finnish,iter_T
Sini_79,Sini,79,0.3361629183336917,5,0.5625,Finnish,iter_T
Sini_8,Sini,8,0.4356731147188433,3.3,0.4418604651162791,Finnish,iter_T
Sini_80,Sini,80,0.4017681650841229,3.9,0.4915254237288136,Finnish,iter_T
Sini_81,Sini,81,0.3521563274358687,4.2,0.4787234042553192,Finnish,iter_T
Sini_82,Sini,82,0.3324164612463005,3.7,0.6413793103448275,Finnish,iter_T
Sini_83,Sini,83,0.34573807575098947,3.7,0.45394736842105265,Finnish,iter_T
Sini_84,Sini,84,0.4297870669589872,3.6,0.46987951807228917,Finnish,iter_T
Sini_85,Sini,85,0.3212209609105744,5.5,0.6179104477611941,Finnish,iter_T
Sini_86,Sini,86,0.4126483032319107,3.2,0.6206896551724138,Finnish,iter_T
Sini_87,Sini,87,0.34830411058296107,3.6,0.5032258064516129,Finnish,iter_T
Sini_88,Sini,88,0.10538801182792662,2.4,0.6774193548387096,Finnish,iter_T
Sini_89,Sini,89,0.3615326918943878,4.3,0.5615763546798029,Finnish,iter_T
Sini_9,Sini,9,0.4017432301688473,3.4,0.4772727272727273,Finnish,iter_T
Sini_90,Sini,90,0.4052097318529678,3.9,0.5364238410596026,Finnish,iter_T
Sini_91,Sini,91,0.32022149181462517,5.9,0.5869565217391305,Finnish,iter_T
Sini_92,Sini,92,0.4556683975840674,3.9,0.5224719101123596,Finnish,iter_T
Sini_93,Sini,93,0.44524121949240447,4.4,0.7368421052631579,Finnish,iter_T
Sini_94,Sini,94,0.406453645767525,4.3,0.49748743718592964,Finnish,iter_T
Sini_95,Sini,95,0.44459824165683953,2.9,0.5113636363636364,Finnish,iter_T
Sini_96,Sini,96,0.35588557068131166,5.9,0.6134663341645885,Finnish,iter_T
Sini_97,Sini,97,0.48784231134252637,4,0.5964912280701754,Finnish,iter_T
Sini_98,Sini,98,0.46557660590145544,2.3,0.5892857142857143,Finnish,iter_T
Sini_99,Sini,99,0.35979016599249425,4.5,0.5180722891566265,Finnish,iter_T
Takeru_1,Takeru,1,0.21518761910951079,8.5,0.6995192307692307,Japanese,iter_T
Takeru_10,Takeru,10,0.18841945149627792,7.9,0.7994722955145118,Japanese,iter_T
Takeru_100,Takeru,100,0.21535447814570158,9.8,0.7811320754716982,Japanese,iter_T
Takeru_11,Takeru,11,0.24953861664671342,7,0.8181818181818182,Japanese,iter_T
Takeru_12,Takeru,12,0.21552876018630224,8.4,0.6466165413533834,Japanese,iter_T
Takeru_13,Takeru,13,0.20445722262145907,6.8,0.6717948717948717,Japanese,iter_T
Takeru_14,Takeru,14,0.2821784529403715,4.8,0.6055045871559633,Japanese,iter_T
Takeru_15,Takeru,15,0.25108364988933113,6.5,0.6697936210131332,Japanese,iter_T
Takeru_16,Takeru,16,0.1528369092522351,5.3,0.8859649122807017,Japanese,iter_T
Takeru_17,Takeru,17,0.20349303715879144,7.1,0.7876254180602007,Japanese,iter_T
Takeru_18,Takeru,18,0.26183122260837877,6.3,0.7163265306122449,Japanese,iter_T
Takeru_19,Takeru,19,0.23335198783104324,10,0.8096514745308311,Japanese,iter_T
Takeru_2,Takeru,2,0.2874926187840355,8.3,0.624,Japanese,iter_T
Takeru_20,Takeru,20,0.24126578215125175,7.2,0.6644628099173554,Japanese,iter_T
Takeru_21,Takeru,21,0.20602584183947525,10.3,0.7456359102244389,Japanese,iter_T
Takeru_22,Takeru,22,0.18277434819858487,11.3,0.7412023460410557,Japanese,iter_T
Takeru_23,Takeru,23,0.221433835930689,7.9,0.7082228116710876,Japanese,iter_T
Takeru_24,Takeru,24,0.21119002006635063,11.1,0.845166163141994,Japanese,iter_T
Takeru_25,Takeru,25,0.21282737115100606,9.8,0.7492795389048992,Japanese,iter_T
Takeru_26,Takeru,26,0.21584151900789533,9.7,0.833648393194707,Japanese,iter_T
Takeru_27,Takeru,27,0.24002372964564317,7.7,0.7880986937590712,Japanese,iter_T
Takeru_28,Takeru,28,0.20430358623711722,8,0.7602179836512262,Japanese,iter_T
Takeru_29,Takeru,29,0.2532547667046528,8,0.7332339791356185,Japanese,iter_T
Takeru_3,Takeru,3,0.22380174939961736,7.7,0.7085635359116023,Japanese,iter_T
Takeru_30,Takeru,30,0.225819307959862,6.9,0.6902173913043478,Japanese,iter_T
Takeru_31,Takeru,31,0.23500266602085235,10.5,0.7048346055979644,Japanese,iter_T
Takeru_32,Takeru,32,0.21111698402716295,8.6,0.6895306859205776,Japanese,iter_T
Takeru_33,Takeru,33,0.24659839424247118,6,0.6357615894039735,Japanese,iter_T
Takeru_34,Takeru,34,0.23747138573418214,6.1,0.78125,Japanese,iter_T
Takeru_35,Takeru,35,0.205888065202317,8.2,0.708171206225681,Japanese,iter_T
Takeru_36,Takeru,36,0.21367013304741903,9.1,0.7287581699346405,Japanese,iter_T
Takeru_37,Takeru,37,0.22221133537511129,9.5,0.6656716417910448,Japanese,iter_T
Takeru_38,Takeru,38,0.24046760223049882,8,0.7792207792207793,Japanese,iter_T
Takeru_39,Takeru,39,0.20496393888787157,9.6,0.737093690248566,Japanese,iter_T
Takeru_4,Takeru,4,0.2776450352412421,6.1,0.7716049382716049,Japanese,iter_T
Takeru_40,Takeru,40,0.20044120524189227,9.1,0.7410617551462622,Japanese,iter_T
Takeru_41,Takeru,41,0.2734238984760243,5.5,0.7028985507246377,Japanese,iter_T
Takeru_42,Takeru,42,0.21378484255793825,6.1,0.5950920245398773,Japanese,iter_T
Takeru_43,Takeru,43,0.24200159538458663,8,0.7659574468085106,Japanese,iter_T
Takeru_44,Takeru,44,0.22219022410074335,8.5,0.7019704433497537,Japanese,iter_T
Takeru_45,Takeru,45,0.23073986005286928,9,0.7441601779755284,Japanese,iter_T
Takeru_46,Takeru,46,0.24877252345516976,7.6,0.7285714285714285,Japanese,iter_T
Takeru_47,Takeru,47,0.24184666822103418,6.9,0.7095652173913043,Japanese,iter_T
Takeru_48,Takeru,48,0.2301811166063397,8.6,0.6903304773561811,Japanese,iter_T
Takeru_49,Takeru,49,0.24959187273872674,8.7,0.6113924050632912,Japanese,iter_T
Takeru_5,Takeru,5,0.21037882385295542,9.9,0.7294228949858089,Japanese,iter_T
Takeru_50,Takeru,50,0.24601523875287482,8.1,0.785904255319149,Japanese,iter_T
Takeru_51,Takeru,51,0.19676564045910738,9.7,0.6786407766990291,Japanese,iter_T
Takeru_52,Takeru,52,0.22000778804645804,9.4,0.6958762886597938,Japanese,iter_T
Takeru_53,Takeru,53,0.24130455382168076,9,0.7963752665245203,Japanese,iter_T
Takeru_54,Takeru,54,0.24110898343823498,7,0.6421052631578947,Japanese,iter_T
Takeru_55,Takeru,55,0.2215382293495021,8.6,0.7559322033898305,Japanese,iter_T
Takeru_56,Takeru,56,0.2113435700257693,7.8,0.6608108108108108,Japanese,iter_T
Takeru_57,Takeru,57,0.2559772349160063,7,0.6262626262626263,Japanese,iter_T
Takeru_58,Takeru,58,0.2172744152240978,9.9,0.7269439421338155,Japanese,iter_T
Takeru_59,Takeru,59,0.22243946055978842,6.7,0.7017543859649122,Japanese,iter_T
Takeru_6,Takeru,6,0.24535420470753452,9.8,0.7864864864864864,Japanese,iter_T
Takeru_60,Takeru,60,0.18841627114940857,12.4,0.822992700729927,Japanese,iter_T
Takeru_61,Takeru,61,0.29084286935536485,7.2,0.6559139784946236,Japanese,iter_T
Takeru_62,Takeru,62,0.2505045234821263,6.6,0.7153419593345656,Japanese,iter_T
Takeru_63,Takeru,63,0.2435580319711807,9.4,0.7749510763209393,Japanese,iter_T
Takeru_64,Takeru,64,0.22297613487622914,10,0.7266729500471254,Japanese,iter_T
Takeru_65,Takeru,65,0.22366001774762373,9.2,0.6747519294377067,Japanese,iter_T
Takeru_66,Takeru,66,0.22376211206876312,7.4,0.6803149606299213,Japanese,iter_T
Takeru_67,Takeru,67,0.2824233792945269,5.9,0.75,Japanese,iter_T
Takeru_68,Takeru,68,0.22348047671496335,8,0.6283524904214559,Japanese,iter_T
Takeru_69,Takeru,69,0.19101130342321726,11,0.7223926380368099,Japanese,iter_T
Takeru_7,Takeru,7,0.1726535472333113,7.9,0.7126436781609196,Japanese,iter_T
Takeru_70,Takeru,70,0.19387047196841262,4.6,0.5675675675675675,Japanese,iter_T
Takeru_71,Takeru,71,0.21724923894676731,10.4,0.8148148148148148,Japanese,iter_T
Takeru_72,Takeru,72,0.27446688769149086,6.1,0.8514412416851441,Japanese,iter_T
Takeru_73,Takeru,73,0.24750132960911247,5.4,0.75,Japanese,iter_T
Takeru_74,Takeru,74,0.21359140565589932,10.3,0.7493649449618967,Japanese,iter_T
Takeru_75,Takeru,75,0.1947593556361834,10.3,0.7663469921534438,Japanese,iter_T
Takeru_76,Takeru,76,0.2215015486075522,6.3,0.6653465346534654,Japanese,iter_T
Takeru_77,Takeru,77,0.23585797563455876,6.7,0.6744186046511628,Japanese,iter_T
Takeru_78,Takeru,78,0.18400156237408846,7.4,0.6278026905829597,Japanese,iter_T
Takeru_79,Takeru,79,0.1716617353505901,11.1,0.775524981897176,Japanese,iter_T
Takeru_8,Takeru,8,0.2244438282360406,6.3,0.6516393442622951,Japanese,iter_T
Takeru_80,Takeru,80,0.30199692790135724,5.3,0.658753709198813,Japanese,iter_T
Takeru_81,Takeru,81,0.21896555801115575,8.2,0.6625766871165644,Japanese,iter_T
Takeru_82,Takeru,82,0.2130709553839355,8.3,0.7028795811518325,Japanese,iter_T
Takeru_83,Takeru,83,0.19667497742126744,10.7,0.7731707317073171,Japanese,iter_T
Takeru_84,Takeru,84,0.23245255000500495,8.7,0.782608695652174,Japanese,iter_T
Takeru_85,Takeru,85,0.22585899018535477,7.2,0.7609046849757674,Japanese,iter_T
Takeru_86,Takeru,86,0.24865468466691912,9.6,0.7328699106256207,Japanese,iter_T
Takeru_87,Takeru,87,0.1974302507676156,9,0.7313109425785482,Japanese,iter_T
Takeru_88,Takeru,88,0.24669147790612286,7.8,0.6936170212765957,Japanese,iter_T
Takeru_89,Takeru,89,0.25567130706162966,7.7,0.7848101265822784,Japanese,iter_T
Takeru_9,Takeru,9,0.23014952670198707,6.7,0.581151832460733,Japanese,iter_T
Takeru_90,Takeru,90,0.17704322188625576,6.2,0.7828685258964143,Japanese,iter_T
Takeru_91,Takeru,91,0.226654208917502,6,0.6902050113895216,Japanese,iter_T
Takeru_92,Takeru,92,0.24392969926164743,6.4,0.6895161290322581,Japanese,iter_T
Takeru_93,Takeru,93,0.23139526830970047,8.4,0.6678832116788321,Japanese,iter_T
Takeru_94,Takeru,94,0.2129290121127114,11.1,0.7882882882882883,Japanese,iter_T
Takeru_95,Takeru,95,0.2666684950967199,6.5,0.7470355731225297,Japanese,iter_T
Takeru_96,Takeru,96,0.24526601770390183,8.6,0.7127272727272728,Japanese,iter_T
Takeru_97,Takeru,97,0.14892651729457015,8.5,0.812004530011325,Japanese,iter_T
Takeru_98,Takeru,98,0.21984120549485772,9.8,0.7967032967032966,Japanese,iter_T
Takeru_99,Takeru,99,0.28025281554415515,5.9,0.714987714987715,Japanese,iter_T
Taro_1,Taro,1,0.38999278280345967,4,0.6129032258064516,Japanese,iter_T
Taro_10,Taro,10,0.2995590344581162,5.6,0.4744897959183674,Japanese,iter_T
Taro_100,Taro,100,0.3299811422514642,6.4,0.5601659751037344,Japanese,iter_T
Taro_11,Taro,11,0.31718252627249477,5.2,0.564179104477612,Japanese,iter_T
Taro_12,Taro,12,0.3530673416884586,4.7,0.46153846153846156,Japanese,iter_T
Taro_13,Taro,13,0.3138866158145981,6.1,0.5898520084566596,Japanese,iter_T
Taro_14,Taro,14,0.3670123776803431,2.8,0.3130434782608696,Japanese,iter_T
Taro_15,Taro,15,0.3137270392544399,6.1,0.5751633986928104,Japanese,iter_T
Taro_16,Taro,16,0.3560610439907469,5.5,0.5817174515235457,Japanese,iter_T
Taro_17,Taro,17,0.33561271675671317,6,0.6141176470588235,Japanese,iter_T
Taro_18,Taro,18,0.36560287579716866,3.8,0.42038216560509556,Japanese,iter_T
Taro_19,Taro,19,0.30536623684210723,4.1,0.5235849056603774,Japanese,iter_T
Taro_2,Taro,2,0.3042332912343031,4,0.54,Japanese,iter_T
Taro_20,Taro,20,0.3027644055876587,5.4,0.4732394366197183,Japanese,iter_T
Taro_21,Taro,21,0.42221248169627246,5.2,0.6149068322981367,Japanese,iter_T
Taro_22,Taro,22,0.34789223655244345,4.4,0.5657894736842105,Japanese,iter_T
Taro_23,Taro,23,0.3187889471305506,5.1,0.538235294117647,Japanese,iter_T
Taro_24,Taro,24,0.3322996557443409,6.5,0.5333333333333333,Japanese,iter_T
Taro_25,Taro,25,0.33460281903674555,5.6,0.6868421052631579,Japanese,iter_T
Taro_26,Taro,26,0.28702306070459405,3,0.48484848484848486,Japanese,iter_T
Taro_27,Taro,27,0.3434198907815812,4.8,0.48,Japanese,iter_T
Taro_28,Taro,28,0.4116783796866732,3.8,0.6779661016949152,Japanese,iter_T
Taro_29,Taro,29,0.3159635709724962,6.3,0.4789356984478936,Japanese,iter_T
Taro_3,Taro,3,0.35257136828665614,4.2,0.46733668341708545,Japanese,iter_T
Taro_30,Taro,30,0.3085664128728425,4,0.4421052631578947,Japanese,iter_T
Taro_31,Taro,31,0.3803428774062672,4.6,0.4895397489539749,Japanese,iter_T
Taro_32,Taro,32,0.3622443579340367,3.2,0.48214285714285715,Japanese,iter_T
Taro_33,Taro,33,0.48513085059725786,4.3,0.4834123222748815,Japanese,iter_T
Taro_34,Taro,34,0.34439475019849347,5.6,0.5431754874651811,Japanese,iter_T
Taro_35,Taro,35,0.267678788550763,4,0.5195530726256983,Japanese,iter_T
Taro_36,Taro,36,0.2660266428246798,3.4,0.3923076923076923,Japanese,iter_T
Taro_37,Taro,37,0.37827868979160745,4.6,0.55078125,Japanese,iter_T
Taro_38,Taro,38,0.4360639749129875,4.2,0.44919786096256686,Japanese,iter_T
Taro_39,Taro,39,0.27891402527877585,4.1,0.47368421052631576,Japanese,iter_T
Taro_4,Taro,4,0.2587324990914249,5.4,0.5528455284552846,Japanese,iter_T
Taro_40,Taro,40,0.35586116103099186,4,0.5198019801980198,Japanese,iter_T
Taro_41,Taro,41,0.3220233077239075,4.3,0.425,Japanese,iter_T
Taro_42,Taro,42,0.3047796359456274,3.7,0.4827586206896552,Japanese,iter_T
Taro_43,Taro,43,0.2793579964058736,5.4,0.5549597855227882,Japanese,iter_T
Taro_44,Taro,44,0.32342968870856165,5.5,0.467966573816156,Japanese,iter_T
Taro_45,Taro,45,0.40868128136916987,4.4,0.5655737704918032,Japanese,iter_T
Taro_46,Taro,46,0.3421535351303931,4.8,0.4664310954063604,Japanese,iter_T
Taro_47,Taro,47,0.39353358136500227,5,0.5714285714285714,Japanese,iter_T
Taro_48,Taro,48,0.3261277121180806,4.8,0.4148936170212766,Japanese,iter_T
Taro_49,Taro,49,0.39779560339682635,4.6,0.4525862068965517,Japanese,iter_T
Taro_5,Taro,5,0.3093312655227003,3.7,0.38461538461538464,Japanese,iter_T
Taro_50,Taro,50,0.3442518225504715,5.2,0.6055900621118012,Japanese,iter_T
Taro_51,Taro,51,0.2875344318871972,4.4,0.4434782608695652,Japanese,iter_T
Taro_52,Taro,52,0.37379961809138496,4.8,0.45627376425855515,Japanese,iter_T
Taro_53,Taro,53,0.1944436642143706,4.7,0.67,Japanese,iter_T
Taro_54,Taro,54,0.35493848110502874,4.8,0.4431818181818182,Japanese,iter_T
Taro_55,Taro,55,0.24008753354293375,5.2,0.5217391304347826,Japanese,iter_T
Taro_56,Taro,56,0.3571610405184634,3.2,0.39823008849557523,Japanese,iter_T
Taro_57,Taro,57,0.39610336353147324,5,0.574468085106383,Japanese,iter_T
Taro_58,Taro,58,0.28111127307780975,4.2,0.6567164179104478,Japanese,iter_T
Taro_59,Taro,59,0.5380356757427087,4.3,0.526595744680851,Japanese,iter_T
Taro_6,Taro,6,0.40587857587927295,5,0.5130111524163569,Japanese,iter_T
Taro_60,Taro,60,0.2560456830345134,3.5,0.574468085106383,Japanese,iter_T
Taro_61,Taro,61,0.2821536757361759,4.2,0.4834123222748815,Japanese,iter_T
Taro_62,Taro,62,0.35200108349115805,5.3,0.5142857142857142,Japanese,iter_T
Taro_63,Taro,63,0.32131808795988853,4,0.3842364532019704,Japanese,iter_T
Taro_64,Taro,64,0.32556562208213125,5.8,0.5846867749419954,Japanese,iter_T
Taro_65,Taro,65,0.3158893381013221,5.5,0.4274193548387097,Japanese,iter_T
Taro_66,Taro,66,0.2966349906549239,7.3,0.5906735751295337,Japanese,iter_T
Taro_67,Taro,67,0.36853945847380404,5.5,0.5194029850746269,Japanese,iter_T
Taro_68,Taro,68,0.37816996458617097,5.7,0.6064690026954178,Japanese,iter_T
Taro_69,Taro,69,0.2511538792186948,5.4,0.4987012987012987,Japanese,iter_T
Taro_7,Taro,7,0.32885863666491716,3.8,0.5714285714285714,Japanese,iter_T
Taro_70,Taro,70,0.3134058429246826,6.2,0.6357615894039735,Japanese,iter_T
Taro_71,Taro,71,0.34551159284069544,4.6,0.45054945054945056,Japanese,iter_T
Taro_72,Taro,72,0.3364002618992923,2.6,0.4342105263157895,Japanese,iter_T
Taro_73,Taro,73,0.4284324360087041,3.8,0.3448275862068966,Japanese,iter_T
Taro_74,Taro,74,0.37481457123384754,4.2,0.3880597014925373,Japanese,iter_T
Taro_75,Taro,75,0.33735970768582824,3.8,0.4864864864864865,Japanese,iter_T
Taro_76,Taro,76,0.3330107998014589,4.9,0.5943396226415094,Japanese,iter_T
Taro_77,Taro,77,0.40598672749670445,4.1,0.4604651162790698,Japanese,iter_T
Taro_78,Taro,78,0.27553788265979134,5.4,0.6,Japanese,iter_T
Taro_79,Taro,79,0.33615401439975673,4.7,0.5241635687732342,Japanese,iter_T
Taro_8,Taro,8,0.2744815252563205,6.4,0.5449438202247191,Japanese,iter_T
Taro_80,Taro,80,0.26274698543741865,3.9,0.4682926829268293,Japanese,iter_T
Taro_81,Taro,81,0.2469869966306698,4.2,0.6164383561643836,Japanese,iter_T
Taro_82,Taro,82,0.3741567240781697,4.4,0.4186046511627907,Japanese,iter_T
Taro_83,Taro,83,0.2661035451978693,5.3,0.5398457583547558,Japanese,iter_T
Taro_84,Taro,84,0.3654627410133112,4.9,0.4791666666666667,Japanese,iter_T
Taro_85,Taro,85,0.5153665600829457,4.1,0.4573170731707317,Japanese,iter_T
Taro_86,Taro,86,0.28782032509927624,3.5,0.5,Japanese,iter_T
Taro_87,Taro,87,0.3433320757683107,4.1,0.3918918918918919,Japanese,iter_T
Taro_88,Taro,88,0.27949105070950525,5.6,0.5902777777777778,Japanese,iter_T
Taro_89,Taro,89,0.24197869324293722,7,0.6335078534031413,Japanese,iter_T
Taro_9,Taro,9,0.31912907236387905,5.4,0.6086956521739131,Japanese,iter_T
Taro_90,Taro,90,0.30438810894420887,5.2,0.5016077170418006,Japanese,iter_T
Taro_91,Taro,91,0.30961675503423486,6.5,0.5487077534791253,Japanese,iter_T
Taro_92,Taro,92,0.28375040908145116,3.6,0.5294117647058824,Japanese,iter_T
Taro_93,Taro,93,0.23944758023272728,5.3,0.582901554404145,Japanese,iter_T
Taro_94,Taro,94,0.27805099787174337,5.6,0.458128078817734,Japanese,iter_T
Taro_95,Taro,95,0.31663779583836243,4.6,0.48091603053435117,Japanese,iter_T
Taro_96,Taro,96,0.2848389274853648,4.2,0.32098765432098764,Japanese,iter_T
Taro_97,Taro,97,0.26153974580007877,3.9,0.4696969696969697,Japanese,iter_T
Taro_98,Taro,98,0.3289732492694281,6.4,0.548936170212766,Japanese,iter_T
Taro_99,Taro,99,0.2589934533064615,5.7,0.5050251256281407,Japanese,iter_T
Tobias_1,Tobias,1,0.214190921231562,2.6,0.7096774193548387,UK,iter_T
Tobias_10,Tobias,10,0.21797109203346407,3.4,0.7655172413793103,UK,iter_T
Tobias_100,Tobias,100,0.1162056823185293,2.5,0.7875,UK,iter_T
Tobias_11,Tobias,11,0.04809124655598819,1.8,0.6,UK,iter_T
Tobias_12,Tobias,12,0.2979626583683247,2,0.47368421052631576,UK,iter_T
Tobias_13,Tobias,13,0.1945502796351179,1.8,0.5,UK,iter_T
Tobias_14,Tobias,14,0.3191226087290178,3.2,0.6838235294117647,UK,iter_T
Tobias_15,Tobias,15,0.11364944184388187,2.6,0.5853658536585366,UK,iter_T
Tobias_16,Tobias,16,0.19144242716781276,3.4,0.6233766233766234,UK,iter_T
Tobias_17,Tobias,17,0.15685657137056658,2.6,0.6623376623376623,UK,iter_T
Tobias_18,Tobias,18,0.06473823066967362,1.8,0.7241379310344828,UK,iter_T
Tobias_19,Tobias,19,0.21795311105141882,2,0.35294117647058826,UK,iter_T
Tobias_2,Tobias,2,0.1805065185012628,2.7,0.54216867469879515,UK,iter_T
Tobias_20,Tobias,20,0.24029443515549148,2.3,0.6,UK,iter_T
Tobias_21,Tobias,21,0.21553110717393636,2.4,0.5571428571428572,UK,iter_T
Tobias_22,Tobias,22,0.1506719682698806,1.6,0.2903225806451613,UK,iter_T
Tobias_23,Tobias,23,0.23241193966797238,4,0.7051282051282052,UK,iter_T
Tobias_24,Tobias,24,0.14276626225340708,2.8,0.7211538461538461,UK,iter_T
Tobias_25,Tobias,25,0.1718540846228633,2.8,0.6371681415929203,UK,iter_T
Tobias_26,Tobias,26,0.1646641967692671,2.2,0.6964285714285714,UK,iter_T
Tobias_27,Tobias,27,0.2750307223275307,3.6,0.54216867469879515,UK,iter_T
Tobias_28,Tobias,28,0.1662536697097228,2.7,0.7325581395348837,UK,iter_T
Tobias_29,Tobias,29,0.29586490440262214,2.6,0.6352941176470588,UK,iter_T
Tobias_3,Tobias,3,0.21035496320849723,2.6,0.6741573033707865,UK,iter_T
Tobias_30,Tobias,30,0.28225911143275073,3.2,0.6341463414634146,UK,iter_T
Tobias_31,Tobias,31,0.08796608404704082,1.7,0.625,UK,iter_T
Tobias_32,Tobias,32,0.2988618723650806,4.6,0.6245353159851301,UK,iter_T
Tobias_33,Tobias,33,0.24960349804618637,2.9,0.6964285714285714,UK,iter_T
Tobias_34,Tobias,34,0.2742084686212939,2.6,0.5232558139534884,UK,iter_T
Tobias_35,Tobias,35,0.19727923380887474,2.4,0.5409836065573771,UK,iter_T
Tobias_36,Tobias,36,0.28077765612397265,2.4,0.5735294117647058,UK,iter_T
Tobias_37,Tobias,37,0.16259829768767337,3.9,0.6682464454976303,UK,iter_T
Tobias_38,Tobias,38,0.10200748296374104,2.8,0.75,UK,iter_T
Tobias_39,Tobias,39,0.09258574087716892,2,0.6,UK,iter_T
Tobias_4,Tobias,4,0.19551967655764602,2.2,0.5769230769230769,UK,iter_T
Tobias_40,Tobias,40,0.1727744211654476,3,0.7155963302752294,UK,iter_T
Tobias_41,Tobias,41,0.21940430270226136,3.3,0.668918918918919,UK,iter_T
Tobias_42,Tobias,42,0.1518188493305489,2.4,0.5921052631578947,UK,iter_T
Tobias_43,Tobias,43,0.19005872811935007,3.6,0.5721649484536082,UK,iter_T
Tobias_44,Tobias,44,0.13851028063221402,2.1,0.6470588235294118,UK,iter_T
Tobias_45,Tobias,45,0.11497492085258654,1.6,0.4444444444444444,UK,iter_T
Tobias_46,Tobias,46,0.19648467925431648,2.7,0.6,UK,iter_T
Tobias_47,Tobias,47,0.24531320599927817,2.2,0.5294117647058824,UK,iter_T
Tobias_48,Tobias,48,0.20113219107726002,2.5,0.7407407407407407,UK,iter_T
Tobias_49,Tobias,49,0.16725807016475056,2.1,0.5892857142857143,UK,iter_T
Tobias_5,Tobias,5,0.22311777985830689,3.3,0.6,UK,iter_T
Tobias_50,Tobias,50,0.10028588228499526,1.6,0.6521739130434783,UK,iter_T
Tobias_51,Tobias,51,0.1799493753282344,4.5,0.657243816254417,UK,iter_T
Tobias_52,Tobias,52,0.14215334709116517,2.1,0.6470588235294118,UK,iter_T
Tobias_53,Tobias,53,0.18461526981881796,1.9,0.5,UK,iter_T
Tobias_54,Tobias,54,0.2530526637634659,2.4,0.7183098591549296,UK,iter_T
Tobias_55,Tobias,55,0.1388330034292039,1.7,0.46875,UK,iter_T
Tobias_56,Tobias,56,0.1896239026164379,3.3,0.7935483870967742,UK,iter_T
Tobias_57,Tobias,57,0.11174057101332979,2.3,0.6716417910447762,UK,iter_T
Tobias_58,Tobias,58,0.1696452856445814,2.8,0.7422680412371134,UK,iter_T
Tobias_59,Tobias,59,0.22629700914412193,2.7,0.7128712871287128,UK,iter_T
Tobias_6,Tobias,6,0.20749499075460154,3.5,0.6158940397350994,UK,iter_T
Tobias_60,Tobias,60,0.1422416331282802,2.2,0.5454545454545454,UK,iter_T
Tobias_61,Tobias,61,0.14219270277464896,2.2,0.6346153846153846,UK,iter_T
Tobias_62,Tobias,62,0.17349730164335708,3.2,0.823943661971831,UK,iter_T
Tobias_63,Tobias,63,0.24863048535150445,3.4,0.6136363636363636,UK,iter_T
Tobias_64,Tobias,64,0.10786509149253157,2,0.6976744186046512,UK,iter_T
Tobias_65,Tobias,65,0.22616387111099762,2.6,0.6144578313253012,UK,iter_T
Tobias_66,Tobias,66,0.1359432489134568,3.3,0.6818181818181818,UK,iter_T
Tobias_67,Tobias,67,0.17411220452488985,4.5,0.6413793103448275,UK,iter_T
Tobias_68,Tobias,68,0.30029404670094145,3.2,0.5739130434782609,UK,iter_T
Tobias_69,Tobias,69,0.2302608125503024,3,0.6942148760330579,UK,iter_T
Tobias_7,Tobias,7,0.17765696867451863,2.2,0.6101694915254238,UK,iter_T
Tobias_70,Tobias,70,0.21339356560475486,3.8,0.6176470588235294,UK,iter_T
Tobias_71,Tobias,71,0.024010317855833022,1.6,0.48,UK,iter_T
Tobias_72,Tobias,72,0.08034782429767295,1.8,0.5454545454545454,UK,iter_T
Tobias_73,Tobias,73,0.21624882775781773,3.7,0.6683937823834197,UK,iter_T
Tobias_74,Tobias,74,0.23989413094884401,2.7,0.54216867469879515,UK,iter_T
Tobias_75,Tobias,75,0.20620666637425947,2.8,0.7241379310344828,UK,iter_T
Tobias_76,Tobias,76,0.13133401589679208,2.4,0.7391304347826086,UK,iter_T
Tobias_77,Tobias,77,0.17411952087118102,2.9,0.7232142857142857,UK,iter_T
Tobias_78,Tobias,78,0.16667331885109724,2.7,0.7252747252747253,UK,iter_T
Tobias_79,Tobias,79,0.16953164903968523,1.6,0.5454545454545454,UK,iter_T
Tobias_8,Tobias,8,0.2773603434230539,3,0.6131386861313869,UK,iter_T
Tobias_80,Tobias,80,0.0741440406039593,1.9,0.8918918918918919,UK,iter_T
Tobias_81,Tobias,81,0.13817987900496967,2.1,0.6,UK,iter_T
Tobias_82,Tobias,82,0.23771936512808972,3.2,0.6136363636363636,UK,iter_T
Tobias_83,Tobias,83,0.04163583381119847,1.6,0.6,UK,iter_T
Tobias_84,Tobias,84,0.21710495991804854,2.5,0.6538461538461539,UK,iter_T
Tobias_85,Tobias,85,0.23170586911012073,3.7,0.5862068965517241,UK,iter_T
Tobias_86,Tobias,86,0.28826462734593294,2.8,0.63,UK,iter_T
Tobias_87,Tobias,87,0.16928431561943869,3.5,0.6646706586826348,UK,iter_T
Tobias_88,Tobias,88,0.08703902885492344,1.8,0.5217391304347826,UK,iter_T
Tobias_89,Tobias,89,0.2637799468682691,3.5,0.5849056603773585,UK,iter_T
Tobias_9,Tobias,9,0.14633180920263753,2.1,0.6875,UK,iter_T
Tobias_90,Tobias,90,0.15673575815648003,2.8,0.71900826446281,UK,iter_T
Tobias_91,Tobias,91,0.14813508648183316,2.2,0.5892857142857143,UK,iter_T
Tobias_92,Tobias,92,0.03169187087370394,1.3,0,UK,iter_T
Tobias_93,Tobias,93,0.225130516170894,1.7,0.391304347826087,UK,iter_T
Tobias_94,Tobias,94,0.21534323049831372,2.9,0.63,UK,iter_T
Tobias_95,Tobias,95,0.14302445530729063,2.8,0.75,UK,iter_T
Tobias_96,Tobias,96,0.21802557790893873,2.1,0.3333333333333333,UK,iter_T
Tobias_97,Tobias,97,0.0884035781738768,1.5,0.2727272727272727,UK,iter_T
Tobias_98,Tobias,98,0.2708610681351052,2.9,0.6724137931034483,UK,iter_T
Tobias_99,Tobias,99,0.045222227960363716,1.7,0.6,UK,iter_T
Vincent_1,Vincent,1,0.2851483668957961,8.1,0.6929032258064516,French,iter_T
Vincent_10,Vincent,10,0.28997228101930067,5.5,0.4793814432989691,French,iter_T
Vincent_100,Vincent,100,0.3136885153292891,7.2,0.6519607843137255,French,iter_T
Vincent_11,Vincent,11,0.30948933451296834,5.8,0.5871121718377088,French,iter_T
Vincent_12,Vincent,12,0.2952605435711334,7.3,0.6666666666666666,French,iter_T
Vincent_13,Vincent,13,0.2522240704017526,9.9,0.7416044776119403,French,iter_T
Vincent_14,Vincent,14,0.26362037483423334,6.7,0.6289424860853432,French,iter_T
Vincent_15,Vincent,15,0.2519982681519127,5.4,0.6100278551532033,French,iter_T
Vincent_16,Vincent,16,0.26331155833165726,7.3,0.5660377358490566,French,iter_T
Vincent_17,Vincent,17,0.37348242807849946,4.4,0.5101214574898786,French,iter_T
Vincent_18,Vincent,18,0.2779260459754525,8.1,0.7258687258687259,French,iter_T
Vincent_19,Vincent,19,0.28898117016869035,8,0.6324549237170597,French,iter_T
Vincent_2,Vincent,2,0.26779764291530433,8.5,0.6645807259073843,French,iter_T
Vincent_20,Vincent,20,0.2877942371613037,7,0.6073943661971831,French,iter_T
Vincent_21,Vincent,21,0.28525259758935606,7.8,0.6727019498607242,French,iter_T
Vincent_22,Vincent,22,0.21527567102112044,10.4,0.7385008517887564,French,iter_T
Vincent_23,Vincent,23,0.28976159883389613,6.2,0.592436974789916,French,iter_T
Vincent_24,Vincent,24,0.2599255426355997,6.8,0.5631768953068592,French,iter_T
Vincent_25,Vincent,25,0.25516530917716695,9.1,0.6303630363036303,French,iter_T
Vincent_26,Vincent,26,0.2880597478226747,7.3,0.6347962382445141,French,iter_T
Vincent_27,Vincent,27,0.23829275610347844,6.9,0.5852372583479789,French,iter_T
Vincent_28,Vincent,28,0.295380151509583,7.6,0.6741071428571429,French,iter_T
Vincent_29,Vincent,29,0.30260210335244203,6.9,0.5968586387434555,French,iter_T
Vincent_3,Vincent,3,0.23606495730373064,8.8,0.7380952380952381,French,iter_T
Vincent_30,Vincent,30,0.25401876999933687,8.4,0.7153284671532847,French,iter_T
Vincent_31,Vincent,31,0.2998289507776482,6.8,0.5955882352941176,French,iter_T
Vincent_32,Vincent,32,0.2736646944193175,7.4,0.5688816855753647,French,iter_T
Vincent_33,Vincent,33,0.30764652269541765,6.3,0.594,French,iter_T
Vincent_34,Vincent,34,0.2771831823516712,7.8,0.6069868995633187,French,iter_T
Vincent_35,Vincent,35,0.26271345045802036,9.7,0.7062256809338522,French,iter_T
Vincent_36,Vincent,36,0.29507630480986263,6.5,0.6374269005847953,French,iter_T
Vincent_37,Vincent,37,0.2853257138547661,6.4,0.6881287726358148,French,iter_T
Vincent_38,Vincent,38,0.2672468887492756,8.4,0.6711491442542787,French,iter_T
Vincent_39,Vincent,39,0.26722607372953666,6.8,0.588021778584392,French,iter_T
Vincent_4,Vincent,4,0.3200581101103891,7.2,0.6666666666666666,French,iter_T
Vincent_40,Vincent,40,0.2615287275789247,9.1,0.7331910352187834,French,iter_T
Vincent_41,Vincent,41,0.26789507877877117,6.8,0.6570915619389587,French,iter_T
Vincent_42,Vincent,42,0.26166503147447534,7.9,0.6730506155950753,French,iter_T
Vincent_43,Vincent,43,0.3122590803946507,6.9,0.6839378238341969,French,iter_T
Vincent_44,Vincent,44,0.2665661299185144,6.4,0.6099585062240664,French,iter_T
Vincent_45,Vincent,45,0.28222915693067063,8.2,0.6819923371647509,French,iter_T
Vincent_46,Vincent,46,0.2881865446924716,6.1,0.5448275862068965,French,iter_T
Vincent_47,Vincent,47,0.28930831023225717,8.6,0.6571428571428571,French,iter_T
Vincent_48,Vincent,48,0.263774578933153,6.7,0.647912885662432,French,iter_T
Vincent_49,Vincent,49,0.28804479337820316,7.5,0.589540412044374,French,iter_T
Vincent_5,Vincent,5,0.24475415643730877,6.8,0.6844919786096256,French,iter_T
Vincent_50,Vincent,50,0.23637863473468293,11.3,0.7914244186046512,French,iter_T
Vincent_51,Vincent,51,0.2740580399725397,8.2,0.6823379923761118,French,iter_T
Vincent_52,Vincent,52,0.3336094068294889,5.4,0.4368131868131868,French,iter_T
Vincent_53,Vincent,53,0.2453338240483693,8.4,0.5846153846153846,French,iter_T
Vincent_54,Vincent,54,0.24848074532929526,6.3,0.5711297071129707,French,iter_T
Vincent_55,Vincent,55,0.24478112964904283,8.9,0.6531986531986532,French,iter_T
Vincent_56,Vincent,56,0.2812463475300697,7.7,0.673728813559322,French,iter_T
Vincent_57,Vincent,57,0.28125038247888223,8.4,0.6795994993742178,French,iter_T
Vincent_58,Vincent,58,0.2947887727970271,7.4,0.6236722306525038,French,iter_T
Vincent_59,Vincent,59,0.2596807236260527,8.5,0.6731001206272618,French,iter_T
Vincent_6,Vincent,6,0.26000621267996227,6.5,0.6432748538011696,French,iter_T
Vincent_60,Vincent,60,0.24620839830363955,7.4,0.6079077429983526,French,iter_T
Vincent_61,Vincent,61,0.32207673377633833,6.3,0.6129032258064516,French,iter_T
Vincent_62,Vincent,62,0.2469432235146519,9.6,0.8084507042253521,French,iter_T
Vincent_63,Vincent,63,0.27643263633991483,7.5,0.6646971935007385,French,iter_T
Vincent_64,Vincent,64,0.24829226158002032,7.3,0.6523809523809524,French,iter_T
Vincent_65,Vincent,65,0.22704933846491665,10.3,0.7647562018819504,French,iter_T
Vincent_66,Vincent,66,0.3140330614764277,7.3,0.6059602649006622,French,iter_T
Vincent_67,Vincent,67,0.23096675128738886,10.6,0.7469586374695864,French,iter_T
Vincent_68,Vincent,68,0.339984180591673,5.4,0.5318559556786704,French,iter_T
Vincent_69,Vincent,69,0.2689290060388118,8.6,0.6810035842293907,French,iter_T
Vincent_7,Vincent,7,0.305995480164662,7.4,0.6503164556962026,French,iter_T
Vincent_70,Vincent,70,0.30695291223745835,6.7,0.6292947558770343,French,iter_T
Vincent_71,Vincent,71,0.2568312235860897,8.9,0.7208008898776418,French,iter_T
Vincent_72,Vincent,72,0.288165868170662,7.8,0.6341107871720116,French,iter_T
Vincent_73,Vincent,73,0.26874808757904073,9.1,0.7365079365079366,French,iter_T
Vincent_74,Vincent,74,0.24440341775434674,9.5,0.7514792899408284,French,iter_T
Vincent_75,Vincent,75,0.2815036263898256,7.5,0.6506024096385542,French,iter_T
Vincent_76,Vincent,76,0.29487724522898395,7.8,0.7075862068965517,French,iter_T
Vincent_77,Vincent,77,0.30740694429644644,5.6,0.5620052770448549,French,iter_T
Vincent_78,Vincent,78,0.3143935269299721,6.6,0.6136363636363636,French,iter_T
Vincent_79,Vincent,79,0.24067231385604534,6.3,0.6,French,iter_T
Vincent_8,Vincent,8,0.2739521588151451,8.2,0.65625,French,iter_T
Vincent_80,Vincent,80,0.29105158863333225,6.9,0.5839285714285715,French,iter_T
Vincent_81,Vincent,81,0.27392908146222433,7.2,0.6348949919224556,French,iter_T
Vincent_82,Vincent,82,0.27950462860821546,6.1,0.5748898678414097,French,iter_T
Vincent_83,Vincent,83,0.2797961650942148,8,0.5828571428571429,French,iter_T
Vincent_84,Vincent,84,0.250468483242868,9.1,0.6724700761697497,French,iter_T
Vincent_85,Vincent,85,0.27076012431477164,8.4,0.5976714100905562,French,iter_T
Vincent_86,Vincent,86,0.26171725668984647,6.8,0.6338797814207651,French,iter_T
Vincent_87,Vincent,87,0.28357555396181117,7.3,0.6239600665557404,French,iter_T
Vincent_88,Vincent,88,0.2791943532657192,4.9,0.5962145110410094,French,iter_T
Vincent_89,Vincent,89,0.26214182962452653,6.9,0.6214285714285714,French,iter_T
Vincent_9,Vincent,9,0.25578224194703486,9.8,0.6854684512428298,French,iter_T
Vincent_90,Vincent,90,0.2552337704007418,8.6,0.736046511627907,French,iter_T
Vincent_91,Vincent,91,0.28879397564243076,7.6,0.6651785714285714,French,iter_T
Vincent_92,Vincent,92,0.2821100379536382,5.2,0.6291793313069909,French,iter_T
Vincent_93,Vincent,93,0.2585723691728483,7.9,0.6170212765957447,French,iter_T
Vincent_94,Vincent,94,0.26251858496036007,8,0.6814516129032258,French,iter_T
Vincent_95,Vincent,95,0.2801036367418531,5.4,0.5609756097560976,French,iter_T
Vincent_96,Vincent,96,0.3119307000452842,7.4,0.647244094488189,French,iter_T
Vincent_97,Vincent,97,0.27411656191196976,8.3,0.6538461538461539,French,iter_T
Vincent_98,Vincent,98,0.2833394881536476,8.4,0.6683738796414853,French,iter_T
Vincent_99,Vincent,99,0.26874139958227383,8.4,0.7320574162679426,French,iter_T
