Speaker,gloss1,data_type,degree,threshold
Adeline,au revoir1490,target,1,0.25
Adeline,au revoir1491,target,1,0.25
Adeline,au revoir1492,target,1,0.25
Adeline,au revoir1493,target,1,0.25
Adeline,au revoir1494,target,1,0.25
Adeline,au revoir1495,target,1,0.25
Adeline,au revoir1496,target,1,0.25
Adeline,au revoir1497,target,1,0.25
Adeline,au revoir3077,actual,8,0.25
Adeline,au revoir3078,actual,8,0.25
Adeline,au revoir3079,actual,9,0.25
Adeline,au revoir3080,actual,2,0.25
Adeline,au revoir3081,actual,8,0.25
Adeline,au revoir3082,actual,9,0.25
Adeline,au revoir3083,actual,8,0.25
Adeline,bisou1003,target,1,0.25
Adeline,bisou1004,target,1,0.25
Adeline,bisou1005,target,1,0.25
Adeline,bisou1006,target,1,0.25
Adeline,bisou1007,target,1,0.25
Adeline,bisou3084,actual,9,0.25
Adeline,bisou3085,actual,9,0.25
Adeline,bisou3086,actual,9,0.25
Adeline,bisou3087,actual,9,0.25
Adeline,bisou3088,actual,9,0.25
Adeline,bobo1008,target,2,0.25
Adeline,bobo1009,target,2,0.25
Adeline,bobo1010,target,2,0.25
Adeline,bobo3176,actual,2,0.25
Adeline,bobo3177,actual,5,0.25
Adeline,bobo3178,actual,5,0.25
Adeline,chapeau1011,target,1,0.25
Adeline,chapeau1012,target,1,0.25
Adeline,chapeau1013,target,1,0.25
Adeline,chapeau1014,target,1,0.25
Adeline,chapeau1015,target,1,0.25
Adeline,chapeau1016,target,1,0.25
Adeline,chapeau1017,target,1,0.25
Adeline,chapeau1018,target,1,0.25
Adeline,chapeau1019,target,1,0.25
Adeline,chapeau3089,actual,9,0.25
Adeline,chapeau3090,actual,9,0.25
Adeline,chapeau3091,actual,9,0.25
Adeline,chapeau3092,actual,9,0.25
Adeline,chapeau3093,actual,9,0.25
Adeline,chapeau3094,actual,9,0.25
Adeline,chapeau3095,actual,7,0.25
Adeline,chapeau3096,actual,7,0.25
Adeline,chapeau3097,actual,9,0.25
Adeline,coucou1020,target,1,0.25
Adeline,coucou1021,target,1,0.25
Adeline,coucou1022,target,1,0.25
Adeline,coucou1023,target,1,0.25
Adeline,coucou1024,target,1,0.25
Adeline,coucou1025,target,1,0.25
Adeline,coucou1026,target,1,0.25
Adeline,coucou1027,target,1,0.25
Adeline,coucou1028,target,1,0.25
Adeline,coucou1029,target,1,0.25
Adeline,coucou2638,actual,3,0.25
Adeline,coucou2639,actual,3,0.25
Adeline,coucou2640,actual,3,0.25
Adeline,coucou2641,actual,3,0.25
Adeline,coucou2642,actual,3,0.25
Adeline,coucou2643,actual,3,0.25
Adeline,coucou2644,actual,2,0.25
Adeline,coucou3098,actual,8,0.25
Adeline,dodo2645,actual,1,0.25
Adeline,encore1348,target,1,0.25
Adeline,encore1349,target,1,0.25
Adeline,encore1350,target,1,0.25
Adeline,encore1351,target,1,0.25
Adeline,encore1352,target,1,0.25
Adeline,encore1353,target,1,0.25
Adeline,encore1354,target,1,0.25
Adeline,encore1355,target,1,0.25
Adeline,encore1356,target,1,0.25
Adeline,encore1357,target,1,0.25
Adeline,encore1358,target,1,0.25
Adeline,encore1359,target,1,0.25
Adeline,encore1360,target,1,0.25
Adeline,encore1361,target,1,0.25
Adeline,encore1986,actual,2,0.25
Adeline,encore3099,actual,8,0.25
Adeline,encore3100,actual,8,0.25
Adeline,encore3101,actual,8,0.25
Adeline,encore3102,actual,8,0.25
Adeline,encore3103,actual,8,0.25
Adeline,encore3104,actual,8,0.25
Adeline,encore3105,actual,8,0.25
Adeline,encore3106,actual,8,0.25
Adeline,encore3107,actual,8,0.25
Adeline,encore3108,actual,8,0.25
Adeline,encore3109,actual,8,0.25
Adeline,encore3110,actual,8,0.25
Adeline,encore3111,actual,1,0.25
Adeline,maman1031,target,1,0.25
Adeline,maman1032,target,1,0.25
Adeline,maman1033,target,1,0.25
Adeline,maman2646,actual,1,0.25
Adeline,maman2647,actual,1,0.25
Adeline,maman2648,actual,1,0.25
Adeline,oiseau3112,actual,1,0.25
Adeline,papa1035,target,2,0.25
Adeline,papa1036,target,2,0.25
Adeline,papa1037,target,2,0.25
Adeline,papa2649,actual,2,0.25
Adeline,papa2650,actual,2,0.25
Adeline,papa3181,actual,3,0.25
Adeline,parti3113,actual,9,0.25
Adeline,vachou3114,actual,8,0.25
Adeline,voilà1040,target,1,0.25
Adeline,voilà1041,target,1,0.25
Adeline,voilà2651,actual,1,0.25
Adeline,voilà3115,actual,7,0.25
Adeline,voiture1042,target,1,0.25
Adeline,voiture1043,target,1,0.25
Adeline,voiture3116,actual,9,0.25
Adeline,voiture3117,actual,9,0.25
Afan,AUNTI1268,target,3,0.25
Afan,AUNTI1269,target,3,0.25
Afan,AUNTI2988,actual,3,0.25
Afan,AUNTI3604,actual,1,0.25
Afan,Bazil2417,actual,3,0.25
Afan,Bazil3404,actual,2,0.25
Afan,Bazil605,target,1,0.25
Afan,Bazil606,target,1,0.25
Afan,DOGGY BT2422,actual,1,0.25
Afan,DOGGY BT616,target,2,0.25
Afan,Durrain3405,actual,3,0.25
Afan,Durrain3406,actual,3,0.25
Afan,Durrain611,target,1,0.25
Afan,Durrain612,target,1,0.25
Afan,JUICE do3412,actual,1,0.25
Afan,Rabia2425,actual,2,0.25
Afan,UNCLE1275,target,1,0.25
Afan,UNCLE1276,target,1,0.25
Afan,UNCLE1277,target,1,0.25
Afan,UNCLE1278,target,1,0.25
Afan,UNCLE1279,target,1,0.25
Afan,UNCLE1280,target,1,0.25
Afan,UNCLE1281,target,1,0.25
Afan,UNCLE2991,actual,4,0.25
Afan,UNCLE2992,actual,1,0.25
Afan,UNCLE2993,actual,4,0.25
Afan,UNCLE2994,actual,4,0.25
Afan,UNCLE2995,actual,4,0.25
Afan,UNCLE2996,actual,4,0.25
Afan,UNCLE2997,actual,4,0.25
Afan,ajao1267,target,1,0.25
Afan,ajao2728,actual,5,0.25
Afan,anda1273,target,3,0.25
Afan,anda1274,target,3,0.25
Afan,anda2989,actual,3,0.25
Afan,anda2990,actual,3,0.25
Afan,baba2729,actual,5,0.25
Afan,baba2730,actual,5,0.25
Afan,baba2731,actual,5,0.25
Afan,baba2732,actual,5,0.25
Afan,baba2733,actual,5,0.25
Afan,baba2734,actual,5,0.25
Afan,baba3403,actual,1,0.25
Afan,baba591,target,1,0.25
Afan,baba592,target,1,0.25
Afan,baba593,target,1,0.25
Afan,baba594,target,1,0.25
Afan,baba595,target,1,0.25
Afan,baba596,target,1,0.25
Afan,baba597,target,1,0.25
Afan,bhow bhow2418,actual,3,0.25
Afan,bhow bhow607,target,1,0.25
Afan,chacha2424,actual,2,0.25
Afan,chunti2419,actual,2,0.25
Afan,chunti2420,actual,2,0.25
Afan,chunti2421,actual,2,0.25
Afan,chunti608,target,1,0.25
Afan,chunti609,target,1,0.25
Afan,chunti610,target,1,0.25
Afan,dada3410,actual,3,0.25
Afan,dada3411,actual,3,0.25
Afan,dada621,target,3,0.25
Afan,dada622,target,3,0.25
Afan,dawaye1919,actual,6,0.25
Afan,dawaye1920,actual,6,0.25
Afan,dawaye1921,actual,6,0.25
Afan,dawaye613,target,3,0.25
Afan,dawaye614,target,3,0.25
Afan,dawaye615,target,3,0.25
Afan,ganda3407,actual,4,0.25
Afan,ganda617,target,3,0.25
Afan,idhar1270,target,2,0.25
Afan,idhar1271,target,2,0.25
Afan,idhar1272,target,2,0.25
Afan,idhar1918,actual,6,0.25
Afan,idhar3605,actual,4,0.25
Afan,idhar3606,actual,4,0.25
Afan,mama1909,actual,6,0.25
Afan,mama1910,actual,6,0.25
Afan,mama3395,actual,1,0.25
Afan,mama3396,actual,1,0.25
Afan,mama3397,actual,1,0.25
Afan,mama3398,actual,1,0.25
Afan,mama3399,actual,1,0.25
Afan,mama3400,actual,1,0.25
Afan,mama3401,actual,1,0.25
Afan,mama3402,actual,1,0.25
Afan,mama581,target,1,0.25
Afan,mama582,target,1,0.25
Afan,mama583,target,1,0.25
Afan,mama584,target,1,0.25
Afan,mama585,target,1,0.25
Afan,mama586,target,1,0.25
Afan,mama587,target,1,0.25
Afan,mama588,target,1,0.25
Afan,mama589,target,1,0.25
Afan,mama590,target,1,0.25
Afan,na/ nahin1911,actual,5,0.25
Afan,na/ nahin1912,actual,5,0.25
Afan,na/ nahin1913,actual,5,0.25
Afan,na/ nahin1914,actual,5,0.25
Afan,na/ nahin1915,actual,5,0.25
Afan,na/ nahin1916,actual,5,0.25
Afan,na/ nahin1917,actual,5,0.25
Afan,na/ nahin598,target,2,0.25
Afan,na/ nahin599,target,2,0.25
Afan,na/ nahin600,target,2,0.25
Afan,na/ nahin601,target,2,0.25
Afan,na/ nahin602,target,2,0.25
Afan,na/ nahin603,target,2,0.25
Afan,na/ nahin604,target,2,0.25
Afan,ooper1283,target,1,0.25
Afan,pani2423,actual,1,0.25
Afan,pani3408,actual,2,0.25
Afan,pani3409,actual,2,0.25
Afan,pani618,target,1,0.25
Afan,pani619,target,1,0.25
Afan,pani620,target,1,0.25
Afan,udhar1282,target,2,0.25
Afan,udhar3607,actual,4,0.25
Afan,yay hai1922,actual,4,0.25
Afan,yay hai625,target,1,0.25
Atte,Atti1773,target,1,0.25
Atte,Atti1774,target,1,0.25
Atte,Atti1775,target,1,0.25
Atte,Atti1776,target,1,0.25
Atte,Atti1777,target,1,0.25
Atte,Atti1778,target,1,0.25
Atte,Atti1779,target,1,0.25
Atte,Atti1780,target,1,0.25
Atte,Atti1781,target,1,0.25
Atte,Atti1782,target,1,0.25
Atte,Atti3506,actual,2,0.25
Atte,Atti3507,actual,2,0.25
Atte,Atti3508,actual,2,0.25
Atte,Atti3509,actual,2,0.25
Atte,Atti3510,actual,2,0.25
Atte,Atti3511,actual,2,0.25
Atte,Atti3512,actual,2,0.25
Atte,Atti3513,actual,2,0.25
Atte,Atti3514,actual,2,0.25
Atte,Minni1512,target,3,0.25
Atte,Minni1513,target,3,0.25
Atte,Minni1514,target,3,0.25
Atte,Minni1515,target,3,0.25
Atte,Minni3209,actual,1,0.25
Atte,Minni3210,actual,1,0.25
Atte,Minni3211,actual,1,0.25
Atte,Minni3212,actual,1,0.25
Atte,aja1112,target,3,0.25
Atte,aja1113,target,3,0.25
Atte,aja3500,actual,2,0.25
Atte,aja3501,actual,2,0.25
Atte,ankka1769,target,1,0.25
Atte,ankka1770,target,1,0.25
Atte,ankka1771,target,1,0.25
Atte,ankka1772,target,1,0.25
Atte,ankka3502,actual,2,0.25
Atte,ankka3504,actual,2,0.25
Atte,ankka3505,actual,6,0.25
Atte,auto1114,target,4,0.25
Atte,auto1115,target,4,0.25
Atte,auto1116,target,4,0.25
Atte,auto1117,target,4,0.25
Atte,auto1118,target,4,0.25
Atte,auto1119,target,4,0.25
Atte,auto1120,target,4,0.25
Atte,auto1121,target,4,0.25
Atte,auto1122,target,4,0.25
Atte,auto1123,target,4,0.25
Atte,auto1124,target,4,0.25
Atte,auto1125,target,4,0.25
Atte,auto1126,target,4,0.25
Atte,auto1127,target,4,0.25
Atte,auto1128,target,4,0.25
Atte,auto1129,target,4,0.25
Atte,auto1130,target,4,0.25
Atte,auto1131,target,4,0.25
Atte,auto1132,target,4,0.25
Atte,auto1133,target,4,0.25
Atte,auto1134,target,4,0.25
Atte,auto1135,target,4,0.25
Atte,auto1136,target,4,0.25
Atte,auto1137,target,4,0.25
Atte,auto1138,target,4,0.25
Atte,auto1139,target,4,0.25
Atte,auto1140,target,4,0.25
Atte,auto1141,target,4,0.25
Atte,auto1142,target,4,0.25
Atte,auto1143,target,4,0.25
Atte,auto1144,target,4,0.25
Atte,auto1145,target,4,0.25
Atte,auto1146,target,4,0.25
Atte,auto1147,target,4,0.25
Atte,auto2711,actual,6,0.25
Atte,auto2865,actual,6,0.25
Atte,auto2866,actual,6,0.25
Atte,auto2867,actual,6,0.25
Atte,auto2868,actual,6,0.25
Atte,auto2869,actual,6,0.25
Atte,auto2870,actual,6,0.25
Atte,auto2871,actual,6,0.25
Atte,auto2872,actual,6,0.25
Atte,auto2873,actual,6,0.25
Atte,auto2874,actual,6,0.25
Atte,auto2875,actual,6,0.25
Atte,auto2876,actual,6,0.25
Atte,auto2877,actual,6,0.25
Atte,auto2878,actual,6,0.25
Atte,auto2879,actual,6,0.25
Atte,auto2880,actual,6,0.25
Atte,auto2881,actual,6,0.25
Atte,auto2882,actual,6,0.25
Atte,auto2883,actual,6,0.25
Atte,auto2884,actual,6,0.25
Atte,auto2885,actual,6,0.25
Atte,auto2886,actual,6,0.25
Atte,auto3515,actual,2,0.25
Atte,auto3516,actual,2,0.25
Atte,auto3517,actual,2,0.25
Atte,auto3518,actual,2,0.25
Atte,auto3519,actual,2,0.25
Atte,auto3520,actual,2,0.25
Atte,auto3521,actual,2,0.25
Atte,auto3522,actual,2,0.25
Atte,auto3523,actual,2,0.25
Atte,auto3524,actual,2,0.25
Atte,auto3525,actual,2,0.25
Atte,heppa1498,target,1,0.25
Atte,heppa3526,actual,3,0.25
Atte,isi1148,target,4,0.25
Atte,isi1149,target,4,0.25
Atte,isi1150,target,4,0.25
Atte,isi1151,target,4,0.25
Atte,isi1152,target,4,0.25
Atte,isi1153,target,4,0.25
Atte,isi1154,target,4,0.25
Atte,isi1155,target,4,0.25
Atte,isi2887,actual,6,0.25
Atte,isi2888,actual,6,0.25
Atte,isi2889,actual,3,0.25
Atte,isi2890,actual,6,0.25
Atte,isi2891,actual,6,0.25
Atte,isi2892,actual,6,0.25
Atte,isi2893,actual,6,0.25
Atte,isi2894,actual,6,0.25
Atte,kaksi2162,actual,1,0.25
Atte,kala276,target,2,0.25
Atte,kala2895,actual,4,0.25
Atte,kello1499,target,2,0.25
Atte,kello1500,target,2,0.25
Atte,kello1501,target,2,0.25
Atte,kello3527,actual,4,0.25
Atte,kello3528,actual,4,0.25
Atte,kello3529,actual,4,0.25
Atte,kippaa1502,target,3,0.25
Atte,kippaa1503,target,3,0.25
Atte,kippaa3204,actual,3,0.25
Atte,kippaa3205,actual,3,0.25
Atte,loppu1504,target,1,0.25
Atte,loppu1505,target,1,0.25
Atte,loppu1506,target,1,0.25
Atte,loppu1507,target,1,0.25
Atte,loppu3530,actual,3,0.25
Atte,loppu3531,actual,3,0.25
Atte,loppu3532,actual,3,0.25
Atte,loppu3533,actual,3,0.25
Atte,matto1508,target,3,0.25
Atte,matto1509,target,3,0.25
Atte,matto1510,target,3,0.25
Atte,matto1511,target,3,0.25
Atte,matto3206,actual,2,0.25
Atte,matto3207,actual,2,0.25
Atte,matto3208,actual,2,0.25
Atte,nalle1516,target,1,0.25
Atte,nalle1517,target,1,0.25
Atte,nalle3534,actual,4,0.25
Atte,nalle3535,actual,4,0.25
Atte,pallo1518,target,2,0.25
Atte,pallo1519,target,2,0.25
Atte,pallo1520,target,2,0.25
Atte,pallo3213,actual,1,0.25
Atte,pallo3536,actual,4,0.25
Atte,pallo3537,actual,4,0.25
Atte,pappa1521,target,2,0.25
Atte,pappa1522,target,2,0.25
Atte,pappa3214,actual,3,0.25
Atte,pupu2163,actual,2,0.25
Atte,pupu277,target,2,0.25
Atte,ukko1783,target,1,0.25
Atte,ukko1784,target,1,0.25
Atte,ukko1785,target,1,0.25
Atte,ukko1786,target,1,0.25
Atte,ukko1787,target,1,0.25
Atte,ukko1788,target,1,0.25
Atte,ukko1789,target,1,0.25
Atte,ukko3538,actual,2,0.25
Atte,ukko3539,actual,2,0.25
Atte,ukko3540,actual,1,0.25
Atte,ukko3541,actual,2,0.25
Atte,ukko3542,actual,2,0.25
Atte,ukko3543,actual,2,0.25
Atte,ukko3544,actual,2,0.25
Atte,äiti1102,target,4,0.25
Atte,äiti1103,target,4,0.25
Atte,äiti1104,target,4,0.25
Atte,äiti1105,target,4,0.25
Atte,äiti1106,target,4,0.25
Atte,äiti1107,target,4,0.25
Atte,äiti1108,target,4,0.25
Atte,äiti1109,target,4,0.25
Atte,äiti1110,target,4,0.25
Atte,äiti1111,target,4,0.25
Atte,äiti2862,actual,6,0.25
Atte,äiti2863,actual,6,0.25
Atte,äiti2864,actual,6,0.25
Atte,äiti3493,actual,2,0.25
Atte,äiti3494,actual,2,0.25
Atte,äiti3495,actual,2,0.25
Atte,äiti3496,actual,2,0.25
Atte,äiti3497,actual,2,0.25
Atte,äiti3498,actual,2,0.25
Atte,äiti3499,actual,2,0.25
Atte,ääni1101,target,4,0.25
Atte,ääni2861,actual,4,0.25
Basile,bisou1927,actual,1,0.25
Basile,bisou677,target,1,0.25
Basile,bravo2456,actual,2,0.25
Basile,bravo2457,actual,2,0.25
Basile,bravo678,target,2,0.25
Basile,bravo679,target,2,0.25
Basile,canard/coin-coin1928,actual,1,0.25
Basile,canard/coin-coin2458,actual,1,0.25
Basile,canard/coin-coin2459,actual,1,0.25
Basile,canard/coin-coin3002,actual,1,0.25
Basile,canard/coin-coin3003,actual,1,0.25
Basile,canard/coin-coin680,target,1,0.25
Basile,canard/coin-coin681,target,1,0.25
Basile,canard/coin-coin682,target,1,0.25
Basile,canard/coin-coin683,target,1,0.25
Basile,canard/coin-coin684,target,1,0.25
Basile,coucou2460,actual,1,0.25
Basile,coucou2461,actual,1,0.25
Basile,coucou686,target,1,0.25
Basile,coucou687,target,1,0.25
Basile,encore1298,target,1,0.25
Basile,encore1299,target,1,0.25
Basile,encore1300,target,1,0.25
Basile,encore1929,actual,1,0.25
Basile,encore3005,actual,1,0.25
Basile,encore3006,actual,1,0.25
Basile,est là1301,target,1,0.25
Basile,est là1302,target,1,0.25
Basile,est là1303,target,1,0.25
Basile,est là1930,actual,1,0.25
Basile,est là3007,actual,1,0.25
Basile,est là3008,actual,1,0.25
Basile,lequel3009,actual,1,0.25
Basile,livre1931,actual,1,0.25
Basile,livre1932,actual,1,0.25
Basile,livre1933,actual,1,0.25
Basile,livre1934,actual,1,0.25
Basile,livre1935,actual,1,0.25
Basile,livre1936,actual,1,0.25
Basile,livre1937,actual,1,0.25
Basile,livre3010,actual,1,0.25
Basile,livre3011,actual,1,0.25
Basile,livre690,target,1,0.25
Basile,livre691,target,1,0.25
Basile,livre692,target,1,0.25
Basile,livre693,target,1,0.25
Basile,livre694,target,1,0.25
Basile,livre695,target,1,0.25
Basile,livre696,target,1,0.25
Basile,livre697,target,1,0.25
Basile,livre698,target,1,0.25
Basile,livre699,target,1,0.25
Basile,maman2464,actual,1,0.25
Basile,maman2466,actual,1,0.25
Basile,maman2467,actual,1,0.25
Basile,maman2468,actual,1,0.25
Basile,maman2469,actual,1,0.25
Basile,maman2470,actual,1,0.25
Basile,maman3013,actual,1,0.25
Basile,maman3155,actual,1,0.25
Basile,maman3156,actual,1,0.25
Basile,maman700,target,1,0.25
Basile,maman701,target,1,0.25
Basile,maman702,target,1,0.25
Basile,maman703,target,1,0.25
Basile,maman704,target,1,0.25
Basile,maman705,target,1,0.25
Basile,maman706,target,1,0.25
Basile,maman707,target,1,0.25
Basile,maman708,target,1,0.25
Basile,maman709,target,1,0.25
Basile,maman710,target,1,0.25
Basile,musique2471,actual,1,0.25
Basile,musique2472,actual,1,0.25
Basile,musique2473,actual,1,0.25
Basile,musique2474,actual,1,0.25
Basile,musique2475,actual,1,0.25
Basile,musique712,target,1,0.25
Basile,musique713,target,1,0.25
Basile,musique714,target,1,0.25
Basile,musique715,target,1,0.25
Basile,musique716,target,1,0.25
Basile,nonnon717,target,1,0.25
Basile,nonnon718,target,1,0.25
Basile,papa2477,actual,2,0.25
Basile,papa2478,actual,2,0.25
Basile,papa2479,actual,2,0.25
Basile,papa2480,actual,2,0.25
Basile,papa719,target,1,0.25
Basile,papa720,target,1,0.25
Basile,papa721,target,1,0.25
Basile,papa722,target,1,0.25
Basile,pin pon1938,actual,2,0.25
Basile,pin pon1939,actual,2,0.25
Basile,pin pon1940,actual,2,0.25
Basile,pin pon1941,actual,2,0.25
Basile,pin pon1942,actual,2,0.25
Basile,pin pon2481,actual,2,0.25
Basile,pin pon723,target,1,0.25
Basile,pin pon724,target,1,0.25
Basile,pin pon725,target,1,0.25
Basile,pin pon726,target,1,0.25
Basile,pin pon727,target,1,0.25
Basile,pin pon728,target,1,0.25
Basile,pin pon729,target,1,0.25
Basile,voiture731,target,1,0.25
Basile,voiture732,target,1,0.25
Carys,La-La2752,actual,5,0.25
Carys,La-La928,target,2,0.25
Carys,Lucy2587,actual,1,0.25
Carys,Lucy930,target,3,0.25
Carys,Meira1976,actual,3,0.25
Carys,Meira2588,actual,3,0.25
Carys,Meira931,target,3,0.25
Carys,Meira932,target,3,0.25
Carys,Meira933,target,3,0.25
Carys,eira1332,target,5,0.25
Carys,eira1333,target,5,0.25
Carys,eira2580,actual,4,0.25
Carys,eira2581,actual,4,0.25
Carys,eisio1334,target,4,0.25
Carys,eisio1335,target,4,0.25
Carys,eisio2582,actual,5,0.25
Carys,eisio3067,actual,5,0.25
Carys,gaggag2583,actual,1,0.25
Carys,gaggag923,target,2,0.25
Carys,hiya2584,actual,3,0.25
Carys,hiya2751,actual,5,0.25
Carys,hiya924,target,2,0.25
Carys,hiya925,target,2,0.25
Carys,hwnna2585,actual,2,0.25
Carys,hwnna3068,actual,4,0.25
Carys,hwnna926,target,2,0.25
Carys,hwnna927,target,2,0.25
Carys,lorry929,target,4,0.25
Carys,tata2589,actual,5,0.25
Carys,tata2590,actual,5,0.25
Carys,tata3069,actual,7,0.25
Carys,tata934,target,2,0.25
Carys,tata935,target,2,0.25
Carys,tata936,target,2,0.25
Carys,tedi2591,actual,3,0.25
Carys,tedi937,target,2,0.25
Carys,tedi938,target,2,0.25
Carys,tedi939,target,2,0.25
Eelis,Eetu1156,target,2,0.25
Eelis,Eetu1157,target,2,0.25
Eelis,Eetu1158,target,2,0.25
Eelis,Eetu2896,actual,3,0.25
Eelis,Eetu2897,actual,3,0.25
Eelis,Eetu3553,actual,2,0.25
Eelis,Hippi1539,target,2,0.25
Eelis,Hippi1540,target,2,0.25
Eelis,Hippi1541,target,2,0.25
Eelis,Hippi3557,actual,4,0.25
Eelis,Hippi3558,actual,4,0.25
Eelis,Hippi3559,actual,4,0.25
Eelis,ankka1790,target,1,0.25
Eelis,ankka1791,target,1,0.25
Eelis,ankka1792,target,1,0.25
Eelis,ankka1793,target,1,0.25
Eelis,ankka1794,target,1,0.25
Eelis,ankka1795,target,1,0.25
Eelis,ankka1796,target,1,0.25
Eelis,ankka3545,actual,2,0.25
Eelis,ankka3546,actual,2,0.25
Eelis,ankka3547,actual,2,0.25
Eelis,ankka3548,actual,2,0.25
Eelis,ankka3549,actual,2,0.25
Eelis,ankka3550,actual,2,0.25
Eelis,ankka3551,actual,2,0.25
Eelis,heppa1523,target,2,0.25
Eelis,heppa1524,target,2,0.25
Eelis,heppa1525,target,2,0.25
Eelis,heppa1526,target,2,0.25
Eelis,heppa1527,target,2,0.25
Eelis,heppa1528,target,2,0.25
Eelis,heppa1529,target,2,0.25
Eelis,heppa1530,target,2,0.25
Eelis,heppa1531,target,2,0.25
Eelis,heppa1532,target,2,0.25
Eelis,heppa1533,target,2,0.25
Eelis,heppa1534,target,2,0.25
Eelis,heppa1535,target,2,0.25
Eelis,heppa1536,target,2,0.25
Eelis,heppa1537,target,2,0.25
Eelis,heppa1538,target,2,0.25
Eelis,heppa3215,actual,2,0.25
Eelis,heppa3216,actual,2,0.25
Eelis,heppa3217,actual,2,0.25
Eelis,heppa3218,actual,2,0.25
Eelis,heppa3219,actual,2,0.25
Eelis,heppa3220,actual,2,0.25
Eelis,heppa3221,actual,2,0.25
Eelis,heppa3222,actual,2,0.25
Eelis,heppa3223,actual,2,0.25
Eelis,heppa3224,actual,2,0.25
Eelis,heppa3225,actual,2,0.25
Eelis,heppa3226,actual,2,0.25
Eelis,heppa3227,actual,2,0.25
Eelis,heppa3554,actual,4,0.25
Eelis,heppa3555,actual,4,0.25
Eelis,heppa3556,actual,4,0.25
Eelis,istuu1159,target,1,0.25
Eelis,istuu1160,target,1,0.25
Eelis,istuu1161,target,1,0.25
Eelis,istuu1162,target,1,0.25
Eelis,istuu1163,target,1,0.25
Eelis,istuu3560,actual,2,0.25
Eelis,istuu3561,actual,2,0.25
Eelis,istuu3562,actual,2,0.25
Eelis,istuu3563,actual,2,0.25
Eelis,istuu3564,actual,2,0.25
Eelis,itkee1164,target,1,0.25
Eelis,itkee3565,actual,2,0.25
Eelis,kakka1542,target,2,0.25
Eelis,kakka1543,target,2,0.25
Eelis,kakka1544,target,2,0.25
Eelis,kakka1545,target,2,0.25
Eelis,kakka3228,actual,2,0.25
Eelis,kakka3229,actual,2,0.25
Eelis,kakka3230,actual,2,0.25
Eelis,kakka3231,actual,2,0.25
Eelis,kiikkaa1546,target,2,0.25
Eelis,kiikkaa1547,target,2,0.25
Eelis,kiikkaa1548,target,2,0.25
Eelis,kiikkaa1549,target,2,0.25
Eelis,kiikkaa1550,target,2,0.25
Eelis,kiikkaa1551,target,2,0.25
Eelis,kiikkaa1552,target,2,0.25
Eelis,kiikkaa1553,target,2,0.25
Eelis,kiikkaa1554,target,2,0.25
Eelis,kiikkaa1555,target,2,0.25
Eelis,kiikkaa1556,target,2,0.25
Eelis,kiikkaa1831,actual,2,0.25
Eelis,kiikkaa3232,actual,2,0.25
Eelis,kiikkaa3233,actual,2,0.25
Eelis,kiikkaa3234,actual,2,0.25
Eelis,kiikkaa3235,actual,2,0.25
Eelis,kiikkaa3236,actual,2,0.25
Eelis,kiikkaa3237,actual,2,0.25
Eelis,kiikkaa3238,actual,2,0.25
Eelis,kiikkaa3239,actual,2,0.25
Eelis,kiikkaa3240,actual,2,0.25
Eelis,kiikkaa3241,actual,2,0.25
Eelis,kiinni1557,target,1,0.25
Eelis,kiinni1558,target,1,0.25
Eelis,kiinni1559,target,1,0.25
Eelis,kiinni1560,target,1,0.25
Eelis,kiinni1561,target,1,0.25
Eelis,kiinni1562,target,1,0.25
Eelis,kiinni1563,target,1,0.25
Eelis,kiinni1564,target,1,0.25
Eelis,kiinni1832,actual,2,0.25
Eelis,kiinni1833,actual,2,0.25
Eelis,kiinni1834,actual,3,0.25
Eelis,kiinni1835,actual,2,0.25
Eelis,kiinni1836,actual,2,0.25
Eelis,kiinni1837,actual,2,0.25
Eelis,kiinni1838,actual,2,0.25
Eelis,kiinni1839,actual,2,0.25
Eelis,kiitos1840,actual,3,0.25
Eelis,kukka1565,target,2,0.25
Eelis,kukka1566,target,2,0.25
Eelis,kukka3242,actual,2,0.25
Eelis,kukka3243,actual,2,0.25
Eelis,loppu1567,target,3,0.25
Eelis,loppu1568,target,3,0.25
Eelis,loppu1569,target,3,0.25
Eelis,loppu1841,actual,1,0.25
Eelis,loppu1842,actual,1,0.25
Eelis,loppu3566,actual,4,0.25
Eelis,mamma1570,target,1,0.25
Eelis,mamma1571,target,1,0.25
Eelis,mamma3244,actual,1,0.25
Eelis,mamma3245,actual,1,0.25
Eelis,nappi1572,target,1,0.25
Eelis,nappi3567,actual,4,0.25
Eelis,omppu1798,target,1,0.25
Eelis,omppu1799,target,1,0.25
Eelis,omppu1843,actual,1,0.25
Eelis,omppu3568,actual,4,0.25
Eelis,pappa1573,target,1,0.25
Eelis,pappa3246,actual,2,0.25
Eelis,pipi2164,actual,2,0.25
Eelis,pipi279,target,1,0.25
Eelis,pipi280,target,1,0.25
Eelis,pipi281,target,1,0.25
Eelis,pipi3247,actual,3,0.25
Eelis,pipi3248,actual,3,0.25
Eelis,poppa1574,target,1,0.25
Eelis,poppa1575,target,1,0.25
Eelis,poppa2165,actual,2,0.25
Eelis,rikki1576,target,3,0.25
Eelis,rikki1577,target,3,0.25
Eelis,rikki3569,actual,2,0.25
Eelis,rikki3570,actual,2,0.25
Eelis,räppäa282,target,3,0.25
Eelis,räppäa2898,actual,2,0.25
Elen,Dipsi2622,actual,5,0.25
Elen,La-La3073,actual,4,0.25
Elen,La-La3074,actual,4,0.25
Elen,La-La3075,actual,4,0.25
Elen,La-La996,target,1,0.25
Elen,La-La997,target,1,0.25
Elen,La-La998,target,1,0.25
Elen,babi2612,actual,1,0.25
Elen,babi2613,actual,2,0.25
Elen,babi2614,actual,2,0.25
Elen,babi2615,actual,2,0.25
Elen,babi2616,actual,2,0.25
Elen,babi2617,actual,2,0.25
Elen,babi974,target,1,0.25
Elen,babi975,target,1,0.25
Elen,babi976,target,1,0.25
Elen,babi977,target,1,0.25
Elen,babi978,target,1,0.25
Elen,babi979,target,1,0.25
Elen,"dau, tri2619",actual,4,0.25
Elen,"dau, tri2620",actual,6,0.25
Elen,"dau, tri2621",actual,4,0.25
Elen,"dau, tri982",target,1,0.25
Elen,"dau, tri983",target,1,0.25
Elen,"dau, tri984",target,1,0.25
Elen,"dau, tri985",target,1,0.25
Elen,geegee2623,actual,3,0.25
Elen,geegee987,target,1,0.25
Elen,geegee988,target,1,0.25
Elen,hello1984,actual,1,0.25
Elen,hello2625,actual,5,0.25
Elen,hello3072,actual,4,0.25
Elen,hello989,target,3,0.25
Elen,hello990,target,3,0.25
Elen,hello991,target,3,0.25
Elen,hiya2626,actual,4,0.25
Elen,hiya2627,actual,3,0.25
Elen,hiya992,target,3,0.25
Elen,hiya993,target,3,0.25
Elen,hwnna2628,actual,4,0.25
Elen,hwnna994,target,2,0.25
Elen,llyga1340,target,3,0.25
Elen,llyga1341,target,3,0.25
Elen,llyga2630,actual,4,0.25
Elen,llyga2631,actual,1,0.25
Elen,oh god1342,target,2,0.25
Elen,oh god1343,target,2,0.25
Elen,oh god1344,target,2,0.25
Elen,oh god2632,actual,1,0.25
Elen,oh god3076,actual,2,0.25
Elen,seesaw999,target,2,0.25
Elen,tata1000,target,2,0.25
Elen,tata2633,actual,7,0.25
Elen,tedi1001,target,3,0.25
Elen,tedi1002,target,3,0.25
Elen,tedi2629,actual,8,0.25
Elen,tedi2634,actual,8,0.25
Elen,tedi2635,actual,3,0.25
Elen,tedi995,target,3,0.25
Elen,uh-oh1345,target,2,0.25
Elen,uh-oh1346,target,2,0.25
Elen,uh-oh1347,target,2,0.25
Elen,uh-oh2636,actual,4,0.25
Elen,uh-oh2637,actual,2,0.25
Elen,uh-oh3487,actual,1,0.25
Eliisa,"haloo, hallo1578",target,2,0.25
Eliisa,"haloo, hallo1579",target,2,0.25
Eliisa,"haloo, hallo2712",actual,5,0.25
Eliisa,"haloo, hallo2713",actual,5,0.25
Eliisa,hauva1845,actual,4,0.25
Eliisa,hauva1846,actual,4,0.25
Eliisa,hauva1847,actual,4,0.25
Eliisa,hauva2166,actual,1,0.25
Eliisa,hauva2714,actual,5,0.25
Eliisa,hauva2715,actual,5,0.25
Eliisa,hauva2716,actual,5,0.25
Eliisa,hauva283,target,2,0.25
Eliisa,hauva284,target,2,0.25
Eliisa,hauva285,target,2,0.25
Eliisa,hauva286,target,2,0.25
Eliisa,hauva287,target,2,0.25
Eliisa,hauva288,target,2,0.25
Eliisa,hauva289,target,2,0.25
Eliisa,isi1165,target,2,0.25
Eliisa,isi1166,target,2,0.25
Eliisa,isi1167,target,2,0.25
Eliisa,isi1168,target,2,0.25
Eliisa,isi1169,target,2,0.25
Eliisa,isi1170,target,2,0.25
Eliisa,isi1171,target,2,0.25
Eliisa,isi1172,target,2,0.25
Eliisa,isi1173,target,2,0.25
Eliisa,isi1174,target,2,0.25
Eliisa,isi1175,target,2,0.25
Eliisa,isi1176,target,2,0.25
Eliisa,isi2899,actual,3,0.25
Eliisa,isi2900,actual,3,0.25
Eliisa,isi2901,actual,3,0.25
Eliisa,isi2902,actual,3,0.25
Eliisa,isi2903,actual,3,0.25
Eliisa,isi2904,actual,3,0.25
Eliisa,isi2905,actual,3,0.25
Eliisa,isi2906,actual,3,0.25
Eliisa,isi2907,actual,3,0.25
Eliisa,isi2908,actual,3,0.25
Eliisa,isi2909,actual,3,0.25
Eliisa,isi2910,actual,3,0.25
Eliisa,istu1177,target,2,0.25
Eliisa,istu3571,actual,1,0.25
Eliisa,juusto290,target,2,0.25
Eliisa,juusto291,target,2,0.25
Eliisa,juusto2911,actual,2,0.25
Eliisa,juusto2912,actual,2,0.25
Eliisa,juusto2913,actual,2,0.25
Eliisa,juusto2914,actual,2,0.25
Eliisa,juusto2915,actual,2,0.25
Eliisa,juusto2916,actual,2,0.25
Eliisa,juusto2917,actual,2,0.25
Eliisa,juusto2918,actual,2,0.25
Eliisa,juusto2919,actual,2,0.25
Eliisa,juusto292,target,2,0.25
Eliisa,juusto2920,actual,2,0.25
Eliisa,juusto2921,actual,2,0.25
Eliisa,juusto293,target,2,0.25
Eliisa,juusto294,target,2,0.25
Eliisa,juusto295,target,2,0.25
Eliisa,juusto296,target,2,0.25
Eliisa,juusto297,target,2,0.25
Eliisa,juusto298,target,2,0.25
Eliisa,juusto299,target,2,0.25
Eliisa,juusto300,target,2,0.25
Eliisa,kakku1580,target,2,0.25
Eliisa,kakku3249,actual,2,0.25
Eliisa,kiikkuu1581,target,2,0.25
Eliisa,kiikkuu1582,target,2,0.25
Eliisa,kiikkuu1583,target,2,0.25
Eliisa,kiikkuu1584,target,2,0.25
Eliisa,kiikkuu1585,target,2,0.25
Eliisa,kiikkuu1586,target,2,0.25
Eliisa,kiikkuu1587,target,2,0.25
Eliisa,kiikkuu1588,target,2,0.25
Eliisa,kiikkuu1848,actual,3,0.25
Eliisa,kiikkuu2167,actual,1,0.25
Eliisa,kiikkuu3250,actual,2,0.25
Eliisa,kiikkuu3251,actual,2,0.25
Eliisa,kiikkuu3252,actual,2,0.25
Eliisa,kiikkuu3253,actual,2,0.25
Eliisa,kiikkuu3254,actual,2,0.25
Eliisa,kiikkuu3255,actual,2,0.25
Eliisa,kirja1849,actual,3,0.25
Eliisa,kirja1850,actual,3,0.25
Eliisa,kirja1851,actual,3,0.25
Eliisa,kirja301,target,1,0.25
Eliisa,kirja302,target,1,0.25
Eliisa,kirja303,target,1,0.25
Eliisa,kissa1589,target,3,0.25
Eliisa,kissa1590,target,3,0.25
Eliisa,kissa1591,target,3,0.25
Eliisa,kissa1592,target,3,0.25
Eliisa,kissa1593,target,3,0.25
Eliisa,kissa3572,actual,2,0.25
Eliisa,kissa3573,actual,2,0.25
Eliisa,kissa3574,actual,2,0.25
Eliisa,kissa3575,actual,2,0.25
Eliisa,kissa3576,actual,2,0.25
Eliisa,kukka1594,target,2,0.25
Eliisa,kukka3256,actual,2,0.25
Eliisa,litu1420,target,1,0.25
Eliisa,litu1421,target,1,0.25
Eliisa,litu1422,target,1,0.25
Eliisa,litu1423,target,1,0.25
Eliisa,litu1424,target,1,0.25
Eliisa,litu1425,target,1,0.25
Eliisa,litu2168,actual,2,0.25
Eliisa,litu2169,actual,2,0.25
Eliisa,litu2170,actual,2,0.25
Eliisa,litu2171,actual,2,0.25
Eliisa,litu2172,actual,2,0.25
Eliisa,litu2173,actual,2,0.25
Eliisa,mummu /muumu1595,target,1,0.25
Eliisa,mummu /muumu1596,target,1,0.25
Eliisa,mummu /muumu1597,target,1,0.25
Eliisa,mummu /muumu1598,target,1,0.25
Eliisa,mummu /muumu2174,actual,2,0.25
Eliisa,mummu /muumu2175,actual,2,0.25
Eliisa,mummu /muumu3257,actual,1,0.25
Eliisa,muumi1853,actual,2,0.25
Eliisa,muumi1854,actual,2,0.25
Eliisa,muumi304,target,1,0.25
Eliisa,muumi305,target,1,0.25
Eliisa,nukke1599,target,1,0.25
Eliisa,nukke1600,target,1,0.25
Eliisa,nukke3258,actual,2,0.25
Eliisa,nukke3259,actual,2,0.25
Eliisa,nukkuu1601,target,1,0.25
Eliisa,nukkuu1602,target,1,0.25
Eliisa,nukkuu3260,actual,2,0.25
Eliisa,nukkuu3261,actual,2,0.25
Eliisa,oho1178,target,1,0.25
Eliisa,oho1179,target,1,0.25
Eliisa,oho1180,target,1,0.25
Eliisa,oho1181,target,1,0.25
Eliisa,oho2922,actual,3,0.25
Eliisa,oho2923,actual,3,0.25
Eliisa,oho2924,actual,3,0.25
Eliisa,oho2925,actual,3,0.25
Eliisa,pallo1603,target,2,0.25
Eliisa,pallo1604,target,2,0.25
Eliisa,pallo3262,actual,2,0.25
Eliisa,pallo3263,actual,2,0.25
Eliisa,pappa1605,target,2,0.25
Eliisa,pappa1606,target,2,0.25
Eliisa,pappa1607,target,2,0.25
Eliisa,pappa1608,target,2,0.25
Eliisa,pappa3264,actual,2,0.25
Eliisa,pappa3265,actual,2,0.25
Eliisa,pappa3266,actual,2,0.25
Eliisa,pappa3267,actual,2,0.25
Eliisa,piiloon2717,actual,5,0.25
Eliisa,piiloon306,target,1,0.25
Eliisa,pomppi1609,target,2,0.25
Eliisa,pomppi1610,target,2,0.25
Eliisa,pomppi3268,actual,2,0.25
Eliisa,pomppi3269,actual,2,0.25
Eliisa,pupu2176,actual,2,0.25
Eliisa,pupu2177,actual,2,0.25
Eliisa,pupu2178,actual,2,0.25
Eliisa,pupu307,target,2,0.25
Eliisa,pupu308,target,2,0.25
Eliisa,pupu309,target,2,0.25
Eliisa,rikki3270,actual,2,0.25
Eliisa,"tippu, tippuu1612",target,2,0.25
Eliisa,"tippu, tippuu1613",target,2,0.25
Eliisa,"tippu, tippuu3271",actual,2,0.25
Eliisa,"tippu, tippuu3272",actual,2,0.25
Eliisa,tyttö1614,target,3,0.25
Eliisa,tyttö1615,target,3,0.25
Eliisa,tyttö1616,target,3,0.25
Eliisa,tyttö1617,target,3,0.25
Eliisa,tyttö1618,target,3,0.25
Eliisa,tyttö1619,target,3,0.25
Eliisa,tyttö1620,target,3,0.25
Eliisa,tyttö1621,target,3,0.25
Eliisa,tyttö1622,target,3,0.25
Eliisa,tyttö1623,target,3,0.25
Eliisa,tyttö1624,target,3,0.25
Eliisa,tyttö3191,actual,2,0.25
Eliisa,tyttö3273,actual,2,0.25
Eliisa,tyttö3274,actual,2,0.25
Eliisa,tyttö3275,actual,2,0.25
Eliisa,tyttö3276,actual,2,0.25
Eliisa,tyttö3277,actual,2,0.25
Eliisa,tyttö3278,actual,2,0.25
Eliisa,tyttö3279,actual,2,0.25
Eliisa,tyttö3280,actual,2,0.25
Eliisa,tyttö3281,actual,2,0.25
Eliisa,tyttö3282,actual,2,0.25
Eliisa,vettä1625,target,1,0.25
Eliisa,vettä2179,actual,2,0.25
Ella,Michelle102,target,1,0.25
Ella,Michelle103,target,1,0.25
Ella,Michelle104,target,1,0.25
Ella,Michelle105,target,1,0.25
Ella,Michelle106,target,1,0.25
Ella,Michelle107,target,1,0.25
Ella,Michelle1818,actual,6,0.25
Ella,Michelle1819,actual,2,0.25
Ella,Michelle1820,actual,2,0.25
Ella,Michelle1821,actual,1,0.25
Ella,Michelle3189,actual,1,0.25
Ella,apple1054,target,2,0.25
Ella,apple2791,actual,1,0.25
Ella,baby2012,actual,10,0.25
Ella,baby2013,actual,8,0.25
Ella,baby2014,actual,3,0.25
Ella,baby2015,actual,10,0.25
Ella,baby2016,actual,8,0.25
Ella,baby2652,actual,5,0.25
Ella,baby56,target,3,0.25
Ella,baby57,target,3,0.25
Ella,baby58,target,3,0.25
Ella,baby59,target,3,0.25
Ella,baby60,target,3,0.25
Ella,baby61,target,3,0.25
Ella,beep beep62,target,1,0.25
Ella,bottle2017,actual,11,0.25
Ella,bottle2018,actual,4,0.25
Ella,bottle2019,actual,11,0.25
Ella,bottle2020,actual,5,0.25
Ella,bottle2021,actual,7,0.25
Ella,bottle2022,actual,7,0.25
Ella,bottle2023,actual,4,0.25
Ella,bottle2024,actual,10,0.25
Ella,bottle2025,actual,11,0.25
Ella,bottle2026,actual,6,0.25
Ella,bottle2027,actual,3,0.25
Ella,bottle2028,actual,11,0.25
Ella,bottle63,target,2,0.25
Ella,bottle64,target,2,0.25
Ella,bottle65,target,2,0.25
Ella,bottle66,target,2,0.25
Ella,bottle67,target,2,0.25
Ella,bottle68,target,2,0.25
Ella,bottle69,target,2,0.25
Ella,bottle70,target,2,0.25
Ella,bottle71,target,2,0.25
Ella,bottle72,target,2,0.25
Ella,bottle73,target,2,0.25
Ella,bottle74,target,2,0.25
Ella,byebye2029,actual,8,0.25
Ella,byebye2030,actual,5,0.25
Ella,byebye2031,actual,5,0.25
Ella,byebye2032,actual,6,0.25
Ella,byebye2033,actual,5,0.25
Ella,byebye2035,actual,5,0.25
Ella,byebye2653,actual,1,0.25
Ella,byebye75,target,3,0.25
Ella,byebye76,target,3,0.25
Ella,byebye77,target,3,0.25
Ella,byebye78,target,3,0.25
Ella,byebye79,target,3,0.25
Ella,byebye80,target,3,0.25
Ella,byebye81,target,3,0.25
Ella,byebye82,target,3,0.25
Ella,byebye83,target,3,0.25
Ella,cuddle2792,actual,5,0.25
Ella,daddy2036,actual,1,0.25
Ella,glasses2037,actual,1,0.25
Ella,glasses2793,actual,3,0.25
Ella,glasses2794,actual,2,0.25
Ella,glasses3118,actual,2,0.25
Ella,glasses3119,actual,4,0.25
Ella,glasses3120,actual,1,0.25
Ella,glasses86,target,1,0.25
Ella,glasses87,target,1,0.25
Ella,glasses88,target,1,0.25
Ella,glasses89,target,1,0.25
Ella,glasses90,target,1,0.25
Ella,glasses91,target,1,0.25
Ella,glasses92,target,1,0.25
Ella,horsey100,target,1,0.25
Ella,horsey101,target,1,0.25
Ella,horsey2795,actual,14,0.25
Ella,horsey2796,actual,4,0.25
Ella,horsey2797,actual,1,0.25
Ella,horsey2798,actual,4,0.25
Ella,horsey2799,actual,14,0.25
Ella,horsey2800,actual,14,0.25
Ella,horsey2801,actual,4,0.25
Ella,horsey93,target,1,0.25
Ella,horsey94,target,1,0.25
Ella,horsey95,target,1,0.25
Ella,horsey96,target,1,0.25
Ella,horsey97,target,1,0.25
Ella,horsey98,target,1,0.25
Ella,horsey99,target,1,0.25
Ella,mummy108,target,1,0.25
Ella,mummy109,target,1,0.25
Ella,mummy110,target,1,0.25
Ella,mummy111,target,1,0.25
Ella,mummy112,target,1,0.25
Ella,mummy2038,actual,4,0.25
Ella,mummy2039,actual,3,0.25
Ella,mummy2040,actual,5,0.25
Ella,mummy2041,actual,4,0.25
Ella,mummy2042,actual,4,0.25
Ella,open1055,target,1,0.25
Ella,open2802,actual,3,0.25
Ella,pap pap113,target,1,0.25
Ella,pap pap114,target,1,0.25
Ella,pap pap2044,actual,2,0.25
Ella,piggie115,target,2,0.25
Ella,piggie116,target,2,0.25
Ella,piggie117,target,2,0.25
Ella,piggie118,target,2,0.25
Ella,piggie119,target,2,0.25
Ella,piggie2045,actual,6,0.25
Ella,piggie2046,actual,8,0.25
Ella,piggie2047,actual,4,0.25
Ella,piggie2048,actual,6,0.25
Ella,piggie2049,actual,6,0.25
Ella,rattle120,target,3,0.25
Ella,rattle121,target,3,0.25
Ella,rattle122,target,3,0.25
Ella,woof woof1366,target,1,0.25
Ella,woof woof1367,target,1,0.25
Ella,woof woof1368,target,1,0.25
Ella,woof woof1369,target,1,0.25
Ella,woof woof2803,actual,2,0.25
Ella,woof woof3122,actual,2,0.25
Ella,woof woof3124,actual,1,0.25
Ella,woof woof3625,actual,2,0.25
Fflur,afal3070,actual,1,0.25
Fflur,bwni2593,actual,3,0.25
Fflur,bwni2594,actual,8,0.25
Fflur,bwni2595,actual,4,0.25
Fflur,bwni2596,actual,2,0.25
Fflur,bwni2597,actual,8,0.25
Fflur,bwni3474,actual,4,0.25
Fflur,bwni3475,actual,4,0.25
Fflur,bwni3476,actual,4,0.25
Fflur,bwni3477,actual,4,0.25
Fflur,bwni3478,actual,4,0.25
Fflur,bwni3479,actual,4,0.25
Fflur,bwni942,target,3,0.25
Fflur,bwni943,target,3,0.25
Fflur,bwni944,target,3,0.25
Fflur,bwni945,target,3,0.25
Fflur,bwni946,target,3,0.25
Fflur,bwni947,target,3,0.25
Fflur,bwni948,target,3,0.25
Fflur,bwni949,target,3,0.25
Fflur,bwni950,target,3,0.25
Fflur,bwni951,target,3,0.25
Fflur,bwni952,target,3,0.25
Fflur,cwaccwac2598,actual,1,0.25
Fflur,eto1337,target,1,0.25
Fflur,eto1338,target,1,0.25
Fflur,eto1339,target,1,0.25
Fflur,eto1977,actual,3,0.25
Fflur,eto2599,actual,3,0.25
Fflur,eto2600,actual,1,0.25
Fflur,fanna1980,actual,2,0.25
Fflur,fanna1981,actual,3,0.25
Fflur,fanna956,target,4,0.25
Fflur,fanna957,target,4,0.25
Fflur,fan’cw954,target,3,0.25
Fflur,fan’cw955,target,3,0.25
Fflur,fyna3480,actual,4,0.25
Fflur,fyna3481,actual,1,0.25
Fflur,fyna3482,actual,1,0.25
Fflur,fyna958,target,4,0.25
Fflur,fyna959,target,4,0.25
Fflur,fyna960,target,4,0.25
Fflur,hwnna2601,actual,3,0.25
Fflur,hwnna2602,actual,7,0.25
Fflur,hwnna3483,actual,4,0.25
Fflur,hwnna961,target,3,0.25
Fflur,hwnna962,target,3,0.25
Fflur,hwnna963,target,3,0.25
Fflur,moron2603,actual,3,0.25
Fflur,moron2604,actual,1,0.25
Fflur,moron2605,actual,2,0.25
Fflur,moron2606,actual,1,0.25
Fflur,moron2608,actual,3,0.25
Fflur,moron964,target,1,0.25
Fflur,moron965,target,1,0.25
Fflur,moron966,target,1,0.25
Fflur,moron967,target,1,0.25
Fflur,moron968,target,1,0.25
Fflur,moron969,target,1,0.25
Fflur,moron970,target,1,0.25
Fflur,mwnci2609,actual,1,0.25
Fflur,mwnci3484,actual,4,0.25
Fflur,mwnci971,target,2,0.25
Fflur,mwnci972,target,2,0.25
Fflur,mwnci973,target,2,0.25
Fflur,syrthio1472,target,1,0.25
Fflur,syrthio1473,target,1,0.25
Fflur,syrthio1474,target,1,0.25
Fflur,syrthio1475,target,1,0.25
Fflur,syrthio2610,actual,6,0.25
Fflur,syrthio2611,actual,6,0.25
Fflur,syrthio3486,actual,2,0.25
Gaël,ballon1,target,1,0.25
Gaël,bébé10,target,2,0.25
Gaël,bébé11,target,2,0.25
Gaël,bébé12,target,2,0.25
Gaël,bébé13,target,2,0.25
Gaël,bébé1988,actual,3,0.25
Gaël,bébé1989,actual,3,0.25
Gaël,bébé1990,actual,3,0.25
Gaël,bébé1991,actual,3,0.25
Gaël,bébé1992,actual,3,0.25
Gaël,bébé1993,actual,3,0.25
Gaël,bébé1994,actual,3,0.25
Gaël,bébé1995,actual,3,0.25
Gaël,bébé1996,actual,3,0.25
Gaël,bébé1997,actual,3,0.25
Gaël,bébé1998,actual,3,0.25
Gaël,bébé1999,actual,3,0.25
Gaël,bébé2,target,2,0.25
Gaël,bébé3,target,2,0.25
Gaël,bébé4,target,2,0.25
Gaël,bébé5,target,2,0.25
Gaël,bébé6,target,2,0.25
Gaël,bébé7,target,2,0.25
Gaël,bébé8,target,2,0.25
Gaël,bébé9,target,2,0.25
Gaël,c'est ça14,target,2,0.25
Gaël,c'est ça15,target,2,0.25
Gaël,c'est ça16,target,2,0.25
Gaël,c'est ça17,target,2,0.25
Gaël,c'est ça18,target,2,0.25
Gaël,c'est ça19,target,2,0.25
Gaël,c'est ça20,target,2,0.25
Gaël,c'est ça2000,actual,6,0.25
Gaël,c'est ça21,target,2,0.25
Gaël,c'est ça22,target,2,0.25
Gaël,c'est ça23,target,2,0.25
Gaël,c'est ça24,target,2,0.25
Gaël,c'est ça25,target,2,0.25
Gaël,c'est ça26,target,2,0.25
Gaël,c'est ça27,target,2,0.25
Gaël,c'est ça2703,actual,1,0.25
Gaël,c'est ça2754,actual,8,0.25
Gaël,c'est ça2755,actual,8,0.25
Gaël,c'est ça2756,actual,8,0.25
Gaël,c'est ça2757,actual,8,0.25
Gaël,c'est ça2758,actual,8,0.25
Gaël,c'est ça2759,actual,8,0.25
Gaël,c'est ça2760,actual,8,0.25
Gaël,c'est ça2761,actual,8,0.25
Gaël,c'est ça2762,actual,8,0.25
Gaël,c'est ça2763,actual,8,0.25
Gaël,c'est ça2764,actual,8,0.25
Gaël,c'est ça2765,actual,8,0.25
Gaël,c'est ça2766,actual,8,0.25
Gaël,c'est ça2767,actual,8,0.25
Gaël,c'est ça2768,actual,8,0.25
Gaël,c'est ça2769,actual,8,0.25
Gaël,c'est ça2770,actual,8,0.25
Gaël,c'est ça2771,actual,8,0.25
Gaël,c'est ça28,target,2,0.25
Gaël,c'est ça29,target,2,0.25
Gaël,c'est ça30,target,2,0.25
Gaël,c'est ça31,target,2,0.25
Gaël,c'est ça32,target,2,0.25
Gaël,c'est ça33,target,2,0.25
Gaël,casser2001,actual,6,0.25
Gaël,casser2772,actual,8,0.25
Gaël,casser34,target,1,0.25
Gaël,casser35,target,1,0.25
Gaël,chercher1362,target,2,0.25
Gaël,chercher1363,target,2,0.25
Gaël,chercher1364,target,2,0.25
Gaël,chercher2002,actual,6,0.25
Gaël,chercher2773,actual,7,0.25
Gaël,chercher2774,actual,8,0.25
Gaël,dedans2775,actual,6,0.25
Gaël,dedans36,target,1,0.25
Gaël,dodo2003,actual,5,0.25
Gaël,dodo37,target,1,0.25
Gaël,dormir1811,actual,5,0.25
Gaël,grelot2778,actual,4,0.25
Gaël,grelot38,target,1,0.25
Gaël,ici1046,target,3,0.25
Gaël,ici1047,target,3,0.25
Gaël,ici2704,actual,1,0.25
Gaël,ici2779,actual,8,0.25
Gaël,là bas2780,actual,8,0.25
Gaël,là bas2781,actual,8,0.25
Gaël,là bas39,target,1,0.25
Gaël,là bas40,target,1,0.25
Gaël,machine1812,actual,3,0.25
Gaël,machine2782,actual,7,0.25
Gaël,machine41,target,1,0.25
Gaël,machine42,target,1,0.25
Gaël,maman1813,actual,4,0.25
Gaël,maman1814,actual,4,0.25
Gaël,maman2004,actual,2,0.25
Gaël,maman2005,actual,2,0.25
Gaël,maman2006,actual,2,0.25
Gaël,maman2007,actual,2,0.25
Gaël,maman2783,actual,4,0.25
Gaël,maman43,target,1,0.25
Gaël,maman44,target,1,0.25
Gaël,maman45,target,1,0.25
Gaël,maman46,target,1,0.25
Gaël,maman47,target,1,0.25
Gaël,maman48,target,1,0.25
Gaël,maman49,target,1,0.25
Gaël,ouvrir1048,target,2,0.25
Gaël,ouvrir1049,target,2,0.25
Gaël,ouvrir1050,target,2,0.25
Gaël,ouvrir1051,target,2,0.25
Gaël,ouvrir1052,target,2,0.25
Gaël,ouvrir1053,target,2,0.25
Gaël,ouvrir2784,actual,3,0.25
Gaël,ouvrir2785,actual,3,0.25
Gaël,ouvrir2786,actual,1,0.25
Gaël,ouvrir2787,actual,1,0.25
Gaël,ouvrir2788,actual,1,0.25
Gaël,ouvrir2789,actual,1,0.25
Gaël,ouvrir3621,actual,1,0.25
Gaël,ouvrir3622,actual,1,0.25
Gaël,ouvrir3623,actual,1,0.25
Gaël,papa2008,actual,2,0.25
Gaël,papa2790,actual,1,0.25
Gaël,papa50,target,2,0.25
Gaël,papa51,target,2,0.25
Gaël,papa52,target,2,0.25
Gaël,tout seul2009,actual,5,0.25
Gaël,voiture2010,actual,6,0.25
Gaël,voiture2011,actual,6,0.25
Gaël,voiture54,target,1,0.25
Gaël,voiture55,target,1,0.25
Gaël,écrit1044,target,1,0.25
Gaël,écrit1045,target,1,0.25
Gaël,écrit2776,actual,3,0.25
Gaël,écrit2777,actual,3,0.25
Gwyn,Bwgan2561,actual,1,0.25
Gwyn,Bwgan888,target,2,0.25
Gwyn,Bwgan889,target,2,0.25
Gwyn,Guto2568,actual,1,0.25
Gwyn,Guto902,target,4,0.25
Gwyn,Lucy1972,actual,5,0.25
Gwyn,Lucy1973,actual,5,0.25
Gwyn,Lucy910,target,5,0.25
Gwyn,Lucy911,target,5,0.25
Gwyn,Noa1974,actual,4,0.25
Gwyn,Noa920,target,3,0.25
Gwyn,adar1330,target,2,0.25
Gwyn,adar1331,target,2,0.25
Gwyn,adar2557,actual,5,0.25
Gwyn,adar2558,actual,5,0.25
Gwyn,babi3455,actual,2,0.25
Gwyn,babi3456,actual,2,0.25
Gwyn,babi3457,actual,2,0.25
Gwyn,babi3458,actual,2,0.25
Gwyn,babi876,target,3,0.25
Gwyn,babi877,target,3,0.25
Gwyn,babi878,target,3,0.25
Gwyn,babi879,target,3,0.25
Gwyn,blodau3175,actual,2,0.25
Gwyn,blodau3459,actual,2,0.25
Gwyn,blodau3460,actual,2,0.25
Gwyn,blodau3461,actual,2,0.25
Gwyn,blodau3462,actual,2,0.25
Gwyn,blodau3463,actual,2,0.25
Gwyn,blodau3464,actual,2,0.25
Gwyn,blodau880,target,1,0.25
Gwyn,blodau881,target,1,0.25
Gwyn,blodau882,target,1,0.25
Gwyn,blodau883,target,1,0.25
Gwyn,blodau884,target,1,0.25
Gwyn,blodau885,target,1,0.25
Gwyn,blodau886,target,1,0.25
Gwyn,blodau887,target,1,0.25
Gwyn,cadw3465,actual,1,0.25
Gwyn,cadw890,target,3,0.25
Gwyn,cwaccwac2562,actual,10,0.25
Gwyn,cwaccwac3466,actual,2,0.25
Gwyn,cwaccwac3489,actual,2,0.25
Gwyn,cwaccwac891,target,1,0.25
Gwyn,cwaccwac892,target,1,0.25
Gwyn,cwaccwac893,target,1,0.25
Gwyn,"dau, tri2563",actual,5,0.25
Gwyn,"dau, tri2564",actual,5,0.25
Gwyn,"dau, tri2565",actual,5,0.25
Gwyn,"dau, tri2566",actual,5,0.25
Gwyn,"dau, tri894",target,2,0.25
Gwyn,"dau, tri895",target,2,0.25
Gwyn,"dau, tri896",target,2,0.25
Gwyn,"dau, tri897",target,2,0.25
Gwyn,"dau, tri898",target,2,0.25
Gwyn,eh-oh1810,target,5,0.25
Gwyn,giraffe2567,actual,5,0.25
Gwyn,giraffe899,target,1,0.25
Gwyn,giraffe900,target,1,0.25
Gwyn,giraffe901,target,1,0.25
Gwyn,helo2569,actual,5,0.25
Gwyn,helo2570,actual,5,0.25
Gwyn,helo2571,actual,5,0.25
Gwyn,helo2572,actual,5,0.25
Gwyn,helo903,target,3,0.25
Gwyn,helo904,target,3,0.25
Gwyn,helo905,target,3,0.25
Gwyn,helo906,target,3,0.25
Gwyn,lala3468,actual,1,0.25
Gwyn,lala3490,actual,2,0.25
Gwyn,lala907,target,5,0.25
Gwyn,lala908,target,5,0.25
Gwyn,lala909,target,5,0.25
Gwyn,mwnci2573,actual,2,0.25
Gwyn,mwnci2574,actual,3,0.25
Gwyn,mwnci2575,actual,4,0.25
Gwyn,mwnci2576,actual,2,0.25
Gwyn,mwnci2577,actual,1,0.25
Gwyn,mwnci2578,actual,2,0.25
Gwyn,mwnci3469,actual,10,0.25
Gwyn,mwnci3470,actual,1,0.25
Gwyn,mwnci912,target,1,0.25
Gwyn,mwnci913,target,1,0.25
Gwyn,mwnci914,target,1,0.25
Gwyn,mwnci915,target,1,0.25
Gwyn,mwnci916,target,1,0.25
Gwyn,mwnci917,target,1,0.25
Gwyn,mwnci918,target,1,0.25
Gwyn,mwnci919,target,1,0.25
Gwyn,tedi3471,actual,1,0.25
Gwyn,tedi922,target,4,0.25
Haruo,I want it2328,actual,6,0.25
Haruo,I want it2329,actual,4,0.25
Haruo,I want it493,target,4,0.25
Haruo,I want it494,target,4,0.25
Haruo,all gone2335,actual,14,0.25
Haruo,all gone2336,actual,5,0.25
Haruo,all gone2337,actual,5,0.25
Haruo,all gone2338,actual,14,0.25
Haruo,all gone2339,actual,20,0.25
Haruo,all gone2340,actual,14,0.25
Haruo,all gone2341,actual,14,0.25
Haruo,all gone2342,actual,14,0.25
Haruo,all gone2343,actual,5,0.25
Haruo,all gone2344,actual,14,0.25
Haruo,all gone2683,actual,3,0.25
Haruo,all gone504,target,2,0.25
Haruo,all gone505,target,2,0.25
Haruo,all gone506,target,2,0.25
Haruo,all gone507,target,2,0.25
Haruo,all gone508,target,2,0.25
Haruo,all gone509,target,2,0.25
Haruo,all gone510,target,2,0.25
Haruo,all gone511,target,2,0.25
Haruo,all gone512,target,2,0.25
Haruo,all gone513,target,2,0.25
Haruo,all gone514,target,2,0.25
Haruo,baby3151,actual,5,0.25
Haruo,baby476,target,2,0.25
Haruo,byebye2309,actual,17,0.25
Haruo,byebye2310,actual,17,0.25
Haruo,byebye2311,actual,8,0.25
Haruo,byebye473,target,2,0.25
Haruo,byebye474,target,2,0.25
Haruo,byebye475,target,2,0.25
Haruo,car1889,actual,22,0.25
Haruo,car2314,actual,16,0.25
Haruo,car2315,actual,27,0.25
Haruo,car2726,actual,26,0.25
Haruo,car3371,actual,5,0.25
Haruo,car477,target,2,0.25
Haruo,car478,target,2,0.25
Haruo,car479,target,2,0.25
Haruo,car480,target,2,0.25
Haruo,car481,target,2,0.25
Haruo,cheers1432,target,1,0.25
Haruo,cheers1433,target,1,0.25
Haruo,cheers2312,actual,20,0.25
Haruo,cheers2313,actual,20,0.25
Haruo,choochoo1729,target,2,0.25
Haruo,choochoo1730,target,2,0.25
Haruo,choochoo2346,actual,15,0.25
Haruo,choochoo2347,actual,17,0.25
Haruo,doggie2350,actual,1,0.25
Haruo,don't1890,actual,15,0.25
Haruo,don't482,target,3,0.25
Haruo,effort sound1896,actual,2,0.25
Haruo,effort sound1897,actual,2,0.25
Haruo,effort sound1898,actual,27,0.25
Haruo,effort sound2330,actual,24,0.25
Haruo,effort sound2727,actual,1,0.25
Haruo,effort sound495,target,6,0.25
Haruo,effort sound496,target,6,0.25
Haruo,effort sound497,target,6,0.25
Haruo,effort sound498,target,6,0.25
Haruo,effort sound499,target,6,0.25
Haruo,foot1201,target,7,0.25
Haruo,foot1202,target,7,0.25
Haruo,foot1203,target,7,0.25
Haruo,foot2305,actual,23,0.25
Haruo,foot2306,actual,26,0.25
Haruo,foot3595,actual,4,0.25
Haruo,hello1894,actual,22,0.25
Haruo,hello492,target,3,0.25
Haruo,"here it is, found it1806",target,3,0.25
Haruo,"here it is, found it1807",target,3,0.25
Haruo,"here it is, found it3596",actual,8,0.25
Haruo,"here it is, found it3597",actual,8,0.25
Haruo,here2331,actual,17,0.25
Haruo,here2332,actual,19,0.25
Haruo,here500,target,4,0.25
Haruo,here501,target,4,0.25
Haruo,hold me1724,target,6,0.25
Haruo,hold me1725,target,6,0.25
Haruo,hold me1726,target,6,0.25
Haruo,hold me2317,actual,6,0.25
Haruo,hold me3372,actual,7,0.25
Haruo,hot1211,target,10,0.25
Haruo,hot1212,target,10,0.25
Haruo,hot1213,target,10,0.25
Haruo,hot3598,actual,5,0.25
Haruo,hot3599,actual,5,0.25
Haruo,hot3600,actual,5,0.25
Haruo,juice2323,actual,3,0.25
Haruo,juice2324,actual,24,0.25
Haruo,juice2325,actual,3,0.25
Haruo,juice2326,actual,3,0.25
Haruo,juice2327,actual,3,0.25
Haruo,juice3374,actual,9,0.25
Haruo,juice3375,actual,5,0.25
Haruo,juice485,target,7,0.25
Haruo,juice486,target,7,0.25
Haruo,juice487,target,7,0.25
Haruo,juice488,target,7,0.25
Haruo,juice489,target,7,0.25
Haruo,juice490,target,7,0.25
Haruo,juice491,target,7,0.25
Haruo,jump1435,target,1,0.25
Haruo,jump1436,target,1,0.25
Haruo,jump1437,target,1,0.25
Haruo,jump1438,target,1,0.25
Haruo,jump1439,target,1,0.25
Haruo,jump1440,target,1,0.25
Haruo,jump1891,actual,1,0.25
Haruo,jump1892,actual,1,0.25
Haruo,jump2321,actual,2,0.25
Haruo,jump2322,actual,18,0.25
Haruo,jump3373,actual,2,0.25
Haruo,mummy2334,actual,8,0.25
Haruo,mummy503,target,1,0.25
Haruo,"no, don't want to1214",target,5,0.25
Haruo,"no, don't want to1215",target,5,0.25
Haruo,"no, don't want to1216",target,5,0.25
Haruo,"no, don't want to1217",target,5,0.25
Haruo,"no, don't want to1218",target,5,0.25
Haruo,"no, don't want to1219",target,5,0.25
Haruo,"no, don't want to1895",actual,26,0.25
Haruo,"no, don't want to2949",actual,25,0.25
Haruo,"no, don't want to2950",actual,25,0.25
Haruo,"no, don't want to2951",actual,25,0.25
Haruo,"no, don't want to2952",actual,25,0.25
Haruo,"no, don't want to2953",actual,25,0.25
Haruo,ouch1220,target,10,0.25
Haruo,ouch1221,target,10,0.25
Haruo,ouch1222,target,10,0.25
Haruo,ouch1223,target,10,0.25
Haruo,ouch1224,target,10,0.25
Haruo,ouch2954,actual,27,0.25
Haruo,ouch2955,actual,27,0.25
Haruo,ouch2956,actual,27,0.25
Haruo,ouch2957,actual,27,0.25
Haruo,ouch3152,actual,6,0.25
Haruo,please2319,actual,1,0.25
Haruo,please483,target,6,0.25
Haruo,rolling sound? lying down?1899,actual,2,0.25
Haruo,rolling sound? lying down?1900,actual,2,0.25
Haruo,rolling sound? lying down?519,target,2,0.25
Haruo,rolling sound? lying down?520,target,2,0.25
Haruo,shoes1727,target,4,0.25
Haruo,shoes1728,target,4,0.25
Haruo,shoes3376,actual,7,0.25
Haruo,shoes3377,actual,7,0.25
Haruo,stand up!2348,actual,19,0.25
Haruo,stand up!2349,actual,7,0.25
Haruo,stand up!516,target,7,0.25
Haruo,stand up!517,target,7,0.25
Haruo,take off clothes2345,actual,20,0.25
Haruo,take off clothes515,target,1,0.25
Haruo,telephone2318,actual,20,0.25
Haruo,this2333,actual,15,0.25
Haruo,this502,target,3,0.25
Haruo,"what's up, this is odd'1204",target,8,0.25
Haruo,"what's up, this is odd'1205",target,8,0.25
Haruo,"what's up, this is odd'1206",target,8,0.25
Haruo,"what's up, this is odd'1207",target,8,0.25
Haruo,"what's up, this is odd'1208",target,8,0.25
Haruo,"what's up, this is odd'1209",target,8,0.25
Haruo,"what's up, this is odd'1210",target,8,0.25
Haruo,"what's up, this is odd'2307",actual,24,0.25
Haruo,"what's up, this is odd'2308",actual,11,0.25
Haruo,"what's up, this is odd'2944",actual,17,0.25
Haruo,"what's up, this is odd'2945",actual,25,0.25
Haruo,"what's up, this is odd'2946",actual,17,0.25
Haruo,"what's up, this is odd'2947",actual,17,0.25
Haruo,"what's up, this is odd'2948",actual,17,0.25
Haruo,where2320,actual,20,0.25
Haruo,where484,target,6,0.25
Hiromi,Barney1868,actual,6,0.25
Hiromi,Barney367,target,1,0.25
Hiromi,baby2209,actual,8,0.25
Hiromi,baby368,target,3,0.25
Hiromi,ball1869,actual,6,0.25
Hiromi,ball1870,actual,6,0.25
Hiromi,ball369,target,3,0.25
Hiromi,ball370,target,3,0.25
Hiromi,butterfly410,target,2,0.25
Hiromi,butterfly411,target,2,0.25
Hiromi,cake2215,actual,5,0.25
Hiromi,cake2216,actual,5,0.25
Hiromi,cake2217,actual,5,0.25
Hiromi,cake376,target,2,0.25
Hiromi,cake377,target,2,0.25
Hiromi,cake378,target,2,0.25
Hiromi,"car, vroom1670",target,3,0.25
Hiromi,"car, vroom1671",target,3,0.25
Hiromi,"car, vroom2210",actual,8,0.25
Hiromi,"car, vroom3326",actual,3,0.25
Hiromi,cute1872,actual,7,0.25
Hiromi,cute1873,actual,7,0.25
Hiromi,cute374,target,3,0.25
Hiromi,cute375,target,3,0.25
Hiromi,daddy2238,actual,8,0.25
Hiromi,daddy2239,actual,9,0.25
Hiromi,daddy2240,actual,7,0.25
Hiromi,daddy2241,actual,7,0.25
Hiromi,daddy2242,actual,9,0.25
Hiromi,daddy2243,actual,9,0.25
Hiromi,daddy2244,actual,9,0.25
Hiromi,daddy403,target,2,0.25
Hiromi,daddy404,target,2,0.25
Hiromi,daddy405,target,2,0.25
Hiromi,daddy406,target,2,0.25
Hiromi,daddy407,target,2,0.25
Hiromi,daddy408,target,2,0.25
Hiromi,daddy409,target,2,0.25
Hiromi,duck1673,target,2,0.25
Hiromi,duck2213,actual,5,0.25
Hiromi,ear2230,actual,2,0.25
Hiromi,ear2231,actual,2,0.25
Hiromi,ear2232,actual,2,0.25
Hiromi,ear395,target,1,0.25
Hiromi,ear396,target,1,0.25
Hiromi,ear397,target,1,0.25
Hiromi,eight371,target,1,0.25
Hiromi,foot1184,target,1,0.25
Hiromi,foot1185,target,1,0.25
Hiromi,foot2930,actual,2,0.25
Hiromi,foot2931,actual,2,0.25
Hiromi,hippopotamus2212,actual,7,0.25
Hiromi,hippopotamus372,target,3,0.25
Hiromi,mom2224,actual,2,0.25
Hiromi,mom2225,actual,3,0.25
Hiromi,mom2226,actual,2,0.25
Hiromi,mom2227,actual,2,0.25
Hiromi,mom2228,actual,2,0.25
Hiromi,mom2229,actual,2,0.25
Hiromi,mom389,target,1,0.25
Hiromi,mom390,target,1,0.25
Hiromi,mom391,target,1,0.25
Hiromi,mom392,target,1,0.25
Hiromi,mom393,target,1,0.25
Hiromi,mom394,target,1,0.25
Hiromi,neko 'cat2233,actual,2,0.25
Hiromi,neko 'cat2234,actual,2,0.25
Hiromi,neko 'cat2235,actual,2,0.25
Hiromi,neko 'cat2236,actual,2,0.25
Hiromi,neko 'cat2237,actual,2,0.25
Hiromi,neko 'cat398,target,1,0.25
Hiromi,neko 'cat399,target,1,0.25
Hiromi,neko 'cat400,target,1,0.25
Hiromi,neko 'cat401,target,1,0.25
Hiromi,neko 'cat402,target,1,0.25
Hiromi,panda1428,target,1,0.25
Hiromi,panda1429,target,1,0.25
Hiromi,panda1430,target,1,0.25
Hiromi,panda1878,actual,6,0.25
Hiromi,panda1879,actual,6,0.25
Hiromi,panda1880,actual,6,0.25
Hiromi,sleep1674,target,1,0.25
Hiromi,sleep1675,target,1,0.25
Hiromi,sleep1676,target,1,0.25
Hiromi,sleep1677,target,1,0.25
Hiromi,sleep3327,actual,1,0.25
Hiromi,sleep3328,actual,1,0.25
Hiromi,sleep3329,actual,1,0.25
Hiromi,sleep3330,actual,1,0.25
Hiromi,this1874,actual,7,0.25
Hiromi,this1875,actual,7,0.25
Hiromi,this1876,actual,4,0.25
Hiromi,this1877,actual,7,0.25
Hiromi,this2218,actual,5,0.25
Hiromi,this2219,actual,6,0.25
Hiromi,this2220,actual,6,0.25
Hiromi,this2221,actual,6,0.25
Hiromi,this2222,actual,6,0.25
Hiromi,this2223,actual,6,0.25
Hiromi,this379,target,2,0.25
Hiromi,this380,target,2,0.25
Hiromi,this381,target,2,0.25
Hiromi,this382,target,2,0.25
Hiromi,this383,target,2,0.25
Hiromi,this384,target,2,0.25
Hiromi,this385,target,2,0.25
Hiromi,this386,target,2,0.25
Hiromi,this387,target,2,0.25
Hiromi,this388,target,2,0.25
Hiromi,turtle2214,actual,7,0.25
Hiromi,turtle373,target,2,0.25
Ivy,baby123,target,3,0.25
Ivy,baby124,target,3,0.25
Ivy,baby125,target,3,0.25
Ivy,baby126,target,3,0.25
Ivy,baby127,target,3,0.25
Ivy,baby128,target,3,0.25
Ivy,baby129,target,3,0.25
Ivy,baby2050,actual,9,0.25
Ivy,baby2051,actual,11,0.25
Ivy,baby2052,actual,5,0.25
Ivy,baby2053,actual,10,0.25
Ivy,baby2054,actual,9,0.25
Ivy,baby2055,actual,11,0.25
Ivy,baby2056,actual,11,0.25
Ivy,balloon2804,actual,8,0.25
Ivy,bye bye131,target,3,0.25
Ivy,bye bye2057,actual,9,0.25
Ivy,daddy133,target,4,0.25
Ivy,daddy134,target,4,0.25
Ivy,daddy135,target,4,0.25
Ivy,daddy2058,actual,6,0.25
Ivy,daddy2060,actual,6,0.25
Ivy,giraffe136,target,1,0.25
Ivy,giraffe137,target,1,0.25
Ivy,giraffe138,target,1,0.25
Ivy,giraffe139,target,1,0.25
Ivy,giraffe2061,actual,3,0.25
Ivy,giraffe2805,actual,15,0.25
Ivy,giraffe2806,actual,12,0.25
Ivy,giraffe2807,actual,15,0.25
Ivy,jumpy1370,target,2,0.25
Ivy,jumpy1371,target,2,0.25
Ivy,jumpy1372,target,2,0.25
Ivy,jumpy1373,target,2,0.25
Ivy,jumpy2062,actual,4,0.25
Ivy,jumpy2063,actual,1,0.25
Ivy,jumpy2064,actual,6,0.25
Ivy,lion140,target,1,0.25
Ivy,lion141,target,1,0.25
Ivy,lion142,target,1,0.25
Ivy,lion143,target,1,0.25
Ivy,lion144,target,1,0.25
Ivy,lion145,target,1,0.25
Ivy,lion146,target,1,0.25
Ivy,lion2065,actual,3,0.25
Ivy,lion2066,actual,3,0.25
Ivy,lion2808,actual,13,0.25
Ivy,lion3125,actual,2,0.25
Ivy,lion3126,actual,4,0.25
Ivy,lion3127,actual,3,0.25
Ivy,lion3128,actual,4,0.25
Ivy,monkey3190,actual,5,0.25
Ivy,mummy147,target,2,0.25
Ivy,mummy148,target,2,0.25
Ivy,mummy149,target,2,0.25
Ivy,mummy150,target,2,0.25
Ivy,mummy151,target,2,0.25
Ivy,mummy152,target,2,0.25
Ivy,mummy153,target,2,0.25
Ivy,mummy2067,actual,5,0.25
Ivy,mummy2068,actual,5,0.25
Ivy,mummy2069,actual,8,0.25
Ivy,mummy2070,actual,5,0.25
Ivy,mummy2071,actual,5,0.25
Ivy,mummy2072,actual,5,0.25
Ivy,mummy2073,actual,8,0.25
Ivy,quack quack165,target,1,0.25
Ivy,quack quack166,target,1,0.25
Ivy,quack quack2809,actual,13,0.25
Ivy,rabbit154,target,1,0.25
Ivy,rabbit2074,actual,3,0.25
Ivy,ribbit167,target,1,0.25
Ivy,ribbit168,target,1,0.25
Ivy,ribbit169,target,1,0.25
Ivy,ribbit170,target,1,0.25
Ivy,ribbit2083,actual,8,0.25
Ivy,ribbit2662,actual,3,0.25
Ivy,ribbit3134,actual,5,0.25
Ivy,row row155,target,2,0.25
Ivy,row row156,target,2,0.25
Ivy,row row157,target,2,0.25
Ivy,row row158,target,2,0.25
Ivy,row row159,target,2,0.25
Ivy,row row160,target,2,0.25
Ivy,row row161,target,2,0.25
Ivy,row row2075,actual,5,0.25
Ivy,row row2076,actual,8,0.25
Ivy,row row3129,actual,6,0.25
Ivy,row row3130,actual,6,0.25
Ivy,row row3131,actual,4,0.25
Ivy,row row3132,actual,3,0.25
Ivy,teddy162,target,4,0.25
Ivy,teddy163,target,4,0.25
Ivy,teddy2077,actual,5,0.25
Ivy,teddy2078,actual,6,0.25
Ivy,tractor1375,target,2,0.25
Ivy,what's that?1376,target,1,0.25
Ivy,what's that?1377,target,1,0.25
Ivy,what's that?1378,target,1,0.25
Ivy,what's that?1379,target,1,0.25
Ivy,what's that?1380,target,1,0.25
Ivy,what's that?2081,actual,1,0.25
Ivy,woof1381,target,1,0.25
Ivy,woof1382,target,1,0.25
Ivy,woof2660,actual,1,0.25
Ivy,woof3628,actual,1,0.25
Ivy,zebra164,target,4,0.25
Ivy,zebra2082,actual,10,0.25
Julien,Boubou2484,actual,2,0.25
Julien,Boubou2485,actual,2,0.25
Julien,Boubou2486,actual,2,0.25
Julien,Boubou733,target,2,0.25
Julien,Boubou734,target,2,0.25
Julien,Boubou735,target,2,0.25
Julien,Papa2495,actual,3,0.25
Julien,Papa2496,actual,3,0.25
Julien,Papa2497,actual,3,0.25
Julien,Papa745,target,3,0.25
Julien,Papa746,target,3,0.25
Julien,Papa747,target,3,0.25
Julien,Petit748,target,1,0.25
Julien,Pin pon2498,actual,3,0.25
Julien,Pin pon2499,actual,1,0.25
Julien,Pin pon749,target,3,0.25
Julien,Pin pon750,target,3,0.25
Julien,Pin pon751,target,3,0.25
Julien,Popi2500,actual,1,0.25
Julien,Popi752,target,3,0.25
Julien,Tonton2501,actual,1,0.25
Julien,Tonton2502,actual,1,0.25
Julien,Tonton753,target,2,0.25
Julien,Tonton754,target,2,0.25
Julien,cot cot2488,actual,1,0.25
Julien,croco2489,actual,1,0.25
Julien,croco2490,actual,1,0.25
Julien,croco2491,actual,1,0.25
Julien,croco737,target,1,0.25
Julien,croco738,target,1,0.25
Julien,croco739,target,1,0.25
Julien,croco740,target,1,0.25
Kazuko,Big Bird1441,target,2,0.25
Kazuko,Big Bird1442,target,2,0.25
Kazuko,"all gone, put away1908",actual,3,0.25
Kazuko,"all gone, put away2407",actual,6,0.25
Kazuko,"all gone, put away2408",actual,6,0.25
Kazuko,"all gone, put away3193",actual,6,0.25
Kazuko,"all gone, put away577",target,2,0.25
Kazuko,"all gone, put away578",target,2,0.25
Kazuko,"all gone, put away579",target,2,0.25
Kazuko,"all gone, put away580",target,2,0.25
Kazuko,car1901,actual,8,0.25
Kazuko,car1902,actual,8,0.25
Kazuko,car2372,actual,6,0.25
Kazuko,car2373,actual,6,0.25
Kazuko,car2374,actual,6,0.25
Kazuko,car2375,actual,6,0.25
Kazuko,car2376,actual,6,0.25
Kazuko,car2377,actual,6,0.25
Kazuko,car2378,actual,3,0.25
Kazuko,car2379,actual,3,0.25
Kazuko,car2380,actual,3,0.25
Kazuko,car2381,actual,6,0.25
Kazuko,car531,target,3,0.25
Kazuko,car532,target,3,0.25
Kazuko,car533,target,3,0.25
Kazuko,car534,target,3,0.25
Kazuko,car535,target,3,0.25
Kazuko,car536,target,3,0.25
Kazuko,car537,target,3,0.25
Kazuko,car538,target,3,0.25
Kazuko,car539,target,3,0.25
Kazuko,car540,target,3,0.25
Kazuko,car541,target,3,0.25
Kazuko,car542,target,3,0.25
Kazuko,cloud2404,actual,3,0.25
Kazuko,cloud2405,actual,3,0.25
Kazuko,cloud573,target,2,0.25
Kazuko,cloud574,target,2,0.25
Kazuko,cloud575,target,2,0.25
Kazuko,comb576,target,2,0.25
Kazuko,doesn't exist1266,target,2,0.25
Kazuko,doesn't exist1907,actual,6,0.25
Kazuko,foot1229,target,3,0.25
Kazuko,foot1230,target,3,0.25
Kazuko,foot1231,target,3,0.25
Kazuko,foot1232,target,3,0.25
Kazuko,foot1233,target,3,0.25
Kazuko,foot1234,target,3,0.25
Kazuko,foot1235,target,3,0.25
Kazuko,foot1236,target,3,0.25
Kazuko,foot1237,target,3,0.25
Kazuko,foot1238,target,3,0.25
Kazuko,foot1239,target,3,0.25
Kazuko,foot1240,target,3,0.25
Kazuko,foot1241,target,3,0.25
Kazuko,foot1242,target,3,0.25
Kazuko,foot1243,target,3,0.25
Kazuko,foot1244,target,3,0.25
Kazuko,foot1245,target,3,0.25
Kazuko,foot1246,target,3,0.25
Kazuko,foot1247,target,3,0.25
Kazuko,foot1248,target,3,0.25
Kazuko,foot1249,target,3,0.25
Kazuko,foot1250,target,3,0.25
Kazuko,foot1251,target,3,0.25
Kazuko,foot1252,target,3,0.25
Kazuko,foot1253,target,3,0.25
Kazuko,foot1254,target,3,0.25
Kazuko,foot1255,target,3,0.25
Kazuko,foot1256,target,3,0.25
Kazuko,foot1257,target,3,0.25
Kazuko,foot1258,target,3,0.25
Kazuko,foot1259,target,3,0.25
Kazuko,foot1260,target,3,0.25
Kazuko,foot1261,target,3,0.25
Kazuko,foot1262,target,3,0.25
Kazuko,foot1263,target,3,0.25
Kazuko,foot1264,target,3,0.25
Kazuko,foot1265,target,3,0.25
Kazuko,foot2351,actual,16,0.25
Kazuko,foot2352,actual,11,0.25
Kazuko,foot2353,actual,13,0.25
Kazuko,foot2354,actual,16,0.25
Kazuko,foot2355,actual,11,0.25
Kazuko,foot2356,actual,13,0.25
Kazuko,foot2357,actual,16,0.25
Kazuko,foot2358,actual,19,0.25
Kazuko,foot2359,actual,9,0.25
Kazuko,foot2360,actual,10,0.25
Kazuko,foot2361,actual,19,0.25
Kazuko,foot2962,actual,19,0.25
Kazuko,foot2963,actual,20,0.25
Kazuko,foot2964,actual,7,0.25
Kazuko,foot2965,actual,19,0.25
Kazuko,foot2966,actual,19,0.25
Kazuko,foot2967,actual,20,0.25
Kazuko,foot2968,actual,20,0.25
Kazuko,foot2969,actual,14,0.25
Kazuko,foot2970,actual,14,0.25
Kazuko,foot2971,actual,20,0.25
Kazuko,foot2972,actual,14,0.25
Kazuko,foot2973,actual,7,0.25
Kazuko,foot2974,actual,14,0.25
Kazuko,foot2975,actual,14,0.25
Kazuko,foot2976,actual,19,0.25
Kazuko,foot2977,actual,6,0.25
Kazuko,foot2978,actual,19,0.25
Kazuko,foot2979,actual,16,0.25
Kazuko,foot2980,actual,11,0.25
Kazuko,foot2981,actual,12,0.25
Kazuko,foot2982,actual,6,0.25
Kazuko,foot2983,actual,16,0.25
Kazuko,foot2984,actual,16,0.25
Kazuko,foot3153,actual,1,0.25
Kazuko,foot3379,actual,4,0.25
Kazuko,hat2363,actual,13,0.25
Kazuko,hat2364,actual,13,0.25
Kazuko,hat2365,actual,8,0.25
Kazuko,hat2366,actual,13,0.25
Kazuko,hat2367,actual,8,0.25
Kazuko,hat2368,actual,8,0.25
Kazuko,hat2369,actual,13,0.25
Kazuko,hat2370,actual,13,0.25
Kazuko,hat2371,actual,13,0.25
Kazuko,hat521,target,3,0.25
Kazuko,hat522,target,3,0.25
Kazuko,hat523,target,3,0.25
Kazuko,hat524,target,3,0.25
Kazuko,hat525,target,3,0.25
Kazuko,hat526,target,3,0.25
Kazuko,hat527,target,3,0.25
Kazuko,hat528,target,3,0.25
Kazuko,hat529,target,3,0.25
Kazuko,hat530,target,3,0.25
Kazuko,hello1904,actual,10,0.25
Kazuko,hello2393,actual,6,0.25
Kazuko,hello2394,actual,8,0.25
Kazuko,hello2395,actual,7,0.25
Kazuko,hello2396,actual,8,0.25
Kazuko,hello2397,actual,10,0.25
Kazuko,hello2398,actual,8,0.25
Kazuko,hello2399,actual,8,0.25
Kazuko,hello2400,actual,16,0.25
Kazuko,hello2401,actual,7,0.25
Kazuko,hello2402,actual,8,0.25
Kazuko,hello2985,actual,16,0.25
Kazuko,hello2986,actual,16,0.25
Kazuko,hello2987,actual,5,0.25
Kazuko,hello3601,actual,1,0.25
Kazuko,hello3602,actual,1,0.25
Kazuko,hello3603,actual,1,0.25
Kazuko,hello551,target,1,0.25
Kazuko,hello552,target,1,0.25
Kazuko,hello553,target,1,0.25
Kazuko,hello554,target,1,0.25
Kazuko,hello555,target,1,0.25
Kazuko,hello556,target,1,0.25
Kazuko,hello557,target,1,0.25
Kazuko,hello558,target,1,0.25
Kazuko,hello559,target,1,0.25
Kazuko,hello560,target,1,0.25
Kazuko,hello561,target,1,0.25
Kazuko,hello562,target,1,0.25
Kazuko,hello563,target,1,0.25
Kazuko,hello564,target,1,0.25
Kazuko,hello565,target,1,0.25
Kazuko,hello566,target,1,0.25
Kazuko,hello567,target,1,0.25
Kazuko,hello568,target,1,0.25
Kazuko,hold me1731,target,2,0.25
Kazuko,hold me1732,target,2,0.25
Kazuko,hold me3380,actual,1,0.25
Kazuko,hold me3381,actual,2,0.25
Kazuko,kitty1743,target,2,0.25
Kazuko,kitty1744,target,2,0.25
Kazuko,kitty1745,target,2,0.25
Kazuko,kitty1746,target,2,0.25
Kazuko,kitty1747,target,2,0.25
Kazuko,kitty1748,target,2,0.25
Kazuko,kitty1749,target,2,0.25
Kazuko,kitty1750,target,2,0.25
Kazuko,kitty1751,target,2,0.25
Kazuko,kitty1752,target,2,0.25
Kazuko,kitty2409,actual,6,0.25
Kazuko,kitty2410,actual,6,0.25
Kazuko,kitty2411,actual,6,0.25
Kazuko,kitty2412,actual,4,0.25
Kazuko,kitty2413,actual,6,0.25
Kazuko,kitty2414,actual,6,0.25
Kazuko,kitty2415,actual,6,0.25
Kazuko,kitty2416,actual,6,0.25
Kazuko,kitty3394,actual,3,0.25
Kazuko,mouth2403,actual,9,0.25
Kazuko,mouth2686,actual,3,0.25
Kazuko,mouth571,target,2,0.25
Kazuko,mouth572,target,2,0.25
Kazuko,people1905,actual,1,0.25
Kazuko,people1906,actual,1,0.25
Kazuko,people569,target,1,0.25
Kazuko,people570,target,1,0.25
Kazuko,pig1903,actual,8,0.25
Kazuko,pig2382,actual,3,0.25
Kazuko,pig2383,actual,3,0.25
Kazuko,pig543,target,2,0.25
Kazuko,pig544,target,2,0.25
Kazuko,pig545,target,2,0.25
Kazuko,please2389,actual,14,0.25
Kazuko,please2390,actual,8,0.25
Kazuko,please2391,actual,3,0.25
Kazuko,please546,target,2,0.25
Kazuko,please547,target,2,0.25
Kazuko,please548,target,2,0.25
Kazuko,please549,target,2,0.25
Kazuko,rain1225,target,3,0.25
Kazuko,rain1226,target,3,0.25
Kazuko,rain1227,target,3,0.25
Kazuko,rain1228,target,3,0.25
Kazuko,rain2958,actual,8,0.25
Kazuko,rain2959,actual,10,0.25
Kazuko,rain2960,actual,10,0.25
Kazuko,rain2961,actual,10,0.25
Kazuko,sleeping1733,target,2,0.25
Kazuko,sleeping1734,target,2,0.25
Kazuko,sleeping1735,target,2,0.25
Kazuko,sleeping1736,target,2,0.25
Kazuko,sleeping1737,target,2,0.25
Kazuko,sleeping1738,target,2,0.25
Kazuko,sleeping1739,target,2,0.25
Kazuko,sleeping1740,target,2,0.25
Kazuko,sleeping1741,target,2,0.25
Kazuko,sleeping1742,target,2,0.25
Kazuko,sleeping3384,actual,3,0.25
Kazuko,sleeping3385,actual,3,0.25
Kazuko,sleeping3386,actual,3,0.25
Kazuko,sleeping3387,actual,3,0.25
Kazuko,sleeping3388,actual,3,0.25
Kazuko,sleeping3389,actual,3,0.25
Kazuko,sleeping3390,actual,3,0.25
Kazuko,sleeping3391,actual,3,0.25
Kazuko,sleeping3392,actual,3,0.25
Kazuko,sleeping3393,actual,3,0.25
Kazuko,telephone1443,target,1,0.25
Kazuko,telephone1444,target,1,0.25
Kazuko,telephone1445,target,1,0.25
Kazuko,telephone1446,target,1,0.25
Kazuko,telephone1447,target,1,0.25
Kazuko,telephone2384,actual,2,0.25
Kazuko,telephone2385,actual,7,0.25
Kazuko,telephone2386,actual,4,0.25
Kazuko,telephone2387,actual,5,0.25
Kazuko,telephone2388,actual,2,0.25
Lewis,all gone1476,target,1,0.25
Lewis,all gone1477,target,1,0.25
Lewis,all gone1478,target,1,0.25
Lewis,all gone1479,target,1,0.25
Lewis,all gone1480,target,1,0.25
Lewis,all gone1481,target,1,0.25
Lewis,all gone1482,target,1,0.25
Lewis,all gone1483,target,1,0.25
Lewis,all gone2084,actual,1,0.25
Lewis,all gone2810,actual,3,0.25
Lewis,all gone2811,actual,1,0.25
Lewis,all gone2812,actual,3,0.25
Lewis,all gone2813,actual,2,0.25
Lewis,all gone3196,actual,1,0.25
Lewis,apple2085,actual,4,0.25
Lewis,choo-choo176,target,1,0.25
Lewis,choo-choo177,target,1,0.25
Lewis,choo-choo178,target,1,0.25
Lewis,choo-choo179,target,1,0.25
Lewis,choo-choo180,target,1,0.25
Lewis,choo-choo2099,actual,2,0.25
Lewis,choo-choo3199,actual,7,0.25
Lewis,choo-choo3200,actual,2,0.25
Lewis,circle171,target,1,0.25
Lewis,circle172,target,1,0.25
Lewis,circle173,target,1,0.25
Lewis,circle174,target,1,0.25
Lewis,circle2086,actual,9,0.25
Lewis,circle2087,actual,9,0.25
Lewis,circle2088,actual,9,0.25
Lewis,circle2089,actual,5,0.25
Lewis,ladder2090,actual,4,0.25
Lewis,oh no1057,target,2,0.25
Lewis,oh no1058,target,2,0.25
Lewis,oh no1059,target,2,0.25
Lewis,oh no1060,target,2,0.25
Lewis,oh no1061,target,2,0.25
Lewis,oh no1062,target,2,0.25
Lewis,oh no1063,target,2,0.25
Lewis,oh no1064,target,2,0.25
Lewis,oh no1065,target,2,0.25
Lewis,oh no1066,target,2,0.25
Lewis,oh no1067,target,2,0.25
Lewis,oh no1068,target,2,0.25
Lewis,oh no1069,target,2,0.25
Lewis,oh no1070,target,2,0.25
Lewis,oh no1071,target,2,0.25
Lewis,oh no1072,target,2,0.25
Lewis,oh no2091,actual,5,0.25
Lewis,oh no2092,actual,5,0.25
Lewis,oh no2814,actual,4,0.25
Lewis,oh no2815,actual,4,0.25
Lewis,oh no2816,actual,4,0.25
Lewis,oh no2817,actual,4,0.25
Lewis,oh no2818,actual,4,0.25
Lewis,oh no2819,actual,4,0.25
Lewis,oh no2820,actual,4,0.25
Lewis,oh no2821,actual,4,0.25
Lewis,oh no2822,actual,4,0.25
Lewis,oh no2823,actual,4,0.25
Lewis,oh no2824,actual,4,0.25
Lewis,oh no2825,actual,4,0.25
Lewis,oh no3135,actual,2,0.25
Lewis,oh no3136,actual,2,0.25
Lewis,tractor1384,target,1,0.25
Lewis,tractor1385,target,1,0.25
Lewis,tractor1386,target,1,0.25
Lewis,tractor1387,target,1,0.25
Lewis,tractor1388,target,1,0.25
Lewis,tractor2093,actual,1,0.25
Lewis,tractor2095,actual,4,0.25
Lewis,tractor3488,actual,5,0.25
Lewis,uh-oh1073,target,2,0.25
Lewis,uh-oh1074,target,2,0.25
Lewis,uh-oh1075,target,2,0.25
Lewis,uh-oh1076,target,2,0.25
Lewis,uh-oh1077,target,2,0.25
Lewis,uh-oh1078,target,2,0.25
Lewis,uh-oh1079,target,2,0.25
Lewis,uh-oh1080,target,2,0.25
Lewis,uh-oh1081,target,2,0.25
Lewis,uh-oh1082,target,2,0.25
Lewis,uh-oh1083,target,2,0.25
Lewis,uh-oh1084,target,2,0.25
Lewis,uh-oh2096,actual,7,0.25
Lewis,uh-oh2097,actual,2,0.25
Lewis,uh-oh2098,actual,7,0.25
Lewis,uh-oh2826,actual,6,0.25
Lewis,uh-oh2827,actual,6,0.25
Lewis,uh-oh2828,actual,6,0.25
Lewis,uh-oh2829,actual,6,0.25
Lewis,uh-oh2830,actual,6,0.25
Lewis,uh-oh2831,actual,3,0.25
Lewis,uh-oh2832,actual,6,0.25
Lewis,uh-oh2833,actual,6,0.25
Lewis,woof woof1389,target,1,0.25
Lewis,woof woof1390,target,1,0.25
Lewis,woof woof3138,actual,2,0.25
Mira,Muumi/Moomin2191,actual,2,0.25
Mira,Muumi/Moomin325,target,1,0.25
Mira,Muumi/Moomin326,target,1,0.25
Mira,Muumi/Moomin327,target,1,0.25
Mira,Muumi/Moomin328,target,1,0.25
Mira,Muumi/Moomin329,target,1,0.25
Mira,Muumi/Moomin3290,actual,2,0.25
Mira,Muumi/Moomin3291,actual,2,0.25
Mira,Muumi/Moomin3292,actual,2,0.25
Mira,Muumi/Moomin3293,actual,2,0.25
Mira,Muumi/Moomin3294,actual,2,0.25
Mira,Muumi/Moomin3295,actual,2,0.25
Mira,Muumi/Moomin3296,actual,2,0.25
Mira,Muumi/Moomin3297,actual,2,0.25
Mira,Muumi/Moomin3298,actual,2,0.25
Mira,Muumi/Moomin3299,actual,2,0.25
Mira,Muumi/Moomin330,target,1,0.25
Mira,Muumi/Moomin331,target,1,0.25
Mira,Muumi/Moomin332,target,1,0.25
Mira,Muumi/Moomin333,target,1,0.25
Mira,Muumi/Moomin334,target,1,0.25
Mira,Muumi/Moomin335,target,1,0.25
Mira,häntä310,target,1,0.25
Mira,häntä311,target,1,0.25
Mira,häntä312,target,1,0.25
Mira,häntä3283,actual,2,0.25
Mira,häntä3284,actual,2,0.25
Mira,häntä3285,actual,2,0.25
Mira,jalka2180,actual,3,0.25
Mira,jalka2181,actual,2,0.25
Mira,jalka313,target,1,0.25
Mira,jalka314,target,1,0.25
Mira,juna2182,actual,2,0.25
Mira,juna315,target,1,0.25
Mira,kaataa2183,actual,2,0.25
Mira,kaataa2184,actual,2,0.25
Mira,kaataa316,target,3,0.25
Mira,kaataa317,target,3,0.25
Mira,kala2185,actual,2,0.25
Mira,kala2186,actual,2,0.25
Mira,kala318,target,3,0.25
Mira,kala319,target,3,0.25
Mira,kenkä2187,actual,2,0.25
Mira,kenkä2188,actual,2,0.25
Mira,kenkä320,target,1,0.25
Mira,kenkä321,target,1,0.25
Mira,kukka1626,target,1,0.25
Mira,kukka3286,actual,1,0.25
Mira,lintu2189,actual,3,0.25
Mira,loppu1627,target,2,0.25
Mira,loppu3287,actual,1,0.25
Mira,luumu2190,actual,2,0.25
Mira,luumu323,target,2,0.25
Mira,luumu324,target,2,0.25
Mira,luumu3288,actual,2,0.25
Mira,mummu1628,target,1,0.25
Mira,mummu3289,actual,2,0.25
Mira,nalle1629,target,2,0.25
Mira,nalle3300,actual,1,0.25
Mira,napa2192,actual,2,0.25
Mira,napa2193,actual,2,0.25
Mira,napa336,target,2,0.25
Mira,napa337,target,2,0.25
Mira,nenä2194,actual,2,0.25
Mira,nenä338,target,3,0.25
Mira,paapaa2195,actual,2,0.25
Mira,pelle1630,target,2,0.25
Mira,pelle3301,actual,1,0.25
Mira,piiloon2196,actual,2,0.25
Mira,piiloon340,target,1,0.25
Mira,setä2197,actual,3,0.25
Mira,setä341,target,2,0.25
Mira,tonttu1632,target,4,0.25
Mira,tonttu1633,target,4,0.25
Mira,tonttu1634,target,4,0.25
Mira,tonttu2198,actual,3,0.25
Mira,tonttu2199,actual,3,0.25
Mira,tonttu2200,actual,3,0.25
Mira,tyttö1635,target,4,0.25
Mira,tyttö1636,target,4,0.25
Mira,tyttö1637,target,4,0.25
Mira,tyttö1638,target,4,0.25
Mira,tyttö1855,actual,1,0.25
Mira,tyttö3302,actual,2,0.25
Mira,tyttö3303,actual,2,0.25
Mira,tyttö3304,actual,2,0.25
Mira,tyyny2201,actual,2,0.25
Mira,tyyny342,target,3,0.25
Mira,tyyny343,target,3,0.25
Mira,täällä1631,target,3,0.25
Mira,täällä2926,actual,3,0.25
Patrick,D2184,target,6,0.25
Patrick,D2185,target,6,0.25
Patrick,D2186,target,6,0.25
Patrick,D2187,target,6,0.25
Patrick,D2188,target,6,0.25
Patrick,D2189,target,6,0.25
Patrick,D2190,target,6,0.25
Patrick,D2191,target,6,0.25
Patrick,D2192,target,6,0.25
Patrick,D22102,actual,4,0.25
Patrick,D22103,actual,1,0.25
Patrick,D22104,actual,1,0.25
Patrick,D22106,actual,3,0.25
Patrick,D22665,actual,4,0.25
Patrick,D22667,actual,1,0.25
Patrick,D22668,actual,4,0.25
Patrick,Doody203,target,7,0.25
Patrick,Doody204,target,7,0.25
Patrick,Doody205,target,7,0.25
Patrick,Doody206,target,7,0.25
Patrick,Doody207,target,7,0.25
Patrick,Doody208,target,7,0.25
Patrick,Doody2117,actual,4,0.25
Patrick,Doody2118,actual,1,0.25
Patrick,Doody2119,actual,4,0.25
Patrick,Doody2120,actual,3,0.25
Patrick,Doody2121,actual,4,0.25
Patrick,Doody2122,actual,4,0.25
Patrick,baby181,target,6,0.25
Patrick,baby182,target,6,0.25
Patrick,baby2100,actual,1,0.25
Patrick,baby2101,actual,1,0.25
Patrick,beebies183,target,1,0.25
Patrick,daddy193,target,7,0.25
Patrick,daddy194,target,7,0.25
Patrick,daddy195,target,7,0.25
Patrick,daddy196,target,7,0.25
Patrick,daddy197,target,7,0.25
Patrick,daddy198,target,7,0.25
Patrick,daddy199,target,7,0.25
Patrick,daddy200,target,7,0.25
Patrick,daddy201,target,7,0.25
Patrick,daddy202,target,7,0.25
Patrick,daddy2107,actual,4,0.25
Patrick,daddy2109,actual,4,0.25
Patrick,daddy2110,actual,3,0.25
Patrick,daddy2111,actual,4,0.25
Patrick,daddy2112,actual,4,0.25
Patrick,daddy2113,actual,4,0.25
Patrick,daddy2114,actual,4,0.25
Patrick,daddy2115,actual,4,0.25
Patrick,daddy2116,actual,4,0.25
Patrick,hello209,target,4,0.25
Patrick,hello210,target,4,0.25
Patrick,hello2123,actual,6,0.25
Patrick,hello2835,actual,3,0.25
Patrick,horsey211,target,6,0.25
Patrick,horsey212,target,6,0.25
Patrick,horsey213,target,6,0.25
Patrick,horsey214,target,6,0.25
Patrick,horsey215,target,6,0.25
Patrick,horsey216,target,6,0.25
Patrick,horsey2836,actual,2,0.25
Patrick,horsey2837,actual,2,0.25
Patrick,horsey2838,actual,6,0.25
Patrick,horsey2839,actual,6,0.25
Patrick,quack quack224,target,1,0.25
Patrick,quack quack225,target,1,0.25
Patrick,quack quack226,target,1,0.25
Patrick,quack quack2845,actual,2,0.25
Patrick,quack quack2846,actual,1,0.25
Patrick,squeak squeak1394,target,1,0.25
Patrick,squeak squeak1395,target,1,0.25
Patrick,squeak squeak2847,actual,1,0.25
Patrick,tractor1391,target,3,0.25
Patrick,tractor1392,target,3,0.25
Patrick,tractor2669,actual,2,0.25
Patrick,uh oh1085,target,7,0.25
Patrick,uh oh1086,target,7,0.25
Patrick,uh oh1087,target,7,0.25
Patrick,uh oh1088,target,7,0.25
Patrick,uh oh1089,target,7,0.25
Patrick,uh oh2840,actual,1,0.25
Patrick,uh oh2841,actual,6,0.25
Patrick,uh oh2842,actual,1,0.25
Patrick,uh oh2843,actual,6,0.25
Patrick,uh oh2844,actual,1,0.25
Patrick,water2127,actual,2,0.25
Patrick,water2128,actual,2,0.25
Patrick,water2129,actual,1,0.25
Patrick,water2131,actual,2,0.25
Patrick,water2132,actual,2,0.25
Patrick,water2133,actual,2,0.25
Patrick,water217,target,6,0.25
Patrick,water218,target,6,0.25
Patrick,water219,target,6,0.25
Patrick,water220,target,6,0.25
Patrick,water221,target,6,0.25
Patrick,water222,target,6,0.25
Patrick,water223,target,6,0.25
Patrick,woof woof2134,actual,1,0.25
Rachel,Beba2139,actual,3,0.25
Rachel,Beba2140,actual,7,0.25
Rachel,Beba230,target,3,0.25
Rachel,Beba231,target,3,0.25
Rachel,Daisy1824,actual,2,0.25
Rachel,Daisy233,target,1,0.25
Rachel,Mummy2146,actual,9,0.25
Rachel,Mummy242,target,2,0.25
Rachel,Mummy243,target,2,0.25
Rachel,Mummy244,target,2,0.25
Rachel,Mummy3141,actual,10,0.25
Rachel,Mummy3617,actual,3,0.25
Rachel,all gone2135,actual,14,0.25
Rachel,apple2671,actual,2,0.25
Rachel,away1091,target,1,0.25
Rachel,baby2136,actual,10,0.25
Rachel,baby2137,actual,6,0.25
Rachel,baby2138,actual,11,0.25
Rachel,baby227,target,3,0.25
Rachel,baby228,target,3,0.25
Rachel,baby229,target,3,0.25
Rachel,beep beep232,target,1,0.25
Rachel,beep beep2672,actual,7,0.25
Rachel,biscuits2141,actual,1,0.25
Rachel,biscuits3627,actual,1,0.25
Rachel,doggy2142,actual,14,0.25
Rachel,doggy2143,actual,14,0.25
Rachel,doggy2144,actual,7,0.25
Rachel,doggy234,target,3,0.25
Rachel,doggy235,target,3,0.25
Rachel,doggy236,target,3,0.25
Rachel,doggy237,target,3,0.25
Rachel,doggy238,target,3,0.25
Rachel,doggy239,target,3,0.25
Rachel,doggy2673,actual,11,0.25
Rachel,doggy2674,actual,10,0.25
Rachel,flowers1397,target,1,0.25
Rachel,flowers1398,target,1,0.25
Rachel,flowers3140,actual,5,0.25
Rachel,get you2145,actual,11,0.25
Rachel,hello2848,actual,11,0.25
Rachel,night night1399,target,1,0.25
Rachel,night night1400,target,1,0.25
Rachel,night night1826,actual,8,0.25
Rachel,piggy245,target,2,0.25
Rachel,piggy2675,actual,5,0.25
Rachel,quack quack246,target,1,0.25
Rachel,quack quack247,target,1,0.25
Rachel,quack quack3142,actual,10,0.25
Rachel,quack quack3185,actual,5,0.25
Radia,Allah1284,target,1,0.25
Radia,Allah3609,actual,3,0.25
Radia,BOTTLE2427,actual,2,0.25
Radia,BOTTLE2428,actual,1,0.25
Radia,BOTTLE628,target,1,0.25
Radia,BOTTLE629,target,1,0.25
Radia,MAMA630,target,1,0.25
Radia,MAMA631,target,1,0.25
Radia,PILLOW2432,actual,4,0.25
Radia,PILLOW3417,actual,3,0.25
Radia,PILLOW637,target,2,0.25
Radia,PILLOW638,target,2,0.25
Radia,acha2999,actual,3,0.25
Radia,ayee!1287,target,1,0.25
Radia,ayee!2735,actual,5,0.25
Radia,chalo3413,actual,2,0.25
Radia,daalu3418,actual,4,0.25
Radia,daalu640,target,1,0.25
Radia,dadi2436,actual,2,0.25
Radia,dadi2437,actual,2,0.25
Radia,dadi643,target,3,0.25
Radia,dadi644,target,3,0.25
Radia,davayee1924,actual,2,0.25
Radia,davayee649,target,1,0.25
Radia,gir gaya2442,actual,5,0.25
Radia,kapra2441,actual,4,0.25
Radia,"kha lo,kha lun2443",actual,4,0.25
Radia,"kha lo,kha lun650",target,2,0.25
Radia,khana2429,actual,3,0.25
Radia,khana633,target,3,0.25
Radia,machar2430,actual,1,0.25
Radia,machar2431,actual,1,0.25
Radia,machar635,target,1,0.25
Radia,machar636,target,1,0.25
Radia,nahin1923,actual,2,0.25
Radia,nahin632,target,1,0.25
Radia,nino BT2439,actual,3,0.25
Radia,nino BT2440,actual,3,0.25
Radia,nino BT646,target,3,0.25
Radia,nino BT647,target,3,0.25
Radia,oho!1285,target,2,0.25
Radia,oho!2998,actual,3,0.25
Radia,sona2445,actual,4,0.25
Radia,sona2446,actual,4,0.25
Radia,sona3419,actual,6,0.25
Radia,sona651,target,4,0.25
Radia,sona652,target,4,0.25
Radia,sona653,target,4,0.25
Radia,theek hai2444,actual,3,0.25
Radia,vava BT2434,actual,1,0.25
Radia,vava BT2435,actual,1,0.25
Radia,vava BT641,target,1,0.25
Radia,vava BT642,target,1,0.25
Romuald,allô1304,target,4,0.25
Romuald,allô3019,actual,6,0.25
Romuald,alors1305,target,4,0.25
Romuald,alors1306,target,4,0.25
Romuald,alors3020,actual,6,0.25
Romuald,ballon2504,actual,6,0.25
Romuald,ballon756,target,1,0.25
Romuald,bobo2505,actual,4,0.25
Romuald,bobo2506,actual,4,0.25
Romuald,bobo2688,actual,3,0.25
Romuald,bobo2689,actual,3,0.25
Romuald,bobo757,target,2,0.25
Romuald,bobo758,target,2,0.25
Romuald,bobo759,target,2,0.25
Romuald,bobo760,target,2,0.25
Romuald,cassé2507,actual,2,0.25
Romuald,cassé2508,actual,4,0.25
Romuald,cassé2509,actual,4,0.25
Romuald,cassé2510,actual,4,0.25
Romuald,cassé2511,actual,2,0.25
Romuald,cassé2512,actual,2,0.25
Romuald,cassé2513,actual,2,0.25
Romuald,cassé2514,actual,4,0.25
Romuald,cassé3021,actual,4,0.25
Romuald,cassé3437,actual,1,0.25
Romuald,cassé761,target,2,0.25
Romuald,cassé762,target,2,0.25
Romuald,cassé763,target,2,0.25
Romuald,cassé764,target,2,0.25
Romuald,cassé765,target,2,0.25
Romuald,cassé766,target,2,0.25
Romuald,cassé767,target,2,0.25
Romuald,cassé768,target,2,0.25
Romuald,cassé769,target,2,0.25
Romuald,cassé770,target,2,0.25
Romuald,cheval2515,actual,1,0.25
Romuald,cochon2516,actual,5,0.25
Romuald,cochon2517,actual,5,0.25
Romuald,cochon772,target,2,0.25
Romuald,cochon773,target,2,0.25
Romuald,hop-là1486,target,2,0.25
Romuald,hop-là1487,target,2,0.25
Romuald,hop-là1488,target,2,0.25
Romuald,hop-là1489,target,2,0.25
Romuald,hop-là3022,actual,5,0.25
Romuald,hop-là3023,actual,5,0.25
Romuald,l'avion2503,actual,1,0.25
Romuald,la tête2518,actual,5,0.25
Romuald,mouton1943,actual,4,0.25
Romuald,mouton1944,actual,4,0.25
Romuald,mouton3024,actual,6,0.25
Romuald,mouton3025,actual,6,0.25
Romuald,mouton3026,actual,6,0.25
Romuald,mouton776,target,1,0.25
Romuald,mouton777,target,1,0.25
Romuald,mouton778,target,1,0.25
Romuald,mouton779,target,1,0.25
Romuald,mouton780,target,1,0.25
Romuald,papa2520,actual,3,0.25
Romuald,papa781,target,1,0.25
Romuald,un livre1307,target,2,0.25
Romuald,un livre1308,target,2,0.25
Romuald,un livre2521,actual,4,0.25
Romuald,un livre2522,actual,6,0.25
Romuald,voilà3027,actual,6,0.25
Shazim,AUNTI1291,target,2,0.25
Shazim,AUNTI1292,target,2,0.25
Shazim,AUNTI1293,target,2,0.25
Shazim,AUNTI3610,actual,4,0.25
Shazim,AUNTI3611,actual,4,0.25
Shazim,CATTY BT2447,actual,3,0.25
Shazim,CATTY BT2448,actual,1,0.25
Shazim,CATTY BT2449,actual,5,0.25
Shazim,CATTY BT3420,actual,5,0.25
Shazim,CATTY BT3421,actual,3,0.25
Shazim,CATTY BT654,target,3,0.25
Shazim,CATTY BT655,target,3,0.25
Shazim,CATTY BT656,target,3,0.25
Shazim,CATTY BT657,target,3,0.25
Shazim,CATTY BT658,target,3,0.25
Shazim,DOGGY BT3433,actual,5,0.25
Shazim,DOGGY BT674,target,1,0.25
Shazim,EYES1294,target,4,0.25
Shazim,EYES1295,target,4,0.25
Shazim,EYES2739,actual,5,0.25
Shazim,EYES3000,actual,2,0.25
Shazim,MAMA1753,target,2,0.25
Shazim,MAMA1754,target,2,0.25
Shazim,MAMA1755,target,2,0.25
Shazim,MAMA2452,actual,2,0.25
Shazim,MAMA3425,actual,2,0.25
Shazim,MAMA3426,actual,2,0.25
Shazim,TRACTOR3422,actual,5,0.25
Shazim,ajao1296,target,3,0.25
Shazim,ajao1297,target,3,0.25
Shazim,ajao3001,actual,3,0.25
Shazim,ajao3613,actual,4,0.25
Shazim,"ajjan, BT3614",actual,1,0.25
Shazim,ayee!1288,target,3,0.25
Shazim,ayee!1289,target,3,0.25
Shazim,ayee!1290,target,3,0.25
Shazim,ayee!2736,actual,5,0.25
Shazim,ayee!2737,actual,5,0.25
Shazim,ayee!2738,actual,5,0.25
Shazim,baba2454,actual,2,0.25
Shazim,baba3430,actual,3,0.25
Shazim,baba3431,actual,3,0.25
Shazim,baba671,target,4,0.25
Shazim,baba672,target,4,0.25
Shazim,baba673,target,4,0.25
Shazim,baow baowBT2453,actual,2,0.25
Shazim,baow baowBT666,target,4,0.25
Shazim,bhayee1926,actual,2,0.25
Shazim,bhayee664,target,3,0.25
Shazim,billi1756,target,4,0.25
Shazim,billi3432,actual,1,0.25
Shazim,chachu3436,actual,5,0.25
Shazim,chachu676,target,1,0.25
Shazim,chuchu BT3427,actual,5,0.25
Shazim,chuchu BT667,target,1,0.25
Shazim,chunti2455,actual,5,0.25
Shazim,dado1758,target,4,0.25
Shazim,dado3435,actual,3,0.25
Shazim,duddu BT3424,actual,3,0.25
Shazim,duddu BT665,target,1,0.25
Shazim,khala2451,actual,1,0.25
Shazim,khala3423,actual,2,0.25
Shazim,khala662,target,3,0.25
Shazim,khala663,target,3,0.25
Shazim,mamu3428,actual,2,0.25
Shazim,mamu669,target,2,0.25
Shazim,mamu670,target,2,0.25
Shazim,miyon BT1925,actual,1,0.25
Shazim,miyon BT659,target,2,0.25
Shazim,phuppo1757,target,2,0.25
Shazim,phuppo3434,actual,1,0.25
Sini,hauhau2721,actual,4,0.25
Sini,heihei2718,actual,4,0.25
Sini,heihei344,target,1,0.25
Sini,heppa1639,target,3,0.25
Sini,heppa3578,actual,3,0.25
Sini,istuu3579,actual,2,0.25
Sini,juna2719,actual,4,0.25
Sini,juna345,target,1,0.25
Sini,kakku1640,target,7,0.25
Sini,kakku3305,actual,2,0.25
Sini,kiikkaa1641,target,7,0.25
Sini,kiikkaa1642,target,7,0.25
Sini,kiikkaa1643,target,7,0.25
Sini,kiikkaa3306,actual,2,0.25
Sini,kiikkaa3307,actual,2,0.25
Sini,kiikkaa3308,actual,2,0.25
Sini,kirja1857,actual,4,0.25
Sini,kirja1858,actual,4,0.25
Sini,kirja346,target,2,0.25
Sini,kirja347,target,2,0.25
Sini,korkki1644,target,7,0.25
Sini,korkki1645,target,7,0.25
Sini,korkki1646,target,7,0.25
Sini,korkki3309,actual,2,0.25
Sini,korkki3310,actual,2,0.25
Sini,korkki3311,actual,2,0.25
Sini,korva1859,actual,4,0.25
Sini,korva348,target,1,0.25
Sini,koti2202,actual,1,0.25
Sini,koti349,target,5,0.25
Sini,kukka1647,target,7,0.25
Sini,kukka3312,actual,2,0.25
Sini,kuppi1648,target,5,0.25
Sini,kuppi3313,actual,2,0.25
Sini,kvaak-kvaak1426,target,1,0.25
Sini,kvaak-kvaak3324,actual,1,0.25
Sini,kynä1860,actual,4,0.25
Sini,kynä350,target,4,0.25
Sini,laukku1649,target,3,0.25
Sini,laukku3580,actual,2,0.25
Sini,leipä2927,actual,3,0.25
Sini,leipä351,target,6,0.25
Sini,loppu1650,target,6,0.25
Sini,loppu1651,target,6,0.25
Sini,loppu1652,target,6,0.25
Sini,loppu1653,target,6,0.25
Sini,loppu1654,target,6,0.25
Sini,loppu3314,actual,2,0.25
Sini,loppu3315,actual,3,0.25
Sini,loppu3581,actual,3,0.25
Sini,loppu3582,actual,3,0.25
Sini,loppu3583,actual,3,0.25
Sini,minun1861,actual,2,0.25
Sini,mummi1655,target,1,0.25
Sini,mummi3192,actual,1,0.25
Sini,nami2928,actual,2,0.25
Sini,nami353,target,1,0.25
Sini,napa2929,actual,3,0.25
Sini,napa354,target,5,0.25
Sini,nappi1656,target,5,0.25
Sini,nappi1657,target,5,0.25
Sini,nappi1658,target,5,0.25
Sini,nappi2203,actual,2,0.25
Sini,nappi3316,actual,3,0.25
Sini,nappi3584,actual,3,0.25
Sini,pallo1659,target,4,0.25
Sini,pallo1660,target,4,0.25
Sini,pallo1661,target,4,0.25
Sini,pallo1862,actual,3,0.25
Sini,pallo1863,actual,3,0.25
Sini,piilo1864,actual,3,0.25
Sini,piilo355,target,4,0.25
Sini,pupu2204,actual,2,0.25
Sini,pupu2205,actual,2,0.25
Sini,pupu356,target,6,0.25
Sini,pupu357,target,6,0.25
Sini,puuro1865,actual,3,0.25
Sini,puuro358,target,3,0.25
Sini,pyörä1866,actual,3,0.25
Sini,pyörä359,target,3,0.25
Sini,rikki1662,target,3,0.25
Sini,rikki1663,target,3,0.25
Sini,rikki3318,actual,2,0.25
Sini,rikki3585,actual,2,0.25
Sini,roska3586,actual,2,0.25
Sini,sakset3319,actual,2,0.25
Sini,setä2206,actual,2,0.25
Sini,setä362,target,4,0.25
Sini,suklaa3587,actual,2,0.25
Sini,tiktak2208,actual,1,0.25
Sini,tiktak366,target,1,0.25
Sini,tutti1665,target,4,0.25
Sini,tutti3320,actual,2,0.25
Sini,tyttö1666,target,4,0.25
Sini,tyttö1667,target,4,0.25
Sini,tyttö1668,target,4,0.25
Sini,tyttö3321,actual,2,0.25
Sini,tyttö3322,actual,2,0.25
Sini,tyttö3323,actual,2,0.25
Sini,tässä1664,target,4,0.25
Sini,tässä1867,actual,3,0.25
Sini,täti2207,actual,2,0.25
Sini,täti364,target,4,0.25
Sini,ukki3588,actual,2,0.25
Sini,vettä1669,target,5,0.25
Sini,vettä3589,actual,2,0.25
Sini,viili2720,actual,4,0.25
Sini,viili365,target,2,0.25
Sini,yhtään3577,actual,2,0.25
Takeru,Barney1881,actual,8,0.25
Takeru,Barney2247,actual,6,0.25
Takeru,Barney412,target,3,0.25
Takeru,Barney413,target,3,0.25
Takeru,all gone2272,actual,4,0.25
Takeru,all gone2273,actual,4,0.25
Takeru,all gone2274,actual,4,0.25
Takeru,all gone2275,actual,4,0.25
Takeru,all gone443,target,2,0.25
Takeru,all gone444,target,2,0.25
Takeru,all gone445,target,2,0.25
Takeru,all gone446,target,2,0.25
Takeru,aye-aye1186,target,4,0.25
Takeru,aye-aye1187,target,4,0.25
Takeru,aye-aye2722,actual,8,0.25
Takeru,aye-aye2932,actual,6,0.25
Takeru,ball1882,actual,8,0.25
Takeru,ball1883,actual,1,0.25
Takeru,ball2248,actual,6,0.25
Takeru,ball2249,actual,4,0.25
Takeru,ball414,target,5,0.25
Takeru,ball415,target,5,0.25
Takeru,ball416,target,5,0.25
Takeru,ball417,target,5,0.25
Takeru,big1197,target,3,0.25
Takeru,big1198,target,3,0.25
Takeru,big2942,actual,7,0.25
Takeru,big3593,actual,1,0.25
Takeru,bread1701,target,1,0.25
Takeru,bread1702,target,1,0.25
Takeru,bread1703,target,1,0.25
Takeru,bread1704,target,1,0.25
Takeru,bread1705,target,1,0.25
Takeru,bread1706,target,1,0.25
Takeru,bread3351,actual,3,0.25
Takeru,bread3352,actual,2,0.25
Takeru,bread3353,actual,3,0.25
Takeru,bread3354,actual,3,0.25
Takeru,bread3355,actual,3,0.25
Takeru,bread3356,actual,3,0.25
Takeru,choochoo1678,target,2,0.25
Takeru,choochoo1679,target,2,0.25
Takeru,choochoo1680,target,2,0.25
Takeru,choochoo2250,actual,8,0.25
Takeru,choochoo2935,actual,3,0.25
Takeru,choochoo2936,actual,1,0.25
Takeru,choochoo3624,actual,3,0.25
Takeru,combine1681,target,7,0.25
Takeru,combine1682,target,7,0.25
Takeru,combine1683,target,7,0.25
Takeru,combine3332,actual,5,0.25
Takeru,combine3333,actual,8,0.25
Takeru,combine3334,actual,5,0.25
Takeru,daddy1722,target,5,0.25
Takeru,daddy1723,target,5,0.25
Takeru,daddy3369,actual,6,0.25
Takeru,daddy3370,actual,8,0.25
Takeru,do it!1687,target,6,0.25
Takeru,do it!1688,target,6,0.25
Takeru,do it!1689,target,6,0.25
Takeru,do it!2941,actual,16,0.25
Takeru,do it!3339,actual,6,0.25
Takeru,do it!3592,actual,5,0.25
Takeru,doggie2301,actual,3,0.25
Takeru,doggie2302,actual,3,0.25
Takeru,doggie468,target,1,0.25
Takeru,doggie469,target,1,0.25
Takeru,doggie470,target,1,0.25
Takeru,don't want to2262,actual,11,0.25
Takeru,don't want to3336,actual,2,0.25
Takeru,don't want to433,target,3,0.25
Takeru,don't want to434,target,3,0.25
Takeru,elephant2303,actual,1,0.25
Takeru,elephant2304,actual,5,0.25
Takeru,elephant471,target,1,0.25
Takeru,elephant472,target,1,0.25
Takeru,flower2260,actual,3,0.25
Takeru,flower2937,actual,9,0.25
Takeru,flower431,target,2,0.25
Takeru,flower432,target,2,0.25
Takeru,food1693,target,1,0.25
Takeru,food1694,target,1,0.25
Takeru,food1695,target,1,0.25
Takeru,food1696,target,1,0.25
Takeru,food3343,actual,1,0.25
Takeru,food3344,actual,1,0.25
Takeru,food3345,actual,1,0.25
Takeru,food3346,actual,1,0.25
Takeru,found it1801,target,2,0.25
Takeru,found it1802,target,2,0.25
Takeru,found it1803,target,2,0.25
Takeru,found it2934,actual,14,0.25
Takeru,found it3590,actual,5,0.25
Takeru,found it3591,actual,5,0.25
Takeru,go go2259,actual,8,0.25
Takeru,go go3335,actual,8,0.25
Takeru,go go429,target,4,0.25
Takeru,go go430,target,4,0.25
Takeru,good1192,target,6,0.25
Takeru,good1193,target,6,0.25
Takeru,good1194,target,6,0.25
Takeru,good2261,actual,4,0.25
Takeru,good2938,actual,9,0.25
Takeru,good2939,actual,9,0.25
Takeru,hooray1684,target,6,0.25
Takeru,hooray1685,target,6,0.25
Takeru,hooray1686,target,6,0.25
Takeru,hooray2263,actual,4,0.25
Takeru,hooray3337,actual,6,0.25
Takeru,hooray3338,actual,3,0.25
Takeru,juice1884,actual,5,0.25
Takeru,juice1885,actual,4,0.25
Takeru,juice1886,actual,10,0.25
Takeru,juice2258,actual,15,0.25
Takeru,juice425,target,4,0.25
Takeru,juice426,target,4,0.25
Takeru,juice427,target,4,0.25
Takeru,juice428,target,4,0.25
Takeru,look!2270,actual,10,0.25
Takeru,look!2271,actual,10,0.25
Takeru,look!441,target,3,0.25
Takeru,look!442,target,3,0.25
Takeru,mom1690,target,3,0.25
Takeru,mom1691,target,3,0.25
Takeru,mom1692,target,3,0.25
Takeru,mom3340,actual,2,0.25
Takeru,mom3341,actual,2,0.25
Takeru,mom3342,actual,8,0.25
Takeru,more1699,target,3,0.25
Takeru,more1700,target,3,0.25
Takeru,more1888,actual,6,0.25
Takeru,more3349,actual,6,0.25
Takeru,ouch1195,target,7,0.25
Takeru,ouch1196,target,7,0.25
Takeru,ouch1887,actual,11,0.25
Takeru,ouch2940,actual,16,0.25
Takeru,pigeon1707,target,1,0.25
Takeru,pigeon1708,target,1,0.25
Takeru,pigeon1709,target,1,0.25
Takeru,pigeon1710,target,1,0.25
Takeru,pigeon1711,target,1,0.25
Takeru,pigeon3357,actual,3,0.25
Takeru,pigeon3358,actual,3,0.25
Takeru,pigeon3359,actual,3,0.25
Takeru,pigeon3360,actual,2,0.25
Takeru,pigeon3361,actual,3,0.25
Takeru,please2255,actual,17,0.25
Takeru,please2256,actual,14,0.25
Takeru,please2257,actual,3,0.25
Takeru,please422,target,4,0.25
Takeru,please423,target,4,0.25
Takeru,please424,target,4,0.25
Takeru,put it there1199,target,7,0.25
Takeru,put it there1200,target,7,0.25
Takeru,put it there2943,actual,16,0.25
Takeru,put it there3150,actual,2,0.25
Takeru,stuck2297,actual,2,0.25
Takeru,stuck2298,actual,1,0.25
Takeru,stuck2299,actual,11,0.25
Takeru,stuck465,target,7,0.25
Takeru,stuck466,target,7,0.25
Takeru,stuck467,target,7,0.25
Takeru,take1712,target,5,0.25
Takeru,take1713,target,5,0.25
Takeru,take1714,target,5,0.25
Takeru,take1715,target,5,0.25
Takeru,take1716,target,5,0.25
Takeru,take1717,target,5,0.25
Takeru,take1718,target,5,0.25
Takeru,take1719,target,5,0.25
Takeru,take1720,target,5,0.25
Takeru,take1721,target,5,0.25
Takeru,take2294,actual,13,0.25
Takeru,take2295,actual,10,0.25
Takeru,take2296,actual,13,0.25
Takeru,take3362,actual,6,0.25
Takeru,take3363,actual,6,0.25
Takeru,take3364,actual,6,0.25
Takeru,take3365,actual,6,0.25
Takeru,take3366,actual,6,0.25
Takeru,take3367,actual,5,0.25
Takeru,take3368,actual,5,0.25
Takeru,that1188,target,6,0.25
Takeru,that1189,target,6,0.25
Takeru,that1190,target,6,0.25
Takeru,that1191,target,6,0.25
Takeru,that2723,actual,8,0.25
Takeru,that2724,actual,8,0.25
Takeru,that2725,actual,8,0.25
Takeru,that2933,actual,8,0.25
Takeru,train2266,actual,6,0.25
Takeru,train2267,actual,9,0.25
Takeru,train2268,actual,3,0.25
Takeru,train2269,actual,2,0.25
Takeru,train437,target,3,0.25
Takeru,train438,target,3,0.25
Takeru,train439,target,3,0.25
Takeru,train440,target,3,0.25
Takeru,wait!1697,target,3,0.25
Takeru,wait!1698,target,3,0.25
Takeru,wait!3347,actual,6,0.25
Takeru,wait!3348,actual,6,0.25
Takeru,what2276,actual,4,0.25
Takeru,what2277,actual,4,0.25
Takeru,what2278,actual,4,0.25
Takeru,what2279,actual,4,0.25
Takeru,what2280,actual,4,0.25
Takeru,what2281,actual,4,0.25
Takeru,what2282,actual,4,0.25
Takeru,what2283,actual,4,0.25
Takeru,what2284,actual,4,0.25
Takeru,what2285,actual,4,0.25
Takeru,what2286,actual,4,0.25
Takeru,what2287,actual,4,0.25
Takeru,what2288,actual,4,0.25
Takeru,what2289,actual,4,0.25
Takeru,what2290,actual,4,0.25
Takeru,what2291,actual,4,0.25
Takeru,what2292,actual,4,0.25
Takeru,what2293,actual,4,0.25
Takeru,what447,target,2,0.25
Takeru,what448,target,2,0.25
Takeru,what449,target,2,0.25
Takeru,what450,target,2,0.25
Takeru,what451,target,2,0.25
Takeru,what452,target,2,0.25
Takeru,what453,target,2,0.25
Takeru,what454,target,2,0.25
Takeru,what455,target,2,0.25
Takeru,what456,target,2,0.25
Takeru,what457,target,2,0.25
Takeru,what458,target,2,0.25
Takeru,what459,target,2,0.25
Takeru,what460,target,2,0.25
Takeru,what461,target,2,0.25
Takeru,what462,target,2,0.25
Takeru,what463,target,2,0.25
Takeru,what464,target,2,0.25
Takeru,who2251,actual,7,0.25
Takeru,who2252,actual,10,0.25
Takeru,who2253,actual,12,0.25
Takeru,who418,target,4,0.25
Takeru,who419,target,4,0.25
Takeru,who420,target,4,0.25
Takeru,who421,target,4,0.25
Takeru,whoops1804,target,2,0.25
Takeru,whoops1805,target,2,0.25
Takeru,whoops3350,actual,5,0.25
Takeru,whoops3594,actual,5,0.25
Takeru,yellow2264,actual,4,0.25
Takeru,yellow2265,actual,9,0.25
Takeru,yellow435,target,4,0.25
Takeru,yellow436,target,4,0.25
Taro,all gone2547,actual,1,0.25
Taro,all gone842,target,2,0.25
Taro,alligator1958,actual,7,0.25
Taro,alligator1959,actual,7,0.25
Taro,alligator1960,actual,7,0.25
Taro,alligator1961,actual,7,0.25
Taro,alligator1962,actual,7,0.25
Taro,alligator1963,actual,7,0.25
Taro,alligator1964,actual,7,0.25
Taro,alligator1965,actual,7,0.25
Taro,alligator1966,actual,7,0.25
Taro,alligator1967,actual,7,0.25
Taro,alligator1968,actual,7,0.25
Taro,alligator1969,actual,7,0.25
Taro,alligator1970,actual,7,0.25
Taro,alligator2552,actual,9,0.25
Taro,alligator2553,actual,3,0.25
Taro,alligator858,target,2,0.25
Taro,alligator859,target,2,0.25
Taro,alligator860,target,2,0.25
Taro,alligator861,target,2,0.25
Taro,alligator862,target,2,0.25
Taro,alligator863,target,2,0.25
Taro,alligator864,target,2,0.25
Taro,alligator865,target,2,0.25
Taro,alligator866,target,2,0.25
Taro,alligator867,target,2,0.25
Taro,alligator868,target,2,0.25
Taro,alligator869,target,2,0.25
Taro,alligator870,target,2,0.25
Taro,alligator871,target,2,0.25
Taro,alligator872,target,2,0.25
Taro,apple1468,target,1,0.25
Taro,apple1469,target,1,0.25
Taro,apple1470,target,1,0.25
Taro,apple2549,actual,6,0.25
Taro,apple2550,actual,6,0.25
Taro,apple2551,actual,6,0.25
Taro,baby2529,actual,8,0.25
Taro,baby2530,actual,8,0.25
Taro,baby2531,actual,9,0.25
Taro,baby2532,actual,9,0.25
Taro,baby3172,actual,5,0.25
Taro,baby816,target,2,0.25
Taro,baby817,target,2,0.25
Taro,baby818,target,2,0.25
Taro,baby819,target,2,0.25
Taro,baby820,target,2,0.25
Taro,ball1949,actual,8,0.25
Taro,ball1950,actual,1,0.25
Taro,ball1951,actual,2,0.25
Taro,ball1952,actual,2,0.25
Taro,ball821,target,1,0.25
Taro,ball822,target,1,0.25
Taro,ball823,target,1,0.25
Taro,ball824,target,1,0.25
Taro,bath/sound of pouring water2538,actual,3,0.25
Taro,bath/sound of pouring water2539,actual,8,0.25
Taro,bath/sound of pouring water2540,actual,10,0.25
Taro,bath/sound of pouring water2541,actual,8,0.25
Taro,bath/sound of pouring water2691,actual,12,0.25
Taro,bath/sound of pouring water826,target,2,0.25
Taro,bath/sound of pouring water827,target,2,0.25
Taro,bath/sound of pouring water828,target,2,0.25
Taro,bath/sound of pouring water829,target,2,0.25
Taro,bath/sound of pouring water830,target,2,0.25
Taro,bird2548,actual,8,0.25
Taro,bird857,target,2,0.25
Taro,biting sound1953,actual,1,0.25
Taro,biting sound1954,actual,1,0.25
Taro,biting sound1955,actual,1,0.25
Taro,biting sound1956,actual,1,0.25
Taro,biting sound1957,actual,1,0.25
Taro,biting sound2744,actual,1,0.25
Taro,biting sound2745,actual,1,0.25
Taro,biting sound2746,actual,1,0.25
Taro,biting sound2747,actual,1,0.25
Taro,biting sound2748,actual,1,0.25
Taro,biting sound2749,actual,1,0.25
Taro,biting sound2750,actual,1,0.25
Taro,biting sound843,target,1,0.25
Taro,biting sound844,target,1,0.25
Taro,biting sound845,target,1,0.25
Taro,biting sound846,target,1,0.25
Taro,biting sound847,target,1,0.25
Taro,biting sound848,target,1,0.25
Taro,biting sound849,target,1,0.25
Taro,biting sound850,target,1,0.25
Taro,biting sound851,target,1,0.25
Taro,biting sound852,target,1,0.25
Taro,biting sound853,target,1,0.25
Taro,biting sound854,target,1,0.25
Taro,car3173,actual,5,0.25
Taro,car825,target,2,0.25
Taro,cookie1760,target,1,0.25
Taro,cookie1761,target,1,0.25
Taro,cookie3439,actual,1,0.25
Taro,cookie3440,actual,1,0.25
Taro,daddy3453,actual,3,0.25
Taro,daddy3454,actual,3,0.25
Taro,daddy855,target,2,0.25
Taro,daddy856,target,2,0.25
Taro,doggy2554,actual,6,0.25
Taro,doggy2555,actual,6,0.25
Taro,doggy2556,actual,6,0.25
Taro,doggy873,target,1,0.25
Taro,doggy874,target,1,0.25
Taro,doggy875,target,1,0.25
Taro,found1329,target,2,0.25
Taro,found3066,actual,11,0.25
Taro,here2546,actual,10,0.25
Taro,here835,target,1,0.25
Taro,hot3063,actual,2,0.25
Taro,juice2543,actual,12,0.25
Taro,juice2544,actual,4,0.25
Taro,juice2545,actual,10,0.25
Taro,juice832,target,2,0.25
Taro,juice833,target,2,0.25
Taro,juice834,target,2,0.25
Taro,ouch1327,target,2,0.25
Taro,ouch1328,target,2,0.25
Taro,ouch3064,actual,11,0.25
Taro,ouch3065,actual,8,0.25
Taro,"pencil, writing2542",actual,3,0.25
Taro,"pencil, writing831",target,2,0.25
Taro,shoes3441,actual,7,0.25
Taro,shoes3442,actual,3,0.25
Taro,shoes3443,actual,7,0.25
Taro,shoes3444,actual,4,0.25
Taro,shoes3445,actual,7,0.25
Taro,shoes3446,actual,7,0.25
Taro,shoes836,target,1,0.25
Taro,shoes837,target,1,0.25
Taro,shoes838,target,1,0.25
Taro,shoes839,target,1,0.25
Taro,shoes840,target,1,0.25
Taro,shoes841,target,1,0.25
Taro,sleep1762,target,2,0.25
Taro,sleep1763,target,2,0.25
Taro,sleep1764,target,2,0.25
Taro,sleep1765,target,2,0.25
Taro,sleep1766,target,2,0.25
Taro,sleep1767,target,2,0.25
Taro,sleep1768,target,2,0.25
Taro,sleep3174,actual,2,0.25
Taro,sleep3447,actual,3,0.25
Taro,sleep3448,actual,2,0.25
Taro,sleep3449,actual,3,0.25
Taro,sleep3450,actual,2,0.25
Taro,sleep3451,actual,2,0.25
Taro,sleep3452,actual,2,0.25
Taro,train1463,target,1,0.25
Taro,train1464,target,1,0.25
Taro,train1465,target,1,0.25
Taro,train1466,target,1,0.25
Taro,train1467,target,1,0.25
Taro,train2533,actual,3,0.25
Taro,train2534,actual,4,0.25
Taro,train2535,actual,5,0.25
Taro,train2536,actual,9,0.25
Taro,train2537,actual,9,0.25
Taro,went in1759,target,1,0.25
Taro,went in3438,actual,3,0.25
Tobias,a-boo1092,target,4,0.25
Tobias,baby2148,actual,1,0.25
Tobias,baby2149,actual,1,0.25
Tobias,baby2150,actual,1,0.25
Tobias,baby248,target,3,0.25
Tobias,baby249,target,3,0.25
Tobias,baby250,target,3,0.25
Tobias,eek eek1100,target,1,0.25
Tobias,eek eek1830,actual,1,0.25
Tobias,eeyore1093,target,3,0.25
Tobias,eeyore1094,target,3,0.25
Tobias,eeyore1095,target,3,0.25
Tobias,eeyore1096,target,3,0.25
Tobias,eeyore1097,target,3,0.25
Tobias,eeyore1098,target,3,0.25
Tobias,eeyore1099,target,3,0.25
Tobias,eeyore2151,actual,6,0.25
Tobias,eeyore2849,actual,12,0.25
Tobias,eeyore2850,actual,12,0.25
Tobias,eeyore2851,actual,12,0.25
Tobias,eeyore2852,actual,12,0.25
Tobias,eeyore3143,actual,2,0.25
Tobias,eeyore3144,actual,4,0.25
Tobias,hippo251,target,3,0.25
Tobias,honk honk1401,target,1,0.25
Tobias,honk honk1402,target,1,0.25
Tobias,honk honk1403,target,1,0.25
Tobias,honk honk1404,target,1,0.25
Tobias,honk honk1405,target,1,0.25
Tobias,honk honk1406,target,1,0.25
Tobias,honk honk1407,target,1,0.25
Tobias,honk honk1827,actual,7,0.25
Tobias,honk honk2706,actual,11,0.25
Tobias,honk honk2707,actual,1,0.25
Tobias,honk honk2853,actual,9,0.25
Tobias,honk honk2854,actual,10,0.25
Tobias,honk honk2855,actual,11,0.25
Tobias,honk honk3201,actual,5,0.25
Tobias,hoo hoo2709,actual,1,0.25
Tobias,hoo hoo275,target,1,0.25
Tobias,monkey1408,target,1,0.25
Tobias,monkey1409,target,1,0.25
Tobias,neenaw2152,actual,7,0.25
Tobias,neenaw252,target,2,0.25
Tobias,neenaw253,target,2,0.25
Tobias,neenaw2856,actual,8,0.25
Tobias,peacock2153,actual,1,0.25
Tobias,peacock254,target,1,0.25
Tobias,quack quack1828,actual,1,0.25
Tobias,quack quack2154,actual,4,0.25
Tobias,quack quack2155,actual,4,0.25
Tobias,quack quack2156,actual,4,0.25
Tobias,quack quack2157,actual,4,0.25
Tobias,quack quack2158,actual,4,0.25
Tobias,quack quack255,target,1,0.25
Tobias,quack quack256,target,1,0.25
Tobias,quack quack257,target,1,0.25
Tobias,quack quack258,target,1,0.25
Tobias,quack quack259,target,1,0.25
Tobias,quack quack260,target,1,0.25
Tobias,quack quack261,target,1,0.25
Tobias,quack quack262,target,1,0.25
Tobias,quack quack263,target,1,0.25
Tobias,quack quack264,target,1,0.25
Tobias,quack quack2677,actual,2,0.25
Tobias,quack quack2678,actual,2,0.25
Tobias,quack quack2698,actual,2,0.25
Tobias,quack quack3145,actual,1,0.25
Tobias,ribbit ribbit265,target,2,0.25
Tobias,ribbit ribbit266,target,2,0.25
Tobias,ribbit ribbit267,target,2,0.25
Tobias,ribbit ribbit3146,actual,2,0.25
Tobias,ribbit ribbit3186,actual,1,0.25
Tobias,ribbit ribbit3187,actual,1,0.25
Tobias,tick tock2159,actual,1,0.25
Tobias,toot toot2160,actual,7,0.25
Tobias,toot toot2681,actual,1,0.25
Tobias,toot toot2682,actual,1,0.25
Tobias,toot toot270,target,2,0.25
Tobias,toot toot271,target,2,0.25
Tobias,toot toot272,target,2,0.25
Tobias,toot toot273,target,2,0.25
Tobias,tortoise2161,actual,3,0.25
Tobias,tortoise274,target,1,0.25
Tobias,what's that1410,target,1,0.25
Tobias,what's that1411,target,1,0.25
Tobias,what's that1412,target,1,0.25
Tobias,what's that1413,target,1,0.25
Tobias,what's that1414,target,1,0.25
Tobias,what's that2857,actual,2,0.25
Tobias,what's that2858,actual,1,0.25
Tobias,what's that3147,actual,1,0.25
Tobias,what's that3148,actual,1,0.25
Tobias,what's that3149,actual,1,0.25
Tobias,what's that3626,actual,1,0.25
Tobias,woof woof1415,target,1,0.25
Tobias,woof woof1416,target,1,0.25
Tobias,woof woof1417,target,1,0.25
Tobias,woof woof1418,target,1,0.25
Tobias,woof woof1829,actual,6,0.25
Tobias,woof woof2708,actual,11,0.25
Tobias,woof woof2859,actual,5,0.25
Tobias,woof woof2860,actual,5,0.25
Vincent,a pas1309,target,5,0.25
Vincent,a pas3028,actual,11,0.25
Vincent,accroche1310,target,2,0.25
Vincent,accroche3029,actual,2,0.25
Vincent,allô1311,target,4,0.25
Vincent,allô1312,target,4,0.25
Vincent,allô1313,target,4,0.25
Vincent,allô1314,target,4,0.25
Vincent,allô1315,target,4,0.25
Vincent,allô2743,actual,8,0.25
Vincent,allô3030,actual,9,0.25
Vincent,allô3031,actual,9,0.25
Vincent,allô3032,actual,9,0.25
Vincent,allô3033,actual,9,0.25
Vincent,attends1316,target,6,0.25
Vincent,attends3034,actual,11,0.25
Vincent,bravo3035,actual,10,0.25
Vincent,bravo3036,actual,4,0.25
Vincent,bravo3037,actual,10,0.25
Vincent,bravo3038,actual,10,0.25
Vincent,bravo3039,actual,10,0.25
Vincent,bravo783,target,1,0.25
Vincent,bravo784,target,1,0.25
Vincent,bravo785,target,1,0.25
Vincent,bravo786,target,1,0.25
Vincent,bravo787,target,1,0.25
Vincent,caché3040,actual,11,0.25
Vincent,caché788,target,3,0.25
Vincent,caché789,target,3,0.25
Vincent,casser3160,actual,1,0.25
Vincent,casser790,target,3,0.25
Vincent,chercher1452,target,3,0.25
Vincent,chercher1453,target,3,0.25
Vincent,chercher3161,actual,2,0.25
Vincent,chercher3162,actual,2,0.25
Vincent,encore1317,target,2,0.25
Vincent,encore3041,actual,11,0.25
Vincent,entends1318,target,6,0.25
Vincent,entends3042,actual,11,0.25
Vincent,essaye1319,target,2,0.25
Vincent,essaye1320,target,2,0.25
Vincent,essaye3043,actual,11,0.25
Vincent,essaye3163,actual,1,0.25
Vincent,fermé3044,actual,4,0.25
Vincent,garage3045,actual,2,0.25
Vincent,ici1321,target,8,0.25
Vincent,ici1322,target,8,0.25
Vincent,ici3046,actual,9,0.25
Vincent,ici3047,actual,9,0.25
Vincent,l'avion2523,actual,1,0.25
Vincent,l'avion2524,actual,1,0.25
Vincent,l'avion792,target,2,0.25
Vincent,l'avion793,target,2,0.25
Vincent,l'avion794,target,2,0.25
Vincent,la lune2525,actual,2,0.25
Vincent,la lune2526,actual,1,0.25
Vincent,la lune2527,actual,1,0.25
Vincent,la lune2528,actual,2,0.25
Vincent,la lune2690,actual,2,0.25
Vincent,la lune2700,actual,1,0.25
Vincent,la lune3165,actual,1,0.25
Vincent,la lune795,target,1,0.25
Vincent,la lune796,target,1,0.25
Vincent,la lune797,target,1,0.25
Vincent,la lune798,target,1,0.25
Vincent,la lune799,target,1,0.25
Vincent,la lune800,target,1,0.25
Vincent,la lune801,target,1,0.25
Vincent,la lune802,target,1,0.25
Vincent,le chien3048,actual,9,0.25
Vincent,le chien807,target,1,0.25
Vincent,le pain3049,actual,11,0.25
Vincent,le pain3050,actual,11,0.25
Vincent,le pain3051,actual,11,0.25
Vincent,le pain3052,actual,11,0.25
Vincent,le pain808,target,4,0.25
Vincent,le pain809,target,4,0.25
Vincent,le pain810,target,4,0.25
Vincent,le pain811,target,4,0.25
Vincent,là-haut1945,actual,2,0.25
Vincent,là-haut1946,actual,2,0.25
Vincent,là-haut1947,actual,2,0.25
Vincent,là-haut1948,actual,2,0.25
Vincent,là-haut803,target,2,0.25
Vincent,là-haut804,target,2,0.25
Vincent,là-haut805,target,2,0.25
Vincent,là-haut806,target,2,0.25
Vincent,marche pas1455,target,1,0.25
Vincent,marche pas1456,target,1,0.25
Vincent,marche pas1457,target,1,0.25
Vincent,marche pas1458,target,1,0.25
Vincent,marche pas1459,target,1,0.25
Vincent,marche pas1460,target,1,0.25
Vincent,marche pas1461,target,1,0.25
Vincent,marche pas3053,actual,8,0.25
Vincent,marche pas3166,actual,2,0.25
Vincent,marche pas3167,actual,2,0.25
Vincent,marche pas3168,actual,2,0.25
Vincent,marche pas3169,actual,2,0.25
Vincent,marche pas3170,actual,2,0.25
Vincent,marche pas3171,actual,2,0.25
Vincent,micro3054,actual,10,0.25
Vincent,ok1323,target,6,0.25
Vincent,ok3055,actual,10,0.25
Vincent,super3056,actual,11,0.25
Vincent,super812,target,2,0.25
Vincent,un deux1325,target,6,0.25
Vincent,un deux1326,target,6,0.25
Vincent,un deux3058,actual,11,0.25
Vincent,un deux3059,actual,11,0.25
Vincent,voilà3060,actual,9,0.25
Vincent,voilà3061,actual,9,0.25
Vincent,voilà3062,actual,9,0.25
Vincent,voilà813,target,1,0.25
Vincent,voilà814,target,1,0.25
Vincent,voilà815,target,1,0.25
