Speaker_ID,Speaker,ID,path_length,mean_k,clust_coef_global,Language,data_type
Adeline_1,Adeline,1,0.3526932443569248,1.4,0,French,iter
Adeline_10,Adeline,10,0.21619724740757995,0.5,0,French,iter
Adeline_100,Adeline,100,0.3535054825121943,1.8,0,French,iter
Adeline_11,Adeline,11,0.35158032894245783,1.6,0,French,iter
Adeline_12,Adeline,12,0.27907159819659555,1.6,0,French,iter
Adeline_14,Adeline,14,0.3231060712055414,1.5,0,French,iter
Adeline_15,Adeline,15,0.33404094102692294,1.5,0,French,iter
Adeline_16,Adeline,16,0.2348918548728732,1.7,0,French,iter
Adeline_17,Adeline,17,0.2593974903561057,1.2,0,French,iter
Adeline_18,Adeline,18,0.24708256846580565,0.6,0,French,iter
Adeline_19,Adeline,19,0.15934755957370417,0.2,0,French,iter
Adeline_2,Adeline,2,0.3459155958521278,0.9,0,French,iter
Adeline_20,Adeline,20,0.2469304172278956,1.7,0,French,iter
Adeline_21,Adeline,21,0.34133591098639043,1.6,0,French,iter
Adeline_22,Adeline,22,0.10809862370378998,0.7,0,French,iter
Adeline_23,Adeline,23,0.2661583023129861,1.7,0,French,iter
Adeline_24,Adeline,24,0.20357717016884333,1.5,0,French,iter
Adeline_25,Adeline,25,0.32624671350907486,1.8,0,French,iter
Adeline_26,Adeline,26,0.24595923469683026,1.7,0,French,iter
Adeline_27,Adeline,27,0.34969776169824246,0.3,0,French,iter
Adeline_28,Adeline,28,0.29140856189835046,0.5,0,French,iter
Adeline_29,Adeline,29,0.21686921049695324,1.5,0,French,iter
Adeline_3,Adeline,3,0.3417953579527732,0.4,0,French,iter
Adeline_30,Adeline,30,0.26555182870673927,1.2,0,French,iter
Adeline_31,Adeline,31,0.2731666296492187,1.7,0,French,iter
Adeline_32,Adeline,32,0.25423058298916734,1.6,0,French,iter
Adeline_33,Adeline,33,0.33056160740945284,1.7,0,French,iter
Adeline_34,Adeline,34,0.26740451683241084,1.5,0,French,iter
Adeline_35,Adeline,35,0.3586937112677902,1.7,0,French,iter
Adeline_36,Adeline,36,0.2993412132809597,1.7,0,French,iter
Adeline_37,Adeline,37,0.35500376590797256,1.4,0,French,iter
Adeline_38,Adeline,38,0.33798369808715095,1.5,0,French,iter
Adeline_39,Adeline,39,0.2976194571310544,1.4,0,French,iter
Adeline_4,Adeline,4,0.2956349546860425,1.4,0,French,iter
Adeline_40,Adeline,40,0.27572226569623315,1.6,0,French,iter
Adeline_41,Adeline,41,0.2180490576793051,1.8,0,French,iter
Adeline_42,Adeline,42,0.21619724740757995,0.7,0,French,iter
Adeline_43,Adeline,43,0.2707871731648765,1.4,0,French,iter
Adeline_44,Adeline,44,0.24432788831639846,1.7,0,French,iter
Adeline_45,Adeline,45,0.23761431188524987,1.2,0,French,iter
Adeline_46,Adeline,46,0.3826059999636192,1.4,0,French,iter
Adeline_47,Adeline,47,0.3846389610207994,1.6,0,French,iter
Adeline_48,Adeline,48,0.3394473706907718,1.3,0,French,iter
Adeline_49,Adeline,49,0.33246036726743255,1.4,0,French,iter
Adeline_5,Adeline,5,0.3302070607568644,1.5,0,French,iter
Adeline_50,Adeline,50,0.28826299654343995,0.5,0,French,iter
Adeline_51,Adeline,51,0.2502890954990662,1.7,0,French,iter
Adeline_52,Adeline,52,0.28973177546923123,1.6,0,French,iter
Adeline_53,Adeline,53,0.2572157468230015,1.2,0,French,iter
Adeline_54,Adeline,54,0.25334289576764846,1.6,0,French,iter
Adeline_55,Adeline,55,0.2810096898145856,1.6,0,French,iter
Adeline_56,Adeline,56,0.2376252698543294,1.7,0,French,iter
Adeline_57,Adeline,57,0.32917864100391114,1.4,0,French,iter
Adeline_58,Adeline,58,0,0.1,NA,French,iter
Adeline_59,Adeline,59,0.33802306676012234,1.6,0,French,iter
Adeline_6,Adeline,6,0.10809862370378998,0.3,0,French,iter
Adeline_60,Adeline,60,0.2667645373387515,1.6,0,French,iter
Adeline_61,Adeline,61,0.2751601330641923,1,0,French,iter
Adeline_62,Adeline,62,0.2930275693134093,1.8,0,French,iter
Adeline_63,Adeline,63,0.2745180052768362,1.5,0,French,iter
Adeline_64,Adeline,64,0.19964286930654543,1.3,0,French,iter
Adeline_65,Adeline,65,0.3074122266760541,1.5,0,French,iter
Adeline_66,Adeline,66,0.23205584603063845,1.5,0,French,iter
Adeline_67,Adeline,67,0.297614004097853,0.2,0,French,iter
Adeline_68,Adeline,68,0.2828732489217205,1.4,0,French,iter
Adeline_69,Adeline,69,0.22838883976759036,0.3,0,French,iter
Adeline_7,Adeline,7,0.2325800297544596,1.7,0,French,iter
Adeline_70,Adeline,70,0.30267614637061163,0.9,0,French,iter
Adeline_71,Adeline,71,0.30322040127428695,1.5,0,French,iter
Adeline_72,Adeline,72,0.29044417116375937,1.5,0,French,iter
Adeline_73,Adeline,73,0.34259356038267336,1.5,0,French,iter
Adeline_74,Adeline,74,0.24708256846580565,0.6,0,French,iter
Adeline_75,Adeline,75,0.28723975306849786,1.7,0,French,iter
Adeline_77,Adeline,77,0.24587881236524614,1.5,0,French,iter
Adeline_78,Adeline,78,0.2853714061553528,1.9,0,French,iter
Adeline_79,Adeline,79,0.21619724740757967,1.1,0,French,iter
Adeline_8,Adeline,8,0.29564003798496036,1.2,0,French,iter
Adeline_80,Adeline,80,0.2655520807068504,1.7,0,French,iter
Adeline_81,Adeline,81,0.3722357948310855,1.5,0,French,iter
Adeline_82,Adeline,82,0.3756398969797578,1.4,0,French,iter
Adeline_83,Adeline,83,0.33711561621563646,1.7,0,French,iter
Adeline_84,Adeline,84,0.2906993120085037,1.5,0,French,iter
Adeline_85,Adeline,85,0.23902133936055625,0.3,0,French,iter
Adeline_86,Adeline,86,0.35338669267928646,1,0,French,iter
Adeline_87,Adeline,87,0.3456575841971327,0.8,0,French,iter
Adeline_88,Adeline,88,0.22892180350777994,1.7,0,French,iter
Adeline_89,Adeline,89,0.24708256846580565,0.6,0,French,iter
Adeline_9,Adeline,9,0.2637254581605229,1.5,0,French,iter
Adeline_90,Adeline,90,0.2030527227793728,1.4,0,French,iter
Adeline_91,Adeline,91,0.27024655925947494,0.7,0,French,iter
Adeline_92,Adeline,92,0.23902133936055625,0.3,0,French,iter
Adeline_93,Adeline,93,0.23513157763944445,1.6,0,French,iter
Adeline_94,Adeline,94,0.3412198776262785,1.6,0,French,iter
Adeline_95,Adeline,95,0.18271107181407228,0.4,0,French,iter
Adeline_96,Adeline,96,0.24511664261098154,1.3,0,French,iter
Adeline_97,Adeline,97,0.3910352014618011,1.6,0,French,iter
Adeline_98,Adeline,98,0.3091661131043716,0.5,0,French,iter
Adeline_99,Adeline,99,0.24767175869974453,1.2,0,French,iter
Afan_1,Afan,1,0.3638540614969278,1,0,Urdu,iter
Afan_10,Afan,10,0.297614004097853,0.2,0,Urdu,iter
Afan_100,Afan,100,0.24546702252928343,0.1,NA,Urdu,iter
Afan_11,Afan,11,0.11621886101413344,0.4,0,Urdu,iter
Afan_12,Afan,12,0.1869857719114518,0.7,0,Urdu,iter
Afan_13,Afan,13,0.32742419501839654,0.3,0,Urdu,iter
Afan_14,Afan,14,0.31418259793482045,0.8,0,Urdu,iter
Afan_15,Afan,15,0.17461174680397354,0.8,0,Urdu,iter
Afan_16,Afan,16,0,0.1,NA,Urdu,iter
Afan_17,Afan,17,0.362212777152782,0.4,0,Urdu,iter
Afan_18,Afan,18,0.27568824876037185,0.9,0,Urdu,iter
Afan_19,Afan,19,0.34780702303718664,1.2,0,Urdu,iter
Afan_2,Afan,2,0.1605783113542724,0.2,0,Urdu,iter
Afan_20,Afan,20,0.40025742348789844,1.1,0,Urdu,iter
Afan_21,Afan,21,0.3542458270383699,0.6,0,Urdu,iter
Afan_22,Afan,22,0.12570926292568876,0.4,0,Urdu,iter
Afan_23,Afan,23,0,0.2,0,Urdu,iter
Afan_25,Afan,25,0.2552602193916072,0.7,0,Urdu,iter
Afan_26,Afan,26,0.3968009695001842,1.3,0,Urdu,iter
Afan_27,Afan,27,0,0.1,NA,Urdu,iter
Afan_28,Afan,28,0.22048342162400694,0.3,0,Urdu,iter
Afan_29,Afan,29,0.11517622864613408,0.3,0,Urdu,iter
Afan_3,Afan,3,0.21017476659964368,0.4,0,Urdu,iter
Afan_30,Afan,30,0.2307310518096591,0.5,0,Urdu,iter
Afan_31,Afan,31,0.2941885022620081,0.2,0,Urdu,iter
Afan_32,Afan,32,0,0.1,NA,Urdu,iter
Afan_33,Afan,33,0.2128935581309384,0.4,0,Urdu,iter
Afan_34,Afan,34,0.15432549389629413,0.2,0,Urdu,iter
Afan_35,Afan,35,0.2909425934964503,0.3,0,Urdu,iter
Afan_36,Afan,36,0,0.1,NA,Urdu,iter
Afan_37,Afan,37,0.20776196879050202,0.8,0,Urdu,iter
Afan_38,Afan,38,0,0.1,NA,Urdu,iter
Afan_39,Afan,39,0.3756835336623068,0.9,0,Urdu,iter
Afan_4,Afan,4,0.22048342162400694,0.3,0,Urdu,iter
Afan_40,Afan,40,0.14958861752916128,0.4,0,Urdu,iter
Afan_41,Afan,41,0.22717584629016052,0.3,0,Urdu,iter
Afan_42,Afan,42,0.2128935581309384,0.4,0,Urdu,iter
Afan_43,Afan,43,0.2992683487256131,0.2,0,Urdu,iter
Afan_44,Afan,44,0.12176479929500908,0.6,0,Urdu,iter
Afan_45,Afan,45,0,0.3,0,Urdu,iter
Afan_46,Afan,46,0.07479430876458064,0.4,0,Urdu,iter
Afan_47,Afan,47,0.32313502399189015,0.7,0,Urdu,iter
Afan_48,Afan,48,0.2540066137664308,0.4,0,Urdu,iter
Afan_49,Afan,49,0.297614004097853,0.2,0,Urdu,iter
Afan_5,Afan,5,0.09259529633777648,0.4,0,Urdu,iter
Afan_50,Afan,50,0.27585750378295487,0.2,0,Urdu,iter
Afan_51,Afan,51,0,0.2,0,Urdu,iter
Afan_52,Afan,52,0.25755026234663064,0.5,0,Urdu,iter
Afan_53,Afan,53,0.2992683487256131,0.2,0,Urdu,iter
Afan_54,Afan,54,0,0.1,NA,Urdu,iter
Afan_55,Afan,55,0.08301347215295247,0.6,0,Urdu,iter
Afan_56,Afan,56,0.24747375583450743,1,0,Urdu,iter
Afan_57,Afan,57,0.21369802504165905,0.6,0,Urdu,iter
Afan_58,Afan,58,0.2408674670314086,0.1,NA,Urdu,iter
Afan_59,Afan,59,0.2043875231479945,0.5,0,Urdu,iter
Afan_6,Afan,6,0.2309203490683546,0.3,0,Urdu,iter
Afan_60,Afan,60,0,0.3,0,Urdu,iter
Afan_61,Afan,61,0.1423228170326083,0.2,0,Urdu,iter
Afan_62,Afan,62,0.21801484474252286,0.8,0,Urdu,iter
Afan_63,Afan,63,0,0.4,0,Urdu,iter
Afan_64,Afan,64,0.3030091801101815,1.1,0,Urdu,iter
Afan_65,Afan,65,0.19581573086372872,0.1,NA,Urdu,iter
Afan_66,Afan,66,0.2327540747971603,0.4,0,Urdu,iter
Afan_67,Afan,67,0.12465718127430107,0.5,0,Urdu,iter
Afan_68,Afan,68,0,0.2,0,Urdu,iter
Afan_69,Afan,69,0.07901591035232958,0.3,0,Urdu,iter
Afan_7,Afan,7,0.07479430876458064,0.4,0,Urdu,iter
Afan_70,Afan,70,0.14119286320549426,0.5,0,Urdu,iter
Afan_71,Afan,71,0.21369802504165905,0.6,0,Urdu,iter
Afan_72,Afan,72,0.24931436254860215,0.2,0,Urdu,iter
Afan_73,Afan,73,0.22861381181583865,0.6,0,Urdu,iter
Afan_74,Afan,74,0.27733157559246013,0.4,0,Urdu,iter
Afan_75,Afan,75,0.19938047827428976,0.4,0,Urdu,iter
Afan_76,Afan,76,0.24678352831672187,0.7,0,Urdu,iter
Afan_77,Afan,77,0.26600513875577175,0.2,0,Urdu,iter
Afan_78,Afan,78,0.22321050307338974,0.1,NA,Urdu,iter
Afan_79,Afan,79,0.2493143625486022,0.5,0,Urdu,iter
Afan_8,Afan,8,0.30184398096065174,0.5,0,Urdu,iter
Afan_80,Afan,80,0.15626604661638233,0.2,0,Urdu,iter
Afan_81,Afan,81,0.22397763109978852,0.1,NA,Urdu,iter
Afan_82,Afan,82,0.2225724248957818,0.2,0,Urdu,iter
Afan_83,Afan,83,0.3225250704732707,0.8,0,Urdu,iter
Afan_84,Afan,84,0.279038432329082,0.5,0,Urdu,iter
Afan_85,Afan,85,0,0.4,0,Urdu,iter
Afan_86,Afan,86,0.20689312783721614,0.1,NA,Urdu,iter
Afan_87,Afan,87,0,0.2,0,Urdu,iter
Afan_88,Afan,88,0.3690503654675719,1,0,Urdu,iter
Afan_89,Afan,89,0.22064137669650608,0.3,0,Urdu,iter
Afan_9,Afan,9,0.3427551513821989,0.3,0,Urdu,iter
Afan_90,Afan,90,0.2903417868994988,0.2,0,Urdu,iter
Afan_91,Afan,91,0.22016712763144752,0.5,0,Urdu,iter
Afan_92,Afan,92,0.07678415243075604,0.5,0,Urdu,iter
Afan_93,Afan,93,0.2999851304981768,0.5,0,Urdu,iter
Afan_94,Afan,94,0,0.1,NA,Urdu,iter
Afan_95,Afan,95,0.33464910372796997,0.3,0,Urdu,iter
Afan_96,Afan,96,0.21369802504165905,0.6,0,Urdu,iter
Afan_97,Afan,97,0.24931436254860248,0.8,0,Urdu,iter
Afan_98,Afan,98,0.21348422554891244,0.3,0,Urdu,iter
Afan_99,Afan,99,0.2803048003832436,0.6,0,Urdu,iter
Atte_1,Atte,1,0.14136458133119498,1.5,0,Finnish,iter
Atte_10,Atte,10,0,0.1,NA,Finnish,iter
Atte_100,Atte,100,0.08847581871347751,1.4,0,Finnish,iter
Atte_11,Atte,11,0.0876510230973268,1.2,0,Finnish,iter
Atte_12,Atte,12,0.35670070291536626,1,0,Finnish,iter
Atte_13,Atte,13,0.11615527804534152,1.4,0,Finnish,iter
Atte_14,Atte,14,0.19189412439258213,1.4,0,Finnish,iter
Atte_15,Atte,15,0.30525987603441046,0.2,0,Finnish,iter
Atte_16,Atte,16,0.3619065093507544,1,0,Finnish,iter
Atte_17,Atte,17,0.18242716406252263,1.5,0,Finnish,iter
Atte_18,Atte,18,0.1467625068283616,1.8,0,Finnish,iter
Atte_19,Atte,19,0.1489938294180281,0.2,0,Finnish,iter
Atte_2,Atte,2,0.14222570500230072,1.7,0,Finnish,iter
Atte_20,Atte,20,0.14992214886302357,0.1,NA,Finnish,iter
Atte_21,Atte,21,0.06681465667824685,1.2,0,Finnish,iter
Atte_22,Atte,22,0.15823598400990496,1.8,0,Finnish,iter
Atte_24,Atte,24,0.16646676277169564,1.5,0,Finnish,iter
Atte_25,Atte,25,0.11115899355158966,1,0,Finnish,iter
Atte_26,Atte,26,0.22894490702580766,0.5,0,Finnish,iter
Atte_27,Atte,27,0.3909395960346423,1.2,0,Finnish,iter
Atte_28,Atte,28,0.14216209776838928,0.2,0,Finnish,iter
Atte_29,Atte,29,0.13488859638409012,0.3,0,Finnish,iter
Atte_3,Atte,3,0.17404753770257897,1.2,0,Finnish,iter
Atte_30,Atte,30,0.12717086020190052,1.4,0,Finnish,iter
Atte_31,Atte,31,0.12328007840299848,1,0,Finnish,iter
Atte_32,Atte,32,0.17880675959600378,1.6,0,Finnish,iter
Atte_33,Atte,33,0.24874144444491433,1.1,0,Finnish,iter
Atte_34,Atte,34,0.3371078734688197,0.4,0,Finnish,iter
Atte_35,Atte,35,0.17469355631185043,0.4,0,Finnish,iter
Atte_36,Atte,36,0.1735924227424723,1.7,0,Finnish,iter
Atte_37,Atte,37,0,0.1,NA,Finnish,iter
Atte_38,Atte,38,0.3335970366568942,1.5,0,Finnish,iter
Atte_39,Atte,39,0.1524985912637555,1.5,0,Finnish,iter
Atte_4,Atte,4,0.25308936103335244,1.1,0,Finnish,iter
Atte_40,Atte,40,0.20445067944954332,1.7,0,Finnish,iter
Atte_41,Atte,41,0.3652535504837281,1,0,Finnish,iter
Atte_42,Atte,42,0.15558963152650251,1.7,0,Finnish,iter
Atte_43,Atte,43,0.19091315242057108,1.8,0,Finnish,iter
Atte_44,Atte,44,0.141780235231272,1.3,0,Finnish,iter
Atte_45,Atte,45,0,0.1,NA,Finnish,iter
Atte_46,Atte,46,0.13376445870972598,1.4,0,Finnish,iter
Atte_47,Atte,47,0.14836156513022464,1.7,0,Finnish,iter
Atte_48,Atte,48,0.3087886710096595,1,0,Finnish,iter
Atte_49,Atte,49,0.3652535504837281,1,0,Finnish,iter
Atte_5,Atte,5,0.19876158111384407,1.4,0,Finnish,iter
Atte_50,Atte,50,0.35655640463048177,1.2,0,Finnish,iter
Atte_51,Atte,51,0.10130563777090476,1.3,0,Finnish,iter
Atte_52,Atte,52,0.4120809287508725,1.2,0,Finnish,iter
Atte_53,Atte,53,0.0928828509654609,1.4,0,Finnish,iter
Atte_54,Atte,54,0.11324148814620899,1.8,0,Finnish,iter
Atte_55,Atte,55,0.15262993801720523,0.2,0,Finnish,iter
Atte_56,Atte,56,0.29798765883605655,0.2,0,Finnish,iter
Atte_57,Atte,57,0.09374354607029947,1.4,0,Finnish,iter
Atte_58,Atte,58,0.18099807302997128,1.2,0,Finnish,iter
Atte_59,Atte,59,0.21713379843901415,0.2,0,Finnish,iter
Atte_6,Atte,6,0.4122748467799222,1.3,0,Finnish,iter
Atte_60,Atte,60,0.16164647951712607,1.3,0,Finnish,iter
Atte_61,Atte,61,0.2164857193965398,1.3,0,Finnish,iter
Atte_62,Atte,62,0.14092847878791553,1.5,0,Finnish,iter
Atte_63,Atte,63,0.18399555684865887,1.6,0,Finnish,iter
Atte_64,Atte,64,0.4092192556345471,1.1,0,Finnish,iter
Atte_65,Atte,65,0.3246698226522028,1,0,Finnish,iter
Atte_66,Atte,66,0.2949693892852167,0.9,0,Finnish,iter
Atte_67,Atte,67,0.15174303284789203,1.2,0,Finnish,iter
Atte_68,Atte,68,0.11174537206352109,0.1,NA,Finnish,iter
Atte_69,Atte,69,0.23957626404387541,1.5,0,Finnish,iter
Atte_7,Atte,7,0.1705014237708848,1.6,0,Finnish,iter
Atte_70,Atte,70,0.40826553490208617,1.2,0,Finnish,iter
Atte_71,Atte,71,0.20475725523948052,1.5,0,Finnish,iter
Atte_72,Atte,72,0.1922202928332454,0.3,0,Finnish,iter
Atte_73,Atte,73,0.12804545211707152,1.4,0,Finnish,iter
Atte_74,Atte,74,0.13270878728404328,1,0,Finnish,iter
Atte_75,Atte,75,0.08631981417148357,1.5,0,Finnish,iter
Atte_76,Atte,76,0.260412253585621,1.1,0,Finnish,iter
Atte_77,Atte,77,0.1664667627716957,1.5,0,Finnish,iter
Atte_78,Atte,78,0.401778905532101,0.9,0,Finnish,iter
Atte_79,Atte,79,0.29761400409785305,0.5,0,Finnish,iter
Atte_8,Atte,8,0.21070909427287887,0.2,0,Finnish,iter
Atte_80,Atte,80,0.3843049532836403,1.5,0,Finnish,iter
Atte_81,Atte,81,0.15894478562281364,1.6,0,Finnish,iter
Atte_82,Atte,82,0.3129712532943317,1.3,0,Finnish,iter
Atte_83,Atte,83,0.4039901867832147,1,0,Finnish,iter
Atte_84,Atte,84,0,0.1,NA,Finnish,iter
Atte_85,Atte,85,0.15083425644192178,1.5,0,Finnish,iter
Atte_86,Atte,86,0.10130563777090476,1.3,0,Finnish,iter
Atte_87,Atte,87,0.19007010895622836,1.6,0,Finnish,iter
Atte_88,Atte,88,0,0.1,NA,Finnish,iter
Atte_89,Atte,89,0.18315044737228248,0.4,0,Finnish,iter
Atte_9,Atte,9,0,0.2,0,Finnish,iter
Atte_90,Atte,90,0,0.1,NA,Finnish,iter
Atte_91,Atte,91,0.39668813638795647,0.6,0,Finnish,iter
Atte_92,Atte,92,0.25308936103335244,1.1,0,Finnish,iter
Atte_93,Atte,93,0.07382555268520873,1.2,0,Finnish,iter
Atte_94,Atte,94,0.15228176993489675,1.3,0,Finnish,iter
Atte_96,Atte,96,0.11510411696273375,1.5,0,Finnish,iter
Atte_97,Atte,97,0.12975405883301946,1.5,0,Finnish,iter
Atte_98,Atte,98,0.10623977128797982,1.2,0,Finnish,iter
Atte_99,Atte,99,0.3434007739590605,1.2,0,Finnish,iter
Basile_1,Basile,1,0.35548727239565536,1.1,0,French,iter
Basile_10,Basile,10,0.3670660059457837,0.6,0,French,iter
Basile_100,Basile,100,0.1915770724645814,1,0,French,iter
Basile_11,Basile,11,0.37306504480515007,1.6,0,French,iter
Basile_12,Basile,12,0.2537839026463396,1,0,French,iter
Basile_13,Basile,13,0.32085524015662864,0.9,0,French,iter
Basile_14,Basile,14,0.23640922171995307,1,0,French,iter
Basile_15,Basile,15,0.271878249501419,0.9,0,French,iter
Basile_16,Basile,16,0.2620721176011156,1.1,0,French,iter
Basile_17,Basile,17,0.39034744995205006,1.2,0,French,iter
Basile_18,Basile,18,0.3941454661136297,1,0,French,iter
Basile_19,Basile,19,0.3359323557743101,0.7,0,French,iter
Basile_2,Basile,2,0.34717550391974533,1.6,0,French,iter
Basile_20,Basile,20,0.24380808450222782,1,0,French,iter
Basile_21,Basile,21,0.07865821214510307,0.4,0,French,iter
Basile_22,Basile,22,0.21645460276091194,1.2,0,French,iter
Basile_23,Basile,23,0.13109702024183845,0.2,0,French,iter
Basile_24,Basile,24,0.07865821214510307,0.4,0,French,iter
Basile_25,Basile,25,0.38136499986389244,1.1,0,French,iter
Basile_26,Basile,26,0.3484810351731705,0.7,0,French,iter
Basile_27,Basile,27,0.27332527104226867,1.4,0,French,iter
Basile_28,Basile,28,0.267042012161967,0.9,0,French,iter
Basile_29,Basile,29,0.07865821214510307,0.4,0,French,iter
Basile_3,Basile,3,0,0.1,NA,French,iter
Basile_30,Basile,30,0,0.2,0,French,iter
Basile_31,Basile,31,0.3242246615593591,1,0,French,iter
Basile_32,Basile,32,0.09832276518137884,0.3,0,French,iter
Basile_33,Basile,33,0,0.3,0,French,iter
Basile_34,Basile,34,0,0.5,0,French,iter
Basile_35,Basile,35,0.3425199801592099,0.8,0,French,iter
Basile_36,Basile,36,0.29776516881202353,1.2,0,French,iter
Basile_37,Basile,37,0.09832276518137884,0.3,0,French,iter
Basile_38,Basile,38,0.3501712995710836,1.1,0,French,iter
Basile_39,Basile,39,0.3874066762845142,1.6,0,French,iter
Basile_4,Basile,4,0.3722764643239888,0.9,0,French,iter
Basile_40,Basile,40,0.30163454469191114,0.6,0,French,iter
Basile_41,Basile,41,0.2669252138774449,0.9,0,French,iter
Basile_42,Basile,42,0.221911145283285,0.7,0,French,iter
Basile_43,Basile,43,0.38044332594271646,1.7,0,French,iter
Basile_44,Basile,44,0.33581723724048684,0.9,0,French,iter
Basile_45,Basile,45,0.2540227556783431,0.6,0,French,iter
Basile_46,Basile,46,0.4009367773282846,1.6,0,French,iter
Basile_47,Basile,47,0.2870778382656588,1.1,0,French,iter
Basile_48,Basile,48,0.24556746596764012,1,0,French,iter
Basile_49,Basile,49,0.3825702903232231,1,0,French,iter
Basile_5,Basile,5,0.3250518708663592,1.4,0,French,iter
Basile_50,Basile,50,0.3342540798892381,0.8,0,French,iter
Basile_51,Basile,51,0.3425283615253227,1.1,0,French,iter
Basile_52,Basile,52,0.06554851012091922,0.5,0,French,iter
Basile_53,Basile,53,0,0.1,NA,French,iter
Basile_54,Basile,54,0.2034786949050146,1,0,French,iter
Basile_56,Basile,56,0.2901108401412046,0.6,0,French,iter
Basile_57,Basile,57,0.25185485534332913,1,0,French,iter
Basile_58,Basile,58,0.3493810415623041,1.4,0,French,iter
Basile_59,Basile,59,0.2618238032833512,0.3,0,French,iter
Basile_6,Basile,6,0.2706607322375006,0.2,0,French,iter
Basile_60,Basile,60,0.3579210108717415,0.9,0,French,iter
Basile_61,Basile,61,0.3186797755126466,1.4,0,French,iter
Basile_62,Basile,62,0.37056651690010317,0.8,0,French,iter
Basile_63,Basile,63,0.3475182367608474,0.5,0,French,iter
Basile_64,Basile,64,0.1966455303627576,0.5,0,French,iter
Basile_65,Basile,65,0.14046161394534154,0.2,0,French,iter
Basile_66,Basile,66,0.17094389619387396,1.2,0,French,iter
Basile_67,Basile,67,0.20722031426626897,0.9,0,French,iter
Basile_68,Basile,68,0,0.1,NA,French,iter
Basile_69,Basile,69,0,0.1,NA,French,iter
Basile_7,Basile,7,0,0.2,0,French,iter
Basile_70,Basile,70,0.2991174077468851,1.1,0,French,iter
Basile_71,Basile,71,0.3328998809132531,1.1,0,French,iter
Basile_72,Basile,72,0,0.2,0,French,iter
Basile_73,Basile,73,0.06554851012091922,0.5,0,French,iter
Basile_74,Basile,74,0.3229922082020911,1,0,French,iter
Basile_75,Basile,75,0.11347001267855876,0.2,0,French,iter
Basile_76,Basile,76,0.06554851012091922,0.5,0,French,iter
Basile_77,Basile,77,0.362796403383825,1.3,0,French,iter
Basile_78,Basile,78,0.22135284467537253,0.1,NA,French,iter
Basile_79,Basile,79,0.22183113211117622,0.9,0,French,iter
Basile_8,Basile,8,0.3149352050279496,1,0,French,iter
Basile_80,Basile,80,0.3059100037216413,0.7,0,French,iter
Basile_81,Basile,81,0.2223438633365587,0.9,0,French,iter
Basile_82,Basile,82,0.07865821214510307,0.4,0,French,iter
Basile_83,Basile,83,0.08510250950891907,0.3,0,French,iter
Basile_84,Basile,84,0.21069242091801232,0.1,NA,French,iter
Basile_85,Basile,85,0.21069242091801232,0.1,NA,French,iter
Basile_86,Basile,86,0.3509928036850228,1.4,0,French,iter
Basile_87,Basile,87,0.20114732131711832,1,0,French,iter
Basile_88,Basile,88,0.259133698753226,1.3,0,French,iter
Basile_89,Basile,89,0.11236887449300434,0.6,0,French,iter
Basile_9,Basile,9,0,0.4,0,French,iter
Basile_90,Basile,90,0.3284314065020327,1,0,French,iter
Basile_91,Basile,91,0.28255443435904837,0.6,0,French,iter
Basile_92,Basile,92,0.28894552491075776,1,0,French,iter
Basile_93,Basile,93,0.35783276514051787,1.2,0,French,iter
Basile_94,Basile,94,0.3631380891888304,1,0,French,iter
Basile_95,Basile,95,0.3656771555733942,1.3,0,French,iter
Basile_96,Basile,96,0.3467590667349087,1.1,0,French,iter
Basile_97,Basile,97,0.17461274673050503,0.6,0,French,iter
Basile_98,Basile,98,0.30932515840692326,0.5,0,French,iter
Basile_99,Basile,99,0.05618443724650219,0.6,0,French,iter
Carys_1,Carys,1,0.32872139368566144,1.1,0,Welsh,iter
Carys_10,Carys,10,0.35119702132588915,1.2,0,Welsh,iter
Carys_100,Carys,100,0.3499160132792464,1.2,0,Welsh,iter
Carys_11,Carys,11,0.34559367295902327,1.1,0,Welsh,iter
Carys_12,Carys,12,0.3499160132792463,1.2,0,Welsh,iter
Carys_13,Carys,13,0.34126116512762933,1.1,0,Welsh,iter
Carys_14,Carys,14,0.3698001562821237,1.1,0,Welsh,iter
Carys_16,Carys,16,0.24265138652529536,1.2,0,Welsh,iter
Carys_17,Carys,17,0.3223871722683384,1.8,0,Welsh,iter
Carys_18,Carys,18,0.22560975514402934,1,0,Welsh,iter
Carys_19,Carys,19,0.31616896276569756,1,0,Welsh,iter
Carys_2,Carys,2,0.2542575990345672,1.2,0,Welsh,iter
Carys_20,Carys,20,0.25049639242683475,1,0,Welsh,iter
Carys_21,Carys,21,0.42322067687107623,1.8,0,Welsh,iter
Carys_22,Carys,22,0.24822037748949338,1,0,Welsh,iter
Carys_23,Carys,23,0.2504963924268347,1,0,Welsh,iter
Carys_24,Carys,24,0.3287213936856612,1.1,0,Welsh,iter
Carys_25,Carys,25,0.20786552309290854,0.7,0,Welsh,iter
Carys_26,Carys,26,0.2604482169271712,1.3,0,Welsh,iter
Carys_27,Carys,27,0.25897420204194155,0.8,0,Welsh,iter
Carys_28,Carys,28,0.28048269515233853,1.2,0,Welsh,iter
Carys_29,Carys,29,0.2612844920940891,1.1,0,Welsh,iter
Carys_3,Carys,3,0.2337922602654358,0.9,0,Welsh,iter
Carys_30,Carys,30,0.22587562593070326,1,0,Welsh,iter
Carys_31,Carys,31,0.3392571648090847,1.8,0,Welsh,iter
Carys_32,Carys,32,0.3413539904142684,1.2,0,Welsh,iter
Carys_33,Carys,33,0.31384899350374507,1.2,0,Welsh,iter
Carys_34,Carys,34,0.26850878418200147,1.3,0,Welsh,iter
Carys_35,Carys,35,0.3413539904142682,1.2,0,Welsh,iter
Carys_36,Carys,36,0.3287213936856612,1.1,0,Welsh,iter
Carys_37,Carys,37,0.3323657464173635,1.8,0,Welsh,iter
Carys_39,Carys,39,0.26324614264566426,1.3,0,Welsh,iter
Carys_4,Carys,4,0.2512444482608055,1.2,0,Welsh,iter
Carys_40,Carys,40,0.4101641429704957,1.8,0,Welsh,iter
Carys_41,Carys,41,0.36167044806540255,1.8,0,Welsh,iter
Carys_43,Carys,43,0.41116441413151794,1.8,0,Welsh,iter
Carys_44,Carys,44,0.41232547957935706,1.9,0,Welsh,iter
Carys_45,Carys,45,0.31379196118821684,1,0,Welsh,iter
Carys_46,Carys,46,0.2154349882800777,0.8,0,Welsh,iter
Carys_47,Carys,47,0.33358302431645215,1.1,0,Welsh,iter
Carys_48,Carys,48,0.23379226026543568,0.9,0,Welsh,iter
Carys_49,Carys,49,0.3599419525674601,1.3,0,Welsh,iter
Carys_5,Carys,5,0.2389929811936562,0.8,0,Welsh,iter
Carys_50,Carys,50,0.23997608732707512,1.1,0,Welsh,iter
Carys_51,Carys,51,0.21543498828007765,0.8,0,Welsh,iter
Carys_52,Carys,52,0.21595284972733622,1,0,Welsh,iter
Carys_53,Carys,53,0.36343354279005635,1.8,0,Welsh,iter
Carys_54,Carys,54,0.2337922602654357,0.9,0,Welsh,iter
Carys_55,Carys,55,0.3610963256550061,1.8,0,Welsh,iter
Carys_56,Carys,56,0.412325479579357,1.9,0,Welsh,iter
Carys_57,Carys,57,0.3138489935037453,1.2,0,Welsh,iter
Carys_58,Carys,58,0.35994195256746014,1.3,0,Welsh,iter
Carys_59,Carys,59,0.4383847004245295,1.8,0,Welsh,iter
Carys_6,Carys,6,0.3190955582399883,1,0,Welsh,iter
Carys_60,Carys,60,0.23379226026543576,0.9,0,Welsh,iter
Carys_61,Carys,61,0.2530838788902188,0.9,0,Welsh,iter
Carys_62,Carys,62,0.3331879444559949,1.1,0,Welsh,iter
Carys_63,Carys,63,0.31280517330031554,1.1,0,Welsh,iter
Carys_64,Carys,64,0.4115801735937884,1.8,0,Welsh,iter
Carys_65,Carys,65,0.261284492094089,1.1,0,Welsh,iter
Carys_66,Carys,66,0.21681774515815946,1,0,Welsh,iter
Carys_67,Carys,67,0.33542573393708003,1.8,0,Welsh,iter
Carys_68,Carys,68,0.2291035436529918,0.8,0,Welsh,iter
Carys_69,Carys,69,0.26717399032248357,1.1,0,Welsh,iter
Carys_7,Carys,7,0.23899298119365614,0.8,0,Welsh,iter
Carys_70,Carys,70,0.29061044352837234,1.3,0,Welsh,iter
Carys_72,Carys,72,0.3646155810793259,1.8,0,Welsh,iter
Carys_73,Carys,73,0.35119702132588937,1.2,0,Welsh,iter
Carys_74,Carys,74,0.2697711139015808,1,0,Welsh,iter
Carys_75,Carys,75,0.32914862772698195,1.9,0,Welsh,iter
Carys_76,Carys,76,0.20554555073941333,0.8,0,Welsh,iter
Carys_77,Carys,77,0.26717399032248357,1.1,0,Welsh,iter
Carys_78,Carys,78,0.2337922602654357,0.9,0,Welsh,iter
Carys_79,Carys,79,0.2389929811936562,0.8,0,Welsh,iter
Carys_8,Carys,8,0.26324614264566426,1.3,0,Welsh,iter
Carys_80,Carys,80,0.32396815908035215,1,0,Welsh,iter
Carys_81,Carys,81,0.2262601235762744,1.1,0,Welsh,iter
Carys_82,Carys,82,0.2426513865252953,1.2,0,Welsh,iter
Carys_83,Carys,83,0.23379226026543568,0.9,0,Welsh,iter
Carys_84,Carys,84,0.2632461426456642,1.3,0,Welsh,iter
Carys_85,Carys,85,0.330230170836845,1.8,0,Welsh,iter
Carys_86,Carys,86,0.2400632776312656,1,0,Welsh,iter
Carys_87,Carys,87,0.24496012582943516,1.1,0,Welsh,iter
Carys_88,Carys,88,0.261284492094089,1.1,0,Welsh,iter
Carys_89,Carys,89,0.2780593860229665,1.2,0,Welsh,iter
Carys_9,Carys,9,0.2906104435283723,1.3,0,Welsh,iter
Carys_90,Carys,90,0.3558133729451315,1.1,0,Welsh,iter
Carys_92,Carys,92,0.22983051918216732,1,0,Welsh,iter
Carys_93,Carys,93,0.33960684282685993,1.1,0,Welsh,iter
Carys_94,Carys,94,0.3372993063294171,1.8,0,Welsh,iter
Carys_95,Carys,95,0.3698001562821237,1.1,0,Welsh,iter
Carys_96,Carys,96,0.29224032533179456,0.7,0,Welsh,iter
Carys_97,Carys,97,0.28372684613902194,1.2,0,Welsh,iter
Carys_98,Carys,98,0.28048269515233826,1.2,0,Welsh,iter
Carys_99,Carys,99,0.2780593860229666,1.2,0,Welsh,iter
Eelis_1,Eelis,1,0,0.3,0,Finnish,iter
Eelis_10,Eelis,10,0.29956372320012825,0.2,0,Finnish,iter
Eelis_100,Eelis,100,0.06764053039954553,0.8,0,Finnish,iter
Eelis_11,Eelis,11,0.11725524425973086,0.6,0,Finnish,iter
Eelis_12,Eelis,12,0.10447166009230102,0.2,0,Finnish,iter
Eelis_13,Eelis,13,0.05145143315452287,0.4,0,Finnish,iter
Eelis_14,Eelis,14,0.3231814594799325,0.8,0,Finnish,iter
Eelis_15,Eelis,15,0.29131664645063643,0.2,0,Finnish,iter
Eelis_16,Eelis,16,0.19725026184082753,0.4,0,Finnish,iter
Eelis_17,Eelis,17,0.1954534422319466,0.3,0,Finnish,iter
Eelis_18,Eelis,18,0,0.1,NA,Finnish,iter
Eelis_19,Eelis,19,0,0.4,0,Finnish,iter
Eelis_20,Eelis,20,0.1416642846931425,1,0,Finnish,iter
Eelis_21,Eelis,21,0.1675390874015485,0.4,0,Finnish,iter
Eelis_22,Eelis,22,0.1780667198606558,0.8,0,Finnish,iter
Eelis_24,Eelis,24,0.0468798139849147,0.4,0,Finnish,iter
Eelis_26,Eelis,26,0.2212006993556209,0.5,0,Finnish,iter
Eelis_27,Eelis,27,0.05145143315452287,0.4,0,Finnish,iter
Eelis_28,Eelis,28,0.14808177227831598,0.3,0,Finnish,iter
Eelis_29,Eelis,29,0,0.2,0,Finnish,iter
Eelis_3,Eelis,3,0.3108101776414148,0.2,0,Finnish,iter
Eelis_30,Eelis,30,0.2238514670148028,0.4,0,Finnish,iter
Eelis_31,Eelis,31,0.3806283287326679,0.8,0,Finnish,iter
Eelis_32,Eelis,32,0.11840095041356763,0.8,0,Finnish,iter
Eelis_33,Eelis,33,0.12954754289724785,0.4,0,Finnish,iter
Eelis_34,Eelis,34,0.07609559669948872,0.7,0,Finnish,iter
Eelis_35,Eelis,35,0.3915383306899773,0.7,0,Finnish,iter
Eelis_36,Eelis,36,0,0.2,0,Finnish,iter
Eelis_37,Eelis,37,0.23811837648754028,1,0,Finnish,iter
Eelis_38,Eelis,38,0.16071780117818368,0.8,0,Finnish,iter
Eelis_39,Eelis,39,0.04287619429543573,0.5,0,Finnish,iter
Eelis_4,Eelis,4,0.13945605441818043,0.1,NA,Finnish,iter
Eelis_40,Eelis,40,0.06477377144862392,0.4,0,Finnish,iter
Eelis_41,Eelis,41,0.2888518027039345,0.6,0,Finnish,iter
Eelis_42,Eelis,42,0.18195591335255992,0.7,0,Finnish,iter
Eelis_43,Eelis,43,0,0.3,0,Finnish,iter
Eelis_44,Eelis,44,0.22885149334125715,0.5,0,Finnish,iter
Eelis_45,Eelis,45,0,0.4,0,Finnish,iter
Eelis_46,Eelis,46,0.18375511840901027,0.6,0,Finnish,iter
Eelis_47,Eelis,47,0.1786939354267532,0.7,0,Finnish,iter
Eelis_48,Eelis,48,0.3816356758326186,0.6,0,Finnish,iter
Eelis_49,Eelis,49,0,0.4,0,Finnish,iter
Eelis_5,Eelis,5,0,0.4,0,Finnish,iter
Eelis_50,Eelis,50,0.2588134416306415,0.9,0,Finnish,iter
Eelis_51,Eelis,51,0.21438097147717863,0.5,0,Finnish,iter
Eelis_52,Eelis,52,0.0927174620598736,0.7,0,Finnish,iter
Eelis_53,Eelis,53,0.1025983387272645,0.7,0,Finnish,iter
Eelis_54,Eelis,54,0,0.2,0,Finnish,iter
Eelis_56,Eelis,56,0.18474223226498954,0.9,0,Finnish,iter
Eelis_57,Eelis,57,0.05859976748114337,0.3,0,Finnish,iter
Eelis_58,Eelis,58,0.04287619429543573,0.5,0,Finnish,iter
Eelis_59,Eelis,59,0.17869393542675321,0.7,0,Finnish,iter
Eelis_6,Eelis,6,0.1278731621502782,0.9,0,Finnish,iter
Eelis_60,Eelis,60,0,0.2,0,Finnish,iter
Eelis_61,Eelis,61,0.23712450360491327,0.7,0,Finnish,iter
Eelis_62,Eelis,62,0.3308238810380254,0.3,0,Finnish,iter
Eelis_63,Eelis,63,0.22894292553512885,0.6,0,Finnish,iter
Eelis_64,Eelis,64,0,0.1,NA,Finnish,iter
Eelis_65,Eelis,65,0.032157145721576796,0.7,0,Finnish,iter
Eelis_66,Eelis,66,0,0.6,0,Finnish,iter
Eelis_67,Eelis,67,0.15626604661638233,0.2,0,Finnish,iter
Eelis_68,Eelis,68,0,0.6,0,Finnish,iter
Eelis_69,Eelis,69,0.37523649882486765,0.5,0,Finnish,iter
Eelis_7,Eelis,7,0.2899944583806873,0.8,0,Finnish,iter
Eelis_70,Eelis,70,0,0.5,0,Finnish,iter
Eelis_71,Eelis,71,0,0.2,0,Finnish,iter
Eelis_72,Eelis,72,0.15670749013845153,0.1,NA,Finnish,iter
Eelis_73,Eelis,73,0,0.4,0,Finnish,iter
Eelis_74,Eelis,74,0.18195591335255987,0.7,0,Finnish,iter
Eelis_75,Eelis,75,0,0.3,0,Finnish,iter
Eelis_76,Eelis,76,0.2246727924000962,0.1,NA,Finnish,iter
Eelis_77,Eelis,77,0.17806671986065578,0.8,0,Finnish,iter
Eelis_78,Eelis,78,0.11719953496228674,0.1,NA,Finnish,iter
Eelis_79,Eelis,79,0.22867303624232388,0.8,0,Finnish,iter
Eelis_8,Eelis,8,0.14867276240251723,1,0,Finnish,iter
Eelis_80,Eelis,80,0.2246727924000962,0.1,NA,Finnish,iter
Eelis_81,Eelis,81,0.05859976748114337,0.3,0,Finnish,iter
Eelis_82,Eelis,82,0.21887444544109902,0.8,0,Finnish,iter
Eelis_83,Eelis,83,0,0.4,0,Finnish,iter
Eelis_84,Eelis,84,0.11168768127539803,0.6,0,Finnish,iter
Eelis_85,Eelis,85,0,0.1,NA,Finnish,iter
Eelis_86,Eelis,86,0,0.5,0,Finnish,iter
Eelis_87,Eelis,87,0.17794437190971488,0.8,0,Finnish,iter
Eelis_88,Eelis,88,0.15795466088155802,0.6,0,Finnish,iter
Eelis_89,Eelis,89,0.07384960463065182,0.8,0,Finnish,iter
Eelis_9,Eelis,9,0.2521094823641043,1,0,Finnish,iter
Eelis_90,Eelis,90,0,0.2,0,Finnish,iter
Eelis_91,Eelis,91,0,0.4,0,Finnish,iter
Eelis_93,Eelis,93,0,0.7,0,Finnish,iter
Eelis_94,Eelis,94,0.15883905371266957,0.8,0,Finnish,iter
Eelis_95,Eelis,95,0.15626604661638233,0.2,0,Finnish,iter
Eelis_97,Eelis,97,0.28653446307018343,0.4,0,Finnish,iter
Eelis_98,Eelis,98,0.22894292553512885,0.6,0,Finnish,iter
Elen_1,Elen,1,0.318872932211877,0.2,0,Welsh,iter
Elen_100,Elen,100,0.3015755245828211,0.9,0,Welsh,iter
Elen_11,Elen,11,0.27616801295525606,0.9,0,Welsh,iter
Elen_12,Elen,12,0.4009590031080995,1.6,0,Welsh,iter
Elen_13,Elen,13,0.23735693757015833,0.7,0,Welsh,iter
Elen_14,Elen,14,0.20329629156365162,0.6,0,Welsh,iter
Elen_15,Elen,15,0.3077730853441572,0.8,0,Welsh,iter
Elen_16,Elen,16,0.2702392823486493,0.6,0,Welsh,iter
Elen_17,Elen,17,0.3258066216597358,0.9,0,Welsh,iter
Elen_18,Elen,18,0.07449691470901405,0.2,0,Welsh,iter
Elen_19,Elen,19,0.3055060435349317,0.8,0,Welsh,iter
Elen_2,Elen,2,0.16935477704442956,0.4,0,Welsh,iter
Elen_21,Elen,21,0.23915469915890775,0.1,NA,Welsh,iter
Elen_22,Elen,22,0.3696746621642713,0.8,0,Welsh,iter
Elen_23,Elen,23,0.31750867328071375,0.4,0,Welsh,iter
Elen_24,Elen,24,0.32382207475832575,1,0,Welsh,iter
Elen_25,Elen,25,0.3387377430462462,1.1,0,Welsh,iter
Elen_26,Elen,26,0.3519419893657843,0.4,0,Welsh,iter
Elen_27,Elen,27,0.2788114431927499,0.9,0,Welsh,iter
Elen_28,Elen,28,0.26756615733729755,0.3,0,Welsh,iter
Elen_29,Elen,29,0.2772388384614274,0.6,0,Welsh,iter
Elen_3,Elen,3,0.35006268896923265,0.8,0,Welsh,iter
Elen_30,Elen,30,0.36412505540295004,1.8,0,Welsh,iter
Elen_31,Elen,31,0.2864580722203463,0.7,0,Welsh,iter
Elen_33,Elen,33,0.3837364724767593,1,0,Welsh,iter
Elen_34,Elen,34,0.34758169418950685,1,0,Welsh,iter
Elen_35,Elen,35,0.42264898567610604,1.3,0,Welsh,iter
Elen_36,Elen,36,0.2970846146894223,0.8,0,Welsh,iter
Elen_37,Elen,37,0.39376379383554955,0.7,0,Welsh,iter
Elen_38,Elen,38,0.32686209791510357,0.5,0,Welsh,iter
Elen_39,Elen,39,0.21562589557937203,0.2,0,Welsh,iter
Elen_4,Elen,4,0.25833996616121835,0.8,0,Welsh,iter
Elen_40,Elen,40,0.38764019576566494,1,0,Welsh,iter
Elen_41,Elen,41,0.38345150484380064,1.4,0,Welsh,iter
Elen_42,Elen,42,0.30173808582719713,0.3,0,Welsh,iter
Elen_43,Elen,43,0.3316991438317882,1.1,0,Welsh,iter
Elen_44,Elen,44,0.37554385332674517,1.5,0,Welsh,iter
Elen_45,Elen,45,0.34251207918918375,1.9,0,Welsh,iter
Elen_46,Elen,46,0.28712079269838514,0.7,0,Welsh,iter
Elen_47,Elen,47,0.379285372687528,1.6,0,Welsh,iter
Elen_48,Elen,48,0.3253304278963794,1,0,Welsh,iter
Elen_49,Elen,49,0.32016178997302736,1,0,Welsh,iter
Elen_5,Elen,5,0.24696209276463188,0.8,0,Welsh,iter
Elen_50,Elen,50,0.31584699968058305,1,0,Welsh,iter
Elen_51,Elen,51,0.4161039100811288,1.6,0,Welsh,iter
Elen_52,Elen,52,0.14294703516994642,0.5,0,Welsh,iter
Elen_53,Elen,53,0.17837743822486507,0.5,0,Welsh,iter
Elen_54,Elen,54,0.39562169408016307,1.2,0,Welsh,iter
Elen_55,Elen,55,0.30173808582719713,0.3,0,Welsh,iter
Elen_56,Elen,56,0.1786931076220025,0.4,0,Welsh,iter
Elen_57,Elen,57,0.2510155964549172,0.4,0,Welsh,iter
Elen_58,Elen,58,0.21464278951091328,0.7,0,Welsh,iter
Elen_59,Elen,59,0.42193430687343647,1.4,0,Welsh,iter
Elen_6,Elen,6,0.25310690425241134,0.6,0,Welsh,iter
Elen_60,Elen,60,0.3708453070509023,1.7,0,Welsh,iter
Elen_61,Elen,61,0.3614192620557381,0.9,0,Welsh,iter
Elen_62,Elen,62,0.24749652561522298,0.8,0,Welsh,iter
Elen_63,Elen,63,0.3399868986666531,1,0,Welsh,iter
Elen_64,Elen,64,0.370894214600075,1.6,0,Welsh,iter
Elen_65,Elen,65,0.2748881977415279,1,0,Welsh,iter
Elen_66,Elen,66,0.37143896832820317,1.4,0,Welsh,iter
Elen_67,Elen,67,0.27647912820321546,0.6,0,Welsh,iter
Elen_68,Elen,68,0.2483093969577624,0.8,0,Welsh,iter
Elen_69,Elen,69,0.2761081076604826,0.7,0,Welsh,iter
Elen_7,Elen,7,0.2749554391814385,0.9,0,Welsh,iter
Elen_70,Elen,70,0.3495632672351009,0.9,0,Welsh,iter
Elen_71,Elen,71,0.36455393001967723,0.5,0,Welsh,iter
Elen_72,Elen,72,0.224614043958222,0.7,0,Welsh,iter
Elen_73,Elen,73,0.3550169278729882,1.4,0,Welsh,iter
Elen_74,Elen,74,0.2501392924617493,0.6,0,Welsh,iter
Elen_75,Elen,75,0.2883147898830957,1.2,0,Welsh,iter
Elen_76,Elen,76,0.33709324144869096,0.4,0,Welsh,iter
Elen_77,Elen,77,0.3005793630619338,1.1,0,Welsh,iter
Elen_78,Elen,78,0.25990093395394664,0.8,0,Welsh,iter
Elen_8,Elen,8,0.35802011998008787,1.6,0,Welsh,iter
Elen_80,Elen,80,0.17837743822486507,0.5,0,Welsh,iter
Elen_81,Elen,81,0.316598729643778,1,0,Welsh,iter
Elen_82,Elen,82,0.30994907917452597,0.5,0,Welsh,iter
Elen_83,Elen,83,0.22594868720152175,0.9,0,Welsh,iter
Elen_84,Elen,84,0.3516347654336965,1.2,0,Welsh,iter
Elen_85,Elen,85,0.35782525328155484,1.5,0,Welsh,iter
Elen_86,Elen,86,0.3587320487383616,0.3,0,Welsh,iter
Elen_87,Elen,87,0.28611324650987785,0.9,0,Welsh,iter
Elen_88,Elen,88,0.30625873898525036,0.8,0,Welsh,iter
Elen_89,Elen,89,0.33987712408557524,0.9,0,Welsh,iter
Elen_9,Elen,9,0.20890892441602518,0.6,0,Welsh,iter
Elen_90,Elen,90,0.37264940936905816,0.9,0,Welsh,iter
Elen_91,Elen,91,0.21020802008830078,0.8,0,Welsh,iter
Elen_92,Elen,92,0.17837743822486507,0.5,0,Welsh,iter
Elen_93,Elen,93,0.2820067440712352,0.7,0,Welsh,iter
Elen_94,Elen,94,0.26517667021998387,0.8,0,Welsh,iter
Elen_95,Elen,95,0.31743513487804376,1.2,0,Welsh,iter
Elen_96,Elen,96,0.2101715521201235,0.6,0,Welsh,iter
Elen_97,Elen,97,0.24258398365374892,0.7,0,Welsh,iter
Elen_98,Elen,98,0.3711625341196102,1.7,0,Welsh,iter
Elen_99,Elen,99,0.38603611086707673,0.9,0,Welsh,iter
Eliisa_1,Eliisa,1,0.20082235897001963,0.7,0,Finnish,iter
Eliisa_10,Eliisa,10,0.13883772460859825,0.2,0,Finnish,iter
Eliisa_100,Eliisa,100,0.2234907441270423,0.2,0,Finnish,iter
Eliisa_12,Eliisa,12,0.3384679733159905,0.7,0,Finnish,iter
Eliisa_13,Eliisa,13,0.18243433186932123,0.3,0,Finnish,iter
Eliisa_14,Eliisa,14,0.2113224200551788,0.2,0,Finnish,iter
Eliisa_15,Eliisa,15,0.351160680189581,0.8,0,Finnish,iter
Eliisa_16,Eliisa,16,0.05996885954520943,0.4,0,Finnish,iter
Eliisa_17,Eliisa,17,0.19085032824348244,0.5,0,Finnish,iter
Eliisa_18,Eliisa,18,0.21775634017462409,0.1,NA,Finnish,iter
Eliisa_19,Eliisa,19,0.3529709183927416,0.4,0,Finnish,iter
Eliisa_2,Eliisa,2,0.30586617218657863,0.7,0,Finnish,iter
Eliisa_20,Eliisa,20,0.36506772494778805,0.5,0,Finnish,iter
Eliisa_21,Eliisa,21,0.27586902971137006,0.4,0,Finnish,iter
Eliisa_22,Eliisa,22,0.19989619848403142,0.2,0,Finnish,iter
Eliisa_23,Eliisa,23,0.3094917639440784,0.6,0,Finnish,iter
Eliisa_24,Eliisa,24,0.1764854591963708,0.4,0,Finnish,iter
Eliisa_25,Eliisa,25,0.11993771909041887,0.4,0,Finnish,iter
Eliisa_26,Eliisa,26,0,0.2,0,Finnish,iter
Eliisa_27,Eliisa,27,0.28884288884389026,0.7,0,Finnish,iter
Eliisa_28,Eliisa,28,0.2781734628276353,0.2,0,Finnish,iter
Eliisa_29,Eliisa,29,0.2113334827341266,0.4,0,Finnish,iter
Eliisa_3,Eliisa,3,0.30166962447627255,0.8,0,Finnish,iter
Eliisa_30,Eliisa,30,0.36545985653505414,0.7,0,Finnish,iter
Eliisa_32,Eliisa,32,0.20031047087986156,0.9,0,Finnish,iter
Eliisa_33,Eliisa,33,0.30531323579791114,0.5,0,Finnish,iter
Eliisa_34,Eliisa,34,0.19327172620475375,0.5,0,Finnish,iter
Eliisa_35,Eliisa,35,0.24312253671032483,0.8,0,Finnish,iter
Eliisa_36,Eliisa,36,0.4236849788692244,0.8,0,Finnish,iter
Eliisa_38,Eliisa,38,0.14594746549545698,0.4,0,Finnish,iter
Eliisa_39,Eliisa,39,0.2149083108097368,0.6,0,Finnish,iter
Eliisa_4,Eliisa,4,0.36866163757679193,0.5,0,Finnish,iter
Eliisa_40,Eliisa,40,0.31555203587602487,0.9,0,Finnish,iter
Eliisa_41,Eliisa,41,0.22802599357314293,0.4,0,Finnish,iter
Eliisa_42,Eliisa,42,0.19778428468283288,0.5,0,Finnish,iter
Eliisa_43,Eliisa,43,0.14992214886302357,0.1,NA,Finnish,iter
Eliisa_44,Eliisa,44,0.24924249671734802,0.9,0,Finnish,iter
Eliisa_46,Eliisa,46,0.21262652952706532,0.5,0,Finnish,iter
Eliisa_47,Eliisa,47,0.2206068239954635,0.3,0,Finnish,iter
Eliisa_48,Eliisa,48,0.1569498899065387,0.5,0,Finnish,iter
Eliisa_49,Eliisa,49,0.17178754888096304,0.3,0,Finnish,iter
Eliisa_5,Eliisa,5,0.27540024392887746,0.4,0,Finnish,iter
Eliisa_50,Eliisa,50,0.22488322329453533,0.3,0,Finnish,iter
Eliisa_51,Eliisa,51,0.3471702069233293,0.3,0,Finnish,iter
Eliisa_52,Eliisa,52,0.19671445994919823,0.6,0,Finnish,iter
Eliisa_53,Eliisa,53,0.1353303661187503,0.2,0,Finnish,iter
Eliisa_54,Eliisa,54,0,0.1,NA,Finnish,iter
Eliisa_55,Eliisa,55,0.23850349929050738,0.6,0,Finnish,iter
Eliisa_56,Eliisa,56,0.3581639991166545,1.1,0,Finnish,iter
Eliisa_58,Eliisa,58,0.32131301876905805,0.6,0,Finnish,iter
Eliisa_59,Eliisa,59,0.2082565869128974,0.3,0,Finnish,iter
Eliisa_60,Eliisa,60,0.11993771909041887,0.4,0,Finnish,iter
Eliisa_61,Eliisa,61,0.37959548552903466,0.6,0,Finnish,iter
Eliisa_62,Eliisa,62,0.15957760361072712,0.6,0,Finnish,iter
Eliisa_63,Eliisa,63,0.4102093529119696,0.6,0,Finnish,iter
Eliisa_64,Eliisa,64,0.22406401316147007,0.8,0,Finnish,iter
Eliisa_65,Eliisa,65,0.1998961984840313,0.5,0,Finnish,iter
Eliisa_66,Eliisa,66,0.14329767658374593,0.2,0,Finnish,iter
Eliisa_67,Eliisa,67,0.14317120767547623,0.4,0,Finnish,iter
Eliisa_68,Eliisa,68,0.30978951582997555,1,0,Finnish,iter
Eliisa_69,Eliisa,69,0.1998961984840313,0.5,0,Finnish,iter
Eliisa_7,Eliisa,7,0.1414705840842779,0.4,0,Finnish,iter
Eliisa_70,Eliisa,70,0.20591632504066637,0.4,0,Finnish,iter
Eliisa_71,Eliisa,71,0.24737885120949638,0.5,0,Finnish,iter
Eliisa_73,Eliisa,73,0.2234907441270423,0.2,0,Finnish,iter
Eliisa_75,Eliisa,75,0.1042481896396121,0.6,0,Finnish,iter
Eliisa_76,Eliisa,76,0,0.2,0,Finnish,iter
Eliisa_77,Eliisa,77,0.14317120767547617,0.4,0,Finnish,iter
Eliisa_78,Eliisa,78,0.23648944972624766,0.8,0,Finnish,iter
Eliisa_79,Eliisa,79,0.17850564592534063,0.6,0,Finnish,iter
Eliisa_8,Eliisa,8,0.3462570752424595,0.6,0,Finnish,iter
Eliisa_80,Eliisa,80,0.29351277798489367,0.7,0,Finnish,iter
Eliisa_81,Eliisa,81,0.28921137396274443,0.8,0,Finnish,iter
Eliisa_82,Eliisa,82,0.29945402096537543,1,0,Finnish,iter
Eliisa_83,Eliisa,83,0.26138688957128314,0.9,0,Finnish,iter
Eliisa_84,Eliisa,84,0.13833916180011055,0.2,0,Finnish,iter
Eliisa_85,Eliisa,85,0.35767046055705803,0.5,0,Finnish,iter
Eliisa_87,Eliisa,87,0.20179271559412118,0.6,0,Finnish,iter
Eliisa_88,Eliisa,88,0.24990790429547688,0.4,0,Finnish,iter
Eliisa_89,Eliisa,89,0.05996885954520943,0.4,0,Finnish,iter
Eliisa_9,Eliisa,9,0.1666052695303179,0.4,0,Finnish,iter
Eliisa_90,Eliisa,90,0,0.1,NA,Finnish,iter
Eliisa_91,Eliisa,91,0.367330369904765,0.7,0,Finnish,iter
Eliisa_92,Eliisa,92,0.18833986788784643,0.4,0,Finnish,iter
Eliisa_93,Eliisa,93,0.2045219464826579,0.6,0,Finnish,iter
Eliisa_94,Eliisa,94,0.20357360457925106,0.4,0,Finnish,iter
Eliisa_95,Eliisa,95,0.2723689149873585,0.6,0,Finnish,iter
Eliisa_97,Eliisa,97,0.20299554917812546,0.1,NA,Finnish,iter
Eliisa_98,Eliisa,98,0.20719442222707665,0.3,0,Finnish,iter
Eliisa_99,Eliisa,99,0.3962386791051876,0.5,0,Finnish,iter
Ella_1,Ella,1,0.16063588600482884,0.2,0,UK,iter
Ella_10,Ella,10,0,0.4,0,UK,iter
Ella_100,Ella,100,0.24095382900724327,0.3,0,UK,iter
Ella_11,Ella,11,0.3129336961765531,0.9,0,UK,iter
Ella_12,Ella,12,0.34871714706824186,0.5,0,UK,iter
Ella_13,Ella,13,0,0.1,NA,UK,iter
Ella_14,Ella,14,0,0.2,0,UK,iter
Ella_15,Ella,15,0.2759502864257489,0.6,0,UK,iter
Ella_16,Ella,16,0.157043513943333,0.4,0,UK,iter
Ella_17,Ella,17,0.27666555034083107,1.3,0,UK,iter
Ella_18,Ella,18,0.25597848122974237,1,0,UK,iter
Ella_19,Ella,19,0,0.1,NA,UK,iter
Ella_2,Ella,2,0.26316937322524364,0.9,0,UK,iter
Ella_20,Ella,20,0.24095382900724327,0.1,NA,UK,iter
Ella_21,Ella,21,0.1795336452862374,0.9,0,UK,iter
Ella_22,Ella,22,0.3363513438989381,0.7,0,UK,iter
Ella_23,Ella,23,0.33542255999548526,1.2,0,UK,iter
Ella_24,Ella,24,0.3073642616433953,0.9,0,UK,iter
Ella_25,Ella,25,0.21932308686902885,0.8,0,UK,iter
Ella_26,Ella,26,0.20580634308196927,1,0,UK,iter
Ella_27,Ella,27,0.24095382900724335,0.5,0,UK,iter
Ella_28,Ella,28,0,0.1,NA,UK,iter
Ella_29,Ella,29,0,0.1,NA,UK,iter
Ella_3,Ella,3,0.18863705940410264,0.9,0,UK,iter
Ella_30,Ella,30,0.24452952144976267,0.8,0,UK,iter
Ella_31,Ella,31,0.23028109005755862,0.5,0,UK,iter
Ella_32,Ella,32,0.24059607624973076,1.1,0,UK,iter
Ella_33,Ella,33,0.3238112772576162,0.5,0,UK,iter
Ella_34,Ella,34,0.30357341495723067,1.1,0,UK,iter
Ella_35,Ella,35,0.20730311228663748,1,0,UK,iter
Ella_36,Ella,36,0.4219533351161818,1.1,0,UK,iter
Ella_37,Ella,37,0.2809307491145203,1,0,UK,iter
Ella_38,Ella,38,0.34453962856945664,0.7,0,UK,iter
Ella_39,Ella,39,0,0.2,0,UK,iter
Ella_4,Ella,4,0.1617675426636969,0.8,0,UK,iter
Ella_40,Ella,40,0.2453379693028779,0.5,0,UK,iter
Ella_41,Ella,41,0,0.1,NA,UK,iter
Ella_42,Ella,42,0.22777398876955635,0.8,0,UK,iter
Ella_43,Ella,43,0.16894679582114788,0.9,0,UK,iter
Ella_44,Ella,44,0.1721184093705427,1,0,UK,iter
Ella_45,Ella,45,0.269988808752295,0.7,0,UK,iter
Ella_46,Ella,46,0.24828975268634557,1.3,0,UK,iter
Ella_47,Ella,47,0.1448846188639471,0.9,0,UK,iter
Ella_48,Ella,48,0.19799121804357853,1.1,0,UK,iter
Ella_49,Ella,49,0.19403922002037777,0.3,0,UK,iter
Ella_5,Ella,5,0.19738379147790736,0.6,0,UK,iter
Ella_51,Ella,51,0.205327437904213,0.8,0,UK,iter
Ella_52,Ella,52,0.17216249471653236,0.5,0,UK,iter
Ella_54,Ella,54,0.16661414374280303,0.2,0,UK,iter
Ella_55,Ella,55,0.2909052174821794,1.1,0,UK,iter
Ella_56,Ella,56,0.16063588600482884,0.2,0,UK,iter
Ella_57,Ella,57,0.22638697739016628,0.9,0,UK,iter
Ella_58,Ella,58,0.24854251385910198,0.8,0,UK,iter
Ella_59,Ella,59,0.21934046634752602,0.7,0,UK,iter
Ella_6,Ella,6,0,0.3,0,UK,iter
Ella_60,Ella,60,0.3025087656528215,0.4,0,UK,iter
Ella_61,Ella,61,0.22316619934526116,1.2,0,UK,iter
Ella_62,Ella,62,0.34261931835163306,1,0,UK,iter
Ella_63,Ella,63,0,0.2,0,UK,iter
Ella_64,Ella,64,0.24027816013115064,1.1,0,UK,iter
Ella_65,Ella,65,0.31772711522168445,0.5,0,UK,iter
Ella_66,Ella,66,0.12047691450362163,0.3,0,UK,iter
Ella_67,Ella,67,0.2795570975155871,1.2,0,UK,iter
Ella_68,Ella,68,0.28740038080243635,1.1,0,UK,iter
Ella_69,Ella,69,0.1898273805257789,1.1,0,UK,iter
Ella_7,Ella,7,0,0.1,NA,UK,iter
Ella_70,Ella,70,0.2008548683368413,0.9,0,UK,iter
Ella_71,Ella,71,0.29416256579183914,1.1,0,UK,iter
Ella_72,Ella,72,0.09015179588062244,0.8,0,UK,iter
Ella_73,Ella,73,0.27545568485200006,1.1,0,UK,iter
Ella_74,Ella,74,0.1568896119722794,0.4,0,UK,iter
Ella_76,Ella,76,0.22582398908562532,1.1,0,UK,iter
Ella_77,Ella,77,0.2889350580024679,0.9,0,UK,iter
Ella_78,Ella,78,0,0.1,NA,UK,iter
Ella_79,Ella,79,0.30552803795313543,1,0,UK,iter
Ella_8,Ella,8,0.26101029217197297,0.9,0,UK,iter
Ella_80,Ella,80,0.16661414374280303,0.2,0,UK,iter
Ella_81,Ella,81,0.28105459758422463,1.1,0,UK,iter
Ella_82,Ella,82,0,0.1,NA,UK,iter
Ella_83,Ella,83,0.19799121804357853,1.1,0,UK,iter
Ella_84,Ella,84,0.24673847272765742,0.7,0,UK,iter
Ella_85,Ella,85,0.17466394389268763,0.8,0,UK,iter
Ella_86,Ella,86,0,0.1,NA,UK,iter
Ella_87,Ella,87,0.253221826542178,1.1,0,UK,iter
Ella_88,Ella,88,0.12047691450362163,0.3,0,UK,iter
Ella_9,Ella,9,0.08031794300241443,0.5,0,UK,iter
Ella_92,Ella,92,0.2726379947720872,0.3,0,UK,iter
Ella_93,Ella,93,0.24638347384236906,0.3,0,UK,iter
Ella_95,Ella,95,0,0.1,NA,UK,iter
Ella_96,Ella,96,0.17636882182338862,0.4,0,UK,iter
Ella_98,Ella,98,0.30114656081370955,0.5,0,UK,iter
Ella_99,Ella,99,0.3101788470549643,1,0,UK,iter
Fflur_1,Fflur,1,0.21321172381961354,1.1,0,Welsh,iter
Fflur_10,Fflur,10,0.23958103106776169,1.4,0,Welsh,iter
Fflur_100,Fflur,100,0.26994065861400596,1.4,0,Welsh,iter
Fflur_11,Fflur,11,0,0.2,0,Welsh,iter
Fflur_12,Fflur,12,0,0.3,0,Welsh,iter
Fflur_13,Fflur,13,0.3400140841328944,0.9,0,Welsh,iter
Fflur_14,Fflur,14,0.15599032662469364,1,0,Welsh,iter
Fflur_15,Fflur,15,0.2993016363580351,0.9,0,Welsh,iter
Fflur_17,Fflur,17,0,0.3,0,Welsh,iter
Fflur_18,Fflur,18,0,0.1,NA,Welsh,iter
Fflur_19,Fflur,19,0.3093786802668677,0.7,0,Welsh,iter
Fflur_2,Fflur,2,0.2382798505837439,1,0,Welsh,iter
Fflur_20,Fflur,20,0,0.1,NA,Welsh,iter
Fflur_21,Fflur,21,0,0.2,0,Welsh,iter
Fflur_22,Fflur,22,0,0.1,NA,Welsh,iter
Fflur_23,Fflur,23,0,0.2,0,Welsh,iter
Fflur_24,Fflur,24,0,0.2,0,Welsh,iter
Fflur_25,Fflur,25,0,0.1,NA,Welsh,iter
Fflur_26,Fflur,26,0.18211841049471567,1.3,0,Welsh,iter
Fflur_27,Fflur,27,0,0.2,0,Welsh,iter
Fflur_28,Fflur,28,0.1697375906370734,1.2,0,Welsh,iter
Fflur_29,Fflur,29,0,0.2,0,Welsh,iter
Fflur_3,Fflur,3,0.1915059699909428,0.9,0,Welsh,iter
Fflur_30,Fflur,30,0.3523094460564842,1.1,0,Welsh,iter
Fflur_31,Fflur,31,0.32520525754565865,0.7,0,Welsh,iter
Fflur_32,Fflur,32,0,0.3,0,Welsh,iter
Fflur_33,Fflur,33,0.1371693642823754,1.2,0,Welsh,iter
Fflur_34,Fflur,34,0.1462932449933807,1,0,Welsh,iter
Fflur_35,Fflur,35,0,0.4,0,Welsh,iter
Fflur_36,Fflur,36,0.2428841196307301,1.1,0,Welsh,iter
Fflur_37,Fflur,37,0.39058932640473376,1.1,0,Welsh,iter
Fflur_38,Fflur,38,0.12398354496453713,1,0,Welsh,iter
Fflur_4,Fflur,4,0.24648515583264133,0.9,0,Welsh,iter
Fflur_40,Fflur,40,0.15766396311536063,1.3,0,Welsh,iter
Fflur_41,Fflur,41,0.2621940404836769,0.2,0,Welsh,iter
Fflur_42,Fflur,42,0.21388647728872767,1.2,0,Welsh,iter
Fflur_43,Fflur,43,0.34784519017607973,0.7,0,Welsh,iter
Fflur_44,Fflur,44,0.3151400352241452,1.1,0,Welsh,iter
Fflur_45,Fflur,45,0.2257117742114907,1.4,0,Welsh,iter
Fflur_46,Fflur,46,0.23869789090146692,1.1,0,Welsh,iter
Fflur_47,Fflur,47,0,0.3,0,Welsh,iter
Fflur_48,Fflur,48,0.23556158061380003,1.5,0,Welsh,iter
Fflur_49,Fflur,49,0.2559771377580051,1.1,0,Welsh,iter
Fflur_5,Fflur,5,0.14728650562600654,1.4,0,Welsh,iter
Fflur_50,Fflur,50,0.3494566344444487,1,0,Welsh,iter
Fflur_51,Fflur,51,0,0.4,0,Welsh,iter
Fflur_52,Fflur,52,0.16687281450991873,1.4,0,Welsh,iter
Fflur_53,Fflur,53,0.194840523498735,1.1,0,Welsh,iter
Fflur_54,Fflur,54,0,0.2,0,Welsh,iter
Fflur_55,Fflur,55,0.14329725132226673,1.4,0,Welsh,iter
Fflur_56,Fflur,56,0,0.2,0,Welsh,iter
Fflur_57,Fflur,57,0.19185475010878122,1,0,Welsh,iter
Fflur_58,Fflur,58,0.331131919797299,1.1,0,Welsh,iter
Fflur_60,Fflur,60,0.1273500846355903,1.1,0,Welsh,iter
Fflur_61,Fflur,61,0.2958963937778242,0.7,0,Welsh,iter
Fflur_62,Fflur,62,0.21190188783140448,1.3,0,Welsh,iter
Fflur_63,Fflur,63,0.3009060067084552,1.2,0,Welsh,iter
Fflur_64,Fflur,64,0,0.3,0,Welsh,iter
Fflur_65,Fflur,65,0,0.5,0,Welsh,iter
Fflur_66,Fflur,66,0,0.3,0,Welsh,iter
Fflur_68,Fflur,68,0.19551626667587513,1.3,0,Welsh,iter
Fflur_69,Fflur,69,0,0.2,0,Welsh,iter
Fflur_7,Fflur,7,0.2897613397933267,0.8,0,Welsh,iter
Fflur_70,Fflur,70,0.21076901066785106,1.4,0,Welsh,iter
Fflur_71,Fflur,71,0.2456860316096198,1.1,0,Welsh,iter
Fflur_72,Fflur,72,0.32520871943675483,1.2,0,Welsh,iter
Fflur_73,Fflur,73,0,0.1,NA,Welsh,iter
Fflur_74,Fflur,74,0.38300077454545967,0.8,0,Welsh,iter
Fflur_75,Fflur,75,0.19698510313242437,1.2,0,Welsh,iter
Fflur_76,Fflur,76,0.20887239324097873,1.3,0,Welsh,iter
Fflur_77,Fflur,77,0.20029532753089369,1.2,0,Welsh,iter
Fflur_78,Fflur,78,0,0.2,0,Welsh,iter
Fflur_79,Fflur,79,0.17382479133325046,1.4,0,Welsh,iter
Fflur_8,Fflur,8,0.23096228603863317,1.1,0,Welsh,iter
Fflur_81,Fflur,81,0.22690008872826561,0.9,0,Welsh,iter
Fflur_82,Fflur,82,0,0.5,0,Welsh,iter
Fflur_83,Fflur,83,0.2682872472896541,1.2,0,Welsh,iter
Fflur_84,Fflur,84,0.19664553036275767,0.1,NA,Welsh,iter
Fflur_85,Fflur,85,0,0.2,0,Welsh,iter
Fflur_86,Fflur,86,0.19427841562834627,1.4,0,Welsh,iter
Fflur_87,Fflur,87,0.1732540287670307,1.1,0,Welsh,iter
Fflur_89,Fflur,89,0.2701296790320114,0.8,0,Welsh,iter
Fflur_9,Fflur,9,0.3093786802668677,0.7,0,Welsh,iter
Fflur_90,Fflur,90,0.34105314007310755,1,0,Welsh,iter
Fflur_91,Fflur,91,0.2620811913807941,0.9,0,Welsh,iter
Fflur_92,Fflur,92,0.34945663444444874,1,0,Welsh,iter
Fflur_93,Fflur,93,0.2738723953696015,0.8,0,Welsh,iter
Fflur_95,Fflur,95,0.23472003559454266,1.2,0,Welsh,iter
Fflur_96,Fflur,96,0.1542685424924008,1.3,0,Welsh,iter
Fflur_98,Fflur,98,0.222988567625497,0.7,0,Welsh,iter
Fflur_99,Fflur,99,0.34786815043283775,0.8,0,Welsh,iter
Gaël_1,Gaël,1,0.3557080275624779,1.3,0,French,iter
Gaël_10,Gaël,10,0.38122717465520384,1.7,0,French,iter
Gaël_100,Gaël,100,0.31241141851913207,1.8,0,French,iter
Gaël_11,Gaël,11,0.3775265373647936,1.8,0,French,iter
Gaël_12,Gaël,12,0.27693170854436777,1.6,0,French,iter
Gaël_13,Gaël,13,0.26485479654821453,1.6,0,French,iter
Gaël_14,Gaël,14,0.20565803335483926,0.7,0,French,iter
Gaël_15,Gaël,15,0.35619418199770664,1.6,0,French,iter
Gaël_16,Gaël,16,0.3599775089951824,1.7,0,French,iter
Gaël_17,Gaël,17,0.3459616590593802,1.8,0,French,iter
Gaël_18,Gaël,18,0.3170430963707278,1.6,0,French,iter
Gaël_19,Gaël,19,0.23744781429434264,1.5,0,French,iter
Gaël_2,Gaël,2,0.2600679556667777,1.6,0,French,iter
Gaël_20,Gaël,20,0.3790371818104854,1.6,0,French,iter
Gaël_21,Gaël,21,0.3202296076985972,1.7,0,French,iter
Gaël_22,Gaël,22,0.2809616125393566,1.5,0,French,iter
Gaël_23,Gaël,23,0.3479403229044883,1.7,0,French,iter
Gaël_24,Gaël,24,0.18955907188763207,1.6,0,French,iter
Gaël_25,Gaël,25,0.3218717713252119,1.6,0,French,iter
Gaël_26,Gaël,26,0.3052314495148532,1.8,0,French,iter
Gaël_27,Gaël,27,0.2091602707824547,1.6,0,French,iter
Gaël_28,Gaël,28,0.38444062373543536,1.7,0,French,iter
Gaël_29,Gaël,29,0.3458973622884281,0.7,0,French,iter
Gaël_3,Gaël,3,0.2594928938961691,1.7,0,French,iter
Gaël_30,Gaël,30,0.3014985621057071,1.5,0,French,iter
Gaël_31,Gaël,31,0.3351100606866856,1.9,0,French,iter
Gaël_32,Gaël,32,0.32040230707952916,1.7,0,French,iter
Gaël_33,Gaël,33,0.33131563437229083,1.8,0,French,iter
Gaël_34,Gaël,34,0.29982771487694637,1.5,0,French,iter
Gaël_35,Gaël,35,0.3751565338981802,1.8,0,French,iter
Gaël_36,Gaël,36,0.3252446091864038,1.9,0,French,iter
Gaël_37,Gaël,37,0.30228336313222065,1.8,0,French,iter
Gaël_38,Gaël,38,0.23004210688972684,1.7,0,French,iter
Gaël_39,Gaël,39,0.3252820354005851,1.9,0,French,iter
Gaël_4,Gaël,4,0.24100362555211555,1.7,0,French,iter
Gaël_40,Gaël,40,0.3427722222882892,1.9,0,French,iter
Gaël_41,Gaël,41,0.3883247510707619,1.7,0,French,iter
Gaël_42,Gaël,42,0.3315143197852906,1.7,0,French,iter
Gaël_43,Gaël,43,0.35116374450132404,1.2,0,French,iter
Gaël_44,Gaël,44,0.2871335605319451,1.6,0,French,iter
Gaël_45,Gaël,45,0.28065423723581057,1.2,0,French,iter
Gaël_46,Gaël,46,0.3379447196321936,1.8,0,French,iter
Gaël_47,Gaël,47,0.38202215209229773,1.4,0,French,iter
Gaël_48,Gaël,48,0.2810158348692053,1.6,0,French,iter
Gaël_49,Gaël,49,0.2914205091145437,1.7,0,French,iter
Gaël_5,Gaël,5,0.31179859435277546,1.3,0,French,iter
Gaël_50,Gaël,50,0.3601085871065778,1.7,0,French,iter
Gaël_51,Gaël,51,0.30165610832338985,1.1,0,French,iter
Gaël_52,Gaël,52,0.29280880088397626,1.5,0,French,iter
Gaël_53,Gaël,53,0.3208706240894662,1.5,0,French,iter
Gaël_54,Gaël,54,0.41724809912876426,0.9,0,French,iter
Gaël_55,Gaël,55,0.369387469306396,1.7,0,French,iter
Gaël_56,Gaël,56,0.3481601540441733,1.9,0,French,iter
Gaël_57,Gaël,57,0.2387565522511126,1.4,0,French,iter
Gaël_58,Gaël,58,0.3933387448111649,1.5,0,French,iter
Gaël_59,Gaël,59,0.2001498441725474,1.6,0,French,iter
Gaël_6,Gaël,6,0.4092874483341812,0.9,0,French,iter
Gaël_60,Gaël,60,0.3060319872794963,1.4,0,French,iter
Gaël_61,Gaël,61,0.25968343789380993,1.9,0,French,iter
Gaël_62,Gaël,62,0.39094660625704947,0.7,0,French,iter
Gaël_64,Gaël,64,0.39018186862761356,1.6,0,French,iter
Gaël_65,Gaël,65,0.3469686653258954,1.6,0,French,iter
Gaël_66,Gaël,66,0.31423256196031835,1.6,0,French,iter
Gaël_67,Gaël,67,0.38225267662869267,1.8,0,French,iter
Gaël_68,Gaël,68,0.2246637841660409,1.7,0,French,iter
Gaël_69,Gaël,69,0.3466309148737437,1.7,0,French,iter
Gaël_7,Gaël,7,0.1663186024585578,0.2,0,French,iter
Gaël_70,Gaël,70,0.3940597411896381,1.7,0,French,iter
Gaël_71,Gaël,71,0.37051234251325355,1.4,0,French,iter
Gaël_72,Gaël,72,0.2650088539242194,1.8,0,French,iter
Gaël_73,Gaël,73,0.3336907217844204,1.7,0,French,iter
Gaël_74,Gaël,74,0.24488977065810763,1.5,0,French,iter
Gaël_75,Gaël,75,0.35321256648178734,1.6,0,French,iter
Gaël_76,Gaël,76,0.31244258349019577,1.8,0,French,iter
Gaël_77,Gaël,77,0.4112220513389253,1.1,0,French,iter
Gaël_78,Gaël,78,0.2851451236547562,1.6,0,French,iter
Gaël_79,Gaël,79,0.2385951883858609,1.7,0,French,iter
Gaël_8,Gaël,8,0.24624225596160726,1.7,0,French,iter
Gaël_80,Gaël,80,0.3885050609034479,1.8,0,French,iter
Gaël_81,Gaël,81,0.2754212945661398,1.6,0,French,iter
Gaël_82,Gaël,82,0.26750393921563276,1.5,0,French,iter
Gaël_83,Gaël,83,0.3090119971800755,1.8,0,French,iter
Gaël_84,Gaël,84,0.1675761854078657,1.5,0,French,iter
Gaël_85,Gaël,85,0.2585471705087665,1.8,0,French,iter
Gaël_86,Gaël,86,0.3262510203207465,1.7,0,French,iter
Gaël_87,Gaël,87,0.3156062231008427,1.7,0,French,iter
Gaël_88,Gaël,88,0.3220414631928933,1.7,0,French,iter
Gaël_9,Gaël,9,0.3491466348534956,1.6,0,French,iter
Gaël_90,Gaël,90,0.3085632375484051,1.4,0,French,iter
Gaël_91,Gaël,91,0.3842661103561367,1.7,0,French,iter
Gaël_92,Gaël,92,0.3133344433434692,1.7,0,French,iter
Gaël_93,Gaël,93,0.2636533895504347,1.7,0,French,iter
Gaël_94,Gaël,94,0.2702565468143386,1.7,0,French,iter
Gaël_95,Gaël,95,0.35729733575354217,1.7,0,French,iter
Gaël_96,Gaël,96,0.3929868201414855,1.4,0,French,iter
Gaël_97,Gaël,97,0.36258057712688396,1.7,0,French,iter
Gaël_98,Gaël,98,0.25995112054284236,0.7,0,French,iter
Gaël_99,Gaël,99,0.23617306203740943,1.6,0,French,iter
Gwyn_1,Gwyn,1,0.35424697487292967,0.7,0,Welsh,iter
Gwyn_10,Gwyn,10,0.21912807578979934,0.7,0,Welsh,iter
Gwyn_11,Gwyn,11,0.1670555103436327,0.4,0,Welsh,iter
Gwyn_12,Gwyn,12,0.25847483223966217,0.4,0,Welsh,iter
Gwyn_13,Gwyn,13,0,0.1,NA,Welsh,iter
Gwyn_14,Gwyn,14,0.2972815944196147,0.3,0,Welsh,iter
Gwyn_15,Gwyn,15,0.2831976649541962,0.5,0,Welsh,iter
Gwyn_16,Gwyn,16,0,0.2,0,Welsh,iter
Gwyn_17,Gwyn,17,0.1423228170326083,0.5,0,Welsh,iter
Gwyn_18,Gwyn,18,0,0.2,0,Welsh,iter
Gwyn_19,Gwyn,19,0,0.5,0,Welsh,iter
Gwyn_2,Gwyn,2,0.24498869280551552,0.2,0,Welsh,iter
Gwyn_20,Gwyn,20,0.2692810147651125,0.7,0,Welsh,iter
Gwyn_21,Gwyn,21,0.2506805479355316,0.5,0,Welsh,iter
Gwyn_22,Gwyn,22,0.3674159621167067,1.1,0,Welsh,iter
Gwyn_23,Gwyn,23,0,0.1,NA,Welsh,iter
Gwyn_24,Gwyn,24,0.18950547328760395,0.6,0,Welsh,iter
Gwyn_25,Gwyn,25,0.09790786543186436,0.3,0,Welsh,iter
Gwyn_26,Gwyn,26,0.1295475428972479,0.4,0,Welsh,iter
Gwyn_27,Gwyn,27,0.281246100485011,0.8,0,Welsh,iter
Gwyn_28,Gwyn,28,0,0.3,0,Welsh,iter
Gwyn_29,Gwyn,29,0.18500719249240535,0.5,0,Welsh,iter
Gwyn_3,Gwyn,3,0.3570071907301236,0.9,0,Welsh,iter
Gwyn_30,Gwyn,30,0.3469937347455421,0.9,0,Welsh,iter
Gwyn_31,Gwyn,31,0.20897103202687228,0.1,NA,Welsh,iter
Gwyn_32,Gwyn,32,0.13094126393178773,0.3,0,Welsh,iter
Gwyn_33,Gwyn,33,0.2558459700027638,0.4,0,Welsh,iter
Gwyn_34,Gwyn,34,0,0.2,0,Welsh,iter
Gwyn_35,Gwyn,35,0.21869730955134936,0.3,0,Welsh,iter
Gwyn_36,Gwyn,36,0.14216209776838926,0.5,0,Welsh,iter
Gwyn_37,Gwyn,37,0.22895260025280217,0.4,0,Welsh,iter
Gwyn_38,Gwyn,38,0.33905630043469187,0.9,0,Welsh,iter
Gwyn_39,Gwyn,39,0,0.2,0,Welsh,iter
Gwyn_4,Gwyn,4,0.2535173517127524,0.5,0,Welsh,iter
Gwyn_40,Gwyn,40,0.3972089491164915,1,0,Welsh,iter
Gwyn_41,Gwyn,41,0.2416252878031057,0.6,0,Welsh,iter
Gwyn_42,Gwyn,42,0,0.1,NA,Welsh,iter
Gwyn_43,Gwyn,43,0.17078738043912994,0.4,0,Welsh,iter
Gwyn_44,Gwyn,44,0.16129590071412928,0.7,0,Welsh,iter
Gwyn_45,Gwyn,45,0,0.1,NA,Welsh,iter
Gwyn_46,Gwyn,46,0,0.4,0,Welsh,iter
Gwyn_47,Gwyn,47,0.1605783113542724,0.2,0,Welsh,iter
Gwyn_48,Gwyn,48,0.20595906735311864,0.1,NA,Welsh,iter
Gwyn_49,Gwyn,49,0,0.1,NA,Welsh,iter
Gwyn_5,Gwyn,5,0,0.3,0,Welsh,iter
Gwyn_50,Gwyn,50,0.24482202118915816,0.6,0,Welsh,iter
Gwyn_51,Gwyn,51,0,0.3,0,Welsh,iter
Gwyn_52,Gwyn,52,0.2847487553845422,0.5,0,Welsh,iter
Gwyn_53,Gwyn,53,0,0.1,NA,Welsh,iter
Gwyn_55,Gwyn,55,0.17396158975157058,0.4,0,Welsh,iter
Gwyn_56,Gwyn,56,0,0.2,0,Welsh,iter
Gwyn_57,Gwyn,57,0,0.1,NA,Welsh,iter
Gwyn_58,Gwyn,58,0,0.4,0,Welsh,iter
Gwyn_59,Gwyn,59,0.12496989117219967,0.6,0,Welsh,iter
Gwyn_6,Gwyn,6,0,0.3,0,Welsh,iter
Gwyn_60,Gwyn,60,0,0.5,0,Welsh,iter
Gwyn_61,Gwyn,61,0.24715088082374237,0.4,0,Welsh,iter
Gwyn_62,Gwyn,62,0.07125889447141791,0.4,0,Welsh,iter
Gwyn_63,Gwyn,63,0.22427275463882435,0.4,0,Welsh,iter
Gwyn_64,Gwyn,64,0.3458908087931826,0.8,0,Welsh,iter
Gwyn_65,Gwyn,65,0.2746120898041582,0.2,0,Welsh,iter
Gwyn_66,Gwyn,66,0.19197353609063683,0.8,0,Welsh,iter
Gwyn_67,Gwyn,67,0,0.1,NA,Welsh,iter
Gwyn_68,Gwyn,68,0.16063588600482884,0.2,0,Welsh,iter
Gwyn_69,Gwyn,69,0.32280773617556785,0.7,0,Welsh,iter
Gwyn_7,Gwyn,7,0.22787831816712792,0.6,0,Welsh,iter
Gwyn_70,Gwyn,70,0.3501340868201871,0.9,0,Welsh,iter
Gwyn_72,Gwyn,72,0,0.2,0,Welsh,iter
Gwyn_74,Gwyn,74,0.1705945173220671,0.4,0,Welsh,iter
Gwyn_75,Gwyn,75,0,0.2,0,Welsh,iter
Gwyn_76,Gwyn,76,0.21921862950133053,0.1,NA,Welsh,iter
Gwyn_77,Gwyn,77,0,0.1,NA,Welsh,iter
Gwyn_78,Gwyn,78,0.41354543302667435,1.3,0,Welsh,iter
Gwyn_8,Gwyn,8,0.36912069197060704,1.2,0,Welsh,iter
Gwyn_80,Gwyn,80,0.15785524213429744,0.2,0,Welsh,iter
Gwyn_82,Gwyn,82,0.07108104888419464,0.5,0,Welsh,iter
Gwyn_83,Gwyn,83,0.2507250022653043,0.4,0,Welsh,iter
Gwyn_84,Gwyn,84,0.21074576256849814,0.4,0,Welsh,iter
Gwyn_85,Gwyn,85,0.4004506587870614,1.2,0,Welsh,iter
Gwyn_86,Gwyn,86,0.25199041887370377,0.6,0,Welsh,iter
Gwyn_87,Gwyn,87,0.3851160815493929,0.9,0,Welsh,iter
Gwyn_88,Gwyn,88,0.2781390284307307,0.3,0,Welsh,iter
Gwyn_89,Gwyn,89,0.32196914024731543,0.7,0,Welsh,iter
Gwyn_9,Gwyn,9,0.1872159377682443,0.4,0,Welsh,iter
Gwyn_90,Gwyn,90,0,0.1,NA,Welsh,iter
Gwyn_91,Gwyn,91,0.18689396219902032,0.5,0,Welsh,iter
Gwyn_92,Gwyn,92,0.25297814426331455,0.4,0,Welsh,iter
Gwyn_93,Gwyn,93,0.21539569353305185,0.5,0,Welsh,iter
Gwyn_94,Gwyn,94,0.1898588849689173,0.5,0,Welsh,iter
Gwyn_95,Gwyn,95,0,0.4,0,Welsh,iter
Gwyn_96,Gwyn,96,0,0.1,NA,Welsh,iter
Gwyn_97,Gwyn,97,0,0.1,NA,Welsh,iter
Gwyn_98,Gwyn,98,0.10960931475066527,0.3,0,Welsh,iter
Gwyn_99,Gwyn,99,0.07125889447141791,0.4,0,Welsh,iter
Haruo_1,Haruo,1,0.24206457872072815,1.3,0,Japanese,iter
Haruo_10,Haruo,10,0.2924398499453728,1.2,0,Japanese,iter
Haruo_100,Haruo,100,0.34421676424829983,0.8,0,Japanese,iter
Haruo_11,Haruo,11,0.20953062464760142,1.1,0,Japanese,iter
Haruo_12,Haruo,12,0,0.2,0,Japanese,iter
Haruo_13,Haruo,13,0,0.2,0,Japanese,iter
Haruo_14,Haruo,14,0.40093743426703127,1.4,0,Japanese,iter
Haruo_15,Haruo,15,0.22453483363959736,0.1,NA,Japanese,iter
Haruo_16,Haruo,16,0.1488070020489265,0.2,0,Japanese,iter
Haruo_17,Haruo,17,0.2924050354800652,1,0,Japanese,iter
Haruo_18,Haruo,18,0.31298892607012124,1.1,0,Japanese,iter
Haruo_19,Haruo,19,0.32889290519052217,1.2,0,Japanese,iter
Haruo_2,Haruo,2,0.3176382181416169,1.3,0,Japanese,iter
Haruo_20,Haruo,20,0.2965043486739563,1.2,0,Japanese,iter
Haruo_22,Haruo,22,0.3063211912804995,1.7,0,Japanese,iter
Haruo_23,Haruo,23,0.290255280228765,1.5,0,Japanese,iter
Haruo_24,Haruo,24,0.2251115221995627,1,0,Japanese,iter
Haruo_26,Haruo,26,0.3534877627827978,1.4,0,Japanese,iter
Haruo_27,Haruo,27,0,0.1,NA,Japanese,iter
Haruo_28,Haruo,28,0.23815200799603178,1,0,Japanese,iter
Haruo_29,Haruo,29,0.2744470349256332,1.2,0,Japanese,iter
Haruo_3,Haruo,3,0.2819523325458644,1.3,0,Japanese,iter
Haruo_30,Haruo,30,0.32302465950447934,0.9,0,Japanese,iter
Haruo_31,Haruo,31,0.3499552519310375,1.3,0,Japanese,iter
Haruo_32,Haruo,32,0.2631705168245384,1.2,0,Japanese,iter
Haruo_33,Haruo,33,0.3080198915207962,1.3,0,Japanese,iter
Haruo_34,Haruo,34,0.30384016258372754,0.5,0,Japanese,iter
Haruo_35,Haruo,35,0.30014398553986976,1.2,0,Japanese,iter
Haruo_36,Haruo,36,0.229162069113473,1.2,0,Japanese,iter
Haruo_38,Haruo,38,0.3212708793287865,1.4,0,Japanese,iter
Haruo_39,Haruo,39,0.28747647779788277,1.4,0,Japanese,iter
Haruo_4,Haruo,4,0.2788732883892975,1.3,0,Japanese,iter
Haruo_40,Haruo,40,0.23168842432148504,0.2,0,Japanese,iter
Haruo_41,Haruo,41,0.12408147530493964,1,0,Japanese,iter
Haruo_42,Haruo,42,0.17668494685183833,0.1,NA,Japanese,iter
Haruo_43,Haruo,43,0,0.2,0,Japanese,iter
Haruo_44,Haruo,44,0.23168215827435545,0.8,0,Japanese,iter
Haruo_45,Haruo,45,0.28225610494254433,1.4,0,Japanese,iter
Haruo_46,Haruo,46,0.3519058706279483,1.4,0,Japanese,iter
Haruo_47,Haruo,47,0.2694418003675169,0.4,0,Japanese,iter
Haruo_48,Haruo,48,0.17020501901783824,0.3,0,Japanese,iter
Haruo_49,Haruo,49,0.17668494685183833,0.3,0,Japanese,iter
Haruo_5,Haruo,5,0,0.2,0,Japanese,iter
Haruo_50,Haruo,50,0.3216283581476375,1.3,0,Japanese,iter
Haruo_51,Haruo,51,0.2931372803098758,1.4,0,Japanese,iter
Haruo_52,Haruo,52,0,0.1,NA,Japanese,iter
Haruo_53,Haruo,53,0.25648722836580334,0.2,0,Japanese,iter
Haruo_56,Haruo,56,0.1488070020489265,0.2,0,Japanese,iter
Haruo_57,Haruo,57,0,0.2,0,Japanese,iter
Haruo_58,Haruo,58,0.17020501901783824,0.3,0,Japanese,iter
Haruo_59,Haruo,59,0.3678462966637418,1.3,0,Japanese,iter
Haruo_6,Haruo,6,0,0.1,NA,Japanese,iter
Haruo_60,Haruo,60,0.23451396383096154,0.9,0,Japanese,iter
Haruo_61,Haruo,61,0.3421357406671275,1.5,0,Japanese,iter
Haruo_62,Haruo,62,0.3557928948287899,1.6,0,Japanese,iter
Haruo_63,Haruo,63,0.33203520294462235,0.8,0,Japanese,iter
Haruo_64,Haruo,64,0.3109423010382583,1.5,0,Japanese,iter
Haruo_65,Haruo,65,0.30392598398287213,1.2,0,Japanese,iter
Haruo_66,Haruo,66,0.2267718022966653,0.3,0,Japanese,iter
Haruo_67,Haruo,67,0.2382039700481829,1,0,Japanese,iter
Haruo_68,Haruo,68,0.30613882923743346,1.4,0,Japanese,iter
Haruo_69,Haruo,69,0.27979533577150884,1.2,0,Japanese,iter
Haruo_7,Haruo,7,0,0.1,NA,Japanese,iter
Haruo_70,Haruo,70,0.378907801942938,1.1,0,Japanese,iter
Haruo_71,Haruo,71,0,0.1,NA,Japanese,iter
Haruo_72,Haruo,72,0.38298014524931745,0.6,0,Japanese,iter
Haruo_73,Haruo,73,0.31721236318490026,0.6,0,Japanese,iter
Haruo_74,Haruo,74,0.32603882455035466,0.7,0,Japanese,iter
Haruo_75,Haruo,75,0.36358040858729596,1.1,0,Japanese,iter
Haruo_77,Haruo,77,0.31708170708460004,1.5,0,Japanese,iter
Haruo_78,Haruo,78,0.29391581052453536,1.2,0,Japanese,iter
Haruo_79,Haruo,79,0.348138930574772,1,0,Japanese,iter
Haruo_8,Haruo,8,0,0.1,NA,Japanese,iter
Haruo_80,Haruo,80,0.3011709306176746,1.1,0,Japanese,iter
Haruo_81,Haruo,81,0.3227569135184152,1.3,0,Japanese,iter
Haruo_82,Haruo,82,0.3720413136858606,0.7,0,Japanese,iter
Haruo_83,Haruo,83,0,0.2,0,Japanese,iter
Haruo_84,Haruo,84,0.3183835878674451,1,0,Japanese,iter
Haruo_85,Haruo,85,0.13168858847379708,0.4,0,Japanese,iter
Haruo_86,Haruo,86,0.3491168263124757,0.5,0,Japanese,iter
Haruo_88,Haruo,88,0.14134795748147067,0.2,0,Japanese,iter
Haruo_89,Haruo,89,0.3196359706664502,1.1,0,Japanese,iter
Haruo_9,Haruo,9,0.29531119934659505,0.4,0,Japanese,iter
Haruo_90,Haruo,90,0.3133575066487238,0.5,0,Japanese,iter
Haruo_91,Haruo,91,0.28269591496294144,0.4,0,Japanese,iter
Haruo_92,Haruo,92,0.3811506316695944,1.1,0,Japanese,iter
Haruo_93,Haruo,93,0.3429338087607109,1.5,0,Japanese,iter
Haruo_94,Haruo,94,0.2684650967972964,1,0,Japanese,iter
Haruo_95,Haruo,95,0.2267718022966653,0.3,0,Japanese,iter
Haruo_96,Haruo,96,0.2977513884624622,1.5,0,Japanese,iter
Haruo_97,Haruo,97,0.23557992913578443,0.2,0,Japanese,iter
Haruo_98,Haruo,98,0,0.1,NA,Japanese,iter
Haruo_99,Haruo,99,0.2691581708909414,1.2,0,Japanese,iter
Hiromi_1,Hiromi,1,0.18287706994255185,1,0,Japanese,iter
Hiromi_10,Hiromi,10,0.12486006829938301,0.3,0,Japanese,iter
Hiromi_100,Hiromi,100,0.22723864678190148,0.6,0,Japanese,iter
Hiromi_11,Hiromi,11,0.10713103254391891,1,0,Japanese,iter
Hiromi_13,Hiromi,13,0.09445345417703195,0.9,0,Japanese,iter
Hiromi_14,Hiromi,14,0.29103618667709197,0.5,0,Japanese,iter
Hiromi_15,Hiromi,15,0.3381862123238509,1.2,0,Japanese,iter
Hiromi_16,Hiromi,16,0.298625476558465,1.1,0,Japanese,iter
Hiromi_17,Hiromi,17,0.2851595147026464,1.1,0,Japanese,iter
Hiromi_18,Hiromi,18,0.16648009106584402,0.2,0,Japanese,iter
Hiromi_19,Hiromi,19,0.3366588016668902,1.3,0,Japanese,iter
Hiromi_2,Hiromi,2,0.20743921030845078,0.5,0,Japanese,iter
Hiromi_20,Hiromi,20,0,0.5,0,Japanese,iter
Hiromi_21,Hiromi,21,0.28979112122014244,0.9,0,Japanese,iter
Hiromi_22,Hiromi,22,0.3090789900920498,1.1,0,Japanese,iter
Hiromi_23,Hiromi,23,0.33763295765908297,0.6,0,Japanese,iter
Hiromi_24,Hiromi,24,0.24722070659056575,0.3,0,Japanese,iter
Hiromi_25,Hiromi,25,0.1352850886123833,0.3,0,Japanese,iter
Hiromi_26,Hiromi,26,0.3558842440409719,0.9,0,Japanese,iter
Hiromi_27,Hiromi,27,0.14160376685756007,0.8,0,Japanese,iter
Hiromi_28,Hiromi,28,0.20523825801924697,0.5,0,Japanese,iter
Hiromi_29,Hiromi,29,0,0.1,NA,Japanese,iter
Hiromi_3,Hiromi,3,0.25541799328804865,0.6,0,Japanese,iter
Hiromi_30,Hiromi,30,0.4190171664245363,0.9,0,Japanese,iter
Hiromi_31,Hiromi,31,0.3188721472476997,0.6,0,Japanese,iter
Hiromi_32,Hiromi,32,0.1676180580952819,0.7,0,Japanese,iter
Hiromi_33,Hiromi,33,0.19454538655004727,0.9,0,Japanese,iter
Hiromi_34,Hiromi,34,0.2777331866410482,0.8,0,Japanese,iter
Hiromi_35,Hiromi,35,0.3219613823974066,1.1,0,Japanese,iter
Hiromi_36,Hiromi,36,0.22628545167719885,0.6,0,Japanese,iter
Hiromi_37,Hiromi,37,0.26785260368806785,0.4,0,Japanese,iter
Hiromi_38,Hiromi,38,0.32704422902834196,1,0,Japanese,iter
Hiromi_39,Hiromi,39,0.3918929983385622,1.1,0,Japanese,iter
Hiromi_4,Hiromi,4,0.1408062134521245,1,0,Japanese,iter
Hiromi_40,Hiromi,40,0.3815880250188955,1.2,0,Japanese,iter
Hiromi_41,Hiromi,41,0.2376957603667496,0.4,0,Japanese,iter
Hiromi_42,Hiromi,42,0.31534166669246605,1.4,0,Japanese,iter
Hiromi_43,Hiromi,43,0.26333595576472796,0.4,0,Japanese,iter
Hiromi_44,Hiromi,44,0.18181552483510657,0.5,0,Japanese,iter
Hiromi_45,Hiromi,45,0.09994809924201571,0.2,0,Japanese,iter
Hiromi_47,Hiromi,47,0.36197565685955696,1.1,0,Japanese,iter
Hiromi_48,Hiromi,48,0.31585442492946547,1.1,0,Japanese,iter
Hiromi_49,Hiromi,49,0.2300256853874378,1,0,Japanese,iter
Hiromi_5,Hiromi,5,0.17286094541678404,0.6,0,Japanese,iter
Hiromi_50,Hiromi,50,0.261618369219354,1.2,0,Japanese,iter
Hiromi_51,Hiromi,51,0.12553950952653206,0.6,0,Japanese,iter
Hiromi_52,Hiromi,52,0.17879259530163397,0.4,0,Japanese,iter
Hiromi_53,Hiromi,53,0.334739510658393,1.3,0,Japanese,iter
Hiromi_54,Hiromi,54,0.4015014642257022,1,0,Japanese,iter
Hiromi_55,Hiromi,55,0.349883597663607,1.4,0,Japanese,iter
Hiromi_57,Hiromi,57,0.2242572631983799,0.7,0,Japanese,iter
Hiromi_58,Hiromi,58,0.44684538378668165,0.9,0,Japanese,iter
Hiromi_59,Hiromi,59,0.11993771909041887,0.4,0,Japanese,iter
Hiromi_6,Hiromi,6,0.36700247550904663,1.2,0,Japanese,iter
Hiromi_60,Hiromi,60,0.3674497544416607,1.6,0,Japanese,iter
Hiromi_61,Hiromi,61,0.3381971635385667,1,0,Japanese,iter
Hiromi_62,Hiromi,62,0.12836391438117842,1.2,0,Japanese,iter
Hiromi_63,Hiromi,63,0,0.2,0,Japanese,iter
Hiromi_66,Hiromi,66,0.28136761272336663,1.1,0,Japanese,iter
Hiromi_67,Hiromi,67,0.2147878540147183,0.5,0,Japanese,iter
Hiromi_68,Hiromi,68,0.28175385253969965,0.8,0,Japanese,iter
Hiromi_69,Hiromi,69,0.3097169542259853,1.2,0,Japanese,iter
Hiromi_7,Hiromi,7,0.28736830777348915,1.1,0,Japanese,iter
Hiromi_70,Hiromi,70,0.1676180580952819,0.7,0,Japanese,iter
Hiromi_71,Hiromi,71,0.28151347946118893,0.8,0,Japanese,iter
Hiromi_72,Hiromi,72,0.3452078057618318,1.1,0,Japanese,iter
Hiromi_73,Hiromi,73,0.23439906992457327,0.1,NA,Japanese,iter
Hiromi_74,Hiromi,74,0.316914529634044,1.2,0,Japanese,iter
Hiromi_75,Hiromi,75,0.27575596434432176,0.8,0,Japanese,iter
Hiromi_76,Hiromi,76,0.23362472031683476,0.6,0,Japanese,iter
Hiromi_77,Hiromi,77,0.2971518944684695,1.4,0,Japanese,iter
Hiromi_78,Hiromi,78,0,0.1,NA,Japanese,iter
Hiromi_79,Hiromi,79,0.31693724345906965,1.3,0,Japanese,iter
Hiromi_8,Hiromi,8,0.23717081682666594,1,0,Japanese,iter
Hiromi_80,Hiromi,80,0.09994809924201571,0.2,0,Japanese,iter
Hiromi_83,Hiromi,83,0.35436381430850594,1.1,0,Japanese,iter
Hiromi_84,Hiromi,84,0.3157677457387894,1.3,0,Japanese,iter
Hiromi_85,Hiromi,85,0.365538348280005,1.3,0,Japanese,iter
Hiromi_87,Hiromi,87,0.4043651017919817,1.1,0,Japanese,iter
Hiromi_88,Hiromi,88,0.2813709861768441,0.3,0,Japanese,iter
Hiromi_89,Hiromi,89,0.09192133060948054,0.6,0,Japanese,iter
Hiromi_9,Hiromi,9,0.21892762260009355,0.7,0,Japanese,iter
Hiromi_90,Hiromi,90,0.3992241011435477,0.6,0,Japanese,iter
Hiromi_91,Hiromi,91,0.20667441253811195,0.7,0,Japanese,iter
Hiromi_92,Hiromi,92,0.37064866074849384,1.2,0,Japanese,iter
Hiromi_93,Hiromi,93,0.2052298212387622,0.9,0,Japanese,iter
Hiromi_94,Hiromi,94,0.09074664886786726,0.5,0,Japanese,iter
Hiromi_95,Hiromi,95,0.18446627537319188,0.8,0,Japanese,iter
Hiromi_96,Hiromi,96,0.2813429291224212,1.1,0,Japanese,iter
Hiromi_97,Hiromi,97,0.12485207402246695,0.8,0,Japanese,iter
Hiromi_98,Hiromi,98,0.2483454739110785,0.7,0,Japanese,iter
Hiromi_99,Hiromi,99,0.11727900458242688,0.6,0,Japanese,iter
Ivy_1,Ivy,1,0.27143454275537776,0.7,0,UK,iter
Ivy_10,Ivy,10,0,0.1,NA,UK,iter
Ivy_100,Ivy,100,0.2667598745836517,1.1,0,UK,iter
Ivy_11,Ivy,11,0.2290275332568168,0.5,0,UK,iter
Ivy_12,Ivy,12,0.18787351370302208,0.1,NA,UK,iter
Ivy_13,Ivy,13,0,0.2,0,UK,iter
Ivy_14,Ivy,14,0.2895301789390697,0.5,0,UK,iter
Ivy_15,Ivy,15,0,0.1,NA,UK,iter
Ivy_16,Ivy,16,0.3219926050760104,1.2,0,UK,iter
Ivy_17,Ivy,17,0.3803879862359599,1.1,0,UK,iter
Ivy_18,Ivy,18,0.27054414102015784,1.1,0,UK,iter
Ivy_19,Ivy,19,0,0.1,NA,UK,iter
Ivy_2,Ivy,2,0.31054377901755487,1,0,UK,iter
Ivy_20,Ivy,20,0,0.1,NA,UK,iter
Ivy_21,Ivy,21,0.35454819308836133,1.3,0,UK,iter
Ivy_22,Ivy,22,0,0.2,0,UK,iter
Ivy_23,Ivy,23,0,0.2,0,UK,iter
Ivy_25,Ivy,25,0.2290275332568168,0.3,0,UK,iter
Ivy_26,Ivy,26,0.2808399374466075,1,0,UK,iter
Ivy_27,Ivy,27,0.13278077097876562,0.2,0,UK,iter
Ivy_28,Ivy,28,0.31585110429716684,1,0,UK,iter
Ivy_3,Ivy,3,0,0.2,0,UK,iter
Ivy_30,Ivy,30,0.3624080798758193,0.4,0,UK,iter
Ivy_31,Ivy,31,0.19917115646814842,0.3,0,UK,iter
Ivy_32,Ivy,32,0.3397575748835806,0.3,0,UK,iter
Ivy_33,Ivy,33,0.3019081564277129,1,0,UK,iter
Ivy_34,Ivy,34,0,0.2,0,UK,iter
Ivy_35,Ivy,35,0.31065367039101666,0.6,0,UK,iter
Ivy_36,Ivy,36,0.16672736829153195,0.4,0,UK,iter
Ivy_37,Ivy,37,0.29344235606826186,1.1,0,UK,iter
Ivy_38,Ivy,38,0.3098317657819356,0.9,0,UK,iter
Ivy_39,Ivy,39,0,0.1,NA,UK,iter
Ivy_4,Ivy,4,0.26194142275827625,1.2,0,UK,iter
Ivy_40,Ivy,40,0.1869857719114516,0.3,0,UK,iter
Ivy_41,Ivy,41,0,0.3,0,UK,iter
Ivy_42,Ivy,42,0.2671225313020739,0.6,0,UK,iter
Ivy_45,Ivy,45,0.15100336661492472,0.2,0,UK,iter
Ivy_46,Ivy,46,0.16798966689863964,0.4,0,UK,iter
Ivy_47,Ivy,47,0.3502535584031594,1.1,0,UK,iter
Ivy_48,Ivy,48,0.3664440532109069,0.4,0,UK,iter
Ivy_49,Ivy,49,0,0.1,NA,UK,iter
Ivy_5,Ivy,5,0,0.2,0,UK,iter
Ivy_51,Ivy,51,0.2974029639890522,1.3,0,UK,iter
Ivy_52,Ivy,52,0,0.2,0,UK,iter
Ivy_53,Ivy,53,0.27350889581402554,1.4,0,UK,iter
Ivy_54,Ivy,54,0.16620957503240164,0.8,0,UK,iter
Ivy_55,Ivy,55,0.26556154195753123,0.2,0,UK,iter
Ivy_56,Ivy,56,0.23526974058383174,0.5,0,UK,iter
Ivy_57,Ivy,57,0,0.1,NA,UK,iter
Ivy_58,Ivy,58,0.28247253402731687,1.2,0,UK,iter
Ivy_59,Ivy,59,0.35956884293887625,1.2,0,UK,iter
Ivy_6,Ivy,6,0.3570103077130096,1.1,0,UK,iter
Ivy_60,Ivy,60,0.29470211346463526,1,0,UK,iter
Ivy_61,Ivy,61,0.3042478035871316,1.4,0,UK,iter
Ivy_62,Ivy,62,0.33247359976120344,1.4,0,UK,iter
Ivy_63,Ivy,63,0.31710670170531124,0.7,0,UK,iter
Ivy_64,Ivy,64,0.26057716104516276,0.4,0,UK,iter
Ivy_65,Ivy,65,0,0.1,NA,UK,iter
Ivy_66,Ivy,66,0.24618804880326445,1.2,0,UK,iter
Ivy_67,Ivy,67,0.39086574156774395,0.9,0,UK,iter
Ivy_68,Ivy,68,0.07550168330746236,0.5,0,UK,iter
Ivy_69,Ivy,69,0.3973168784480754,0.8,0,UK,iter
Ivy_7,Ivy,7,0.3605619922659328,1.4,0,UK,iter
Ivy_70,Ivy,70,0.23373221488931475,0.7,0,UK,iter
Ivy_71,Ivy,71,0.18787351370302208,0.1,NA,UK,iter
Ivy_72,Ivy,72,0.3285848250132813,1.2,0,UK,iter
Ivy_73,Ivy,73,0.3053700443424224,0.5,0,UK,iter
Ivy_75,Ivy,75,0.28947556003644953,1,0,UK,iter
Ivy_76,Ivy,76,0.3477012836301543,1.1,0,UK,iter
Ivy_77,Ivy,77,0.23373221488931475,0.7,0,UK,iter
Ivy_78,Ivy,78,0.13278077097876562,0.2,0,UK,iter
Ivy_79,Ivy,79,0,0.2,0,UK,iter
Ivy_80,Ivy,80,0.3512116935040931,0.4,0,UK,iter
Ivy_81,Ivy,81,0.23373221488931475,0.7,0,UK,iter
Ivy_82,Ivy,82,0.19917115646814842,0.3,0,UK,iter
Ivy_83,Ivy,83,0.2718219615921395,0.7,0,UK,iter
Ivy_84,Ivy,84,0,0.1,NA,UK,iter
Ivy_85,Ivy,85,0.09958557823407421,0.3,0,UK,iter
Ivy_86,Ivy,86,0,0.2,0,UK,iter
Ivy_88,Ivy,88,0.29038332871460154,0.9,0,UK,iter
Ivy_89,Ivy,89,0.2958731938695097,1.4,0,UK,iter
Ivy_9,Ivy,9,0.32572145130645336,0.7,0,UK,iter
Ivy_90,Ivy,90,0.35863157792211486,1,0,UK,iter
Ivy_91,Ivy,91,0.28047865786717774,0.7,0,UK,iter
Ivy_92,Ivy,92,0.29759382299251574,1.3,0,UK,iter
Ivy_93,Ivy,93,0.2493143625486022,0.5,0,UK,iter
Ivy_94,Ivy,94,0.22492871231660871,1,0,UK,iter
Ivy_95,Ivy,95,0.1869857719114518,0.7,0,UK,iter
Ivy_97,Ivy,97,0.31096437791168946,1.1,0,UK,iter
Ivy_98,Ivy,98,0,0.1,NA,UK,iter
Ivy_99,Ivy,99,0.24127514911589135,0.8,0,UK,iter
Julien_1,Julien,1,0.3319835029853013,1.5,0,French,iter
Julien_10,Julien,10,0.36420264479714476,1.5,0,French,iter
Julien_100,Julien,100,0.34718512930350615,1.7,0,French,iter
Julien_11,Julien,11,0.36272798569445686,1.5,0,French,iter
Julien_12,Julien,12,0.2202612371468406,1.6,0,French,iter
Julien_13,Julien,13,0.3107207942602952,0.3,0,French,iter
Julien_14,Julien,14,0.38038035609932164,0.9,0,French,iter
Julien_15,Julien,15,0.24429541279921452,1.5,0,French,iter
Julien_16,Julien,16,0.2627088003465118,1.5,0,French,iter
Julien_17,Julien,17,0.2531296601418063,1.5,0,French,iter
Julien_18,Julien,18,0.3899680427009821,1,0,French,iter
Julien_19,Julien,19,0.24655426586766904,1.6,0,French,iter
Julien_2,Julien,2,0.26196390748439835,1.5,0,French,iter
Julien_20,Julien,20,0.3810924463522571,0.8,0,French,iter
Julien_21,Julien,21,0.25312966014180643,1.5,0,French,iter
Julien_22,Julien,22,0.3874630984310471,0.9,0,French,iter
Julien_23,Julien,23,0.34409058414676746,1.6,0,French,iter
Julien_24,Julien,24,0.3754232815958562,0.4,0,French,iter
Julien_25,Julien,25,0.2920086840870837,1.5,0,French,iter
Julien_26,Julien,26,0.342702669697179,1.6,0,French,iter
Julien_27,Julien,27,0.36264692745056476,1.5,0,French,iter
Julien_28,Julien,28,0.2202612371468405,1.6,0,French,iter
Julien_29,Julien,29,0.2391614886338661,1.5,0,French,iter
Julien_3,Julien,3,0.3754232815958562,0.4,0,French,iter
Julien_30,Julien,30,0.27445975456634897,1.5,0,French,iter
Julien_31,Julien,31,0.21194665141263622,1.6,0,French,iter
Julien_32,Julien,32,0.22026123714684065,1.6,0,French,iter
Julien_33,Julien,33,0.3676077839684184,1.6,0,French,iter
Julien_34,Julien,34,0.2217775275505526,1.5,0,French,iter
Julien_35,Julien,35,0.2080245017497937,1.7,0,French,iter
Julien_36,Julien,36,0.34131475524759003,1.6,0,French,iter
Julien_37,Julien,37,0.19396820842601212,1.6,0,French,iter
Julien_38,Julien,38,0.3107207942602952,0.3,0,French,iter
Julien_39,Julien,39,0.3957188645507063,1.7,0,French,iter
Julien_4,Julien,4,0.1939682084260122,1.6,0,French,iter
Julien_40,Julien,40,0.24224316394853213,1.5,0,French,iter
Julien_41,Julien,41,0.20808897163099718,1.5,0,French,iter
Julien_42,Julien,42,0.3694339800669526,1.5,0,French,iter
Julien_43,Julien,43,0.3519593264961152,0.3,0,French,iter
Julien_44,Julien,44,0.247871852040563,1.5,0,French,iter
Julien_45,Julien,45,0.3440905841467683,1.6,0,French,iter
Julien_46,Julien,46,0.2555699272368034,1.6,0,French,iter
Julien_47,Julien,47,0.3333470437099927,1.5,0,French,iter
Julien_48,Julien,48,0.22500414234827243,1.7,0,French,iter
Julien_49,Julien,49,0.22214147260882608,1.6,0,French,iter
Julien_5,Julien,5,0.3107207942602952,0.3,0,French,iter
Julien_50,Julien,50,0.21194665141263636,1.6,0,French,iter
Julien_51,Julien,51,0.22519331712592622,1.5,0,French,iter
Julien_52,Julien,52,0.2627088003465118,1.5,0,French,iter
Julien_53,Julien,53,0.24429541279921463,1.5,0,French,iter
Julien_54,Julien,54,0.22026123714684046,1.6,0,French,iter
Julien_55,Julien,55,0.2627088003465119,1.5,0,French,iter
Julien_56,Julien,56,0.23285680665279854,1.7,0,French,iter
Julien_57,Julien,57,0.3333470437099926,1.5,0,French,iter
Julien_58,Julien,58,0.33924568012074574,1.5,0,French,iter
Julien_59,Julien,59,0.22026123714684046,1.6,0,French,iter
Julien_6,Julien,6,0.2382396801334649,1.6,0,French,iter
Julien_60,Julien,60,0.3379729330590531,0.4,0,French,iter
Julien_61,Julien,61,0.22005939296057786,1.5,0,French,iter
Julien_62,Julien,62,0.23402756446851825,1.5,0,French,iter
Julien_63,Julien,63,0.22519331712592613,1.5,0,French,iter
Julien_64,Julien,64,0.3710197575476376,1.5,0,French,iter
Julien_65,Julien,65,0.1801526286151171,1.5,0,French,iter
Julien_66,Julien,66,0.19725697411004586,1.5,0,French,iter
Julien_67,Julien,67,0.3750385118793173,0.4,0,French,iter
Julien_68,Julien,68,0.33765990264006057,1.5,0,French,iter
Julien_69,Julien,69,0.2831744367444914,1.5,0,French,iter
Julien_7,Julien,7,0.294978777303335,1.6,0,French,iter
Julien_70,Julien,70,0.27154304768910387,1.5,0,French,iter
Julien_71,Julien,71,0.33345816208798956,1.5,0,French,iter
Julien_72,Julien,72,0.3107207942602952,0.3,0,French,iter
Julien_73,Julien,73,0.2251933171259261,1.5,0,French,iter
Julien_74,Julien,74,0.261310229490114,1.5,0,French,iter
Julien_75,Julien,75,0.37829218328522063,1.5,0,French,iter
Julien_76,Julien,76,0.31285273466321356,0.2,0,French,iter
Julien_77,Julien,77,0.20609122145263806,1.5,0,French,iter
Julien_78,Julien,78,0.22026123714684046,1.6,0,French,iter
Julien_79,Julien,79,0.1972569741100457,1.5,0,French,iter
Julien_8,Julien,8,0.2060912214526378,1.5,0,French,iter
Julien_80,Julien,80,0.2795591284718239,1.6,0,French,iter
Julien_81,Julien,81,0.24816982620017225,1.5,0,French,iter
Julien_82,Julien,82,0.36790288382914726,1.6,0,French,iter
Julien_83,Julien,83,0.22005939296057775,1.5,0,French,iter
Julien_84,Julien,84,0.23201034574954227,1.5,0,French,iter
Julien_85,Julien,85,0.35159860488685996,0.3,0,French,iter
Julien_86,Julien,86,0.2748317026701961,1.6,0,French,iter
Julien_87,Julien,87,0.3629604710525891,1.5,0,French,iter
Julien_88,Julien,88,0.2778056957848197,0.4,0,French,iter
Julien_89,Julien,89,0.3107207942602952,0.3,0,French,iter
Julien_9,Julien,9,0.23285680665279848,1.7,0,French,iter
Julien_90,Julien,90,0.2611479622971706,1.6,0,French,iter
Julien_91,Julien,91,0.23823968013346508,1.6,0,French,iter
Julien_92,Julien,92,0.2391614886338659,1.5,0,French,iter
Julien_93,Julien,93,0.22026123714684057,1.6,0,French,iter
Julien_94,Julien,94,0.386435004477027,1,0,French,iter
Julien_95,Julien,95,0.22509316577305039,1.6,0,French,iter
Julien_96,Julien,96,0.3750385118793173,0.4,0,French,iter
Julien_97,Julien,97,0.3754232815958562,0.4,0,French,iter
Julien_98,Julien,98,0.2462465022999074,0.3,0,French,iter
Julien_99,Julien,99,0.39226035479316057,1.5,0,French,iter
Kazuko_1,Kazuko,1,0.044421377440895866,0.8,0,Japanese,iter
Kazuko_10,Kazuko,10,0.18421539007361254,0.4,0,Japanese,iter
Kazuko_100,Kazuko,100,0.222046297005977,0.9,0,Japanese,iter
Kazuko_11,Kazuko,11,0.21095916293211633,0.9,0,Japanese,iter
Kazuko_12,Kazuko,12,0.059968859545209446,0.9,0,Japanese,iter
Kazuko_13,Kazuko,13,0.16676676097640586,0.7,0,Japanese,iter
Kazuko_14,Kazuko,14,0.22903948716695743,0.3,0,Japanese,iter
Kazuko_15,Kazuko,15,0,0.4,0,Japanese,iter
Kazuko_16,Kazuko,16,0.1875192559396588,0.4,0,Japanese,iter
Kazuko_17,Kazuko,17,0.20111294179997072,0.6,0,Japanese,iter
Kazuko_18,Kazuko,18,0,0.5,0,Japanese,iter
Kazuko_19,Kazuko,19,0.16062727511702732,0.4,0,Japanese,iter
Kazuko_2,Kazuko,2,0.08245297519752454,0.5,0,Japanese,iter
Kazuko_20,Kazuko,20,0.014278299891716528,1.3,0,Japanese,iter
Kazuko_21,Kazuko,21,0.12732108526440067,0.9,0,Japanese,iter
Kazuko_22,Kazuko,22,0.09994809924201564,0.3,0,Japanese,iter
Kazuko_23,Kazuko,23,0.08884275488179177,0.8,0,Japanese,iter
Kazuko_24,Kazuko,24,0.044421377440895866,0.8,0,Japanese,iter
Kazuko_25,Kazuko,25,0,0.5,0,Japanese,iter
Kazuko_26,Kazuko,26,0.2306894425522484,0.5,0,Japanese,iter
Kazuko_27,Kazuko,27,0.27925455414949846,0.7,0,Japanese,iter
Kazuko_29,Kazuko,29,0,0.4,0,Japanese,iter
Kazuko_3,Kazuko,3,0.04825502982317829,0.8,0,Japanese,iter
Kazuko_30,Kazuko,30,0.16468962273717438,0.6,0,Japanese,iter
Kazuko_31,Kazuko,31,0.07067397874073533,0.2,0,Japanese,iter
Kazuko_32,Kazuko,32,0.24173461922639253,0.9,0,Japanese,iter
Kazuko_33,Kazuko,33,0.2841756352247293,0.4,0,Japanese,iter
Kazuko_34,Kazuko,34,0.12924798298258738,0.7,0,Japanese,iter
Kazuko_35,Kazuko,35,0.14134795748147067,0.2,0,Japanese,iter
Kazuko_36,Kazuko,36,0.03876010291032878,0.7,0,Japanese,iter
Kazuko_37,Kazuko,37,0.24605703811170887,0.1,NA,Japanese,iter
Kazuko_38,Kazuko,38,0.35183043294452715,0.4,0,Japanese,iter
Kazuko_39,Kazuko,39,0.044421377440895866,0.8,0,Japanese,iter
Kazuko_4,Kazuko,4,0.12367946279628683,0.3,0,Japanese,iter
Kazuko_40,Kazuko,40,0.20904951272640296,0.7,0,Japanese,iter
Kazuko_41,Kazuko,41,0.035336989370367666,0.5,0,Japanese,iter
Kazuko_42,Kazuko,42,0.01817238168036648,1,0,Japanese,iter
Kazuko_43,Kazuko,43,0.1766849468518383,0.5,0,Japanese,iter
Kazuko_44,Kazuko,44,0.30355742597268504,0.5,0,Japanese,iter
Kazuko_45,Kazuko,45,0.2164571252949567,1,0,Japanese,iter
Kazuko_46,Kazuko,46,0.2166131344091376,0.6,0,Japanese,iter
Kazuko_47,Kazuko,47,0.21202193622220597,0.3,0,Japanese,iter
Kazuko_48,Kazuko,48,0.16961754897776476,0.4,0,Japanese,iter
Kazuko_49,Kazuko,49,0.06524304647146477,0.9,0,Japanese,iter
Kazuko_5,Kazuko,5,0.07067397874073533,0.5,0,Japanese,iter
Kazuko_50,Kazuko,50,0.09994809924201568,0.5,0,Japanese,iter
Kazuko_51,Kazuko,51,0.09267640726407417,0.8,0,Japanese,iter
Kazuko_52,Kazuko,52,0.23925001773380825,0.4,0,Japanese,iter
Kazuko_53,Kazuko,53,0.2118661301928665,0.8,0,Japanese,iter
Kazuko_54,Kazuko,54,0.0848087744888824,0.4,0,Japanese,iter
Kazuko_55,Kazuko,55,0.19554379223366522,1.1,0,Japanese,iter
Kazuko_56,Kazuko,56,0.02855659978343304,0.6,0,Japanese,iter
Kazuko_57,Kazuko,57,0.39095573092994823,1.4,0,Japanese,iter
Kazuko_58,Kazuko,58,0.03331603308067188,0.5,0,Japanese,iter
Kazuko_59,Kazuko,59,0.13992733893882198,0.9,0,Japanese,iter
Kazuko_6,Kazuko,6,0,0.1,NA,Japanese,iter
Kazuko_60,Kazuko,60,0.049974049621007856,0.7,0,Japanese,iter
Kazuko_61,Kazuko,61,0.039979239696806286,0.9,0,Japanese,iter
Kazuko_62,Kazuko,62,0.24605703811170887,0.1,NA,Japanese,iter
Kazuko_63,Kazuko,63,0.37374207165158696,0.4,0,Japanese,iter
Kazuko_64,Kazuko,64,0.23754826263933312,0.7,0,Japanese,iter
Kazuko_65,Kazuko,65,0,0.1,NA,Japanese,iter
Kazuko_66,Kazuko,66,0.34357789678825756,0.6,0,Japanese,iter
Kazuko_67,Kazuko,67,0.18945042348315283,0.4,0,Japanese,iter
Kazuko_68,Kazuko,68,0.28269591496294133,0.2,0,Japanese,iter
Kazuko_69,Kazuko,69,0.14406918831508472,1.2,0,Japanese,iter
Kazuko_7,Kazuko,7,0.11085369182990265,0.7,0,Japanese,iter
Kazuko_70,Kazuko,70,0.09994809924201568,0.5,0,Japanese,iter
Kazuko_71,Kazuko,71,0,0.7,0,Japanese,iter
Kazuko_72,Kazuko,72,0,0.4,0,Japanese,iter
Kazuko_73,Kazuko,73,0.03997923969680626,0.4,0,Japanese,iter
Kazuko_74,Kazuko,74,0.17083436381255124,1,0,Japanese,iter
Kazuko_75,Kazuko,75,0,0.4,0,Japanese,iter
Kazuko_76,Kazuko,76,0.18802998081500585,0.5,0,Japanese,iter
Kazuko_77,Kazuko,77,0.16223177834628544,0.7,0,Japanese,iter
Kazuko_79,Kazuko,79,0.02498702481050391,0.7,0,Japanese,iter
Kazuko_8,Kazuko,8,0.14134795748147067,0.2,0,Japanese,iter
Kazuko_80,Kazuko,80,0.0571131995668661,0.6,0,Japanese,iter
Kazuko_81,Kazuko,81,0.106010968111103,0.3,0,Japanese,iter
Kazuko_82,Kazuko,82,0.24593033081350643,0.4,0,Japanese,iter
Kazuko_83,Kazuko,83,0.16718447048575844,0.8,0,Japanese,iter
Kazuko_84,Kazuko,84,0.2816544049782494,0.4,0,Japanese,iter
Kazuko_85,Kazuko,85,0.1832315897335659,0.4,0,Japanese,iter
Kazuko_86,Kazuko,86,0,0.1,NA,Japanese,iter
Kazuko_87,Kazuko,87,0.039979239696806286,0.9,0,Japanese,iter
Kazuko_89,Kazuko,89,0.11497123920968252,0.6,0,Japanese,iter
Kazuko_9,Kazuko,9,0.26015511543340647,0.7,0,Japanese,iter
Kazuko_90,Kazuko,90,0.2985682775651182,0.8,0,Japanese,iter
Kazuko_91,Kazuko,91,0.1489938294180281,0.2,0,Japanese,iter
Kazuko_92,Kazuko,92,0.06663206616134376,0.5,0,Japanese,iter
Kazuko_93,Kazuko,93,0.20119966861694438,0.3,0,Japanese,iter
Kazuko_94,Kazuko,94,0.18541623591263723,1,0,Japanese,iter
Kazuko_95,Kazuko,95,0.02498702481050391,0.7,0,Japanese,iter
Kazuko_96,Kazuko,96,0.1832315897335659,0.4,0,Japanese,iter
Kazuko_97,Kazuko,97,0.3289578602978923,0.4,0,Japanese,iter
Kazuko_98,Kazuko,98,0.28005998528590637,0.5,0,Japanese,iter
Kazuko_99,Kazuko,99,0.27369827708739475,0.5,0,Japanese,iter
Lewis_1,Lewis,1,0.09123971422436171,1.1,0,UK,iter
Lewis_10,Lewis,10,0.13527515649653873,1.2,0,UK,iter
Lewis_100,Lewis,100,0.1520661903739363,0.8,0,UK,iter
Lewis_12,Lewis,12,0,0.3,0,UK,iter
Lewis_13,Lewis,13,0.07465067527447783,1,0,UK,iter
Lewis_14,Lewis,14,0.08211574280192563,0.9,0,UK,iter
Lewis_15,Lewis,15,0,0.2,0,UK,iter
Lewis_16,Lewis,16,0.4157709145066904,0.6,0,UK,iter
Lewis_17,Lewis,17,0,0.3,0,UK,iter
Lewis_18,Lewis,18,0.1643620526574882,1.2,0,UK,iter
Lewis_19,Lewis,19,0,0.3,0,UK,iter
Lewis_2,Lewis,2,0.20813398501631178,1,0,UK,iter
Lewis_20,Lewis,20,0.12561264531821445,1.3,0,UK,iter
Lewis_21,Lewis,21,0.17240009577863988,1.1,0,UK,iter
Lewis_22,Lewis,22,0.126780238666459,1.1,0,UK,iter
Lewis_23,Lewis,23,0.16423148560385098,0.9,0,UK,iter
Lewis_24,Lewis,24,0.13498708107108345,1,0,UK,iter
Lewis_25,Lewis,25,0,0.1,NA,UK,iter
Lewis_27,Lewis,27,0.08211574280192561,0.9,0,UK,iter
Lewis_28,Lewis,28,0,0.5,0,UK,iter
Lewis_29,Lewis,29,0.04976711684965189,1,0,UK,iter
Lewis_3,Lewis,3,0.1854173713246485,1.2,0,UK,iter
Lewis_30,Lewis,30,0.14516401265200637,1.3,0,UK,iter
Lewis_31,Lewis,31,0.17301982130126187,0.6,0,UK,iter
Lewis_32,Lewis,32,0.09775683666895903,1.3,0,UK,iter
Lewis_33,Lewis,33,0,0.2,0,UK,iter
Lewis_36,Lewis,36,0,0.2,0,UK,iter
Lewis_37,Lewis,37,0.14614575300088703,0.2,0,UK,iter
Lewis_38,Lewis,38,0.12441779212412958,1,0,UK,iter
Lewis_39,Lewis,39,0.1094876570692341,0.9,0,UK,iter
Lewis_4,Lewis,4,0.2236787474911263,1.1,0,UK,iter
Lewis_40,Lewis,40,0,0.2,0,UK,iter
Lewis_41,Lewis,41,0.13685957133654272,0.7,0,UK,iter
Lewis_42,Lewis,42,0.1635338453699592,1.3,0,UK,iter
Lewis_43,Lewis,43,0.10948765706923405,0.9,0,UK,iter
Lewis_44,Lewis,44,0,0.1,NA,UK,iter
Lewis_45,Lewis,45,0.12165295229914902,0.8,0,UK,iter
Lewis_46,Lewis,46,0.14614575300088703,0.2,0,UK,iter
Lewis_49,Lewis,49,0,0.2,0,UK,iter
Lewis_5,Lewis,5,0.19865854990014684,0.7,0,UK,iter
Lewis_50,Lewis,50,0.11404964278045206,1.1,0,UK,iter
Lewis_51,Lewis,51,0,0.2,0,UK,iter
Lewis_52,Lewis,52,0,0.3,0,UK,iter
Lewis_53,Lewis,53,0,0.3,0,UK,iter
Lewis_54,Lewis,54,0.12701851107050566,1.5,0,UK,iter
Lewis_55,Lewis,55,0.08422127466864152,1.2,0,UK,iter
Lewis_56,Lewis,56,0.17805889037894532,1.1,0,UK,iter
Lewis_57,Lewis,57,0,0.3,0,UK,iter
Lewis_58,Lewis,58,0,0.2,0,UK,iter
Lewis_59,Lewis,59,0,0.3,0,UK,iter
Lewis_6,Lewis,6,0.14614575300088703,0.2,0,UK,iter
Lewis_60,Lewis,60,0,0.1,NA,UK,iter
Lewis_61,Lewis,61,0.13685957133654253,1.1,0,UK,iter
Lewis_62,Lewis,62,0.17240009577863996,1.1,0,UK,iter
Lewis_63,Lewis,63,0.19521002433473042,1.1,0,UK,iter
Lewis_64,Lewis,64,0.14598354275897882,1.4,0,UK,iter
Lewis_65,Lewis,65,0.1345709721232036,0.8,0,UK,iter
Lewis_66,Lewis,66,0.17805889037894548,1.1,0,UK,iter
Lewis_67,Lewis,67,0.4208078799502393,0.8,0,UK,iter
Lewis_69,Lewis,69,0.15966949989263315,1.1,0,UK,iter
Lewis_7,Lewis,7,0.15966949989263302,1.1,0,UK,iter
Lewis_70,Lewis,70,0,0.4,0,UK,iter
Lewis_71,Lewis,71,0,0.2,0,UK,iter
Lewis_72,Lewis,72,0,0.4,0,UK,iter
Lewis_74,Lewis,74,0.1880728317585163,1,0,UK,iter
Lewis_75,Lewis,75,0,0.2,0,UK,iter
Lewis_76,Lewis,76,0.20813398501631167,1,0,UK,iter
Lewis_77,Lewis,77,0.12165295229914902,0.8,0,UK,iter
Lewis_78,Lewis,78,0.11404964278045213,1.1,0,UK,iter
Lewis_79,Lewis,79,0.2180199528908208,1.1,0,UK,iter
Lewis_8,Lewis,8,0,0.1,NA,UK,iter
Lewis_80,Lewis,80,0.15206619037393618,0.8,0,UK,iter
Lewis_81,Lewis,81,0.1559554651655529,0.7,0,UK,iter
Lewis_82,Lewis,82,0.19551367333791808,0.6,0,UK,iter
Lewis_83,Lewis,83,0.10960931475066527,0.3,0,UK,iter
Lewis_84,Lewis,84,0.1990684673986074,1,0,UK,iter
Lewis_85,Lewis,85,0.20086881893503594,1.1,0,UK,iter
Lewis_86,Lewis,86,0,0.3,0,UK,iter
Lewis_87,Lewis,87,0,0.2,0,UK,iter
Lewis_88,Lewis,88,0.15206619037393623,0.8,0,UK,iter
Lewis_89,Lewis,89,0.06316595600148121,1.2,0,UK,iter
Lewis_9,Lewis,9,0,0.1,NA,UK,iter
Lewis_90,Lewis,90,0.21921862950133053,0.1,NA,UK,iter
Lewis_91,Lewis,91,0,0.2,0,UK,iter
Lewis_92,Lewis,92,0,0.4,0,UK,iter
Lewis_93,Lewis,93,0.41860420756868677,0.7,0,UK,iter
Lewis_94,Lewis,94,0,0.2,0,UK,iter
Lewis_95,Lewis,95,0,0.2,0,UK,iter
Lewis_96,Lewis,96,0.20263658003754295,1.3,0,UK,iter
Lewis_97,Lewis,97,0.20688011493436811,0.9,0,UK,iter
Lewis_98,Lewis,98,0,0.1,NA,UK,iter
Lewis_99,Lewis,99,0.20086881893503575,1.1,0,UK,iter
Mira_1,Mira,1,0.11394922313994019,0.7,0,Finnish,iter
Mira_10,Mira,10,0.20432074789387972,0.7,0,Finnish,iter
Mira_100,Mira,100,0.28953017893906985,0.2,0,Finnish,iter
Mira_11,Mira,11,0.320322854138865,0.6,0,Finnish,iter
Mira_12,Mira,12,0.1056612100275894,0.5,0,Finnish,iter
Mira_13,Mira,13,0.12496093334621859,1,0,Finnish,iter
Mira_14,Mira,14,0.18904443694304773,1.1,0,Finnish,iter
Mira_15,Mira,15,0.35758519060326793,0.4,0,Finnish,iter
Mira_16,Mira,16,0.10306541983936886,0.8,0,Finnish,iter
Mira_17,Mira,17,0.3848464206334632,1,0,Finnish,iter
Mira_18,Mira,18,0.1507710509107837,0.8,0,Finnish,iter
Mira_19,Mira,19,0.16399281331373974,1,0,Finnish,iter
Mira_2,Mira,2,0.28140540291533295,0.8,0,Finnish,iter
Mira_20,Mira,20,0.14954204973710153,0.4,0,Finnish,iter
Mira_21,Mira,21,0.36038210404319504,0.6,0,Finnish,iter
Mira_22,Mira,22,0.28338631898704497,0.5,0,Finnish,iter
Mira_23,Mira,23,0.11447245351290392,0.3,0,Finnish,iter
Mira_24,Mira,24,0.24583892167602678,0.4,0,Finnish,iter
Mira_25,Mira,25,0.2903417868994988,0.2,0,Finnish,iter
Mira_26,Mira,26,0.09414528633396746,0.3,0,Finnish,iter
Mira_27,Mira,27,0.15095280815262296,0.8,0,Finnish,iter
Mira_28,Mira,28,0.11447245351290392,0.3,0,Finnish,iter
Mira_29,Mira,29,0.2997577124727892,0.5,0,Finnish,iter
Mira_3,Mira,3,0.14958861752916133,0.4,0,Finnish,iter
Mira_30,Mira,30,0.1117453720635212,0.3,0,Finnish,iter
Mira_31,Mira,31,0.24930424322917707,0.2,0,Finnish,iter
Mira_32,Mira,32,0.22894490702580783,0.3,0,Finnish,iter
Mira_33,Mira,33,0.32885859415774954,0.7,0,Finnish,iter
Mira_34,Mira,34,0.2043207478938797,0.7,0,Finnish,iter
Mira_35,Mira,35,0.10110644110477418,0.8,0,Finnish,iter
Mira_36,Mira,36,0.30099360336940084,0.6,0,Finnish,iter
Mira_37,Mira,37,0.39882321032918067,0.8,0,Finnish,iter
Mira_38,Mira,38,0.167136240897943,0.6,0,Finnish,iter
Mira_39,Mira,39,0.3266418068559339,0.5,0,Finnish,iter
Mira_4,Mira,4,0.22894490702580783,0.3,0,Finnish,iter
Mira_40,Mira,40,0.32601754636897706,0.6,0,Finnish,iter
Mira_41,Mira,41,0.22894490702580783,0.1,NA,Finnish,iter
Mira_42,Mira,42,0.21775634017462409,0.1,NA,Finnish,iter
Mira_43,Mira,43,0.28232194322845233,0.5,0,Finnish,iter
Mira_44,Mira,44,0.08033024422572398,0.8,0,Finnish,iter
Mira_45,Mira,45,0.29774203203386873,0.6,0,Finnish,iter
Mira_46,Mira,46,0.27076834398153543,0.7,0,Finnish,iter
Mira_47,Mira,47,0.30525987603441046,0.2,0,Finnish,iter
Mira_48,Mira,48,0.30525987603441046,0.2,0,Finnish,iter
Mira_49,Mira,49,0.2785053944293392,0.4,0,Finnish,iter
Mira_5,Mira,5,0.31927249161006077,0.6,0,Finnish,iter
Mira_50,Mira,50,0.32674678390971595,0.3,0,Finnish,iter
Mira_51,Mira,51,0.3342454515307162,0.9,0,Finnish,iter
Mira_52,Mira,52,0.16961743227463158,0.7,0,Finnish,iter
Mira_53,Mira,53,0.2601934339256403,0.7,0,Finnish,iter
Mira_54,Mira,54,0.2171476342043024,0.1,NA,Finnish,iter
Mira_55,Mira,55,0.26529607017376494,0.4,0,Finnish,iter
Mira_56,Mira,56,0.11447245351290392,0.3,0,Finnish,iter
Mira_57,Mira,57,0.3603684970699587,1,0,Finnish,iter
Mira_58,Mira,58,0.3612775459231819,0.9,0,Finnish,iter
Mira_59,Mira,59,0.14859690755918528,1,0,Finnish,iter
Mira_6,Mira,6,0.23833767493160316,0.3,0,Finnish,iter
Mira_60,Mira,60,0.1992542533539143,0.9,0,Finnish,iter
Mira_61,Mira,61,0.2793963319299057,0.2,0,Finnish,iter
Mira_62,Mira,62,0.3369402811077069,1,0,Finnish,iter
Mira_63,Mira,63,0.21324314665258393,0.1,NA,Finnish,iter
Mira_64,Mira,64,0.35607084859756566,0.8,0,Finnish,iter
Mira_65,Mira,65,0.1527300296453783,0.8,0,Finnish,iter
Mira_66,Mira,66,0.22894490702580783,0.3,0,Finnish,iter
Mira_67,Mira,67,0.21334744157586583,0.3,0,Finnish,iter
Mira_68,Mira,68,0.31167512138601605,1,0,Finnish,iter
Mira_69,Mira,69,0.15262993801720523,0.2,0,Finnish,iter
Mira_7,Mira,7,0.23110129513650765,0.8,0,Finnish,iter
Mira_70,Mira,70,0.3655394712162205,0.6,0,Finnish,iter
Mira_71,Mira,71,0.10328174257593081,0.6,0,Finnish,iter
Mira_72,Mira,72,0.21665901247740335,0.2,0,Finnish,iter
Mira_73,Mira,73,0.17511250064474737,0.3,0,Finnish,iter
Mira_74,Mira,74,0.369730355474788,0.8,0,Finnish,iter
Mira_75,Mira,75,0.22894490702580783,0.3,0,Finnish,iter
Mira_76,Mira,76,0.36091714882547127,0.5,0,Finnish,iter
Mira_77,Mira,77,0.32674678390971595,0.3,0,Finnish,iter
Mira_78,Mira,78,0.2852503318662005,0.5,0,Finnish,iter
Mira_79,Mira,79,0.131953832766328,0.8,0,Finnish,iter
Mira_8,Mira,8,0.22894490702580783,0.3,0,Finnish,iter
Mira_81,Mira,81,0.24627320850932582,0.6,0,Finnish,iter
Mira_82,Mira,82,0.28351005524986,0.2,0,Finnish,iter
Mira_84,Mira,84,0.1634565983151038,0.9,0,Finnish,iter
Mira_85,Mira,85,0.1909912795842134,0.7,0,Finnish,iter
Mira_86,Mira,86,0.32335481616737405,0.6,0,Finnish,iter
Mira_87,Mira,87,0.3595189788831972,0.7,0,Finnish,iter
Mira_88,Mira,88,0.3736774586679988,0.4,0,Finnish,iter
Mira_89,Mira,89,0.1626194671860427,0.8,0,Finnish,iter
Mira_90,Mira,90,0.3113978822233322,0.5,0,Finnish,iter
Mira_91,Mira,91,0.31482034473936477,0.5,0,Finnish,iter
Mira_92,Mira,92,0.25731855986283897,0.3,0,Finnish,iter
Mira_93,Mira,93,0.3957742809481177,0.4,0,Finnish,iter
Mira_94,Mira,94,0.29715332882301965,0.9,0,Finnish,iter
Mira_95,Mira,95,0.160660488451448,0.8,0,Finnish,iter
Mira_96,Mira,96,0.2747338884309693,0.4,0,Finnish,iter
Mira_97,Mira,97,0.18829057266793492,0.1,NA,Finnish,iter
Mira_98,Mira,98,0.3746565484197326,0.8,0,Finnish,iter
Patrick_1,Patrick,1,0.27939542830261466,0.9,0,UK,iter
Patrick_100,Patrick,100,0.20261405416262115,1.7,0,UK,iter
Patrick_11,Patrick,11,0.4033060014171593,1.7,0,UK,iter
Patrick_12,Patrick,12,0.17844028531730174,1.6,0,UK,iter
Patrick_13,Patrick,13,0.22537552784647985,1.8,0,UK,iter
Patrick_14,Patrick,14,0.22629849033927354,1.6,0,UK,iter
Patrick_15,Patrick,15,0.31387084524655046,1.4,0,UK,iter
Patrick_16,Patrick,16,0.32347200013950095,1.6,0,UK,iter
Patrick_18,Patrick,18,0.1711340350239603,1.7,0,UK,iter
Patrick_19,Patrick,19,0.18589189245487417,1.7,0,UK,iter
Patrick_2,Patrick,2,0.21484009399176598,1.7,0,UK,iter
Patrick_20,Patrick,20,0.3425031467825845,1.7,0,UK,iter
Patrick_21,Patrick,21,0.20161009246839057,1.6,0,UK,iter
Patrick_22,Patrick,22,0.24462152162379194,1.8,0,UK,iter
Patrick_23,Patrick,23,0.4169110115256041,1.5,0,UK,iter
Patrick_24,Patrick,24,0.3635548579099555,1.6,0,UK,iter
Patrick_25,Patrick,25,0.24688710259544336,1.8,0,UK,iter
Patrick_26,Patrick,26,0.17326898518438064,1.5,0,UK,iter
Patrick_27,Patrick,27,0.334833931472591,1.8,0,UK,iter
Patrick_28,Patrick,28,0.1816704157972426,1.3,0,UK,iter
Patrick_29,Patrick,29,0.1726600945070498,1.8,0,UK,iter
Patrick_31,Patrick,31,0.22194403538314464,1.5,0,UK,iter
Patrick_32,Patrick,32,0.2036150171780276,1.4,0,UK,iter
Patrick_33,Patrick,33,0.3590631765460099,1.8,0,UK,iter
Patrick_34,Patrick,34,0.42617982254903186,1.6,0,UK,iter
Patrick_35,Patrick,35,0.3219749492826823,1.4,0,UK,iter
Patrick_36,Patrick,36,0.4047543018604948,1.8,0,UK,iter
Patrick_37,Patrick,37,0.19731316801769735,1.7,0,UK,iter
Patrick_38,Patrick,38,0.16933091959726407,1.4,0,UK,iter
Patrick_39,Patrick,39,0.2943788739182288,1.5,0,UK,iter
Patrick_4,Patrick,4,0.36838599835791025,1.5,0,UK,iter
Patrick_40,Patrick,40,0.2296311560069286,1.6,0,UK,iter
Patrick_41,Patrick,41,0.3018763152792563,0.6,0,UK,iter
Patrick_42,Patrick,42,0.2836750316963975,1.1,0,UK,iter
Patrick_43,Patrick,43,0.4289171604910663,1.6,0,UK,iter
Patrick_44,Patrick,44,0.4257723704178779,1.1,0,UK,iter
Patrick_45,Patrick,45,0.3203726883199409,1.4,0,UK,iter
Patrick_46,Patrick,46,0.3388810919256504,1.6,0,UK,iter
Patrick_47,Patrick,47,0.39876326291918884,1.6,0,UK,iter
Patrick_48,Patrick,48,0.16897607531684458,1.6,0,UK,iter
Patrick_49,Patrick,49,0.21113918436200532,1.6,0,UK,iter
Patrick_5,Patrick,5,0.3504100727153384,1.5,0,UK,iter
Patrick_50,Patrick,50,0.30585817321462855,1.6,0,UK,iter
Patrick_51,Patrick,51,0.208675281559605,1.7,0,UK,iter
Patrick_52,Patrick,52,0.4252169149007695,1.5,0,UK,iter
Patrick_53,Patrick,53,0.2546874744944286,1.6,0,UK,iter
Patrick_54,Patrick,54,0.10149777458906284,0.1,NA,UK,iter
Patrick_55,Patrick,55,0.23967455259024525,1.7,0,UK,iter
Patrick_56,Patrick,56,0.32242923771856963,1.5,0,UK,iter
Patrick_57,Patrick,57,0.18821683136097347,1.7,0,UK,iter
Patrick_58,Patrick,58,0.3568741092381052,1.3,0,UK,iter
Patrick_59,Patrick,59,0.23881917840746103,1.5,0,UK,iter
Patrick_6,Patrick,6,0.1409769470356212,1.5,0,UK,iter
Patrick_60,Patrick,60,0.16843772550294717,1.6,0,UK,iter
Patrick_63,Patrick,63,0.39886862428030107,1.7,0,UK,iter
Patrick_64,Patrick,64,0.17261068612838495,1.7,0,UK,iter
Patrick_65,Patrick,65,0.20679254845569184,1.6,0,UK,iter
Patrick_66,Patrick,66,0.34358147906050607,1.3,0,UK,iter
Patrick_67,Patrick,67,0.1917551258597824,1.6,0,UK,iter
Patrick_68,Patrick,68,0.2553075285267573,0.7,0,UK,iter
Patrick_69,Patrick,69,0.22059500062852658,1.5,0,UK,iter
Patrick_7,Patrick,7,0.29359414015994456,1.8,0,UK,iter
Patrick_70,Patrick,70,0.20888850389001834,1.6,0,UK,iter
Patrick_72,Patrick,72,0.22058448052053162,1.6,0,UK,iter
Patrick_73,Patrick,73,0.39966572012917767,1.1,0,UK,iter
Patrick_74,Patrick,74,0.2309583006722973,1.6,0,UK,iter
Patrick_75,Patrick,75,0,0.1,NA,UK,iter
Patrick_76,Patrick,76,0.21453087947106575,1.6,0,UK,iter
Patrick_78,Patrick,78,0.3169442604558613,1.6,0,UK,iter
Patrick_79,Patrick,79,0.23729527067638204,1.4,0,UK,iter
Patrick_8,Patrick,8,0.39437132578040796,1.6,0,UK,iter
Patrick_80,Patrick,80,0.27806337194426634,1.4,0,UK,iter
Patrick_81,Patrick,81,0.207160469072309,1.6,0,UK,iter
Patrick_82,Patrick,82,0.39318771975854694,1.6,0,UK,iter
Patrick_83,Patrick,83,0.3349094921751761,1.5,0,UK,iter
Patrick_84,Patrick,84,0.2052976688957942,1.6,0,UK,iter
Patrick_85,Patrick,85,0.16556890851620681,1.5,0,UK,iter
Patrick_86,Patrick,86,0,0.1,NA,UK,iter
Patrick_87,Patrick,87,0.16912092481237995,1.8,0,UK,iter
Patrick_88,Patrick,88,0.38771062637874265,1.3,0,UK,iter
Patrick_89,Patrick,89,0.2291620219960385,1.6,0,UK,iter
Patrick_9,Patrick,9,0.30283533529507223,0.9,0,UK,iter
Patrick_90,Patrick,90,0.21189844829968812,1.7,0,UK,iter
Patrick_91,Patrick,91,0.3442712809368418,1.5,0,UK,iter
Patrick_92,Patrick,92,0.22470784826526619,1.9,0,UK,iter
Patrick_93,Patrick,93,0.25574560715035183,1.6,0,UK,iter
Patrick_94,Patrick,94,0.38138859463618485,1.3,0,UK,iter
Patrick_95,Patrick,95,0.10586136876735561,1.5,0,UK,iter
Patrick_96,Patrick,96,0.15834603215836054,1.4,0,UK,iter
Patrick_97,Patrick,97,0.1983391158669001,1.8,0,UK,iter
Patrick_98,Patrick,98,0.27949794273601264,1.5,0,UK,iter
Patrick_99,Patrick,99,0.33364483723290345,1.6,0,UK,iter
Rachel_1,Rachel,1,0.3907527328237371,0.5,0,UK,iter
Rachel_10,Rachel,10,0.24292138204108302,1.1,0,UK,iter
Rachel_100,Rachel,100,0.22177997638929936,0.5,0,UK,iter
Rachel_11,Rachel,11,0.2970918473661375,1,0,UK,iter
Rachel_12,Rachel,12,0.2992683678448936,1.1,0,UK,iter
Rachel_13,Rachel,13,0,0.1,NA,UK,iter
Rachel_14,Rachel,14,0.30881586279307177,0.9,0,UK,iter
Rachel_15,Rachel,15,0.14134795748147067,0.2,0,UK,iter
Rachel_16,Rachel,16,0,0.1,NA,UK,iter
Rachel_17,Rachel,17,0.37793428298272674,1.1,0,UK,iter
Rachel_18,Rachel,18,0.24790602263774786,1.2,0,UK,iter
Rachel_19,Rachel,19,0.24071524091416718,1.2,0,UK,iter
Rachel_2,Rachel,2,0.25170345615322737,1.2,0,UK,iter
Rachel_20,Rachel,20,0.2545155456290509,1.2,0,UK,iter
Rachel_22,Rachel,22,0.2519730961764223,1.1,0,UK,iter
Rachel_24,Rachel,24,0.4146056613488489,0.7,0,UK,iter
Rachel_27,Rachel,27,0.3495642325976783,0.8,0,UK,iter
Rachel_28,Rachel,28,0.2719611037585974,1.1,0,UK,iter
Rachel_29,Rachel,29,0.25655431137945695,1.2,0,UK,iter
Rachel_3,Rachel,3,0.2837288106633564,1.2,0,UK,iter
Rachel_30,Rachel,30,0.37730406935082833,0.9,0,UK,iter
Rachel_31,Rachel,31,0.3470178727122235,1.3,0,UK,iter
Rachel_32,Rachel,32,0.2668228993689721,1.4,0,UK,iter
Rachel_34,Rachel,34,0.312593931025535,1.3,0,UK,iter
Rachel_35,Rachel,35,0,0.1,NA,UK,iter
Rachel_36,Rachel,36,0,0.1,NA,UK,iter
Rachel_37,Rachel,37,0.37464019720709396,1.2,0,UK,iter
Rachel_38,Rachel,38,0.2909396855537401,1.3,0,UK,iter
Rachel_39,Rachel,39,0.2789308444497876,1,0,UK,iter
Rachel_41,Rachel,41,0.28031692908208433,1.3,0,UK,iter
Rachel_42,Rachel,42,0,0.1,NA,UK,iter
Rachel_43,Rachel,43,0.22373158442271807,0.4,0,UK,iter
Rachel_44,Rachel,44,0.263490492117966,1.2,0,UK,iter
Rachel_45,Rachel,45,0.27419970278307465,0.7,0,UK,iter
Rachel_46,Rachel,46,0.2844989462965531,1.3,0,UK,iter
Rachel_47,Rachel,47,0,0.1,NA,UK,iter
Rachel_49,Rachel,49,0.25476376792763405,1.3,0,UK,iter
Rachel_5,Rachel,5,0.2618877923491568,1,0,UK,iter
Rachel_51,Rachel,51,0.2802577495079458,1.1,0,UK,iter
Rachel_52,Rachel,52,0.3937662836428213,1,0,UK,iter
Rachel_54,Rachel,54,0.27879866221033905,1.4,0,UK,iter
Rachel_55,Rachel,55,0.39915521579629726,0.5,0,UK,iter
Rachel_56,Rachel,56,0.25680334823877476,1.2,0,UK,iter
Rachel_57,Rachel,57,0.26759524264456647,1,0,UK,iter
Rachel_58,Rachel,58,0.25836703034943587,1.3,0,UK,iter
Rachel_59,Rachel,59,0,0.1,NA,UK,iter
Rachel_6,Rachel,6,0.31008208659518555,1.2,0,UK,iter
Rachel_60,Rachel,60,0.26183286437521175,1,0,UK,iter
Rachel_62,Rachel,62,0.19330845043828504,1,0,UK,iter
Rachel_63,Rachel,63,0.24661270102970423,1.1,0,UK,iter
Rachel_65,Rachel,65,0.2697806313561482,1.2,0,UK,iter
Rachel_66,Rachel,66,0.37885258112231385,0.4,0,UK,iter
Rachel_67,Rachel,67,0.30994676184184117,1,0,UK,iter
Rachel_68,Rachel,68,0.36914840488123823,1.2,0,UK,iter
Rachel_7,Rachel,7,0.2680165868693153,1.2,0,UK,iter
Rachel_71,Rachel,71,0.30306983598479575,1.5,0,UK,iter
Rachel_72,Rachel,72,0.23462186682608407,1.1,0,UK,iter
Rachel_73,Rachel,73,0.2411140737748678,1.1,0,UK,iter
Rachel_74,Rachel,74,0.27726166988525364,1.1,0,UK,iter
Rachel_77,Rachel,77,0.23765285990164606,1.3,0,UK,iter
Rachel_78,Rachel,78,0.22164750955786502,1.1,0,UK,iter
Rachel_79,Rachel,79,0.2626263750549211,1.2,0,UK,iter
Rachel_8,Rachel,8,0.22373158442271807,0.4,0,UK,iter
Rachel_80,Rachel,80,0,0.1,NA,UK,iter
Rachel_82,Rachel,82,0.27267874416599636,1.1,0,UK,iter
Rachel_83,Rachel,83,0.2874100142117276,1.3,0,UK,iter
Rachel_84,Rachel,84,0.3032456578016832,1.2,0,UK,iter
Rachel_85,Rachel,85,0.2529860725250395,1.3,0,UK,iter
Rachel_86,Rachel,86,0.2864120128191805,1.3,0,UK,iter
Rachel_87,Rachel,87,0.2530021637166078,1.2,0,UK,iter
Rachel_88,Rachel,88,0.2424088948709354,1.1,0,UK,iter
Rachel_89,Rachel,89,0.25303031287571226,1.2,0,UK,iter
Rachel_91,Rachel,91,0.36449578099780716,1,0,UK,iter
Rachel_92,Rachel,92,0.20464417864675225,1.2,0,UK,iter
Rachel_93,Rachel,93,0,0.1,NA,UK,iter
Rachel_94,Rachel,94,0.2042733858448194,1.1,0,UK,iter
Rachel_95,Rachel,95,0.34078514194632886,1,0,UK,iter
Rachel_96,Rachel,96,0.2996433703124248,1.3,0,UK,iter
Rachel_97,Rachel,97,0.20372114607356065,1,0,UK,iter
Rachel_99,Rachel,99,0,0.1,NA,UK,iter
Radia_1,Radia,1,0.38881608683551294,1,0,Urdu,iter
Radia_100,Radia,100,0.37773283446816414,0.5,0,Urdu,iter
Radia_11,Radia,11,0,0.1,NA,Urdu,iter
Radia_12,Radia,12,0.296145915558881,0.8,0,Urdu,iter
Radia_13,Radia,13,0.35446003073549776,0.7,0,Urdu,iter
Radia_14,Radia,14,0.12686367436492674,0.2,0,Urdu,iter
Radia_15,Radia,15,0.3469256923215402,0.9,0,Urdu,iter
Radia_16,Radia,16,0.36391916757480647,0.5,0,Urdu,iter
Radia_17,Radia,17,0.36358456038590925,1.2,0,Urdu,iter
Radia_18,Radia,18,0.33861787316003417,0.8,0,Urdu,iter
Radia_19,Radia,19,0.12686367436492674,0.2,0,Urdu,iter
Radia_2,Radia,2,0.3588442416950559,0.3,0,Urdu,iter
Radia_20,Radia,20,0.2727484867449146,0.2,0,Urdu,iter
Radia_21,Radia,21,0.3088959846335874,0.2,0,Urdu,iter
Radia_24,Radia,24,0.23291551514786787,0.9,0,Urdu,iter
Radia_25,Radia,25,0.39356060114323577,1.1,0,Urdu,iter
Radia_26,Radia,26,0.20456136505868594,0.3,0,Urdu,iter
Radia_27,Radia,27,0.3129130622665357,0.5,0,Urdu,iter
Radia_28,Radia,28,0.17416366612602463,0.1,NA,Urdu,iter
Radia_29,Radia,29,0.3293739475678728,0.2,0,Urdu,iter
Radia_3,Radia,3,0.2942300319573658,0.3,0,Urdu,iter
Radia_30,Radia,30,0.34149275099658916,0.7,0,Urdu,iter
Radia_31,Radia,31,0.3094255933620538,1,0,Urdu,iter
Radia_33,Radia,33,0.3523353234479929,0.8,0,Urdu,iter
Radia_34,Radia,34,0.1339774289290235,0.2,0,Urdu,iter
Radia_36,Radia,36,0.1339774289290235,0.2,0,Urdu,iter
Radia_37,Radia,37,0.3665508706245069,0.7,0,Urdu,iter
Radia_38,Radia,38,0.3046262829582661,1,0,Urdu,iter
Radia_39,Radia,39,0.34002854354396506,0.4,0,Urdu,iter
Radia_4,Radia,4,0.2582037411568632,0.8,0,Urdu,iter
Radia_40,Radia,40,0.22894490702580783,0.1,NA,Urdu,iter
Radia_41,Radia,41,0.16572009068196772,0.2,0,Urdu,iter
Radia_42,Radia,42,0.22894490702580783,0.1,NA,Urdu,iter
Radia_43,Radia,43,0.3914817469856082,0.8,0,Urdu,iter
Radia_44,Radia,44,0.1339774289290235,0.2,0,Urdu,iter
Radia_45,Radia,45,0.3269616672916701,0.5,0,Urdu,iter
Radia_48,Radia,48,0.2644964891518747,0.9,0,Urdu,iter
Radia_49,Radia,49,0.20096614339353525,0.1,NA,Urdu,iter
Radia_50,Radia,50,0.1902955115473901,0.1,NA,Urdu,iter
Radia_51,Radia,51,0.3588442416950559,0.3,0,Urdu,iter
Radia_52,Radia,52,0.20096614339353525,0.1,NA,Urdu,iter
Radia_54,Radia,54,0.1339774289290235,0.2,0,Urdu,iter
Radia_55,Radia,55,0.3483607446243145,1,0,Urdu,iter
Radia_56,Radia,56,0.24459792340851072,1,0,Urdu,iter
Radia_57,Radia,57,0.3427310417019735,0.9,0,Urdu,iter
Radia_58,Radia,58,0.35436459619877464,1.1,0,Urdu,iter
Radia_59,Radia,59,0.26031030765839247,0.7,0,Urdu,iter
Radia_6,Radia,6,0.29552898499450164,0.5,0,Urdu,iter
Radia_60,Radia,60,0,0.1,NA,Urdu,iter
Radia_61,Radia,61,0.3673837357085006,0.7,0,Urdu,iter
Radia_62,Radia,62,0.20096614339353525,0.1,NA,Urdu,iter
Radia_63,Radia,63,0.33565847469613264,0.6,0,Urdu,iter
Radia_64,Radia,64,0.33144018136393544,0.2,0,Urdu,iter
Radia_65,Radia,65,0.3988900793957957,1.1,0,Urdu,iter
Radia_66,Radia,66,0.34268168796507886,0.7,0,Urdu,iter
Radia_67,Radia,67,0.34020572743918437,0.4,0,Urdu,iter
Radia_68,Radia,68,0.3853978228366607,1.2,0,Urdu,iter
Radia_7,Radia,7,0.1902955115473901,0.1,NA,Urdu,iter
Radia_70,Radia,70,0.38386073906385254,0.5,0,Urdu,iter
Radia_72,Radia,72,0.3121785106141212,0.4,0,Urdu,iter
Radia_73,Radia,73,0.3137720151428048,0.2,0,Urdu,iter
Radia_74,Radia,74,0.2879419129989205,0.8,0,Urdu,iter
Radia_76,Radia,76,0.1339774289290235,0.2,0,Urdu,iter
Radia_77,Radia,77,0.2980490786810577,0.8,0,Urdu,iter
Radia_78,Radia,78,0.28301639848859567,0.5,0,Urdu,iter
Radia_79,Radia,79,0.3542267239416292,0.7,0,Urdu,iter
Radia_8,Radia,8,0.370968905415203,1,0,Urdu,iter
Radia_81,Radia,81,0.266719115396498,0.3,0,Urdu,iter
Radia_82,Radia,82,0.3287806254172309,0.4,0,Urdu,iter
Radia_83,Radia,83,0.2060621087521583,0.7,0,Urdu,iter
Radia_84,Radia,84,0.3369341968678676,0.7,0,Urdu,iter
Radia_85,Radia,85,0.20096614339353525,0.1,NA,Urdu,iter
Radia_87,Radia,87,0.3590603230060498,0.6,0,Urdu,iter
Radia_9,Radia,9,0.34279695480248235,0.9,0,Urdu,iter
Radia_90,Radia,90,0.12686367436492674,0.2,0,Urdu,iter
Radia_91,Radia,91,0.3328035086004454,0.6,0,Urdu,iter
Radia_92,Radia,92,0.3588442416950559,0.3,0,Urdu,iter
Radia_93,Radia,93,0.2727484867449146,0.2,0,Urdu,iter
Radia_94,Radia,94,0.3571130705630797,1.3,0,Urdu,iter
Radia_95,Radia,95,0.3384248342750652,0.4,0,Urdu,iter
Radia_96,Radia,96,0.12686367436492674,0.2,0,Urdu,iter
Radia_97,Radia,97,0.296497326812472,0.8,0,Urdu,iter
Radia_98,Radia,98,0.3107128681667572,0.8,0,Urdu,iter
Radia_99,Radia,99,0.22894490702580783,0.1,NA,Urdu,iter
Romuald_1,Romuald,1,0.2293458028964329,1.5,0,French,iter
Romuald_10,Romuald,10,0.30804430672369404,1.7,0,French,iter
Romuald_100,Romuald,100,0.25255799530519035,0.2,0,French,iter
Romuald_11,Romuald,11,0.32528285282088576,1.5,0,French,iter
Romuald_12,Romuald,12,0.1710429197830065,0.5,0,French,iter
Romuald_13,Romuald,13,0.34640932546815467,1.2,0,French,iter
Romuald_14,Romuald,14,0.20507461283623019,0.7,0,French,iter
Romuald_15,Romuald,15,0.27886880651315665,1.2,0,French,iter
Romuald_16,Romuald,16,0.23614081194383998,1.2,0,French,iter
Romuald_17,Romuald,17,0.1862048077243057,0.1,NA,French,iter
Romuald_18,Romuald,18,0.25994702502934514,1.4,0,French,iter
Romuald_19,Romuald,19,0.12286787679836042,0.4,0,French,iter
Romuald_2,Romuald,2,0.16968973532923337,1.2,0,French,iter
Romuald_20,Romuald,20,0.3401031416713978,1.1,0,French,iter
Romuald_21,Romuald,21,0.33325230229346114,1.5,0,French,iter
Romuald_22,Romuald,22,0.3053541902582259,1.3,0,French,iter
Romuald_23,Romuald,23,0.26043727471763406,1.3,0,French,iter
Romuald_24,Romuald,24,0.4291449763603954,1.2,0,French,iter
Romuald_25,Romuald,25,0.1671924014301298,0.4,0,French,iter
Romuald_26,Romuald,26,0.35181782320953364,1.3,0,French,iter
Romuald_27,Romuald,27,0.204082138066805,0.6,0,French,iter
Romuald_28,Romuald,28,0.20333136635227955,0.4,0,French,iter
Romuald_29,Romuald,29,0.21241764978952068,1.2,0,French,iter
Romuald_3,Romuald,3,0.3134629620254808,1.1,0,French,iter
Romuald_30,Romuald,30,0.3131955605922723,1.4,0,French,iter
Romuald_31,Romuald,31,0.3480275934853073,1.5,0,French,iter
Romuald_32,Romuald,32,0.23472442507601762,1.4,0,French,iter
Romuald_33,Romuald,33,0.34791472682515884,1.7,0,French,iter
Romuald_34,Romuald,34,0.2642142412241163,1.3,0,French,iter
Romuald_35,Romuald,35,0.33519222396502457,1.1,0,French,iter
Romuald_36,Romuald,36,0.1710429197830065,0.5,0,French,iter
Romuald_37,Romuald,37,0.30362135056455436,1.4,0,French,iter
Romuald_38,Romuald,38,0.311750427553646,1.4,0,French,iter
Romuald_39,Romuald,39,0.2595287168079513,1.3,0,French,iter
Romuald_4,Romuald,4,0.3216133317947078,1.3,0,French,iter
Romuald_40,Romuald,40,0.2512213839262455,1.3,0,French,iter
Romuald_41,Romuald,41,0.27491754490167464,1.2,0,French,iter
Romuald_42,Romuald,42,0.30551739684543094,1.5,0,French,iter
Romuald_43,Romuald,43,0.2990320647065127,1.3,0,French,iter
Romuald_44,Romuald,44,0.30372285024822954,1.3,0,French,iter
Romuald_45,Romuald,45,0.23518015248823587,1.1,0,French,iter
Romuald_46,Romuald,46,0.3769487487752822,1.4,0,French,iter
Romuald_47,Romuald,47,0.16284711649516667,0.4,0,French,iter
Romuald_48,Romuald,48,0.1862048077243057,0.1,NA,French,iter
Romuald_49,Romuald,49,0.3222389514334812,1.5,0,French,iter
Romuald_5,Romuald,5,0.1862048077243057,0.1,NA,French,iter
Romuald_50,Romuald,50,0.2956755769281231,1.3,0,French,iter
Romuald_51,Romuald,51,0.29277181926618573,1.3,0,French,iter
Romuald_52,Romuald,52,0.1710429197830065,0.5,0,French,iter
Romuald_53,Romuald,53,0.3564739705674116,1.3,0,French,iter
Romuald_54,Romuald,54,0.36913524162714306,1.3,0,French,iter
Romuald_55,Romuald,55,0.3550283616654493,1.2,0,French,iter
Romuald_56,Romuald,56,0.35616259330853933,1,0,French,iter
Romuald_57,Romuald,57,0.17466399056214243,0.5,0,French,iter
Romuald_58,Romuald,58,0.3284155772193351,1,0,French,iter
Romuald_59,Romuald,59,0.2234907441270424,0.1,NA,French,iter
Romuald_6,Romuald,6,0.24963317685357903,1.5,0,French,iter
Romuald_60,Romuald,60,0.30448172486094816,1,0,French,iter
Romuald_61,Romuald,61,0.16284711649516664,0.4,0,French,iter
Romuald_62,Romuald,62,0.3669272340887199,0.8,0,French,iter
Romuald_63,Romuald,63,0.34676926469441177,1.4,0,French,iter
Romuald_64,Romuald,64,0.26256960477756563,0.5,0,French,iter
Romuald_65,Romuald,65,0.25255799530519035,0.2,0,French,iter
Romuald_66,Romuald,66,0.3819023758567175,1.2,0,French,iter
Romuald_67,Romuald,67,0.1862048077243057,0.1,NA,French,iter
Romuald_68,Romuald,68,0.2583605338721036,1.3,0,French,iter
Romuald_69,Romuald,69,0.28427398558636824,0.3,0,French,iter
Romuald_7,Romuald,7,0.2234907441270424,0.1,NA,French,iter
Romuald_70,Romuald,70,0.3286411453678013,1.4,0,French,iter
Romuald_71,Romuald,71,0.2721290926166659,1.4,0,French,iter
Romuald_72,Romuald,72,0.19282113765278064,0.1,NA,French,iter
Romuald_73,Romuald,73,0.2766402292915809,1.3,0,French,iter
Romuald_74,Romuald,74,0.384403164985915,1,0,French,iter
Romuald_75,Romuald,75,0.32028112654321295,1.2,0,French,iter
Romuald_76,Romuald,76,0.1862048077243057,0.1,NA,French,iter
Romuald_77,Romuald,77,0.31804207456913386,1.2,0,French,iter
Romuald_78,Romuald,78,0.2234907441270424,0.1,NA,French,iter
Romuald_8,Romuald,8,0.2837527078858489,1.1,0,French,iter
Romuald_81,Romuald,81,0.2367725700524711,1.4,0,French,iter
Romuald_82,Romuald,82,0.17625215315486012,1.4,0,French,iter
Romuald_83,Romuald,83,0.30767017607089187,1.4,0,French,iter
Romuald_84,Romuald,84,0.27052987492649044,1.5,0,French,iter
Romuald_85,Romuald,85,0.16944280529356628,0.5,0,French,iter
Romuald_86,Romuald,86,0.29986914736000353,1.4,0,French,iter
Romuald_87,Romuald,87,0.2190078639799079,1.5,0,French,iter
Romuald_88,Romuald,88,0.20011272895024634,1,0,French,iter
Romuald_89,Romuald,89,0.21218348038672327,1.4,0,French,iter
Romuald_9,Romuald,9,0.19650306145448032,0.6,0,French,iter
Romuald_90,Romuald,90,0.24561913869096583,1.3,0,French,iter
Romuald_91,Romuald,91,0.35146349353688094,1.3,0,French,iter
Romuald_92,Romuald,92,0.30799875904075125,1.1,0,French,iter
Romuald_94,Romuald,94,0.25709485020370754,0.2,0,French,iter
Romuald_95,Romuald,95,0.27756683713954683,1.3,0,French,iter
Romuald_96,Romuald,96,0.18061608138301893,1.4,0,French,iter
Romuald_97,Romuald,97,0.29067352619902187,1.6,0,French,iter
Romuald_98,Romuald,98,0.23165624591292264,1.3,0,French,iter
Romuald_99,Romuald,99,0.3452472163952588,1.1,0,French,iter
Shazim_1,Shazim,1,0.30734196713553075,1.4,0,Urdu,iter
Shazim_10,Shazim,10,0.30327105401285614,1,0,Urdu,iter
Shazim_100,Shazim,100,0.31906261602929425,1,0,Urdu,iter
Shazim_11,Shazim,11,0.27685058368761273,0.8,0,Urdu,iter
Shazim_12,Shazim,12,0.20503103218709917,0.2,0,Urdu,iter
Shazim_13,Shazim,13,0.31762595285953077,0.6,0,Urdu,iter
Shazim_15,Shazim,15,0.20689312783721614,0.1,NA,Urdu,iter
Shazim_17,Shazim,17,0.33214807629204457,0.9,0,Urdu,iter
Shazim_2,Shazim,2,0.2779645882959231,0.7,0,Urdu,iter
Shazim_20,Shazim,20,0.3057347565937941,1.3,0,Urdu,iter
Shazim_21,Shazim,21,0.3588495707993955,0.5,0,Urdu,iter
Shazim_22,Shazim,22,0.2901228102883862,0.2,0,Urdu,iter
Shazim_23,Shazim,23,0.3661860479532513,0.8,0,Urdu,iter
Shazim_24,Shazim,24,0.23264201152393035,0.6,0,Urdu,iter
Shazim_25,Shazim,25,0.34703359944938095,0.6,0,Urdu,iter
Shazim_26,Shazim,26,0.30521430262302535,0.5,0,Urdu,iter
Shazim_27,Shazim,27,0.33454159053385785,1.3,0,Urdu,iter
Shazim_28,Shazim,28,0.30020012648457006,1.3,0,Urdu,iter
Shazim_29,Shazim,29,0.34005578027231287,0.9,0,Urdu,iter
Shazim_3,Shazim,3,0.2808249989957964,0.5,0,Urdu,iter
Shazim_30,Shazim,30,0.3080068639622954,0.7,0,Urdu,iter
Shazim_32,Shazim,32,0.3175679153184092,1,0,Urdu,iter
Shazim_33,Shazim,33,0.33460312173638473,1.4,0,Urdu,iter
Shazim_35,Shazim,35,0.32042892849702975,0.7,0,Urdu,iter
Shazim_36,Shazim,36,0.32862679945819867,1.2,0,Urdu,iter
Shazim_38,Shazim,38,0.2234907441270424,0.1,NA,Urdu,iter
Shazim_39,Shazim,39,0.3412426897507584,0.9,0,Urdu,iter
Shazim_4,Shazim,4,0.2680513953882091,0.7,0,Urdu,iter
Shazim_40,Shazim,40,0.3013435263815805,1.1,0,Urdu,iter
Shazim_41,Shazim,41,0.36577210686772055,0.4,0,Urdu,iter
Shazim_42,Shazim,42,0.2938707356035676,1.4,0,Urdu,iter
Shazim_43,Shazim,43,0.32583864519905853,1.3,0,Urdu,iter
Shazim_44,Shazim,44,0.20503103218709917,0.2,0,Urdu,iter
Shazim_46,Shazim,46,0.3084821370417942,1.2,0,Urdu,iter
Shazim_47,Shazim,47,0.12465718127430107,0.2,0,Urdu,iter
Shazim_48,Shazim,48,0.2685784545994882,0.8,0,Urdu,iter
Shazim_49,Shazim,49,0.2983818293769159,0.7,0,Urdu,iter
Shazim_5,Shazim,5,0.2843950236779524,0.8,0,Urdu,iter
Shazim_51,Shazim,51,0.29515881335038335,1.1,0,Urdu,iter
Shazim_52,Shazim,52,0.3111619413010181,0.6,0,Urdu,iter
Shazim_53,Shazim,53,0.20689312783721614,0.1,NA,Urdu,iter
Shazim_54,Shazim,54,0.30006308497250733,1.2,0,Urdu,iter
Shazim_55,Shazim,55,0.2776742771847888,0.7,0,Urdu,iter
Shazim_56,Shazim,56,0,0.1,NA,Urdu,iter
Shazim_57,Shazim,57,0.33234501339775613,1.3,0,Urdu,iter
Shazim_58,Shazim,58,0.2979052362913593,0.4,0,Urdu,iter
Shazim_59,Shazim,59,0.3545207960887283,1.2,0,Urdu,iter
Shazim_6,Shazim,6,0.3366385136191748,0.7,0,Urdu,iter
Shazim_60,Shazim,60,0.26257828141470235,1.2,0,Urdu,iter
Shazim_61,Shazim,61,0.22278196609216183,0.3,0,Urdu,iter
Shazim_62,Shazim,62,0.3075593968544607,0.8,0,Urdu,iter
Shazim_63,Shazim,63,0.31471040940268147,1,0,Urdu,iter
Shazim_64,Shazim,64,0.3729206929548645,0.5,0,Urdu,iter
Shazim_65,Shazim,65,0.2005197171181873,0.3,0,Urdu,iter
Shazim_66,Shazim,66,0.30481158470188646,1.1,0,Urdu,iter
Shazim_67,Shazim,67,0.3117981433896379,0.8,0,Urdu,iter
Shazim_68,Shazim,68,0.25344888204998145,0.8,0,Urdu,iter
Shazim_69,Shazim,69,0.3642076469375061,1.5,0,Urdu,iter
Shazim_7,Shazim,7,0.34581479473601273,0.7,0,Urdu,iter
Shazim_70,Shazim,70,0.25595552131015736,0.9,0,Urdu,iter
Shazim_71,Shazim,71,0.39978518208540303,1,0,Urdu,iter
Shazim_72,Shazim,72,0.38388416693417726,1,0,Urdu,iter
Shazim_73,Shazim,73,0.2617269336174308,0.9,0,Urdu,iter
Shazim_74,Shazim,74,0.06232859063715054,0.2,0,Urdu,iter
Shazim_75,Shazim,75,0.38933595359081347,0.8,0,Urdu,iter
Shazim_76,Shazim,76,0.33049580272075085,1.1,0,Urdu,iter
Shazim_77,Shazim,77,0.395264041624744,0.8,0,Urdu,iter
Shazim_78,Shazim,78,0.33344055183494836,1.1,0,Urdu,iter
Shazim_79,Shazim,79,0.29123405460328056,0.8,0,Urdu,iter
Shazim_8,Shazim,8,0.3312584362065144,1.2,0,Urdu,iter
Shazim_80,Shazim,80,0.2634416653550606,0.8,0,Urdu,iter
Shazim_81,Shazim,81,0.3729206929548646,0.5,0,Urdu,iter
Shazim_82,Shazim,82,0.37420397827217167,0.8,0,Urdu,iter
Shazim_83,Shazim,83,0.3158882189698713,1.1,0,Urdu,iter
Shazim_84,Shazim,84,0.33228511726681714,0.3,0,Urdu,iter
Shazim_85,Shazim,85,0.33728404136517925,1.4,0,Urdu,iter
Shazim_86,Shazim,86,0.3886486555020998,0.8,0,Urdu,iter
Shazim_87,Shazim,87,0.38864720768049305,0.8,0,Urdu,iter
Shazim_88,Shazim,88,0.25693114102607717,0.7,0,Urdu,iter
Shazim_89,Shazim,89,0.3395958105216742,0.9,0,Urdu,iter
Shazim_9,Shazim,9,0.3498471986572259,1.3,0,Urdu,iter
Shazim_91,Shazim,91,0.3103801519630536,0.4,0,Urdu,iter
Shazim_92,Shazim,92,0.20689312783721614,0.1,NA,Urdu,iter
Shazim_93,Shazim,93,0.3101777737241726,1.1,0,Urdu,iter
Shazim_94,Shazim,94,0.2929696909139081,0.8,0,Urdu,iter
Shazim_95,Shazim,95,0.3516074292411236,0.5,0,Urdu,iter
Shazim_96,Shazim,96,0.2990539880609642,0.8,0,Urdu,iter
Shazim_97,Shazim,97,0.24075989983910975,0.4,0,Urdu,iter
Shazim_98,Shazim,98,0.34595655725754715,1.6,0,Urdu,iter
Shazim_99,Shazim,99,0.28332765313692043,0.2,0,Urdu,iter
Sini_1,Sini,1,0.11610911075068309,0.2,0,Finnish,iter
Sini_10,Sini,10,0,0.1,NA,Finnish,iter
Sini_100,Sini,100,0.24571807042985258,0.3,0,Finnish,iter
Sini_11,Sini,11,0.17954094793314646,0.2,0,Finnish,iter
Sini_12,Sini,12,0.18437108838644542,0.7,0,Finnish,iter
Sini_13,Sini,13,0.32777082379812494,0.2,0,Finnish,iter
Sini_14,Sini,14,0.15670749013845153,0.1,NA,Finnish,iter
Sini_15,Sini,15,0.30158083921134793,0.5,0,Finnish,iter
Sini_16,Sini,16,0.3096445912491151,0.6,0,Finnish,iter
Sini_17,Sini,17,0.11719566021319432,0.4,0,Finnish,iter
Sini_18,Sini,18,0.3030674993172,0.3,0,Finnish,iter
Sini_19,Sini,19,0.27364595103261685,0.2,0,Finnish,iter
Sini_20,Sini,20,0.07835374506922577,0.3,0,Finnish,iter
Sini_21,Sini,21,0.16271010820445136,0.6,0,Finnish,iter
Sini_23,Sini,23,0.23553425019093543,0.2,0,Finnish,iter
Sini_25,Sini,25,0.0795082260833273,0.3,0,Finnish,iter
Sini_26,Sini,26,0.28334071301662506,0.5,0,Finnish,iter
Sini_27,Sini,27,0.2246727924000962,0.1,NA,Finnish,iter
Sini_28,Sini,28,0.31558937621736155,0.3,0,Finnish,iter
Sini_29,Sini,29,0.28489462950268934,0.5,0,Finnish,iter
Sini_3,Sini,3,0.12862858288630719,0.1,NA,Finnish,iter
Sini_30,Sini,30,0.3079685568231492,0.5,0,Finnish,iter
Sini_31,Sini,31,0.20650085121594425,0.7,0,Finnish,iter
Sini_32,Sini,32,0.29541435691558865,0.5,0,Finnish,iter
Sini_33,Sini,33,0.20280242401413195,0.1,NA,Finnish,iter
Sini_34,Sini,34,0.12291405892429685,0.3,0,Finnish,iter
Sini_35,Sini,35,0.0934928859557258,0.1,NA,Finnish,iter
Sini_36,Sini,36,0.2295359311623347,0.3,0,Finnish,iter
Sini_37,Sini,37,0,0.1,NA,Finnish,iter
Sini_38,Sini,38,0.16475254981983087,0.5,0,Finnish,iter
Sini_39,Sini,39,0.29019880569978523,0.5,0,Finnish,iter
Sini_4,Sini,4,0.2259230572920063,0.5,0,Finnish,iter
Sini_40,Sini,40,0.23439906992457327,0.1,NA,Finnish,iter
Sini_41,Sini,41,0.269436182041949,0.2,0,Finnish,iter
Sini_42,Sini,42,0.34320106856739524,0.3,0,Finnish,iter
Sini_44,Sini,44,0.15642636733160678,0.2,0,Finnish,iter
Sini_45,Sini,45,0.3425608326732377,0.7,0,Finnish,iter
Sini_46,Sini,46,0.2937500103590212,0.2,0,Finnish,iter
Sini_47,Sini,47,0.2345561733508886,0.3,0,Finnish,iter
Sini_48,Sini,48,0.12100921760362683,0.5,0,Finnish,iter
Sini_49,Sini,49,0.3029989702103697,0.3,0,Finnish,iter
Sini_5,Sini,5,0.2073291963276794,0.5,0,Finnish,iter
Sini_50,Sini,50,0.1647508561190727,0.3,0,Finnish,iter
Sini_51,Sini,51,0.14589216928416954,0.4,0,Finnish,iter
Sini_53,Sini,53,0.3458481263134363,0.5,0,Finnish,iter
Sini_54,Sini,54,0.24963780048993392,0.2,0,Finnish,iter
Sini_55,Sini,55,0.3080020196816683,0.6,0,Finnish,iter
Sini_57,Sini,57,0.23998366647743427,0.3,0,Finnish,iter
Sini_58,Sini,58,0.3103407983649964,0.5,0,Finnish,iter
Sini_59,Sini,59,0.2422033283247813,0.1,NA,Finnish,iter
Sini_6,Sini,6,0.3658273669565788,0.6,0,Finnish,iter
Sini_60,Sini,60,0.2727606204891572,0.5,0,Finnish,iter
Sini_61,Sini,61,0.28480356341273694,0.4,0,Finnish,iter
Sini_62,Sini,62,0.19666249427887506,0.4,0,Finnish,iter
Sini_63,Sini,63,0.31079671481733345,0.6,0,Finnish,iter
Sini_64,Sini,64,0.2307225873637586,0.4,0,Finnish,iter
Sini_66,Sini,66,0.2246727924000962,0.1,NA,Finnish,iter
Sini_67,Sini,67,0,0.1,NA,Finnish,iter
Sini_68,Sini,68,0.3044770088002637,0.2,0,Finnish,iter
Sini_69,Sini,69,0.3141597821920786,0.4,0,Finnish,iter
Sini_7,Sini,7,0.10447166009230102,0.2,0,Finnish,iter
Sini_70,Sini,70,0.0809672143107798,0.3,0,Finnish,iter
Sini_71,Sini,71,0.2458281178485937,0.1,NA,Finnish,iter
Sini_72,Sini,72,0.32947929809422866,0.4,0,Finnish,iter
Sini_73,Sini,73,0.0539781428738532,0.2,0,Finnish,iter
Sini_74,Sini,74,0.0539781428738532,0.2,0,Finnish,iter
Sini_75,Sini,75,0.35159860488685996,0.3,0,Finnish,iter
Sini_76,Sini,76,0.2966226627656873,0.4,0,Finnish,iter
Sini_77,Sini,77,0.21775634017462409,0.1,NA,Finnish,iter
Sini_79,Sini,79,0.2245342664756116,0.2,0,Finnish,iter
Sini_8,Sini,8,0.2972899534972993,0.7,0,Finnish,iter
Sini_80,Sini,80,0.1765940133842042,0.7,0,Finnish,iter
Sini_81,Sini,81,0.2808875632026225,0.4,0,Finnish,iter
Sini_82,Sini,82,0.3421205249840764,0.3,0,Finnish,iter
Sini_83,Sini,83,0.22791488490825526,0.5,0,Finnish,iter
Sini_84,Sini,84,0.3303918340114963,0.5,0,Finnish,iter
Sini_85,Sini,85,0.23342029520648966,0.1,NA,Finnish,iter
Sini_87,Sini,87,0.30831573640876875,0.3,0,Finnish,iter
Sini_88,Sini,88,0.1554641290197941,0.5,0,Finnish,iter
Sini_89,Sini,89,0.28712869652969175,0.7,0,Finnish,iter
Sini_9,Sini,9,0.2825398410779571,0.4,0,Finnish,iter
Sini_90,Sini,90,0.12847505758286737,0.5,0,Finnish,iter
Sini_91,Sini,91,0.23342029520648966,0.1,NA,Finnish,iter
Sini_92,Sini,92,0.09235574526952135,0.4,0,Finnish,iter
Sini_93,Sini,93,0.3687421767728905,0.3,0,Finnish,iter
Sini_94,Sini,94,0.20750874270016584,0.1,NA,Finnish,iter
Sini_95,Sini,95,0.10447166009230102,0.2,0,Finnish,iter
Sini_96,Sini,96,0,0.1,NA,Finnish,iter
Sini_98,Sini,98,0.21381088594741265,0.4,0,Finnish,iter
Sini_99,Sini,99,0.22949645898573112,0.1,NA,Finnish,iter
Takeru_1,Takeru,1,0.1888872840260026,0.8,0,Japanese,iter
Takeru_10,Takeru,10,0.31003210748014143,1.3,0,Japanese,iter
Takeru_100,Takeru,100,0,0.1,NA,Japanese,iter
Takeru_11,Takeru,11,0.2946994471628016,0.6,0,Japanese,iter
Takeru_12,Takeru,12,0.31630729204436214,0.8,0,Japanese,iter
Takeru_13,Takeru,13,0.34173939507101975,1.3,0,Japanese,iter
Takeru_14,Takeru,14,0.31266611383809556,0.9,0,Japanese,iter
Takeru_15,Takeru,15,0.2251553200378873,1.1,0,Japanese,iter
Takeru_16,Takeru,16,0.23299710624302084,0.5,0,Japanese,iter
Takeru_17,Takeru,17,0.19048275546277055,1.2,0,Japanese,iter
Takeru_18,Takeru,18,0.2749381397388712,0.9,0,Japanese,iter
Takeru_19,Takeru,19,0,0.1,NA,Japanese,iter
Takeru_2,Takeru,2,0.31032608926595995,0.7,0,Japanese,iter
Takeru_20,Takeru,20,0.33552383467166436,1.3,0,Japanese,iter
Takeru_21,Takeru,21,0.1446729316430369,0.4,0,Japanese,iter
Takeru_22,Takeru,22,0.31901202106676446,0.5,0,Japanese,iter
Takeru_23,Takeru,23,0.2853261925948846,0.7,0,Japanese,iter
Takeru_24,Takeru,24,0.2933784662160882,0.8,0,Japanese,iter
Takeru_25,Takeru,25,0.2940811405906204,1,0,Japanese,iter
Takeru_26,Takeru,26,0.3815087795714352,1.2,0,Japanese,iter
Takeru_27,Takeru,27,0,0.1,NA,Japanese,iter
Takeru_28,Takeru,28,0.22051876251391989,0.8,0,Japanese,iter
Takeru_29,Takeru,29,0,0.1,NA,Japanese,iter
Takeru_3,Takeru,3,0.3531632310970289,1.3,0,Japanese,iter
Takeru_30,Takeru,30,0.3960542427268729,1.2,0,Japanese,iter
Takeru_31,Takeru,31,0.14134795748147067,0.1,NA,Japanese,iter
Takeru_33,Takeru,33,0.17020501901783824,0.3,0,Japanese,iter
Takeru_34,Takeru,34,0.24084512002646177,0.7,0,Japanese,iter
Takeru_35,Takeru,35,0.3688436955482965,0.5,0,Japanese,iter
Takeru_36,Takeru,36,0,0.1,NA,Japanese,iter
Takeru_37,Takeru,37,0.2822315480640572,0.7,0,Japanese,iter
Takeru_38,Takeru,38,0.22487666355641722,0.6,0,Japanese,iter
Takeru_39,Takeru,39,0.3216832741802316,1.2,0,Japanese,iter
Takeru_4,Takeru,4,0,0.2,0,Japanese,iter
Takeru_40,Takeru,40,0.2700973758300672,0.7,0,Japanese,iter
Takeru_41,Takeru,41,0.20679616289810696,1,0,Japanese,iter
Takeru_43,Takeru,43,0.36820941633042403,1.2,0,Japanese,iter
Takeru_44,Takeru,44,0.29040619094373465,1,0,Japanese,iter
Takeru_45,Takeru,45,0,0.3,0,Japanese,iter
Takeru_46,Takeru,46,0.32418544915854136,0.9,0,Japanese,iter
Takeru_48,Takeru,48,0.3792180436652394,1.1,0,Japanese,iter
Takeru_49,Takeru,49,0.22277569030693062,0.8,0,Japanese,iter
Takeru_5,Takeru,5,0.33827874258459556,1,0,Japanese,iter
Takeru_50,Takeru,50,0.1371938970067171,0.6,0,Japanese,iter
Takeru_51,Takeru,51,0.3534261367230024,1.3,0,Japanese,iter
Takeru_52,Takeru,52,0.3463916930670306,1.3,0,Japanese,iter
Takeru_53,Takeru,53,0.19880737559312509,0.9,0,Japanese,iter
Takeru_55,Takeru,55,0.3364188798162418,0.5,0,Japanese,iter
Takeru_56,Takeru,56,0.31403412511174433,0.5,0,Japanese,iter
Takeru_57,Takeru,57,0.2841239763103961,0.9,0,Japanese,iter
Takeru_58,Takeru,58,0.3178477549654451,0.9,0,Japanese,iter
Takeru_59,Takeru,59,0.35657621395265404,1,0,Japanese,iter
Takeru_6,Takeru,6,0.24850958921120297,0.7,0,Japanese,iter
Takeru_60,Takeru,60,0.3637827238254892,0.9,0,Japanese,iter
Takeru_61,Takeru,61,0.17287872439005797,0.9,0,Japanese,iter
Takeru_63,Takeru,63,0.29068007832350773,1.4,0,Japanese,iter
Takeru_64,Takeru,64,0,0.2,0,Japanese,iter
Takeru_65,Takeru,65,0.24365064323317576,0.4,0,Japanese,iter
Takeru_66,Takeru,66,0.18447265453042508,1,0,Japanese,iter
Takeru_67,Takeru,67,0.16058599850571564,0.2,0,Japanese,iter
Takeru_68,Takeru,68,0.23603883452084462,0.1,NA,Japanese,iter
Takeru_69,Takeru,69,0.22258948325472278,0.4,0,Japanese,iter
Takeru_7,Takeru,7,0.23763903384157337,0.3,0,Japanese,iter
Takeru_70,Takeru,70,0.2624753283717697,0.8,0,Japanese,iter
Takeru_71,Takeru,71,0.3306997688798434,1.2,0,Japanese,iter
Takeru_72,Takeru,72,0.2605936180366033,0.4,0,Japanese,iter
Takeru_73,Takeru,73,0.2647080455786605,1,0,Japanese,iter
Takeru_74,Takeru,74,0.14607719719651152,0.6,0,Japanese,iter
Takeru_75,Takeru,75,0.30475828584268316,1.1,0,Japanese,iter
Takeru_76,Takeru,76,0,0.2,0,Japanese,iter
Takeru_77,Takeru,77,0.18623134759412335,0.4,0,Japanese,iter
Takeru_78,Takeru,78,0.1854912360456023,0.5,0,Japanese,iter
Takeru_79,Takeru,79,0,0.3,0,Japanese,iter
Takeru_8,Takeru,8,0.3071989627642258,0.8,0,Japanese,iter
Takeru_80,Takeru,80,0.26608834506345874,0.7,0,Japanese,iter
Takeru_81,Takeru,81,0.23043780861585306,0.8,0,Japanese,iter
Takeru_82,Takeru,82,0.2912770793001436,0.4,0,Japanese,iter
Takeru_83,Takeru,83,0.15995284272677643,0.6,0,Japanese,iter
Takeru_84,Takeru,84,0.39976176451791234,0.8,0,Japanese,iter
Takeru_86,Takeru,86,0,0.1,NA,Japanese,iter
Takeru_87,Takeru,87,0.2446865729411006,0.3,0,Japanese,iter
Takeru_88,Takeru,88,0.2331793913106743,1,0,Japanese,iter
Takeru_89,Takeru,89,0.35121138212358916,0.9,0,Japanese,iter
Takeru_9,Takeru,9,0.24225960622654077,0.5,0,Japanese,iter
Takeru_90,Takeru,90,0.41481511646775593,1,0,Japanese,iter
Takeru_91,Takeru,91,0.3361261024789736,1.5,0,Japanese,iter
Takeru_92,Takeru,92,0.3327875171518623,0.6,0,Japanese,iter
Takeru_93,Takeru,93,0.3562830442763393,1.3,0,Japanese,iter
Takeru_94,Takeru,94,0.2428216869401993,0.9,0,Japanese,iter
Takeru_95,Takeru,95,0.30890026546172056,1.1,0,Japanese,iter
Takeru_96,Takeru,96,0.3173324801494207,1,0,Japanese,iter
Takeru_97,Takeru,97,0.3212516344926046,0.9,0,Japanese,iter
Takeru_98,Takeru,98,0.3529119326071001,1.5,0,Japanese,iter
Takeru_99,Takeru,99,0.13879809468582435,1.1,0,Japanese,iter
Taro_1,Taro,1,0.08710253606984963,0.4,0,Japanese,iter
Taro_10,Taro,10,0.1339774289290235,0.2,0,Japanese,iter
Taro_100,Taro,100,0.11874950071539055,0.5,0,Japanese,iter
Taro_11,Taro,11,0.21583280388616566,0.7,0,Japanese,iter
Taro_12,Taro,12,0.07407661991462322,0.3,0,Japanese,iter
Taro_13,Taro,13,0.12863660331767618,0.6,0,Japanese,iter
Taro_14,Taro,14,0,0.1,NA,Japanese,iter
Taro_15,Taro,15,0.07067397874073533,0.2,0,Japanese,iter
Taro_16,Taro,16,0.14512664425662103,0.6,0,Japanese,iter
Taro_17,Taro,17,0.10048307169676762,0.3,0,Japanese,iter
Taro_18,Taro,18,0.25563480550608997,0.6,0,Japanese,iter
Taro_19,Taro,19,0.04358975775885231,0.6,0,Japanese,iter
Taro_2,Taro,2,0.08296854267193003,0.4,0,Japanese,iter
Taro_20,Taro,20,0.20093075458928317,0.5,0,Japanese,iter
Taro_21,Taro,21,0.1111228303279111,0.2,0,Japanese,iter
Taro_22,Taro,22,0.3510426587130605,1,0,Japanese,iter
Taro_23,Taro,23,0.34917317141175214,0.6,0,Japanese,iter
Taro_24,Taro,24,0.33897618710329236,0.8,0,Japanese,iter
Taro_25,Taro,25,0.3073214274979773,0.8,0,Japanese,iter
Taro_26,Taro,26,0.10887817008731204,0.3,0,Japanese,iter
Taro_27,Taro,27,0.3836642398679445,0.6,0,Japanese,iter
Taro_28,Taro,28,0.09876882655283097,0.2,0,Japanese,iter
Taro_29,Taro,29,0.23439906992457327,0.1,NA,Japanese,iter
Taro_3,Taro,3,0.25110663994895227,0.7,0,Japanese,iter
Taro_30,Taro,30,0.0725854467248747,0.5,0,Japanese,iter
Taro_31,Taro,31,0.1085738171021512,0.3,0,Japanese,iter
Taro_33,Taro,33,0.10184217499509433,0.7,0,Japanese,iter
Taro_34,Taro,34,0.27157913332025163,0.5,0,Japanese,iter
Taro_35,Taro,35,0.09876882655283097,0.2,0,Japanese,iter
Taro_36,Taro,36,0.34187232736238277,0.3,0,Japanese,iter
Taro_37,Taro,37,0.30552652498528293,0.3,0,Japanese,iter
Taro_38,Taro,38,0.24195148908291586,0.8,0,Japanese,iter
Taro_39,Taro,39,0.20096614339353525,0.3,0,Japanese,iter
Taro_4,Taro,4,0.1525365243326543,0.3,0,Japanese,iter
Taro_40,Taro,40,0.2715791333202515,0.8,0,Japanese,iter
Taro_41,Taro,41,0.17420507213969927,0.4,0,Japanese,iter
Taro_42,Taro,42,0,0.2,0,Japanese,iter
Taro_43,Taro,43,0.24281594784646343,0.8,0,Japanese,iter
Taro_44,Taro,44,0.10178528632747759,0.6,0,Japanese,iter
Taro_45,Taro,45,0.08710253606984963,0.4,0,Japanese,iter
Taro_46,Taro,46,0.10048307169676762,0.3,0,Japanese,iter
Taro_47,Taro,47,0.2246727924000962,0.1,NA,Japanese,iter
Taro_48,Taro,48,0.40635278909587996,1.2,0,Japanese,iter
Taro_49,Taro,49,0.10048307169676762,0.3,0,Japanese,iter
Taro_5,Taro,5,0,0.2,0,Japanese,iter
Taro_50,Taro,50,0,0.3,0,Japanese,iter
Taro_51,Taro,51,0.28688014827196107,0.4,0,Japanese,iter
Taro_52,Taro,52,0.14479316243943602,0.4,0,Japanese,iter
Taro_53,Taro,53,0.23439906992457327,0.1,NA,Japanese,iter
Taro_54,Taro,54,0.10887817008731204,0.3,0,Japanese,iter
Taro_55,Taro,55,0.08147373999607543,0.4,0,Japanese,iter
Taro_56,Taro,56,0.2525402409370569,0.7,0,Japanese,iter
Taro_57,Taro,57,0.1339774289290235,0.2,0,Japanese,iter
Taro_58,Taro,58,0.10887817008731204,0.3,0,Japanese,iter
Taro_59,Taro,59,0.23439906992457327,0.1,NA,Japanese,iter
Taro_6,Taro,6,0.2824804190422265,0.7,0,Japanese,iter
Taro_60,Taro,60,0.2886174182137792,0.6,0,Japanese,iter
Taro_61,Taro,61,0,0.2,0,Japanese,iter
Taro_62,Taro,62,0.2615385465531138,0.6,0,Japanese,iter
Taro_63,Taro,63,0.19727716142131366,0.3,0,Japanese,iter
Taro_65,Taro,65,0.07407661991462322,0.3,0,Japanese,iter
Taro_66,Taro,66,0.39424810116177245,0.9,0,Japanese,iter
Taro_67,Taro,67,0.1339774289290235,0.2,0,Japanese,iter
Taro_68,Taro,68,0.08710253606984963,0.4,0,Japanese,iter
Taro_69,Taro,69,0.20096614339353533,0.5,0,Japanese,iter
Taro_7,Taro,7,0,0.1,NA,Japanese,iter
Taro_70,Taro,70,0,0.3,0,Japanese,iter
Taro_71,Taro,71,0.28992969056452106,0.4,0,Japanese,iter
Taro_72,Taro,72,0.08710253606984963,0.4,0,Japanese,iter
Taro_73,Taro,73,0.28630366551911746,0.6,0,Japanese,iter
Taro_74,Taro,74,0,0.1,NA,Japanese,iter
Taro_75,Taro,75,0,0.3,0,Japanese,iter
Taro_76,Taro,76,0,0.1,NA,Japanese,iter
Taro_77,Taro,77,0.32283476461968735,0.6,0,Japanese,iter
Taro_79,Taro,79,0.15356388206247262,0.8,0,Japanese,iter
Taro_8,Taro,8,0.3418764165442584,0.7,0,Japanese,iter
Taro_80,Taro,80,0.3215458294296565,0.4,0,Japanese,iter
Taro_81,Taro,81,0.17420507213969927,0.4,0,Japanese,iter
Taro_82,Taro,82,0.3836681005309978,0.8,0,Japanese,iter
Taro_83,Taro,83,0.38906854784874884,0.9,0,Japanese,iter
Taro_84,Taro,84,0.19753765310566193,0.2,0,Japanese,iter
Taro_85,Taro,85,0.24442121998822638,0.4,0,Japanese,iter
Taro_86,Taro,86,0.3792601192204573,0.8,0,Japanese,iter
Taro_87,Taro,87,0.3650027435939964,1.2,0,Japanese,iter
Taro_88,Taro,88,0.3051644600287669,0.8,0,Japanese,iter
Taro_89,Taro,89,0,0.1,NA,Japanese,iter
Taro_9,Taro,9,0.3394739166503145,0.5,0,Japanese,iter
Taro_90,Taro,90,0.08147373999607543,0.4,0,Japanese,iter
Taro_91,Taro,91,0.3519321879971708,0.5,0,Japanese,iter
Taro_92,Taro,92,0.0725854467248747,0.5,0,Japanese,iter
Taro_93,Taro,93,0.3799064988245782,0.7,0,Japanese,iter
Taro_94,Taro,94,0.0725854467248747,0.5,0,Japanese,iter
Taro_95,Taro,95,0.14403956836658605,0.8,0,Japanese,iter
Taro_96,Taro,96,0.27069535525475724,0.6,0,Japanese,iter
Taro_97,Taro,97,0.10048307169676762,0.3,0,Japanese,iter
Taro_98,Taro,98,0.0725854467248747,0.5,0,Japanese,iter
Taro_99,Taro,99,0.3060479082164463,0.2,0,Japanese,iter
Tobias_1,Tobias,1,0.253242224177409,0.2,0,UK,iter
Tobias_10,Tobias,10,0,0.2,0,UK,iter
Tobias_100,Tobias,100,0.15763397785535974,0.7,0,UK,iter
Tobias_11,Tobias,11,0.3776817183204321,0.4,0,UK,iter
Tobias_12,Tobias,12,0,0.2,0,UK,iter
Tobias_13,Tobias,13,0.33080190433551737,0.4,0,UK,iter
Tobias_14,Tobias,14,0,0.3,0,UK,iter
Tobias_15,Tobias,15,0,0.6,0,UK,iter
Tobias_16,Tobias,16,0.26747773533327124,0.4,0,UK,iter
Tobias_17,Tobias,17,0,0.3,0,UK,iter
Tobias_18,Tobias,18,0,0.2,0,UK,iter
Tobias_2,Tobias,2,0,0.2,0,UK,iter
Tobias_20,Tobias,20,0,0.1,NA,UK,iter
Tobias_21,Tobias,21,0.3125320932327644,0.2,0,UK,iter
Tobias_22,Tobias,22,0,0.3,0,UK,iter
Tobias_23,Tobias,23,0.253242224177409,0.2,0,UK,iter
Tobias_24,Tobias,24,0.2712253833057008,0.4,0,UK,iter
Tobias_26,Tobias,26,0.38516898765893076,0.7,0,UK,iter
Tobias_27,Tobias,27,0.1562660466163822,0.2,0,UK,iter
Tobias_28,Tobias,28,0.22487870306585847,0.5,0,UK,iter
Tobias_30,Tobias,30,0.26747773533327124,0.4,0,UK,iter
Tobias_31,Tobias,31,0,0.1,NA,UK,iter
Tobias_32,Tobias,32,0,0.3,0,UK,iter
Tobias_33,Tobias,33,0.1282521139408343,0.5,0,UK,iter
Tobias_35,Tobias,35,0.28489750219958515,0.3,0,UK,iter
Tobias_36,Tobias,36,0.03950795517616479,0.1,NA,UK,iter
Tobias_37,Tobias,37,0,0.1,NA,UK,iter
Tobias_38,Tobias,38,0.3125320932327644,0.2,0,UK,iter
Tobias_39,Tobias,39,0,0.2,0,UK,iter
Tobias_4,Tobias,4,0.29219360426538177,0.4,0,UK,iter
Tobias_41,Tobias,41,0,0.1,NA,UK,iter
Tobias_42,Tobias,42,0.08078407351075309,0.5,0,UK,iter
Tobias_43,Tobias,43,0,0.3,0,UK,iter
Tobias_44,Tobias,44,0.253242224177409,0.2,0,UK,iter
Tobias_45,Tobias,45,0,0.2,0,UK,iter
Tobias_46,Tobias,46,0,0.3,0,UK,iter
Tobias_47,Tobias,47,0,0.2,0,UK,iter
Tobias_48,Tobias,48,0.15194533450644537,0.4,0,UK,iter
Tobias_5,Tobias,5,0.29003822680422525,0.8,0,UK,iter
Tobias_50,Tobias,50,0.14921927358753065,0.6,0,UK,iter
Tobias_51,Tobias,51,0.20773047474193665,0.6,0,UK,iter
Tobias_52,Tobias,52,0,0.2,0,UK,iter
Tobias_53,Tobias,53,0.17291355546612644,0.4,0,UK,iter
Tobias_54,Tobias,54,0.19388177642580745,0.4,0,UK,iter
Tobias_55,Tobias,55,0,0.3,0,UK,iter
Tobias_58,Tobias,58,0,0.4,0,UK,iter
Tobias_59,Tobias,59,0,0.4,0,UK,iter
Tobias_6,Tobias,6,0.24280337192554255,0.2,0,UK,iter
Tobias_60,Tobias,60,0.13695351255036903,0.3,0,UK,iter
Tobias_61,Tobias,61,0,0.2,0,UK,iter
Tobias_63,Tobias,63,0.30389066901289086,0.4,0,UK,iter
Tobias_64,Tobias,64,0,0.2,0,UK,iter
Tobias_66,Tobias,66,0.2338086688233247,0.7,0,UK,iter
Tobias_67,Tobias,67,0.22791800175966817,0.4,0,UK,iter
Tobias_68,Tobias,68,0,0.3,0,UK,iter
Tobias_69,Tobias,69,0.24939660912962805,0.6,0,UK,iter
Tobias_7,Tobias,7,0,0.3,0,UK,iter
Tobias_70,Tobias,70,0.23439906992457327,0.1,NA,UK,iter
Tobias_72,Tobias,72,0,0.2,0,UK,iter
Tobias_73,Tobias,73,0.23439906992457327,0.1,NA,UK,iter
Tobias_74,Tobias,74,0,0.1,NA,UK,iter
Tobias_75,Tobias,75,0,0.2,0,UK,iter
Tobias_76,Tobias,76,0.2625713455637495,0.6,0,UK,iter
Tobias_77,Tobias,77,0,0.3,0,UK,iter
Tobias_78,Tobias,78,0.4000886375333485,0.5,0,UK,iter
Tobias_79,Tobias,79,0,0.1,NA,UK,iter
Tobias_8,Tobias,8,0,0.2,0,UK,iter
Tobias_80,Tobias,80,0.3165527802217612,0.5,0,UK,iter
Tobias_81,Tobias,81,0,0.2,0,UK,iter
Tobias_83,Tobias,83,0,0.3,0,UK,iter
Tobias_84,Tobias,84,0,0.3,0,UK,iter
Tobias_85,Tobias,85,0,0.1,NA,UK,iter
Tobias_86,Tobias,86,0,0.3,0,UK,iter
Tobias_88,Tobias,88,0.3838441311284397,0.6,0,UK,iter
Tobias_89,Tobias,89,0.1562660466163822,0.2,0,UK,iter
Tobias_9,Tobias,9,0,0.1,NA,UK,iter
Tobias_91,Tobias,91,0.2298752039822239,0.4,0,UK,iter
Tobias_92,Tobias,92,0.11719953496228663,0.3,0,UK,iter
Tobias_93,Tobias,93,0.22602115275475068,0.5,0,UK,iter
Tobias_94,Tobias,94,0,0.3,0,UK,iter
Tobias_95,Tobias,95,0.1424479581763951,0.1,NA,UK,iter
Tobias_96,Tobias,96,0,0.4,0,UK,iter
Tobias_98,Tobias,98,0,0.2,0,UK,iter
Tobias_99,Tobias,99,0.22894490702580783,0.1,NA,UK,iter
Vincent_1,Vincent,1,0.32657682934336096,0.9,0,French,iter
Vincent_10,Vincent,10,0,0.3,0,French,iter
Vincent_100,Vincent,100,0.3094976018428123,0.8,0,French,iter
Vincent_11,Vincent,11,0.36005838058606476,0.9,0,French,iter
Vincent_12,Vincent,12,0.08300349708006634,0.4,0,French,iter
Vincent_13,Vincent,13,0.27930721158645855,0.3,0,French,iter
Vincent_14,Vincent,14,0.28823352530992014,0.8,0,French,iter
Vincent_15,Vincent,15,0,0.1,NA,French,iter
Vincent_16,Vincent,16,0.23715284880018953,0.6,0,French,iter
Vincent_17,Vincent,17,0.3602006099968568,0.7,0,French,iter
Vincent_18,Vincent,18,0.3343760663638921,1.2,0,French,iter
Vincent_19,Vincent,19,0.30575074933588814,0.7,0,French,iter
Vincent_2,Vincent,2,0.3420313510833724,0.8,0,French,iter
Vincent_20,Vincent,20,0.21263145474307998,1,0,French,iter
Vincent_21,Vincent,21,0,0.2,0,French,iter
Vincent_22,Vincent,22,0.30891034940361534,0.7,0,French,iter
Vincent_23,Vincent,23,0.15542874044160696,0.2,0,French,iter
Vincent_24,Vincent,24,0,0.1,NA,French,iter
Vincent_26,Vincent,26,0.13833916180011058,0.5,0,French,iter
Vincent_27,Vincent,27,0.20750874270016575,0.9,0,French,iter
Vincent_28,Vincent,28,0.22344576926916684,0.4,0,French,iter
Vincent_29,Vincent,29,0.25743610556958224,0.9,0,French,iter
Vincent_3,Vincent,3,0.37440028753277654,0.8,0,French,iter
Vincent_30,Vincent,30,0.2959235419835736,1,0,French,iter
Vincent_31,Vincent,31,0.3152974493059908,0.9,0,French,iter
Vincent_32,Vincent,32,0.2895928583726871,0.4,0,French,iter
Vincent_33,Vincent,33,0.29176535087903127,1.1,0,French,iter
Vincent_34,Vincent,34,0.27493901740897847,1.2,0,French,iter
Vincent_35,Vincent,35,0.3353501411994845,1.2,0,French,iter
Vincent_36,Vincent,36,0.2931063481958898,0.8,0,French,iter
Vincent_37,Vincent,37,0.18864064172942063,0.1,NA,French,iter
Vincent_38,Vincent,38,0.09432032086471032,0.3,0,French,iter
Vincent_39,Vincent,39,0.2721622478053546,1.2,0,French,iter
Vincent_4,Vincent,4,0.23314311066241045,0.1,NA,French,iter
Vincent_40,Vincent,40,0.2943959595251964,0.8,0,French,iter
Vincent_41,Vincent,41,0.2371528488001895,0.6,0,French,iter
Vincent_42,Vincent,42,0,0.2,0,French,iter
Vincent_43,Vincent,43,0.23314311066241045,0.3,0,French,iter
Vincent_44,Vincent,44,0,0.1,NA,French,iter
Vincent_45,Vincent,45,0,0.1,NA,French,iter
Vincent_46,Vincent,46,0.1862048077243057,0.1,NA,French,iter
Vincent_47,Vincent,47,0.2710333076106338,1.1,0,French,iter
Vincent_48,Vincent,48,0.2619707452216967,0.4,0,French,iter
Vincent_49,Vincent,49,0.38591619046643977,0.6,0,French,iter
Vincent_5,Vincent,5,0,0.1,NA,French,iter
Vincent_50,Vincent,50,0.27534058496864283,1.1,0,French,iter
Vincent_52,Vincent,52,0.1185764244000948,0.6,0,French,iter
Vincent_53,Vincent,53,0.26421938361571046,0.3,0,French,iter
Vincent_54,Vincent,54,0.24827307696574094,0.2,0,French,iter
Vincent_55,Vincent,55,0.11657155533120522,0.3,0,French,iter
Vincent_56,Vincent,56,0.3009266921093957,0.4,0,French,iter
Vincent_57,Vincent,57,0.2877248920793156,1.3,0,French,iter
Vincent_58,Vincent,58,0.32444381821025947,0.9,0,French,iter
Vincent_59,Vincent,59,0.25726539979856455,0.9,0,French,iter
Vincent_6,Vincent,6,0.28195169920833923,0.7,0,French,iter
Vincent_60,Vincent,60,0.2941247670947588,1,0,French,iter
Vincent_61,Vincent,61,0.32538752039908514,0.4,0,French,iter
Vincent_62,Vincent,62,0.3274060706019431,1.2,0,French,iter
Vincent_63,Vincent,63,0.18445221573348064,0.8,0,French,iter
Vincent_64,Vincent,64,0.3429910011037031,0.6,0,French,iter
Vincent_65,Vincent,65,0.1862048077243057,0.1,NA,French,iter
Vincent_66,Vincent,66,0.3044983332066074,0.7,0,French,iter
Vincent_67,Vincent,67,0.34893038028339823,0.5,0,French,iter
Vincent_68,Vincent,68,0,0.2,0,French,iter
Vincent_69,Vincent,69,0.2914221310856599,0.6,0,French,iter
Vincent_7,Vincent,7,0.26795973685896085,0.7,0,French,iter
Vincent_70,Vincent,70,0.3112631140502488,0.3,0,French,iter
Vincent_71,Vincent,71,0.3292479223005522,1,0,French,iter
Vincent_72,Vincent,72,0,0.1,NA,French,iter
Vincent_73,Vincent,73,0.26313691215453106,0.6,0,French,iter
Vincent_74,Vincent,74,0.3077830329329292,0.8,0,French,iter
Vincent_75,Vincent,75,0.3546557361900898,1,0,French,iter
Vincent_76,Vincent,76,0,0.3,0,French,iter
Vincent_77,Vincent,77,0.1660069941601327,0.4,0,French,iter
Vincent_78,Vincent,78,0.28102595163338323,1.1,0,French,iter
Vincent_79,Vincent,79,0.3589866879783881,1.1,0,French,iter
Vincent_8,Vincent,8,0.10375437135008292,0.3,0,French,iter
Vincent_80,Vincent,80,0.3237715605796885,1.2,0,French,iter
Vincent_82,Vincent,82,0.21089187619591554,0.3,0,French,iter
Vincent_83,Vincent,83,0.21089187619591554,0.3,0,French,iter
Vincent_84,Vincent,84,0.3170949372436881,0.6,0,French,iter
Vincent_85,Vincent,85,0.13833916180011058,0.5,0,French,iter
Vincent_86,Vincent,86,0.27877049507283225,0.5,0,French,iter
Vincent_87,Vincent,87,0.08300349708006634,0.4,0,French,iter
Vincent_88,Vincent,88,0.09325724426496418,0.4,0,French,iter
Vincent_89,Vincent,89,0.35778233829727,1,0,French,iter
Vincent_9,Vincent,9,0.2313853651833367,0.4,0,French,iter
Vincent_90,Vincent,90,0.3041980578897701,0.6,0,French,iter
Vincent_91,Vincent,91,0.31473031950642366,0.6,0,French,iter
Vincent_92,Vincent,92,0.32265442838258607,1,0,French,iter
Vincent_93,Vincent,93,0,0.1,NA,French,iter
Vincent_94,Vincent,94,0.3340238143146898,1.1,0,French,iter
Vincent_95,Vincent,95,0.27134996581601156,0.6,0,French,iter
Vincent_96,Vincent,96,0.338812357824613,0.8,0,French,iter
Vincent_97,Vincent,97,0.15542874044160696,0.2,0,French,iter
Vincent_98,Vincent,98,0.3441693724382446,0.8,0,French,iter
Vincent_99,Vincent,99,0,0.1,NA,French,iter
