Speaker_ID,Speaker,ID,path_length,mean_k,clust_coef_global,Language,data_type
Adeline_1,Adeline,1,0.17776277420568348,10.7,0.6238095238095238,French,iter
Adeline_10,Adeline,10,0.21847002945260285,10.4,0.6625310173697271,French,iter
Adeline_100,Adeline,100,0.18777463615229678,9.6,0.5938086303939962,French,iter
Adeline_11,Adeline,11,0.21286830548509494,10.5,0.6211232187761945,French,iter
Adeline_12,Adeline,12,0.19632616251476098,10.7,0.6280729579698652,French,iter
Adeline_13,Adeline,13,0.17409142357297983,10.7,0.6206896551724138,French,iter
Adeline_14,Adeline,14,0.23259548888451392,10.4,0.6604572396274344,French,iter
Adeline_15,Adeline,15,0.22255946955501552,9.4,0.6185866408518877,French,iter
Adeline_16,Adeline,16,0.19665495147185844,10.7,0.6253918495297806,French,iter
Adeline_17,Adeline,17,0.19234004129472687,9.4,0.5401174168297456,French,iter
Adeline_18,Adeline,18,0.18435433832792697,9.8,0.5941644562334217,French,iter
Adeline_19,Adeline,19,0.17833405102639519,11.6,0.6283924843423799,French,iter
Adeline_2,Adeline,2,0.20403457316336454,8.7,0.5416216216216216,French,iter
Adeline_20,Adeline,20,0.19530101356602703,10.2,0.6392190152801358,French,iter
Adeline_21,Adeline,21,0.2167279575011709,11.2,0.6694029850746268,French,iter
Adeline_22,Adeline,22,0.18331479434262832,8.1,0.5035211267605634,French,iter
Adeline_23,Adeline,23,0.1751167389038831,9.6,0.5611111111111111,French,iter
Adeline_24,Adeline,24,0.20794326512434544,11,0.6916234247590808,French,iter
Adeline_25,Adeline,25,0.18139527592384508,11,0.6561797752808989,French,iter
Adeline_26,Adeline,26,0.1697470980997557,10.9,0.6195158850226928,French,iter
Adeline_27,Adeline,27,0.1780297724132244,12,0.659297789336801,French,iter
Adeline_28,Adeline,28,0.19173743635897955,12.7,0.7262969588550984,French,iter
Adeline_29,Adeline,29,0.20963345728270263,8.5,0.5436013590033975,French,iter
Adeline_3,Adeline,3,0.18490417215545368,11,0.5908396946564886,French,iter
Adeline_30,Adeline,30,0.16008299907835455,12.2,0.6611779607346422,French,iter
Adeline_31,Adeline,31,0.1427171611396872,9.2,0.5231910946196661,French,iter
Adeline_32,Adeline,32,0.1878143329766673,12.5,0.7354721549636803,French,iter
Adeline_33,Adeline,33,0.21692760127673383,10.3,0.6502092050209205,French,iter
Adeline_34,Adeline,34,0.16812020047007956,10.1,0.559533721898418,French,iter
Adeline_35,Adeline,35,0.17458608580470522,9.1,0.5297679112008072,French,iter
Adeline_36,Adeline,36,0.17407974697331954,11.7,0.6807228915662651,French,iter
Adeline_37,Adeline,37,0.1864287014106289,8.6,0.5288248337028825,French,iter
Adeline_38,Adeline,38,0.2073894809850679,10.5,0.6221311475409836,French,iter
Adeline_39,Adeline,39,0.17956982784510456,12,0.6776061776061776,French,iter
Adeline_4,Adeline,4,0.18672472607451734,9,0.5517587939698493,French,iter
Adeline_40,Adeline,40,0.1481798275563021,11.3,0.6190140845070422,French,iter
Adeline_41,Adeline,41,0.16423074853675368,11.6,0.65814266487214,French,iter
Adeline_42,Adeline,42,0.17877814115572824,10.8,0.6332574031890661,French,iter
Adeline_43,Adeline,43,0.2103307797155561,7.5,0.4648493543758967,French,iter
Adeline_44,Adeline,44,0.22998949627467064,9.3,0.5882926829268292,French,iter
Adeline_45,Adeline,45,0.18898863064249502,10.3,0.6266447368421053,French,iter
Adeline_46,Adeline,46,0.17588201298881145,11,0.6272727272727273,French,iter
Adeline_47,Adeline,47,0.1972853180515616,11.4,0.6861365235749473,French,iter
Adeline_48,Adeline,48,0.19717378407191338,12.6,0.7326431181485993,French,iter
Adeline_49,Adeline,49,0.15583816855586122,10.4,0.5843848580441641,French,iter
Adeline_5,Adeline,5,0.21399339463027123,10.1,0.6157205240174672,French,iter
Adeline_50,Adeline,50,0.2441168381312861,8.9,0.6115261472785486,French,iter
Adeline_51,Adeline,51,0.17175438266805593,13.4,0.7495917256396298,French,iter
Adeline_52,Adeline,52,0.16573569259793364,8.1,0.45903614457831327,French,iter
Adeline_53,Adeline,53,0.23478828666315477,9.1,0.6101694915254238,French,iter
Adeline_54,Adeline,54,0.2033399823129176,9.9,0.6246575342465753,French,iter
Adeline_55,Adeline,55,0.17117028078022517,9.4,0.5402843601895735,French,iter
Adeline_56,Adeline,56,0.21583898547198213,9.3,0.5506519558676028,French,iter
Adeline_57,Adeline,57,0.18788982676661412,10.2,0.5610184372256365,French,iter
Adeline_58,Adeline,58,0.2166983741854885,11.1,0.7048327137546468,French,iter
Adeline_59,Adeline,59,0.1758694408679355,10.6,0.6048582995951417,French,iter
Adeline_6,Adeline,6,0.179222509484155,11.2,0.6608695652173913,French,iter
Adeline_60,Adeline,60,0.20424252742998997,9,0.501577287066246,French,iter
Adeline_61,Adeline,61,0.2236650363011227,8.7,0.5565610859728507,French,iter
Adeline_62,Adeline,62,0.1991309585776481,9.1,0.5344644750795334,French,iter
Adeline_63,Adeline,63,0.175715600640303,10.5,0.5669099756690997,French,iter
Adeline_64,Adeline,64,0.206854656692173,9.4,0.5521653543307087,French,iter
Adeline_65,Adeline,65,0.18285811369777075,10.1,0.5887850467289719,French,iter
Adeline_66,Adeline,66,0.17351097901345544,11.4,0.6575931232091691,French,iter
Adeline_67,Adeline,67,0.1698570960937666,10,0.5909090909090909,French,iter
Adeline_68,Adeline,68,0.16511542582622055,10.9,0.6148648648648649,French,iter
Adeline_69,Adeline,69,0.18581167068897614,8.3,0.5067567567567568,French,iter
Adeline_7,Adeline,7,0.21111582249051428,8.7,0.5818965517241379,French,iter
Adeline_70,Adeline,70,0.19796828817388737,13,0.7378752886836027,French,iter
Adeline_71,Adeline,71,0.17736878178539434,11.3,0.6302521008403361,French,iter
Adeline_72,Adeline,72,0.20852276003466763,7.8,0.5,French,iter
Adeline_73,Adeline,73,0.20410217062702934,11.3,0.6542669584245077,French,iter
Adeline_74,Adeline,74,0.16350537972744347,10.3,0.5794314381270903,French,iter
Adeline_75,Adeline,75,0.19478714125569452,10.3,0.6218905472636815,French,iter
Adeline_76,Adeline,76,0.2245691631575987,10.3,0.6882793017456359,French,iter
Adeline_77,Adeline,77,0.196011686916252,9,0.577639751552795,French,iter
Adeline_78,Adeline,78,0.16060008574134413,8.4,0.5142857142857142,French,iter
Adeline_79,Adeline,79,0.19629318607586096,11.4,0.6637744034707158,French,iter
Adeline_8,Adeline,8,0.19300574481747904,12.9,0.7508751458576429,French,iter
Adeline_80,Adeline,80,0.15342044564227972,11.2,0.6295503211991434,French,iter
Adeline_81,Adeline,81,0.22920459823830502,8.9,0.5914567360350493,French,iter
Adeline_82,Adeline,82,0.228981575780552,10.1,0.6426735218508998,French,iter
Adeline_83,Adeline,83,0.15551047752697844,12.4,0.6966565349544073,French,iter
Adeline_84,Adeline,84,0.24122431708329284,8.4,0.5592028135990621,French,iter
Adeline_85,Adeline,85,0.17432612931762348,9.3,0.5227492739593417,French,iter
Adeline_86,Adeline,86,0.18192116283700455,11.7,0.6808943089430894,French,iter
Adeline_87,Adeline,87,0.18883973158527975,10.4,0.6324717285945073,French,iter
Adeline_88,Adeline,88,0.15468221314150207,11.4,0.6191799861014593,French,iter
Adeline_89,Adeline,89,0.19418875347880407,11,0.6641566265060241,French,iter
Adeline_9,Adeline,9,0.1919548110986947,12.2,0.7271573604060914,French,iter
Adeline_90,Adeline,90,0.213813458411133,10.1,0.6483704974271012,French,iter
Adeline_91,Adeline,91,0.2174145768878656,10.1,0.6185840707964602,French,iter
Adeline_92,Adeline,92,0.22845458799507035,11.3,0.6781437125748503,French,iter
Adeline_93,Adeline,93,0.22395623020630778,8.4,0.5633802816901409,French,iter
Adeline_94,Adeline,94,0.17784715081140032,10.9,0.6231454005934718,French,iter
Adeline_95,Adeline,95,0.22382888424467315,8.8,0.5673839184597962,French,iter
Adeline_96,Adeline,96,0.19481774495815815,10,0.6119273984442524,French,iter
Adeline_97,Adeline,97,0.17147543105225893,10.8,0.6150914634146342,French,iter
Adeline_98,Adeline,98,0.17007514942037405,11,0.6615384615384615,French,iter
Adeline_99,Adeline,99,0.23038248534353362,10,0.6345132743362832,French,iter
Afan_1,Afan,1,0.37213360669221723,4.1,0.5023923444976076,Urdu,iter
Afan_10,Afan,10,0.29502708680322287,5.6,0.582089552238806,Urdu,iter
Afan_100,Afan,100,0.33669741288380106,4.8,0.5032894736842105,Urdu,iter
Afan_11,Afan,11,0.3948764253685961,3.4,0.4405594405594406,Urdu,iter
Afan_12,Afan,12,0.33747159697546736,6.6,0.5672514619883041,Urdu,iter
Afan_13,Afan,13,0.34069393694688593,5.1,0.5305466237942122,Urdu,iter
Afan_14,Afan,14,0.3587897784900098,3.8,0.6,Urdu,iter
Afan_15,Afan,15,0.24697548082089169,6.6,0.5478260869565217,Urdu,iter
Afan_16,Afan,16,0.3171471121530987,4.7,0.5638297872340425,Urdu,iter
Afan_17,Afan,17,0.26327930818031614,6.2,0.5963855421686747,Urdu,iter
Afan_18,Afan,18,0.2401094823930786,6.1,0.5952848722986247,Urdu,iter
Afan_19,Afan,19,0.2652859132494193,4.3,0.42105263157894735,Urdu,iter
Afan_2,Afan,2,0.31761627116246055,4.4,0.5443037974683544,Urdu,iter
Afan_20,Afan,20,0.36654046357495446,4.3,0.6411290322580645,Urdu,iter
Afan_21,Afan,21,0.4311106183918844,5.3,0.40869565217391307,Urdu,iter
Afan_22,Afan,22,0.31835589555827404,5.9,0.5686274509803921,Urdu,iter
Afan_23,Afan,23,0.2548520901142697,5.3,0.6232686980609419,Urdu,iter
Afan_24,Afan,24,0.3322666719826775,5.6,0.4712041884816754,Urdu,iter
Afan_25,Afan,25,0.3298145848997599,5.4,0.4466501240694789,Urdu,iter
Afan_26,Afan,26,0.28766148640881284,6,0.49079754601226994,Urdu,iter
Afan_27,Afan,27,0.36894144027186054,4.8,0.4870848708487085,Urdu,iter
Afan_28,Afan,28,0.3188921167468886,5.5,0.6336898395721925,Urdu,iter
Afan_29,Afan,29,0.28937652426234545,4.4,0.5485074626865671,Urdu,iter
Afan_3,Afan,3,0.2522684303928041,5.7,0.6206896551724138,Urdu,iter
Afan_30,Afan,30,0.3789943620101504,4.4,0.5814977973568282,Urdu,iter
Afan_31,Afan,31,0.4251226981315044,3.9,0.5818181818181818,Urdu,iter
Afan_32,Afan,32,0.3647152911546523,6.2,0.5986547085201793,Urdu,iter
Afan_33,Afan,33,0.3181086379731947,4.1,0.4752475247524752,Urdu,iter
Afan_34,Afan,34,0.3850434851130317,5,0.5234899328859061,Urdu,iter
Afan_35,Afan,35,0.30972627341104975,5.1,0.4682080924855491,Urdu,iter
Afan_36,Afan,36,0.3320272063352551,5.2,0.5213414634146342,Urdu,iter
Afan_37,Afan,37,0.25716808766722815,5.8,0.609271523178808,Urdu,iter
Afan_38,Afan,38,0.22770136632938717,6.2,0.608433734939759,Urdu,iter
Afan_39,Afan,39,0.27391102847745535,6.1,0.564935064935065,Urdu,iter
Afan_4,Afan,4,0.3568995093267302,5.1,0.48,Urdu,iter
Afan_40,Afan,40,0.3523637547728992,5.2,0.5145348837209303,Urdu,iter
Afan_41,Afan,41,0.3189408500210656,5.4,0.4778761061946903,Urdu,iter
Afan_42,Afan,42,0.3468011318013863,4.9,0.4982698961937716,Urdu,iter
Afan_43,Afan,43,0.31897221992139085,4.4,0.4248927038626609,Urdu,iter
Afan_44,Afan,44,0.3520997861568473,4.5,0.5564516129032258,Urdu,iter
Afan_45,Afan,45,0.3425762183849769,5.5,0.5348837209302325,Urdu,iter
Afan_46,Afan,46,0.3063937322302505,5.9,0.56575682382134,Urdu,iter
Afan_47,Afan,47,0.3672464062432875,5.1,0.5886075949367089,Urdu,iter
Afan_48,Afan,48,0.23270412454931094,7,0.6833602584814217,Urdu,iter
Afan_49,Afan,49,0.262304602794177,5.6,0.6072289156626506,Urdu,iter
Afan_5,Afan,5,0.3800076345901523,3.8,0.47802197802197804,Urdu,iter
Afan_50,Afan,50,0.2893894418313071,5.7,0.591743119266055,Urdu,iter
Afan_51,Afan,51,0.30217267858143965,5.7,0.527027027027027,Urdu,iter
Afan_52,Afan,52,0.24177843072401214,4.5,0.6,Urdu,iter
Afan_53,Afan,53,0.277896114868623,4.6,0.5464285714285714,Urdu,iter
Afan_54,Afan,54,0.28727855787637174,7,0.6055900621118012,Urdu,iter
Afan_55,Afan,55,0.258124321661891,5.8,0.6227678571428571,Urdu,iter
Afan_56,Afan,56,0.27342104948747126,4.6,0.4742268041237113,Urdu,iter
Afan_57,Afan,57,0.35285340290851475,6.4,0.6841004184100419,Urdu,iter
Afan_58,Afan,58,0.20872351995013577,7.1,0.5982404692082112,Urdu,iter
Afan_59,Afan,59,0.3128898150085159,6,0.5871121718377088,Urdu,iter
Afan_6,Afan,6,0.33610406522030006,6.5,0.5955056179775281,Urdu,iter
Afan_60,Afan,60,0.21088341331838512,3.8,0.6557377049180327,Urdu,iter
Afan_61,Afan,61,0.4858369333070856,3.9,0.48554913294797686,Urdu,iter
Afan_62,Afan,62,0.31947265917648554,4.5,0.5294117647058824,Urdu,iter
Afan_63,Afan,63,0.23273241172388123,4.9,0.6258278145695364,Urdu,iter
Afan_64,Afan,64,0.35178336353980844,3.7,0.5357142857142857,Urdu,iter
Afan_65,Afan,65,0.3117886635614857,5.6,0.6633906633906634,Urdu,iter
Afan_66,Afan,66,0.25962564343935407,7.8,0.5217391304347826,Urdu,iter
Afan_67,Afan,67,0.2756105344687593,3.4,0.4144736842105263,Urdu,iter
Afan_68,Afan,68,0.2896930749254259,6.5,0.5631578947368421,Urdu,iter
Afan_69,Afan,69,0.33269458567970384,6.9,0.6197440585009141,Urdu,iter
Afan_7,Afan,7,0.27246226404873847,5.5,0.48214285714285715,Urdu,iter
Afan_70,Afan,70,0.383993891977538,4.6,0.6240875912408759,Urdu,iter
Afan_71,Afan,71,0.39025586345980745,5.7,0.6434316353887399,Urdu,iter
Afan_72,Afan,72,0.3397428237080757,3.3,0.528,Urdu,iter
Afan_73,Afan,73,0.3551087454213347,5.5,0.5853658536585366,Urdu,iter
Afan_74,Afan,74,0.3618455735632342,4.7,0.5101214574898786,Urdu,iter
Afan_75,Afan,75,0.36856562834810597,3.4,0.5076923076923077,Urdu,iter
Afan_76,Afan,76,0.3927977617184633,4,0.6,Urdu,iter
Afan_77,Afan,77,0.3032339473860605,5.1,0.5947521865889213,Urdu,iter
Afan_78,Afan,78,0.5850519101925917,3.8,0.525,Urdu,iter
Afan_79,Afan,79,0.17750338422575762,4.3,0.4659090909090909,Urdu,iter
Afan_8,Afan,8,0.28699358332772124,5.6,0.6042654028436019,Urdu,iter
Afan_80,Afan,80,0.31637176633969477,5.9,0.6157517899761337,Urdu,iter
Afan_81,Afan,81,0.34616959491355004,6.5,0.6499032882011605,Urdu,iter
Afan_82,Afan,82,0.28448361971699254,5.4,0.5833333333333334,Urdu,iter
Afan_83,Afan,83,0.304537289011495,6,0.5708245243128964,Urdu,iter
Afan_84,Afan,84,0.32691823523411356,5.7,0.6531645569620254,Urdu,iter
Afan_85,Afan,85,0.2716181293397621,3.9,0.5046728971962616,Urdu,iter
Afan_86,Afan,86,0.2983734239786449,7.3,0.5398089171974523,Urdu,iter
Afan_87,Afan,87,0.27830002913777957,5.6,0.6015037593984962,Urdu,iter
Afan_88,Afan,88,0.32050946920542694,5.2,0.5635838150289018,Urdu,iter
Afan_89,Afan,89,0.2887254656125943,4.5,0.5129032258064516,Urdu,iter
Afan_9,Afan,9,0.37562275551625784,4.6,0.5275862068965518,Urdu,iter
Afan_90,Afan,90,0.37624827308929815,3.8,0.5510204081632653,Urdu,iter
Afan_91,Afan,91,0.3322790294824303,5.9,0.5986078886310905,Urdu,iter
Afan_92,Afan,92,0.3343447741055715,3.7,0.46987951807228917,Urdu,iter
Afan_93,Afan,93,0.35581031907599686,4.8,0.5159235668789809,Urdu,iter
Afan_94,Afan,94,0.2268479450147898,6.2,0.6942148760330579,Urdu,iter
Afan_95,Afan,95,0.2730193246778999,4.6,0.6133828996282528,Urdu,iter
Afan_96,Afan,96,0.299553005923411,5.4,0.5620253164556962,Urdu,iter
Afan_97,Afan,97,0.3810701461077978,4.4,0.6190476190476191,Urdu,iter
Afan_98,Afan,98,0.18422545757078762,4.5,0.5916955017301038,Urdu,iter
Afan_99,Afan,99,0.3496288278746468,5,0.5631399317406144,Urdu,iter
Atte_1,Atte,1,0.23884631748766133,8.3,0.5913461538461539,Finnish,iter
Atte_10,Atte,10,0.23659386976296745,8.5,0.5223880597014925,Finnish,iter
Atte_100,Atte,100,0.17446156079181935,6.8,0.4462025316455696,Finnish,iter
Atte_11,Atte,11,0.2853403248674993,6.4,0.425764192139738,Finnish,iter
Atte_12,Atte,12,0.2365533860698011,7.4,0.49854227405247814,Finnish,iter
Atte_13,Atte,13,0.20632574165321102,7.7,0.4788918205804749,Finnish,iter
Atte_14,Atte,14,0.26085914780681196,4.7,0.2909698996655518,Finnish,iter
Atte_15,Atte,15,0.2583225475500488,4.7,0.4351851851851852,Finnish,iter
Atte_16,Atte,16,0.24255927334969013,5.1,0.3654390934844193,Finnish,iter
Atte_17,Atte,17,0.12331893799345466,4,0.23154362416107382,Finnish,iter
Atte_18,Atte,18,0.1429545964517585,5.1,0.41732283464566927,Finnish,iter
Atte_19,Atte,19,0.29024824825897255,7.3,0.5275310834813499,Finnish,iter
Atte_2,Atte,2,0.23872276053267455,5.7,0.43820224719101125,Finnish,iter
Atte_20,Atte,20,0.19095578071172356,6.2,0.41320754716981134,Finnish,iter
Atte_21,Atte,21,0.13785830013070982,8.1,0.4600760456273764,Finnish,iter
Atte_22,Atte,22,0.33687180762655494,5.7,0.5078125,Finnish,iter
Atte_23,Atte,23,0.11015490496482722,4.2,0.4085603112840467,Finnish,iter
Atte_24,Atte,24,0.13232787614311495,8.7,0.45686900958466453,Finnish,iter
Atte_25,Atte,25,0.2708654357358543,5.5,0.5204081632653061,Finnish,iter
Atte_26,Atte,26,0.22588428665260382,6.7,0.4964788732394366,Finnish,iter
Atte_27,Atte,27,0.21978298612601216,8.5,0.5244498777506112,Finnish,iter
Atte_28,Atte,28,0.3408976104873203,6.2,0.5369127516778524,Finnish,iter
Atte_29,Atte,29,0.3276309690213781,5.6,0.5335051546391752,Finnish,iter
Atte_3,Atte,3,0.17726679989885633,7.1,0.5094339622641509,Finnish,iter
Atte_30,Atte,30,0.1896110255417248,6.4,0.5009487666034156,Finnish,iter
Atte_31,Atte,31,0.2186180767482553,5.8,0.3665158371040724,Finnish,iter
Atte_32,Atte,32,0.1225014174171889,6.6,0.39935064935064934,Finnish,iter
Atte_33,Atte,33,0.31004045395499064,6.5,0.5020408163265306,Finnish,iter
Atte_34,Atte,34,0.07396921898004447,7,0.41509433962264153,Finnish,iter
Atte_35,Atte,35,0.15813961410183067,8.2,0.5143884892086331,Finnish,iter
Atte_36,Atte,36,0.23496444168904632,7.3,0.4869831546707504,Finnish,iter
Atte_37,Atte,37,0.28874317026168705,6.7,0.5133689839572193,Finnish,iter
Atte_38,Atte,38,0.23324312525363794,5.8,0.336322869955157,Finnish,iter
Atte_39,Atte,39,0.19726002270929563,8.4,0.49334945586457074,Finnish,iter
Atte_4,Atte,4,0.1743818215201659,7.6,0.4909847434119279,Finnish,iter
Atte_40,Atte,40,0.16528036854393605,4.9,0.43213296398891965,Finnish,iter
Atte_41,Atte,41,0.12788753078641893,3.4,0.3103448275862069,Finnish,iter
Atte_42,Atte,42,0.1491547235048393,5.1,0.43089430894308944,Finnish,iter
Atte_43,Atte,43,0.12027013818273379,4.8,0.46006389776357826,Finnish,iter
Atte_44,Atte,44,0.11296546189033206,7.2,0.4303448275862069,Finnish,iter
Atte_45,Atte,45,0.2109520941625965,8.6,0.48727272727272725,Finnish,iter
Atte_46,Atte,46,0.2471179095440757,6.2,0.4588235294117647,Finnish,iter
Atte_47,Atte,47,0.1088743935108911,5.4,0.39045553145336226,Finnish,iter
Atte_48,Atte,48,0.035518182133432497,4.5,0.3445378151260504,Finnish,iter
Atte_49,Atte,49,0.19274308542257465,7.8,0.464,Finnish,iter
Atte_5,Atte,5,0.26703996784746453,6,0.3221476510067114,Finnish,iter
Atte_50,Atte,50,0.16529698620721645,6.5,0.5658362989323843,Finnish,iter
Atte_51,Atte,51,0.2476211362596307,5.1,0.2681564245810056,Finnish,iter
Atte_52,Atte,52,0.1587055271733436,6.8,0.4319620253164557,Finnish,iter
Atte_53,Atte,53,0.16410124920257285,7.6,0.5299145299145299,Finnish,iter
Atte_54,Atte,54,0.09388475517107905,8.7,0.4639830508474576,Finnish,iter
Atte_55,Atte,55,0.1540983645280196,7.9,0.4780426599749059,Finnish,iter
Atte_56,Atte,56,0.25766525805047574,6.3,0.45213849287169044,Finnish,iter
Atte_57,Atte,57,0.23989158164550392,5.5,0.5012468827930174,Finnish,iter
Atte_58,Atte,58,0.2531869173364713,7.1,0.5612244897959183,Finnish,iter
Atte_59,Atte,59,0.32800283552045734,5.5,0.5316455696202531,Finnish,iter
Atte_6,Atte,6,0.12908356429739415,4.5,0.4925373134328358,Finnish,iter
Atte_60,Atte,60,0.19524697370650934,3.9,0.3956043956043956,Finnish,iter
Atte_61,Atte,61,0.12827844199024552,6.6,0.40336134453781514,Finnish,iter
Atte_62,Atte,62,0.17591917333371615,7.5,0.42857142857142855,Finnish,iter
Atte_63,Atte,63,0.18164365020233894,6.2,0.5405940594059406,Finnish,iter
Atte_64,Atte,64,0.23583960145053948,6.5,0.42463235294117646,Finnish,iter
Atte_65,Atte,65,0.2030515927075404,5.1,0.2647058823529412,Finnish,iter
Atte_66,Atte,66,0.21651254584835206,5.4,0.49748743718592964,Finnish,iter
Atte_67,Atte,67,0.13537443288102993,5.3,0.5981873111782477,Finnish,iter
Atte_68,Atte,68,0.1645552527311239,6.1,0.42277992277992277,Finnish,iter
Atte_69,Atte,69,0.27285412485599386,5.9,0.41226215644820297,Finnish,iter
Atte_7,Atte,7,0.3255647926031692,5.5,0.3678474114441417,Finnish,iter
Atte_70,Atte,70,0.20053068316800057,7,0.4527363184079602,Finnish,iter
Atte_71,Atte,71,0.13493360417021624,5.9,0.36531365313653136,Finnish,iter
Atte_72,Atte,72,0.17561934907031834,9.2,0.49742533470648814,Finnish,iter
Atte_73,Atte,73,0.2749808557186616,6.5,0.5053304904051172,Finnish,iter
Atte_74,Atte,74,0.17911015264621105,7.8,0.4336399474375821,Finnish,iter
Atte_75,Atte,75,0.16018861424227532,5.4,0.33098591549295775,Finnish,iter
Atte_76,Atte,76,0.14504611851658253,6.5,0.4504950495049505,Finnish,iter
Atte_77,Atte,77,0.24942684050606698,7.3,0.5518394648829431,Finnish,iter
Atte_78,Atte,78,0.1985285553960829,4.4,0.47307692307692306,Finnish,iter
Atte_79,Atte,79,0.1282313599072819,7.2,0.4326923076923077,Finnish,iter
Atte_8,Atte,8,0.29510200398604497,7.1,0.518918918918919,Finnish,iter
Atte_80,Atte,80,0.2325296543217544,6.8,0.5172413793103449,Finnish,iter
Atte_81,Atte,81,0.11962996259787201,4.6,0.45483870967741935,Finnish,iter
Atte_82,Atte,82,0.2268244682552196,6.4,0.5515151515151515,Finnish,iter
Atte_83,Atte,83,0.13356944487981462,8.8,0.50764192139738,Finnish,iter
Atte_84,Atte,84,0.1833954878064876,6.7,0.4312796208530806,Finnish,iter
Atte_85,Atte,85,0.23965608402362268,7.4,0.5203125,Finnish,iter
Atte_86,Atte,86,0.4209310794308298,4.6,0.6255924170616114,Finnish,iter
Atte_87,Atte,87,0.14364252504630978,6,0.4371584699453552,Finnish,iter
Atte_88,Atte,88,0.2810615544800137,6.7,0.5397727272727273,Finnish,iter
Atte_89,Atte,89,0.19106750613351134,7.2,0.5007518796992482,Finnish,iter
Atte_9,Atte,9,0.2897982527862847,6.5,0.5166340508806262,Finnish,iter
Atte_90,Atte,90,0.08892324144598111,5.3,0.4018475750577367,Finnish,iter
Atte_91,Atte,91,0.24868181929038416,5.6,0.5138539042821159,Finnish,iter
Atte_92,Atte,92,0.17577392466461195,6.4,0.4458041958041958,Finnish,iter
Atte_93,Atte,93,0.08607402337166513,3.8,0.47058823529411764,Finnish,iter
Atte_94,Atte,94,0.1759340339478547,5.4,0.3901345291479821,Finnish,iter
Atte_95,Atte,95,0.19644852211881975,8.2,0.5416666666666666,Finnish,iter
Atte_96,Atte,96,0.09394767176068347,5.9,0.46255506607929514,Finnish,iter
Atte_97,Atte,97,0.2036431409434027,6.1,0.4158415841584158,Finnish,iter
Atte_98,Atte,98,0.3122032790964252,5.8,0.5179856115107914,Finnish,iter
Atte_99,Atte,99,0.1936301171433915,7,0.5008880994671403,Finnish,iter
Basile_1,Basile,1,0.2521091126627709,8.1,0.6022727272727273,French,iter
Basile_10,Basile,10,0.25941669588617555,8.5,0.6666666666666666,French,iter
Basile_100,Basile,100,0.2664992249053597,7.6,0.5982404692082112,French,iter
Basile_11,Basile,11,0.2992580024593664,6.4,0.5774058577405857,French,iter
Basile_12,Basile,12,0.20243443278027218,6.9,0.6486486486486487,French,iter
Basile_13,Basile,13,0.2626984107462189,7.7,0.6145092460881935,French,iter
Basile_14,Basile,14,0.2364732908675613,8.7,0.619750283768445,French,iter
Basile_15,Basile,15,0.2129289400177061,9.5,0.6022835394862036,French,iter
Basile_16,Basile,16,0.24746639706646456,7.6,0.60431654676259,French,iter
Basile_17,Basile,17,0.24590299937856075,7.7,0.5357142857142857,French,iter
Basile_18,Basile,18,0.2595765384457849,9.2,0.6899063475546305,French,iter
Basile_19,Basile,19,0.21090889390231543,8.2,0.5451263537906137,French,iter
Basile_2,Basile,2,0.2633699011594032,8.2,0.6238030095759234,French,iter
Basile_20,Basile,20,0.24367072914331206,7.4,0.4969040247678019,French,iter
Basile_21,Basile,21,0.24184999329428067,8,0.568,French,iter
Basile_22,Basile,22,0.26029968879196147,7.5,0.5471698113207547,French,iter
Basile_23,Basile,23,0.22733237030913767,5.7,0.5912408759124088,French,iter
Basile_24,Basile,24,0.2574185547142609,7.3,0.5307346326836582,French,iter
Basile_25,Basile,25,0.24888839483701758,6,0.4639175257731959,French,iter
Basile_26,Basile,26,0.29981401140856767,6.9,0.5753424657534246,French,iter
Basile_27,Basile,27,0.23464005430280532,8.4,0.6203143893591294,French,iter
Basile_28,Basile,28,0.24322330251529115,8.5,0.597254004576659,French,iter
Basile_29,Basile,29,0.2819605800149462,6.7,0.5611510791366906,French,iter
Basile_3,Basile,3,0.20740319439214186,10.5,0.6728744939271255,French,iter
Basile_30,Basile,30,0.263210620377914,8.2,0.7108433734939759,French,iter
Basile_31,Basile,31,0.2872696328284022,6.2,0.5010706638115632,French,iter
Basile_32,Basile,32,0.3075718567115299,6.5,0.5475285171102662,French,iter
Basile_33,Basile,33,0.21652411926376802,5.8,0.45695364238410596,French,iter
Basile_34,Basile,34,0.24666204868702338,7.6,0.5617021276595745,French,iter
Basile_35,Basile,35,0.2660520810760411,7.2,0.5618892508143323,French,iter
Basile_36,Basile,36,0.25933150398454285,5.6,0.49877750611246946,French,iter
Basile_37,Basile,37,0.26316282006862124,7.9,0.597544338335607,French,iter
Basile_38,Basile,38,0.2396488786198074,7.5,0.5443037974683544,French,iter
Basile_39,Basile,39,0.25559316419139505,8.3,0.6194029850746269,French,iter
Basile_4,Basile,4,0.2490008104513376,7.9,0.5870445344129555,French,iter
Basile_40,Basile,40,0.2751285431693545,6.2,0.47921225382932164,French,iter
Basile_41,Basile,41,0.2624209130559618,6.9,0.5008695652173913,French,iter
Basile_42,Basile,42,0.2636002750186519,7.7,0.5587392550143266,French,iter
Basile_43,Basile,43,0.2534857246467253,8.9,0.6457858769931663,French,iter
Basile_44,Basile,44,0.18700210256003827,5.7,0.582392776523702,French,iter
Basile_45,Basile,45,0.2042528410344192,7.6,0.7043478260869566,French,iter
Basile_46,Basile,46,0.25105448056242746,6.5,0.48406374501992033,French,iter
Basile_47,Basile,47,0.2542172746392607,7.8,0.5875,French,iter
Basile_48,Basile,48,0.23603377727182584,8.9,0.6198895027624309,French,iter
Basile_49,Basile,49,0.2496255741679744,9.9,0.7137546468401487,French,iter
Basile_5,Basile,5,0.2564040479423337,8.5,0.5941320293398533,French,iter
Basile_50,Basile,50,0.3195116562327876,6.8,0.6363636363636364,French,iter
Basile_51,Basile,51,0.24749880114363593,8.3,0.6120805369127517,French,iter
Basile_52,Basile,52,0.2600989127221674,8.6,0.6308068459657702,French,iter
Basile_53,Basile,53,0.1885084422487822,8,0.6299615877080665,French,iter
Basile_54,Basile,54,0.2580083977466043,7.7,0.6317991631799164,French,iter
Basile_55,Basile,55,0.23921022461833857,7.5,0.543859649122807,French,iter
Basile_56,Basile,56,0.2596850641686348,7,0.5392156862745098,French,iter
Basile_57,Basile,57,0.1815465679585825,6.7,0.635036496350365,French,iter
Basile_58,Basile,58,0.1950494179680621,6.8,0.5644067796610169,French,iter
Basile_59,Basile,59,0.20798192201572008,6.6,0.45923460898502494,French,iter
Basile_6,Basile,6,0.25055986702428584,8.9,0.649103139013453,French,iter
Basile_60,Basile,60,0.24009113217523126,8.4,0.5904059040590406,French,iter
Basile_61,Basile,61,0.2802581044911234,7.8,0.6192468619246861,French,iter
Basile_62,Basile,62,0.2486499323900132,7.9,0.6274238227146814,French,iter
Basile_63,Basile,63,0.20869024534841812,6.1,0.5562913907284768,French,iter
Basile_64,Basile,64,0.28811393620469206,7.2,0.6345177664974619,French,iter
Basile_65,Basile,65,0.2573183071597702,6.7,0.5585106382978723,French,iter
Basile_66,Basile,66,0.2544054005246107,6.9,0.5450081833060556,French,iter
Basile_67,Basile,67,0.23363084501954087,9.3,0.6659815005138746,French,iter
Basile_68,Basile,68,0.25241617788600273,8.8,0.656140350877193,French,iter
Basile_69,Basile,69,0.2645833016854891,7.2,0.5866454689984102,French,iter
Basile_7,Basile,7,0.24455470106354327,8.3,0.5962962962962963,French,iter
Basile_70,Basile,70,0.3029624628570778,5.5,0.5059171597633136,French,iter
Basile_71,Basile,71,0.23923610873943638,8.5,0.6352128883774454,French,iter
Basile_72,Basile,72,0.27697450735517876,6.3,0.5093167701863354,French,iter
Basile_73,Basile,73,0.23758305041055464,9.4,0.638689866939611,French,iter
Basile_74,Basile,74,0.23574192859916285,8.3,0.605296343001261,French,iter
Basile_75,Basile,75,0.29993667619037073,6.5,0.5705128205128205,French,iter
Basile_76,Basile,76,0.23591781839533785,7.9,0.531700288184438,French,iter
Basile_77,Basile,77,0.2592227240371353,8,0.599195710455764,French,iter
Basile_78,Basile,78,0.21344966488921052,9.5,0.6393910561370124,French,iter
Basile_79,Basile,79,0.23753049714629065,9.6,0.717948717948718,French,iter
Basile_8,Basile,8,0.1826962842102371,5.8,0.5817757009345794,French,iter
Basile_80,Basile,80,0.2543212902095237,8.8,0.6636871508379888,French,iter
Basile_81,Basile,81,0.24501239283410442,8.9,0.6319290465631929,French,iter
Basile_82,Basile,82,0.27757370318846386,8.6,0.6498194945848376,French,iter
Basile_83,Basile,83,0.21949019332345568,9.2,0.640625,French,iter
Basile_84,Basile,84,0.2345521205736988,10.1,0.7191413237924866,French,iter
Basile_85,Basile,85,0.1725212012049376,6,0.5907079646017699,French,iter
Basile_86,Basile,86,0.25903806609348223,7.3,0.5244444444444445,French,iter
Basile_87,Basile,87,0.2362989874072523,9.1,0.6704081632653062,French,iter
Basile_88,Basile,88,0.22270521567617563,7.9,0.5895020188425303,French,iter
Basile_89,Basile,89,0.24774925620369093,7.7,0.5752840909090909,French,iter
Basile_9,Basile,9,0.23660139308642034,9.7,0.638728323699422,French,iter
Basile_90,Basile,90,0.33726203236546265,5.6,0.576,French,iter
Basile_91,Basile,91,0.23842636007606982,9,0.603125,French,iter
Basile_92,Basile,92,0.28857763747186976,7.5,0.6313213703099511,French,iter
Basile_93,Basile,93,0.2768648065222044,8.1,0.6582446808510638,French,iter
Basile_94,Basile,94,0.2538988742464852,8.1,0.6557591623036649,French,iter
Basile_95,Basile,95,0.2317014760260702,8.7,0.6282194848824189,French,iter
Basile_96,Basile,96,0.24166299142769704,8.8,0.6515986769570011,French,iter
Basile_97,Basile,97,0.2670852742786592,7.6,0.5886627906976745,French,iter
Basile_98,Basile,98,0.2880913026241389,7.8,0.6390041493775933,French,iter
Basile_99,Basile,99,0.23498597935134874,5.5,0.5476190476190477,French,iter
Carys_1,Carys,1,0.1680399654254449,12.6,0.768595041322314,Welsh,iter
Carys_10,Carys,10,0.17616347893369044,13.2,0.8074398249452954,Welsh,iter
Carys_100,Carys,100,0.17205905433754543,13.2,0.8074398249452954,Welsh,iter
Carys_11,Carys,11,0.17153047468496968,13.4,0.8123667377398721,Welsh,iter
Carys_12,Carys,12,0.17461779497504018,12.4,0.7645631067961165,Welsh,iter
Carys_13,Carys,13,0.17172291980633592,12.7,0.7791304347826087,Welsh,iter
Carys_14,Carys,14,0.16633592453303117,13.4,0.8123667377398721,Welsh,iter
Carys_15,Carys,15,0.17205018592340598,12.5,0.767065868263473,Welsh,iter
Carys_16,Carys,16,0.17070245416591662,13.5,0.8151658767772512,Welsh,iter
Carys_17,Carys,17,0.17090094331787337,13.4,0.8123667377398721,Welsh,iter
Carys_18,Carys,18,0.1717229198063359,12.7,0.7791304347826087,Welsh,iter
Carys_19,Carys,19,0.17493891717056204,13.3,0.8103727714748784,Welsh,iter
Carys_2,Carys,2,0.1722381157987442,12.6,0.7768643570170288,Welsh,iter
Carys_20,Carys,20,0.17205018592340596,12.5,0.767065868263473,Welsh,iter
Carys_21,Carys,21,0.17623222272675543,13.2,0.8074398249452954,Welsh,iter
Carys_22,Carys,22,0.16589495078734018,13.6,0.8161993769470405,Welsh,iter
Carys_23,Carys,23,0.17240592359714277,12.4,0.7645631067961165,Welsh,iter
Carys_24,Carys,24,0.16957842077557836,13.5,0.8147368421052632,Welsh,iter
Carys_25,Carys,25,0.16957842077557825,13.5,0.8147368421052632,Welsh,iter
Carys_26,Carys,26,0.16949147485658794,14.5,0.7935758148323099,Welsh,iter
Carys_27,Carys,27,0.17090094331787342,13.4,0.8123667377398721,Welsh,iter
Carys_28,Carys,28,0.16804372063814674,13.4,0.8123667377398721,Welsh,iter
Carys_29,Carys,29,0.16803996542544472,12.6,0.768595041322314,Welsh,iter
Carys_3,Carys,3,0.17493891717056206,13.3,0.8103727714748784,Welsh,iter
Carys_30,Carys,30,0.16873765553547904,12.4,0.7645631067961165,Welsh,iter
Carys_31,Carys,31,0.1715397040724095,13.4,0.8123667377398721,Welsh,iter
Carys_32,Carys,32,0.1668915453890863,13.6,0.817047817047817,Welsh,iter
Carys_33,Carys,33,0.16818850752801828,12.7,0.7791304347826087,Welsh,iter
Carys_34,Carys,34,0.17223811579874407,12.6,0.7768643570170288,Welsh,iter
Carys_35,Carys,35,0.1761634789336904,13.2,0.8074398249452954,Welsh,iter
Carys_36,Carys,36,0.17518518905721156,13.3,0.8103727714748784,Welsh,iter
Carys_37,Carys,37,0.17327204084802952,14.3,0.7895500725689405,Welsh,iter
Carys_38,Carys,38,0.17346818802704578,13.3,0.8103727714748784,Welsh,iter
Carys_39,Carys,39,0.16804372063814677,13.4,0.8123667377398721,Welsh,iter
Carys_4,Carys,4,0.1695784207755781,13.5,0.8147368421052632,Welsh,iter
Carys_40,Carys,40,0.17153970407240945,13.4,0.8123667377398721,Welsh,iter
Carys_41,Carys,41,0.1715304746849697,13.4,0.8123667377398721,Welsh,iter
Carys_42,Carys,42,0.17327204084802927,14.3,0.7895500725689405,Welsh,iter
Carys_43,Carys,43,0.17311865307271873,12.4,0.7645631067961165,Welsh,iter
Carys_44,Carys,44,0.16868028915540306,12.6,0.768595041322314,Welsh,iter
Carys_45,Carys,45,0.17436473724620782,12.4,0.7645631067961165,Welsh,iter
Carys_46,Carys,46,0.16997316450279706,11.7,0.7281746031746031,Welsh,iter
Carys_47,Carys,47,0.1722721350522103,13.2,0.8074398249452954,Welsh,iter
Carys_48,Carys,48,0.1717229198063359,12.7,0.7791304347826087,Welsh,iter
Carys_49,Carys,49,0.17153047468496949,13.4,0.8123667377398721,Welsh,iter
Carys_5,Carys,5,0.17629675139895182,12.4,0.7645631067961165,Welsh,iter
Carys_50,Carys,50,0.1668915453890862,13.6,0.817047817047817,Welsh,iter
Carys_51,Carys,51,0.17153970407240957,13.4,0.8123667377398721,Welsh,iter
Carys_52,Carys,52,0.16862398532119277,11.7,0.7281746031746031,Welsh,iter
Carys_53,Carys,53,0.17623222272675546,13.2,0.8074398249452954,Welsh,iter
Carys_54,Carys,54,0.1678721576270463,12.8,0.7817142857142857,Welsh,iter
Carys_55,Carys,55,0.1712550921867458,12.5,0.767065868263473,Welsh,iter
Carys_56,Carys,56,0.16689154538908615,13.6,0.817047817047817,Welsh,iter
Carys_57,Carys,57,0.1742962085460991,13.2,0.8074398249452954,Welsh,iter
Carys_58,Carys,58,0.17153970407240965,13.4,0.8123667377398721,Welsh,iter
Carys_59,Carys,59,0.17016640022982166,14.3,0.7895500725689405,Welsh,iter
Carys_6,Carys,6,0.17205905433754554,13.2,0.8074398249452954,Welsh,iter
Carys_60,Carys,60,0.1668915453890862,13.6,0.817047817047817,Welsh,iter
Carys_61,Carys,61,0.1715304746849697,13.4,0.8123667377398721,Welsh,iter
Carys_62,Carys,62,0.17153047468496954,13.4,0.8123667377398721,Welsh,iter
Carys_63,Carys,63,0.17205905433754545,13.2,0.8074398249452954,Welsh,iter
Carys_64,Carys,64,0.1751851890572115,13.3,0.8103727714748784,Welsh,iter
Carys_65,Carys,65,0.171133370604071,13.3,0.8103727714748784,Welsh,iter
Carys_66,Carys,66,0.16964676809951693,12.6,0.768595041322314,Welsh,iter
Carys_67,Carys,67,0.17217730699120912,12.4,0.7645631067961165,Welsh,iter
Carys_68,Carys,68,0.17346818802704586,13.3,0.8103727714748784,Welsh,iter
Carys_69,Carys,69,0.17027940699256464,12.6,0.768595041322314,Welsh,iter
Carys_7,Carys,7,0.17417228513181318,14.3,0.7895500725689405,Welsh,iter
Carys_70,Carys,70,0.1715397040724096,13.4,0.8123667377398721,Welsh,iter
Carys_71,Carys,71,0.16689154538908618,13.6,0.817047817047817,Welsh,iter
Carys_72,Carys,72,0.1696467680995168,12.6,0.768595041322314,Welsh,iter
Carys_73,Carys,73,0.17153970407240968,13.4,0.8123667377398721,Welsh,iter
Carys_74,Carys,74,0.1663359245330312,13.4,0.8123667377398721,Welsh,iter
Carys_75,Carys,75,0.17207814868004717,13.4,0.8123667377398721,Welsh,iter
Carys_76,Carys,76,0.1761634789336903,13.2,0.8074398249452954,Welsh,iter
Carys_77,Carys,77,0.1749592890589236,12.4,0.7645631067961165,Welsh,iter
Carys_78,Carys,78,0.173089397008841,12.4,0.7645631067961165,Welsh,iter
Carys_79,Carys,79,0.1668915453890863,13.6,0.817047817047817,Welsh,iter
Carys_8,Carys,8,0.17237023244634464,14.4,0.7919655667144907,Welsh,iter
Carys_80,Carys,80,0.1732720408480296,14.3,0.7895500725689405,Welsh,iter
Carys_81,Carys,81,0.17493891717056198,13.3,0.8103727714748784,Welsh,iter
Carys_82,Carys,82,0.17327204084802952,14.3,0.7895500725689405,Welsh,iter
Carys_83,Carys,83,0.1715304746849698,13.4,0.8123667377398721,Welsh,iter
Carys_84,Carys,84,0.16689154538908627,13.6,0.817047817047817,Welsh,iter
Carys_85,Carys,85,0.17207814868004725,13.4,0.8123667377398721,Welsh,iter
Carys_86,Carys,86,0.16949147485658794,14.5,0.7935758148323099,Welsh,iter
Carys_87,Carys,87,0.17172291980633586,12.7,0.7791304347826087,Welsh,iter
Carys_88,Carys,88,0.17205018592340585,12.5,0.767065868263473,Welsh,iter
Carys_89,Carys,89,0.17090094331787348,13.4,0.8123667377398721,Welsh,iter
Carys_9,Carys,9,0.168737655535479,12.4,0.7645631067961165,Welsh,iter
Carys_90,Carys,90,0.17097687564272954,13.4,0.8123667377398721,Welsh,iter
Carys_91,Carys,91,0.17346818802704578,13.3,0.8103727714748784,Welsh,iter
Carys_92,Carys,92,0.17049056030279142,13.4,0.8123667377398721,Welsh,iter
Carys_93,Carys,93,0.17587509005747085,13.2,0.8074398249452954,Welsh,iter
Carys_94,Carys,94,0.17153047468496968,13.4,0.8123667377398721,Welsh,iter
Carys_95,Carys,95,0.17554616256357566,12.4,0.7645631067961165,Welsh,iter
Carys_96,Carys,96,0.17237023244634472,14.4,0.7919655667144907,Welsh,iter
Carys_97,Carys,97,0.1746177949750403,12.4,0.7645631067961165,Welsh,iter
Carys_98,Carys,98,0.17113337060407108,13.3,0.8103727714748784,Welsh,iter
Carys_99,Carys,99,0.17518518905721137,13.3,0.8103727714748784,Welsh,iter
Eelis_1,Eelis,1,0.053041225000955726,2.9,0.5882352941176471,Finnish,iter
Eelis_10,Eelis,10,0.044440427786043527,3,0.4748201438848921,Finnish,iter
Eelis_100,Eelis,100,0.04947343734832402,2.3,0.5192307692307693,Finnish,iter
Eelis_11,Eelis,11,0.07241218681964957,2.1,0.2876712328767123,Finnish,iter
Eelis_12,Eelis,12,0.1834584895738321,2.2,0.3442622950819672,Finnish,iter
Eelis_13,Eelis,13,0.12318776968527237,3.4,0.7622950819672131,Finnish,iter
Eelis_14,Eelis,14,0.22058230412581345,3.3,0.46296296296296297,Finnish,iter
Eelis_15,Eelis,15,0.23843289378915647,3.8,0.63,Finnish,iter
Eelis_16,Eelis,16,0.21448891117589455,3.3,0.5307692307692308,Finnish,iter
Eelis_17,Eelis,17,0.1262995986073255,3.3,0.4602272727272727,Finnish,iter
Eelis_18,Eelis,18,0.2222622827971673,2.8,0.6144578313253012,Finnish,iter
Eelis_19,Eelis,19,0.26814153217533704,3.2,0.6272727272727273,Finnish,iter
Eelis_2,Eelis,2,0.02981033108454316,1.9,0.39473684210526316,Finnish,iter
Eelis_20,Eelis,20,0.23654305960766137,2.3,0.6111111111111112,Finnish,iter
Eelis_21,Eelis,21,0.020101295925390745,1.7,0.2926829268292683,Finnish,iter
Eelis_22,Eelis,22,0.04892795826770675,3.2,0.5476190476190477,Finnish,iter
Eelis_23,Eelis,23,0.3791428703738653,3.8,0.6071428571428571,Finnish,iter
Eelis_24,Eelis,24,0.17835146908283628,3.5,0.6428571428571429,Finnish,iter
Eelis_25,Eelis,25,0.02669330263126881,1.9,0.5526315789473685,Finnish,iter
Eelis_26,Eelis,26,0.058142809964024315,3.5,0.6521739130434783,Finnish,iter
Eelis_27,Eelis,27,0.031156070924766452,2.1,0.3050847457627119,Finnish,iter
Eelis_28,Eelis,28,0.026652110941648113,1.8,0.3333333333333333,Finnish,iter
Eelis_29,Eelis,29,0.09382894568507083,3,0.59375,Finnish,iter
Eelis_3,Eelis,3,0.04193772928706371,3,0.49624060150375937,Finnish,iter
Eelis_30,Eelis,30,0.04794566636685655,2.9,0.5428571428571428,Finnish,iter
Eelis_31,Eelis,31,0.20065019869335898,2.7,0.5555555555555556,Finnish,iter
Eelis_32,Eelis,32,0.011771655809070296,1.8,0.2608695652173913,Finnish,iter
Eelis_33,Eelis,33,0.1702060199460952,3.7,0.6089108910891089,Finnish,iter
Eelis_34,Eelis,34,0.08226063179729305,4.2,0.7656903765690377,Finnish,iter
Eelis_35,Eelis,35,0.04307215811603604,2,0.3181818181818182,Finnish,iter
Eelis_36,Eelis,36,0.24768260174223491,5.5,0.7967479674796748,Finnish,iter
Eelis_37,Eelis,37,0.01242972586018966,1.5,0.1875,Finnish,iter
Eelis_38,Eelis,38,0.06917566991987296,2.1,0.7333333333333333,Finnish,iter
Eelis_39,Eelis,39,0.06359411238572078,2.9,0.6296296296296297,Finnish,iter
Eelis_4,Eelis,4,0.03959570828876589,2.5,0.4838709677419355,Finnish,iter
Eelis_40,Eelis,40,0.04655248107543773,2.7,0.34375,Finnish,iter
Eelis_41,Eelis,41,0.041564608162755916,1.9,0.35294117647058826,Finnish,iter
Eelis_42,Eelis,42,0.034503145593581294,2.6,0.44,Finnish,iter
Eelis_43,Eelis,43,0.0590303631139933,3.1,0.55,Finnish,iter
Eelis_44,Eelis,44,0.26334488354324403,3.4,0.4768211920529801,Finnish,iter
Eelis_45,Eelis,45,0.06543560952502818,2.6,0.7857142857142857,Finnish,iter
Eelis_46,Eelis,46,0.03816823617785462,2.4,0.4166666666666667,Finnish,iter
Eelis_47,Eelis,47,0.07260836000913556,2.7,0.6063829787234043,Finnish,iter
Eelis_48,Eelis,48,0.05541523986065221,2.5,0.6,Finnish,iter
Eelis_49,Eelis,49,0.12181490257747367,3.4,0.6521739130434783,Finnish,iter
Eelis_5,Eelis,5,0.4187898163486151,3.4,0.5847457627118644,Finnish,iter
Eelis_50,Eelis,50,0.21585281061572034,3.8,0.6395939086294417,Finnish,iter
Eelis_51,Eelis,51,0.06810059228536036,3.4,0.6455696202531646,Finnish,iter
Eelis_52,Eelis,52,0.13295734166397624,3,0.7073170731707317,Finnish,iter
Eelis_53,Eelis,53,0.22038224786899732,3.8,0.6923076923076923,Finnish,iter
Eelis_54,Eelis,54,0.05818923993973129,2.5,0.5806451612903226,Finnish,iter
Eelis_55,Eelis,55,0.13621809369972138,4.3,0.75,Finnish,iter
Eelis_56,Eelis,56,0.05161814174327311,3,0.4852941176470588,Finnish,iter
Eelis_57,Eelis,57,0.23470680029361143,2.9,0.7222222222222222,Finnish,iter
Eelis_58,Eelis,58,0.29559157823166987,3.7,0.7456647398843931,Finnish,iter
Eelis_59,Eelis,59,0.05881294369646509,2.1,0.8333333333333334,Finnish,iter
Eelis_6,Eelis,6,0.29013683022316383,3.3,0.584070796460177,Finnish,iter
Eelis_60,Eelis,60,0.11400057727729906,2.7,0.5425531914893617,Finnish,iter
Eelis_61,Eelis,61,0.06028307475137705,2.6,0.6575342465753424,Finnish,iter
Eelis_62,Eelis,62,0.11675085902457145,4.8,0.6956521739130435,Finnish,iter
Eelis_63,Eelis,63,0.07550646236111586,4.1,0.6260869565217392,Finnish,iter
Eelis_64,Eelis,64,0.19244867800722287,3.2,0.46153846153846156,Finnish,iter
Eelis_65,Eelis,65,0.0708689996371001,4.3,0.5845588235294118,Finnish,iter
Eelis_66,Eelis,66,0.3273874493359988,3.3,0.648,Finnish,iter
Eelis_67,Eelis,67,0.15099632462780732,2.7,0.5555555555555556,Finnish,iter
Eelis_68,Eelis,68,0.07439656796663119,3.5,0.6557377049180327,Finnish,iter
Eelis_69,Eelis,69,0.25891517467139,3,0.7009345794392523,Finnish,iter
Eelis_7,Eelis,7,0.062276630641898895,3.4,0.5333333333333333,Finnish,iter
Eelis_70,Eelis,70,0.0452686539948443,2.2,0.6190476190476191,Finnish,iter
Eelis_71,Eelis,71,0.07179234333792611,2.6,0.6153846153846154,Finnish,iter
Eelis_72,Eelis,72,0.25151267441195224,4.2,0.7397260273972602,Finnish,iter
Eelis_73,Eelis,73,0.021164911630132323,1.9,0.375,Finnish,iter
Eelis_74,Eelis,74,0.017343187730743177,1.5,0.3333333333333333,Finnish,iter
Eelis_75,Eelis,75,0.044074956579420475,2.4,0.5652173913043478,Finnish,iter
Eelis_76,Eelis,76,0.0935065063665604,4.1,0.8181818181818182,Finnish,iter
Eelis_77,Eelis,77,0.25380855410982334,3.5,0.64,Finnish,iter
Eelis_78,Eelis,78,0.2563294315102134,2.2,0.39622641509433965,Finnish,iter
Eelis_79,Eelis,79,0.06124478455045183,3.1,0.5684210526315789,Finnish,iter
Eelis_8,Eelis,8,0.05386026881991865,2.7,0.53125,Finnish,iter
Eelis_80,Eelis,80,0.04490311182263506,2.7,0.66,Finnish,iter
Eelis_81,Eelis,81,0.003383086059065531,1.4,0,Finnish,iter
Eelis_82,Eelis,82,0.10342761511127056,2.3,0.5652173913043478,Finnish,iter
Eelis_83,Eelis,83,0.207617931200583,2.7,0.5543478260869565,Finnish,iter
Eelis_84,Eelis,84,0.060805121396132006,2.9,0.6063829787234043,Finnish,iter
Eelis_85,Eelis,85,0.11761424379246725,4.6,0.7370242214532872,Finnish,iter
Eelis_86,Eelis,86,0.04925167100461362,1.9,0.7058823529411765,Finnish,iter
Eelis_87,Eelis,87,0.05287171716059543,4.3,0.5693430656934306,Finnish,iter
Eelis_88,Eelis,88,0.06895431278731262,3,0.7304347826086957,Finnish,iter
Eelis_89,Eelis,89,0.032237836072707346,2.9,0.4830508474576271,Finnish,iter
Eelis_9,Eelis,9,0.08697490938357788,3.3,0.7380952380952381,Finnish,iter
Eelis_90,Eelis,90,0.034671852520309375,2.2,0.5882352941176471,Finnish,iter
Eelis_91,Eelis,91,0.022565025213807773,1.8,0.36585365853658536,Finnish,iter
Eelis_92,Eelis,92,0.05885086482344565,2.5,0.6617647058823529,Finnish,iter
Eelis_93,Eelis,93,0.035904204464910536,2,0.6176470588235294,Finnish,iter
Eelis_94,Eelis,94,0.26832202910486486,3.6,0.8012422360248447,Finnish,iter
Eelis_95,Eelis,95,0.057371914286301666,3.1,0.5208333333333334,Finnish,iter
Eelis_96,Eelis,96,0.07962327701360582,3.2,0.75,Finnish,iter
Eelis_97,Eelis,97,0.05396906005206213,2.3,0.6885245901639344,Finnish,iter
Eelis_98,Eelis,98,0.04592829725282432,2.8,0.5517241379310345,Finnish,iter
Eelis_99,Eelis,99,0.06168611042456135,3.4,0.5,Finnish,iter
Elen_1,Elen,1,0.24532423217081825,9.2,0.6578947368421053,Welsh,iter
Elen_10,Elen,10,0.2617262327213811,7.6,0.6617647058823529,Welsh,iter
Elen_100,Elen,100,0.22413134304342014,10.1,0.7029972752043597,Welsh,iter
Elen_11,Elen,11,0.23142129490664443,10.4,0.7609630266552021,Welsh,iter
Elen_12,Elen,12,0.24851360772437892,9.6,0.7165048543689321,Welsh,iter
Elen_13,Elen,13,0.2522836055730591,9.5,0.7357357357357357,Welsh,iter
Elen_14,Elen,14,0.2505521350278875,5,0.5384615384615384,Welsh,iter
Elen_15,Elen,15,0.23759872977503518,8.5,0.6884661117717004,Welsh,iter
Elen_16,Elen,16,0.239741140986908,8.3,0.6212534059945504,Welsh,iter
Elen_17,Elen,17,0.20308773697273436,10.5,0.7296650717703349,Welsh,iter
Elen_18,Elen,18,0.22697745345922113,9.9,0.6991869918699187,Welsh,iter
Elen_19,Elen,19,0.27766664116243833,8,0.7093184979137691,Welsh,iter
Elen_2,Elen,2,0.2634364942278424,7.1,0.6157635467980296,Welsh,iter
Elen_20,Elen,20,0.2569336379848271,7.7,0.6438356164383562,Welsh,iter
Elen_21,Elen,21,0.23351398474919516,9.9,0.6663461538461538,Welsh,iter
Elen_22,Elen,22,0.23218590639269682,9.1,0.7010869565217391,Welsh,iter
Elen_23,Elen,23,0.2565474765833857,6.4,0.5988023952095808,Welsh,iter
Elen_24,Elen,24,0.224552592407191,10.2,0.7060414788097386,Welsh,iter
Elen_25,Elen,25,0.2504144239285791,7.9,0.637660485021398,Welsh,iter
Elen_26,Elen,26,0.25560270732255497,9.5,0.7161290322580646,Welsh,iter
Elen_27,Elen,27,0.26468070780993147,8.5,0.6988416988416989,Welsh,iter
Elen_28,Elen,28,0.24225837105197887,8.5,0.6600741656365884,Welsh,iter
Elen_29,Elen,29,0.25189366271446784,6.9,0.6123595505617978,Welsh,iter
Elen_3,Elen,3,0.24177695519967318,9.4,0.6489925768822906,Welsh,iter
Elen_30,Elen,30,0.227927238788626,10,0.7137648131267093,Welsh,iter
Elen_31,Elen,31,0.21614322336229705,10.2,0.7184549356223175,Welsh,iter
Elen_32,Elen,32,0.24463096313796287,9.3,0.7289719626168224,Welsh,iter
Elen_33,Elen,33,0.2127457884091646,10.5,0.7014925373134329,Welsh,iter
Elen_34,Elen,34,0.23306887204235663,7.5,0.6054628224582701,Welsh,iter
Elen_35,Elen,35,0.2435219661538579,9.7,0.7764705882352941,Welsh,iter
Elen_36,Elen,36,0.21469546370665718,10.7,0.6917355371900826,Welsh,iter
Elen_37,Elen,37,0.2630396680468452,7.9,0.6271186440677966,Welsh,iter
Elen_38,Elen,38,0.2543905054990576,7.5,0.6938110749185668,Welsh,iter
Elen_39,Elen,39,0.23193636582056404,9.8,0.655705996131528,Welsh,iter
Elen_4,Elen,4,0.24678507668515468,9.1,0.7467391304347826,Welsh,iter
Elen_40,Elen,40,0.2390482026174718,10.3,0.699724517906336,Welsh,iter
Elen_41,Elen,41,0.25614279943462914,8.9,0.6692307692307692,Welsh,iter
Elen_42,Elen,42,0.2361271532287056,8.6,0.6762589928057554,Welsh,iter
Elen_43,Elen,43,0.2505805737741419,8.6,0.6830985915492958,Welsh,iter
Elen_44,Elen,44,0.23512432065692906,7,0.5884244372990354,Welsh,iter
Elen_45,Elen,45,0.24369568242493791,8,0.6017441860465116,Welsh,iter
Elen_46,Elen,46,0.24365238117916832,9.8,0.6878612716763006,Welsh,iter
Elen_47,Elen,47,0.23515495402171452,8.6,0.662962962962963,Welsh,iter
Elen_48,Elen,48,0.22708956988500217,8.8,0.5754385964912281,Welsh,iter
Elen_49,Elen,49,0.2245301337427645,10,0.6958483754512635,Welsh,iter
Elen_5,Elen,5,0.24683289671269554,8.9,0.6564625850340136,Welsh,iter
Elen_50,Elen,50,0.24194038950242522,9.6,0.703030303030303,Welsh,iter
Elen_51,Elen,51,0.23350163525629536,8.6,0.6853146853146853,Welsh,iter
Elen_52,Elen,52,0.24792664740072343,8,0.6957708049113234,Welsh,iter
Elen_53,Elen,53,0.2417699667459805,8.9,0.7079741379310345,Welsh,iter
Elen_54,Elen,54,0.2380351803800689,8.3,0.6731517509727627,Welsh,iter
Elen_55,Elen,55,0.2596433891302621,8.2,0.6443228454172366,Welsh,iter
Elen_56,Elen,56,0.23601263569947442,7.8,0.5414201183431953,Welsh,iter
Elen_57,Elen,57,0.2577470239297578,7.7,0.6226415094339622,Welsh,iter
Elen_58,Elen,58,0.20932883866278582,7.5,0.5567010309278351,Welsh,iter
Elen_59,Elen,59,0.2594318281939452,6.8,0.5909090909090909,Welsh,iter
Elen_6,Elen,6,0.2526418376630657,7.8,0.6681034482758621,Welsh,iter
Elen_60,Elen,60,0.230694411836679,9.1,0.6659340659340659,Welsh,iter
Elen_61,Elen,61,0.27046434796017693,7.2,0.6690265486725664,Welsh,iter
Elen_62,Elen,62,0.2549200028198411,8.1,0.6875852660300137,Welsh,iter
Elen_63,Elen,63,0.22947402156264432,8,0.626193724420191,Welsh,iter
Elen_64,Elen,64,0.22949030643252305,8.2,0.634020618556701,Welsh,iter
Elen_65,Elen,65,0.2065193494003322,9.9,0.6838824577025824,Welsh,iter
Elen_66,Elen,66,0.25299392550975636,7.7,0.6569678407350689,Welsh,iter
Elen_67,Elen,67,0.2444657450063351,9.8,0.7485493230174082,Welsh,iter
Elen_68,Elen,68,0.2520304891502423,7.7,0.683599419448476,Welsh,iter
Elen_69,Elen,69,0.23389189189763446,8.5,0.7026699029126213,Welsh,iter
Elen_7,Elen,7,0.2658373148008158,8.4,0.7333333333333333,Welsh,iter
Elen_70,Elen,70,0.21924884069767767,8.6,0.6709601873536299,Welsh,iter
Elen_71,Elen,71,0.24808681397335908,9,0.6770949720670391,Welsh,iter
Elen_72,Elen,72,0.23410205988527769,9.5,0.7303822937625755,Welsh,iter
Elen_73,Elen,73,0.23763922306245824,9.1,0.6549520766773163,Welsh,iter
Elen_74,Elen,74,0.23171011853189186,8.8,0.6616216216216216,Welsh,iter
Elen_75,Elen,75,0.24259983917856018,9.2,0.7120253164556962,Welsh,iter
Elen_76,Elen,76,0.23590303807270163,8.8,0.6720554272517321,Welsh,iter
Elen_77,Elen,77,0.2521075373690607,9.5,0.6947988223748773,Welsh,iter
Elen_78,Elen,78,0.2228000540524097,9.1,0.6782334384858044,Welsh,iter
Elen_79,Elen,79,0.23097584637310728,9.6,0.7720797720797721,Welsh,iter
Elen_8,Elen,8,0.2091343791202828,11.9,0.7520161290322581,Welsh,iter
Elen_80,Elen,80,0.2417775488465857,9.8,0.6949475691134414,Welsh,iter
Elen_81,Elen,81,0.24515859804650336,7,0.6237113402061856,Welsh,iter
Elen_82,Elen,82,0.23205026756302163,9.2,0.7185261003070624,Welsh,iter
Elen_83,Elen,83,0.265518426715652,6.5,0.5647773279352226,Welsh,iter
Elen_84,Elen,84,0.23385843807010973,7.8,0.6540084388185654,Welsh,iter
Elen_85,Elen,85,0.2373419309326001,9.7,0.711864406779661,Welsh,iter
Elen_86,Elen,86,0.2589525962129512,7.7,0.6984375,Welsh,iter
Elen_87,Elen,87,0.22628941728379018,9.9,0.6856343283582089,Welsh,iter
Elen_88,Elen,88,0.25220275715072876,9.5,0.6863354037267081,Welsh,iter
Elen_89,Elen,89,0.24653423534169586,7,0.5721925133689839,Welsh,iter
Elen_9,Elen,9,0.2628776348909627,7,0.5889908256880734,Welsh,iter
Elen_90,Elen,90,0.2450767103878767,8.3,0.6525096525096525,Welsh,iter
Elen_91,Elen,91,0.26003722757642456,7,0.5735294117647058,Welsh,iter
Elen_92,Elen,92,0.3341379743887632,7.1,0.6794425087108014,Welsh,iter
Elen_93,Elen,93,0.24150782772326615,9,0.6578073089700996,Welsh,iter
Elen_94,Elen,94,0.2378784674530123,9.9,0.6669874879692012,Welsh,iter
Elen_95,Elen,95,0.2322120032455261,10.3,0.6971066907775768,Welsh,iter
Elen_96,Elen,96,0.20905332121819278,10.9,0.7098009188361409,Welsh,iter
Elen_97,Elen,97,0.23912269129868297,10.5,0.7576530612244898,Welsh,iter
Elen_98,Elen,98,0.2977808537485557,7.2,0.6606498194945848,Welsh,iter
Elen_99,Elen,99,0.23941918549972366,9.1,0.7012987012987013,Welsh,iter
Eliisa_1,Eliisa,1,0.34041206455581635,4.3,0.47639484978540775,Finnish,iter
Eliisa_10,Eliisa,10,0.24615118856381318,3.8,0.4768211920529801,Finnish,iter
Eliisa_100,Eliisa,100,0.18775333452262383,3.7,0.5,Finnish,iter
Eliisa_11,Eliisa,11,0.36821864440045105,4.3,0.4868421052631579,Finnish,iter
Eliisa_12,Eliisa,12,0.3391573436735659,4.5,0.4302788844621514,Finnish,iter
Eliisa_13,Eliisa,13,0.3855506144146168,4.3,0.42857142857142855,Finnish,iter
Eliisa_14,Eliisa,14,0.31496398110120194,5,0.42038216560509556,Finnish,iter
Eliisa_15,Eliisa,15,0.262895094618163,4.5,0.4470588235294118,Finnish,iter
Eliisa_16,Eliisa,16,0.2470609975659702,3.9,0.44021739130434784,Finnish,iter
Eliisa_17,Eliisa,17,0.2797347298699902,4.9,0.47840531561461797,Finnish,iter
Eliisa_18,Eliisa,18,0.2642872448121624,3,0.46551724137931033,Finnish,iter
Eliisa_19,Eliisa,19,0.29467972187066765,5.6,0.5476190476190477,Finnish,iter
Eliisa_2,Eliisa,2,0.2845457267249874,4.9,0.493006993006993,Finnish,iter
Eliisa_20,Eliisa,20,0.3238840032353265,5.1,0.5,Finnish,iter
Eliisa_21,Eliisa,21,0.2593580874707921,3.3,0.45,Finnish,iter
Eliisa_22,Eliisa,22,0.32934104252841473,3.7,0.45569620253164556,Finnish,iter
Eliisa_23,Eliisa,23,0.2979262145285111,4.1,0.5167464114832536,Finnish,iter
Eliisa_24,Eliisa,24,0.3910188911308583,3.3,0.532258064516129,Finnish,iter
Eliisa_25,Eliisa,25,0.26861731114031767,5.2,0.5496894409937888,Finnish,iter
Eliisa_26,Eliisa,26,0.3534202970528039,5.6,0.4818181818181818,Finnish,iter
Eliisa_27,Eliisa,27,0.3446734933031659,4.8,0.5434782608695652,Finnish,iter
Eliisa_28,Eliisa,28,0.2573212847479232,4,0.5238095238095238,Finnish,iter
Eliisa_29,Eliisa,29,0.38552559719337215,4.2,0.4368932038834951,Finnish,iter
Eliisa_3,Eliisa,3,0.367828713191957,4.2,0.5384615384615384,Finnish,iter
Eliisa_30,Eliisa,30,0.41292345295902483,3.3,0.45454545454545453,Finnish,iter
Eliisa_31,Eliisa,31,0.3918585223373464,3.6,0.45394736842105265,Finnish,iter
Eliisa_32,Eliisa,32,0.39357963102930577,3.3,0.5655737704918032,Finnish,iter
Eliisa_33,Eliisa,33,0.34412421690216455,5.4,0.5303867403314917,Finnish,iter
Eliisa_34,Eliisa,34,0.2427821807755162,3.3,0.4322033898305085,Finnish,iter
Eliisa_35,Eliisa,35,0.31779952809307116,5.1,0.5,Finnish,iter
Eliisa_36,Eliisa,36,0.3065790920588865,3.5,0.5032258064516129,Finnish,iter
Eliisa_37,Eliisa,37,0.3787062785702765,3.9,0.48554913294797686,Finnish,iter
Eliisa_38,Eliisa,38,0.2807421965714786,4.3,0.5205479452054794,Finnish,iter
Eliisa_39,Eliisa,39,0.30834920867066046,3,0.43902439024390244,Finnish,iter
Eliisa_4,Eliisa,4,0.3319148048231896,4,0.5485714285714286,Finnish,iter
Eliisa_40,Eliisa,40,0.3018228682908462,5.6,0.5417789757412399,Finnish,iter
Eliisa_41,Eliisa,41,0.3577351648841459,5.5,0.5555555555555556,Finnish,iter
Eliisa_42,Eliisa,42,0.2946169125856801,3.3,0.5669291338582677,Finnish,iter
Eliisa_43,Eliisa,43,0.5194025911104975,3.3,0.6198347107438017,Finnish,iter
Eliisa_44,Eliisa,44,0.31215711607445035,4.9,0.5317725752508361,Finnish,iter
Eliisa_45,Eliisa,45,0.33008864571777097,3.2,0.5094339622641509,Finnish,iter
Eliisa_46,Eliisa,46,0.3132615085387304,5.3,0.5501432664756447,Finnish,iter
Eliisa_47,Eliisa,47,0.36852436287845264,2.7,0.44594594594594594,Finnish,iter
Eliisa_48,Eliisa,48,0.38960691390662955,4.5,0.49295774647887325,Finnish,iter
Eliisa_49,Eliisa,49,0.36672138783753583,4.9,0.5756457564575646,Finnish,iter
Eliisa_5,Eliisa,5,0.3817849173945874,4.5,0.54216867469879515,Finnish,iter
Eliisa_50,Eliisa,50,0.3834385151314837,4.1,0.5,Finnish,iter
Eliisa_51,Eliisa,51,0.3312794415635345,4.1,0.4793814432989691,Finnish,iter
Eliisa_52,Eliisa,52,0.3345035722177749,3.7,0.46706586826347307,Finnish,iter
Eliisa_53,Eliisa,53,0.3791123866169212,5.1,0.5179856115107914,Finnish,iter
Eliisa_54,Eliisa,54,0.27013773616149483,4.8,0.54,Finnish,iter
Eliisa_55,Eliisa,55,0.334794161963725,3.6,0.4528301886792453,Finnish,iter
Eliisa_56,Eliisa,56,0.3952899352175356,4.4,0.4857142857142857,Finnish,iter
Eliisa_57,Eliisa,57,0.34507697901756273,5.7,0.4849315068493151,Finnish,iter
Eliisa_58,Eliisa,58,0.3568427362612479,4.6,0.4730290456431535,Finnish,iter
Eliisa_59,Eliisa,59,0.3365202341450104,4.1,0.6428571428571429,Finnish,iter
Eliisa_6,Eliisa,6,0.6169179055907776,3.1,0.42857142857142855,Finnish,iter
Eliisa_60,Eliisa,60,0.30893524017675,4,0.42857142857142855,Finnish,iter
Eliisa_61,Eliisa,61,0.39659805066474635,4.2,0.4639175257731959,Finnish,iter
Eliisa_62,Eliisa,62,0.5252271958134348,3.4,0.5769230769230769,Finnish,iter
Eliisa_63,Eliisa,63,0.3421330256332004,4.1,0.5230769230769231,Finnish,iter
Eliisa_64,Eliisa,64,0.38073888488098895,4.5,0.46551724137931033,Finnish,iter
Eliisa_65,Eliisa,65,0.32687349941278476,3.6,0.5272727272727272,Finnish,iter
Eliisa_66,Eliisa,66,0.2961323013036133,3.6,0.4768211920529801,Finnish,iter
Eliisa_67,Eliisa,67,0.25559414771281164,3.8,0.5664335664335665,Finnish,iter
Eliisa_68,Eliisa,68,0.33574893382159265,4.6,0.4647887323943662,Finnish,iter
Eliisa_69,Eliisa,69,0.4134939609561873,4.2,0.576271186440678,Finnish,iter
Eliisa_7,Eliisa,7,0.2896211362892839,5.4,0.49714285714285716,Finnish,iter
Eliisa_70,Eliisa,70,0.35591004807413645,4.7,0.48,Finnish,iter
Eliisa_71,Eliisa,71,0.3457624746199438,5.5,0.5384615384615384,Finnish,iter
Eliisa_72,Eliisa,72,0.2525957647597221,4.1,0.5161290322580645,Finnish,iter
Eliisa_73,Eliisa,73,0.37902213934329637,3.8,0.46153846153846156,Finnish,iter
Eliisa_74,Eliisa,74,0.34887584264678945,3.9,0.4263959390862944,Finnish,iter
Eliisa_75,Eliisa,75,0.39598583840929874,3.7,0.5136986301369864,Finnish,iter
Eliisa_76,Eliisa,76,0.30027899442113826,3.8,0.5660377358490566,Finnish,iter
Eliisa_77,Eliisa,77,0.32796078560713104,5.6,0.5524079320113314,Finnish,iter
Eliisa_78,Eliisa,78,0.40391168482617795,3.7,0.47368421052631576,Finnish,iter
Eliisa_79,Eliisa,79,0.3634857804336511,4.5,0.4675324675324675,Finnish,iter
Eliisa_8,Eliisa,8,0.33936524938001456,4.5,0.5477178423236515,Finnish,iter
Eliisa_80,Eliisa,80,0.3924767763039327,4.8,0.6254826254826255,Finnish,iter
Eliisa_81,Eliisa,81,0.3515412237937564,5,0.47368421052631576,Finnish,iter
Eliisa_82,Eliisa,82,0.42062449729166174,3.9,0.46296296296296297,Finnish,iter
Eliisa_83,Eliisa,83,0.32782435254143,5.8,0.46900269541778977,Finnish,iter
Eliisa_84,Eliisa,84,0.39308231020174456,3.9,0.42857142857142855,Finnish,iter
Eliisa_85,Eliisa,85,0.2504339142519698,4.1,0.6382978723404256,Finnish,iter
Eliisa_86,Eliisa,86,0.3654576716739241,4,0.43575418994413406,Finnish,iter
Eliisa_87,Eliisa,87,0.3323435994585675,4.9,0.4782608695652174,Finnish,iter
Eliisa_88,Eliisa,88,0.3615486819814822,3.5,0.48936170212765956,Finnish,iter
Eliisa_89,Eliisa,89,0.37296175698461964,4.5,0.5022026431718062,Finnish,iter
Eliisa_9,Eliisa,9,0.42081825395759137,3.5,0.41007194244604317,Finnish,iter
Eliisa_90,Eliisa,90,0.35607343006512066,4.7,0.43902439024390244,Finnish,iter
Eliisa_91,Eliisa,91,0.3088961639829378,4.4,0.5217391304347826,Finnish,iter
Eliisa_92,Eliisa,92,0.33398233821208767,5.5,0.5338983050847458,Finnish,iter
Eliisa_93,Eliisa,93,0.3336155335281923,3.7,0.44571428571428573,Finnish,iter
Eliisa_94,Eliisa,94,0.37446511772095453,5.3,0.5264900662251656,Finnish,iter
Eliisa_95,Eliisa,95,0.37288869691464405,4.3,0.581081081081081,Finnish,iter
Eliisa_96,Eliisa,96,0.2219605854866483,4.5,0.34,Finnish,iter
Eliisa_97,Eliisa,97,0.34794679854186006,3.5,0.5244755244755245,Finnish,iter
Eliisa_98,Eliisa,98,0.2562115946145302,5.8,0.424390243902439,Finnish,iter
Eliisa_99,Eliisa,99,0.3568287091625209,5.3,0.4854368932038835,Finnish,iter
Ella_1,Ella,1,0.29967823687967965,5.9,0.43958868894601544,UK,iter
Ella_10,Ella,10,0.18622795369523376,7.4,0.46875,UK,iter
Ella_100,Ella,100,0.18051866418640802,4.5,0.37755102040816324,UK,iter
Ella_11,Ella,11,0.23568831620608732,6.2,0.6079295154185022,UK,iter
Ella_12,Ella,12,0.26257568475443116,7.3,0.6030150753768844,UK,iter
Ella_13,Ella,13,0.24071880194003942,5.9,0.5074626865671642,UK,iter
Ella_14,Ella,14,0.23291902925198868,5.9,0.39215686274509803,UK,iter
Ella_15,Ella,15,0.25362291964473466,6.2,0.48775055679287305,UK,iter
Ella_16,Ella,16,0.23065056469644699,7,0.47750865051903113,UK,iter
Ella_17,Ella,17,0.2314018154616877,7.2,0.5074626865671642,UK,iter
Ella_18,Ella,18,0.1736920260317254,6,0.5386363636363637,UK,iter
Ella_19,Ella,19,0.2653282288514146,6.2,0.5435294117647059,UK,iter
Ella_2,Ella,2,0.2734756366870278,6.3,0.5560640732265446,UK,iter
Ella_20,Ella,20,0.2667230736901796,7.5,0.560702875399361,UK,iter
Ella_21,Ella,21,0.22976259576492272,6.7,0.48616600790513836,UK,iter
Ella_22,Ella,22,0.24418711509875995,8.6,0.5783582089552238,UK,iter
Ella_23,Ella,23,0.248208330162134,7.1,0.46075085324232085,UK,iter
Ella_24,Ella,24,0.1806149512544908,7.2,0.462882096069869,UK,iter
Ella_25,Ella,25,0.2261287135783184,6.5,0.5517241379310345,UK,iter
Ella_26,Ella,26,0.22502147091569313,6.4,0.5103734439834025,UK,iter
Ella_27,Ella,27,0.19817410435230295,6.1,0.4689507494646681,UK,iter
Ella_28,Ella,28,0.23650399900239086,6.7,0.5276073619631901,UK,iter
Ella_29,Ella,29,0.22297082680118757,5.8,0.46788990825688076,UK,iter
Ella_3,Ella,3,0.2138415131448333,8.9,0.4988207547169811,UK,iter
Ella_30,Ella,30,0.21054442920925126,6.2,0.5680851063829787,UK,iter
Ella_31,Ella,31,0.2810655657896495,6.5,0.5523012552301255,UK,iter
Ella_32,Ella,32,0.18844115701079303,6,0.4591194968553459,UK,iter
Ella_33,Ella,33,0.24354925936531274,7.2,0.5468227424749164,UK,iter
Ella_34,Ella,34,0.28721951814186353,6.6,0.5264270613107822,UK,iter
Ella_35,Ella,35,0.20344565174043885,6.8,0.483704974271012,UK,iter
Ella_36,Ella,36,0.2717873814668521,7.4,0.5509181969949917,UK,iter
Ella_37,Ella,37,0.26970871119840956,6.9,0.5428015564202334,UK,iter
Ella_38,Ella,38,0.19733401777505669,6.6,0.4860335195530726,UK,iter
Ella_39,Ella,39,0.191103729953922,5.7,0.4930555555555556,UK,iter
Ella_4,Ella,4,0.21400627291403543,6.2,0.4,UK,iter
Ella_40,Ella,40,0.23188896879804796,6.4,0.532258064516129,UK,iter
Ella_41,Ella,41,0.24288486503787157,7.4,0.6,UK,iter
Ella_42,Ella,42,0.2753058918578526,6.3,0.4707259953161593,UK,iter
Ella_43,Ella,43,0.16792823381883645,6.5,0.4635879218472469,UK,iter
Ella_44,Ella,44,0.2573323254586207,7,0.5794223826714802,UK,iter
Ella_45,Ella,45,0.23179354867963176,8.6,0.562268803945746,UK,iter
Ella_46,Ella,46,0.23416652079611974,8.6,0.5243445692883895,UK,iter
Ella_47,Ella,47,0.283666539106484,7,0.5348837209302325,UK,iter
Ella_48,Ella,48,0.23217848053168338,6.7,0.5508982035928144,UK,iter
Ella_49,Ella,49,0.20041627191836664,7.3,0.49429037520391517,UK,iter
Ella_5,Ella,5,0.28014406360712757,6.4,0.6226415094339622,UK,iter
Ella_50,Ella,50,0.2482481703614591,5.1,0.40863787375415284,UK,iter
Ella_51,Ella,51,0.1917162811124094,6.1,0.5263157894736842,UK,iter
Ella_52,Ella,52,0.29316199334195575,6.5,0.5938775510204082,UK,iter
Ella_53,Ella,53,0.2152835043538629,6,0.5202702702702703,UK,iter
Ella_54,Ella,54,0.26192637689864195,6.7,0.5506692160611855,UK,iter
Ella_55,Ella,55,0.2163311141622676,6.2,0.46680497925311204,UK,iter
Ella_56,Ella,56,0.24887587514289844,6.3,0.5896328293736501,UK,iter
Ella_57,Ella,57,0.22964347934625132,7.7,0.5666178623718887,UK,iter
Ella_58,Ella,58,0.18157004532814056,6,0.4822546972860125,UK,iter
Ella_59,Ella,59,0.2555603789582126,7.2,0.5697478991596638,UK,iter
Ella_6,Ella,6,0.22480717817241344,6,0.5482233502538071,UK,iter
Ella_60,Ella,60,0.22746757333078976,7.3,0.5414634146341464,UK,iter
Ella_61,Ella,61,0.19451050155095218,8.3,0.468187274909964,UK,iter
Ella_62,Ella,62,0.22856020856715187,8.1,0.5117891816920943,UK,iter
Ella_63,Ella,63,0.2924199710797914,5.1,0.5419354838709678,UK,iter
Ella_64,Ella,64,0.26125362668229574,6.5,0.5835095137420718,UK,iter
Ella_65,Ella,65,0.21599897522288256,7,0.537542662116041,UK,iter
Ella_66,Ella,66,0.2540931034781728,6.7,0.5391969407265774,UK,iter
Ella_67,Ella,67,0.26558520110382994,6.8,0.5489833641404805,UK,iter
Ella_68,Ella,68,0.24741128158395473,6.4,0.4967741935483871,UK,iter
Ella_69,Ella,69,0.21518309745398279,6.2,0.5075921908893709,UK,iter
Ella_7,Ella,7,0.24862700644195354,6,0.5339578454332553,UK,iter
Ella_70,Ella,70,0.2913070705220499,5,0.50814332247557,UK,iter
Ella_71,Ella,71,0.20687949893417132,6.4,0.4894067796610169,UK,iter
Ella_72,Ella,72,0.1880851290169983,10.1,0.5246511627906977,UK,iter
Ella_73,Ella,73,0.23879018190386353,7.3,0.5535420098846787,UK,iter
Ella_74,Ella,74,0.2168193745057947,6.9,0.5614678899082569,UK,iter
Ella_75,Ella,75,0.24416451903132227,8.7,0.5093632958801498,UK,iter
Ella_76,Ella,76,0.19656803944589077,7.7,0.5874125874125874,UK,iter
Ella_77,Ella,77,0.2801383920285742,5.9,0.5575916230366492,UK,iter
Ella_78,Ella,78,0.1950251000027916,6.3,0.4911242603550296,UK,iter
Ella_79,Ella,79,0.24491276601882037,7.5,0.5886970172684458,UK,iter
Ella_8,Ella,8,0.25534249859262803,7.7,0.5498392282958199,UK,iter
Ella_80,Ella,80,0.22879604298467404,7.6,0.5748502994011976,UK,iter
Ella_81,Ella,81,0.21723271905720629,7.5,0.5248868778280543,UK,iter
Ella_82,Ella,82,0.2671442250144049,7.3,0.5851239669421487,UK,iter
Ella_83,Ella,83,0.18906326935187356,5.2,0.5649867374005305,UK,iter
Ella_84,Ella,84,0.2771125227678745,5.9,0.5195121951219512,UK,iter
Ella_85,Ella,85,0.2406034752452461,7,0.6390845070422535,UK,iter
Ella_86,Ella,86,0.2713783198857843,7.5,0.5591572123176661,UK,iter
Ella_87,Ella,87,0.20090604127099482,6.5,0.462890625,UK,iter
Ella_88,Ella,88,0.2663304842577388,6.3,0.4978448275862069,UK,iter
Ella_89,Ella,89,0.2318769677425245,7.1,0.504950495049505,UK,iter
Ella_9,Ella,9,0.2845405422397237,6.2,0.5589622641509434,UK,iter
Ella_90,Ella,90,0.24482231314388356,6.9,0.46471600688468157,UK,iter
Ella_91,Ella,91,0.2345013145733164,6.4,0.5498981670061099,UK,iter
Ella_92,Ella,92,0.2456698247976361,5.4,0.47107438016528924,UK,iter
Ella_93,Ella,93,0.2058442716515976,6.7,0.492619926199262,UK,iter
Ella_94,Ella,94,0.1925715115024376,7.4,0.5625,UK,iter
Ella_95,Ella,95,0.1926180456979957,4.6,0.6838235294117647,UK,iter
Ella_96,Ella,96,0.20579225139589352,7.1,0.4930795847750865,UK,iter
Ella_97,Ella,97,0.23893759261644196,6.5,0.491701244813278,UK,iter
Ella_98,Ella,98,0.18743457964643273,6,0.49190283400809715,UK,iter
Ella_99,Ella,99,0.2278525049127459,6.9,0.46153846153846156,UK,iter
Fflur_1,Fflur,1,0.1114406545529339,6.2,0.6457925636007827,Welsh,iter
Fflur_10,Fflur,10,0.09134507353049413,5.6,0.5769230769230769,Welsh,iter
Fflur_100,Fflur,100,0.2319969117200773,5.4,0.5923076923076923,Welsh,iter
Fflur_11,Fflur,11,0.08922728970550838,5.3,0.656934306569343,Welsh,iter
Fflur_12,Fflur,12,0.10553035270133482,6.3,0.6476014760147601,Welsh,iter
Fflur_13,Fflur,13,0.12345054588714927,6.2,0.6491228070175439,Welsh,iter
Fflur_14,Fflur,14,0.21071659431924006,5,0.5213675213675214,Welsh,iter
Fflur_15,Fflur,15,0.1336613691666082,5.9,0.6410788381742739,Welsh,iter
Fflur_16,Fflur,16,0.12446980268276091,5.2,0.5406091370558376,Welsh,iter
Fflur_17,Fflur,17,0.07866447278077238,3.9,0.6106194690265486,Welsh,iter
Fflur_18,Fflur,18,0.2650507046509992,6.7,0.6361974405850092,Welsh,iter
Fflur_19,Fflur,19,0.09908371799231559,3.9,0.7,Welsh,iter
Fflur_2,Fflur,2,0.10024995959985977,4.5,0.726643598615917,Welsh,iter
Fflur_20,Fflur,20,0.08531420690683005,4.8,0.6344410876132931,Welsh,iter
Fflur_21,Fflur,21,0.10441950688342609,6.4,0.6476014760147601,Welsh,iter
Fflur_22,Fflur,22,0.11470356085226374,5.1,0.608,Welsh,iter
Fflur_23,Fflur,23,0.21846842819096723,4.7,0.5463576158940397,Welsh,iter
Fflur_24,Fflur,24,0.27169824652459595,6.2,0.6638830897703549,Welsh,iter
Fflur_25,Fflur,25,0.3057268542343697,4.9,0.6237623762376238,Welsh,iter
Fflur_26,Fflur,26,0.2755971920903343,6.7,0.6361974405850092,Welsh,iter
Fflur_27,Fflur,27,0.08455415067958257,4.7,0.5865384615384616,Welsh,iter
Fflur_28,Fflur,28,0.12361587874445866,5.1,0.5983606557377049,Welsh,iter
Fflur_29,Fflur,29,0.18807940889166394,5.6,0.5629139072847682,Welsh,iter
Fflur_3,Fflur,3,0.11830177400567672,6.8,0.6195121951219512,Welsh,iter
Fflur_30,Fflur,30,0.1318913747138886,4.8,0.5583596214511041,Welsh,iter
Fflur_31,Fflur,31,0.08957376879964063,4.8,0.5521472392638037,Welsh,iter
Fflur_32,Fflur,32,0.1264909714177664,5.3,0.5392405063291139,Welsh,iter
Fflur_33,Fflur,33,0.2294195005456526,6.3,0.5355086372360844,Welsh,iter
Fflur_34,Fflur,34,0.2776166659742575,5.2,0.6876790830945558,Welsh,iter
Fflur_35,Fflur,35,0.11705130188193544,6.2,0.5935251798561151,Welsh,iter
Fflur_36,Fflur,36,0.11912954057195764,6.7,0.6180904522613065,Welsh,iter
Fflur_37,Fflur,37,0.08686843421797148,4.6,0.7191780821917808,Welsh,iter
Fflur_38,Fflur,38,0.11229321617854583,5.2,0.6,Welsh,iter
Fflur_39,Fflur,39,0.2920768889514899,6.8,0.6229508196721312,Welsh,iter
Fflur_4,Fflur,4,0.11258389240904289,5.6,0.5694444444444444,Welsh,iter
Fflur_40,Fflur,40,0.13055006567705804,6,0.6484848484848484,Welsh,iter
Fflur_41,Fflur,41,0.1125243627012228,3.6,0.6404494382022472,Welsh,iter
Fflur_42,Fflur,42,0.13650850419678492,5.6,0.6762589928057554,Welsh,iter
Fflur_43,Fflur,43,0.13593537472614078,5.4,0.6675191815856778,Welsh,iter
Fflur_44,Fflur,44,0.24387805959401399,6.4,0.6377079482439926,Welsh,iter
Fflur_45,Fflur,45,0.10993994032647746,4.7,0.740506329113924,Welsh,iter
Fflur_46,Fflur,46,0.2632723805076599,5.7,0.5537383177570093,Welsh,iter
Fflur_47,Fflur,47,0.2496548442365808,6.3,0.632495164410058,Welsh,iter
Fflur_48,Fflur,48,0.1320630823248455,5.5,0.6746411483253588,Welsh,iter
Fflur_49,Fflur,49,0.08512977630908539,3.3,0.7218045112781954,Welsh,iter
Fflur_5,Fflur,5,0.22947459239767243,5.4,0.594059405940594,Welsh,iter
Fflur_50,Fflur,50,0.31558709689082176,6.3,0.6414686825053996,Welsh,iter
Fflur_51,Fflur,51,0.10866340418958269,5.4,0.7090909090909091,Welsh,iter
Fflur_52,Fflur,52,0.09574935008858304,4.3,0.6176470588235294,Welsh,iter
Fflur_53,Fflur,53,0.14036115012368164,7.9,0.5451219512195122,Welsh,iter
Fflur_54,Fflur,54,0.10158867207148768,4.8,0.6360759493670886,Welsh,iter
Fflur_55,Fflur,55,0.29183899151269904,5.3,0.6085714285714285,Welsh,iter
Fflur_56,Fflur,56,0.08037910709465725,4.9,0.6382978723404256,Welsh,iter
Fflur_57,Fflur,57,0.31914249351311896,4.7,0.648936170212766,Welsh,iter
Fflur_58,Fflur,58,0.13396896530140065,7.2,0.5939306358381503,Welsh,iter
Fflur_59,Fflur,59,0.30379042285209357,5.3,0.7189349112426036,Welsh,iter
Fflur_6,Fflur,6,0.25628370108386334,6.3,0.6334661354581673,Welsh,iter
Fflur_60,Fflur,60,0.30785458305096297,5.1,0.6071428571428571,Welsh,iter
Fflur_61,Fflur,61,0.08390788814733985,4.3,0.5869565217391305,Welsh,iter
Fflur_62,Fflur,62,0.12467176005996738,5.8,0.5492957746478874,Welsh,iter
Fflur_63,Fflur,63,0.0972930913704764,4.8,0.6242236024844721,Welsh,iter
Fflur_64,Fflur,64,0.07001690137509216,4.2,0.5756457564575646,Welsh,iter
Fflur_65,Fflur,65,0.10347044092891071,5.6,0.5743243243243243,Welsh,iter
Fflur_66,Fflur,66,0.24258660312479804,6.5,0.6377079482439926,Welsh,iter
Fflur_67,Fflur,67,0.3256803237811831,5.1,0.6146788990825688,Welsh,iter
Fflur_68,Fflur,68,0.3073861822293336,5,0.6237623762376238,Welsh,iter
Fflur_69,Fflur,69,0.20804547393168835,7.3,0.5822222222222222,Welsh,iter
Fflur_7,Fflur,7,0.26460003061131876,5.5,0.5861182519280206,Welsh,iter
Fflur_70,Fflur,70,0.12620969223882048,5.9,0.5481927710843374,Welsh,iter
Fflur_71,Fflur,71,0.26801766542676697,5.5,0.5866336633663366,Welsh,iter
Fflur_72,Fflur,72,0.2428399975697439,5.9,0.6585365853658537,Welsh,iter
Fflur_73,Fflur,73,0.11830177400567675,6.8,0.6195121951219512,Welsh,iter
Fflur_74,Fflur,74,0.11424770424177329,4.1,0.630901287553648,Welsh,iter
Fflur_75,Fflur,75,0.08563717043890227,4.1,0.6995515695067265,Welsh,iter
Fflur_76,Fflur,76,0.11802648927036537,6.7,0.617056856187291,Welsh,iter
Fflur_77,Fflur,77,0.2932418307628509,6,0.6666666666666666,Welsh,iter
Fflur_78,Fflur,78,0.24347770661373094,6.1,0.6645569620253164,Welsh,iter
Fflur_79,Fflur,79,0.12972972863862156,6.1,0.6471774193548387,Welsh,iter
Fflur_8,Fflur,8,0.08701726829735007,4.2,0.5756457564575646,Welsh,iter
Fflur_80,Fflur,80,0.08587420772475197,4.1,0.6439024390243903,Welsh,iter
Fflur_81,Fflur,81,0.10075922739609033,4.9,0.7275747508305648,Welsh,iter
Fflur_82,Fflur,82,0.1026607959671526,4.7,0.5753424657534246,Welsh,iter
Fflur_83,Fflur,83,0.1342495301498479,6.1,0.6445783132530121,Welsh,iter
Fflur_84,Fflur,84,0.12411799451492582,7.6,0.5689655172413793,Welsh,iter
Fflur_85,Fflur,85,0.2345037781630568,5.5,0.5879396984924623,Welsh,iter
Fflur_86,Fflur,86,0.3007735556918196,5.7,0.6894865525672371,Welsh,iter
Fflur_87,Fflur,87,0.09702799999143016,6,0.5497076023391813,Welsh,iter
Fflur_88,Fflur,88,0.11690374086978249,5.1,0.6968838526912181,Welsh,iter
Fflur_89,Fflur,89,0.10255071483708493,5.8,0.6797385620915033,Welsh,iter
Fflur_9,Fflur,9,0.19532690678238754,6.5,0.6335740072202166,Welsh,iter
Fflur_90,Fflur,90,0.11842511406726741,5.8,0.6778523489932886,Welsh,iter
Fflur_91,Fflur,91,0.11688647070985751,5.7,0.6812227074235808,Welsh,iter
Fflur_92,Fflur,92,0.14192195491180812,5.9,0.6473029045643154,Welsh,iter
Fflur_93,Fflur,93,0.1991497715896381,4.4,0.45993031358885017,Welsh,iter
Fflur_94,Fflur,94,0.13016534224218712,5.2,0.5396825396825397,Welsh,iter
Fflur_95,Fflur,95,0.3212509024670551,5.4,0.7089337175792507,Welsh,iter
Fflur_96,Fflur,96,0.09491785575270474,6.1,0.5486381322957199,Welsh,iter
Fflur_97,Fflur,97,0.12210425870599087,6.6,0.6180904522613065,Welsh,iter
Fflur_98,Fflur,98,0.24706968641263455,6.5,0.5287569573283859,Welsh,iter
Fflur_99,Fflur,99,0.10457014308972967,5.2,0.6949152542372882,Welsh,iter
Gaël_1,Gaël,1,0.20945107543717828,10.5,0.6647157190635451,French,iter
Gaël_10,Gaël,10,0.1734207496223915,12.2,0.694980694980695,French,iter
Gaël_100,Gaël,100,0.14924045750606027,11.6,0.6496688741721854,French,iter
Gaël_11,Gaël,11,0.16599560976948455,10.1,0.5821635012386458,French,iter
Gaël_12,Gaël,12,0.18591530573928775,14.2,0.7867867867867868,French,iter
Gaël_13,Gaël,13,0.17430637586706388,13.3,0.7652221612726275,French,iter
Gaël_14,Gaël,14,0.17309009861321564,11.9,0.6686626746506986,French,iter
Gaël_15,Gaël,15,0.14526290532558553,12.9,0.7119503945885005,French,iter
Gaël_16,Gaël,16,0.1646649462128845,11.1,0.6506291635825314,French,iter
Gaël_17,Gaël,17,0.18406769258556735,12,0.686,French,iter
Gaël_18,Gaël,18,0.19237349241287705,10.4,0.6166107382550335,French,iter
Gaël_19,Gaël,19,0.18855911070997253,7.8,0.452,French,iter
Gaël_2,Gaël,2,0.1711534130236412,13.5,0.7560712358337831,French,iter
Gaël_20,Gaël,20,0.1838598211901651,12.3,0.7074569789674953,French,iter
Gaël_21,Gaël,21,0.18014246296688538,8.9,0.5700325732899023,French,iter
Gaël_22,Gaël,22,0.16163402076725367,10,0.5783450704225352,French,iter
Gaël_23,Gaël,23,0.18041593953852872,10.2,0.5974789915966386,French,iter
Gaël_24,Gaël,24,0.17578441872615755,11.5,0.6866713189113748,French,iter
Gaël_25,Gaël,25,0.16619874064480097,9.2,0.5094339622641509,French,iter
Gaël_26,Gaël,26,0.19489088659991172,12.9,0.7530719719133997,French,iter
Gaël_27,Gaël,27,0.17855691835184917,11.4,0.6563176895306859,French,iter
Gaël_28,Gaël,28,0.19283726947632568,11.4,0.6513011152416357,French,iter
Gaël_29,Gaël,29,0.19592082331943572,9.7,0.5825771324863884,French,iter
Gaël_3,Gaël,3,0.18052829286466476,11.7,0.6627423822714681,French,iter
Gaël_30,Gaël,30,0.1683024764387116,10,0.5851788756388415,French,iter
Gaël_31,Gaël,31,0.19551143918679684,10.4,0.6051724137931035,French,iter
Gaël_32,Gaël,32,0.1616807525186229,13,0.7420965058236273,French,iter
Gaël_33,Gaël,33,0.18238828300308477,13.9,0.7928348909657321,French,iter
Gaël_34,Gaël,34,0.14603395565317337,10.2,0.5856573705179283,French,iter
Gaël_35,Gaël,35,0.1721581502589127,10.9,0.6451612903225806,French,iter
Gaël_36,Gaël,36,0.1614207664960769,13.4,0.7523961661341853,French,iter
Gaël_37,Gaël,37,0.16397638428976194,8.8,0.5030120481927711,French,iter
Gaël_38,Gaël,38,0.18329319009374373,11.8,0.6971544715447154,French,iter
Gaël_39,Gaël,39,0.17513824140439296,11.8,0.674,French,iter
Gaël_4,Gaël,4,0.15771837781071418,12.7,0.7124784358826912,French,iter
Gaël_40,Gaël,40,0.16221266911261706,12.4,0.6974581525108493,French,iter
Gaël_41,Gaël,41,0.17598699736131632,13.2,0.748314606741573,French,iter
Gaël_42,Gaël,42,0.17792340386468694,12,0.6817288801571709,French,iter
Gaël_43,Gaël,43,0.19139987449906504,10.8,0.6407766990291263,French,iter
Gaël_44,Gaël,44,0.18305388162347985,13.6,0.7783697389451252,French,iter
Gaël_45,Gaël,45,0.1734584491700209,9.8,0.5587155963302752,French,iter
Gaël_46,Gaël,46,0.16333649748947549,13,0.7384087006296508,French,iter
Gaël_47,Gaël,47,0.16447228001640038,14.5,0.7977369165487977,French,iter
Gaël_48,Gaël,48,0.19540899440181914,11.1,0.6577181208053692,French,iter
Gaël_49,Gaël,49,0.18151165713383424,12.3,0.7030651340996169,French,iter
Gaël_5,Gaël,5,0.17470849422824938,12.4,0.7066420664206642,French,iter
Gaël_50,Gaël,50,0.1513290905167637,11.7,0.6445945945945946,French,iter
Gaël_51,Gaël,51,0.20298309895006134,12.2,0.7051871306631649,French,iter
Gaël_52,Gaël,52,0.1680922269719749,10.4,0.6057462090981645,French,iter
Gaël_53,Gaël,53,0.14499210194679907,8.7,0.5010183299389002,French,iter
Gaël_54,Gaël,54,0.1548825316198649,12.5,0.6939759036144578,French,iter
Gaël_55,Gaël,55,0.18120494240695179,9.7,0.5821727019498607,French,iter
Gaël_56,Gaël,56,0.14727864967966348,11.5,0.6470194239785666,French,iter
Gaël_57,Gaël,57,0.1940688633346202,12.1,0.7076023391812866,French,iter
Gaël_58,Gaël,58,0.14725678481698395,13.8,0.7598784194528876,French,iter
Gaël_59,Gaël,59,0.16840234636367446,12.7,0.7163120567375887,French,iter
Gaël_6,Gaël,6,0.14220453396611166,10.1,0.6029900332225914,French,iter
Gaël_60,Gaël,60,0.18982280752846514,11.7,0.6885593220338984,French,iter
Gaël_61,Gaël,61,0.16921437865653075,10.3,0.5870108243130724,French,iter
Gaël_62,Gaël,62,0.17875722397586238,12.5,0.7135832821143209,French,iter
Gaël_63,Gaël,63,0.17462334196568605,12,0.6990291262135923,French,iter
Gaël_64,Gaël,64,0.17788108826226637,13,0.7400805060379528,French,iter
Gaël_65,Gaël,65,0.1615102482729837,11.7,0.6721419185282523,French,iter
Gaël_66,Gaël,66,0.1854897239712465,11.9,0.7016611295681063,French,iter
Gaël_67,Gaël,67,0.1849874572658565,10.2,0.596885813148789,French,iter
Gaël_68,Gaël,68,0.18103536567811504,9.1,0.5468589083419155,French,iter
Gaël_69,Gaël,69,0.17653568343636347,12.4,0.7044609665427509,French,iter
Gaël_7,Gaël,7,0.17706925692212694,10.8,0.64921875,French,iter
Gaël_70,Gaël,70,0.1496691720782486,14,0.7645017352503718,French,iter
Gaël_71,Gaël,71,0.14593261771111946,11.8,0.6618229854689565,French,iter
Gaël_72,Gaël,72,0.17710302367915629,11.6,0.657243816254417,French,iter
Gaël_73,Gaël,73,0.17468684681964264,12,0.6976744186046512,French,iter
Gaël_74,Gaël,74,0.15884542503440352,12,0.6737120211360634,French,iter
Gaël_75,Gaël,75,0.14934793230183094,12.2,0.6878504672897197,French,iter
Gaël_76,Gaël,76,0.19881824842736442,10.3,0.6422976501305483,French,iter
Gaël_77,Gaël,77,0.17788030601719398,11.5,0.6706377014716188,French,iter
Gaël_78,Gaël,78,0.16947012721668447,11.9,0.655359565807327,French,iter
Gaël_79,Gaël,79,0.16999276122549495,12.9,0.7146268656716418,French,iter
Gaël_8,Gaël,8,0.18841518427916837,10.7,0.6341072858286629,French,iter
Gaël_80,Gaël,80,0.18864341739738782,9.7,0.5905730129390019,French,iter
Gaël_81,Gaël,81,0.1741355621978321,10.6,0.6121970289288506,French,iter
Gaël_82,Gaël,82,0.1872270155224761,12.3,0.7123809523809523,French,iter
Gaël_83,Gaël,83,0.1895885008134176,11.3,0.6644444444444444,French,iter
Gaël_84,Gaël,84,0.15376887045625826,12.9,0.7358813462635482,French,iter
Gaël_85,Gaël,85,0.1513284768577808,13.6,0.7476489028213166,French,iter
Gaël_86,Gaël,86,0.13796216758239152,10.5,0.5842956120092379,French,iter
Gaël_87,Gaël,87,0.1778995614026263,9.8,0.5658263305322129,French,iter
Gaël_88,Gaël,88,0.1792990000206696,11.3,0.66189111747851,French,iter
Gaël_89,Gaël,89,0.16896650419065887,12.7,0.7107142857142857,French,iter
Gaël_9,Gaël,9,0.15162909662596144,12.7,0.7065972222222222,French,iter
Gaël_90,Gaël,90,0.18852241367185515,12.6,0.720292504570384,French,iter
Gaël_91,Gaël,91,0.1693399432539689,12.4,0.7170379289584587,French,iter
Gaël_92,Gaël,92,0.14797954110976372,10.3,0.6052842273819056,French,iter
Gaël_93,Gaël,93,0.17643858334167345,14.1,0.7687979539641944,French,iter
Gaël_94,Gaël,94,0.1614352401288266,11.5,0.6552686671318911,French,iter
Gaël_95,Gaël,95,0.20329024360083175,9.5,0.591304347826087,French,iter
Gaël_96,Gaël,96,0.17068478861569383,12.5,0.7008652657601978,French,iter
Gaël_97,Gaël,97,0.17131291517285863,12.4,0.7055555555555556,French,iter
Gaël_98,Gaël,98,0.1549189822851043,13.8,0.7598784194528876,French,iter
Gaël_99,Gaël,99,0.16076204376016193,11.3,0.708779443254818,French,iter
Gwyn_1,Gwyn,1,0.23905549668076279,1.9,0.42857142857142855,Welsh,iter
Gwyn_10,Gwyn,10,0.2664716628779786,4.1,0.46443514644351463,Welsh,iter
Gwyn_100,Gwyn,100,0.21811683177735858,4.9,0.6254071661237784,Welsh,iter
Gwyn_11,Gwyn,11,0.337650100159309,3.1,0.41379310344827586,Welsh,iter
Gwyn_12,Gwyn,12,0.21160412503585774,4,0.6133333333333333,Welsh,iter
Gwyn_13,Gwyn,13,0.23750963996368485,2.7,0.41935483870967744,Welsh,iter
Gwyn_14,Gwyn,14,0.21235720884052164,5,0.631578947368421,Welsh,iter
Gwyn_15,Gwyn,15,0.25837554237612786,3.6,0.53125,Welsh,iter
Gwyn_16,Gwyn,16,0.20150772612245513,4.1,0.5409836065573771,Welsh,iter
Gwyn_17,Gwyn,17,0.2463317989864277,4.6,0.602112676056338,Welsh,iter
Gwyn_18,Gwyn,18,0.18507211284142203,5.1,0.6016713091922006,Welsh,iter
Gwyn_19,Gwyn,19,0.19981886849068511,4,0.537117903930131,Welsh,iter
Gwyn_2,Gwyn,2,0.24804490842269178,5,0.5321100917431193,Welsh,iter
Gwyn_20,Gwyn,20,0.264282870669529,3.8,0.5260663507109005,Welsh,iter
Gwyn_21,Gwyn,21,0.22764819079546283,4.1,0.5778688524590164,Welsh,iter
Gwyn_22,Gwyn,22,0.24319588177032622,3,0.5084745762711864,Welsh,iter
Gwyn_23,Gwyn,23,0.18831097774459438,3.7,0.639344262295082,Welsh,iter
Gwyn_24,Gwyn,24,0.35256405791578027,3.4,0.4177215189873418,Welsh,iter
Gwyn_25,Gwyn,25,0.18232764549418792,3.3,0.40350877192982454,Welsh,iter
Gwyn_26,Gwyn,26,0.24277772603929232,4.6,0.6,Welsh,iter
Gwyn_27,Gwyn,27,0.25453720188803497,3.5,0.5245901639344263,Welsh,iter
Gwyn_28,Gwyn,28,0.06684150427974565,1.7,0.4444444444444444,Welsh,iter
Gwyn_29,Gwyn,29,0.26233771625795327,5.3,0.5403225806451613,Welsh,iter
Gwyn_3,Gwyn,3,0.027467993096448432,1.5,0.42857142857142855,Welsh,iter
Gwyn_30,Gwyn,30,0.29240788301932436,3,0.4214876033057851,Welsh,iter
Gwyn_31,Gwyn,31,0.20400771873937507,4.2,0.5595238095238095,Welsh,iter
Gwyn_32,Gwyn,32,0.23617407730101544,2.3,0.5454545454545454,Welsh,iter
Gwyn_33,Gwyn,33,0.23160133467529068,4.2,0.5810276679841897,Welsh,iter
Gwyn_34,Gwyn,34,0.29963013008505734,2.6,0.3225806451612903,Welsh,iter
Gwyn_35,Gwyn,35,0.24890804894558954,5.5,0.6666666666666666,Welsh,iter
Gwyn_36,Gwyn,36,0.2200967561264774,4.3,0.6,Welsh,iter
Gwyn_37,Gwyn,37,0.2639144932554349,3.8,0.6666666666666666,Welsh,iter
Gwyn_38,Gwyn,38,0.2919943225425928,4.5,0.5,Welsh,iter
Gwyn_39,Gwyn,39,0.25799301990759743,4.3,0.4607142857142857,Welsh,iter
Gwyn_4,Gwyn,4,0.25362731175346415,3,0.44776119402985076,Welsh,iter
Gwyn_40,Gwyn,40,0.21670205346875368,5.7,0.7183098591549296,Welsh,iter
Gwyn_41,Gwyn,41,0.2379537663614462,4.9,0.5217391304347826,Welsh,iter
Gwyn_42,Gwyn,42,0.25181351450544315,4.4,0.5617977528089888,Welsh,iter
Gwyn_43,Gwyn,43,0.2704074557877808,4.8,0.5242718446601942,Welsh,iter
Gwyn_44,Gwyn,44,0.25721408501458154,3.4,0.5526315789473685,Welsh,iter
Gwyn_45,Gwyn,45,0.29411371393234603,2.4,0.4166666666666667,Welsh,iter
Gwyn_46,Gwyn,46,0.2173665546297583,4.5,0.5877551020408164,Welsh,iter
Gwyn_47,Gwyn,47,0.23333038047388668,4.6,0.5382059800664452,Welsh,iter
Gwyn_48,Gwyn,48,0.2107003056262253,4.1,0.5347826086956522,Welsh,iter
Gwyn_49,Gwyn,49,0.23536102282822668,4.1,0.5080645161290323,Welsh,iter
Gwyn_5,Gwyn,5,0.3402464406692639,2.2,0.47058823529411764,Welsh,iter
Gwyn_50,Gwyn,50,0.2904029456187723,3.2,0.43137254901960786,Welsh,iter
Gwyn_51,Gwyn,51,0.28366064663543933,4.1,0.49137931034482757,Welsh,iter
Gwyn_52,Gwyn,52,0.2693123292692212,2.9,0.4956521739130435,Welsh,iter
Gwyn_53,Gwyn,53,0.267182765415382,2.4,0.34615384615384615,Welsh,iter
Gwyn_54,Gwyn,54,0.22948423555055128,2.8,0.5094339622641509,Welsh,iter
Gwyn_55,Gwyn,55,0.22872732710527385,3.6,0.3979591836734694,Welsh,iter
Gwyn_56,Gwyn,56,0.20987166037425428,2.4,0.379746835443038,Welsh,iter
Gwyn_57,Gwyn,57,0.22420825532427208,3.6,0.504950495049505,Welsh,iter
Gwyn_58,Gwyn,58,0.21852062087056637,5.9,0.5234042553191489,Welsh,iter
Gwyn_59,Gwyn,59,0.2517927998137658,2.9,0.4473684210526316,Welsh,iter
Gwyn_6,Gwyn,6,0.2557769660447205,4.6,0.5176056338028169,Welsh,iter
Gwyn_60,Gwyn,60,0.2698435317906378,4.9,0.43859649122807015,Welsh,iter
Gwyn_61,Gwyn,61,0.24995155476497832,4.2,0.5877551020408164,Welsh,iter
Gwyn_62,Gwyn,62,0.23817676793626227,4.6,0.5454545454545454,Welsh,iter
Gwyn_63,Gwyn,63,0.21606570505799444,4.2,0.6489795918367347,Welsh,iter
Gwyn_64,Gwyn,64,0.32215443434903573,3.2,0.3893129770992366,Welsh,iter
Gwyn_65,Gwyn,65,0.28977717869778447,3.7,0.48554913294797686,Welsh,iter
Gwyn_66,Gwyn,66,0.222600977441744,4.4,0.6088560885608856,Welsh,iter
Gwyn_67,Gwyn,67,0.24239833301123043,6.2,0.6585365853658537,Welsh,iter
Gwyn_68,Gwyn,68,0.21421077794703106,5.4,0.6549865229110512,Welsh,iter
Gwyn_69,Gwyn,69,0.24006749231249858,4.6,0.5724381625441696,Welsh,iter
Gwyn_7,Gwyn,7,0.2341512387856746,3.4,0.6114649681528662,Welsh,iter
Gwyn_70,Gwyn,70,0.22299514040814974,4.2,0.45121951219512196,Welsh,iter
Gwyn_71,Gwyn,71,0.26120542265547847,3.7,0.5932203389830508,Welsh,iter
Gwyn_72,Gwyn,72,0.24121868656318465,4.7,0.5419354838709678,Welsh,iter
Gwyn_73,Gwyn,73,0.3797719068573453,2.4,0.42857142857142855,Welsh,iter
Gwyn_74,Gwyn,74,0.24083437015521814,3.8,0.47058823529411764,Welsh,iter
Gwyn_75,Gwyn,75,0.24746200834916923,5.5,0.6240601503759399,Welsh,iter
Gwyn_76,Gwyn,76,0.2765240690481412,4.4,0.5222222222222223,Welsh,iter
Gwyn_77,Gwyn,77,0.298090832637198,2.8,0.3387096774193548,Welsh,iter
Gwyn_78,Gwyn,78,0.2495295849162342,5.3,0.5317460317460317,Welsh,iter
Gwyn_79,Gwyn,79,0.24725231274123363,3,0.5,Welsh,iter
Gwyn_8,Gwyn,8,0.2319545227722981,4.2,0.6585365853658537,Welsh,iter
Gwyn_80,Gwyn,80,0.27978140481399977,3.7,0.49732620320855614,Welsh,iter
Gwyn_81,Gwyn,81,0.23329166126212222,6.4,0.6224299065420561,Welsh,iter
Gwyn_82,Gwyn,82,0.33408246655265755,2.5,0.5142857142857142,Welsh,iter
Gwyn_83,Gwyn,83,0.2268013534026734,5.4,0.6015625,Welsh,iter
Gwyn_84,Gwyn,84,0.24299202172031079,4,0.5302325581395348,Welsh,iter
Gwyn_85,Gwyn,85,0.2612639863467909,4.7,0.6321428571428571,Welsh,iter
Gwyn_86,Gwyn,86,0.2736297186536638,4.6,0.5598591549295775,Welsh,iter
Gwyn_87,Gwyn,87,0.24376496850590676,3.5,0.54,Welsh,iter
Gwyn_88,Gwyn,88,0.21668628014205213,4.5,0.5977011494252874,Welsh,iter
Gwyn_89,Gwyn,89,0.30501430980006866,3.2,0.5793103448275863,Welsh,iter
Gwyn_9,Gwyn,9,0.23784796959148743,4.3,0.6176470588235294,Welsh,iter
Gwyn_90,Gwyn,90,0.27172596487598516,4.6,0.5753424657534246,Welsh,iter
Gwyn_91,Gwyn,91,0.24358397585703376,2.8,0.4857142857142857,Welsh,iter
Gwyn_92,Gwyn,92,0.2408839609774792,4.2,0.531496062992126,Welsh,iter
Gwyn_93,Gwyn,93,0.31799903700529086,3,0.40601503759398494,Welsh,iter
Gwyn_94,Gwyn,94,0.26191510194880785,2.4,0.65,Welsh,iter
Gwyn_95,Gwyn,95,0.2681624432025684,3.9,0.5318181818181819,Welsh,iter
Gwyn_96,Gwyn,96,0.2735089531984969,3.3,0.5,Welsh,iter
Gwyn_97,Gwyn,97,0.27659563235368023,3.2,0.46511627906976744,Welsh,iter
Gwyn_98,Gwyn,98,0.22608602809500578,6,0.5896328293736501,Welsh,iter
Gwyn_99,Gwyn,99,0.2901232569667247,3.8,0.5684210526315789,Welsh,iter
Haruo_1,Haruo,1,0.2153795412061224,8.6,0.7064732142857143,Japanese,iter
Haruo_10,Haruo,10,0.22362265579144006,11.3,0.7662807525325616,Japanese,iter
Haruo_100,Haruo,100,0.2592283280905658,6.8,0.6666666666666666,Japanese,iter
Haruo_11,Haruo,11,0.22525399685307762,9.3,0.8096676737160121,Japanese,iter
Haruo_12,Haruo,12,0.20574422685813035,6.8,0.7115044247787611,Japanese,iter
Haruo_13,Haruo,13,0.22258347757416902,7.4,0.7238372093023255,Japanese,iter
Haruo_14,Haruo,14,0.22255471839864074,10.3,0.6911262798634812,Japanese,iter
Haruo_15,Haruo,15,0.18359937038182686,9,0.756951596292482,Japanese,iter
Haruo_16,Haruo,16,0.20028231566411542,8.9,0.6583850931677019,Japanese,iter
Haruo_17,Haruo,17,0.21614483991157937,8.1,0.6733067729083665,Japanese,iter
Haruo_18,Haruo,18,0.2335654520042229,10.1,0.8367346938775511,Japanese,iter
Haruo_19,Haruo,19,0.21380099680231612,9.2,0.6479017400204709,Japanese,iter
Haruo_2,Haruo,2,0.19468089878596107,12,0.8171129980404964,Japanese,iter
Haruo_20,Haruo,20,0.1978796147294374,11,0.7144970414201184,Japanese,iter
Haruo_21,Haruo,21,0.18126142470489365,8.4,0.7508690614136733,Japanese,iter
Haruo_22,Haruo,22,0.2524703885426584,8.2,0.6556291390728477,Japanese,iter
Haruo_23,Haruo,23,0.23469405819810707,8.5,0.6370106761565836,Japanese,iter
Haruo_24,Haruo,24,0.21941385364007798,7.9,0.7449933244325768,Japanese,iter
Haruo_25,Haruo,25,0.25871174722045054,9.6,0.7594202898550725,Japanese,iter
Haruo_26,Haruo,26,0.16300251854442926,12.2,0.8018691588785046,Japanese,iter
Haruo_27,Haruo,27,0.2409509277050782,9.4,0.7648221343873518,Japanese,iter
Haruo_28,Haruo,28,0.17900006017568645,10.9,0.7188427299703264,Japanese,iter
Haruo_29,Haruo,29,0.18879115819159442,9.4,0.8555133079847909,Japanese,iter
Haruo_3,Haruo,3,0.24648647902335785,8,0.6499339498018494,Japanese,iter
Haruo_30,Haruo,30,0.19429361930299469,9.5,0.8068181818181818,Japanese,iter
Haruo_31,Haruo,31,0.21945067770429275,8.9,0.7289416846652268,Japanese,iter
Haruo_32,Haruo,32,0.18604801855345784,9.1,0.7174571140262361,Japanese,iter
Haruo_33,Haruo,33,0.24770580761582356,7.7,0.7221458046767538,Japanese,iter
Haruo_34,Haruo,34,0.20602049581627327,7.8,0.7370689655172413,Japanese,iter
Haruo_35,Haruo,35,0.23845387624852243,8.5,0.5834333733493398,Japanese,iter
Haruo_36,Haruo,36,0.21449071508965759,10.7,0.6467213114754098,Japanese,iter
Haruo_37,Haruo,37,0.2451706628506964,8.5,0.6917728852838934,Japanese,iter
Haruo_38,Haruo,38,0.18913672680938,11,0.806572068707991,Japanese,iter
Haruo_39,Haruo,39,0.18353780581088117,8.6,0.6617647058823529,Japanese,iter
Haruo_4,Haruo,4,0.24590298090114193,9.5,0.7419980601357905,Japanese,iter
Haruo_40,Haruo,40,0.19006176067707978,9.9,0.7628959276018099,Japanese,iter
Haruo_41,Haruo,41,0.23107006011453868,8.5,0.7446808510638298,Japanese,iter
Haruo_42,Haruo,42,0.21533606614649084,10.9,0.8438914027149321,Japanese,iter
Haruo_43,Haruo,43,0.21486471265358917,9.1,0.7275541795665634,Japanese,iter
Haruo_44,Haruo,44,0.22836527915340038,9.2,0.7947421638018201,Japanese,iter
Haruo_45,Haruo,45,0.19989174907335766,10.7,0.8031128404669261,Japanese,iter
Haruo_46,Haruo,46,0.20046656289514456,11.1,0.7974137931034483,Japanese,iter
Haruo_47,Haruo,47,0.23758271112638402,9.2,0.6934673366834171,Japanese,iter
Haruo_48,Haruo,48,0.2739622449639182,7.9,0.7510204081632653,Japanese,iter
Haruo_49,Haruo,49,0.22420365918580448,10,0.769299023957409,Japanese,iter
Haruo_5,Haruo,5,0.2019269593451407,10.3,0.782392026578073,Japanese,iter
Haruo_50,Haruo,50,0.27173006725948534,7.3,0.6170886075949367,Japanese,iter
Haruo_51,Haruo,51,0.24804726595975654,8.9,0.8681771369721936,Japanese,iter
Haruo_52,Haruo,52,0.19369461244957947,8.9,0.7381203801478353,Japanese,iter
Haruo_53,Haruo,53,0.1779398491407608,9.7,0.7125,Japanese,iter
Haruo_54,Haruo,54,0.17716984382477716,9.6,0.7767083734359962,Japanese,iter
Haruo_55,Haruo,55,0.2079990323859954,10.6,0.7357142857142858,Japanese,iter
Haruo_56,Haruo,56,0.22811989603401922,9.1,0.7377049180327869,Japanese,iter
Haruo_57,Haruo,57,0.20400053157623407,10.7,0.767275615567911,Japanese,iter
Haruo_58,Haruo,58,0.22686649559871538,9.5,0.7450047573739296,Japanese,iter
Haruo_59,Haruo,59,0.2075218252258978,9.8,0.7506726457399103,Japanese,iter
Haruo_6,Haruo,6,0.19866080921813176,8.3,0.7392344497607656,Japanese,iter
Haruo_60,Haruo,60,0.20250879365521723,10.9,0.7057471264367816,Japanese,iter
Haruo_61,Haruo,61,0.20213572066748353,8,0.7399756986634265,Japanese,iter
Haruo_62,Haruo,62,0.2520884308446252,5.9,0.6845637583892618,Japanese,iter
Haruo_63,Haruo,63,0.1990170468179286,7.6,0.7479674796747967,Japanese,iter
Haruo_64,Haruo,64,0.2239179133329109,6.3,0.601145038167939,Japanese,iter
Haruo_65,Haruo,65,0.19757237308822248,8.9,0.7221006564551422,Japanese,iter
Haruo_66,Haruo,66,0.2230901362992868,7.8,0.5909712722298222,Japanese,iter
Haruo_67,Haruo,67,0.21889009188456024,8,0.7303664921465969,Japanese,iter
Haruo_68,Haruo,68,0.2011655615016754,7.8,0.5769230769230769,Japanese,iter
Haruo_69,Haruo,69,0.16008309484193595,7.9,0.6336996336996337,Japanese,iter
Haruo_7,Haruo,7,0.20026723264607665,10.8,0.7204724409448819,Japanese,iter
Haruo_70,Haruo,70,0.1913425078831733,8.3,0.6586248492159228,Japanese,iter
Haruo_71,Haruo,71,0.2469436068010182,9.5,0.6566037735849056,Japanese,iter
Haruo_72,Haruo,72,0.22210886150805353,10.5,0.7853658536585366,Japanese,iter
Haruo_73,Haruo,73,0.23615988618902836,7.3,0.6594427244582043,Japanese,iter
Haruo_74,Haruo,74,0.24612719543334233,8.8,0.701212789415656,Japanese,iter
Haruo_75,Haruo,75,0.19399166573007318,10.7,0.7758620689655172,Japanese,iter
Haruo_76,Haruo,76,0.23550620400841524,8.5,0.7881944444444444,Japanese,iter
Haruo_77,Haruo,77,0.21207787334580033,9.4,0.752906976744186,Japanese,iter
Haruo_78,Haruo,78,0.20152945957098853,8.7,0.7002212389380531,Japanese,iter
Haruo_79,Haruo,79,0.2166385426428177,10.9,0.7841171935235158,Japanese,iter
Haruo_8,Haruo,8,0.23006881992012523,10.3,0.7456359102244389,Japanese,iter
Haruo_80,Haruo,80,0.2064877841071719,11,0.7438386855862584,Japanese,iter
Haruo_81,Haruo,81,0.2179461352180027,11,0.8052044609665427,Japanese,iter
Haruo_82,Haruo,82,0.24106985308884307,8,0.6991869918699187,Japanese,iter
Haruo_83,Haruo,83,0.22126702465977263,8.3,0.7923169267707083,Japanese,iter
Haruo_84,Haruo,84,0.2076044950045111,9.4,0.8005780346820809,Japanese,iter
Haruo_85,Haruo,85,0.2341862855399879,8.9,0.7207586933614331,Japanese,iter
Haruo_86,Haruo,86,0.19490538298006813,10.2,0.6349072512647554,Japanese,iter
Haruo_87,Haruo,87,0.269114210117646,7.6,0.7466863033873343,Japanese,iter
Haruo_88,Haruo,88,0.226570834997074,7.7,0.636,Japanese,iter
Haruo_89,Haruo,89,0.24730051887360716,8.1,0.6307692307692307,Japanese,iter
Haruo_9,Haruo,9,0.27012839678171263,6.9,0.8367346938775511,Japanese,iter
Haruo_90,Haruo,90,0.209062504599708,7.3,0.7978723404255319,Japanese,iter
Haruo_91,Haruo,91,0.21169141048019469,9.9,0.7513181019332161,Japanese,iter
Haruo_92,Haruo,92,0.21737910970336446,9.2,0.7162303664921466,Japanese,iter
Haruo_93,Haruo,93,0.23103189849144082,9.7,0.6017191977077364,Japanese,iter
Haruo_94,Haruo,94,0.20845867640823257,8.9,0.7939330543933054,Japanese,iter
Haruo_95,Haruo,95,0.1835347142925476,9.9,0.7875329236172081,Japanese,iter
Haruo_96,Haruo,96,0.23588228613784978,8.4,0.770414201183432,Japanese,iter
Haruo_97,Haruo,97,0.20723457492843922,11.1,0.7654867256637168,Japanese,iter
Haruo_98,Haruo,98,0.20382431906390036,8.3,0.762589928057554,Japanese,iter
Haruo_99,Haruo,99,0.2753009903679013,7.9,0.6300417246175244,Japanese,iter
Hiromi_1,Hiromi,1,0.29974391749327145,6.4,0.5537525354969574,Japanese,iter
Hiromi_10,Hiromi,10,0.26692892138767066,7.8,0.5903790087463557,Japanese,iter
Hiromi_100,Hiromi,100,0.2757769890986372,6.7,0.5284090909090909,Japanese,iter
Hiromi_11,Hiromi,11,0.21512955496866773,8.3,0.5507246376811594,Japanese,iter
Hiromi_12,Hiromi,12,0.31271039261026273,5.1,0.39655172413793105,Japanese,iter
Hiromi_13,Hiromi,13,0.21243203978854747,9.3,0.6123076923076923,Japanese,iter
Hiromi_14,Hiromi,14,0.2634733158185927,8.5,0.6579261025029798,Japanese,iter
Hiromi_15,Hiromi,15,0.22187885677175748,11.6,0.6939655172413793,Japanese,iter
Hiromi_16,Hiromi,16,0.2608343630616177,8.6,0.6213468869123253,Japanese,iter
Hiromi_17,Hiromi,17,0.3081007421552178,6.9,0.5891783567134269,Japanese,iter
Hiromi_18,Hiromi,18,0.2389796235290252,9.8,0.6517943743937924,Japanese,iter
Hiromi_19,Hiromi,19,0.2799921442382562,8.1,0.5616641901931649,Japanese,iter
Hiromi_2,Hiromi,2,0.2533532900565659,8.5,0.559074299634592,Japanese,iter
Hiromi_20,Hiromi,20,0.3327863315026488,5.9,0.5121951219512195,Japanese,iter
Hiromi_21,Hiromi,21,0.2724551967980668,9.8,0.6920821114369502,Japanese,iter
Hiromi_22,Hiromi,22,0.2236601203016099,9.3,0.6252631578947369,Japanese,iter
Hiromi_23,Hiromi,23,0.21987511503121512,11.4,0.6848802395209581,Japanese,iter
Hiromi_24,Hiromi,24,0.2732098730944658,7.9,0.6504992867332382,Japanese,iter
Hiromi_25,Hiromi,25,0.25820568834420365,8.2,0.6201117318435754,Japanese,iter
Hiromi_26,Hiromi,26,0.2868428126720471,9,0.6811926605504587,Japanese,iter
Hiromi_27,Hiromi,27,0.24936305672709105,9.2,0.6416938110749185,Japanese,iter
Hiromi_28,Hiromi,28,0.26960100922922914,7.4,0.5123152709359606,Japanese,iter
Hiromi_29,Hiromi,29,0.25168401589346634,10.2,0.7034671532846716,Japanese,iter
Hiromi_3,Hiromi,3,0.21076457243153196,9.5,0.6766917293233082,Japanese,iter
Hiromi_30,Hiromi,30,0.22493669973184588,10.1,0.6097794822627037,Japanese,iter
Hiromi_31,Hiromi,31,0.2705630719046811,9.2,0.6585365853658537,Japanese,iter
Hiromi_32,Hiromi,32,0.24837282886603382,9.4,0.6013215859030837,Japanese,iter
Hiromi_33,Hiromi,33,0.2786075731021969,7.3,0.4896907216494845,Japanese,iter
Hiromi_34,Hiromi,34,0.2922472280181927,8.1,0.6251748251748251,Japanese,iter
Hiromi_35,Hiromi,35,0.29081785426765144,8.1,0.6282940360610264,Japanese,iter
Hiromi_36,Hiromi,36,0.2681067701223764,8.9,0.7582417582417582,Japanese,iter
Hiromi_37,Hiromi,37,0.2877554265758258,7.7,0.6631578947368421,Japanese,iter
Hiromi_38,Hiromi,38,0.258662400280915,5.7,0.4712041884816754,Japanese,iter
Hiromi_39,Hiromi,39,0.30110124023889584,8.1,0.6169354838709677,Japanese,iter
Hiromi_4,Hiromi,4,0.2339205439172749,11.1,0.7202797202797203,Japanese,iter
Hiromi_40,Hiromi,40,0.275952170316405,8.3,0.640926640926641,Japanese,iter
Hiromi_41,Hiromi,41,0.30795101036486117,6.5,0.4825174825174825,Japanese,iter
Hiromi_42,Hiromi,42,0.23060724429429372,9.6,0.6037934668071654,Japanese,iter
Hiromi_43,Hiromi,43,0.29750129039373613,8.1,0.6025641025641025,Japanese,iter
Hiromi_44,Hiromi,44,0.2633664185279287,9.2,0.5938215102974829,Japanese,iter
Hiromi_45,Hiromi,45,0.2603043425595722,9.5,0.6423913043478261,Japanese,iter
Hiromi_46,Hiromi,46,0.3123285901172596,6.9,0.54216867469879515,Japanese,iter
Hiromi_47,Hiromi,47,0.30796907353975744,6.7,0.5605749486652978,Japanese,iter
Hiromi_48,Hiromi,48,0.25827360419141027,6.7,0.5,Japanese,iter
Hiromi_49,Hiromi,49,0.26162024518038784,9.3,0.6426264800861141,Japanese,iter
Hiromi_5,Hiromi,5,0.28011356306853696,8.7,0.6335403726708074,Japanese,iter
Hiromi_50,Hiromi,50,0.24798264734677095,8.2,0.631578947368421,Japanese,iter
Hiromi_51,Hiromi,51,0.22231301171183812,9.5,0.6024217961654894,Japanese,iter
Hiromi_52,Hiromi,52,0.25536970639819134,8.7,0.6330935251798561,Japanese,iter
Hiromi_53,Hiromi,53,0.2315382468290275,8.4,0.5872020075282308,Japanese,iter
Hiromi_54,Hiromi,54,0.2524640901940543,7.7,0.6239316239316239,Japanese,iter
Hiromi_55,Hiromi,55,0.25679622468125934,8.9,0.5746180963572268,Japanese,iter
Hiromi_56,Hiromi,56,0.28315131170882657,7.8,0.5630630630630631,Japanese,iter
Hiromi_57,Hiromi,57,0.2985812662232068,7.9,0.6153846153846154,Japanese,iter
Hiromi_58,Hiromi,58,0.24699318966805361,9.5,0.6589769307923772,Japanese,iter
Hiromi_59,Hiromi,59,0.21344197568021617,10.9,0.7241379310344828,Japanese,iter
Hiromi_6,Hiromi,6,0.25169190097251165,8.7,0.5860805860805861,Japanese,iter
Hiromi_60,Hiromi,60,0.23031527412097583,8.9,0.6,Japanese,iter
Hiromi_61,Hiromi,61,0.24682849664694678,7.9,0.5435393258426966,Japanese,iter
Hiromi_62,Hiromi,62,0.2445706226477008,9.9,0.6492094861660079,Japanese,iter
Hiromi_63,Hiromi,63,0.24664033352789408,10,0.704225352112676,Japanese,iter
Hiromi_64,Hiromi,64,0.2173385897173757,7.8,0.5654676258992806,Japanese,iter
Hiromi_65,Hiromi,65,0.28068864347532996,7.9,0.5650224215246636,Japanese,iter
Hiromi_66,Hiromi,66,0.23528446459429753,8.8,0.6418918918918919,Japanese,iter
Hiromi_67,Hiromi,67,0.25672914490606386,7.1,0.5296950240770465,Japanese,iter
Hiromi_68,Hiromi,68,0.22967544886569402,9.2,0.5649948822927329,Japanese,iter
Hiromi_69,Hiromi,69,0.2774975258907568,7.8,0.6434540389972145,Japanese,iter
Hiromi_7,Hiromi,7,0.2832779773760737,6.7,0.5300751879699248,Japanese,iter
Hiromi_70,Hiromi,70,0.2542719277629822,8.9,0.6236559139784946,Japanese,iter
Hiromi_71,Hiromi,71,0.2571193225795972,9.7,0.7317813765182186,Japanese,iter
Hiromi_72,Hiromi,72,0.24200061168909107,8.4,0.5357142857142857,Japanese,iter
Hiromi_73,Hiromi,73,0.25433996751270627,8.2,0.5992115637319316,Japanese,iter
Hiromi_74,Hiromi,74,0.2527269087904165,9.2,0.754601226993865,Japanese,iter
Hiromi_75,Hiromi,75,0.23212375667767146,10.1,0.6521739130434783,Japanese,iter
Hiromi_76,Hiromi,76,0.22524759067908828,9.8,0.633107454017425,Japanese,iter
Hiromi_77,Hiromi,77,0.21456239830607624,10.3,0.6225895316804407,Japanese,iter
Hiromi_78,Hiromi,78,0.21986581602031158,10.3,0.6701298701298701,Japanese,iter
Hiromi_79,Hiromi,79,0.18433312414826125,6.5,0.5497382198952879,Japanese,iter
Hiromi_8,Hiromi,8,0.3111461620563676,7.8,0.5482912332838039,Japanese,iter
Hiromi_80,Hiromi,80,0.281765290897373,8.6,0.5870393900889453,Japanese,iter
Hiromi_81,Hiromi,81,0.22530682942569127,9.3,0.6869300911854104,Japanese,iter
Hiromi_82,Hiromi,82,0.23837526259754843,8.6,0.6576787807737398,Japanese,iter
Hiromi_83,Hiromi,83,0.29580625479074013,7.7,0.5467289719626168,Japanese,iter
Hiromi_84,Hiromi,84,0.2517275955813473,8.5,0.6539408866995073,Japanese,iter
Hiromi_85,Hiromi,85,0.2278363324283991,8.6,0.6546091015169195,Japanese,iter
Hiromi_86,Hiromi,86,0.23227301098429992,8.8,0.6751662971175166,Japanese,iter
Hiromi_87,Hiromi,87,0.2762967518424718,7.5,0.5743670886075949,Japanese,iter
Hiromi_88,Hiromi,88,0.2396923634240107,6.9,0.469811320754717,Japanese,iter
Hiromi_89,Hiromi,89,0.2265466300362936,10,0.6746543778801843,Japanese,iter
Hiromi_9,Hiromi,9,0.26525829246299387,7.9,0.6178977272727273,Japanese,iter
Hiromi_90,Hiromi,90,0.28148630272293346,7.3,0.6089108910891089,Japanese,iter
Hiromi_91,Hiromi,91,0.27908580715392795,7.9,0.5361890694239291,Japanese,iter
Hiromi_92,Hiromi,92,0.22929062953325144,7.8,0.6083333333333333,Japanese,iter
Hiromi_93,Hiromi,93,0.2420264073053378,8.2,0.5078740157480315,Japanese,iter
Hiromi_94,Hiromi,94,0.25575889292286275,8.7,0.5931558935361216,Japanese,iter
Hiromi_95,Hiromi,95,0.2783792815278351,7.4,0.5463743676222597,Japanese,iter
Hiromi_96,Hiromi,96,0.32551354815217354,6.7,0.6531365313653137,Japanese,iter
Hiromi_97,Hiromi,97,0.2675506993197385,7.5,0.5179153094462541,Japanese,iter
Hiromi_98,Hiromi,98,0.24254925897510596,8.4,0.6488456865127582,Japanese,iter
Hiromi_99,Hiromi,99,0.2990458350251075,7.6,0.665625,Japanese,iter
Ivy_1,Ivy,1,0.24857526862241133,4.1,0.5097087378640777,UK,iter
Ivy_10,Ivy,10,0.3264381975680511,5.6,0.6,UK,iter
Ivy_100,Ivy,100,0.2532809417165564,4.4,0.40268456375838924,UK,iter
Ivy_11,Ivy,11,0.35364598360554306,4.3,0.6351351351351351,UK,iter
Ivy_12,Ivy,12,0.3087846065500748,5,0.4241379310344828,UK,iter
Ivy_13,Ivy,13,0.21763551260138347,4,0.584070796460177,UK,iter
Ivy_14,Ivy,14,0.18899505798072072,6.3,0.6245136186770428,UK,iter
Ivy_15,Ivy,15,0.2174750313888225,5.8,0.6327014218009479,UK,iter
Ivy_16,Ivy,16,0.15869565186588902,5,0.5714285714285714,UK,iter
Ivy_17,Ivy,17,0.24643453166013038,5.8,0.5780487804878048,UK,iter
Ivy_18,Ivy,18,0.22323744031913428,5.4,0.5161290322580645,UK,iter
Ivy_19,Ivy,19,0.24161474413923592,3.1,0.47107438016528924,UK,iter
Ivy_2,Ivy,2,0.17473908154744638,3.6,0.7151162790697675,UK,iter
Ivy_20,Ivy,20,0.1822184884798278,3.7,0.5393258426966292,UK,iter
Ivy_21,Ivy,21,0.34080833992521903,6.8,0.6539196940726577,UK,iter
Ivy_22,Ivy,22,0.2533002757876864,4.4,0.5564516129032258,UK,iter
Ivy_23,Ivy,23,0.32934061512894397,4.9,0.5555555555555556,UK,iter
Ivy_24,Ivy,24,0.30409328186774554,5.2,0.46956521739130436,UK,iter
Ivy_25,Ivy,25,0.2671761685145007,4.6,0.5681063122923588,UK,iter
Ivy_26,Ivy,26,0.30823621875063256,5.9,0.4975609756097561,UK,iter
Ivy_27,Ivy,27,0.2556235164242117,4.2,0.548936170212766,UK,iter
Ivy_28,Ivy,28,0.33944977246754277,4.1,0.5741626794258373,UK,iter
Ivy_29,Ivy,29,0.22675737337646015,4.7,0.48514851485148514,UK,iter
Ivy_3,Ivy,3,0.3428305037164033,5.3,0.6895522388059702,UK,iter
Ivy_30,Ivy,30,0.2774930079974686,5,0.48297213622291024,UK,iter
Ivy_31,Ivy,31,0.19654764302885797,4.7,0.6435643564356436,UK,iter
Ivy_32,Ivy,32,0.3211323928444393,5.5,0.5737704918032787,UK,iter
Ivy_33,Ivy,33,0.23829933353324861,6.8,0.56027164685908315,UK,iter
Ivy_34,Ivy,34,0.21401813448401466,5.4,0.6047120418848168,UK,iter
Ivy_35,Ivy,35,0.35887534400524207,4.5,0.5465587044534413,UK,iter
Ivy_36,Ivy,36,0.25950815707623076,4.6,0.6151079136690647,UK,iter
Ivy_37,Ivy,37,0.3102425427486751,5.3,0.5405405405405406,UK,iter
Ivy_38,Ivy,38,0.20064345604318565,4.8,0.5876288659793815,UK,iter
Ivy_39,Ivy,39,0.3220953659984763,3.7,0.603448275862069,UK,iter
Ivy_4,Ivy,4,0.2330375455889324,4.9,0.5784313725490197,UK,iter
Ivy_40,Ivy,40,0.2141639712338104,4.2,0.5136186770428015,UK,iter
Ivy_41,Ivy,41,0.24520278256774367,6,0.52,UK,iter
Ivy_42,Ivy,42,0.2290493435547399,4.6,0.6421052631578947,UK,iter
Ivy_43,Ivy,43,0.2008510277783361,5,0.4945945945945946,UK,iter
Ivy_44,Ivy,44,0.261661433212365,4.9,0.5631768953068592,UK,iter
Ivy_45,Ivy,45,0.19966000201844528,6.3,0.539651837524178,UK,iter
Ivy_46,Ivy,46,0.19524243685452422,4,0.5277777777777778,UK,iter
Ivy_47,Ivy,47,0.24291392568487738,6,0.6297968397291196,UK,iter
Ivy_48,Ivy,48,0.1645086092693912,4,0.46875,UK,iter
Ivy_49,Ivy,49,0.24068413804042182,3.9,0.5588235294117647,UK,iter
Ivy_5,Ivy,5,0.1971597171314766,5.2,0.5948275862068966,UK,iter
Ivy_50,Ivy,50,0.29057918504765984,4.8,0.5742574257425742,UK,iter
Ivy_51,Ivy,51,0.3520279160908827,5.2,0.494949494949495,UK,iter
Ivy_52,Ivy,52,0.3246285940727436,6,0.5589622641509434,UK,iter
Ivy_53,Ivy,53,0.32192124078408846,5.9,0.5233415233415234,UK,iter
Ivy_54,Ivy,54,0.24423771959048615,5.4,0.5333333333333333,UK,iter
Ivy_55,Ivy,55,0.16741947020393014,6.4,0.6850393700787402,UK,iter
Ivy_56,Ivy,56,0.21576451035748304,6.6,0.5752688172043011,UK,iter
Ivy_57,Ivy,57,0.3168909492661524,7.3,0.6260434056761269,UK,iter
Ivy_58,Ivy,58,0.31344253760696233,4.8,0.559322033898305,UK,iter
Ivy_59,Ivy,59,0.2709835212921012,6.3,0.5493827160493827,UK,iter
Ivy_6,Ivy,6,0.25630967234804797,5.2,0.5393258426966292,UK,iter
Ivy_60,Ivy,60,0.2101476632389696,5.3,0.5013927576601671,UK,iter
Ivy_61,Ivy,61,0.23583448031889434,4,0.5652173913043478,UK,iter
Ivy_62,Ivy,62,0.2837728668198119,4.1,0.39908256880733944,UK,iter
Ivy_63,Ivy,63,0.2013419584734807,4.5,0.6066176470588235,UK,iter
Ivy_64,Ivy,64,0.19914132249693603,4.6,0.5172413793103449,UK,iter
Ivy_65,Ivy,65,0.17213393594581447,5.1,0.6715116279069767,UK,iter
Ivy_66,Ivy,66,0.2179896258275666,5.9,0.5612472160356348,UK,iter
Ivy_67,Ivy,67,0.31832919185854247,4.7,0.5241635687732342,UK,iter
Ivy_68,Ivy,68,0.30861529935791654,5.8,0.542713567839196,UK,iter
Ivy_69,Ivy,69,0.321885332529708,6,0.5579710144927537,UK,iter
Ivy_7,Ivy,7,0.3116229491123926,4.2,0.4976958525345622,UK,iter
Ivy_70,Ivy,70,0.2152364303181337,5.1,0.6173913043478261,UK,iter
Ivy_71,Ivy,71,0.22957959278596826,4.4,0.4925373134328358,UK,iter
Ivy_72,Ivy,72,0.2881821008434726,6.3,0.5501066098081023,UK,iter
Ivy_73,Ivy,73,0.25271914584895494,5.6,0.556390977443609,UK,iter
Ivy_74,Ivy,74,0.20211916925924506,7.4,0.656671664167916,UK,iter
Ivy_75,Ivy,75,0.1544400144195969,4.7,0.6655629139072847,UK,iter
Ivy_76,Ivy,76,0.20737002165544557,9.3,0.6012658227848101,UK,iter
Ivy_77,Ivy,77,0.28427398878957677,3.5,0.45569620253164556,UK,iter
Ivy_78,Ivy,78,0.1810842053017703,6.2,0.7016129032258065,UK,iter
Ivy_79,Ivy,79,0.29093367139095316,3.9,0.43315508021390375,UK,iter
Ivy_8,Ivy,8,0.20259988111595353,3.3,0.43125,UK,iter
Ivy_80,Ivy,80,0.39873245543626096,3.6,0.3931034482758621,UK,iter
Ivy_81,Ivy,81,0.27327168062506174,4.3,0.5138888888888888,UK,iter
Ivy_82,Ivy,82,0.26705523478541365,5.4,0.48412698412698413,UK,iter
Ivy_83,Ivy,83,0.22992264432854723,6.4,0.5964912280701754,UK,iter
Ivy_84,Ivy,84,0.2221014277528495,4.8,0.56,UK,iter
Ivy_85,Ivy,85,0.2928337844585007,5.1,0.5028901734104047,UK,iter
Ivy_86,Ivy,86,0.18703088031571102,6.4,0.6986301369863014,UK,iter
Ivy_87,Ivy,87,0.19804659002739985,3.7,0.510989010989011,UK,iter
Ivy_88,Ivy,88,0.18249549386484118,6.6,0.6654545454545454,UK,iter
Ivy_89,Ivy,89,0.17153890822363577,5.1,0.5657142857142857,UK,iter
Ivy_9,Ivy,9,0.20718290531581832,3.9,0.5885167464114832,UK,iter
Ivy_90,Ivy,90,0.3413709756929376,5.2,0.6358208955223881,UK,iter
Ivy_91,Ivy,91,0.20719396416246036,5.5,0.5644329896907216,UK,iter
Ivy_92,Ivy,92,0.22669367959561054,5.5,0.4899497487437186,UK,iter
Ivy_93,Ivy,93,0.2568481072870049,3.3,0.4666666666666667,UK,iter
Ivy_94,Ivy,94,0.23252467426735896,5.5,0.5326370757180157,UK,iter
Ivy_95,Ivy,95,0.25054845007160115,4.8,0.5559105431309904,UK,iter
Ivy_96,Ivy,96,0.24944100331359026,5.3,0.5570291777188329,UK,iter
Ivy_97,Ivy,97,0.3049023124698712,6.1,0.673202614379085,UK,iter
Ivy_98,Ivy,98,0.19057555658384934,4.1,0.589041095890411,UK,iter
Ivy_99,Ivy,99,0.3341264597398051,5.1,0.494949494949495,UK,iter
Julien_1,Julien,1,0.19591923771455397,7.3,0.5044642857142857,French,iter
Julien_10,Julien,10,0.18993405727715812,7.8,0.5,French,iter
Julien_100,Julien,100,0.17858023976856752,8.9,0.5439739413680782,French,iter
Julien_11,Julien,11,0.18902601539481884,9.1,0.5707019328585962,French,iter
Julien_12,Julien,12,0.19394602331500055,7.8,0.49736842105263157,French,iter
Julien_13,Julien,13,0.2159708910551699,8.5,0.5412186379928315,French,iter
Julien_14,Julien,14,0.19432038796613013,8.8,0.5557963163596966,French,iter
Julien_15,Julien,15,0.217739537123235,7.5,0.4691729323308271,French,iter
Julien_16,Julien,16,0.18204721363271584,9.2,0.5613682092555332,French,iter
Julien_17,Julien,17,0.21773306821748173,8.7,0.574468085106383,French,iter
Julien_18,Julien,18,0.20388949511161578,8.9,0.577922077922078,French,iter
Julien_19,Julien,19,0.2008568042736205,6.5,0.39928057553956836,French,iter
Julien_2,Julien,2,0.21438738076906325,8.7,0.5738831615120275,French,iter
Julien_20,Julien,20,0.21827636669698092,7.6,0.509009009009009,French,iter
Julien_21,Julien,21,0.20943699528697815,8.7,0.5715896279594137,French,iter
Julien_22,Julien,22,0.21467017871341518,8.8,0.584070796460177,French,iter
Julien_23,Julien,23,0.20778518497482631,7.5,0.4675324675324675,French,iter
Julien_24,Julien,24,0.18793949308684837,9.2,0.5537525354969574,French,iter
Julien_25,Julien,25,0.213501116412506,8.5,0.5560975609756098,French,iter
Julien_26,Julien,26,0.18970169305238394,9.3,0.5797546012269938,French,iter
Julien_27,Julien,27,0.20363118122262105,7.5,0.46015037593984964,French,iter
Julien_28,Julien,28,0.1884212903632094,9.1,0.580952380952381,French,iter
Julien_29,Julien,29,0.1892859292650349,7.7,0.493368700265252,French,iter
Julien_3,Julien,3,0.17845258205129727,7.3,0.49222065063649223,French,iter
Julien_30,Julien,30,0.19394602331500077,7.8,0.49736842105263157,French,iter
Julien_31,Julien,31,0.20629164656879803,7.7,0.5121951219512195,French,iter
Julien_32,Julien,32,0.21597089105517,8.5,0.5582191780821918,French,iter
Julien_33,Julien,33,0.19967281355255748,8.4,0.5727590221187427,French,iter
Julien_34,Julien,34,0.1826936264231178,9.3,0.5598802395209581,French,iter
Julien_35,Julien,35,0.19823609398109204,8.5,0.5521885521885522,French,iter
Julien_36,Julien,36,0.18791924570849639,8.9,0.5413043478260869,French,iter
Julien_37,Julien,37,0.19678427693860082,8.8,0.5651237890204521,French,iter
Julien_38,Julien,38,0.19548739136540533,7.6,0.49194729136163984,French,iter
Julien_39,Julien,39,0.21250730005934668,8.7,0.5625,French,iter
Julien_4,Julien,4,0.20943699528697762,8.7,0.5847750865051903,French,iter
Julien_40,Julien,40,0.21633387136313803,8.5,0.5444711538461539,French,iter
Julien_41,Julien,41,0.18935002302969173,9.2,0.5625,French,iter
Julien_42,Julien,42,0.2076948258064673,8.5,0.5565927654609102,French,iter
Julien_43,Julien,43,0.207316424138436,7.6,0.48660084626234135,French,iter
Julien_44,Julien,44,0.16209728563991074,9.1,0.5548961424332344,French,iter
Julien_45,Julien,45,0.20330700500913493,7.5,0.49514563106796117,French,iter
Julien_46,Julien,46,0.18204721363271567,9.2,0.5613682092555332,French,iter
Julien_47,Julien,47,0.2021919636071073,8.3,0.529192546583851,French,iter
Julien_48,Julien,48,0.19465207853446959,9.4,0.5782038345105953,French,iter
Julien_49,Julien,49,0.20313866046448495,7.8,0.5013368983957219,French,iter
Julien_5,Julien,5,0.1791049848040036,8.4,0.5631517960602549,French,iter
Julien_50,Julien,50,0.19473642459913232,8.7,0.5689084895259096,French,iter
Julien_51,Julien,51,0.21250730005934634,8.7,0.5696629213483146,French,iter
Julien_52,Julien,52,0.19432038796613013,8.8,0.5463687150837989,French,iter
Julien_53,Julien,53,0.16972585714640884,9.6,0.5580110497237569,French,iter
Julien_54,Julien,54,0.21259263112437635,8.6,0.5850178359096314,French,iter
Julien_55,Julien,55,0.1873651241855169,7.8,0.48046875,French,iter
Julien_56,Julien,56,0.189701693052384,9.3,0.5797546012269938,French,iter
Julien_57,Julien,57,0.21684805089447592,8.5,0.5602409638554217,French,iter
Julien_58,Julien,58,0.2146701787134151,8.8,0.584070796460177,French,iter
Julien_59,Julien,59,0.2146701787134154,8.8,0.5736263736263736,French,iter
Julien_6,Julien,6,0.1875629295940648,8.3,0.5359628770301624,French,iter
Julien_60,Julien,60,0.20813447526068257,8.5,0.5796252927400468,French,iter
Julien_61,Julien,61,0.21968420987006054,8.7,0.5806451612903226,French,iter
Julien_62,Julien,62,0.19512023862920702,8.7,0.5588235294117647,French,iter
Julien_63,Julien,63,0.21773306821748134,8.7,0.5746987951807229,French,iter
Julien_64,Julien,64,0.21363250014216925,8.6,0.5648252536640361,French,iter
Julien_65,Julien,65,0.1842835135401789,8.9,0.5583596214511041,French,iter
Julien_66,Julien,66,0.19387695052922344,8.9,0.5613305613305614,French,iter
Julien_67,Julien,67,0.1985208170840348,7.8,0.49042709867452133,French,iter
Julien_68,Julien,68,0.20451260761342616,7.6,0.5042735042735043,French,iter
Julien_69,Julien,69,0.21363250014216986,8.6,0.5648252536640361,French,iter
Julien_7,Julien,7,0.20030332155896055,8.8,0.5635179153094463,French,iter
Julien_70,Julien,70,0.2149135260915881,7.6,0.49228611500701264,French,iter
Julien_71,Julien,71,0.18948140675935476,9.3,0.561,French,iter
Julien_72,Julien,72,0.20323739648632977,7.4,0.49157733537519144,French,iter
Julien_73,Julien,73,0.20117655849058388,7.1,0.4656,French,iter
Julien_74,Julien,74,0.1894814067593548,9.3,0.567,French,iter
Julien_75,Julien,75,0.18756292959406498,8.4,0.5506756756756757,French,iter
Julien_76,Julien,76,0.21462189279108967,7.6,0.4825174825174825,French,iter
Julien_77,Julien,77,0.19463183115611724,9.1,0.5832471561530507,French,iter
Julien_78,Julien,78,0.1894814067593548,9.3,0.567,French,iter
Julien_79,Julien,79,0.2149618120139141,8.8,0.5972850678733032,French,iter
Julien_8,Julien,8,0.21342057529808864,8.9,0.5769230769230769,French,iter
Julien_80,Julien,80,0.2170872899651611,8.6,0.5670945157526255,French,iter
Julien_81,Julien,81,0.18185283525285695,8.8,0.5436681222707423,French,iter
Julien_82,Julien,82,0.1649131937421386,7.9,0.49144254278728605,French,iter
Julien_83,Julien,83,0.19207182808299544,7.1,0.43328100470957615,French,iter
Julien_84,Julien,84,0.20767479532144226,8.6,0.5574324324324325,French,iter
Julien_85,Julien,85,0.21392413344266797,8.6,0.5701357466063348,French,iter
Julien_86,Julien,86,0.20642337999643043,8.8,0.5596755504055619,French,iter
Julien_87,Julien,87,0.20216183131026902,8.7,0.5777027027027027,French,iter
Julien_88,Julien,88,0.2063545218553269,8.7,0.553072625698324,French,iter
Julien_89,Julien,89,0.1784709378995482,8.1,0.4925925925925926,French,iter
Julien_9,Julien,9,0.20299684302845553,8.5,0.5570934256055363,French,iter
Julien_90,Julien,90,0.18902601539481892,9.1,0.5837669094693028,French,iter
Julien_91,Julien,91,0.18004864766927528,8.7,0.5511482254697286,French,iter
Julien_92,Julien,92,0.18932977565133907,9,0.5573770491803278,French,iter
Julien_93,Julien,93,0.1931092321097717,8.8,0.5791245791245792,French,iter
Julien_94,Julien,94,0.21237591632968258,8.6,0.5590277777777778,French,iter
Julien_95,Julien,95,0.2162079195413666,7.3,0.4583333333333333,French,iter
Julien_96,Julien,96,0.18540529782261347,8.3,0.5408163265306123,French,iter
Julien_97,Julien,97,0.189026015394819,9.1,0.5707019328585962,French,iter
Julien_98,Julien,98,0.1967842769386004,8.8,0.5737704918032787,French,iter
Julien_99,Julien,99,0.19678427693860023,8.8,0.5737704918032787,French,iter
Kazuko_1,Kazuko,1,0.23699506464350842,7.9,0.5537848605577689,Japanese,iter
Kazuko_10,Kazuko,10,0.2851028396011801,4.9,0.3898916967509025,Japanese,iter
Kazuko_100,Kazuko,100,0.30370291730424,6,0.42953020134228187,Japanese,iter
Kazuko_11,Kazuko,11,0.3462310780077061,4.2,0.518918918918919,Japanese,iter
Kazuko_12,Kazuko,12,0.31514707999964253,5.7,0.5186170212765957,Japanese,iter
Kazuko_13,Kazuko,13,0.32353309157540894,5.8,0.48058252427184467,Japanese,iter
Kazuko_14,Kazuko,14,0.278187596808249,6.7,0.5155393053016454,Japanese,iter
Kazuko_15,Kazuko,15,0.2488257744458007,9,0.5753880266075388,Japanese,iter
Kazuko_16,Kazuko,16,0.34841749890053836,4,0.42391304347826086,Japanese,iter
Kazuko_17,Kazuko,17,0.25368671443755214,8.2,0.5533596837944664,Japanese,iter
Kazuko_18,Kazuko,18,0.2632969469025664,6.5,0.49070631970260226,Japanese,iter
Kazuko_19,Kazuko,19,0.1162981967053842,3.3,0.30201342281879195,Japanese,iter
Kazuko_2,Kazuko,2,0.29003674827079867,6,0.4485294117647059,Japanese,iter
Kazuko_20,Kazuko,20,0.27340072463673437,5.2,0.3565217391304348,Japanese,iter
Kazuko_21,Kazuko,21,0.3183197150147307,5.1,0.4221556886227545,Japanese,iter
Kazuko_22,Kazuko,22,0.29858676256168576,4.7,0.4828767123287671,Japanese,iter
Kazuko_23,Kazuko,23,0.23483348847945384,4.5,0.35555555555555557,Japanese,iter
Kazuko_24,Kazuko,24,0.15378002892807957,3.2,0.4846153846153846,Japanese,iter
Kazuko_25,Kazuko,25,0.31352163348330503,6.1,0.5497737556561086,Japanese,iter
Kazuko_26,Kazuko,26,0.282014506670935,4.4,0.3157894736842105,Japanese,iter
Kazuko_27,Kazuko,27,0.2543505659369764,5.7,0.4370860927152318,Japanese,iter
Kazuko_28,Kazuko,28,0.30971772145717835,6.3,0.5370370370370371,Japanese,iter
Kazuko_29,Kazuko,29,0.28766627792234617,4.6,0.3523809523809524,Japanese,iter
Kazuko_3,Kazuko,3,0.3039787619127127,5,0.4271523178807947,Japanese,iter
Kazuko_30,Kazuko,30,0.30295854225117125,5.3,0.5353846153846153,Japanese,iter
Kazuko_31,Kazuko,31,0.31509226762100206,3.3,0.2874251497005988,Japanese,iter
Kazuko_32,Kazuko,32,0.35325989050826956,4.3,0.4485981308411215,Japanese,iter
Kazuko_33,Kazuko,33,0.3336025750958839,4.4,0.3722627737226277,Japanese,iter
Kazuko_34,Kazuko,34,0.30756576920365397,6.4,0.5230460921843687,Japanese,iter
Kazuko_35,Kazuko,35,0.15209144865401292,5.3,0.5095890410958904,Japanese,iter
Kazuko_36,Kazuko,36,0.29345556776372783,4,0.45226130653266333,Japanese,iter
Kazuko_37,Kazuko,37,0.2952635332293903,7.5,0.5737439222042139,Japanese,iter
Kazuko_38,Kazuko,38,0.39335606929830086,3.7,0.40601503759398494,Japanese,iter
Kazuko_39,Kazuko,39,0.310033974183099,5.4,0.4097938144329897,Japanese,iter
Kazuko_4,Kazuko,4,0.30885693240568246,5,0.4782608695652174,Japanese,iter
Kazuko_40,Kazuko,40,0.35964470742578153,4.7,0.4634146341463415,Japanese,iter
Kazuko_41,Kazuko,41,0.2631287813479025,4.5,0.5324232081911263,Japanese,iter
Kazuko_42,Kazuko,42,0.3534701102729449,4.8,0.4457831325301205,Japanese,iter
Kazuko_43,Kazuko,43,0.20772579397509805,6.1,0.35714285714285715,Japanese,iter
Kazuko_44,Kazuko,44,0.2780411816306623,6.7,0.5233812949640287,Japanese,iter
Kazuko_45,Kazuko,45,0.27870542550936156,6.7,0.5146198830409356,Japanese,iter
Kazuko_46,Kazuko,46,0.22298826160391494,6.5,0.5901639344262295,Japanese,iter
Kazuko_47,Kazuko,47,0.32901732620370655,5.1,0.4147058823529412,Japanese,iter
Kazuko_48,Kazuko,48,0.2403302262415713,7.3,0.49922239502332816,Japanese,iter
Kazuko_49,Kazuko,49,0.3091022709350994,6.7,0.4990328820116054,Japanese,iter
Kazuko_5,Kazuko,5,0.22436144150540757,3.4,0.23529411764705882,Japanese,iter
Kazuko_50,Kazuko,50,0.16867750671734835,3,0.4077669902912621,Japanese,iter
Kazuko_51,Kazuko,51,0.3303194270825449,5.4,0.45,Japanese,iter
Kazuko_52,Kazuko,52,0.28293097969613673,7.3,0.6020583190394511,Japanese,iter
Kazuko_53,Kazuko,53,0.3268382280911071,5.3,0.436046511627907,Japanese,iter
Kazuko_54,Kazuko,54,0.3129474668165161,6.2,0.48364485981308414,Japanese,iter
Kazuko_55,Kazuko,55,0.2443371270534967,5.6,0.4447058823529412,Japanese,iter
Kazuko_56,Kazuko,56,0.35202326557102287,4.8,0.4639175257731959,Japanese,iter
Kazuko_57,Kazuko,57,0.2586046659703372,5.1,0.3660477453580902,Japanese,iter
Kazuko_58,Kazuko,58,0.25666423908237684,6.7,0.5028901734104047,Japanese,iter
Kazuko_59,Kazuko,59,0.12254095854319792,3.1,0.25925925925925924,Japanese,iter
Kazuko_6,Kazuko,6,0.1681965543632959,5.7,0.5289855072463768,Japanese,iter
Kazuko_60,Kazuko,60,0.32481968314982645,4.4,0.3590733590733591,Japanese,iter
Kazuko_61,Kazuko,61,0.32387533327277196,6.1,0.47085201793721976,Japanese,iter
Kazuko_62,Kazuko,62,0.29928287285485305,7.4,0.5700483091787439,Japanese,iter
Kazuko_63,Kazuko,63,0.2511915549068382,4.8,0.4825174825174825,Japanese,iter
Kazuko_64,Kazuko,64,0.3559176382923891,3.5,0.4222222222222222,Japanese,iter
Kazuko_65,Kazuko,65,0.24907815555157142,6.7,0.5153970826580226,Japanese,iter
Kazuko_66,Kazuko,66,0.11547262366554419,4.4,0.31512605042016806,Japanese,iter
Kazuko_67,Kazuko,67,0.302802705940778,5.6,0.5097493036211699,Japanese,iter
Kazuko_68,Kazuko,68,0.24053556100615892,6.2,0.4831013916500994,Japanese,iter
Kazuko_69,Kazuko,69,0.3277298880372505,5.2,0.39244186046511625,Japanese,iter
Kazuko_7,Kazuko,7,0.30221860970936354,4.4,0.3493150684931507,Japanese,iter
Kazuko_70,Kazuko,70,0.03721282853093863,2.6,0.2803738317757009,Japanese,iter
Kazuko_71,Kazuko,71,0.33553651590427935,5.4,0.45170454545454547,Japanese,iter
Kazuko_72,Kazuko,72,0.31891115277584,5.8,0.5238095238095238,Japanese,iter
Kazuko_73,Kazuko,73,0.4850922014450033,3.5,0.35294117647058826,Japanese,iter
Kazuko_74,Kazuko,74,0.2523856511612736,6.7,0.45869947275922673,Japanese,iter
Kazuko_75,Kazuko,75,0.28469784297873296,6.9,0.48194945848375453,Japanese,iter
Kazuko_76,Kazuko,76,0.12841880893221283,2.8,0.3564356435643564,Japanese,iter
Kazuko_77,Kazuko,77,0.23476161677779303,6.5,0.4685714285714286,Japanese,iter
Kazuko_78,Kazuko,78,0.15851566779506843,4.6,0.5512367491166078,Japanese,iter
Kazuko_79,Kazuko,79,0.1531542311283898,4.8,0.48175182481751827,Japanese,iter
Kazuko_8,Kazuko,8,0.2942121076427505,7.2,0.5473321858864028,Japanese,iter
Kazuko_80,Kazuko,80,0.21594060857492203,6.5,0.5613682092555332,Japanese,iter
Kazuko_81,Kazuko,81,0.3035729330477696,4.4,0.26277372262773724,Japanese,iter
Kazuko_82,Kazuko,82,0.2932707588037884,5.4,0.42857142857142855,Japanese,iter
Kazuko_83,Kazuko,83,0.30514353336486266,6.2,0.4673684210526316,Japanese,iter
Kazuko_84,Kazuko,84,0.07796899634757698,3.1,0.358974358974359,Japanese,iter
Kazuko_85,Kazuko,85,0.3046057844659808,7.7,0.6119631901840491,Japanese,iter
Kazuko_86,Kazuko,86,0.3484706803600602,3.4,0.4888888888888889,Japanese,iter
Kazuko_87,Kazuko,87,0.2621109821826626,5.5,0.434010152284264,Japanese,iter
Kazuko_88,Kazuko,88,0.4437173749110317,4.7,0.5573122529644269,Japanese,iter
Kazuko_89,Kazuko,89,0.30754872315675713,5,0.40625,Japanese,iter
Kazuko_9,Kazuko,9,0.31356629470304204,4.4,0.5285714285714286,Japanese,iter
Kazuko_90,Kazuko,90,0.224857654498356,4.8,0.46153846153846156,Japanese,iter
Kazuko_91,Kazuko,91,0.3207290321629637,5.9,0.5179372197309418,Japanese,iter
Kazuko_92,Kazuko,92,0.3045098112646693,6.3,0.45436893203883494,Japanese,iter
Kazuko_93,Kazuko,93,0.23095159089807354,6.6,0.44021739130434784,Japanese,iter
Kazuko_94,Kazuko,94,0.2964314870095553,5.8,0.6407766990291263,Japanese,iter
Kazuko_95,Kazuko,95,0.1592214258571014,4.2,0.3984375,Japanese,iter
Kazuko_96,Kazuko,96,0.3234003859915745,3.7,0.3202247191011236,Japanese,iter
Kazuko_97,Kazuko,97,0.2481967679259174,7.7,0.476123595505618,Japanese,iter
Kazuko_98,Kazuko,98,0.33884681876833933,3.8,0.5209580838323353,Japanese,iter
Kazuko_99,Kazuko,99,0.2987057750343584,3.8,0.2749003984063745,Japanese,iter
Lewis_1,Lewis,1,0.05524694366423667,2.6,0.2459016393442623,UK,iter
Lewis_10,Lewis,10,0.04609173585702031,2.1,0.3181818181818182,UK,iter
Lewis_100,Lewis,100,0.2078291418360767,3.3,0.43636363636363634,UK,iter
Lewis_11,Lewis,11,0.053182772142715745,2.2,0.2926829268292683,UK,iter
Lewis_12,Lewis,12,0.17691490874349694,3,0.45,UK,iter
Lewis_13,Lewis,13,0.1499958974361649,3.4,0.42391304347826086,UK,iter
Lewis_14,Lewis,14,0.1093208830487654,3.6,0.3875,UK,iter
Lewis_15,Lewis,15,0.2732033145018052,3.3,0.39204545454545453,UK,iter
Lewis_16,Lewis,16,0.0562779603528555,2.4,0.36486486486486486,UK,iter
Lewis_17,Lewis,17,0.06369803281539275,2.7,0.3055555555555556,UK,iter
Lewis_18,Lewis,18,0.246004997289743,3.5,0.390625,UK,iter
Lewis_19,Lewis,19,0.23690487236028293,4.1,0.3322475570032573,UK,iter
Lewis_2,Lewis,2,0.24881717903909975,3.6,0.3684210526315789,UK,iter
Lewis_20,Lewis,20,0.21925814904814597,4,0.34494773519163763,UK,iter
Lewis_21,Lewis,21,0.11756197197123151,3.9,0.36428571428571427,UK,iter
Lewis_22,Lewis,22,0.3356692459110846,3.9,0.4383561643835616,UK,iter
Lewis_23,Lewis,23,0.2379973466232766,3.9,0.3522727272727273,UK,iter
Lewis_24,Lewis,24,0.16938180943908399,4,0.36298932384341637,UK,iter
Lewis_25,Lewis,25,0.05761466982127535,2.5,0.23076923076923078,UK,iter
Lewis_26,Lewis,26,0.15792007145316764,3.5,0.4009216589861751,UK,iter
Lewis_27,Lewis,27,0.05516298174377422,2.7,0.21301775147928995,UK,iter
Lewis_28,Lewis,28,0.3425693902584774,4.4,0.4316546762589928,UK,iter
Lewis_29,Lewis,29,0.02003988515522622,2.2,0.3181818181818182,UK,iter
Lewis_3,Lewis,3,0.04722513919776671,2.3,0.26666666666666666,UK,iter
Lewis_30,Lewis,30,0.24787770205812062,3.4,0.3865979381443299,UK,iter
Lewis_31,Lewis,31,0.19147133580471806,4.1,0.33762057877813506,UK,iter
Lewis_32,Lewis,32,0.22713521918869367,3.5,0.3875598086124402,UK,iter
Lewis_33,Lewis,33,0.25351273899645754,3.4,0.38860103626943004,UK,iter
Lewis_34,Lewis,34,0.18599428177611757,3.3,0.43636363636363634,UK,iter
Lewis_35,Lewis,35,0.06049540331233909,2.5,0.23076923076923078,UK,iter
Lewis_36,Lewis,36,0.06011965546567855,2.6,0.21428571428571427,UK,iter
Lewis_37,Lewis,37,0.04903376155002161,2.2,0.31343283582089554,UK,iter
Lewis_38,Lewis,38,0.07638346161169941,3.5,0.40789473684210525,UK,iter
Lewis_39,Lewis,39,0.06086939336281826,2.4,0.24793388429752067,UK,iter
Lewis_4,Lewis,4,0.21227574178511696,3.4,0.4044943820224719,UK,iter
Lewis_40,Lewis,40,0.06071223271489222,2.7,0.21428571428571427,UK,iter
Lewis_41,Lewis,41,0.06322096032824338,2.6,0.2682926829268293,UK,iter
Lewis_42,Lewis,42,0.033608557395743976,2.1,0.30434782608695654,UK,iter
Lewis_43,Lewis,43,0.05121303984113368,2.2,0.2857142857142857,UK,iter
Lewis_44,Lewis,44,0.053182772142715745,2.2,0.2926829268292683,UK,iter
Lewis_45,Lewis,45,0.2407448769825905,3.9,0.34962406015037595,UK,iter
Lewis_46,Lewis,46,0.28939094621715944,5,0.39893617021276595,UK,iter
Lewis_47,Lewis,47,0.18912793977504516,3.2,0.43352601156069365,UK,iter
Lewis_48,Lewis,48,0.14793049433321412,3.8,0.3764705882352941,UK,iter
Lewis_49,Lewis,49,0.18247705734296607,3.3,0.43636363636363634,UK,iter
Lewis_5,Lewis,5,0.2432751562879295,3.8,0.4043478260869565,UK,iter
Lewis_50,Lewis,50,0.25558011000964675,2.8,0.4485981308411215,UK,iter
Lewis_51,Lewis,51,0.11892561039140974,3.4,0.4117647058823529,UK,iter
Lewis_52,Lewis,52,0.15988704167222714,4,0.3547297297297297,UK,iter
Lewis_53,Lewis,53,0.22649465784424702,3.8,0.3643724696356275,UK,iter
Lewis_54,Lewis,54,0.05761466982127539,2.3,0.27,UK,iter
Lewis_55,Lewis,55,0.294733205385349,4.7,0.4161849710982659,UK,iter
Lewis_56,Lewis,56,0.14656076753383251,3.8,0.375,UK,iter
Lewis_57,Lewis,57,0.04880301443684504,2.7,0.22602739726027396,UK,iter
Lewis_58,Lewis,58,0.06136804676345709,2.4,0.29411764705882354,UK,iter
Lewis_59,Lewis,59,0.04178212208015029,2.2,0.3620689655172414,UK,iter
Lewis_6,Lewis,6,0.2630182993891059,3.4,0.3898305084745763,UK,iter
Lewis_60,Lewis,60,0.12326651990282092,3.5,0.4097560975609756,UK,iter
Lewis_61,Lewis,61,0.28072017745358163,4.8,0.4495114006514658,UK,iter
Lewis_62,Lewis,62,0.19669533367611022,3.8,0.35687732342007433,UK,iter
Lewis_63,Lewis,63,0.11292984413648964,3.4,0.4117647058823529,UK,iter
Lewis_64,Lewis,64,0.18741416892827692,3.4,0.41116751269035534,UK,iter
Lewis_65,Lewis,65,0.20895900587094487,3.4,0.4020618556701031,UK,iter
Lewis_66,Lewis,66,0.1890121504400517,3.2,0.43636363636363634,UK,iter
Lewis_67,Lewis,67,0.18741416892827686,3.4,0.41116751269035534,UK,iter
Lewis_68,Lewis,68,0.15121065054783198,4.4,0.3116883116883117,UK,iter
Lewis_69,Lewis,69,0.2685806727053643,3.4,0.3898305084745763,UK,iter
Lewis_7,Lewis,7,0.3106087813324312,4.8,0.40828402366863903,UK,iter
Lewis_70,Lewis,70,0.21534682152100362,3.7,0.3643724696356275,UK,iter
Lewis_71,Lewis,71,0.06019294592450042,2.6,0.2857142857142857,UK,iter
Lewis_72,Lewis,72,0.038950762696073504,2.5,0.24770642201834864,UK,iter
Lewis_73,Lewis,73,0.12479369740748344,4.1,0.3710247349823322,UK,iter
Lewis_74,Lewis,74,0.05842614404411025,2.5,0.24793388429752067,UK,iter
Lewis_75,Lewis,75,0.16360424663744655,3.6,0.3870967741935484,UK,iter
Lewis_76,Lewis,76,0.15658070435961632,3.3,0.42162162162162165,UK,iter
Lewis_77,Lewis,77,0.19308918602940026,3.9,0.3907563025210084,UK,iter
Lewis_78,Lewis,78,0.2303108313155588,3.4,0.4482758620689655,UK,iter
Lewis_79,Lewis,79,0.047513250783003495,2.4,0.2647058823529412,UK,iter
Lewis_8,Lewis,8,0.24090623301531575,3.2,0.44594594594594594,UK,iter
Lewis_80,Lewis,80,0.05377369183319036,2.3,0.27,UK,iter
Lewis_81,Lewis,81,0.03983654004209258,2.2,0.2926829268292683,UK,iter
Lewis_82,Lewis,82,0.056903377601259596,2.6,0.23076923076923078,UK,iter
Lewis_83,Lewis,83,0.06322096032824336,2.6,0.2682926829268293,UK,iter
Lewis_84,Lewis,84,0.06222567453323664,3.3,0.45454545454545453,UK,iter
Lewis_85,Lewis,85,0.042452914605150285,2.3,0.27906976744186046,UK,iter
Lewis_86,Lewis,86,0.04321100236595654,2,0.33962264150943394,UK,iter
Lewis_87,Lewis,87,0.1470408648404045,3.7,0.39545454545454545,UK,iter
Lewis_88,Lewis,88,0.2562609654116742,5.1,0.4097938144329897,UK,iter
Lewis_89,Lewis,89,0.2609200389957402,3.8,0.4876847290640394,UK,iter
Lewis_9,Lewis,9,0.15575777426267945,3.4,0.42391304347826086,UK,iter
Lewis_90,Lewis,90,0.05761466982127539,2.3,0.27,UK,iter
Lewis_91,Lewis,91,0.05647801508168341,2.3,0.2926829268292683,UK,iter
Lewis_92,Lewis,92,0.05938843235173267,2.5,0.2912621359223301,UK,iter
Lewis_93,Lewis,93,0.05237697256479581,2.4,0.2571428571428571,UK,iter
Lewis_94,Lewis,94,0.2079894967488195,4.2,0.3282674772036474,UK,iter
Lewis_95,Lewis,95,0.15652345319355865,3.4,0.4262295081967213,UK,iter
Lewis_96,Lewis,96,0.04903376155002161,2.2,0.31343283582089554,UK,iter
Lewis_97,Lewis,97,0.12248572780545311,3.4,0.4117647058823529,UK,iter
Lewis_98,Lewis,98,0.20841629718478996,3.1,0.44,UK,iter
Lewis_99,Lewis,99,0.15118136972652607,3.5,0.41935483870967744,UK,iter
Mira_1,Mira,1,0.28559139209090345,7.1,0.5120772946859904,Finnish,iter
Mira_10,Mira,10,0.3101865069978388,6.9,0.539651837524178,Finnish,iter
Mira_100,Mira,100,0.3005719882912552,5.2,0.43902439024390244,Finnish,iter
Mira_11,Mira,11,0.3110818591960943,7.1,0.5771230502599654,Finnish,iter
Mira_12,Mira,12,0.2919858369153112,6.8,0.5137795275590551,Finnish,iter
Mira_13,Mira,13,0.2934298707022569,7.7,0.6018808777429467,Finnish,iter
Mira_14,Mira,14,0.31225401624758864,6.4,0.5305263157894737,Finnish,iter
Mira_15,Mira,15,0.31882017953317543,6.4,0.5214592274678111,Finnish,iter
Mira_16,Mira,16,0.34292272729645923,5.3,0.4429530201342282,Finnish,iter
Mira_17,Mira,17,0.31190548593599354,6.3,0.5048076923076923,Finnish,iter
Mira_18,Mira,18,0.3216006044822875,5.6,0.5079365079365079,Finnish,iter
Mira_19,Mira,19,0.27326032612947315,7.9,0.5284090909090909,Finnish,iter
Mira_2,Mira,2,0.32077283179969945,6.2,0.48081264108352145,Finnish,iter
Mira_20,Mira,20,0.25443842875978323,7.2,0.6252100840336134,Finnish,iter
Mira_21,Mira,21,0.27600780844199696,7.4,0.5,Finnish,iter
Mira_22,Mira,22,0.31554057799137303,6.4,0.5217391304347826,Finnish,iter
Mira_23,Mira,23,0.2660179676058032,8.6,0.5847133757961783,Finnish,iter
Mira_24,Mira,24,0.2815637954602332,7.9,0.5501432664756447,Finnish,iter
Mira_25,Mira,25,0.367833191531666,4.9,0.5227272727272727,Finnish,iter
Mira_26,Mira,26,0.30599662600638106,6.5,0.5949895615866388,Finnish,iter
Mira_27,Mira,27,0.3255159762654801,5.8,0.4682926829268293,Finnish,iter
Mira_28,Mira,28,0.3146635950340453,7.2,0.5791304347826087,Finnish,iter
Mira_29,Mira,29,0.3255061244796706,6.3,0.5436681222707423,Finnish,iter
Mira_3,Mira,3,0.3327695680575658,6.3,0.5161290322580645,Finnish,iter
Mira_30,Mira,30,0.30748523489226065,6.6,0.5108910891089109,Finnish,iter
Mira_31,Mira,31,0.321052005499549,6.3,0.54,Finnish,iter
Mira_32,Mira,32,0.2941686853690288,7.4,0.5188679245283019,Finnish,iter
Mira_33,Mira,33,0.3130945162398274,6.2,0.4656319290465632,Finnish,iter
Mira_34,Mira,34,0.33069493883859147,6.5,0.536779324055666,Finnish,iter
Mira_35,Mira,35,0.2872812643849211,7.2,0.544973544973545,Finnish,iter
Mira_36,Mira,36,0.31773988157956484,4.5,0.43037974683544306,Finnish,iter
Mira_37,Mira,37,0.3480446882532976,5.7,0.4690265486725664,Finnish,iter
Mira_38,Mira,38,0.34998570679062185,5.3,0.5205882352941177,Finnish,iter
Mira_39,Mira,39,0.32949630060062035,5.7,0.46578947368421053,Finnish,iter
Mira_4,Mira,4,0.32575253531664616,5.4,0.518918918918919,Finnish,iter
Mira_40,Mira,40,0.2911626532891754,5.3,0.45,Finnish,iter
Mira_41,Mira,41,0.27962090675589124,5.5,0.5161290322580645,Finnish,iter
Mira_42,Mira,42,0.3841186031136763,3.7,0.4966887417218543,Finnish,iter
Mira_43,Mira,43,0.28350662475095517,7,0.5107438016528926,Finnish,iter
Mira_44,Mira,44,0.3190709139838134,5.5,0.5284552845528455,Finnish,iter
Mira_45,Mira,45,0.3310226452822703,5.4,0.41292134831460675,Finnish,iter
Mira_46,Mira,46,0.3127795796434674,6.9,0.5529411764705883,Finnish,iter
Mira_47,Mira,47,0.35415261724506936,5.8,0.5140664961636828,Finnish,iter
Mira_48,Mira,48,0.3446920268733635,5.1,0.42295081967213116,Finnish,iter
Mira_49,Mira,49,0.34726190944682733,5,0.46153846153846156,Finnish,iter
Mira_5,Mira,5,0.2858052961923641,7.9,0.5619718309859155,Finnish,iter
Mira_50,Mira,50,0.31113656268442025,6.9,0.5931558935361216,Finnish,iter
Mira_51,Mira,51,0.2907345685282348,7.4,0.5659432387312187,Finnish,iter
Mira_52,Mira,52,0.3257734092255155,6.6,0.5113636363636364,Finnish,iter
Mira_53,Mira,53,0.31865506131710614,6.4,0.56875,Finnish,iter
Mira_54,Mira,54,0.301939952154302,6.8,0.5229357798165137,Finnish,iter
Mira_55,Mira,55,0.32881847651609003,6.3,0.4888392857142857,Finnish,iter
Mira_56,Mira,56,0.3530677652870235,5.7,0.45689655172413796,Finnish,iter
Mira_57,Mira,57,0.360930858521798,5.1,0.46601941747572817,Finnish,iter
Mira_58,Mira,58,0.31828994118315584,5.7,0.4854111405835544,Finnish,iter
Mira_59,Mira,59,0.30484122090894367,6.4,0.572961373390558,Finnish,iter
Mira_6,Mira,6,0.2870002715478605,7.4,0.5822981366459627,Finnish,iter
Mira_60,Mira,60,0.33566343352648054,6.1,0.5616438356164384,Finnish,iter
Mira_61,Mira,61,0.33694111083309186,5.9,0.4882075471698113,Finnish,iter
Mira_62,Mira,62,0.32236821457060705,4.6,0.3774193548387097,Finnish,iter
Mira_63,Mira,63,0.29090509962053257,6.7,0.5488454706927176,Finnish,iter
Mira_64,Mira,64,0.30880567285852084,4.4,0.41064638783269963,Finnish,iter
Mira_65,Mira,65,0.3643827937718525,5.3,0.4090909090909091,Finnish,iter
Mira_66,Mira,66,0.3185663777958214,5.6,0.4962962962962963,Finnish,iter
Mira_67,Mira,67,0.39774325663393667,5,0.42700729927007297,Finnish,iter
Mira_68,Mira,68,0.2965276309333206,7.3,0.5597381342062193,Finnish,iter
Mira_69,Mira,69,0.28581129096451896,6.8,0.492619926199262,Finnish,iter
Mira_7,Mira,7,0.303460312078119,6.4,0.4567901234567901,Finnish,iter
Mira_70,Mira,70,0.2685990214192979,6.8,0.42702702702702705,Finnish,iter
Mira_71,Mira,71,0.33098303048076066,6.3,0.5302013422818792,Finnish,iter
Mira_72,Mira,72,0.2909436581838045,7,0.5284974093264249,Finnish,iter
Mira_73,Mira,73,0.412554261159392,5.2,0.5257731958762887,Finnish,iter
Mira_74,Mira,74,0.33866335694319705,5.1,0.4,Finnish,iter
Mira_75,Mira,75,0.3311230248330232,5.4,0.3791208791208791,Finnish,iter
Mira_76,Mira,76,0.31343926644475467,6.5,0.5316455696202531,Finnish,iter
Mira_77,Mira,77,0.361972648148869,5.2,0.4816053511705686,Finnish,iter
Mira_78,Mira,78,0.31979877234814674,6.7,0.5389221556886228,Finnish,iter
Mira_79,Mira,79,0.3153565590092377,6,0.5427872860635696,Finnish,iter
Mira_8,Mira,8,0.3314025982455532,4.3,0.319672131147541,Finnish,iter
Mira_80,Mira,80,0.33125617321669426,6.1,0.5485327313769752,Finnish,iter
Mira_81,Mira,81,0.32310316180780696,7,0.5827338129496403,Finnish,iter
Mira_82,Mira,82,0.22820620793331695,6.3,0.5040485829959515,Finnish,iter
Mira_83,Mira,83,0.41718731381482094,4.2,0.4046511627906977,Finnish,iter
Mira_84,Mira,84,0.27881274578742804,5.9,0.4431818181818182,Finnish,iter
Mira_85,Mira,85,0.335873877165047,5.6,0.5089285714285714,Finnish,iter
Mira_86,Mira,86,0.31039245733182247,5.7,0.465,Finnish,iter
Mira_87,Mira,87,0.2959823005175881,6.8,0.5857988165680473,Finnish,iter
Mira_88,Mira,88,0.4061079336609584,5,0.5698924731182796,Finnish,iter
Mira_89,Mira,89,0.31179602160406616,4.1,0.4864864864864865,Finnish,iter
Mira_9,Mira,9,0.3143805026951157,6.4,0.529045643153527,Finnish,iter
Mira_90,Mira,90,0.3397107225063527,5.5,0.5845272206303725,Finnish,iter
Mira_91,Mira,91,0.32885540308724526,6.3,0.5748898678414097,Finnish,iter
Mira_92,Mira,92,0.34205766836558793,4.8,0.3958333333333333,Finnish,iter
Mira_93,Mira,93,0.2716756798302583,8.4,0.6022443890274314,Finnish,iter
Mira_94,Mira,94,0.27808225485747895,7.7,0.5254491017964071,Finnish,iter
Mira_95,Mira,95,0.3462256533481233,5.6,0.477088948787062,Finnish,iter
Mira_96,Mira,96,0.3480963252342218,5.5,0.4690265486725664,Finnish,iter
Mira_97,Mira,97,0.33868090105841886,5,0.38764044943820225,Finnish,iter
Mira_98,Mira,98,0.3104845263174247,6.5,0.5199203187250996,Finnish,iter
Mira_99,Mira,99,0.34895917692319867,5.2,0.5102639296187683,Finnish,iter
Patrick_1,Patrick,1,0.10333265767153205,7.9,0.5665859564164649,UK,iter
Patrick_10,Patrick,10,0.12204749647986086,7.1,0.5416666666666666,UK,iter
Patrick_100,Patrick,100,0.13367398381872683,9.2,0.6138996138996139,UK,iter
Patrick_11,Patrick,11,0.15059364227330232,9.1,0.6237911025145068,UK,iter
Patrick_12,Patrick,12,0.15871059008413757,9.6,0.6323119777158774,UK,iter
Patrick_13,Patrick,13,0.14529537327859354,7,0.6828193832599119,UK,iter
Patrick_14,Patrick,14,0.15543046993530205,9,0.6160990712074303,UK,iter
Patrick_15,Patrick,15,0.12073082593342924,9.5,0.594876660341556,UK,iter
Patrick_16,Patrick,16,0.15682637287574216,9.4,0.6450999048525214,UK,iter
Patrick_17,Patrick,17,0.14646166625682794,9.1,0.6237911025145068,UK,iter
Patrick_18,Patrick,18,0.15707035803551608,8.9,0.652452025586354,UK,iter
Patrick_19,Patrick,19,0.11250892622658235,7,0.5416666666666666,UK,iter
Patrick_2,Patrick,2,0.11035647034062755,8.3,0.5457589285714286,UK,iter
Patrick_20,Patrick,20,0.1275947453904261,7.1,0.6158357771260997,UK,iter
Patrick_21,Patrick,21,0.1614281922827971,7,0.6366559485530546,UK,iter
Patrick_22,Patrick,22,0.13436064390972416,8.5,0.6557377049180327,UK,iter
Patrick_23,Patrick,23,0.10160865386612089,6.6,0.5669291338582677,UK,iter
Patrick_24,Patrick,24,0.16041140930537015,10,0.6191709844559585,UK,iter
Patrick_25,Patrick,25,0.1554498561993255,8.6,0.5843307943416758,UK,iter
Patrick_26,Patrick,26,0.1610125845502739,9.2,0.6292246520874751,UK,iter
Patrick_27,Patrick,27,0.0926545177613598,7.1,0.5416666666666666,UK,iter
Patrick_28,Patrick,28,0.1195216563942827,9.3,0.5795148247978437,UK,iter
Patrick_29,Patrick,29,0.12145367104590062,7.8,0.5306603773584906,UK,iter
Patrick_3,Patrick,3,0.10799052295977862,7.1,0.5416666666666666,UK,iter
Patrick_30,Patrick,30,0.148258029084975,9.8,0.6101694915254238,UK,iter
Patrick_31,Patrick,31,0.11998131332744418,9,0.5211267605633803,UK,iter
Patrick_32,Patrick,32,0.13250021140319976,8.2,0.576271186440678,UK,iter
Patrick_33,Patrick,33,0.09957933517191692,7.6,0.5185185185185185,UK,iter
Patrick_34,Patrick,34,0.12018076391994505,8.4,0.5362776025236593,UK,iter
Patrick_35,Patrick,35,0.13396135634799292,7.8,0.5689001264222503,UK,iter
Patrick_36,Patrick,36,0.13033432219410127,10,0.589873417721519,UK,iter
Patrick_37,Patrick,37,0.10702737082398289,8.9,0.5243296921549155,UK,iter
Patrick_38,Patrick,38,0.14380651110995352,7,0.5541984732824428,UK,iter
Patrick_39,Patrick,39,0.14320786986416398,8.3,0.626410835214447,UK,iter
Patrick_4,Patrick,4,0.11015687752626677,7.6,0.6538461538461539,UK,iter
Patrick_40,Patrick,40,0.11084662621684792,8.9,0.5243296921549155,UK,iter
Patrick_41,Patrick,41,0.14493546456667047,7.8,0.6023316062176166,UK,iter
Patrick_42,Patrick,42,0.16170499684587053,10.1,0.5906735751295337,UK,iter
Patrick_43,Patrick,43,0.12926875319058168,7,0.6828193832599119,UK,iter
Patrick_44,Patrick,44,0.1304469739898118,9.9,0.6010452961672473,UK,iter
Patrick_45,Patrick,45,0.13462701527607288,7.5,0.5716162943495401,UK,iter
Patrick_46,Patrick,46,0.13549513188668483,8.7,0.5246913580246914,UK,iter
Patrick_47,Patrick,47,0.13973146123101068,8.6,0.5240585774058577,UK,iter
Patrick_48,Patrick,48,0.11614665081581033,7.5,0.5769230769230769,UK,iter
Patrick_49,Patrick,49,0.14538966784859245,8.7,0.6560509554140127,UK,iter
Patrick_5,Patrick,5,0.1276739920389509,6.9,0.5882352941176471,UK,iter
Patrick_50,Patrick,50,0.14568051591267844,7.9,0.5428571428571428,UK,iter
Patrick_51,Patrick,51,0.11968022289302949,9.1,0.6112759643916914,UK,iter
Patrick_52,Patrick,52,0.10730331567047127,7.3,0.5932203389830508,UK,iter
Patrick_53,Patrick,53,0.14184109113777155,7.4,0.5518672199170125,UK,iter
Patrick_54,Patrick,54,0.1314549399662108,8.2,0.5679442508710801,UK,iter
Patrick_55,Patrick,55,0.12310622290297321,9.5,0.5989352262644189,UK,iter
Patrick_56,Patrick,56,0.1708665394154729,10.4,0.5995106035889071,UK,iter
Patrick_57,Patrick,57,0.12982020706645264,8,0.662962962962963,UK,iter
Patrick_58,Patrick,58,0.13623795678555398,8.4,0.5751121076233184,UK,iter
Patrick_59,Patrick,59,0.1442256791705317,8,0.6171003717472119,UK,iter
Patrick_6,Patrick,6,0.15875070399663455,8.6,0.6382978723404256,UK,iter
Patrick_60,Patrick,60,0.12484191034729615,8.5,0.5720338983050848,UK,iter
Patrick_61,Patrick,61,0.13837605882024825,8.5,0.5252416756176155,UK,iter
Patrick_62,Patrick,62,0.1497758304690573,8.1,0.588957055214724,UK,iter
Patrick_63,Patrick,63,0.12992998095448516,8.1,0.6271186440677966,UK,iter
Patrick_64,Patrick,64,0.10980891519082558,7.9,0.5665859564164649,UK,iter
Patrick_65,Patrick,65,0.1224199898203371,8,0.4972375690607735,UK,iter
Patrick_66,Patrick,66,0.15294267460571057,8.8,0.6223404255319149,UK,iter
Patrick_67,Patrick,67,0.12961767410071415,8.6,0.6368534482758621,UK,iter
Patrick_68,Patrick,68,0.12593527481729658,7.7,0.6530089628681178,UK,iter
Patrick_69,Patrick,69,0.10781391214269367,7.9,0.5516014234875445,UK,iter
Patrick_7,Patrick,7,0.1430847917946576,7.8,0.6103575832305795,UK,iter
Patrick_70,Patrick,70,0.13823883553884858,8.5,0.5069967707212056,UK,iter
Patrick_71,Patrick,71,0.14344028843997533,9.3,0.6259615384615385,UK,iter
Patrick_72,Patrick,72,0.1600097999097081,9.2,0.6285714285714286,UK,iter
Patrick_73,Patrick,73,0.10783568364584564,6.6,0.5669291338582677,UK,iter
Patrick_74,Patrick,74,0.08658171782199714,5.6,0.46247464503042596,UK,iter
Patrick_75,Patrick,75,0.13835497773310967,7.8,0.5480769230769231,UK,iter
Patrick_76,Patrick,76,0.12339017356268851,7.4,0.5670241286863271,UK,iter
Patrick_77,Patrick,77,0.14897285856061399,7.9,0.480440097799511,UK,iter
Patrick_78,Patrick,78,0.11301673778936194,8.2,0.6271186440677966,UK,iter
Patrick_79,Patrick,79,0.1467218581769054,9.6,0.6376404494382022,UK,iter
Patrick_8,Patrick,8,0.14763662462112295,10.3,0.5714285714285714,UK,iter
Patrick_80,Patrick,80,0.11790893768010001,8.7,0.6024096385542169,UK,iter
Patrick_81,Patrick,81,0.11393452472567676,8.9,0.5243296921549155,UK,iter
Patrick_82,Patrick,82,0.1357529859552289,8.6,0.6381578947368421,UK,iter
Patrick_83,Patrick,83,0.1240509757900434,7.8,0.5917085427135679,UK,iter
Patrick_84,Patrick,84,0.14816322073538035,8,0.622991347342398,UK,iter
Patrick_85,Patrick,85,0.15685169979578825,8.5,0.655373831775701,UK,iter
Patrick_86,Patrick,86,0.13937607135666322,8.5,0.6387959866220736,UK,iter
Patrick_87,Patrick,87,0.12381286792559679,8,0.5689655172413793,UK,iter
Patrick_88,Patrick,88,0.1610653222804092,9.3,0.59375,UK,iter
Patrick_89,Patrick,89,0.14688228998466676,7.5,0.6050069541029207,UK,iter
Patrick_9,Patrick,9,0.11080320874134576,7.5,0.5185185185185185,UK,iter
Patrick_90,Patrick,90,0.11016676961998394,7.4,0.4979757085020243,UK,iter
Patrick_91,Patrick,91,0.12260893865298247,7,0.5416666666666666,UK,iter
Patrick_92,Patrick,92,0.1343613803958488,6.8,0.5737439222042139,UK,iter
Patrick_93,Patrick,93,0.1315178461610853,9.9,0.5912596401028277,UK,iter
Patrick_94,Patrick,94,0.1680453859362986,8.9,0.6486486486486487,UK,iter
Patrick_95,Patrick,95,0.07946559639272147,6.3,0.42038216560509556,UK,iter
Patrick_96,Patrick,96,0.13424271152643516,7.2,0.5537190082644629,UK,iter
Patrick_97,Patrick,97,0.11726836523117906,8,0.63375,UK,iter
Patrick_98,Patrick,98,0.12795774793036874,8.4,0.6308724832214765,UK,iter
Patrick_99,Patrick,99,0.1547250321279151,8.8,0.6652314316469322,UK,iter
Rachel_1,Rachel,1,0.2529009109228734,5.8,0.6266666666666667,UK,iter
Rachel_10,Rachel,10,0.2006245423217974,4.8,0.5344827586206896,UK,iter
Rachel_100,Rachel,100,0.2438305458019775,5,0.5658682634730539,UK,iter
Rachel_11,Rachel,11,0.2716277626364771,5.4,0.550251256281407,UK,iter
Rachel_12,Rachel,12,0.20154200361389207,7.5,0.6804564907275321,UK,iter
Rachel_13,Rachel,13,0.2083356623603891,7.8,0.6425755584756899,UK,iter
Rachel_14,Rachel,14,0.2515377373083792,6.6,0.696526508226691,UK,iter
Rachel_15,Rachel,15,0.25276253564698403,5.3,0.5461741424802111,UK,iter
Rachel_16,Rachel,16,0.2579056201494728,5.5,0.7097560975609756,UK,iter
Rachel_17,Rachel,17,0.21767217175503528,7.8,0.645326504481434,UK,iter
Rachel_18,Rachel,18,0.26946123826258217,5.9,0.582995951417004,UK,iter
Rachel_19,Rachel,19,0.27651865651507,6.6,0.6762075134168157,UK,iter
Rachel_2,Rachel,2,0.1976375083656733,5.6,0.6413793103448275,UK,iter
Rachel_20,Rachel,20,0.24086752442409817,4.2,0.609375,UK,iter
Rachel_21,Rachel,21,0.2780944846556597,5.4,0.60431654676259,UK,iter
Rachel_22,Rachel,22,0.2244802899387373,6.6,0.6811091854419411,UK,iter
Rachel_23,Rachel,23,0.2278006607778664,7.3,0.6743119266055045,UK,iter
Rachel_24,Rachel,24,0.2675396234037319,6.2,0.6842105263157895,UK,iter
Rachel_25,Rachel,25,0.22576221839177119,6.3,0.6940298507462687,UK,iter
Rachel_26,Rachel,26,0.26713721211551633,5.9,0.6113445378151261,UK,iter
Rachel_27,Rachel,27,0.20728696861143056,6.3,0.6252390057361377,UK,iter
Rachel_28,Rachel,28,0.20454543356348942,7.9,0.6547619047619048,UK,iter
Rachel_29,Rachel,29,0.25036439367712576,5.7,0.5226244343891403,UK,iter
Rachel_3,Rachel,3,0.2510346127038339,5.5,0.6255924170616114,UK,iter
Rachel_30,Rachel,30,0.19174954916110312,6.1,0.6244897959183674,UK,iter
Rachel_31,Rachel,31,0.23042417036993848,7.1,0.5699088145896657,UK,iter
Rachel_32,Rachel,32,0.286769992476075,5.8,0.6274509803921569,UK,iter
Rachel_33,Rachel,33,0.20926229855398187,6.2,0.7202380952380952,UK,iter
Rachel_34,Rachel,34,0.17569512085636477,7.2,0.5800604229607251,UK,iter
Rachel_35,Rachel,35,0.20405757664697807,7.1,0.6616989567809239,UK,iter
Rachel_36,Rachel,36,0.21112915111642208,7.9,0.659846547314578,UK,iter
Rachel_37,Rachel,37,0.20131711654856035,5.8,0.6239495798319328,UK,iter
Rachel_38,Rachel,38,0.2338434013656189,7.2,0.6666666666666666,UK,iter
Rachel_39,Rachel,39,0.20483875320335576,5.4,0.6502463054187192,UK,iter
Rachel_4,Rachel,4,0.18457119692428595,3.6,0.5,UK,iter
Rachel_40,Rachel,40,0.19324729210375005,7.3,0.6691616766467066,UK,iter
Rachel_41,Rachel,41,0.24181103432717116,7.1,0.6469719350073855,UK,iter
Rachel_42,Rachel,42,0.19153425243744054,6.9,0.7080745341614907,UK,iter
Rachel_43,Rachel,43,0.2061348849429872,4.3,0.5551601423487544,UK,iter
Rachel_44,Rachel,44,0.2086220459161177,5.7,0.5298165137614679,UK,iter
Rachel_45,Rachel,45,0.2012957133498052,4.6,0.5544554455445545,UK,iter
Rachel_46,Rachel,46,0.1895797365975914,5.8,0.5928853754940712,UK,iter
Rachel_47,Rachel,47,0.2029198754234916,4,0.5529411764705883,UK,iter
Rachel_48,Rachel,48,0.20185154397361757,7.9,0.6604774535809018,UK,iter
Rachel_49,Rachel,49,0.19708971937807457,4.9,0.6774193548387096,UK,iter
Rachel_5,Rachel,5,0.25811931149932593,5.2,0.5660377358490566,UK,iter
Rachel_50,Rachel,50,0.29642418782167185,5.2,0.656,UK,iter
Rachel_51,Rachel,51,0.2590610999057337,5,0.5446685878962536,UK,iter
Rachel_52,Rachel,52,0.20646867863182528,5.6,0.6581986143187067,UK,iter
Rachel_53,Rachel,53,0.19253538091404981,5.4,0.6537530266343826,UK,iter
Rachel_54,Rachel,54,0.2700173039532312,6.5,0.6054054054054054,UK,iter
Rachel_55,Rachel,55,0.30177700439946564,4.2,0.5950413223140496,UK,iter
Rachel_56,Rachel,56,0.2575402668662798,6,0.6973947895791583,UK,iter
Rachel_57,Rachel,57,0.19967105045778857,5.4,0.6464891041162227,UK,iter
Rachel_58,Rachel,58,0.17516424900065355,4.3,0.5830388692579506,UK,iter
Rachel_59,Rachel,59,0.24293494899603665,5.7,0.6267605633802817,UK,iter
Rachel_6,Rachel,6,0.19189285854915675,6.3,0.6077348066298343,UK,iter
Rachel_60,Rachel,60,0.19105353197876,5.5,0.6403712296983759,UK,iter
Rachel_61,Rachel,61,0.19524663747869977,6,0.615234375,UK,iter
Rachel_62,Rachel,62,0.21305765370571858,5,0.6666666666666666,UK,iter
Rachel_63,Rachel,63,0.2682313950218654,5.5,0.6346153846153846,UK,iter
Rachel_64,Rachel,64,0.2526399115445282,5.8,0.7284768211920529,UK,iter
Rachel_65,Rachel,65,0.24846553543292532,5.5,0.6439024390243903,UK,iter
Rachel_66,Rachel,66,0.19505258951543272,5.6,0.5188470066518847,UK,iter
Rachel_67,Rachel,67,0.22454970656886017,5.6,0.651270207852194,UK,iter
Rachel_68,Rachel,68,0.26061439061546915,5.5,0.5217391304347826,UK,iter
Rachel_69,Rachel,69,0.15705761768484408,5.8,0.5286343612334802,UK,iter
Rachel_7,Rachel,7,0.2472967796133137,5.2,0.6497326203208557,UK,iter
Rachel_70,Rachel,70,0.23575804700678069,5.5,0.6142857142857143,UK,iter
Rachel_71,Rachel,71,0.2203968555290749,5.8,0.5386363636363637,UK,iter
Rachel_72,Rachel,72,0.19599660264721433,5.3,0.5426356589147286,UK,iter
Rachel_73,Rachel,73,0.19981607661625894,7.1,0.5933014354066986,UK,iter
Rachel_74,Rachel,74,0.26573149905278565,6.7,0.5775127768313458,UK,iter
Rachel_75,Rachel,75,0.18864293635602922,5.5,0.6413793103448275,UK,iter
Rachel_76,Rachel,76,0.2943272132248754,5.9,0.6193548387096774,UK,iter
Rachel_77,Rachel,77,0.25804389808410366,5.3,0.6657754010695187,UK,iter
Rachel_78,Rachel,78,0.25080954991814153,5.4,0.6439024390243903,UK,iter
Rachel_79,Rachel,79,0.22950154806302844,6.4,0.5804701627486437,UK,iter
Rachel_8,Rachel,8,0.1880248235819514,6.6,0.6217616580310881,UK,iter
Rachel_80,Rachel,80,0.23604810922878905,4.7,0.5419354838709678,UK,iter
Rachel_81,Rachel,81,0.1760446038497282,5.1,0.5240506329113924,UK,iter
Rachel_82,Rachel,82,0.24295632067757597,5.5,0.6484560570071259,UK,iter
Rachel_83,Rachel,83,0.2384377222575838,5.1,0.6648648648648648,UK,iter
Rachel_84,Rachel,84,0.19993245049672442,4.7,0.5705521472392638,UK,iter
Rachel_85,Rachel,85,0.24644565162649815,5.4,0.6280788177339901,UK,iter
Rachel_86,Rachel,86,0.21639947643426888,7.3,0.5891238670694864,UK,iter
Rachel_87,Rachel,87,0.21452657098016326,6.1,0.7021276595744681,UK,iter
Rachel_88,Rachel,88,0.20104251319088512,5.8,0.5126582278481012,UK,iter
Rachel_89,Rachel,89,0.2864886869791676,5.5,0.6234718826405868,UK,iter
Rachel_9,Rachel,9,0.18791559122069748,4,0.481651376146789,UK,iter
Rachel_90,Rachel,90,0.25549906030581987,6.4,0.6216730038022814,UK,iter
Rachel_91,Rachel,91,0.20027495708635884,5,0.6666666666666666,UK,iter
Rachel_92,Rachel,92,0.2531378426973276,5.2,0.5594594594594594,UK,iter
Rachel_93,Rachel,93,0.24742773774179833,6.5,0.5967153284671532,UK,iter
Rachel_94,Rachel,94,0.2592482540214502,4,0.5689655172413793,UK,iter
Rachel_95,Rachel,95,0.25649705635464337,5.3,0.6467532467532467,UK,iter
Rachel_96,Rachel,96,0.20380177518974626,6.1,0.6172839506172839,UK,iter
Rachel_97,Rachel,97,0.20083749667743508,6,0.5225409836065574,UK,iter
Rachel_98,Rachel,98,0.19005134492027526,6.1,0.6193181818181818,UK,iter
Rachel_99,Rachel,99,0.2071283081423454,6.8,0.6090604026845637,UK,iter
Radia_1,Radia,1,0.3425473848231359,5.9,0.6473317865429234,Urdu,iter
Radia_10,Radia,10,0.36532053887030214,5.7,0.5880893300248139,Urdu,iter
Radia_100,Radia,100,0.2657257612245004,6.9,0.7318255250403877,Urdu,iter
Radia_11,Radia,11,0.38414992430751244,6.6,0.7096153846153846,Urdu,iter
Radia_12,Radia,12,0.34353968686842895,6.5,0.6454183266932271,Urdu,iter
Radia_13,Radia,13,0.34827194746974827,6.2,0.6133333333333333,Urdu,iter
Radia_14,Radia,14,0.41776912841357744,4.3,0.5625,Urdu,iter
Radia_15,Radia,15,0.33616527122613626,6.8,0.6672794117647058,Urdu,iter
Radia_16,Radia,16,0.3377705429883162,7.5,0.7348703170028819,Urdu,iter
Radia_17,Radia,17,0.35267318547817283,5.1,0.624633431085044,Urdu,iter
Radia_18,Radia,18,0.34463282794537825,5.9,0.644927536231884,Urdu,iter
Radia_19,Radia,19,0.30374686978496795,7.7,0.66189111747851,Urdu,iter
Radia_2,Radia,2,0.39375920735701986,5.8,0.5918918918918918,Urdu,iter
Radia_20,Radia,20,0.35511022544985726,6.8,0.6777583187390543,Urdu,iter
Radia_21,Radia,21,0.32762512371463265,6.7,0.5680473372781065,Urdu,iter
Radia_22,Radia,22,0.35900182756586957,6.6,0.6628571428571428,Urdu,iter
Radia_23,Radia,23,0.3563338733267314,4.4,0.5859375,Urdu,iter
Radia_24,Radia,24,0.31901306970722254,5.3,0.6103151862464183,Urdu,iter
Radia_25,Radia,25,0.37745356189959384,4.6,0.5869565217391305,Urdu,iter
Radia_26,Radia,26,0.3073646718860873,8.3,0.7187894073139974,Urdu,iter
Radia_27,Radia,27,0.4091867020821296,5.2,0.601823708206687,Urdu,iter
Radia_28,Radia,28,0.3264909642682747,6.1,0.714867617107943,Urdu,iter
Radia_29,Radia,29,0.36857502803215764,5.1,0.6151419558359621,Urdu,iter
Radia_3,Radia,3,0.3377371624178117,7.5,0.6940298507462687,Urdu,iter
Radia_30,Radia,30,0.2713878890572859,7.6,0.7148760330578512,Urdu,iter
Radia_31,Radia,31,0.41770446934162664,5.3,0.6216216216216216,Urdu,iter
Radia_32,Radia,32,0.4102021001619611,5,0.5818181818181818,Urdu,iter
Radia_33,Radia,33,0.3322438508385231,7.5,0.717008797653959,Urdu,iter
Radia_34,Radia,34,0.34973349524411773,5.6,0.6508728179551122,Urdu,iter
Radia_35,Radia,35,0.30519506743490704,7.5,0.6677115987460815,Urdu,iter
Radia_36,Radia,36,0.31753737894219747,6.5,0.7106690777576854,Urdu,iter
Radia_37,Radia,37,0.38229399653624235,5.2,0.5169230769230769,Urdu,iter
Radia_38,Radia,38,0.34606326238543667,6.5,0.6570247933884298,Urdu,iter
Radia_39,Radia,39,0.3779674415150127,5.7,0.6624365482233503,Urdu,iter
Radia_4,Radia,4,0.3611924662346454,6.3,0.6645569620253164,Urdu,iter
Radia_40,Radia,40,0.40216072054418606,4.7,0.6827586206896552,Urdu,iter
Radia_41,Radia,41,0.35034520809716974,6.5,0.6178217821782178,Urdu,iter
Radia_42,Radia,42,0.36838534995619865,6.1,0.6507592190889371,Urdu,iter
Radia_43,Radia,43,0.3714213570349463,5.7,0.6508728179551122,Urdu,iter
Radia_44,Radia,44,0.39798570722243964,4.2,0.5223214285714286,Urdu,iter
Radia_45,Radia,45,0.3720427620864074,5.9,0.6827586206896552,Urdu,iter
Radia_46,Radia,46,0.3511901191691502,5.1,0.6434782608695652,Urdu,iter
Radia_47,Radia,47,0.39224545709040337,4.4,0.5344129554655871,Urdu,iter
Radia_48,Radia,48,0.368429707473483,6.3,0.666,Urdu,iter
Radia_49,Radia,49,0.3389086350663932,4.6,0.6338028169014085,Urdu,iter
Radia_5,Radia,5,0.4056880163561096,5.7,0.5967741935483871,Urdu,iter
Radia_50,Radia,50,0.3192052960213368,5,0.6627906976744186,Urdu,iter
Radia_51,Radia,51,0.34557700175307443,4.9,0.5574324324324325,Urdu,iter
Radia_52,Radia,52,0.3496589042494507,4.9,0.5787781350482315,Urdu,iter
Radia_53,Radia,53,0.3477996193540447,5.8,0.5833333333333334,Urdu,iter
Radia_54,Radia,54,0.34558452266861706,5.8,0.7079439252336449,Urdu,iter
Radia_55,Radia,55,0.28389372672106616,6.4,0.7277777777777777,Urdu,iter
Radia_56,Radia,56,0.3567320369914087,6.1,0.6880165289256198,Urdu,iter
Radia_57,Radia,57,0.3567556507451318,6.7,0.6709090909090909,Urdu,iter
Radia_58,Radia,58,0.3323343169148928,5.5,0.7342657342657343,Urdu,iter
Radia_59,Radia,59,0.39470938529802135,4.2,0.5617021276595745,Urdu,iter
Radia_6,Radia,6,0.3946276361108816,5,0.527027027027027,Urdu,iter
Radia_60,Radia,60,0.32814224251459634,5.8,0.6442953020134228,Urdu,iter
Radia_61,Radia,61,0.30862882393792723,8.1,0.7283464566929134,Urdu,iter
Radia_62,Radia,62,0.42399849095694503,4.5,0.5301724137931034,Urdu,iter
Radia_63,Radia,63,0.31338234553577005,7,0.6825688073394496,Urdu,iter
Radia_64,Radia,64,0.35421303065069226,6.8,0.689119170984456,Urdu,iter
Radia_65,Radia,65,0.37965012278519944,5.3,0.588957055214724,Urdu,iter
Radia_66,Radia,66,0.3684412279167752,5.6,0.6,Urdu,iter
Radia_67,Radia,67,0.32389185355409317,6.8,0.6208791208791209,Urdu,iter
Radia_68,Radia,68,0.333305817043266,6.9,0.6574585635359116,Urdu,iter
Radia_69,Radia,69,0.3613947773773072,6.1,0.6923076923076923,Urdu,iter
Radia_7,Radia,7,0.33604060122206936,7.1,0.6699507389162561,Urdu,iter
Radia_70,Radia,70,0.33065358286315055,6.4,0.7045871559633028,Urdu,iter
Radia_71,Radia,71,0.3726244477859757,5.9,0.6704288939051919,Urdu,iter
Radia_72,Radia,72,0.40033239943404364,5.3,0.5607476635514018,Urdu,iter
Radia_73,Radia,73,0.38545544177288055,5.8,0.6490384615384616,Urdu,iter
Radia_74,Radia,74,0.3478667015918174,6.8,0.6897810218978102,Urdu,iter
Radia_75,Radia,75,0.3515597098040598,6.4,0.6328125,Urdu,iter
Radia_76,Radia,76,0.4002572633325595,5.8,0.6785714285714286,Urdu,iter
Radia_77,Radia,77,0.3946193053006434,5.1,0.6743515850144092,Urdu,iter
Radia_78,Radia,78,0.4221419227173226,3.8,0.639344262295082,Urdu,iter
Radia_79,Radia,79,0.3173600156016378,6.5,0.7195357833655706,Urdu,iter
Radia_8,Radia,8,0.36116036835874454,6.3,0.6238938053097345,Urdu,iter
Radia_80,Radia,80,0.3761369026212416,5.3,0.6284916201117319,Urdu,iter
Radia_81,Radia,81,0.34284498690376886,8.6,0.7464788732394366,Urdu,iter
Radia_82,Radia,82,0.3278734806801287,6,0.6247139588100686,Urdu,iter
Radia_83,Radia,83,0.3768174881676547,6,0.6451612903225806,Urdu,iter
Radia_84,Radia,84,0.3287309322374117,5.6,0.5882352941176471,Urdu,iter
Radia_85,Radia,85,0.39229857842144444,4.1,0.6457399103139013,Urdu,iter
Radia_86,Radia,86,0.37636293804850685,4.7,0.6,Urdu,iter
Radia_87,Radia,87,0.30850922865262076,6.7,0.6975524475524476,Urdu,iter
Radia_88,Radia,88,0.3506601200019624,4.5,0.60431654676259,Urdu,iter
Radia_89,Radia,89,0.33265336389408073,6.6,0.6303030303030303,Urdu,iter
Radia_9,Radia,9,0.32648711009112497,5.8,0.7262443438914027,Urdu,iter
Radia_90,Radia,90,0.38681332720822104,5.4,0.628099173553719,Urdu,iter
Radia_91,Radia,91,0.3147513643890838,5.6,0.6368286445012787,Urdu,iter
Radia_92,Radia,92,0.33608047189185103,7.5,0.6676557863501483,Urdu,iter
Radia_93,Radia,93,0.30126396722276644,5.4,0.7672634271099744,Urdu,iter
Radia_94,Radia,94,0.35946921511351665,6.6,0.6571428571428571,Urdu,iter
Radia_95,Radia,95,0.33268061487354744,6.1,0.5918367346938775,Urdu,iter
Radia_96,Radia,96,0.3921746832949908,5.9,0.6943820224719102,Urdu,iter
Radia_97,Radia,97,0.2995843263432043,6.1,0.7036247334754797,Urdu,iter
Radia_98,Radia,98,0.3749082064606666,6.4,0.695049504950495,Urdu,iter
Radia_99,Radia,99,0.3544918621342567,6.6,0.6952554744525548,Urdu,iter
Romuald_1,Romuald,1,0.2705307398269558,7.7,0.6329866270430906,French,iter
Romuald_10,Romuald,10,0.265154119840925,8.1,0.6299212598425197,French,iter
Romuald_100,Romuald,100,0.23736798518517324,7.2,0.5609348914858097,French,iter
Romuald_11,Romuald,11,0.21588716260145496,7.7,0.5306406685236769,French,iter
Romuald_12,Romuald,12,0.19549794619958868,8.6,0.6192170818505338,French,iter
Romuald_13,Romuald,13,0.27032405561928324,7.1,0.5867346938775511,French,iter
Romuald_14,Romuald,14,0.2625200735501431,7,0.6523972602739726,French,iter
Romuald_15,Romuald,15,0.22009805905044516,7.2,0.553156146179402,French,iter
Romuald_16,Romuald,16,0.26687617443905337,8.2,0.6206896551724138,French,iter
Romuald_17,Romuald,17,0.2413011050252419,8.3,0.6395939086294417,French,iter
Romuald_18,Romuald,18,0.22484241910594208,6.9,0.5385826771653544,French,iter
Romuald_19,Romuald,19,0.25816707337347805,7.1,0.5536277602523659,French,iter
Romuald_2,Romuald,2,0.2110515380099521,6.7,0.42644628099173554,French,iter
Romuald_20,Romuald,20,0.22009796273073476,7.5,0.6476761619190404,French,iter
Romuald_21,Romuald,21,0.197565058400254,8.4,0.5955882352941176,French,iter
Romuald_22,Romuald,22,0.2712260746466727,7.3,0.6445131375579598,French,iter
Romuald_23,Romuald,23,0.1901451995501645,7.1,0.6383928571428571,French,iter
Romuald_24,Romuald,24,0.23579275088690038,5.6,0.510989010989011,French,iter
Romuald_25,Romuald,25,0.20501392383233719,8.1,0.5671447196870926,French,iter
Romuald_26,Romuald,26,0.21105130834664426,6.9,0.4888507718696398,French,iter
Romuald_27,Romuald,27,0.1937849905126011,7.1,0.5379939209726444,French,iter
Romuald_28,Romuald,28,0.21076978703468258,7.6,0.6303191489361702,French,iter
Romuald_29,Romuald,29,0.2645802616298242,8.1,0.6414342629482072,French,iter
Romuald_3,Romuald,3,0.27626837790749004,6.2,0.44668008048289737,French,iter
Romuald_30,Romuald,30,0.22074728791327736,8.4,0.6670761670761671,French,iter
Romuald_31,Romuald,31,0.19655572325098303,6.7,0.5660377358490566,French,iter
Romuald_32,Romuald,32,0.19549209434729486,8.6,0.6131386861313869,French,iter
Romuald_33,Romuald,33,0.21395484523118083,8.1,0.6739409499358151,French,iter
Romuald_34,Romuald,34,0.20171166509870225,7.5,0.5269709543568465,French,iter
Romuald_35,Romuald,35,0.21497964431889618,8.3,0.6175298804780877,French,iter
Romuald_36,Romuald,36,0.26563537267375764,8,0.6292286874154263,French,iter
Romuald_37,Romuald,37,0.16975180785103222,7.1,0.5195007800312013,French,iter
Romuald_38,Romuald,38,0.2268792606365958,8.8,0.6472602739726028,French,iter
Romuald_39,Romuald,39,0.22134029065070612,7.1,0.5337423312883436,French,iter
Romuald_4,Romuald,4,0.1957204786283409,8,0.6283524904214559,French,iter
Romuald_40,Romuald,40,0.19267871445348525,7.3,0.5636094674556213,French,iter
Romuald_41,Romuald,41,0.15646468783580983,7.5,0.5735900962861072,French,iter
Romuald_42,Romuald,42,0.1829694237543231,7.6,0.547752808988764,French,iter
Romuald_43,Romuald,43,0.2151498043146404,8,0.6237244897959183,French,iter
Romuald_44,Romuald,44,0.20840003319457406,9.3,0.625,French,iter
Romuald_45,Romuald,45,0.18806561483746517,6.9,0.5590682196339434,French,iter
Romuald_46,Romuald,46,0.2403357027975651,7.6,0.5920471281296024,French,iter
Romuald_47,Romuald,47,0.21767878550643174,7,0.6557911908646004,French,iter
Romuald_48,Romuald,48,0.23490745420729414,7.7,0.5834609494640123,French,iter
Romuald_49,Romuald,49,0.19696788508612353,7.5,0.5332369942196532,French,iter
Romuald_5,Romuald,5,0.18858471201030932,9.5,0.6227544910179641,French,iter
Romuald_50,Romuald,50,0.24779490030162812,7.8,0.5666666666666667,French,iter
Romuald_51,Romuald,51,0.20432465059982238,7.8,0.5376196990424077,French,iter
Romuald_52,Romuald,52,0.22169188954440502,6.7,0.5103969754253308,French,iter
Romuald_53,Romuald,53,0.29550931110277767,7.4,0.6511627906976745,French,iter
Romuald_54,Romuald,54,0.22487424570888478,7,0.5704225352112676,French,iter
Romuald_55,Romuald,55,0.18598783161740887,6.8,0.5476190476190477,French,iter
Romuald_56,Romuald,56,0.2880713974364382,7.4,0.6225490196078431,French,iter
Romuald_57,Romuald,57,0.20712913804533356,9,0.6347368421052632,French,iter
Romuald_58,Romuald,58,0.17889092817709845,7.4,0.5029673590504451,French,iter
Romuald_59,Romuald,59,0.2294619014144395,7.6,0.573394495412844,French,iter
Romuald_6,Romuald,6,0.2827011005570963,7.7,0.6710526315789473,French,iter
Romuald_60,Romuald,60,0.16261968347891764,5.2,0.40048543689320387,French,iter
Romuald_61,Romuald,61,0.2240514337136343,7.1,0.6548956661316212,French,iter
Romuald_62,Romuald,62,0.17781272271785925,6.9,0.5571428571428572,French,iter
Romuald_63,Romuald,63,0.21094586245541866,6.3,0.4526112185686654,French,iter
Romuald_64,Romuald,64,0.12492855430948295,5.2,0.5210526315789473,French,iter
Romuald_65,Romuald,65,0.2856946582385004,6.6,0.5597014925373134,French,iter
Romuald_66,Romuald,66,0.2757803278179255,7,0.5343137254901961,French,iter
Romuald_67,Romuald,67,0.22417935035605815,7.1,0.5572139303482587,French,iter
Romuald_68,Romuald,68,0.1971406623061812,9.1,0.590625,French,iter
Romuald_69,Romuald,69,0.17417419535751608,6.9,0.560702875399361,French,iter
Romuald_7,Romuald,7,0.2119333098688786,7.9,0.5779411764705882,French,iter
Romuald_70,Romuald,70,0.2935383715125951,6.1,0.5960698689956332,French,iter
Romuald_71,Romuald,71,0.19544162853547842,7.1,0.572139303482587,French,iter
Romuald_72,Romuald,72,0.2313689763732711,6.1,0.4866666666666667,French,iter
Romuald_73,Romuald,73,0.16596859523705942,8.3,0.5416666666666666,French,iter
Romuald_74,Romuald,74,0.17062865635811308,8.6,0.6414253897550112,French,iter
Romuald_75,Romuald,75,0.2794662716010418,7,0.66110183639399,French,iter
Romuald_76,Romuald,76,0.18968637151960452,7.6,0.5251017639077341,French,iter
Romuald_77,Romuald,77,0.22265186119590996,8.6,0.61795166858458,French,iter
Romuald_78,Romuald,78,0.21634266305509317,7,0.5704584040747029,French,iter
Romuald_79,Romuald,79,0.26605732517647507,7,0.5559440559440559,French,iter
Romuald_8,Romuald,8,0.20409730477558932,6.6,0.5634782608695652,French,iter
Romuald_80,Romuald,80,0.2383691975335821,6.6,0.5698324022346368,French,iter
Romuald_81,Romuald,81,0.2689184203869934,6.4,0.4922779922779923,French,iter
Romuald_82,Romuald,82,0.2867932467824247,7.4,0.6705298013245033,French,iter
Romuald_83,Romuald,83,0.1734232774135623,8.5,0.5513698630136986,French,iter
Romuald_84,Romuald,84,0.2744824602290894,6.8,0.5575221238938053,French,iter
Romuald_85,Romuald,85,0.24935793334551298,7.4,0.5257731958762887,French,iter
Romuald_86,Romuald,86,0.22025152611396484,7.7,0.5368852459016393,French,iter
Romuald_87,Romuald,87,0.2134843439076386,8.3,0.6112412177985949,French,iter
Romuald_88,Romuald,88,0.18991960047864107,8.2,0.575031525851198,French,iter
Romuald_89,Romuald,89,0.2129314944228127,8.2,0.624031007751938,French,iter
Romuald_9,Romuald,9,0.20293806346233118,7.3,0.5771065182829889,French,iter
Romuald_90,Romuald,90,0.20151537291040023,7.8,0.636615811373093,French,iter
Romuald_91,Romuald,91,0.25627762335192367,7.3,0.552755905511811,French,iter
Romuald_92,Romuald,92,0.19210223069088153,7.7,0.5974754558204769,French,iter
Romuald_93,Romuald,93,0.1845695682662833,8.7,0.6606129398410897,French,iter
Romuald_94,Romuald,94,0.2235453610092,7.8,0.586764705882353,French,iter
Romuald_95,Romuald,95,0.2675995060771968,8,0.6587412587412588,French,iter
Romuald_96,Romuald,96,0.1987251078745573,7.9,0.6285714285714286,French,iter
Romuald_97,Romuald,97,0.28922465633958816,6.8,0.5742397137745975,French,iter
Romuald_98,Romuald,98,0.29070378486703763,6.8,0.6583969465648855,French,iter
Romuald_99,Romuald,99,0.18420858089968628,8.3,0.6167247386759582,French,iter
Shazim_1,Shazim,1,0.2424610711621721,9.6,0.612,Urdu,iter
Shazim_10,Shazim,10,0.3235416823539063,7.1,0.6126760563380281,Urdu,iter
Shazim_100,Shazim,100,0.25236163434927983,8.3,0.6478149100257069,Urdu,iter
Shazim_11,Shazim,11,0.3057229806866335,7.3,0.5821678321678322,Urdu,iter
Shazim_12,Shazim,12,0.25874910195485357,8,0.6070381231671554,Urdu,iter
Shazim_13,Shazim,13,0.28484311721960753,8.3,0.6108786610878661,Urdu,iter
Shazim_14,Shazim,14,0.2609184966783687,10.3,0.7141592920353982,Urdu,iter
Shazim_15,Shazim,15,0.30358840719569025,8.6,0.6593406593406593,Urdu,iter
Shazim_16,Shazim,16,0.24560300348278694,9.5,0.6525773195876289,Urdu,iter
Shazim_17,Shazim,17,0.25779118116046595,9.4,0.6927772126144456,Urdu,iter
Shazim_18,Shazim,18,0.25385316464061924,8.6,0.6339066339066339,Urdu,iter
Shazim_19,Shazim,19,0.3004446881738316,7.3,0.642512077294686,Urdu,iter
Shazim_2,Shazim,2,0.2633434270581473,9.6,0.6932515337423313,Urdu,iter
Shazim_20,Shazim,20,0.2870460000459103,8.7,0.7118055555555556,Urdu,iter
Shazim_21,Shazim,21,0.309540519620975,7.5,0.6162420382165605,Urdu,iter
Shazim_22,Shazim,22,0.2957071701877899,8,0.683288409703504,Urdu,iter
Shazim_23,Shazim,23,0.2969241023062802,7.6,0.6267942583732058,Urdu,iter
Shazim_24,Shazim,24,0.2604081018378502,8.1,0.6208333333333333,Urdu,iter
Shazim_25,Shazim,25,0.2954633562754778,7.7,0.6037441497659907,Urdu,iter
Shazim_26,Shazim,26,0.3818810069952606,5.6,0.6286472148541115,Urdu,iter
Shazim_27,Shazim,27,0.2825704998101841,6.3,0.684,Urdu,iter
Shazim_28,Shazim,28,0.2856874098923597,8.6,0.6358099878197321,Urdu,iter
Shazim_29,Shazim,29,0.2711933631594837,8.4,0.5962025316455696,Urdu,iter
Shazim_3,Shazim,3,0.2753017402515969,8,0.5818965517241379,Urdu,iter
Shazim_30,Shazim,30,0.2893755221790117,8,0.6286919831223629,Urdu,iter
Shazim_31,Shazim,31,0.26273432095169214,8.6,0.6654676258992805,Urdu,iter
Shazim_32,Shazim,32,0.29835394919779146,7.3,0.6136363636363636,Urdu,iter
Shazim_33,Shazim,33,0.2795247554123688,7.2,0.6243654822335025,Urdu,iter
Shazim_34,Shazim,34,0.3218840920086715,6.8,0.6021699819168174,Urdu,iter
Shazim_35,Shazim,35,0.261193038036036,8.9,0.5891566265060241,Urdu,iter
Shazim_36,Shazim,36,0.29567644689514083,7.3,0.5377855887521968,Urdu,iter
Shazim_37,Shazim,37,0.27035672789236703,8.6,0.6854066985645934,Urdu,iter
Shazim_38,Shazim,38,0.26299453048926286,8.6,0.6185185185185185,Urdu,iter
Shazim_39,Shazim,39,0.2673912344227013,8.9,0.6878547105561862,Urdu,iter
Shazim_4,Shazim,4,0.27798627639234774,8.5,0.6138996138996139,Urdu,iter
Shazim_40,Shazim,40,0.26049310584634655,8.2,0.5529573590096286,Urdu,iter
Shazim_41,Shazim,41,0.2932005882272332,6.3,0.6039823008849557,Urdu,iter
Shazim_42,Shazim,42,0.2688643889843154,8.2,0.664,Urdu,iter
Shazim_43,Shazim,43,0.29845657085456045,6.2,0.5234899328859061,Urdu,iter
Shazim_44,Shazim,44,0.31281608681458256,7.4,0.5483304042179262,Urdu,iter
Shazim_45,Shazim,45,0.2818820428684892,8.9,0.6615566037735849,Urdu,iter
Shazim_46,Shazim,46,0.2990992360035869,7.8,0.6017441860465116,Urdu,iter
Shazim_47,Shazim,47,0.2899538655166453,7.9,0.5868613138686132,Urdu,iter
Shazim_48,Shazim,48,0.2890293017919483,6.9,0.5763016157989228,Urdu,iter
Shazim_49,Shazim,49,0.2852019095760312,8.6,0.6133004926108374,Urdu,iter
Shazim_5,Shazim,5,0.29194603731104296,8,0.6605890603085554,Urdu,iter
Shazim_50,Shazim,50,0.30566389047335024,7.9,0.637329286798179,Urdu,iter
Shazim_51,Shazim,51,0.28745140617968407,7.4,0.6067961165048543,Urdu,iter
Shazim_52,Shazim,52,0.2907047219647277,6.9,0.5847953216374269,Urdu,iter
Shazim_53,Shazim,53,0.259809001376953,8.5,0.6340023612750886,Urdu,iter
Shazim_54,Shazim,54,0.29391683157571374,7.8,0.5874439461883408,Urdu,iter
Shazim_55,Shazim,55,0.26196839340343425,9.3,0.6482084690553745,Urdu,iter
Shazim_56,Shazim,56,0.3025992187337367,7.4,0.6519685039370079,Urdu,iter
Shazim_57,Shazim,57,0.28332256992806004,6.7,0.5269461077844312,Urdu,iter
Shazim_58,Shazim,58,0.2943729010533083,7.1,0.5956678700361011,Urdu,iter
Shazim_59,Shazim,59,0.27170753517757157,8.3,0.618798955613577,Urdu,iter
Shazim_6,Shazim,6,0.2864331858844093,7.6,0.6816208393632417,Urdu,iter
Shazim_60,Shazim,60,0.28177556770863904,9.6,0.7016129032258065,Urdu,iter
Shazim_61,Shazim,61,0.2755615848167325,8.7,0.631768953068592,Urdu,iter
Shazim_62,Shazim,62,0.3088247559541431,7.5,0.6507692307692308,Urdu,iter
Shazim_63,Shazim,63,0.2955288476186294,6.8,0.5121951219512195,Urdu,iter
Shazim_64,Shazim,64,0.29828222372675633,8,0.7241379310344828,Urdu,iter
Shazim_65,Shazim,65,0.2716156164556676,8.9,0.6306620209059234,Urdu,iter
Shazim_66,Shazim,66,0.23313483924653206,10.8,0.6813725490196079,Urdu,iter
Shazim_67,Shazim,67,0.2665681633178983,9.3,0.7049689440993789,Urdu,iter
Shazim_68,Shazim,68,0.2567845567689135,10.2,0.6891891891891891,Urdu,iter
Shazim_69,Shazim,69,0.31719619807500726,8,0.6519823788546255,Urdu,iter
Shazim_7,Shazim,7,0.26880606435976556,9.1,0.6923076923076923,Urdu,iter
Shazim_70,Shazim,70,0.263122068051544,7.5,0.5596638655462185,Urdu,iter
Shazim_71,Shazim,71,0.29334552520570917,7.9,0.6062874251497006,Urdu,iter
Shazim_72,Shazim,72,0.297539328071719,6.3,0.6224066390041494,Urdu,iter
Shazim_73,Shazim,73,0.2786988512871695,8.5,0.5748987854251012,Urdu,iter
Shazim_74,Shazim,74,0.2782677206006167,8.6,0.684863523573201,Urdu,iter
Shazim_75,Shazim,75,0.30479072521660067,7.4,0.6602870813397129,Urdu,iter
Shazim_76,Shazim,76,0.3173693494856859,6.3,0.5334872979214781,Urdu,iter
Shazim_77,Shazim,77,0.29944300591625184,8.3,0.6122448979591837,Urdu,iter
Shazim_78,Shazim,78,0.2722260161633521,7.3,0.574468085106383,Urdu,iter
Shazim_79,Shazim,79,0.2997870221120432,7.8,0.559322033898305,Urdu,iter
Shazim_8,Shazim,8,0.2970874053242685,7.8,0.6638297872340425,Urdu,iter
Shazim_80,Shazim,80,0.25504392864009007,10.2,0.6635426429240863,Urdu,iter
Shazim_81,Shazim,81,0.26982822807129647,8.6,0.6510480887792849,Urdu,iter
Shazim_82,Shazim,82,0.3194426617873321,6.8,0.5523255813953488,Urdu,iter
Shazim_83,Shazim,83,0.2692088652913194,7.3,0.5704918032786885,Urdu,iter
Shazim_84,Shazim,84,0.2897134529724952,8.6,0.6378865979381443,Urdu,iter
Shazim_85,Shazim,85,0.2969664164757981,7.5,0.5773026315789473,Urdu,iter
Shazim_86,Shazim,86,0.2942875338197091,7.4,0.6,Urdu,iter
Shazim_87,Shazim,87,0.30636173881570744,7,0.6402753872633391,Urdu,iter
Shazim_88,Shazim,88,0.28997265885352674,7.6,0.6828528072837633,Urdu,iter
Shazim_89,Shazim,89,0.2707984754891313,8.5,0.6420382165605095,Urdu,iter
Shazim_9,Shazim,9,0.30509481343649614,8.1,0.6558704453441295,Urdu,iter
Shazim_90,Shazim,90,0.27319107982465257,7.9,0.6026011560693642,Urdu,iter
Shazim_91,Shazim,91,0.2945736323103596,8.4,0.6332882273342354,Urdu,iter
Shazim_92,Shazim,92,0.30390215461535025,6.6,0.53276955602537,Urdu,iter
Shazim_93,Shazim,93,0.26726084790385285,9.4,0.6756198347107438,Urdu,iter
Shazim_94,Shazim,94,0.2656421666447029,10.6,0.7381938690969345,Urdu,iter
Shazim_95,Shazim,95,0.286407369513939,8.8,0.6475609756097561,Urdu,iter
Shazim_96,Shazim,96,0.2831268264899107,8.1,0.6,Urdu,iter
Shazim_97,Shazim,97,0.31943326680706147,6.3,0.6271551724137931,Urdu,iter
Shazim_98,Shazim,98,0.2807493801479869,7,0.6424682395644283,Urdu,iter
Shazim_99,Shazim,99,0.26706917783588935,9.7,0.7072927072927073,Urdu,iter
Sini_1,Sini,1,0.3325261669310963,4.9,0.6501901140684411,Finnish,iter
Sini_10,Sini,10,0.38229121348672646,4.2,0.5467289719626168,Finnish,iter
Sini_100,Sini,100,0.4056695624194615,3.9,0.5138121546961326,Finnish,iter
Sini_11,Sini,11,0.42800688119236385,3.6,0.525,Finnish,iter
Sini_12,Sini,12,0.35131261793217056,4.8,0.6428571428571429,Finnish,iter
Sini_13,Sini,13,0.30364696245096134,4.3,0.5151515151515151,Finnish,iter
Sini_14,Sini,14,0.3471942277970839,5.7,0.6218487394957983,Finnish,iter
Sini_15,Sini,15,0.4199599425040306,3.2,0.5405405405405406,Finnish,iter
Sini_16,Sini,16,0.3733566906555716,4.5,0.5186915887850467,Finnish,iter
Sini_17,Sini,17,0.36955904087755576,5.6,0.6297376093294461,Finnish,iter
Sini_18,Sini,18,0.3476182503983796,4.8,0.5217391304347826,Finnish,iter
Sini_19,Sini,19,0.43860369209822414,2.5,0.5217391304347826,Finnish,iter
Sini_2,Sini,2,0.3051539510345386,2.6,0.65625,Finnish,iter
Sini_20,Sini,20,0.38715276698394085,4.6,0.66796875,Finnish,iter
Sini_21,Sini,21,0.3830623467318988,4,0.5806451612903226,Finnish,iter
Sini_22,Sini,22,0.49345198607746527,3.2,0.4752475247524752,Finnish,iter
Sini_23,Sini,23,0.4605177786377025,3.7,0.5272727272727272,Finnish,iter
Sini_24,Sini,24,0.2777433449651969,3,0.594059405940594,Finnish,iter
Sini_25,Sini,25,0.3097969148551491,5,0.56,Finnish,iter
Sini_26,Sini,26,0.34420938180850946,3.5,0.5961538461538461,Finnish,iter
Sini_27,Sini,27,0.3624397022366826,3.5,0.60431654676259,Finnish,iter
Sini_28,Sini,28,0.33816151774310343,3.5,0.582089552238806,Finnish,iter
Sini_29,Sini,29,0.4561505853487533,3.7,0.5474452554744526,Finnish,iter
Sini_3,Sini,3,0.3621927243350953,4.4,0.6740088105726872,Finnish,iter
Sini_30,Sini,30,0.44094170927921605,2.2,0.4897959183673469,Finnish,iter
Sini_31,Sini,31,0.4473976417477801,3.8,0.5723684210526315,Finnish,iter
Sini_32,Sini,32,0.32432655732837634,5.9,0.5939849624060151,Finnish,iter
Sini_33,Sini,33,0.3240357627530516,2.6,0.5925925925925926,Finnish,iter
Sini_34,Sini,34,0.45137693405127277,4.1,0.6887755102040817,Finnish,iter
Sini_35,Sini,35,0.23612321095106437,3.5,0.6467065868263473,Finnish,iter
Sini_36,Sini,36,0.4343935661672893,3.3,0.425531914893617,Finnish,iter
Sini_37,Sini,37,0.13283370391516625,2.2,0.7021276595744681,Finnish,iter
Sini_38,Sini,38,0.4726820083247444,3.2,0.42424242424242425,Finnish,iter
Sini_39,Sini,39,0.41782001928271717,4.1,0.5380434782608695,Finnish,iter
Sini_4,Sini,4,0.45560867556293294,3.3,0.6101694915254238,Finnish,iter
Sini_40,Sini,40,0.4754378253680064,2.8,0.4936708860759494,Finnish,iter
Sini_41,Sini,41,0.40474726807783207,3.8,0.43783783783783786,Finnish,iter
Sini_42,Sini,42,0.3177511852484877,5.9,0.6648199445983379,Finnish,iter
Sini_43,Sini,43,0.37169559316923045,4.3,0.5763546798029556,Finnish,iter
Sini_44,Sini,44,0.47340690198787605,4.3,0.56353591160221,Finnish,iter
Sini_45,Sini,45,0.4048034522318131,2.9,0.41935483870967744,Finnish,iter
Sini_46,Sini,46,0.4492409493936761,3.5,0.6041666666666666,Finnish,iter
Sini_47,Sini,47,0.385324145019024,2.5,0.47619047619047616,Finnish,iter
Sini_48,Sini,48,0.36051800725376937,3.2,0.635593220338983,Finnish,iter
Sini_49,Sini,49,0.38273681489770833,4.9,0.532608695652174,Finnish,iter
Sini_5,Sini,5,0.349354103901338,4.6,0.6743119266055045,Finnish,iter
Sini_50,Sini,50,0.440505972959929,3.2,0.45132743362831856,Finnish,iter
Sini_51,Sini,51,0.35227735025414675,4.6,0.5872340425531914,Finnish,iter
Sini_52,Sini,52,0.402541835386879,3.2,0.75,Finnish,iter
Sini_53,Sini,53,0.2929311577308862,3.5,0.6050420168067226,Finnish,iter
Sini_54,Sini,54,0.332584493034117,2.7,0.5567010309278351,Finnish,iter
Sini_55,Sini,55,0.365427503587177,4.6,0.5477178423236515,Finnish,iter
Sini_56,Sini,56,0.3541476653053442,2.9,0.5806451612903226,Finnish,iter
Sini_57,Sini,57,0.408831558002681,4.8,0.6643598615916955,Finnish,iter
Sini_58,Sini,58,0.36976254088399924,5,0.5207547169811321,Finnish,iter
Sini_59,Sini,59,0.43530294574615247,4.1,0.6067415730337079,Finnish,iter
Sini_6,Sini,6,0.3004598177632697,4.8,0.6091954022988506,Finnish,iter
Sini_60,Sini,60,0.45896899495290977,4.2,0.5232558139534884,Finnish,iter
Sini_61,Sini,61,0.34930175253166823,4.4,0.5491071428571429,Finnish,iter
Sini_62,Sini,62,0.3291398539876839,3.9,0.6721311475409836,Finnish,iter
Sini_63,Sini,63,0.40329839122189887,4.8,0.55893536121673,Finnish,iter
Sini_64,Sini,64,0.3470181578393162,4.5,0.5478260869565217,Finnish,iter
Sini_65,Sini,65,0.42843152258344597,3.8,0.6274509803921569,Finnish,iter
Sini_66,Sini,66,0.3366545975598557,5.4,0.563076923076923,Finnish,iter
Sini_67,Sini,67,0.4468371133454447,4.2,0.7,Finnish,iter
Sini_68,Sini,68,0.3984807190166217,3.4,0.5813953488372093,Finnish,iter
Sini_69,Sini,69,0.2775689160553555,3.4,0.5714285714285714,Finnish,iter
Sini_7,Sini,7,0.26229915377348517,1.8,0.4838709677419355,Finnish,iter
Sini_70,Sini,70,0.4217229737750397,3.2,0.5181818181818182,Finnish,iter
Sini_71,Sini,71,0.46300023329021556,3.2,0.42,Finnish,iter
Sini_72,Sini,72,0.2532066385215058,2.6,0.5753424657534246,Finnish,iter
Sini_73,Sini,73,0.37458274757728655,4.1,0.5934065934065934,Finnish,iter
Sini_74,Sini,74,0.4280514400758196,3.2,0.5833333333333334,Finnish,iter
Sini_75,Sini,75,0.34622756645241554,5.6,0.6176470588235294,Finnish,iter
Sini_76,Sini,76,0.3661612405479811,3.8,0.5535714285714286,Finnish,iter
Sini_77,Sini,77,0.27361315052452273,2.8,0.7352941176470589,Finnish,iter
Sini_78,Sini,78,0.2366663777007637,2.4,0.5882352941176471,Finnish,iter
Sini_79,Sini,79,0.3361629183336917,5,0.5625,Finnish,iter
Sini_8,Sini,8,0.4356731147188433,3.3,0.4418604651162791,Finnish,iter
Sini_80,Sini,80,0.4017681650841229,3.9,0.4915254237288136,Finnish,iter
Sini_81,Sini,81,0.3521563274358687,4.2,0.4787234042553192,Finnish,iter
Sini_82,Sini,82,0.3324164612463005,3.7,0.6413793103448275,Finnish,iter
Sini_83,Sini,83,0.34573807575098947,3.7,0.45394736842105265,Finnish,iter
Sini_84,Sini,84,0.4297870669589872,3.6,0.46987951807228917,Finnish,iter
Sini_85,Sini,85,0.3212209609105744,5.5,0.6179104477611941,Finnish,iter
Sini_86,Sini,86,0.4126483032319107,3.2,0.6206896551724138,Finnish,iter
Sini_87,Sini,87,0.34830411058296107,3.6,0.5032258064516129,Finnish,iter
Sini_88,Sini,88,0.10538801182792662,2.4,0.6774193548387096,Finnish,iter
Sini_89,Sini,89,0.3615326918943878,4.3,0.5615763546798029,Finnish,iter
Sini_9,Sini,9,0.4017432301688473,3.4,0.4772727272727273,Finnish,iter
Sini_90,Sini,90,0.4052097318529678,3.9,0.5364238410596026,Finnish,iter
Sini_91,Sini,91,0.32022149181462517,5.9,0.5869565217391305,Finnish,iter
Sini_92,Sini,92,0.4556683975840674,3.9,0.5224719101123596,Finnish,iter
Sini_93,Sini,93,0.44524121949240447,4.4,0.7368421052631579,Finnish,iter
Sini_94,Sini,94,0.406453645767525,4.3,0.49748743718592964,Finnish,iter
Sini_95,Sini,95,0.44459824165683953,2.9,0.5113636363636364,Finnish,iter
Sini_96,Sini,96,0.35588557068131166,5.9,0.6134663341645885,Finnish,iter
Sini_97,Sini,97,0.48784231134252637,4,0.5964912280701754,Finnish,iter
Sini_98,Sini,98,0.46557660590145544,2.3,0.5892857142857143,Finnish,iter
Sini_99,Sini,99,0.35979016599249425,4.5,0.5180722891566265,Finnish,iter
Takeru_1,Takeru,1,0.21518761910951079,8.5,0.6995192307692307,Japanese,iter
Takeru_10,Takeru,10,0.18841945149627792,7.9,0.7994722955145118,Japanese,iter
Takeru_100,Takeru,100,0.21535447814570158,9.8,0.7811320754716982,Japanese,iter
Takeru_11,Takeru,11,0.24953861664671342,7,0.8181818181818182,Japanese,iter
Takeru_12,Takeru,12,0.21552876018630224,8.4,0.6466165413533834,Japanese,iter
Takeru_13,Takeru,13,0.20445722262145907,6.8,0.6717948717948717,Japanese,iter
Takeru_14,Takeru,14,0.2821784529403715,4.8,0.6055045871559633,Japanese,iter
Takeru_15,Takeru,15,0.25108364988933113,6.5,0.6697936210131332,Japanese,iter
Takeru_16,Takeru,16,0.1528369092522351,5.3,0.8859649122807017,Japanese,iter
Takeru_17,Takeru,17,0.20349303715879144,7.1,0.7876254180602007,Japanese,iter
Takeru_18,Takeru,18,0.26183122260837877,6.3,0.7163265306122449,Japanese,iter
Takeru_19,Takeru,19,0.23335198783104324,10,0.8096514745308311,Japanese,iter
Takeru_2,Takeru,2,0.2874926187840355,8.3,0.624,Japanese,iter
Takeru_20,Takeru,20,0.24126578215125175,7.2,0.6644628099173554,Japanese,iter
Takeru_21,Takeru,21,0.20602584183947525,10.3,0.7456359102244389,Japanese,iter
Takeru_22,Takeru,22,0.18277434819858487,11.3,0.7412023460410557,Japanese,iter
Takeru_23,Takeru,23,0.221433835930689,7.9,0.7082228116710876,Japanese,iter
Takeru_24,Takeru,24,0.21119002006635063,11.1,0.845166163141994,Japanese,iter
Takeru_25,Takeru,25,0.21282737115100606,9.8,0.7492795389048992,Japanese,iter
Takeru_26,Takeru,26,0.21584151900789533,9.7,0.833648393194707,Japanese,iter
Takeru_27,Takeru,27,0.24002372964564317,7.7,0.7880986937590712,Japanese,iter
Takeru_28,Takeru,28,0.20430358623711722,8,0.7602179836512262,Japanese,iter
Takeru_29,Takeru,29,0.2532547667046528,8,0.7332339791356185,Japanese,iter
Takeru_3,Takeru,3,0.22380174939961736,7.7,0.7085635359116023,Japanese,iter
Takeru_30,Takeru,30,0.225819307959862,6.9,0.6902173913043478,Japanese,iter
Takeru_31,Takeru,31,0.23500266602085235,10.5,0.7048346055979644,Japanese,iter
Takeru_32,Takeru,32,0.21111698402716295,8.6,0.6895306859205776,Japanese,iter
Takeru_33,Takeru,33,0.24659839424247118,6,0.6357615894039735,Japanese,iter
Takeru_34,Takeru,34,0.23747138573418214,6.1,0.78125,Japanese,iter
Takeru_35,Takeru,35,0.205888065202317,8.2,0.708171206225681,Japanese,iter
Takeru_36,Takeru,36,0.21367013304741903,9.1,0.7287581699346405,Japanese,iter
Takeru_37,Takeru,37,0.22221133537511129,9.5,0.6656716417910448,Japanese,iter
Takeru_38,Takeru,38,0.24046760223049882,8,0.7792207792207793,Japanese,iter
Takeru_39,Takeru,39,0.20496393888787157,9.6,0.737093690248566,Japanese,iter
Takeru_4,Takeru,4,0.2776450352412421,6.1,0.7716049382716049,Japanese,iter
Takeru_40,Takeru,40,0.20044120524189227,9.1,0.7410617551462622,Japanese,iter
Takeru_41,Takeru,41,0.2734238984760243,5.5,0.7028985507246377,Japanese,iter
Takeru_42,Takeru,42,0.21378484255793825,6.1,0.5950920245398773,Japanese,iter
Takeru_43,Takeru,43,0.24200159538458663,8,0.7659574468085106,Japanese,iter
Takeru_44,Takeru,44,0.22219022410074335,8.5,0.7019704433497537,Japanese,iter
Takeru_45,Takeru,45,0.23073986005286928,9,0.7441601779755284,Japanese,iter
Takeru_46,Takeru,46,0.24877252345516976,7.6,0.7285714285714285,Japanese,iter
Takeru_47,Takeru,47,0.24184666822103418,6.9,0.7095652173913043,Japanese,iter
Takeru_48,Takeru,48,0.2301811166063397,8.6,0.6903304773561811,Japanese,iter
Takeru_49,Takeru,49,0.24959187273872674,8.7,0.6113924050632912,Japanese,iter
Takeru_5,Takeru,5,0.21037882385295542,9.9,0.7294228949858089,Japanese,iter
Takeru_50,Takeru,50,0.24601523875287482,8.1,0.785904255319149,Japanese,iter
Takeru_51,Takeru,51,0.19676564045910738,9.7,0.6786407766990291,Japanese,iter
Takeru_52,Takeru,52,0.22000778804645804,9.4,0.6958762886597938,Japanese,iter
Takeru_53,Takeru,53,0.24130455382168076,9,0.7963752665245203,Japanese,iter
Takeru_54,Takeru,54,0.24110898343823498,7,0.6421052631578947,Japanese,iter
Takeru_55,Takeru,55,0.2215382293495021,8.6,0.7559322033898305,Japanese,iter
Takeru_56,Takeru,56,0.2113435700257693,7.8,0.6608108108108108,Japanese,iter
Takeru_57,Takeru,57,0.2559772349160063,7,0.6262626262626263,Japanese,iter
Takeru_58,Takeru,58,0.2172744152240978,9.9,0.7269439421338155,Japanese,iter
Takeru_59,Takeru,59,0.22243946055978842,6.7,0.7017543859649122,Japanese,iter
Takeru_6,Takeru,6,0.24535420470753452,9.8,0.7864864864864864,Japanese,iter
Takeru_60,Takeru,60,0.18841627114940857,12.4,0.822992700729927,Japanese,iter
Takeru_61,Takeru,61,0.29084286935536485,7.2,0.6559139784946236,Japanese,iter
Takeru_62,Takeru,62,0.2505045234821263,6.6,0.7153419593345656,Japanese,iter
Takeru_63,Takeru,63,0.2435580319711807,9.4,0.7749510763209393,Japanese,iter
Takeru_64,Takeru,64,0.22297613487622914,10,0.7266729500471254,Japanese,iter
Takeru_65,Takeru,65,0.22366001774762373,9.2,0.6747519294377067,Japanese,iter
Takeru_66,Takeru,66,0.22376211206876312,7.4,0.6803149606299213,Japanese,iter
Takeru_67,Takeru,67,0.2824233792945269,5.9,0.75,Japanese,iter
Takeru_68,Takeru,68,0.22348047671496335,8,0.6283524904214559,Japanese,iter
Takeru_69,Takeru,69,0.19101130342321726,11,0.7223926380368099,Japanese,iter
Takeru_7,Takeru,7,0.1726535472333113,7.9,0.7126436781609196,Japanese,iter
Takeru_70,Takeru,70,0.19387047196841262,4.6,0.5675675675675675,Japanese,iter
Takeru_71,Takeru,71,0.21724923894676731,10.4,0.8148148148148148,Japanese,iter
Takeru_72,Takeru,72,0.27446688769149086,6.1,0.8514412416851441,Japanese,iter
Takeru_73,Takeru,73,0.24750132960911247,5.4,0.75,Japanese,iter
Takeru_74,Takeru,74,0.21359140565589932,10.3,0.7493649449618967,Japanese,iter
Takeru_75,Takeru,75,0.1947593556361834,10.3,0.7663469921534438,Japanese,iter
Takeru_76,Takeru,76,0.2215015486075522,6.3,0.6653465346534654,Japanese,iter
Takeru_77,Takeru,77,0.23585797563455876,6.7,0.6744186046511628,Japanese,iter
Takeru_78,Takeru,78,0.18400156237408846,7.4,0.6278026905829597,Japanese,iter
Takeru_79,Takeru,79,0.1716617353505901,11.1,0.775524981897176,Japanese,iter
Takeru_8,Takeru,8,0.2244438282360406,6.3,0.6516393442622951,Japanese,iter
Takeru_80,Takeru,80,0.30199692790135724,5.3,0.658753709198813,Japanese,iter
Takeru_81,Takeru,81,0.21896555801115575,8.2,0.6625766871165644,Japanese,iter
Takeru_82,Takeru,82,0.2130709553839355,8.3,0.7028795811518325,Japanese,iter
Takeru_83,Takeru,83,0.19667497742126744,10.7,0.7731707317073171,Japanese,iter
Takeru_84,Takeru,84,0.23245255000500495,8.7,0.782608695652174,Japanese,iter
Takeru_85,Takeru,85,0.22585899018535477,7.2,0.7609046849757674,Japanese,iter
Takeru_86,Takeru,86,0.24865468466691912,9.6,0.7328699106256207,Japanese,iter
Takeru_87,Takeru,87,0.1974302507676156,9,0.7313109425785482,Japanese,iter
Takeru_88,Takeru,88,0.24669147790612286,7.8,0.6936170212765957,Japanese,iter
Takeru_89,Takeru,89,0.25567130706162966,7.7,0.7848101265822784,Japanese,iter
Takeru_9,Takeru,9,0.23014952670198707,6.7,0.581151832460733,Japanese,iter
Takeru_90,Takeru,90,0.17704322188625576,6.2,0.7828685258964143,Japanese,iter
Takeru_91,Takeru,91,0.226654208917502,6,0.6902050113895216,Japanese,iter
Takeru_92,Takeru,92,0.24392969926164743,6.4,0.6895161290322581,Japanese,iter
Takeru_93,Takeru,93,0.23139526830970047,8.4,0.6678832116788321,Japanese,iter
Takeru_94,Takeru,94,0.2129290121127114,11.1,0.7882882882882883,Japanese,iter
Takeru_95,Takeru,95,0.2666684950967199,6.5,0.7470355731225297,Japanese,iter
Takeru_96,Takeru,96,0.24526601770390183,8.6,0.7127272727272728,Japanese,iter
Takeru_97,Takeru,97,0.14892651729457015,8.5,0.812004530011325,Japanese,iter
Takeru_98,Takeru,98,0.21984120549485772,9.8,0.7967032967032966,Japanese,iter
Takeru_99,Takeru,99,0.28025281554415515,5.9,0.714987714987715,Japanese,iter
Taro_1,Taro,1,0.38999278280345967,4,0.6129032258064516,Japanese,iter
Taro_10,Taro,10,0.2995590344581162,5.6,0.4744897959183674,Japanese,iter
Taro_100,Taro,100,0.3299811422514642,6.4,0.5601659751037344,Japanese,iter
Taro_11,Taro,11,0.31718252627249477,5.2,0.564179104477612,Japanese,iter
Taro_12,Taro,12,0.3530673416884586,4.7,0.46153846153846156,Japanese,iter
Taro_13,Taro,13,0.3138866158145981,6.1,0.5898520084566596,Japanese,iter
Taro_14,Taro,14,0.3670123776803431,2.8,0.3130434782608696,Japanese,iter
Taro_15,Taro,15,0.3137270392544399,6.1,0.5751633986928104,Japanese,iter
Taro_16,Taro,16,0.3560610439907469,5.5,0.5817174515235457,Japanese,iter
Taro_17,Taro,17,0.33561271675671317,6,0.6141176470588235,Japanese,iter
Taro_18,Taro,18,0.36560287579716866,3.8,0.42038216560509556,Japanese,iter
Taro_19,Taro,19,0.30536623684210723,4.1,0.5235849056603774,Japanese,iter
Taro_2,Taro,2,0.3042332912343031,4,0.54,Japanese,iter
Taro_20,Taro,20,0.3027644055876587,5.4,0.4732394366197183,Japanese,iter
Taro_21,Taro,21,0.42221248169627246,5.2,0.6149068322981367,Japanese,iter
Taro_22,Taro,22,0.34789223655244345,4.4,0.5657894736842105,Japanese,iter
Taro_23,Taro,23,0.3187889471305506,5.1,0.538235294117647,Japanese,iter
Taro_24,Taro,24,0.3322996557443409,6.5,0.5333333333333333,Japanese,iter
Taro_25,Taro,25,0.33460281903674555,5.6,0.6868421052631579,Japanese,iter
Taro_26,Taro,26,0.28702306070459405,3,0.48484848484848486,Japanese,iter
Taro_27,Taro,27,0.3434198907815812,4.8,0.48,Japanese,iter
Taro_28,Taro,28,0.4116783796866732,3.8,0.6779661016949152,Japanese,iter
Taro_29,Taro,29,0.3159635709724962,6.3,0.4789356984478936,Japanese,iter
Taro_3,Taro,3,0.35257136828665614,4.2,0.46733668341708545,Japanese,iter
Taro_30,Taro,30,0.3085664128728425,4,0.4421052631578947,Japanese,iter
Taro_31,Taro,31,0.3803428774062672,4.6,0.4895397489539749,Japanese,iter
Taro_32,Taro,32,0.3622443579340367,3.2,0.48214285714285715,Japanese,iter
Taro_33,Taro,33,0.48513085059725786,4.3,0.4834123222748815,Japanese,iter
Taro_34,Taro,34,0.34439475019849347,5.6,0.5431754874651811,Japanese,iter
Taro_35,Taro,35,0.267678788550763,4,0.5195530726256983,Japanese,iter
Taro_36,Taro,36,0.2660266428246798,3.4,0.3923076923076923,Japanese,iter
Taro_37,Taro,37,0.37827868979160745,4.6,0.55078125,Japanese,iter
Taro_38,Taro,38,0.4360639749129875,4.2,0.44919786096256686,Japanese,iter
Taro_39,Taro,39,0.27891402527877585,4.1,0.47368421052631576,Japanese,iter
Taro_4,Taro,4,0.2587324990914249,5.4,0.5528455284552846,Japanese,iter
Taro_40,Taro,40,0.35586116103099186,4,0.5198019801980198,Japanese,iter
Taro_41,Taro,41,0.3220233077239075,4.3,0.425,Japanese,iter
Taro_42,Taro,42,0.3047796359456274,3.7,0.4827586206896552,Japanese,iter
Taro_43,Taro,43,0.2793579964058736,5.4,0.5549597855227882,Japanese,iter
Taro_44,Taro,44,0.32342968870856165,5.5,0.467966573816156,Japanese,iter
Taro_45,Taro,45,0.40868128136916987,4.4,0.5655737704918032,Japanese,iter
Taro_46,Taro,46,0.3421535351303931,4.8,0.4664310954063604,Japanese,iter
Taro_47,Taro,47,0.39353358136500227,5,0.5714285714285714,Japanese,iter
Taro_48,Taro,48,0.3261277121180806,4.8,0.4148936170212766,Japanese,iter
Taro_49,Taro,49,0.39779560339682635,4.6,0.4525862068965517,Japanese,iter
Taro_5,Taro,5,0.3093312655227003,3.7,0.38461538461538464,Japanese,iter
Taro_50,Taro,50,0.3442518225504715,5.2,0.6055900621118012,Japanese,iter
Taro_51,Taro,51,0.2875344318871972,4.4,0.4434782608695652,Japanese,iter
Taro_52,Taro,52,0.37379961809138496,4.8,0.45627376425855515,Japanese,iter
Taro_53,Taro,53,0.1944436642143706,4.7,0.67,Japanese,iter
Taro_54,Taro,54,0.35493848110502874,4.8,0.4431818181818182,Japanese,iter
Taro_55,Taro,55,0.24008753354293375,5.2,0.5217391304347826,Japanese,iter
Taro_56,Taro,56,0.3571610405184634,3.2,0.39823008849557523,Japanese,iter
Taro_57,Taro,57,0.39610336353147324,5,0.574468085106383,Japanese,iter
Taro_58,Taro,58,0.28111127307780975,4.2,0.6567164179104478,Japanese,iter
Taro_59,Taro,59,0.5380356757427087,4.3,0.526595744680851,Japanese,iter
Taro_6,Taro,6,0.40587857587927295,5,0.5130111524163569,Japanese,iter
Taro_60,Taro,60,0.2560456830345134,3.5,0.574468085106383,Japanese,iter
Taro_61,Taro,61,0.2821536757361759,4.2,0.4834123222748815,Japanese,iter
Taro_62,Taro,62,0.35200108349115805,5.3,0.5142857142857142,Japanese,iter
Taro_63,Taro,63,0.32131808795988853,4,0.3842364532019704,Japanese,iter
Taro_64,Taro,64,0.32556562208213125,5.8,0.5846867749419954,Japanese,iter
Taro_65,Taro,65,0.3158893381013221,5.5,0.4274193548387097,Japanese,iter
Taro_66,Taro,66,0.2966349906549239,7.3,0.5906735751295337,Japanese,iter
Taro_67,Taro,67,0.36853945847380404,5.5,0.5194029850746269,Japanese,iter
Taro_68,Taro,68,0.37816996458617097,5.7,0.6064690026954178,Japanese,iter
Taro_69,Taro,69,0.2511538792186948,5.4,0.4987012987012987,Japanese,iter
Taro_7,Taro,7,0.32885863666491716,3.8,0.5714285714285714,Japanese,iter
Taro_70,Taro,70,0.3134058429246826,6.2,0.6357615894039735,Japanese,iter
Taro_71,Taro,71,0.34551159284069544,4.6,0.45054945054945056,Japanese,iter
Taro_72,Taro,72,0.3364002618992923,2.6,0.4342105263157895,Japanese,iter
Taro_73,Taro,73,0.4284324360087041,3.8,0.3448275862068966,Japanese,iter
Taro_74,Taro,74,0.37481457123384754,4.2,0.3880597014925373,Japanese,iter
Taro_75,Taro,75,0.33735970768582824,3.8,0.4864864864864865,Japanese,iter
Taro_76,Taro,76,0.3330107998014589,4.9,0.5943396226415094,Japanese,iter
Taro_77,Taro,77,0.40598672749670445,4.1,0.4604651162790698,Japanese,iter
Taro_78,Taro,78,0.27553788265979134,5.4,0.6,Japanese,iter
Taro_79,Taro,79,0.33615401439975673,4.7,0.5241635687732342,Japanese,iter
Taro_8,Taro,8,0.2744815252563205,6.4,0.5449438202247191,Japanese,iter
Taro_80,Taro,80,0.26274698543741865,3.9,0.4682926829268293,Japanese,iter
Taro_81,Taro,81,0.2469869966306698,4.2,0.6164383561643836,Japanese,iter
Taro_82,Taro,82,0.3741567240781697,4.4,0.4186046511627907,Japanese,iter
Taro_83,Taro,83,0.2661035451978693,5.3,0.5398457583547558,Japanese,iter
Taro_84,Taro,84,0.3654627410133112,4.9,0.4791666666666667,Japanese,iter
Taro_85,Taro,85,0.5153665600829457,4.1,0.4573170731707317,Japanese,iter
Taro_86,Taro,86,0.28782032509927624,3.5,0.5,Japanese,iter
Taro_87,Taro,87,0.3433320757683107,4.1,0.3918918918918919,Japanese,iter
Taro_88,Taro,88,0.27949105070950525,5.6,0.5902777777777778,Japanese,iter
Taro_89,Taro,89,0.24197869324293722,7,0.6335078534031413,Japanese,iter
Taro_9,Taro,9,0.31912907236387905,5.4,0.6086956521739131,Japanese,iter
Taro_90,Taro,90,0.30438810894420887,5.2,0.5016077170418006,Japanese,iter
Taro_91,Taro,91,0.30961675503423486,6.5,0.5487077534791253,Japanese,iter
Taro_92,Taro,92,0.28375040908145116,3.6,0.5294117647058824,Japanese,iter
Taro_93,Taro,93,0.23944758023272728,5.3,0.582901554404145,Japanese,iter
Taro_94,Taro,94,0.27805099787174337,5.6,0.458128078817734,Japanese,iter
Taro_95,Taro,95,0.31663779583836243,4.6,0.48091603053435117,Japanese,iter
Taro_96,Taro,96,0.2848389274853648,4.2,0.32098765432098764,Japanese,iter
Taro_97,Taro,97,0.26153974580007877,3.9,0.4696969696969697,Japanese,iter
Taro_98,Taro,98,0.3289732492694281,6.4,0.548936170212766,Japanese,iter
Taro_99,Taro,99,0.2589934533064615,5.7,0.5050251256281407,Japanese,iter
Tobias_1,Tobias,1,0.214190921231562,2.6,0.7096774193548387,UK,iter
Tobias_10,Tobias,10,0.21797109203346407,3.4,0.7655172413793103,UK,iter
Tobias_100,Tobias,100,0.1162056823185293,2.5,0.7875,UK,iter
Tobias_11,Tobias,11,0.04809124655598819,1.8,0.6,UK,iter
Tobias_12,Tobias,12,0.2979626583683247,2,0.47368421052631576,UK,iter
Tobias_13,Tobias,13,0.1945502796351179,1.8,0.5,UK,iter
Tobias_14,Tobias,14,0.3191226087290178,3.2,0.6838235294117647,UK,iter
Tobias_15,Tobias,15,0.11364944184388187,2.6,0.5853658536585366,UK,iter
Tobias_16,Tobias,16,0.19144242716781276,3.4,0.6233766233766234,UK,iter
Tobias_17,Tobias,17,0.15685657137056658,2.6,0.6623376623376623,UK,iter
Tobias_18,Tobias,18,0.06473823066967362,1.8,0.7241379310344828,UK,iter
Tobias_19,Tobias,19,0.21795311105141882,2,0.35294117647058826,UK,iter
Tobias_2,Tobias,2,0.1805065185012628,2.7,0.54216867469879515,UK,iter
Tobias_20,Tobias,20,0.24029443515549148,2.3,0.6,UK,iter
Tobias_21,Tobias,21,0.21553110717393636,2.4,0.5571428571428572,UK,iter
Tobias_22,Tobias,22,0.1506719682698806,1.6,0.2903225806451613,UK,iter
Tobias_23,Tobias,23,0.23241193966797238,4,0.7051282051282052,UK,iter
Tobias_24,Tobias,24,0.14276626225340708,2.8,0.7211538461538461,UK,iter
Tobias_25,Tobias,25,0.1718540846228633,2.8,0.6371681415929203,UK,iter
Tobias_26,Tobias,26,0.1646641967692671,2.2,0.6964285714285714,UK,iter
Tobias_27,Tobias,27,0.2750307223275307,3.6,0.54216867469879515,UK,iter
Tobias_28,Tobias,28,0.1662536697097228,2.7,0.7325581395348837,UK,iter
Tobias_29,Tobias,29,0.29586490440262214,2.6,0.6352941176470588,UK,iter
Tobias_3,Tobias,3,0.21035496320849723,2.6,0.6741573033707865,UK,iter
Tobias_30,Tobias,30,0.28225911143275073,3.2,0.6341463414634146,UK,iter
Tobias_31,Tobias,31,0.08796608404704082,1.7,0.625,UK,iter
Tobias_32,Tobias,32,0.2988618723650806,4.6,0.6245353159851301,UK,iter
Tobias_33,Tobias,33,0.24960349804618637,2.9,0.6964285714285714,UK,iter
Tobias_34,Tobias,34,0.2742084686212939,2.6,0.5232558139534884,UK,iter
Tobias_35,Tobias,35,0.19727923380887474,2.4,0.5409836065573771,UK,iter
Tobias_36,Tobias,36,0.28077765612397265,2.4,0.5735294117647058,UK,iter
Tobias_37,Tobias,37,0.16259829768767337,3.9,0.6682464454976303,UK,iter
Tobias_38,Tobias,38,0.10200748296374104,2.8,0.75,UK,iter
Tobias_39,Tobias,39,0.09258574087716892,2,0.6,UK,iter
Tobias_4,Tobias,4,0.19551967655764602,2.2,0.5769230769230769,UK,iter
Tobias_40,Tobias,40,0.1727744211654476,3,0.7155963302752294,UK,iter
Tobias_41,Tobias,41,0.21940430270226136,3.3,0.668918918918919,UK,iter
Tobias_42,Tobias,42,0.1518188493305489,2.4,0.5921052631578947,UK,iter
Tobias_43,Tobias,43,0.19005872811935007,3.6,0.5721649484536082,UK,iter
Tobias_44,Tobias,44,0.13851028063221402,2.1,0.6470588235294118,UK,iter
Tobias_45,Tobias,45,0.11497492085258654,1.6,0.4444444444444444,UK,iter
Tobias_46,Tobias,46,0.19648467925431648,2.7,0.6,UK,iter
Tobias_47,Tobias,47,0.24531320599927817,2.2,0.5294117647058824,UK,iter
Tobias_48,Tobias,48,0.20113219107726002,2.5,0.7407407407407407,UK,iter
Tobias_49,Tobias,49,0.16725807016475056,2.1,0.5892857142857143,UK,iter
Tobias_5,Tobias,5,0.22311777985830689,3.3,0.6,UK,iter
Tobias_50,Tobias,50,0.10028588228499526,1.6,0.6521739130434783,UK,iter
Tobias_51,Tobias,51,0.1799493753282344,4.5,0.657243816254417,UK,iter
Tobias_52,Tobias,52,0.14215334709116517,2.1,0.6470588235294118,UK,iter
Tobias_53,Tobias,53,0.18461526981881796,1.9,0.5,UK,iter
Tobias_54,Tobias,54,0.2530526637634659,2.4,0.7183098591549296,UK,iter
Tobias_55,Tobias,55,0.1388330034292039,1.7,0.46875,UK,iter
Tobias_56,Tobias,56,0.1896239026164379,3.3,0.7935483870967742,UK,iter
Tobias_57,Tobias,57,0.11174057101332979,2.3,0.6716417910447762,UK,iter
Tobias_58,Tobias,58,0.1696452856445814,2.8,0.7422680412371134,UK,iter
Tobias_59,Tobias,59,0.22629700914412193,2.7,0.7128712871287128,UK,iter
Tobias_6,Tobias,6,0.20749499075460154,3.5,0.6158940397350994,UK,iter
Tobias_60,Tobias,60,0.1422416331282802,2.2,0.5454545454545454,UK,iter
Tobias_61,Tobias,61,0.14219270277464896,2.2,0.6346153846153846,UK,iter
Tobias_62,Tobias,62,0.17349730164335708,3.2,0.823943661971831,UK,iter
Tobias_63,Tobias,63,0.24863048535150445,3.4,0.6136363636363636,UK,iter
Tobias_64,Tobias,64,0.10786509149253157,2,0.6976744186046512,UK,iter
Tobias_65,Tobias,65,0.22616387111099762,2.6,0.6144578313253012,UK,iter
Tobias_66,Tobias,66,0.1359432489134568,3.3,0.6818181818181818,UK,iter
Tobias_67,Tobias,67,0.17411220452488985,4.5,0.6413793103448275,UK,iter
Tobias_68,Tobias,68,0.30029404670094145,3.2,0.5739130434782609,UK,iter
Tobias_69,Tobias,69,0.2302608125503024,3,0.6942148760330579,UK,iter
Tobias_7,Tobias,7,0.17765696867451863,2.2,0.6101694915254238,UK,iter
Tobias_70,Tobias,70,0.21339356560475486,3.8,0.6176470588235294,UK,iter
Tobias_71,Tobias,71,0.024010317855833022,1.6,0.48,UK,iter
Tobias_72,Tobias,72,0.08034782429767295,1.8,0.5454545454545454,UK,iter
Tobias_73,Tobias,73,0.21624882775781773,3.7,0.6683937823834197,UK,iter
Tobias_74,Tobias,74,0.23989413094884401,2.7,0.54216867469879515,UK,iter
Tobias_75,Tobias,75,0.20620666637425947,2.8,0.7241379310344828,UK,iter
Tobias_76,Tobias,76,0.13133401589679208,2.4,0.7391304347826086,UK,iter
Tobias_77,Tobias,77,0.17411952087118102,2.9,0.7232142857142857,UK,iter
Tobias_78,Tobias,78,0.16667331885109724,2.7,0.7252747252747253,UK,iter
Tobias_79,Tobias,79,0.16953164903968523,1.6,0.5454545454545454,UK,iter
Tobias_8,Tobias,8,0.2773603434230539,3,0.6131386861313869,UK,iter
Tobias_80,Tobias,80,0.0741440406039593,1.9,0.8918918918918919,UK,iter
Tobias_81,Tobias,81,0.13817987900496967,2.1,0.6,UK,iter
Tobias_82,Tobias,82,0.23771936512808972,3.2,0.6136363636363636,UK,iter
Tobias_83,Tobias,83,0.04163583381119847,1.6,0.6,UK,iter
Tobias_84,Tobias,84,0.21710495991804854,2.5,0.6538461538461539,UK,iter
Tobias_85,Tobias,85,0.23170586911012073,3.7,0.5862068965517241,UK,iter
Tobias_86,Tobias,86,0.28826462734593294,2.8,0.63,UK,iter
Tobias_87,Tobias,87,0.16928431561943869,3.5,0.6646706586826348,UK,iter
Tobias_88,Tobias,88,0.08703902885492344,1.8,0.5217391304347826,UK,iter
Tobias_89,Tobias,89,0.2637799468682691,3.5,0.5849056603773585,UK,iter
Tobias_9,Tobias,9,0.14633180920263753,2.1,0.6875,UK,iter
Tobias_90,Tobias,90,0.15673575815648003,2.8,0.71900826446281,UK,iter
Tobias_91,Tobias,91,0.14813508648183316,2.2,0.5892857142857143,UK,iter
Tobias_92,Tobias,92,0.03169187087370394,1.3,0,UK,iter
Tobias_93,Tobias,93,0.225130516170894,1.7,0.391304347826087,UK,iter
Tobias_94,Tobias,94,0.21534323049831372,2.9,0.63,UK,iter
Tobias_95,Tobias,95,0.14302445530729063,2.8,0.75,UK,iter
Tobias_96,Tobias,96,0.21802557790893873,2.1,0.3333333333333333,UK,iter
Tobias_97,Tobias,97,0.0884035781738768,1.5,0.2727272727272727,UK,iter
Tobias_98,Tobias,98,0.2708610681351052,2.9,0.6724137931034483,UK,iter
Tobias_99,Tobias,99,0.045222227960363716,1.7,0.6,UK,iter
Vincent_1,Vincent,1,0.2851483668957961,8.1,0.6929032258064516,French,iter
Vincent_10,Vincent,10,0.28997228101930067,5.5,0.4793814432989691,French,iter
Vincent_100,Vincent,100,0.3136885153292891,7.2,0.6519607843137255,French,iter
Vincent_11,Vincent,11,0.30948933451296834,5.8,0.5871121718377088,French,iter
Vincent_12,Vincent,12,0.2952605435711334,7.3,0.6666666666666666,French,iter
Vincent_13,Vincent,13,0.2522240704017526,9.9,0.7416044776119403,French,iter
Vincent_14,Vincent,14,0.26362037483423334,6.7,0.6289424860853432,French,iter
Vincent_15,Vincent,15,0.2519982681519127,5.4,0.6100278551532033,French,iter
Vincent_16,Vincent,16,0.26331155833165726,7.3,0.5660377358490566,French,iter
Vincent_17,Vincent,17,0.37348242807849946,4.4,0.5101214574898786,French,iter
Vincent_18,Vincent,18,0.2779260459754525,8.1,0.7258687258687259,French,iter
Vincent_19,Vincent,19,0.28898117016869035,8,0.6324549237170597,French,iter
Vincent_2,Vincent,2,0.26779764291530433,8.5,0.6645807259073843,French,iter
Vincent_20,Vincent,20,0.2877942371613037,7,0.6073943661971831,French,iter
Vincent_21,Vincent,21,0.28525259758935606,7.8,0.6727019498607242,French,iter
Vincent_22,Vincent,22,0.21527567102112044,10.4,0.7385008517887564,French,iter
Vincent_23,Vincent,23,0.28976159883389613,6.2,0.592436974789916,French,iter
Vincent_24,Vincent,24,0.2599255426355997,6.8,0.5631768953068592,French,iter
Vincent_25,Vincent,25,0.25516530917716695,9.1,0.6303630363036303,French,iter
Vincent_26,Vincent,26,0.2880597478226747,7.3,0.6347962382445141,French,iter
Vincent_27,Vincent,27,0.23829275610347844,6.9,0.5852372583479789,French,iter
Vincent_28,Vincent,28,0.295380151509583,7.6,0.6741071428571429,French,iter
Vincent_29,Vincent,29,0.30260210335244203,6.9,0.5968586387434555,French,iter
Vincent_3,Vincent,3,0.23606495730373064,8.8,0.7380952380952381,French,iter
Vincent_30,Vincent,30,0.25401876999933687,8.4,0.7153284671532847,French,iter
Vincent_31,Vincent,31,0.2998289507776482,6.8,0.5955882352941176,French,iter
Vincent_32,Vincent,32,0.2736646944193175,7.4,0.5688816855753647,French,iter
Vincent_33,Vincent,33,0.30764652269541765,6.3,0.594,French,iter
Vincent_34,Vincent,34,0.2771831823516712,7.8,0.6069868995633187,French,iter
Vincent_35,Vincent,35,0.26271345045802036,9.7,0.7062256809338522,French,iter
Vincent_36,Vincent,36,0.29507630480986263,6.5,0.6374269005847953,French,iter
Vincent_37,Vincent,37,0.2853257138547661,6.4,0.6881287726358148,French,iter
Vincent_38,Vincent,38,0.2672468887492756,8.4,0.6711491442542787,French,iter
Vincent_39,Vincent,39,0.26722607372953666,6.8,0.588021778584392,French,iter
Vincent_4,Vincent,4,0.3200581101103891,7.2,0.6666666666666666,French,iter
Vincent_40,Vincent,40,0.2615287275789247,9.1,0.7331910352187834,French,iter
Vincent_41,Vincent,41,0.26789507877877117,6.8,0.6570915619389587,French,iter
Vincent_42,Vincent,42,0.26166503147447534,7.9,0.6730506155950753,French,iter
Vincent_43,Vincent,43,0.3122590803946507,6.9,0.6839378238341969,French,iter
Vincent_44,Vincent,44,0.2665661299185144,6.4,0.6099585062240664,French,iter
Vincent_45,Vincent,45,0.28222915693067063,8.2,0.6819923371647509,French,iter
Vincent_46,Vincent,46,0.2881865446924716,6.1,0.5448275862068965,French,iter
Vincent_47,Vincent,47,0.28930831023225717,8.6,0.6571428571428571,French,iter
Vincent_48,Vincent,48,0.263774578933153,6.7,0.647912885662432,French,iter
Vincent_49,Vincent,49,0.28804479337820316,7.5,0.589540412044374,French,iter
Vincent_5,Vincent,5,0.24475415643730877,6.8,0.6844919786096256,French,iter
Vincent_50,Vincent,50,0.23637863473468293,11.3,0.7914244186046512,French,iter
Vincent_51,Vincent,51,0.2740580399725397,8.2,0.6823379923761118,French,iter
Vincent_52,Vincent,52,0.3336094068294889,5.4,0.4368131868131868,French,iter
Vincent_53,Vincent,53,0.2453338240483693,8.4,0.5846153846153846,French,iter
Vincent_54,Vincent,54,0.24848074532929526,6.3,0.5711297071129707,French,iter
Vincent_55,Vincent,55,0.24478112964904283,8.9,0.6531986531986532,French,iter
Vincent_56,Vincent,56,0.2812463475300697,7.7,0.673728813559322,French,iter
Vincent_57,Vincent,57,0.28125038247888223,8.4,0.6795994993742178,French,iter
Vincent_58,Vincent,58,0.2947887727970271,7.4,0.6236722306525038,French,iter
Vincent_59,Vincent,59,0.2596807236260527,8.5,0.6731001206272618,French,iter
Vincent_6,Vincent,6,0.26000621267996227,6.5,0.6432748538011696,French,iter
Vincent_60,Vincent,60,0.24620839830363955,7.4,0.6079077429983526,French,iter
Vincent_61,Vincent,61,0.32207673377633833,6.3,0.6129032258064516,French,iter
Vincent_62,Vincent,62,0.2469432235146519,9.6,0.8084507042253521,French,iter
Vincent_63,Vincent,63,0.27643263633991483,7.5,0.6646971935007385,French,iter
Vincent_64,Vincent,64,0.24829226158002032,7.3,0.6523809523809524,French,iter
Vincent_65,Vincent,65,0.22704933846491665,10.3,0.7647562018819504,French,iter
Vincent_66,Vincent,66,0.3140330614764277,7.3,0.6059602649006622,French,iter
Vincent_67,Vincent,67,0.23096675128738886,10.6,0.7469586374695864,French,iter
Vincent_68,Vincent,68,0.339984180591673,5.4,0.5318559556786704,French,iter
Vincent_69,Vincent,69,0.2689290060388118,8.6,0.6810035842293907,French,iter
Vincent_7,Vincent,7,0.305995480164662,7.4,0.6503164556962026,French,iter
Vincent_70,Vincent,70,0.30695291223745835,6.7,0.6292947558770343,French,iter
Vincent_71,Vincent,71,0.2568312235860897,8.9,0.7208008898776418,French,iter
Vincent_72,Vincent,72,0.288165868170662,7.8,0.6341107871720116,French,iter
Vincent_73,Vincent,73,0.26874808757904073,9.1,0.7365079365079366,French,iter
Vincent_74,Vincent,74,0.24440341775434674,9.5,0.7514792899408284,French,iter
Vincent_75,Vincent,75,0.2815036263898256,7.5,0.6506024096385542,French,iter
Vincent_76,Vincent,76,0.29487724522898395,7.8,0.7075862068965517,French,iter
Vincent_77,Vincent,77,0.30740694429644644,5.6,0.5620052770448549,French,iter
Vincent_78,Vincent,78,0.3143935269299721,6.6,0.6136363636363636,French,iter
Vincent_79,Vincent,79,0.24067231385604534,6.3,0.6,French,iter
Vincent_8,Vincent,8,0.2739521588151451,8.2,0.65625,French,iter
Vincent_80,Vincent,80,0.29105158863333225,6.9,0.5839285714285715,French,iter
Vincent_81,Vincent,81,0.27392908146222433,7.2,0.6348949919224556,French,iter
Vincent_82,Vincent,82,0.27950462860821546,6.1,0.5748898678414097,French,iter
Vincent_83,Vincent,83,0.2797961650942148,8,0.5828571428571429,French,iter
Vincent_84,Vincent,84,0.250468483242868,9.1,0.6724700761697497,French,iter
Vincent_85,Vincent,85,0.27076012431477164,8.4,0.5976714100905562,French,iter
Vincent_86,Vincent,86,0.26171725668984647,6.8,0.6338797814207651,French,iter
Vincent_87,Vincent,87,0.28357555396181117,7.3,0.6239600665557404,French,iter
Vincent_88,Vincent,88,0.2791943532657192,4.9,0.5962145110410094,French,iter
Vincent_89,Vincent,89,0.26214182962452653,6.9,0.6214285714285714,French,iter
Vincent_9,Vincent,9,0.25578224194703486,9.8,0.6854684512428298,French,iter
Vincent_90,Vincent,90,0.2552337704007418,8.6,0.736046511627907,French,iter
Vincent_91,Vincent,91,0.28879397564243076,7.6,0.6651785714285714,French,iter
Vincent_92,Vincent,92,0.2821100379536382,5.2,0.6291793313069909,French,iter
Vincent_93,Vincent,93,0.2585723691728483,7.9,0.6170212765957447,French,iter
Vincent_94,Vincent,94,0.26251858496036007,8,0.6814516129032258,French,iter
Vincent_95,Vincent,95,0.2801036367418531,5.4,0.5609756097560976,French,iter
Vincent_96,Vincent,96,0.3119307000452842,7.4,0.647244094488189,French,iter
Vincent_97,Vincent,97,0.27411656191196976,8.3,0.6538461538461539,French,iter
Vincent_98,Vincent,98,0.2833394881536476,8.4,0.6683738796414853,French,iter
Vincent_99,Vincent,99,0.26874139958227383,8.4,0.7320574162679426,French,iter
