Speaker_ID,gloss1,data_type,degree,threshold
Adeline_1,encore1956,iter-A,1,0.25
Adeline_10,au revoir3034,iter-A,1,0.25
Adeline_10,au revoir3035,iter-A,1,0.25
Adeline_10,bisou3038,iter-A,1,0.25
Adeline_10,bisou3040,iter-A,1,0.25
Adeline_10,chapeau3044,iter-A,1,0.25
Adeline_10,chapeau3045,iter-A,1,0.25
Adeline_10,chapeau3046,iter-A,1,0.25
Adeline_10,chapeau3050,iter-A,1,0.25
Adeline_10,encore3053,iter-A,1,0.25
Adeline_10,encore3054,iter-A,1,0.25
Adeline_10,encore3058,iter-A,1,0.25
Adeline_10,vachou3068,iter-A,1,0.25
Adeline_100,au revoir3031,iter-A,1,0.25
Adeline_100,bisou3039,iter-A,1,0.25
Adeline_100,chapeau3044,iter-A,1,0.25
Adeline_100,chapeau3048,iter-A,1,0.25
Adeline_100,coucou2603,iter-A,1,0.25
Adeline_100,coucou2605,iter-A,1,0.25
Adeline_100,coucou2607,iter-A,1,0.25
Adeline_100,encore3056,iter-A,1,0.25
Adeline_100,encore3057,iter-A,1,0.25
Adeline_100,encore3058,iter-A,1,0.25
Adeline_100,encore3061,iter-A,1,0.25
Adeline_100,encore3063,iter-A,1,0.25
Adeline_100,vachou3068,iter-A,1,0.25
Adeline_11,au revoir3037,iter-A,1,0.25
Adeline_11,bisou3038,iter-A,1,0.25
Adeline_11,bisou3041,iter-A,1,0.25
Adeline_11,chapeau3044,iter-A,1,0.25
Adeline_11,chapeau3045,iter-A,1,0.25
Adeline_11,chapeau3046,iter-A,1,0.25
Adeline_11,chapeau3048,iter-A,1,0.25
Adeline_11,encore3053,iter-A,1,0.25
Adeline_11,encore3056,iter-A,1,0.25
Adeline_11,encore3059,iter-A,1,0.25
Adeline_11,encore3064,iter-A,1,0.25
Adeline_11,papa2614,iter-A,1,0.25
Adeline_11,voiture3070,iter-A,1,0.25
Adeline_12,au revoir3031,iter-A,1,0.25
Adeline_12,au revoir3035,iter-A,1,0.25
Adeline_12,au revoir3036,iter-A,1,0.25
Adeline_12,au revoir3037,iter-A,1,0.25
Adeline_12,chapeau3043,iter-A,1,0.25
Adeline_12,chapeau3045,iter-A,1,0.25
Adeline_12,chapeau3047,iter-A,1,0.25
Adeline_12,chapeau3051,iter-A,1,0.25
Adeline_12,encore3056,iter-A,1,0.25
Adeline_12,encore3058,iter-A,1,0.25
Adeline_12,encore3062,iter-A,1,0.25
Adeline_12,papa3135,iter-A,1,0.25
Adeline_12,vachou3068,iter-A,1,0.25
Adeline_12,voiture3071,iter-A,1,0.25
Adeline_14,au revoir3031,iter-A,1,0.25
Adeline_14,au revoir3032,iter-A,1,0.25
Adeline_14,bisou3038,iter-A,1,0.25
Adeline_14,bisou3039,iter-A,1,0.25
Adeline_14,vachou3068,iter-A,1,0.25
Adeline_14,voilà2616,iter-A,1,0.25
Adeline_15,coucou2606,iter-A,1,0.25
Adeline_15,encore3060,iter-A,1,0.25
Adeline_15,encore3062,iter-A,1,0.25
Adeline_16,au revoir3035,iter-A,1,0.25
Adeline_16,au revoir3036,iter-A,1,0.25
Adeline_16,bisou3038,iter-A,1,0.25
Adeline_16,chapeau3043,iter-A,1,0.25
Adeline_16,chapeau3044,iter-A,1,0.25
Adeline_16,chapeau3045,iter-A,1,0.25
Adeline_16,chapeau3046,iter-A,1,0.25
Adeline_16,coucou3052,iter-A,1,0.25
Adeline_16,encore3053,iter-A,1,0.25
Adeline_16,encore3059,iter-A,1,0.25
Adeline_16,encore3062,iter-A,1,0.25
Adeline_16,papa3135,iter-A,1,0.25
Adeline_16,vachou3068,iter-A,1,0.25
Adeline_16,voiture3071,iter-A,1,0.25
Adeline_18,au revoir3033,iter-A,1,0.25
Adeline_18,chapeau3043,iter-A,1,0.25
Adeline_18,chapeau3047,iter-A,1,0.25
Adeline_18,papa2615,iter-A,1,0.25
Adeline_19,coucou2604,iter-A,1,0.25
Adeline_19,coucou2605,iter-A,1,0.25
Adeline_19,coucou2609,iter-A,1,0.25
Adeline_19,coucou3052,iter-A,1,0.25
Adeline_19,encore1956,iter-A,1,0.25
Adeline_19,encore3055,iter-A,1,0.25
Adeline_19,encore3057,iter-A,1,0.25
Adeline_19,encore3060,iter-A,1,0.25
Adeline_19,encore3062,iter-A,1,0.25
Adeline_2,au revoir3032,iter-A,1,0.25
Adeline_2,au revoir3034,iter-A,1,0.25
Adeline_2,au revoir3037,iter-A,1,0.25
Adeline_2,bisou3038,iter-A,1,0.25
Adeline_2,bisou3042,iter-A,1,0.25
Adeline_2,chapeau3045,iter-A,1,0.25
Adeline_2,chapeau3046,iter-A,1,0.25
Adeline_2,chapeau3051,iter-A,1,0.25
Adeline_2,coucou3052,iter-A,1,0.25
Adeline_2,encore3054,iter-A,1,0.25
Adeline_2,encore3056,iter-A,1,0.25
Adeline_2,encore3061,iter-A,1,0.25
Adeline_2,encore3063,iter-A,1,0.25
Adeline_2,encore3064,iter-A,1,0.25
Adeline_21,au revoir3031,iter-A,1,0.25
Adeline_21,au revoir3033,iter-A,1,0.25
Adeline_21,au revoir3036,iter-A,1,0.25
Adeline_21,bisou3040,iter-A,1,0.25
Adeline_21,bisou3041,iter-A,1,0.25
Adeline_21,bisou3042,iter-A,1,0.25
Adeline_21,chapeau3043,iter-A,1,0.25
Adeline_21,chapeau3044,iter-A,1,0.25
Adeline_21,chapeau3049,iter-A,1,0.25
Adeline_21,chapeau3050,iter-A,1,0.25
Adeline_21,coucou2603,iter-A,1,0.25
Adeline_21,coucou2605,iter-A,1,0.25
Adeline_21,encore3060,iter-A,1,0.25
Adeline_21,encore3061,iter-A,1,0.25
Adeline_21,voiture3070,iter-A,1,0.25
Adeline_22,bobo3131,iter-A,1,0.25
Adeline_22,chapeau3049,iter-A,1,0.25
Adeline_23,bobo3132,iter-A,1,0.25
Adeline_23,chapeau3045,iter-A,1,0.25
Adeline_23,papa3135,iter-A,1,0.25
Adeline_24,au revoir3032,iter-A,1,0.25
Adeline_24,au revoir3035,iter-A,1,0.25
Adeline_24,bisou3039,iter-A,1,0.25
Adeline_24,chapeau3043,iter-A,1,0.25
Adeline_24,chapeau3044,iter-A,1,0.25
Adeline_24,chapeau3046,iter-A,1,0.25
Adeline_24,chapeau3049,iter-A,1,0.25
Adeline_24,chapeau3051,iter-A,1,0.25
Adeline_24,coucou2606,iter-A,1,0.25
Adeline_24,coucou2608,iter-A,1,0.25
Adeline_24,encore3056,iter-A,1,0.25
Adeline_24,encore3057,iter-A,1,0.25
Adeline_24,encore3058,iter-A,1,0.25
Adeline_24,encore3059,iter-A,1,0.25
Adeline_24,encore3062,iter-A,1,0.25
Adeline_25,au revoir3033,iter-A,1,0.25
Adeline_25,bisou3038,iter-A,1,0.25
Adeline_25,bisou3039,iter-A,1,0.25
Adeline_25,chapeau3046,iter-A,1,0.25
Adeline_25,chapeau3047,iter-A,1,0.25
Adeline_25,coucou2604,iter-A,1,0.25
Adeline_25,coucou2606,iter-A,1,0.25
Adeline_25,encore3056,iter-A,1,0.25
Adeline_25,encore3059,iter-A,1,0.25
Adeline_25,voiture3071,iter-A,1,0.25
Adeline_26,au revoir3031,iter-A,1,0.25
Adeline_26,au revoir3036,iter-A,1,0.25
Adeline_26,bisou3042,iter-A,1,0.25
Adeline_26,chapeau3046,iter-A,1,0.25
Adeline_26,chapeau3048,iter-A,1,0.25
Adeline_26,chapeau3049,iter-A,1,0.25
Adeline_26,chapeau3051,iter-A,1,0.25
Adeline_26,coucou3052,iter-A,1,0.25
Adeline_26,encore3054,iter-A,1,0.25
Adeline_26,encore3059,iter-A,1,0.25
Adeline_26,encore3060,iter-A,1,0.25
Adeline_26,encore3062,iter-A,1,0.25
Adeline_26,parti3067,iter-A,1,0.25
Adeline_26,voiture3070,iter-A,1,0.25
Adeline_27,au revoir3036,iter-A,1,0.25
Adeline_27,bisou3039,iter-A,1,0.25
Adeline_27,bisou3041,iter-A,1,0.25
Adeline_27,chapeau3043,iter-A,1,0.25
Adeline_27,chapeau3044,iter-A,1,0.25
Adeline_27,chapeau3045,iter-A,1,0.25
Adeline_27,chapeau3047,iter-A,1,0.25
Adeline_27,coucou2607,iter-A,1,0.25
Adeline_27,coucou2608,iter-A,1,0.25
Adeline_27,encore3055,iter-A,1,0.25
Adeline_27,encore3060,iter-A,1,0.25
Adeline_27,encore3062,iter-A,1,0.25
Adeline_27,encore3064,iter-A,1,0.25
Adeline_27,vachou3068,iter-A,1,0.25
Adeline_28,au revoir3031,iter-A,1,0.25
Adeline_28,au revoir3033,iter-A,1,0.25
Adeline_28,au revoir3035,iter-A,1,0.25
Adeline_28,bisou3038,iter-A,1,0.25
Adeline_28,bisou3039,iter-A,1,0.25
Adeline_28,bisou3042,iter-A,1,0.25
Adeline_28,chapeau3044,iter-A,1,0.25
Adeline_28,chapeau3049,iter-A,1,0.25
Adeline_28,coucou2605,iter-A,1,0.25
Adeline_28,coucou2606,iter-A,1,0.25
Adeline_28,encore3059,iter-A,1,0.25
Adeline_28,encore3061,iter-A,1,0.25
Adeline_28,parti3067,iter-A,1,0.25
Adeline_28,vachou3068,iter-A,1,0.25
Adeline_28,voiture3070,iter-A,1,0.25
Adeline_29,au revoir3031,iter-A,1,0.25
Adeline_29,au revoir3032,iter-A,1,0.25
Adeline_29,au revoir3035,iter-A,1,0.25
Adeline_29,au revoir3037,iter-A,1,0.25
Adeline_29,bisou3042,iter-A,1,0.25
Adeline_29,chapeau3044,iter-A,1,0.25
Adeline_29,chapeau3045,iter-A,1,0.25
Adeline_29,chapeau3046,iter-A,1,0.25
Adeline_29,chapeau3049,iter-A,1,0.25
Adeline_29,coucou3052,iter-A,1,0.25
Adeline_29,encore3053,iter-A,1,0.25
Adeline_29,encore3057,iter-A,1,0.25
Adeline_29,encore3059,iter-A,1,0.25
Adeline_29,encore3060,iter-A,1,0.25
Adeline_29,voiture3071,iter-A,1,0.25
Adeline_3,au revoir3032,iter-A,1,0.25
Adeline_3,au revoir3036,iter-A,1,0.25
Adeline_3,chapeau3043,iter-A,1,0.25
Adeline_3,chapeau3046,iter-A,1,0.25
Adeline_3,chapeau3048,iter-A,1,0.25
Adeline_3,chapeau3051,iter-A,1,0.25
Adeline_3,encore3055,iter-A,1,0.25
Adeline_3,encore3056,iter-A,1,0.25
Adeline_3,encore3058,iter-A,1,0.25
Adeline_3,encore3060,iter-A,1,0.25
Adeline_3,encore3061,iter-A,1,0.25
Adeline_3,encore3062,iter-A,1,0.25
Adeline_3,encore3063,iter-A,1,0.25
Adeline_3,papa2615,iter-A,1,0.25
Adeline_3,voiture3070,iter-A,1,0.25
Adeline_30,au revoir3036,iter-A,1,0.25
Adeline_30,bisou3039,iter-A,1,0.25
Adeline_30,chapeau3044,iter-A,1,0.25
Adeline_30,chapeau3045,iter-A,1,0.25
Adeline_30,chapeau3046,iter-A,1,0.25
Adeline_30,chapeau3047,iter-A,1,0.25
Adeline_30,chapeau3051,iter-A,1,0.25
Adeline_30,encore3053,iter-A,1,0.25
Adeline_30,encore3055,iter-A,1,0.25
Adeline_30,encore3056,iter-A,1,0.25
Adeline_30,encore3059,iter-A,1,0.25
Adeline_30,encore3060,iter-A,1,0.25
Adeline_30,papa3135,iter-A,1,0.25
Adeline_30,vachou3068,iter-A,1,0.25
Adeline_31,au revoir3031,iter-A,1,0.25
Adeline_31,chapeau3045,iter-A,1,0.25
Adeline_31,chapeau3048,iter-A,1,0.25
Adeline_31,chapeau3050,iter-A,1,0.25
Adeline_31,coucou2605,iter-A,1,0.25
Adeline_31,coucou2608,iter-A,1,0.25
Adeline_31,encore3057,iter-A,1,0.25
Adeline_31,encore3059,iter-A,1,0.25
Adeline_31,encore3060,iter-A,1,0.25
Adeline_31,encore3062,iter-A,1,0.25
Adeline_31,encore3063,iter-A,1,0.25
Adeline_32,au revoir3037,iter-A,1,0.25
Adeline_32,chapeau3043,iter-A,1,0.25
Adeline_32,chapeau3044,iter-A,1,0.25
Adeline_32,chapeau3046,iter-A,1,0.25
Adeline_32,chapeau3047,iter-A,1,0.25
Adeline_32,chapeau3048,iter-A,1,0.25
Adeline_32,chapeau3051,iter-A,1,0.25
Adeline_32,encore3055,iter-A,1,0.25
Adeline_32,encore3062,iter-A,1,0.25
Adeline_32,encore3063,iter-A,1,0.25
Adeline_32,parti3067,iter-A,1,0.25
Adeline_33,au revoir3037,iter-A,1,0.25
Adeline_33,bisou3038,iter-A,1,0.25
Adeline_33,bisou3041,iter-A,1,0.25
Adeline_33,bisou3042,iter-A,1,0.25
Adeline_33,chapeau3048,iter-A,1,0.25
Adeline_33,chapeau3051,iter-A,1,0.25
Adeline_33,encore3060,iter-A,1,0.25
Adeline_33,encore3061,iter-A,1,0.25
Adeline_33,encore3063,iter-A,1,0.25
Adeline_33,parti3067,iter-A,1,0.25
Adeline_33,voiture3070,iter-A,1,0.25
Adeline_34,chapeau3043,iter-A,1,0.25
Adeline_34,chapeau3045,iter-A,1,0.25
Adeline_34,chapeau3047,iter-A,1,0.25
Adeline_34,chapeau3051,iter-A,1,0.25
Adeline_35,au revoir3033,iter-A,1,0.25
Adeline_35,au revoir3035,iter-A,1,0.25
Adeline_35,bisou3038,iter-A,1,0.25
Adeline_35,chapeau3045,iter-A,1,0.25
Adeline_35,chapeau3047,iter-A,1,0.25
Adeline_35,chapeau3051,iter-A,1,0.25
Adeline_35,coucou3052,iter-A,1,0.25
Adeline_35,encore3053,iter-A,1,0.25
Adeline_35,encore3058,iter-A,1,0.25
Adeline_35,encore3060,iter-A,1,0.25
Adeline_35,encore3063,iter-A,1,0.25
Adeline_35,papa2615,iter-A,1,0.25
Adeline_35,voiture3070,iter-A,1,0.25
Adeline_36,au revoir3032,iter-A,1,0.25
Adeline_36,au revoir3035,iter-A,1,0.25
Adeline_36,bisou3041,iter-A,1,0.25
Adeline_36,chapeau3046,iter-A,1,0.25
Adeline_36,chapeau3047,iter-A,1,0.25
Adeline_36,encore3056,iter-A,1,0.25
Adeline_36,encore3058,iter-A,1,0.25
Adeline_36,encore3060,iter-A,1,0.25
Adeline_36,encore3064,iter-A,1,0.25
Adeline_36,parti3067,iter-A,1,0.25
Adeline_36,vachou3068,iter-A,1,0.25
Adeline_36,voiture3070,iter-A,1,0.25
Adeline_37,au revoir3031,iter-A,1,0.25
Adeline_37,au revoir3034,iter-A,1,0.25
Adeline_37,chapeau3043,iter-A,1,0.25
Adeline_37,chapeau3044,iter-A,1,0.25
Adeline_37,chapeau3050,iter-A,1,0.25
Adeline_37,encore3057,iter-A,1,0.25
Adeline_37,encore3061,iter-A,1,0.25
Adeline_37,encore3063,iter-A,1,0.25
Adeline_38,au revoir3035,iter-A,1,0.25
Adeline_38,au revoir3036,iter-A,1,0.25
Adeline_38,bisou3040,iter-A,1,0.25
Adeline_38,bisou3041,iter-A,1,0.25
Adeline_38,chapeau3043,iter-A,1,0.25
Adeline_38,chapeau3044,iter-A,1,0.25
Adeline_38,chapeau3047,iter-A,1,0.25
Adeline_38,chapeau3049,iter-A,1,0.25
Adeline_38,coucou2604,iter-A,1,0.25
Adeline_38,coucou2605,iter-A,1,0.25
Adeline_38,encore3057,iter-A,1,0.25
Adeline_38,encore3061,iter-A,1,0.25
Adeline_39,coucou2603,iter-A,1,0.25
Adeline_39,coucou2607,iter-A,1,0.25
Adeline_39,coucou2608,iter-A,1,0.25
Adeline_39,encore1956,iter-A,1,0.25
Adeline_39,encore3057,iter-A,1,0.25
Adeline_39,encore3062,iter-A,1,0.25
Adeline_4,au revoir3033,iter-A,1,0.25
Adeline_4,bisou3042,iter-A,1,0.25
Adeline_4,chapeau3045,iter-A,1,0.25
Adeline_4,encore3053,iter-A,1,0.25
Adeline_4,encore3054,iter-A,1,0.25
Adeline_4,encore3057,iter-A,1,0.25
Adeline_4,encore3058,iter-A,1,0.25
Adeline_4,encore3061,iter-A,1,0.25
Adeline_4,encore3063,iter-A,1,0.25
Adeline_4,encore3064,iter-A,1,0.25
Adeline_4,voiture3071,iter-A,1,0.25
Adeline_40,au revoir3032,iter-A,1,0.25
Adeline_40,bisou3038,iter-A,1,0.25
Adeline_40,chapeau3045,iter-A,1,0.25
Adeline_40,chapeau3048,iter-A,1,0.25
Adeline_40,chapeau3050,iter-A,1,0.25
Adeline_40,coucou2604,iter-A,1,0.25
Adeline_40,coucou2605,iter-A,1,0.25
Adeline_40,coucou2606,iter-A,1,0.25
Adeline_40,coucou2607,iter-A,1,0.25
Adeline_40,coucou2608,iter-A,1,0.25
Adeline_40,coucou3052,iter-A,1,0.25
Adeline_40,encore3055,iter-A,1,0.25
Adeline_40,encore3058,iter-A,1,0.25
Adeline_40,encore3063,iter-A,1,0.25
Adeline_40,voiture3070,iter-A,1,0.25
Adeline_40,voiture3071,iter-A,1,0.25
Adeline_41,au revoir3033,iter-A,1,0.25
Adeline_41,au revoir3035,iter-A,1,0.25
Adeline_41,chapeau3046,iter-A,1,0.25
Adeline_41,chapeau3051,iter-A,1,0.25
Adeline_41,coucou3052,iter-A,1,0.25
Adeline_41,encore3053,iter-A,1,0.25
Adeline_41,encore3054,iter-A,1,0.25
Adeline_41,encore3055,iter-A,1,0.25
Adeline_41,encore3058,iter-A,1,0.25
Adeline_41,parti3067,iter-A,1,0.25
Adeline_42,au revoir3031,iter-A,1,0.25
Adeline_42,au revoir3032,iter-A,1,0.25
Adeline_42,bisou3038,iter-A,1,0.25
Adeline_42,bisou3039,iter-A,1,0.25
Adeline_42,bisou3041,iter-A,1,0.25
Adeline_42,chapeau3047,iter-A,1,0.25
Adeline_42,chapeau3050,iter-A,1,0.25
Adeline_42,coucou3052,iter-A,1,0.25
Adeline_42,encore3054,iter-A,1,0.25
Adeline_42,encore3055,iter-A,1,0.25
Adeline_42,encore3057,iter-A,1,0.25
Adeline_42,encore3063,iter-A,1,0.25
Adeline_42,encore3064,iter-A,1,0.25
Adeline_42,voilà3069,iter-A,1,0.25
Adeline_43,au revoir3035,iter-A,1,0.25
Adeline_43,au revoir3036,iter-A,1,0.25
Adeline_43,bisou3038,iter-A,1,0.25
Adeline_43,bisou3040,iter-A,1,0.25
Adeline_43,bisou3042,iter-A,1,0.25
Adeline_43,chapeau3049,iter-A,1,0.25
Adeline_43,chapeau3051,iter-A,1,0.25
Adeline_43,coucou3052,iter-A,1,0.25
Adeline_43,encore3053,iter-A,1,0.25
Adeline_43,encore3057,iter-A,1,0.25
Adeline_43,encore3064,iter-A,1,0.25
Adeline_43,parti3067,iter-A,1,0.25
Adeline_44,au revoir3035,iter-A,1,0.25
Adeline_44,chapeau3044,iter-A,1,0.25
Adeline_44,chapeau3050,iter-A,1,0.25
Adeline_44,chapeau3051,iter-A,1,0.25
Adeline_44,encore3058,iter-A,1,0.25
Adeline_44,encore3061,iter-A,1,0.25
Adeline_44,encore3062,iter-A,1,0.25
Adeline_44,encore3064,iter-A,1,0.25
Adeline_44,vachou3068,iter-A,1,0.25
Adeline_44,voiture3070,iter-A,1,0.25
Adeline_44,voiture3071,iter-A,1,0.25
Adeline_45,au revoir3037,iter-A,1,0.25
Adeline_45,bisou3041,iter-A,1,0.25
Adeline_45,bisou3042,iter-A,1,0.25
Adeline_45,bobo3131,iter-A,1,0.25
Adeline_45,bobo3132,iter-A,1,0.25
Adeline_45,chapeau3044,iter-A,1,0.25
Adeline_45,chapeau3046,iter-A,1,0.25
Adeline_45,chapeau3049,iter-A,1,0.25
Adeline_45,chapeau3050,iter-A,1,0.25
Adeline_45,coucou3052,iter-A,1,0.25
Adeline_45,parti3067,iter-A,1,0.25
Adeline_45,voiture3070,iter-A,1,0.25
Adeline_46,au revoir3031,iter-A,1,0.25
Adeline_46,au revoir3035,iter-A,1,0.25
Adeline_46,au revoir3036,iter-A,1,0.25
Adeline_46,bisou3038,iter-A,1,0.25
Adeline_46,bisou3040,iter-A,1,0.25
Adeline_46,chapeau3043,iter-A,1,0.25
Adeline_46,chapeau3049,iter-A,1,0.25
Adeline_46,chapeau3050,iter-A,1,0.25
Adeline_46,chapeau3051,iter-A,1,0.25
Adeline_46,encore3059,iter-A,1,0.25
Adeline_46,encore3062,iter-A,1,0.25
Adeline_46,voiture3070,iter-A,1,0.25
Adeline_46,voiture3071,iter-A,1,0.25
Adeline_48,coucou2605,iter-A,1,0.25
Adeline_48,coucou2609,iter-A,1,0.25
Adeline_48,encore3054,iter-A,1,0.25
Adeline_48,encore3055,iter-A,1,0.25
Adeline_48,encore3059,iter-A,1,0.25
Adeline_48,encore3062,iter-A,1,0.25
Adeline_48,encore3064,iter-A,1,0.25
Adeline_49,au revoir3033,iter-A,1,0.25
Adeline_49,au revoir3036,iter-A,1,0.25
Adeline_49,au revoir3037,iter-A,1,0.25
Adeline_49,bisou3041,iter-A,1,0.25
Adeline_49,chapeau3046,iter-A,1,0.25
Adeline_49,chapeau3047,iter-A,1,0.25
Adeline_49,coucou3052,iter-A,1,0.25
Adeline_49,encore3053,iter-A,1,0.25
Adeline_49,encore3061,iter-A,1,0.25
Adeline_49,encore3062,iter-A,1,0.25
Adeline_49,encore3064,iter-A,1,0.25
Adeline_49,vachou3068,iter-A,1,0.25
Adeline_49,voiture3071,iter-A,1,0.25
Adeline_5,au revoir3035,iter-A,1,0.25
Adeline_5,bisou3040,iter-A,1,0.25
Adeline_5,chapeau3045,iter-A,1,0.25
Adeline_5,chapeau3047,iter-A,1,0.25
Adeline_5,encore3054,iter-A,1,0.25
Adeline_5,encore3057,iter-A,1,0.25
Adeline_5,encore3058,iter-A,1,0.25
Adeline_5,encore3060,iter-A,1,0.25
Adeline_5,encore3062,iter-A,1,0.25
Adeline_5,parti3067,iter-A,1,0.25
Adeline_5,vachou3068,iter-A,1,0.25
Adeline_5,voilà3069,iter-A,1,0.25
Adeline_50,au revoir3033,iter-A,1,0.25
Adeline_50,au revoir3036,iter-A,1,0.25
Adeline_50,bisou3038,iter-A,1,0.25
Adeline_50,bisou3040,iter-A,1,0.25
Adeline_50,bisou3041,iter-A,1,0.25
Adeline_50,bisou3042,iter-A,1,0.25
Adeline_50,chapeau3044,iter-A,1,0.25
Adeline_50,coucou2604,iter-A,1,0.25
Adeline_50,encore3054,iter-A,1,0.25
Adeline_50,encore3057,iter-A,1,0.25
Adeline_50,encore3061,iter-A,1,0.25
Adeline_50,parti3067,iter-A,1,0.25
Adeline_50,voiture3070,iter-A,1,0.25
Adeline_51,au revoir3037,iter-A,1,0.25
Adeline_51,bisou3038,iter-A,1,0.25
Adeline_51,bisou3040,iter-A,1,0.25
Adeline_51,bisou3041,iter-A,1,0.25
Adeline_51,chapeau3045,iter-A,1,0.25
Adeline_51,chapeau3051,iter-A,1,0.25
Adeline_51,coucou2605,iter-A,1,0.25
Adeline_51,coucou2606,iter-A,1,0.25
Adeline_51,coucou3052,iter-A,1,0.25
Adeline_51,encore3056,iter-A,1,0.25
Adeline_51,encore3057,iter-A,1,0.25
Adeline_51,encore3060,iter-A,1,0.25
Adeline_51,voiture3071,iter-A,1,0.25
Adeline_52,coucou2607,iter-A,1,0.25
Adeline_52,encore3055,iter-A,1,0.25
Adeline_52,encore3056,iter-A,1,0.25
Adeline_52,encore3062,iter-A,1,0.25
Adeline_52,encore3063,iter-A,1,0.25
Adeline_53,au revoir3031,iter-A,1,0.25
Adeline_53,au revoir3032,iter-A,1,0.25
Adeline_53,au revoir3033,iter-A,1,0.25
Adeline_53,au revoir3036,iter-A,1,0.25
Adeline_53,au revoir3037,iter-A,1,0.25
Adeline_53,chapeau3046,iter-A,1,0.25
Adeline_53,encore3053,iter-A,1,0.25
Adeline_53,encore3059,iter-A,1,0.25
Adeline_53,encore3060,iter-A,1,0.25
Adeline_53,encore3061,iter-A,1,0.25
Adeline_53,encore3063,iter-A,1,0.25
Adeline_53,parti3067,iter-A,1,0.25
Adeline_55,bobo3130,iter-A,1,0.25
Adeline_55,papa3135,iter-A,1,0.25
Adeline_56,au revoir3031,iter-A,1,0.25
Adeline_56,au revoir3033,iter-A,1,0.25
Adeline_56,bisou3038,iter-A,1,0.25
Adeline_56,bisou3042,iter-A,1,0.25
Adeline_56,chapeau3046,iter-A,1,0.25
Adeline_56,chapeau3047,iter-A,1,0.25
Adeline_56,coucou2607,iter-A,1,0.25
Adeline_56,encore3056,iter-A,1,0.25
Adeline_56,encore3060,iter-A,1,0.25
Adeline_56,voiture3070,iter-A,1,0.25
Adeline_56,voiture3071,iter-A,1,0.25
Adeline_57,coucou2606,iter-A,1,0.25
Adeline_57,coucou2609,iter-A,1,0.25
Adeline_57,encore3053,iter-A,1,0.25
Adeline_57,encore3054,iter-A,1,0.25
Adeline_57,encore3059,iter-A,1,0.25
Adeline_57,encore3061,iter-A,1,0.25
Adeline_6,au revoir3032,iter-A,1,0.25
Adeline_6,au revoir3035,iter-A,1,0.25
Adeline_6,au revoir3036,iter-A,1,0.25
Adeline_6,bisou3039,iter-A,1,0.25
Adeline_6,bisou3041,iter-A,1,0.25
Adeline_6,chapeau3046,iter-A,1,0.25
Adeline_6,chapeau3047,iter-A,1,0.25
Adeline_6,chapeau3048,iter-A,1,0.25
Adeline_6,chapeau3050,iter-A,1,0.25
Adeline_6,encore3053,iter-A,1,0.25
Adeline_6,encore3060,iter-A,1,0.25
Adeline_6,encore3061,iter-A,1,0.25
Adeline_6,papa2615,iter-A,1,0.25
Adeline_6,parti3067,iter-A,1,0.25
Adeline_60,au revoir3035,iter-A,1,0.25
Adeline_60,bisou3038,iter-A,1,0.25
Adeline_60,bisou3040,iter-A,1,0.25
Adeline_60,bisou3041,iter-A,1,0.25
Adeline_60,chapeau3043,iter-A,1,0.25
Adeline_60,chapeau3051,iter-A,1,0.25
Adeline_60,encore3058,iter-A,1,0.25
Adeline_60,encore3059,iter-A,1,0.25
Adeline_60,encore3062,iter-A,1,0.25
Adeline_60,vachou3068,iter-A,1,0.25
Adeline_61,au revoir3032,iter-A,1,0.25
Adeline_61,au revoir3034,iter-A,1,0.25
Adeline_61,bisou3038,iter-A,1,0.25
Adeline_61,chapeau3045,iter-A,1,0.25
Adeline_61,coucou3052,iter-A,1,0.25
Adeline_61,encore3056,iter-A,1,0.25
Adeline_61,encore3057,iter-A,1,0.25
Adeline_61,encore3060,iter-A,1,0.25
Adeline_61,encore3062,iter-A,1,0.25
Adeline_61,voiture3070,iter-A,1,0.25
Adeline_62,chapeau3044,iter-A,1,0.25
Adeline_62,chapeau3050,iter-A,1,0.25
Adeline_62,chapeau3051,iter-A,1,0.25
Adeline_62,encore3054,iter-A,1,0.25
Adeline_62,encore3056,iter-A,1,0.25
Adeline_62,encore3057,iter-A,1,0.25
Adeline_62,encore3059,iter-A,1,0.25
Adeline_62,encore3060,iter-A,1,0.25
Adeline_62,encore3061,iter-A,1,0.25
Adeline_62,encore3062,iter-A,1,0.25
Adeline_62,vachou3068,iter-A,1,0.25
Adeline_63,au revoir3036,iter-A,1,0.25
Adeline_63,chapeau3045,iter-A,1,0.25
Adeline_63,chapeau3047,iter-A,1,0.25
Adeline_64,bobo3131,iter-A,1,0.25
Adeline_65,au revoir3033,iter-A,1,0.25
Adeline_65,bisou3038,iter-A,1,0.25
Adeline_65,bisou3039,iter-A,1,0.25
Adeline_65,bisou3040,iter-A,1,0.25
Adeline_65,bisou3042,iter-A,1,0.25
Adeline_65,chapeau3048,iter-A,1,0.25
Adeline_65,chapeau3050,iter-A,1,0.25
Adeline_65,encore3053,iter-A,1,0.25
Adeline_65,encore3063,iter-A,1,0.25
Adeline_65,papa2615,iter-A,1,0.25
Adeline_65,voiture3071,iter-A,1,0.25
Adeline_66,au revoir3035,iter-A,1,0.25
Adeline_66,bisou3039,iter-A,1,0.25
Adeline_66,bisou3041,iter-A,1,0.25
Adeline_66,bisou3042,iter-A,1,0.25
Adeline_66,chapeau3045,iter-A,1,0.25
Adeline_66,coucou2603,iter-A,1,0.25
Adeline_66,coucou2604,iter-A,1,0.25
Adeline_66,coucou2605,iter-A,1,0.25
Adeline_66,coucou2608,iter-A,1,0.25
Adeline_66,encore3056,iter-A,1,0.25
Adeline_66,encore3060,iter-A,1,0.25
Adeline_66,voiture3070,iter-A,1,0.25
Adeline_66,voiture3071,iter-A,1,0.25
Adeline_67,au revoir3031,iter-A,1,0.25
Adeline_67,au revoir3032,iter-A,1,0.25
Adeline_67,au revoir3037,iter-A,1,0.25
Adeline_67,bisou3039,iter-A,1,0.25
Adeline_67,bisou3040,iter-A,1,0.25
Adeline_67,chapeau3043,iter-A,1,0.25
Adeline_67,chapeau3046,iter-A,1,0.25
Adeline_67,chapeau3050,iter-A,1,0.25
Adeline_67,chapeau3051,iter-A,1,0.25
Adeline_67,coucou3052,iter-A,1,0.25
Adeline_67,encore3053,iter-A,1,0.25
Adeline_67,encore3055,iter-A,1,0.25
Adeline_67,encore3056,iter-A,1,0.25
Adeline_68,au revoir3031,iter-A,1,0.25
Adeline_68,au revoir3032,iter-A,1,0.25
Adeline_68,au revoir3036,iter-A,1,0.25
Adeline_68,bisou3040,iter-A,1,0.25
Adeline_68,chapeau3043,iter-A,1,0.25
Adeline_68,chapeau3046,iter-A,1,0.25
Adeline_68,chapeau3048,iter-A,1,0.25
Adeline_68,chapeau3051,iter-A,1,0.25
Adeline_68,encore3053,iter-A,1,0.25
Adeline_68,encore3054,iter-A,1,0.25
Adeline_68,encore3055,iter-A,1,0.25
Adeline_68,encore3057,iter-A,1,0.25
Adeline_68,encore3059,iter-A,1,0.25
Adeline_68,encore3060,iter-A,1,0.25
Adeline_68,papa3135,iter-A,1,0.25
Adeline_68,parti3067,iter-A,1,0.25
Adeline_7,au revoir3031,iter-A,1,0.25
Adeline_7,bisou3041,iter-A,1,0.25
Adeline_7,bisou3042,iter-A,1,0.25
Adeline_7,chapeau3043,iter-A,1,0.25
Adeline_7,chapeau3045,iter-A,1,0.25
Adeline_7,chapeau3051,iter-A,1,0.25
Adeline_7,coucou2608,iter-A,1,0.25
Adeline_7,coucou3052,iter-A,1,0.25
Adeline_7,encore3053,iter-A,1,0.25
Adeline_7,encore3055,iter-A,1,0.25
Adeline_7,encore3058,iter-A,1,0.25
Adeline_7,encore3059,iter-A,1,0.25
Adeline_7,vachou3068,iter-A,1,0.25
Adeline_7,voiture3070,iter-A,1,0.25
Adeline_70,au revoir3032,iter-A,1,0.25
Adeline_70,bisou3039,iter-A,1,0.25
Adeline_70,bisou3040,iter-A,1,0.25
Adeline_70,bisou3042,iter-A,1,0.25
Adeline_70,chapeau3047,iter-A,1,0.25
Adeline_70,coucou2603,iter-A,1,0.25
Adeline_70,encore3056,iter-A,1,0.25
Adeline_70,encore3058,iter-A,1,0.25
Adeline_70,encore3059,iter-A,1,0.25
Adeline_70,encore3060,iter-A,1,0.25
Adeline_70,encore3062,iter-A,1,0.25
Adeline_70,encore3063,iter-A,1,0.25
Adeline_70,vachou3068,iter-A,1,0.25
Adeline_71,coucou2603,iter-A,1,0.25
Adeline_71,coucou2605,iter-A,1,0.25
Adeline_71,coucou2609,iter-A,1,0.25
Adeline_71,encore3055,iter-A,1,0.25
Adeline_71,encore3060,iter-A,1,0.25
Adeline_71,encore3062,iter-A,1,0.25
Adeline_73,coucou2606,iter-A,1,0.25
Adeline_73,coucou2608,iter-A,1,0.25
Adeline_73,coucou3052,iter-A,1,0.25
Adeline_73,encore1956,iter-A,1,0.25
Adeline_73,encore3053,iter-A,1,0.25
Adeline_73,encore3055,iter-A,1,0.25
Adeline_73,encore3063,iter-A,1,0.25
Adeline_73,encore3064,iter-A,1,0.25
Adeline_74,coucou2605,iter-A,1,0.25
Adeline_74,coucou2606,iter-A,1,0.25
Adeline_74,coucou3052,iter-A,1,0.25
Adeline_74,encore3055,iter-A,1,0.25
Adeline_74,encore3056,iter-A,1,0.25
Adeline_74,encore3063,iter-A,1,0.25
Adeline_75,au revoir3032,iter-A,1,0.25
Adeline_75,au revoir3035,iter-A,1,0.25
Adeline_75,au revoir3036,iter-A,1,0.25
Adeline_75,bisou3041,iter-A,1,0.25
Adeline_75,chapeau3047,iter-A,1,0.25
Adeline_75,chapeau3048,iter-A,1,0.25
Adeline_75,chapeau3050,iter-A,1,0.25
Adeline_75,coucou2604,iter-A,1,0.25
Adeline_75,encore3055,iter-A,1,0.25
Adeline_75,encore3059,iter-A,1,0.25
Adeline_75,encore3061,iter-A,1,0.25
Adeline_75,encore3062,iter-A,1,0.25
Adeline_75,parti3067,iter-A,1,0.25
Adeline_76,au revoir3031,iter-A,1,0.25
Adeline_76,au revoir3035,iter-A,1,0.25
Adeline_76,au revoir3036,iter-A,1,0.25
Adeline_76,bisou3039,iter-A,1,0.25
Adeline_76,chapeau3048,iter-A,1,0.25
Adeline_76,chapeau3049,iter-A,1,0.25
Adeline_76,chapeau3051,iter-A,1,0.25
Adeline_76,encore3054,iter-A,1,0.25
Adeline_76,encore3058,iter-A,1,0.25
Adeline_76,vachou3068,iter-A,1,0.25
Adeline_76,voiture3070,iter-A,1,0.25
Adeline_77,au revoir3032,iter-A,1,0.25
Adeline_77,au revoir3035,iter-A,1,0.25
Adeline_77,au revoir3037,iter-A,1,0.25
Adeline_77,bisou3039,iter-A,1,0.25
Adeline_77,bisou3041,iter-A,1,0.25
Adeline_77,chapeau3044,iter-A,1,0.25
Adeline_77,chapeau3049,iter-A,1,0.25
Adeline_77,chapeau3051,iter-A,1,0.25
Adeline_77,coucou2603,iter-A,1,0.25
Adeline_77,coucou2604,iter-A,1,0.25
Adeline_77,coucou2605,iter-A,1,0.25
Adeline_77,coucou2608,iter-A,1,0.25
Adeline_77,coucou3052,iter-A,1,0.25
Adeline_77,encore3054,iter-A,1,0.25
Adeline_77,parti3067,iter-A,1,0.25
Adeline_78,au revoir3031,iter-A,1,0.25
Adeline_78,au revoir3036,iter-A,1,0.25
Adeline_78,bisou3040,iter-A,1,0.25
Adeline_78,bisou3042,iter-A,1,0.25
Adeline_78,chapeau3043,iter-A,1,0.25
Adeline_78,chapeau3044,iter-A,1,0.25
Adeline_78,chapeau3045,iter-A,1,0.25
Adeline_78,chapeau3046,iter-A,1,0.25
Adeline_78,encore3060,iter-A,1,0.25
Adeline_78,encore3062,iter-A,1,0.25
Adeline_78,voiture3070,iter-A,1,0.25
Adeline_78,voiture3071,iter-A,1,0.25
Adeline_79,au revoir3036,iter-A,1,0.25
Adeline_79,au revoir3037,iter-A,1,0.25
Adeline_79,chapeau3044,iter-A,1,0.25
Adeline_79,encore3058,iter-A,1,0.25
Adeline_79,encore3060,iter-A,1,0.25
Adeline_79,encore3062,iter-A,1,0.25
Adeline_79,encore3064,iter-A,1,0.25
Adeline_79,parti3067,iter-A,1,0.25
Adeline_79,vachou3068,iter-A,1,0.25
Adeline_80,coucou2604,iter-A,1,0.25
Adeline_80,encore1956,iter-A,1,0.25
Adeline_80,encore3056,iter-A,1,0.25
Adeline_81,au revoir3034,iter-A,1,0.25
Adeline_81,au revoir3035,iter-A,1,0.25
Adeline_81,chapeau3045,iter-A,1,0.25
Adeline_81,chapeau3046,iter-A,1,0.25
Adeline_81,chapeau3049,iter-A,1,0.25
Adeline_81,chapeau3051,iter-A,1,0.25
Adeline_81,coucou3052,iter-A,1,0.25
Adeline_81,encore3053,iter-A,1,0.25
Adeline_81,encore3054,iter-A,1,0.25
Adeline_81,encore3058,iter-A,1,0.25
Adeline_81,voilà3069,iter-A,1,0.25
Adeline_81,voiture3071,iter-A,1,0.25
Adeline_83,au revoir3036,iter-A,1,0.25
Adeline_83,bisou3042,iter-A,1,0.25
Adeline_83,chapeau3044,iter-A,1,0.25
Adeline_83,chapeau3045,iter-A,1,0.25
Adeline_83,coucou3052,iter-A,1,0.25
Adeline_83,encore3056,iter-A,1,0.25
Adeline_83,encore3057,iter-A,1,0.25
Adeline_83,encore3062,iter-A,1,0.25
Adeline_83,voiture3070,iter-A,1,0.25
Adeline_83,voiture3071,iter-A,1,0.25
Adeline_84,vachou3068,iter-A,1,0.25
Adeline_84,voilà2616,iter-A,1,0.25
Adeline_85,au revoir3031,iter-A,1,0.25
Adeline_85,au revoir3032,iter-A,1,0.25
Adeline_85,au revoir3037,iter-A,1,0.25
Adeline_85,bisou3039,iter-A,1,0.25
Adeline_85,bisou3041,iter-A,1,0.25
Adeline_85,bisou3042,iter-A,1,0.25
Adeline_85,chapeau3043,iter-A,1,0.25
Adeline_85,chapeau3047,iter-A,1,0.25
Adeline_85,chapeau3049,iter-A,1,0.25
Adeline_85,coucou2603,iter-A,1,0.25
Adeline_85,coucou2607,iter-A,1,0.25
Adeline_85,coucou3052,iter-A,1,0.25
Adeline_85,encore3054,iter-A,1,0.25
Adeline_85,encore3055,iter-A,1,0.25
Adeline_85,encore3058,iter-A,1,0.25
Adeline_86,au revoir3031,iter-A,1,0.25
Adeline_86,au revoir3035,iter-A,1,0.25
Adeline_86,au revoir3036,iter-A,1,0.25
Adeline_86,bisou3038,iter-A,1,0.25
Adeline_86,bisou3039,iter-A,1,0.25
Adeline_86,chapeau3044,iter-A,1,0.25
Adeline_86,coucou3052,iter-A,1,0.25
Adeline_86,encore3053,iter-A,1,0.25
Adeline_86,encore3057,iter-A,1,0.25
Adeline_86,vachou3068,iter-A,1,0.25
Adeline_87,au revoir3031,iter-A,1,0.25
Adeline_87,bisou3038,iter-A,1,0.25
Adeline_87,bisou3039,iter-A,1,0.25
Adeline_87,bisou3041,iter-A,1,0.25
Adeline_87,bisou3042,iter-A,1,0.25
Adeline_87,chapeau3044,iter-A,1,0.25
Adeline_87,chapeau3050,iter-A,1,0.25
Adeline_87,encore3053,iter-A,1,0.25
Adeline_87,encore3054,iter-A,1,0.25
Adeline_87,encore3055,iter-A,1,0.25
Adeline_87,encore3058,iter-A,1,0.25
Adeline_87,encore3062,iter-A,1,0.25
Adeline_87,parti3067,iter-A,1,0.25
Adeline_87,vachou3068,iter-A,1,0.25
Adeline_87,voilà3069,iter-A,1,0.25
Adeline_87,voiture3070,iter-A,1,0.25
Adeline_88,au revoir3031,iter-A,1,0.25
Adeline_88,au revoir3032,iter-A,1,0.25
Adeline_88,au revoir3036,iter-A,1,0.25
Adeline_88,bisou3038,iter-A,1,0.25
Adeline_88,bisou3040,iter-A,1,0.25
Adeline_88,chapeau3044,iter-A,1,0.25
Adeline_88,coucou3052,iter-A,1,0.25
Adeline_88,encore3054,iter-A,1,0.25
Adeline_88,encore3056,iter-A,1,0.25
Adeline_88,vachou3068,iter-A,1,0.25
Adeline_88,voilà3069,iter-A,1,0.25
Adeline_88,voiture3071,iter-A,1,0.25
Adeline_89,au revoir3031,iter-A,1,0.25
Adeline_89,bisou3038,iter-A,1,0.25
Adeline_89,bisou3039,iter-A,1,0.25
Adeline_89,chapeau3045,iter-A,1,0.25
Adeline_89,chapeau3049,iter-A,1,0.25
Adeline_89,chapeau3051,iter-A,1,0.25
Adeline_89,coucou3052,iter-A,1,0.25
Adeline_89,encore3059,iter-A,1,0.25
Adeline_89,encore3062,iter-A,1,0.25
Adeline_89,encore3064,iter-A,1,0.25
Adeline_89,papa2614,iter-A,1,0.25
Adeline_89,papa2615,iter-A,1,0.25
Adeline_89,parti3067,iter-A,1,0.25
Adeline_89,vachou3068,iter-A,1,0.25
Adeline_9,au revoir3032,iter-A,1,0.25
Adeline_9,chapeau3043,iter-A,1,0.25
Adeline_9,chapeau3045,iter-A,1,0.25
Adeline_9,chapeau3046,iter-A,1,0.25
Adeline_9,chapeau3048,iter-A,1,0.25
Adeline_9,chapeau3050,iter-A,1,0.25
Adeline_9,encore3057,iter-A,1,0.25
Adeline_9,encore3058,iter-A,1,0.25
Adeline_9,encore3064,iter-A,1,0.25
Adeline_9,voiture3071,iter-A,1,0.25
Adeline_90,au revoir3032,iter-A,1,0.25
Adeline_90,au revoir3035,iter-A,1,0.25
Adeline_90,au revoir3037,iter-A,1,0.25
Adeline_90,bisou3038,iter-A,1,0.25
Adeline_90,bisou3039,iter-A,1,0.25
Adeline_90,bisou3041,iter-A,1,0.25
Adeline_90,chapeau3046,iter-A,1,0.25
Adeline_90,chapeau3048,iter-A,1,0.25
Adeline_90,chapeau3050,iter-A,1,0.25
Adeline_90,chapeau3051,iter-A,1,0.25
Adeline_90,encore3054,iter-A,1,0.25
Adeline_90,encore3055,iter-A,1,0.25
Adeline_90,encore3056,iter-A,1,0.25
Adeline_90,encore3057,iter-A,1,0.25
Adeline_90,encore3058,iter-A,1,0.25
Adeline_90,encore3061,iter-A,1,0.25
Adeline_90,encore3062,iter-A,1,0.25
Adeline_91,au revoir3032,iter-A,1,0.25
Adeline_91,bisou3038,iter-A,1,0.25
Adeline_91,bisou3040,iter-A,1,0.25
Adeline_91,bisou3042,iter-A,1,0.25
Adeline_91,chapeau3047,iter-A,1,0.25
Adeline_91,chapeau3050,iter-A,1,0.25
Adeline_91,coucou3052,iter-A,1,0.25
Adeline_91,encore3055,iter-A,1,0.25
Adeline_91,encore3056,iter-A,1,0.25
Adeline_91,encore3057,iter-A,1,0.25
Adeline_91,encore3062,iter-A,1,0.25
Adeline_91,encore3064,iter-A,1,0.25
Adeline_91,voiture3071,iter-A,1,0.25
Adeline_92,au revoir3036,iter-A,1,0.25
Adeline_92,bobo3131,iter-A,1,0.25
Adeline_92,chapeau3044,iter-A,1,0.25
Adeline_92,chapeau3048,iter-A,1,0.25
Adeline_93,papa3135,iter-A,1,0.25
Adeline_94,au revoir3036,iter-A,1,0.25
Adeline_94,au revoir3037,iter-A,1,0.25
Adeline_94,chapeau3043,iter-A,1,0.25
Adeline_94,chapeau3045,iter-A,1,0.25
Adeline_94,chapeau3047,iter-A,1,0.25
Adeline_94,chapeau3050,iter-A,1,0.25
Adeline_94,coucou2606,iter-A,1,0.25
Adeline_94,encore3058,iter-A,1,0.25
Adeline_94,encore3061,iter-A,1,0.25
Adeline_94,vachou3068,iter-A,1,0.25
Adeline_94,voiture3070,iter-A,1,0.25
Adeline_94,voiture3071,iter-A,1,0.25
Adeline_95,coucou2604,iter-A,1,0.25
Adeline_95,coucou2607,iter-A,1,0.25
Adeline_95,coucou2608,iter-A,1,0.25
Adeline_95,encore3062,iter-A,1,0.25
Adeline_95,encore3063,iter-A,1,0.25
Adeline_95,encore3064,iter-A,1,0.25
Adeline_96,au revoir3033,iter-A,1,0.25
Adeline_96,bobo3131,iter-A,1,0.25
Adeline_96,bobo3132,iter-A,1,0.25
Adeline_96,chapeau3045,iter-A,1,0.25
Adeline_96,chapeau3048,iter-A,1,0.25
Adeline_97,bisou3038,iter-A,1,0.25
Adeline_97,chapeau3047,iter-A,1,0.25
Adeline_97,chapeau3048,iter-A,1,0.25
Adeline_97,chapeau3050,iter-A,1,0.25
Adeline_97,chapeau3051,iter-A,1,0.25
Adeline_97,encore3058,iter-A,1,0.25
Adeline_97,encore3060,iter-A,1,0.25
Adeline_97,encore3061,iter-A,1,0.25
Adeline_97,encore3064,iter-A,1,0.25
Adeline_98,au revoir3033,iter-A,1,0.25
Adeline_98,au revoir3035,iter-A,1,0.25
Adeline_98,chapeau3045,iter-A,1,0.25
Adeline_98,chapeau3046,iter-A,1,0.25
Adeline_98,coucou3052,iter-A,1,0.25
Adeline_98,encore3053,iter-A,1,0.25
Adeline_98,encore3055,iter-A,1,0.25
Adeline_98,encore3058,iter-A,1,0.25
Adeline_98,encore3062,iter-A,1,0.25
Adeline_98,vachou3068,iter-A,1,0.25
Adeline_99,au revoir3031,iter-A,1,0.25
Adeline_99,au revoir3032,iter-A,1,0.25
Adeline_99,au revoir3034,iter-A,1,0.25
Adeline_99,au revoir3036,iter-A,1,0.25
Adeline_99,bisou3038,iter-A,1,0.25
Adeline_99,chapeau3043,iter-A,1,0.25
Adeline_99,chapeau3047,iter-A,1,0.25
Adeline_99,chapeau3049,iter-A,1,0.25
Adeline_99,coucou3052,iter-A,1,0.25
Adeline_99,encore3055,iter-A,1,0.25
Adeline_99,encore3057,iter-A,1,0.25
Adeline_99,encore3059,iter-A,1,0.25
Adeline_99,voiture3071,iter-A,1,0.25
Afan_1,ajao2692,iter-A,1,0.25
Afan_1,baba2698,iter-A,1,0.25
Afan_1,na/ nahin1883,iter-A,1,0.25
Afan_1,na/ nahin1884,iter-A,1,0.25
Afan_1,na/ nahin1885,iter-A,1,0.25
Afan_1,na/ nahin1887,iter-A,1,0.25
Afan_10,baba2697,iter-A,1,0.25
Afan_10,baba2698,iter-A,1,0.25
Afan_10,dawaye1889,iter-A,1,0.25
Afan_10,dawaye1891,iter-A,1,0.25
Afan_10,mama1880,iter-A,1,0.25
Afan_10,na/ nahin1882,iter-A,1,0.25
Afan_10,na/ nahin1883,iter-A,1,0.25
Afan_10,na/ nahin1886,iter-A,1,0.25
Afan_10,na/ nahin1887,iter-A,1,0.25
Afan_100,mama3353,iter-A,1,0.25
Afan_100,mama3354,iter-A,1,0.25
Afan_100,mama3356,iter-A,1,0.25
Afan_11,baba2694,iter-A,1,0.25
Afan_11,baba2697,iter-A,1,0.25
Afan_11,dawaye1889,iter-A,1,0.25
Afan_11,idhar1888,iter-A,1,0.25
Afan_11,mama1879,iter-A,1,0.25
Afan_11,na/ nahin1881,iter-A,1,0.25
Afan_11,na/ nahin1883,iter-A,1,0.25
Afan_11,na/ nahin1887,iter-A,1,0.25
Afan_12,AUNTI2942,iter-A,1,0.25
Afan_12,chunti2384,iter-A,1,0.25
Afan_12,chunti2386,iter-A,1,0.25
Afan_13,baba2694,iter-A,1,0.25
Afan_13,baba2696,iter-A,1,0.25
Afan_13,na/ nahin1883,iter-A,1,0.25
Afan_13,na/ nahin1886,iter-A,1,0.25
Afan_13,na/ nahin1887,iter-A,1,0.25
Afan_13,pani2388,iter-A,1,0.25
Afan_13,yay hai1892,iter-A,1,0.25
Afan_14,ajao2692,iter-A,1,0.25
Afan_14,baba2694,iter-A,1,0.25
Afan_14,baba2696,iter-A,1,0.25
Afan_14,na/ nahin1882,iter-A,1,0.25
Afan_14,na/ nahin1883,iter-A,1,0.25
Afan_14,na/ nahin1887,iter-A,1,0.25
Afan_16,dawaye1891,iter-A,1,0.25
Afan_16,mama1879,iter-A,1,0.25
Afan_16,mama1880,iter-A,1,0.25
Afan_16,na/ nahin1882,iter-A,1,0.25
Afan_16,na/ nahin1884,iter-A,1,0.25
Afan_16,na/ nahin1887,iter-A,1,0.25
Afan_17,ajao2692,iter-A,1,0.25
Afan_17,baba2693,iter-A,1,0.25
Afan_17,baba2694,iter-A,1,0.25
Afan_17,baba2697,iter-A,1,0.25
Afan_17,baba2698,iter-A,1,0.25
Afan_17,dawaye1890,iter-A,1,0.25
Afan_17,mama1879,iter-A,1,0.25
Afan_18,chunti2384,iter-A,1,0.25
Afan_20,ganda3361,iter-A,1,0.25
Afan_21,Bazil3358,iter-A,1,0.25
Afan_21,Durrain3359,iter-A,1,0.25
Afan_21,idhar3558,iter-A,1,0.25
Afan_22,AUNTI2942,iter-A,1,0.25
Afan_22,UNCLE2947,iter-A,1,0.25
Afan_23,baba2695,iter-A,1,0.25
Afan_23,baba2696,iter-A,1,0.25
Afan_23,baba2698,iter-A,1,0.25
Afan_23,dawaye1889,iter-A,1,0.25
Afan_23,idhar1888,iter-A,1,0.25
Afan_23,mama1879,iter-A,1,0.25
Afan_23,na/ nahin1881,iter-A,1,0.25
Afan_23,na/ nahin1883,iter-A,1,0.25
Afan_23,na/ nahin1884,iter-A,1,0.25
Afan_25,baba2697,iter-A,1,0.25
Afan_25,baba2698,iter-A,1,0.25
Afan_25,dawaye1889,iter-A,1,0.25
Afan_25,mama1879,iter-A,1,0.25
Afan_25,na/ nahin1884,iter-A,1,0.25
Afan_26,UNCLE2945,iter-A,1,0.25
Afan_26,UNCLE2946,iter-A,1,0.25
Afan_26,UNCLE2948,iter-A,1,0.25
Afan_26,UNCLE2949,iter-A,1,0.25
Afan_26,UNCLE2950,iter-A,1,0.25
Afan_26,UNCLE2951,iter-A,1,0.25
Afan_26,anda2944,iter-A,1,0.25
Afan_29,ajao2692,iter-A,1,0.25
Afan_29,baba2697,iter-A,1,0.25
Afan_29,baba2698,iter-A,1,0.25
Afan_29,dawaye1891,iter-A,1,0.25
Afan_29,idhar1888,iter-A,1,0.25
Afan_29,mama1880,iter-A,1,0.25
Afan_29,na/ nahin1885,iter-A,1,0.25
Afan_29,na/ nahin1887,iter-A,1,0.25
Afan_29,yay hai1892,iter-A,1,0.25
Afan_3,baba2696,iter-A,1,0.25
Afan_3,baba2698,iter-A,1,0.25
Afan_3,dawaye1890,iter-A,1,0.25
Afan_3,mama1879,iter-A,1,0.25
Afan_3,na/ nahin1884,iter-A,1,0.25
Afan_3,yay hai1892,iter-A,1,0.25
Afan_30,chunti2385,iter-A,1,0.25
Afan_31,mama3349,iter-A,1,0.25
Afan_31,mama3352,iter-A,1,0.25
Afan_31,mama3356,iter-A,1,0.25
Afan_33,baba2693,iter-A,1,0.25
Afan_33,baba2698,iter-A,1,0.25
Afan_33,dawaye1891,iter-A,1,0.25
Afan_33,mama1880,iter-A,1,0.25
Afan_33,na/ nahin1881,iter-A,1,0.25
Afan_33,na/ nahin1882,iter-A,1,0.25
Afan_33,na/ nahin1883,iter-A,1,0.25
Afan_33,pani2388,iter-A,1,0.25
Afan_34,ajao2692,iter-A,1,0.25
Afan_34,baba2697,iter-A,1,0.25
Afan_34,idhar1888,iter-A,1,0.25
Afan_34,mama1879,iter-A,1,0.25
Afan_34,mama1880,iter-A,1,0.25
Afan_34,na/ nahin1881,iter-A,1,0.25
Afan_34,na/ nahin1885,iter-A,1,0.25
Afan_36,AUNTI2942,iter-A,1,0.25
Afan_36,UNCLE2946,iter-A,1,0.25
Afan_36,UNCLE2950,iter-A,1,0.25
Afan_36,anda2944,iter-A,1,0.25
Afan_37,ajao2692,iter-A,1,0.25
Afan_37,baba2696,iter-A,1,0.25
Afan_37,baba2698,iter-A,1,0.25
Afan_37,dawaye1891,iter-A,1,0.25
Afan_37,idhar1888,iter-A,1,0.25
Afan_37,na/ nahin1882,iter-A,1,0.25
Afan_37,na/ nahin1883,iter-A,1,0.25
Afan_37,na/ nahin1885,iter-A,1,0.25
Afan_37,na/ nahin1886,iter-A,1,0.25
Afan_38,pani3363,iter-A,1,0.25
Afan_4,dawaye1889,iter-A,1,0.25
Afan_4,idhar1888,iter-A,1,0.25
Afan_4,na/ nahin1881,iter-A,1,0.25
Afan_4,na/ nahin1882,iter-A,1,0.25
Afan_4,na/ nahin1884,iter-A,1,0.25
Afan_4,na/ nahin1887,iter-A,1,0.25
Afan_40,AUNTI2942,iter-A,1,0.25
Afan_40,UNCLE2947,iter-A,1,0.25
Afan_40,UNCLE2950,iter-A,1,0.25
Afan_40,UNCLE2951,iter-A,1,0.25
Afan_41,pani2388,iter-A,1,0.25
Afan_42,UNCLE2947,iter-A,1,0.25
Afan_42,UNCLE2948,iter-A,1,0.25
Afan_42,anda2944,iter-A,1,0.25
Afan_43,mama3354,iter-A,1,0.25
Afan_44,baba2694,iter-A,1,0.25
Afan_44,baba2695,iter-A,1,0.25
Afan_44,baba2698,iter-A,1,0.25
Afan_44,dawaye1889,iter-A,1,0.25
Afan_44,dawaye1890,iter-A,1,0.25
Afan_44,idhar1888,iter-A,1,0.25
Afan_44,mama1879,iter-A,1,0.25
Afan_44,na/ nahin1883,iter-A,1,0.25
Afan_45,baba2694,iter-A,1,0.25
Afan_45,baba2695,iter-A,1,0.25
Afan_45,baba2698,iter-A,1,0.25
Afan_45,dawaye1889,iter-A,1,0.25
Afan_45,na/ nahin1884,iter-A,1,0.25
Afan_45,yay hai1892,iter-A,1,0.25
Afan_46,mama3350,iter-A,1,0.25
Afan_46,mama3351,iter-A,1,0.25
Afan_47,UNCLE2945,iter-A,1,0.25
Afan_47,UNCLE2947,iter-A,1,0.25
Afan_47,UNCLE2949,iter-A,1,0.25
Afan_47,anda2943,iter-A,1,0.25
Afan_47,anda2944,iter-A,1,0.25
Afan_48,chunti2384,iter-A,1,0.25
Afan_49,ajao2692,iter-A,1,0.25
Afan_49,baba2693,iter-A,1,0.25
Afan_49,baba2696,iter-A,1,0.25
Afan_49,dawaye1889,iter-A,1,0.25
Afan_49,na/ nahin1884,iter-A,1,0.25
Afan_5,Bazil2382,iter-A,1,0.25
Afan_50,chacha2389,iter-A,1,0.25
Afan_51,baba2697,iter-A,1,0.25
Afan_51,baba2698,iter-A,1,0.25
Afan_51,dawaye1891,iter-A,1,0.25
Afan_51,na/ nahin1881,iter-A,1,0.25
Afan_51,na/ nahin1883,iter-A,1,0.25
Afan_51,na/ nahin1884,iter-A,1,0.25
Afan_52,ajao2692,iter-A,1,0.25
Afan_52,baba2695,iter-A,1,0.25
Afan_52,baba2696,iter-A,1,0.25
Afan_52,dawaye1891,iter-A,1,0.25
Afan_52,yay hai1892,iter-A,1,0.25
Afan_53,AUNTI3556,iter-A,1,0.25
Afan_53,idhar3558,iter-A,1,0.25
Afan_54,mama3349,iter-A,1,0.25
Afan_55,ajao2692,iter-A,1,0.25
Afan_55,baba2696,iter-A,1,0.25
Afan_55,baba2698,iter-A,1,0.25
Afan_55,na/ nahin1881,iter-A,1,0.25
Afan_55,na/ nahin1885,iter-A,1,0.25
Afan_55,na/ nahin1886,iter-A,1,0.25
Afan_55,na/ nahin1887,iter-A,1,0.25
Afan_55,yay hai1892,iter-A,1,0.25
Afan_56,dada3365,iter-A,1,0.25
Afan_57,mama3351,iter-A,1,0.25
Afan_57,mama3353,iter-A,1,0.25
Afan_57,mama3354,iter-A,1,0.25
Afan_57,mama3355,iter-A,1,0.25
Afan_57,mama3356,iter-A,1,0.25
Afan_58,Durrain3359,iter-A,1,0.25
Afan_58,dada3365,iter-A,1,0.25
Afan_58,idhar3558,iter-A,1,0.25
Afan_59,UNCLE2949,iter-A,1,0.25
Afan_59,anda2943,iter-A,1,0.25
Afan_6,mama3349,iter-A,1,0.25
Afan_6,mama3350,iter-A,1,0.25
Afan_6,mama3353,iter-A,1,0.25
Afan_6,mama3354,iter-A,1,0.25
Afan_60,mama3351,iter-A,1,0.25
Afan_60,mama3352,iter-A,1,0.25
Afan_60,mama3353,iter-A,1,0.25
Afan_61,AUNTI2942,iter-A,1,0.25
Afan_61,UNCLE2947,iter-A,1,0.25
Afan_61,UNCLE2950,iter-A,1,0.25
Afan_62,mama3352,iter-A,1,0.25
Afan_63,baba2696,iter-A,1,0.25
Afan_63,na/ nahin1883,iter-A,1,0.25
Afan_63,na/ nahin1884,iter-A,1,0.25
Afan_63,na/ nahin1885,iter-A,1,0.25
Afan_63,yay hai1892,iter-A,1,0.25
Afan_64,baba2696,iter-A,1,0.25
Afan_64,baba2697,iter-A,1,0.25
Afan_64,dawaye1890,iter-A,1,0.25
Afan_64,dawaye1891,iter-A,1,0.25
Afan_64,na/ nahin1882,iter-A,1,0.25
Afan_64,na/ nahin1887,iter-A,1,0.25
Afan_66,baba2695,iter-A,1,0.25
Afan_66,baba2697,iter-A,1,0.25
Afan_66,chacha2389,iter-A,1,0.25
Afan_66,idhar1888,iter-A,1,0.25
Afan_66,mama1880,iter-A,1,0.25
Afan_66,na/ nahin1881,iter-A,1,0.25
Afan_66,na/ nahin1886,iter-A,1,0.25
Afan_67,dada3364,iter-A,1,0.25
Afan_67,dada3365,iter-A,1,0.25
Afan_68,baba2695,iter-A,1,0.25
Afan_68,baba2698,iter-A,1,0.25
Afan_68,dawaye1891,iter-A,1,0.25
Afan_68,na/ nahin1883,iter-A,1,0.25
Afan_7,baba2698,iter-A,1,0.25
Afan_7,dawaye1889,iter-A,1,0.25
Afan_7,dawaye1891,iter-A,1,0.25
Afan_7,idhar1888,iter-A,1,0.25
Afan_70,UNCLE2945,iter-A,1,0.25
Afan_70,UNCLE2946,iter-A,1,0.25
Afan_70,UNCLE2947,iter-A,1,0.25
Afan_70,UNCLE2948,iter-A,1,0.25
Afan_70,UNCLE2950,iter-A,1,0.25
Afan_71,Durrain3360,iter-A,1,0.25
Afan_71,dada3364,iter-A,1,0.25
Afan_71,dada3365,iter-A,1,0.25
Afan_71,idhar3557,iter-A,1,0.25
Afan_72,ajao2692,iter-A,1,0.25
Afan_72,baba2697,iter-A,1,0.25
Afan_72,na/ nahin1882,iter-A,1,0.25
Afan_72,na/ nahin1887,iter-A,1,0.25
Afan_74,dawaye1890,iter-A,1,0.25
Afan_74,dawaye1891,iter-A,1,0.25
Afan_74,idhar1888,iter-A,1,0.25
Afan_74,na/ nahin1881,iter-A,1,0.25
Afan_74,na/ nahin1885,iter-A,1,0.25
Afan_74,na/ nahin1886,iter-A,1,0.25
Afan_75,Bazil3358,iter-A,1,0.25
Afan_76,Bazil3358,iter-A,1,0.25
Afan_76,Durrain3360,iter-A,1,0.25
Afan_76,idhar3557,iter-A,1,0.25
Afan_77,baba2694,iter-A,1,0.25
Afan_77,dawaye1891,iter-A,1,0.25
Afan_77,idhar1888,iter-A,1,0.25
Afan_77,mama1879,iter-A,1,0.25
Afan_77,na/ nahin1887,iter-A,1,0.25
Afan_79,UNCLE2945,iter-A,1,0.25
Afan_79,UNCLE2951,iter-A,1,0.25
Afan_8,mama3353,iter-A,1,0.25
Afan_80,baba2693,iter-A,1,0.25
Afan_80,baba2696,iter-A,1,0.25
Afan_80,baba2698,iter-A,1,0.25
Afan_80,na/ nahin1881,iter-A,1,0.25
Afan_80,na/ nahin1883,iter-A,1,0.25
Afan_80,na/ nahin1884,iter-A,1,0.25
Afan_80,yay hai1892,iter-A,1,0.25
Afan_81,AUNTI2942,iter-A,1,0.25
Afan_81,UNCLE2950,iter-A,1,0.25
Afan_81,anda2943,iter-A,1,0.25
Afan_82,baba2697,iter-A,1,0.25
Afan_82,baba2698,iter-A,1,0.25
Afan_82,idhar1888,iter-A,1,0.25
Afan_82,mama1880,iter-A,1,0.25
Afan_82,na/ nahin1883,iter-A,1,0.25
Afan_82,na/ nahin1886,iter-A,1,0.25
Afan_82,pani2388,iter-A,1,0.25
Afan_83,mama3351,iter-A,1,0.25
Afan_83,mama3352,iter-A,1,0.25
Afan_83,mama3354,iter-A,1,0.25
Afan_83,mama3356,iter-A,1,0.25
Afan_84,ajao2692,iter-A,1,0.25
Afan_84,baba2693,iter-A,1,0.25
Afan_84,baba2695,iter-A,1,0.25
Afan_84,dawaye1890,iter-A,1,0.25
Afan_84,idhar1888,iter-A,1,0.25
Afan_84,na/ nahin1885,iter-A,1,0.25
Afan_84,na/ nahin1886,iter-A,1,0.25
Afan_85,ajao2692,iter-A,1,0.25
Afan_85,baba2695,iter-A,1,0.25
Afan_85,baba2697,iter-A,1,0.25
Afan_86,ajao2692,iter-A,1,0.25
Afan_86,baba2694,iter-A,1,0.25
Afan_86,baba2696,iter-A,1,0.25
Afan_86,dawaye1891,iter-A,1,0.25
Afan_86,mama1879,iter-A,1,0.25
Afan_86,mama1880,iter-A,1,0.25
Afan_86,na/ nahin1882,iter-A,1,0.25
Afan_86,na/ nahin1884,iter-A,1,0.25
Afan_86,na/ nahin1887,iter-A,1,0.25
Afan_87,mama3350,iter-A,1,0.25
Afan_88,baba2694,iter-A,1,0.25
Afan_88,baba2696,iter-A,1,0.25
Afan_88,baba2697,iter-A,1,0.25
Afan_88,idhar1888,iter-A,1,0.25
Afan_88,na/ nahin1881,iter-A,1,0.25
Afan_88,na/ nahin1884,iter-A,1,0.25
Afan_88,na/ nahin1885,iter-A,1,0.25
Afan_88,na/ nahin1887,iter-A,1,0.25
Afan_89,udhar3559,iter-A,1,0.25
Afan_9,ajao2692,iter-A,1,0.25
Afan_9,idhar1888,iter-A,1,0.25
Afan_9,na/ nahin1886,iter-A,1,0.25
Afan_9,yay hai1892,iter-A,1,0.25
Afan_90,mama3353,iter-A,1,0.25
Afan_90,mama3354,iter-A,1,0.25
Afan_90,mama3355,iter-A,1,0.25
Afan_91,mama3354,iter-A,1,0.25
Afan_91,mama3355,iter-A,1,0.25
Afan_92,anda2944,iter-A,1,0.25
Afan_93,na/ nahin1881,iter-A,1,0.25
Afan_93,na/ nahin1885,iter-A,1,0.25
Afan_93,na/ nahin1887,iter-A,1,0.25
Afan_93,yay hai1892,iter-A,1,0.25
Afan_94,ajao2692,iter-A,1,0.25
Afan_94,baba2696,iter-A,1,0.25
Afan_94,idhar1888,iter-A,1,0.25
Afan_94,mama1879,iter-A,1,0.25
Afan_94,na/ nahin1885,iter-A,1,0.25
Afan_95,dawaye1890,iter-A,1,0.25
Afan_95,idhar1888,iter-A,1,0.25
Afan_95,mama1879,iter-A,1,0.25
Afan_95,mama1880,iter-A,1,0.25
Afan_95,na/ nahin1883,iter-A,1,0.25
Afan_95,na/ nahin1884,iter-A,1,0.25
Afan_96,AUNTI2942,iter-A,1,0.25
Afan_96,UNCLE2948,iter-A,1,0.25
Afan_96,anda2943,iter-A,1,0.25
Afan_97,UNCLE2945,iter-A,1,0.25
Afan_97,UNCLE2950,iter-A,1,0.25
Afan_98,UNCLE2950,iter-A,1,0.25
Afan_98,UNCLE2951,iter-A,1,0.25
Afan_99,baba2693,iter-A,1,0.25
Afan_99,baba2696,iter-A,1,0.25
Afan_99,dawaye1890,iter-A,1,0.25
Afan_99,idhar1888,iter-A,1,0.25
Afan_99,na/ nahin1882,iter-A,1,0.25
Afan_99,na/ nahin1885,iter-A,1,0.25
Afan_99,na/ nahin1886,iter-A,1,0.25
Atte_1,Atti3463,iter-A,1,0.25
Atte_1,Atti3468,iter-A,1,0.25
Atte_1,auto2834,iter-A,1,0.25
Atte_1,auto2836,iter-A,1,0.25
Atte_1,auto2837,iter-A,1,0.25
Atte_1,auto2838,iter-A,1,0.25
Atte_1,auto2839,iter-A,1,0.25
Atte_1,auto2841,iter-A,1,0.25
Atte_1,auto2847,iter-A,1,0.25
Atte_1,auto3478,iter-A,1,0.25
Atte_1,isi2851,iter-A,1,0.25
Atte_100,pallo3490,iter-A,1,0.25
Atte_11,ukko3497,iter-A,1,0.25
Atte_12,nalle3488,iter-A,1,0.25
Atte_13,auto2836,iter-A,1,0.25
Atte_13,auto2838,iter-A,1,0.25
Atte_13,auto2845,iter-A,1,0.25
Atte_13,auto2846,iter-A,1,0.25
Atte_13,auto2848,iter-A,1,0.25
Atte_13,auto3472,iter-A,1,0.25
Atte_13,auto3478,iter-A,1,0.25
Atte_13,äiti3447,iter-A,1,0.25
Atte_13,äiti3448,iter-A,1,0.25
Atte_14,ukko3494,iter-A,1,0.25
Atte_14,ukko3495,iter-A,1,0.25
Atte_14,ukko3498,iter-A,1,0.25
Atte_15,Atti3462,iter-A,1,0.25
Atte_15,auto2831,iter-A,1,0.25
Atte_15,auto2838,iter-A,1,0.25
Atte_15,auto2850,iter-A,1,0.25
Atte_15,auto3470,iter-A,1,0.25
Atte_15,auto3479,iter-A,1,0.25
Atte_15,kaksi2132,iter-A,1,0.25
Atte_15,äiti3448,iter-A,1,0.25
Atte_15,äiti3450,iter-A,1,0.25
Atte_15,äiti3453,iter-A,1,0.25
Atte_16,ankka3459,iter-A,1,0.25
Atte_16,auto2829,iter-A,1,0.25
Atte_16,auto2841,iter-A,1,0.25
Atte_16,auto2847,iter-A,1,0.25
Atte_16,auto2850,iter-A,1,0.25
Atte_16,kala2859,iter-A,1,0.25
Atte_17,Atti3461,iter-A,1,0.25
Atte_17,Atti3463,iter-A,1,0.25
Atte_17,Atti3466,iter-A,1,0.25
Atte_17,auto2835,iter-A,1,0.25
Atte_17,auto2838,iter-A,1,0.25
Atte_17,auto2839,iter-A,1,0.25
Atte_17,äiti2828,iter-A,1,0.25
Atte_18,Atti3463,iter-A,1,0.25
Atte_18,Atti3466,iter-A,1,0.25
Atte_18,auto2837,iter-A,1,0.25
Atte_18,auto2844,iter-A,1,0.25
Atte_18,auto2849,iter-A,1,0.25
Atte_18,auto3470,iter-A,1,0.25
Atte_18,auto3472,iter-A,1,0.25
Atte_18,auto3476,iter-A,1,0.25
Atte_18,auto3477,iter-A,1,0.25
Atte_18,auto3478,iter-A,1,0.25
Atte_18,äiti2826,iter-A,1,0.25
Atte_18,äiti3451,iter-A,1,0.25
Atte_18,äiti3453,iter-A,1,0.25
Atte_19,Atti3460,iter-A,1,0.25
Atte_19,Atti3465,iter-A,1,0.25
Atte_19,Atti3466,iter-A,1,0.25
Atte_19,Atti3467,iter-A,1,0.25
Atte_19,auto2829,iter-A,1,0.25
Atte_19,auto2830,iter-A,1,0.25
Atte_19,auto2835,iter-A,1,0.25
Atte_19,auto3476,iter-A,1,0.25
Atte_19,auto3479,iter-A,1,0.25
Atte_19,äiti2826,iter-A,1,0.25
Atte_19,äiti3450,iter-A,1,0.25
Atte_2,Atti3460,iter-A,1,0.25
Atte_2,Atti3464,iter-A,1,0.25
Atte_2,Atti3467,iter-A,1,0.25
Atte_2,ankka3459,iter-A,1,0.25
Atte_2,auto2676,iter-A,1,0.25
Atte_2,auto2836,iter-A,1,0.25
Atte_2,auto2837,iter-A,1,0.25
Atte_2,auto2842,iter-A,1,0.25
Atte_2,auto2845,iter-A,1,0.25
Atte_2,auto3472,iter-A,1,0.25
Atte_2,auto3476,iter-A,1,0.25
Atte_2,auto3478,iter-A,1,0.25
Atte_2,isi2857,iter-A,1,0.25
Atte_2,kala2859,iter-A,1,0.25
Atte_2,äiti2828,iter-A,1,0.25
Atte_2,äiti3448,iter-A,1,0.25
Atte_2,äiti3450,iter-A,1,0.25
Atte_20,Atti3461,iter-A,1,0.25
Atte_20,ankka3459,iter-A,1,0.25
Atte_20,auto2830,iter-A,1,0.25
Atte_20,auto2836,iter-A,1,0.25
Atte_20,auto2839,iter-A,1,0.25
Atte_20,auto2848,iter-A,1,0.25
Atte_20,auto3470,iter-A,1,0.25
Atte_20,auto3478,iter-A,1,0.25
Atte_20,isi2851,iter-A,1,0.25
Atte_20,isi2856,iter-A,1,0.25
Atte_20,äiti2826,iter-A,1,0.25
Atte_20,äiti3452,iter-A,1,0.25
Atte_21,Atti3467,iter-A,1,0.25
Atte_21,auto3475,iter-A,1,0.25
Atte_21,auto3476,iter-A,1,0.25
Atte_21,matto3160,iter-A,1,0.25
Atte_21,matto3161,iter-A,1,0.25
Atte_21,matto3162,iter-A,1,0.25
Atte_21,äiti3447,iter-A,1,0.25
Atte_21,äiti3448,iter-A,1,0.25
Atte_21,äiti3451,iter-A,1,0.25
Atte_21,äiti3452,iter-A,1,0.25
Atte_22,Atti3461,iter-A,1,0.25
Atte_22,Atti3463,iter-A,1,0.25
Atte_22,Atti3464,iter-A,1,0.25
Atte_22,Atti3465,iter-A,1,0.25
Atte_22,auto2840,iter-A,1,0.25
Atte_22,auto2843,iter-A,1,0.25
Atte_22,auto3471,iter-A,1,0.25
Atte_22,auto3472,iter-A,1,0.25
Atte_22,auto3474,iter-A,1,0.25
Atte_22,auto3475,iter-A,1,0.25
Atte_22,auto3479,iter-A,1,0.25
Atte_22,äiti3449,iter-A,1,0.25
Atte_22,äiti3450,iter-A,1,0.25
Atte_23,auto2836,iter-A,1,0.25
Atte_23,auto2838,iter-A,1,0.25
Atte_23,auto2850,iter-A,1,0.25
Atte_23,isi2852,iter-A,1,0.25
Atte_23,kala2859,iter-A,1,0.25
Atte_23,äiti2826,iter-A,1,0.25
Atte_25,auto2676,iter-A,1,0.25
Atte_25,auto2829,iter-A,1,0.25
Atte_25,auto2833,iter-A,1,0.25
Atte_25,auto2835,iter-A,1,0.25
Atte_25,auto2838,iter-A,1,0.25
Atte_25,auto2849,iter-A,1,0.25
Atte_25,isi2852,iter-A,1,0.25
Atte_25,isi2853,iter-A,1,0.25
Atte_25,isi2854,iter-A,1,0.25
Atte_25,äiti2827,iter-A,1,0.25
Atte_26,Atti3460,iter-A,1,0.25
Atte_26,auto2829,iter-A,1,0.25
Atte_26,auto2835,iter-A,1,0.25
Atte_26,auto2837,iter-A,1,0.25
Atte_26,auto2839,iter-A,1,0.25
Atte_26,auto2840,iter-A,1,0.25
Atte_26,auto2844,iter-A,1,0.25
Atte_26,auto3469,iter-A,1,0.25
Atte_26,auto3473,iter-A,1,0.25
Atte_26,auto3474,iter-A,1,0.25
Atte_26,auto3479,iter-A,1,0.25
Atte_26,äiti2827,iter-A,1,0.25
Atte_27,Atti3466,iter-A,1,0.25
Atte_27,auto2836,iter-A,1,0.25
Atte_27,auto2844,iter-A,1,0.25
Atte_27,auto2845,iter-A,1,0.25
Atte_27,auto2848,iter-A,1,0.25
Atte_27,auto2850,iter-A,1,0.25
Atte_27,auto3474,iter-A,1,0.25
Atte_27,matto3161,iter-A,1,0.25
Atte_27,äiti2827,iter-A,1,0.25
Atte_27,äiti3448,iter-A,1,0.25
Atte_27,äiti3449,iter-A,1,0.25
Atte_27,äiti3453,iter-A,1,0.25
Atte_28,Atti3462,iter-A,1,0.25
Atte_28,Atti3464,iter-A,1,0.25
Atte_28,Atti3467,iter-A,1,0.25
Atte_28,auto2831,iter-A,1,0.25
Atte_28,auto2839,iter-A,1,0.25
Atte_28,auto3475,iter-A,1,0.25
Atte_28,matto3160,iter-A,1,0.25
Atte_28,äiti2827,iter-A,1,0.25
Atte_29,auto2836,iter-A,1,0.25
Atte_29,auto2842,iter-A,1,0.25
Atte_29,auto2848,iter-A,1,0.25
Atte_29,isi2853,iter-A,1,0.25
Atte_29,isi2854,iter-A,1,0.25
Atte_29,isi2857,iter-A,1,0.25
Atte_29,äiti2826,iter-A,1,0.25
Atte_29,äiti2827,iter-A,1,0.25
Atte_29,äiti3448,iter-A,1,0.25
Atte_29,äiti3449,iter-A,1,0.25
Atte_29,äiti3450,iter-A,1,0.25
Atte_29,ääni2825,iter-A,1,0.25
Atte_3,Atti3463,iter-A,1,0.25
Atte_3,Atti3467,iter-A,1,0.25
Atte_3,auto2829,iter-A,1,0.25
Atte_3,auto2837,iter-A,1,0.25
Atte_3,auto2839,iter-A,1,0.25
Atte_3,auto2840,iter-A,1,0.25
Atte_3,auto2841,iter-A,1,0.25
Atte_3,auto2844,iter-A,1,0.25
Atte_3,auto2850,iter-A,1,0.25
Atte_3,isi2855,iter-A,1,0.25
Atte_3,isi2856,iter-A,1,0.25
Atte_3,kala2859,iter-A,1,0.25
Atte_30,ukko3498,iter-A,1,0.25
Atte_31,heppa3480,iter-A,1,0.25
Atte_31,pappa3168,iter-A,1,0.25
Atte_32,pappa3168,iter-A,1,0.25
Atte_33,loppu3485,iter-A,1,0.25
Atte_34,Atti3463,iter-A,1,0.25
Atte_34,Atti3467,iter-A,1,0.25
Atte_34,auto2833,iter-A,1,0.25
Atte_34,auto2835,iter-A,1,0.25
Atte_34,auto3471,iter-A,1,0.25
Atte_34,matto3161,iter-A,1,0.25
Atte_34,äiti2826,iter-A,1,0.25
Atte_34,äiti3449,iter-A,1,0.25
Atte_34,äiti3450,iter-A,1,0.25
Atte_34,äiti3452,iter-A,1,0.25
Atte_35,auto2676,iter-A,1,0.25
Atte_35,auto2829,iter-A,1,0.25
Atte_35,auto2831,iter-A,1,0.25
Atte_35,auto2845,iter-A,1,0.25
Atte_35,auto2847,iter-A,1,0.25
Atte_35,auto3473,iter-A,1,0.25
Atte_35,auto3477,iter-A,1,0.25
Atte_35,isi2851,iter-A,1,0.25
Atte_35,isi2854,iter-A,1,0.25
Atte_35,isi2855,iter-A,1,0.25
Atte_35,isi2856,iter-A,1,0.25
Atte_35,äiti3449,iter-A,1,0.25
Atte_35,ääni2825,iter-A,1,0.25
Atte_36,Atti3467,iter-A,1,0.25
Atte_36,Atti3468,iter-A,1,0.25
Atte_36,auto2829,iter-A,1,0.25
Atte_36,auto2844,iter-A,1,0.25
Atte_36,auto2848,iter-A,1,0.25
Atte_36,auto2850,iter-A,1,0.25
Atte_36,auto3473,iter-A,1,0.25
Atte_36,auto3475,iter-A,1,0.25
Atte_36,auto3478,iter-A,1,0.25
Atte_36,isi2852,iter-A,1,0.25
Atte_36,isi2854,iter-A,1,0.25
Atte_36,kaksi2132,iter-A,1,0.25
Atte_37,Minni3166,iter-A,1,0.25
Atte_38,loppu3487,iter-A,1,0.25
Atte_39,Atti3467,iter-A,1,0.25
Atte_39,auto2830,iter-A,1,0.25
Atte_39,auto2833,iter-A,1,0.25
Atte_39,auto2836,iter-A,1,0.25
Atte_39,auto2840,iter-A,1,0.25
Atte_39,auto2841,iter-A,1,0.25
Atte_39,auto2844,iter-A,1,0.25
Atte_39,auto2850,iter-A,1,0.25
Atte_39,auto3470,iter-A,1,0.25
Atte_39,auto3477,iter-A,1,0.25
Atte_39,isi2851,iter-A,1,0.25
Atte_39,isi2853,iter-A,1,0.25
Atte_39,isi2858,iter-A,1,0.25
Atte_39,äiti3448,iter-A,1,0.25
Atte_39,ääni2825,iter-A,1,0.25
Atte_4,Atti3463,iter-A,1,0.25
Atte_4,Atti3464,iter-A,1,0.25
Atte_4,auto2829,iter-A,1,0.25
Atte_4,auto2834,iter-A,1,0.25
Atte_4,auto2835,iter-A,1,0.25
Atte_4,auto2843,iter-A,1,0.25
Atte_4,auto2847,iter-A,1,0.25
Atte_4,auto2848,iter-A,1,0.25
Atte_4,auto2849,iter-A,1,0.25
Atte_4,auto3474,iter-A,1,0.25
Atte_4,auto3476,iter-A,1,0.25
Atte_4,isi2853,iter-A,1,0.25
Atte_4,isi2855,iter-A,1,0.25
Atte_4,kaksi2132,iter-A,1,0.25
Atte_40,ankka3459,iter-A,1,0.25
Atte_40,auto2676,iter-A,1,0.25
Atte_40,auto2829,iter-A,1,0.25
Atte_40,auto2836,iter-A,1,0.25
Atte_40,auto2842,iter-A,1,0.25
Atte_40,auto2850,iter-A,1,0.25
Atte_40,isi2851,iter-A,1,0.25
Atte_40,isi2854,iter-A,1,0.25
Atte_40,isi2855,iter-A,1,0.25
Atte_40,äiti2828,iter-A,1,0.25
Atte_41,Atti3460,iter-A,1,0.25
Atte_41,Atti3464,iter-A,1,0.25
Atte_41,Atti3465,iter-A,1,0.25
Atte_41,Atti3466,iter-A,1,0.25
Atte_41,auto2829,iter-A,1,0.25
Atte_41,auto2846,iter-A,1,0.25
Atte_41,auto2848,iter-A,1,0.25
Atte_41,auto3472,iter-A,1,0.25
Atte_41,auto3477,iter-A,1,0.25
Atte_41,matto3160,iter-A,1,0.25
Atte_41,matto3161,iter-A,1,0.25
Atte_41,äiti2828,iter-A,1,0.25
Atte_41,äiti3448,iter-A,1,0.25
Atte_41,äiti3449,iter-A,1,0.25
Atte_41,äiti3451,iter-A,1,0.25
Atte_42,auto2841,iter-A,1,0.25
Atte_42,auto2842,iter-A,1,0.25
Atte_42,auto2845,iter-A,1,0.25
Atte_42,isi2855,iter-A,1,0.25
Atte_42,isi2856,iter-A,1,0.25
Atte_42,äiti2826,iter-A,1,0.25
Atte_43,ankka3458,iter-A,1,0.25
Atte_43,ukko3493,iter-A,1,0.25
Atte_44,nalle3489,iter-A,1,0.25
Atte_44,pallo3490,iter-A,1,0.25
Atte_45,loppu3484,iter-A,1,0.25
Atte_45,pupu2133,iter-A,1,0.25
Atte_46,pallo3491,iter-A,1,0.25
Atte_47,Atti3462,iter-A,1,0.25
Atte_47,ankka3459,iter-A,1,0.25
Atte_47,auto2830,iter-A,1,0.25
Atte_47,auto2833,iter-A,1,0.25
Atte_47,auto2840,iter-A,1,0.25
Atte_47,auto2846,iter-A,1,0.25
Atte_47,auto3475,iter-A,1,0.25
Atte_47,auto3479,iter-A,1,0.25
Atte_47,isi2858,iter-A,1,0.25
Atte_47,kaksi2132,iter-A,1,0.25
Atte_47,äiti2827,iter-A,1,0.25
Atte_47,äiti3452,iter-A,1,0.25
Atte_48,auto2829,iter-A,1,0.25
Atte_48,auto2835,iter-A,1,0.25
Atte_48,auto2837,iter-A,1,0.25
Atte_48,auto2840,iter-A,1,0.25
Atte_48,auto2841,iter-A,1,0.25
Atte_48,auto2849,iter-A,1,0.25
Atte_48,matto3161,iter-A,1,0.25
Atte_48,äiti3451,iter-A,1,0.25
Atte_49,auto3471,iter-A,1,0.25
Atte_49,auto3475,iter-A,1,0.25
Atte_49,auto3477,iter-A,1,0.25
Atte_49,auto3478,iter-A,1,0.25
Atte_49,äiti3447,iter-A,1,0.25
Atte_49,äiti3449,iter-A,1,0.25
Atte_49,äiti3452,iter-A,1,0.25
Atte_5,Atti3463,iter-A,1,0.25
Atte_5,Atti3464,iter-A,1,0.25
Atte_5,Atti3465,iter-A,1,0.25
Atte_5,auto2834,iter-A,1,0.25
Atte_5,auto2838,iter-A,1,0.25
Atte_5,auto2845,iter-A,1,0.25
Atte_5,auto2847,iter-A,1,0.25
Atte_5,auto3472,iter-A,1,0.25
Atte_5,auto3476,iter-A,1,0.25
Atte_5,isi2851,iter-A,1,0.25
Atte_5,äiti3452,iter-A,1,0.25
Atte_5,ääni2825,iter-A,1,0.25
Atte_50,Atti3461,iter-A,1,0.25
Atte_50,ankka3459,iter-A,1,0.25
Atte_50,auto2829,iter-A,1,0.25
Atte_50,auto2835,iter-A,1,0.25
Atte_50,auto2836,iter-A,1,0.25
Atte_50,auto2839,iter-A,1,0.25
Atte_50,auto3470,iter-A,1,0.25
Atte_50,auto3477,iter-A,1,0.25
Atte_50,äiti2828,iter-A,1,0.25
Atte_50,äiti3450,iter-A,1,0.25
Atte_51,Atti3463,iter-A,1,0.25
Atte_51,Atti3465,iter-A,1,0.25
Atte_51,auto2676,iter-A,1,0.25
Atte_51,auto2834,iter-A,1,0.25
Atte_51,auto2835,iter-A,1,0.25
Atte_51,auto2839,iter-A,1,0.25
Atte_51,auto2841,iter-A,1,0.25
Atte_51,auto2843,iter-A,1,0.25
Atte_51,auto3471,iter-A,1,0.25
Atte_51,isi2857,iter-A,1,0.25
Atte_51,kaksi2132,iter-A,1,0.25
Atte_51,äiti3452,iter-A,1,0.25
Atte_52,loppu3485,iter-A,1,0.25
Atte_52,loppu3487,iter-A,1,0.25
Atte_52,pappa3168,iter-A,1,0.25
Atte_53,Minni3165,iter-A,1,0.25
Atte_55,Atti3460,iter-A,1,0.25
Atte_55,Atti3463,iter-A,1,0.25
Atte_55,auto2831,iter-A,1,0.25
Atte_55,auto2834,iter-A,1,0.25
Atte_55,auto2839,iter-A,1,0.25
Atte_55,auto2842,iter-A,1,0.25
Atte_55,auto2843,iter-A,1,0.25
Atte_55,auto2844,iter-A,1,0.25
Atte_55,auto2846,iter-A,1,0.25
Atte_55,auto2848,iter-A,1,0.25
Atte_55,auto2849,iter-A,1,0.25
Atte_55,auto3469,iter-A,1,0.25
Atte_55,auto3474,iter-A,1,0.25
Atte_55,auto3476,iter-A,1,0.25
Atte_56,ukko3493,iter-A,1,0.25
Atte_56,ukko3496,iter-A,1,0.25
Atte_57,Atti3461,iter-A,1,0.25
Atte_57,auto2829,iter-A,1,0.25
Atte_57,auto2831,iter-A,1,0.25
Atte_57,auto2832,iter-A,1,0.25
Atte_57,auto2835,iter-A,1,0.25
Atte_57,auto2836,iter-A,1,0.25
Atte_57,auto3470,iter-A,1,0.25
Atte_57,auto3471,iter-A,1,0.25
Atte_57,auto3474,iter-A,1,0.25
Atte_57,isi2855,iter-A,1,0.25
Atte_57,kala2859,iter-A,1,0.25
Atte_57,äiti3450,iter-A,1,0.25
Atte_57,äiti3453,iter-A,1,0.25
Atte_58,Atti3462,iter-A,1,0.25
Atte_58,Atti3467,iter-A,1,0.25
Atte_58,auto2835,iter-A,1,0.25
Atte_58,auto2836,iter-A,1,0.25
Atte_58,auto2840,iter-A,1,0.25
Atte_58,auto2850,iter-A,1,0.25
Atte_58,auto3471,iter-A,1,0.25
Atte_58,auto3472,iter-A,1,0.25
Atte_58,auto3473,iter-A,1,0.25
Atte_58,äiti3449,iter-A,1,0.25
Atte_59,Atti3468,iter-A,1,0.25
Atte_59,auto2833,iter-A,1,0.25
Atte_59,auto2840,iter-A,1,0.25
Atte_59,auto2843,iter-A,1,0.25
Atte_59,auto2846,iter-A,1,0.25
Atte_59,auto2847,iter-A,1,0.25
Atte_59,auto3472,iter-A,1,0.25
Atte_59,isi2853,iter-A,1,0.25
Atte_59,isi2855,iter-A,1,0.25
Atte_59,äiti3450,iter-A,1,0.25
Atte_59,äiti3451,iter-A,1,0.25
Atte_59,äiti3452,iter-A,1,0.25
Atte_6,ukko3496,iter-A,1,0.25
Atte_60,kello3483,iter-A,1,0.25
Atte_61,Atti3464,iter-A,1,0.25
Atte_61,Atti3465,iter-A,1,0.25
Atte_61,auto2831,iter-A,1,0.25
Atte_61,auto2833,iter-A,1,0.25
Atte_61,auto2834,iter-A,1,0.25
Atte_61,auto2845,iter-A,1,0.25
Atte_61,auto3473,iter-A,1,0.25
Atte_61,auto3478,iter-A,1,0.25
Atte_61,kaksi2132,iter-A,1,0.25
Atte_62,Atti3460,iter-A,1,0.25
Atte_62,auto2839,iter-A,1,0.25
Atte_62,auto2844,iter-A,1,0.25
Atte_62,auto3469,iter-A,1,0.25
Atte_62,auto3471,iter-A,1,0.25
Atte_62,äiti2828,iter-A,1,0.25
Atte_62,äiti3449,iter-A,1,0.25
Atte_62,äiti3452,iter-A,1,0.25
Atte_63,Atti3468,iter-A,1,0.25
Atte_63,auto2832,iter-A,1,0.25
Atte_63,auto2839,iter-A,1,0.25
Atte_63,auto2841,iter-A,1,0.25
Atte_63,auto2842,iter-A,1,0.25
Atte_63,auto3477,iter-A,1,0.25
Atte_63,auto3478,iter-A,1,0.25
Atte_63,auto3479,iter-A,1,0.25
Atte_63,isi2855,iter-A,1,0.25
Atte_63,äiti3448,iter-A,1,0.25
Atte_63,äiti3451,iter-A,1,0.25
Atte_64,Atti3465,iter-A,1,0.25
Atte_64,Atti3467,iter-A,1,0.25
Atte_64,auto2831,iter-A,1,0.25
Atte_64,auto3472,iter-A,1,0.25
Atte_64,auto3478,iter-A,1,0.25
Atte_64,äiti2827,iter-A,1,0.25
Atte_64,äiti2828,iter-A,1,0.25
Atte_64,äiti3447,iter-A,1,0.25
Atte_65,ukko3493,iter-A,1,0.25
Atte_66,kala2859,iter-A,1,0.25
Atte_66,kello3483,iter-A,1,0.25
Atte_68,Atti3462,iter-A,1,0.25
Atte_68,Atti3463,iter-A,1,0.25
Atte_68,Atti3464,iter-A,1,0.25
Atte_68,auto2831,iter-A,1,0.25
Atte_68,auto2832,iter-A,1,0.25
Atte_68,auto2833,iter-A,1,0.25
Atte_68,auto2841,iter-A,1,0.25
Atte_68,auto2843,iter-A,1,0.25
Atte_68,auto2847,iter-A,1,0.25
Atte_68,auto3477,iter-A,1,0.25
Atte_68,kaksi2132,iter-A,1,0.25
Atte_69,Atti3464,iter-A,1,0.25
Atte_69,Atti3468,iter-A,1,0.25
Atte_69,ankka3459,iter-A,1,0.25
Atte_69,auto2676,iter-A,1,0.25
Atte_69,auto2829,iter-A,1,0.25
Atte_69,auto2831,iter-A,1,0.25
Atte_69,auto2833,iter-A,1,0.25
Atte_69,auto2837,iter-A,1,0.25
Atte_69,auto2849,iter-A,1,0.25
Atte_69,auto3470,iter-A,1,0.25
Atte_69,auto3471,iter-A,1,0.25
Atte_69,auto3472,iter-A,1,0.25
Atte_69,isi2856,iter-A,1,0.25
Atte_69,äiti3453,iter-A,1,0.25
Atte_7,Atti3460,iter-A,1,0.25
Atte_7,Atti3462,iter-A,1,0.25
Atte_7,Atti3465,iter-A,1,0.25
Atte_7,auto3469,iter-A,1,0.25
Atte_7,auto3471,iter-A,1,0.25
Atte_7,auto3473,iter-A,1,0.25
Atte_7,auto3478,iter-A,1,0.25
Atte_7,äiti3448,iter-A,1,0.25
Atte_7,äiti3449,iter-A,1,0.25
Atte_70,Atti3466,iter-A,1,0.25
Atte_70,Atti3468,iter-A,1,0.25
Atte_70,auto2830,iter-A,1,0.25
Atte_70,auto2831,iter-A,1,0.25
Atte_70,auto2839,iter-A,1,0.25
Atte_70,auto2847,iter-A,1,0.25
Atte_70,auto3479,iter-A,1,0.25
Atte_70,matto3162,iter-A,1,0.25
Atte_70,äiti3449,iter-A,1,0.25
Atte_71,auto2831,iter-A,1,0.25
Atte_71,auto2846,iter-A,1,0.25
Atte_71,auto2847,iter-A,1,0.25
Atte_71,auto2848,iter-A,1,0.25
Atte_71,isi2851,iter-A,1,0.25
Atte_71,äiti2827,iter-A,1,0.25
Atte_72,auto2830,iter-A,1,0.25
Atte_72,auto2837,iter-A,1,0.25
Atte_72,auto2840,iter-A,1,0.25
Atte_72,auto2842,iter-A,1,0.25
Atte_72,auto2847,iter-A,1,0.25
Atte_72,auto2848,iter-A,1,0.25
Atte_72,isi2854,iter-A,1,0.25
Atte_72,isi2857,iter-A,1,0.25
Atte_73,Atti3461,iter-A,1,0.25
Atte_73,Atti3464,iter-A,1,0.25
Atte_73,auto2835,iter-A,1,0.25
Atte_73,auto2837,iter-A,1,0.25
Atte_73,auto2849,iter-A,1,0.25
Atte_73,auto3469,iter-A,1,0.25
Atte_73,auto3474,iter-A,1,0.25
Atte_73,auto3476,iter-A,1,0.25
Atte_73,auto3477,iter-A,1,0.25
Atte_73,äiti2826,iter-A,1,0.25
Atte_73,äiti3447,iter-A,1,0.25
Atte_74,auto2841,iter-A,1,0.25
Atte_74,auto2843,iter-A,1,0.25
Atte_74,auto2844,iter-A,1,0.25
Atte_74,auto2847,iter-A,1,0.25
Atte_75,Atti3460,iter-A,1,0.25
Atte_75,Atti3466,iter-A,1,0.25
Atte_75,Atti3467,iter-A,1,0.25
Atte_75,auto2832,iter-A,1,0.25
Atte_75,auto2835,iter-A,1,0.25
Atte_75,auto2843,iter-A,1,0.25
Atte_75,auto2845,iter-A,1,0.25
Atte_75,auto2850,iter-A,1,0.25
Atte_75,auto3475,iter-A,1,0.25
Atte_75,auto3476,iter-A,1,0.25
Atte_75,isi2853,iter-A,1,0.25
Atte_75,isi2855,iter-A,1,0.25
Atte_75,isi2856,iter-A,1,0.25
Atte_75,äiti3449,iter-A,1,0.25
Atte_76,Atti3467,iter-A,1,0.25
Atte_76,auto2829,iter-A,1,0.25
Atte_76,auto2831,iter-A,1,0.25
Atte_76,auto2834,iter-A,1,0.25
Atte_76,auto2837,iter-A,1,0.25
Atte_76,auto2850,iter-A,1,0.25
Atte_76,auto3469,iter-A,1,0.25
Atte_76,auto3471,iter-A,1,0.25
Atte_76,auto3478,iter-A,1,0.25
Atte_76,isi2853,iter-A,1,0.25
Atte_76,isi2857,iter-A,1,0.25
Atte_76,isi2858,iter-A,1,0.25
Atte_76,äiti2826,iter-A,1,0.25
Atte_76,äiti3449,iter-A,1,0.25
Atte_77,auto2838,iter-A,1,0.25
Atte_77,auto2840,iter-A,1,0.25
Atte_77,auto2848,iter-A,1,0.25
Atte_77,isi2854,iter-A,1,0.25
Atte_77,äiti2828,iter-A,1,0.25
Atte_78,ankka3459,iter-A,1,0.25
Atte_78,auto2846,iter-A,1,0.25
Atte_78,auto2848,iter-A,1,0.25
Atte_78,auto3475,iter-A,1,0.25
Atte_78,auto3477,iter-A,1,0.25
Atte_78,isi2855,iter-A,1,0.25
Atte_78,isi2856,iter-A,1,0.25
Atte_78,kaksi2132,iter-A,1,0.25
Atte_78,äiti3449,iter-A,1,0.25
Atte_79,auto2676,iter-A,1,0.25
Atte_79,auto2831,iter-A,1,0.25
Atte_79,auto2833,iter-A,1,0.25
Atte_79,auto2837,iter-A,1,0.25
Atte_79,auto2838,iter-A,1,0.25
Atte_79,auto2841,iter-A,1,0.25
Atte_79,auto2847,iter-A,1,0.25
Atte_79,kala2859,iter-A,1,0.25
Atte_79,äiti2826,iter-A,1,0.25
Atte_8,Atti3460,iter-A,1,0.25
Atte_8,Atti3461,iter-A,1,0.25
Atte_8,Atti3462,iter-A,1,0.25
Atte_8,Atti3463,iter-A,1,0.25
Atte_8,auto2831,iter-A,1,0.25
Atte_8,auto2835,iter-A,1,0.25
Atte_8,auto2839,iter-A,1,0.25
Atte_8,auto3472,iter-A,1,0.25
Atte_8,auto3479,iter-A,1,0.25
Atte_8,äiti2828,iter-A,1,0.25
Atte_8,äiti3452,iter-A,1,0.25
Atte_80,Atti3460,iter-A,1,0.25
Atte_80,Atti3463,iter-A,1,0.25
Atte_80,auto2676,iter-A,1,0.25
Atte_80,auto2829,iter-A,1,0.25
Atte_80,auto2830,iter-A,1,0.25
Atte_80,auto2831,iter-A,1,0.25
Atte_80,auto2835,iter-A,1,0.25
Atte_80,auto2841,iter-A,1,0.25
Atte_80,auto2842,iter-A,1,0.25
Atte_80,auto3479,iter-A,1,0.25
Atte_80,isi2852,iter-A,1,0.25
Atte_80,isi2854,iter-A,1,0.25
Atte_80,äiti3450,iter-A,1,0.25
Atte_80,äiti3453,iter-A,1,0.25
Atte_81,auto2834,iter-A,1,0.25
Atte_81,auto2836,iter-A,1,0.25
Atte_81,auto2849,iter-A,1,0.25
Atte_81,auto3471,iter-A,1,0.25
Atte_81,auto3472,iter-A,1,0.25
Atte_81,auto3477,iter-A,1,0.25
Atte_81,auto3479,iter-A,1,0.25
Atte_81,matto3162,iter-A,1,0.25
Atte_81,äiti3449,iter-A,1,0.25
Atte_82,Minni3166,iter-A,1,0.25
Atte_83,ankka3459,iter-A,1,0.25
Atte_83,auto2829,iter-A,1,0.25
Atte_83,auto2843,iter-A,1,0.25
Atte_83,auto2845,iter-A,1,0.25
Atte_83,auto2848,iter-A,1,0.25
Atte_83,isi2855,iter-A,1,0.25
Atte_83,isi2857,iter-A,1,0.25
Atte_83,isi2858,iter-A,1,0.25
Atte_83,äiti2827,iter-A,1,0.25
Atte_83,äiti2828,iter-A,1,0.25
Atte_84,ankka3458,iter-A,1,0.25
Atte_84,ukko3493,iter-A,1,0.25
Atte_85,Atti3463,iter-A,1,0.25
Atte_85,auto2829,iter-A,1,0.25
Atte_85,auto2831,iter-A,1,0.25
Atte_85,auto2839,iter-A,1,0.25
Atte_85,auto2840,iter-A,1,0.25
Atte_85,auto2844,iter-A,1,0.25
Atte_85,auto2846,iter-A,1,0.25
Atte_85,auto3474,iter-A,1,0.25
Atte_85,auto3476,iter-A,1,0.25
Atte_85,auto3478,iter-A,1,0.25
Atte_85,auto3479,iter-A,1,0.25
Atte_85,äiti2828,iter-A,1,0.25
Atte_85,äiti3447,iter-A,1,0.25
Atte_85,äiti3449,iter-A,1,0.25
Atte_86,Atti3461,iter-A,1,0.25
Atte_86,Atti3463,iter-A,1,0.25
Atte_86,auto2833,iter-A,1,0.25
Atte_86,auto2834,iter-A,1,0.25
Atte_86,auto2841,iter-A,1,0.25
Atte_86,auto2849,iter-A,1,0.25
Atte_86,auto3474,iter-A,1,0.25
Atte_86,auto3478,iter-A,1,0.25
Atte_86,matto3161,iter-A,1,0.25
Atte_86,äiti2828,iter-A,1,0.25
Atte_86,äiti3448,iter-A,1,0.25
Atte_86,äiti3451,iter-A,1,0.25
Atte_86,äiti3453,iter-A,1,0.25
Atte_87,Atti3464,iter-A,1,0.25
Atte_87,auto2835,iter-A,1,0.25
Atte_87,auto2837,iter-A,1,0.25
Atte_87,auto2840,iter-A,1,0.25
Atte_87,auto2844,iter-A,1,0.25
Atte_87,auto2849,iter-A,1,0.25
Atte_87,auto3469,iter-A,1,0.25
Atte_87,auto3478,iter-A,1,0.25
Atte_87,matto3162,iter-A,1,0.25
Atte_87,äiti2827,iter-A,1,0.25
Atte_87,äiti3447,iter-A,1,0.25
Atte_87,äiti3451,iter-A,1,0.25
Atte_87,äiti3453,iter-A,1,0.25
Atte_88,Atti3463,iter-A,1,0.25
Atte_88,Atti3467,iter-A,1,0.25
Atte_88,Atti3468,iter-A,1,0.25
Atte_88,auto2832,iter-A,1,0.25
Atte_88,auto2843,iter-A,1,0.25
Atte_88,auto2844,iter-A,1,0.25
Atte_88,auto2847,iter-A,1,0.25
Atte_88,auto2849,iter-A,1,0.25
Atte_88,auto2850,iter-A,1,0.25
Atte_88,auto3469,iter-A,1,0.25
Atte_88,auto3477,iter-A,1,0.25
Atte_88,auto3479,iter-A,1,0.25
Atte_88,äiti2826,iter-A,1,0.25
Atte_88,äiti3453,iter-A,1,0.25
Atte_88,ääni2825,iter-A,1,0.25
Atte_89,Atti3460,iter-A,1,0.25
Atte_89,auto2832,iter-A,1,0.25
Atte_89,auto2834,iter-A,1,0.25
Atte_89,auto2840,iter-A,1,0.25
Atte_89,auto3472,iter-A,1,0.25
Atte_89,auto3479,iter-A,1,0.25
Atte_89,matto3160,iter-A,1,0.25
Atte_9,heppa3480,iter-A,1,0.25
Atte_91,Atti3461,iter-A,1,0.25
Atte_91,auto2835,iter-A,1,0.25
Atte_91,auto2837,iter-A,1,0.25
Atte_91,auto2840,iter-A,1,0.25
Atte_91,auto2844,iter-A,1,0.25
Atte_91,auto2850,iter-A,1,0.25
Atte_91,auto3479,iter-A,1,0.25
Atte_91,äiti3448,iter-A,1,0.25
Atte_91,äiti3450,iter-A,1,0.25
Atte_93,Atti3460,iter-A,1,0.25
Atte_93,Atti3465,iter-A,1,0.25
Atte_93,ankka3459,iter-A,1,0.25
Atte_93,auto2847,iter-A,1,0.25
Atte_93,auto3474,iter-A,1,0.25
Atte_93,isi2854,iter-A,1,0.25
Atte_93,äiti3447,iter-A,1,0.25
Atte_93,äiti3449,iter-A,1,0.25
Atte_95,Atti3460,iter-A,1,0.25
Atte_95,Atti3465,iter-A,1,0.25
Atte_95,auto2836,iter-A,1,0.25
Atte_95,auto2837,iter-A,1,0.25
Atte_95,auto2849,iter-A,1,0.25
Atte_95,auto3469,iter-A,1,0.25
Atte_95,äiti2828,iter-A,1,0.25
Atte_95,äiti3452,iter-A,1,0.25
Atte_96,Atti3467,iter-A,1,0.25
Atte_96,ankka3459,iter-A,1,0.25
Atte_96,auto2837,iter-A,1,0.25
Atte_96,auto2844,iter-A,1,0.25
Atte_96,auto2850,iter-A,1,0.25
Atte_96,auto3470,iter-A,1,0.25
Atte_96,auto3472,iter-A,1,0.25
Atte_96,auto3476,iter-A,1,0.25
Atte_96,isi2858,iter-A,1,0.25
Atte_96,kaksi2132,iter-A,1,0.25
Atte_96,ääni2825,iter-A,1,0.25
Atte_97,Atti3464,iter-A,1,0.25
Atte_97,Atti3468,iter-A,1,0.25
Atte_97,auto2833,iter-A,1,0.25
Atte_97,auto2840,iter-A,1,0.25
Atte_97,auto3469,iter-A,1,0.25
Atte_97,auto3471,iter-A,1,0.25
Atte_97,auto3472,iter-A,1,0.25
Atte_97,auto3474,iter-A,1,0.25
Atte_97,auto3475,iter-A,1,0.25
Atte_97,auto3477,iter-A,1,0.25
Atte_97,matto3161,iter-A,1,0.25
Atte_98,Minni3164,iter-A,1,0.25
Atte_99,Atti3462,iter-A,1,0.25
Atte_99,Atti3463,iter-A,1,0.25
Atte_99,auto3469,iter-A,1,0.25
Atte_99,auto3473,iter-A,1,0.25
Atte_99,auto3479,iter-A,1,0.25
Atte_99,äiti3448,iter-A,1,0.25
Atte_99,äiti3451,iter-A,1,0.25
Atte_99,äiti3452,iter-A,1,0.25
Basile_11,est là1900,iter-A,1,0.25
Basile_11,livre1901,iter-A,1,0.25
Basile_11,livre1902,iter-A,1,0.25
Basile_11,livre1905,iter-A,1,0.25
Basile_13,papa2442,iter-A,1,0.25
Basile_14,musique2439,iter-A,1,0.25
Basile_14,musique2440,iter-A,1,0.25
Basile_15,est là2961,iter-A,1,0.25
Basile_16,est là2961,iter-A,1,0.25
Basile_16,est là2962,iter-A,1,0.25
Basile_17,coucou2425,iter-A,1,0.25
Basile_19,coucou2426,iter-A,1,0.25
Basile_21,papa2443,iter-A,1,0.25
Basile_21,papa2445,iter-A,1,0.25
Basile_22,maman2967,iter-A,1,0.25
Basile_25,livre2964,iter-A,1,0.25
Basile_26,livre1906,iter-A,1,0.25
Basile_27,livre1906,iter-A,1,0.25
Basile_28,livre1904,iter-A,1,0.25
Basile_28,livre1907,iter-A,1,0.25
Basile_30,bravo2422,iter-A,1,0.25
Basile_30,papa2443,iter-A,1,0.25
Basile_30,papa2444,iter-A,1,0.25
Basile_30,pin pon2446,iter-A,1,0.25
Basile_32,livre2964,iter-A,1,0.25
Basile_33,musique2436,iter-A,1,0.25
Basile_33,musique2438,iter-A,1,0.25
Basile_34,musique2437,iter-A,1,0.25
Basile_34,musique2438,iter-A,1,0.25
Basile_34,musique2440,iter-A,1,0.25
Basile_37,canard/coin-coin2957,iter-A,1,0.25
Basile_37,encore2959,iter-A,1,0.25
Basile_39,est là2962,iter-A,1,0.25
Basile_39,livre2964,iter-A,1,0.25
Basile_39,livre2965,iter-A,1,0.25
Basile_39,maman2967,iter-A,1,0.25
Basile_4,coucou2426,iter-A,1,0.25
Basile_4,musique2437,iter-A,1,0.25
Basile_4,musique2440,iter-A,1,0.25
Basile_40,livre1904,iter-A,1,0.25
Basile_42,papa2443,iter-A,1,0.25
Basile_42,pin pon2446,iter-A,1,0.25
Basile_43,pin pon1909,iter-A,1,0.25
Basile_43,pin pon1911,iter-A,1,0.25
Basile_44,canard/coin-coin2423,iter-A,1,0.25
Basile_44,coucou2426,iter-A,1,0.25
Basile_44,musique2437,iter-A,1,0.25
Basile_45,coucou2426,iter-A,1,0.25
Basile_45,musique2436,iter-A,1,0.25
Basile_45,musique2440,iter-A,1,0.25
Basile_46,livre1902,iter-A,1,0.25
Basile_46,livre1903,iter-A,1,0.25
Basile_46,livre1904,iter-A,1,0.25
Basile_48,est là2961,iter-A,1,0.25
Basile_49,papa2443,iter-A,1,0.25
Basile_49,papa2445,iter-A,1,0.25
Basile_5,coucou2426,iter-A,1,0.25
Basile_53,est là2962,iter-A,1,0.25
Basile_54,livre1904,iter-A,1,0.25
Basile_57,encore2960,iter-A,1,0.25
Basile_57,lequel2963,iter-A,1,0.25
Basile_6,bravo2421,iter-A,1,0.25
Basile_6,bravo2422,iter-A,1,0.25
Basile_6,papa2443,iter-A,1,0.25
Basile_6,papa2444,iter-A,1,0.25
Basile_60,encore1899,iter-A,1,0.25
Basile_61,livre1902,iter-A,1,0.25
Basile_61,livre1903,iter-A,1,0.25
Basile_61,livre1904,iter-A,1,0.25
Basile_61,livre1906,iter-A,1,0.25
Basile_61,livre1907,iter-A,1,0.25
Basile_64,canard/coin-coin2956,iter-A,1,0.25
Basile_65,bisou1897,iter-A,1,0.25
Basile_65,pin pon1911,iter-A,1,0.25
Basile_66,papa2443,iter-A,1,0.25
Basile_66,papa2444,iter-A,1,0.25
Basile_67,canard/coin-coin2424,iter-A,1,0.25
Basile_67,coucou2425,iter-A,1,0.25
Basile_67,musique2439,iter-A,1,0.25
Basile_68,bravo2421,iter-A,1,0.25
Basile_68,papa2442,iter-A,1,0.25
Basile_69,maman2431,iter-A,1,0.25
Basile_69,maman2432,iter-A,1,0.25
Basile_69,maman2434,iter-A,1,0.25
Basile_7,est là2961,iter-A,1,0.25
Basile_7,livre2964,iter-A,1,0.25
Basile_7,livre2965,iter-A,1,0.25
Basile_72,pin pon1908,iter-A,1,0.25
Basile_72,pin pon1911,iter-A,1,0.25
Basile_73,livre1901,iter-A,1,0.25
Basile_73,livre1905,iter-A,1,0.25
Basile_73,livre1907,iter-A,1,0.25
Basile_77,est là2962,iter-A,1,0.25
Basile_78,canard/coin-coin2423,iter-A,1,0.25
Basile_78,musique2436,iter-A,1,0.25
Basile_78,musique2438,iter-A,1,0.25
Basile_78,musique2439,iter-A,1,0.25
Basile_79,canard/coin-coin2423,iter-A,1,0.25
Basile_79,coucou2425,iter-A,1,0.25
Basile_79,musique2438,iter-A,1,0.25
Basile_80,bravo2421,iter-A,1,0.25
Basile_80,papa2444,iter-A,1,0.25
Basile_81,livre1902,iter-A,1,0.25
Basile_81,livre1905,iter-A,1,0.25
Basile_82,est là2961,iter-A,1,0.25
Basile_82,livre2965,iter-A,1,0.25
Basile_83,maman2433,iter-A,1,0.25
Basile_83,maman2435,iter-A,1,0.25
Basile_84,est là1900,iter-A,1,0.25
Basile_84,livre1902,iter-A,1,0.25
Basile_84,livre1903,iter-A,1,0.25
Basile_84,livre1904,iter-A,1,0.25
Basile_85,est là1900,iter-A,1,0.25
Basile_85,livre1903,iter-A,1,0.25
Basile_85,livre1904,iter-A,1,0.25
Basile_85,livre1905,iter-A,1,0.25
Basile_86,pin pon1909,iter-A,1,0.25
Basile_86,pin pon1910,iter-A,1,0.25
Basile_87,canard/coin-coin2423,iter-A,1,0.25
Basile_87,coucou2426,iter-A,1,0.25
Basile_88,canard/coin-coin2423,iter-A,1,0.25
Basile_88,canard/coin-coin2424,iter-A,1,0.25
Basile_89,bravo2421,iter-A,1,0.25
Basile_89,papa2445,iter-A,1,0.25
Basile_9,livre2965,iter-A,1,0.25
Basile_90,maman2429,iter-A,1,0.25
Basile_91,bravo2422,iter-A,1,0.25
Basile_93,est là1900,iter-A,1,0.25
Basile_93,livre1901,iter-A,1,0.25
Basile_93,livre1902,iter-A,1,0.25
Basile_93,livre1906,iter-A,1,0.25
Basile_94,bravo2422,iter-A,1,0.25
Basile_95,livre1906,iter-A,1,0.25
Basile_95,livre1907,iter-A,1,0.25
Basile_96,canard/coin-coin2423,iter-A,1,0.25
Basile_96,coucou2426,iter-A,1,0.25
Basile_96,musique2440,iter-A,1,0.25
Basile_97,canard/coin-coin2423,iter-A,1,0.25
Basile_97,canard/coin-coin2424,iter-A,1,0.25
Basile_99,livre1901,iter-A,1,0.25
Basile_99,livre1904,iter-A,1,0.25
Basile_99,livre1906,iter-A,1,0.25
Carys_100,eisio2547,iter-A,1,0.25
Carys_100,eisio3021,iter-A,1,0.25
Carys_100,tata2554,iter-A,1,0.25
Carys_100,tata3023,iter-A,1,0.25
Carys_11,La-La2716,iter-A,1,0.25
Carys_11,Meira1946,iter-A,1,0.25
Carys_11,eisio3021,iter-A,1,0.25
Carys_11,gaggag2548,iter-A,1,0.25
Carys_11,hiya2715,iter-A,1,0.25
Carys_11,tata3023,iter-A,1,0.25
Carys_13,eisio3021,iter-A,1,0.25
Carys_13,gaggag2548,iter-A,1,0.25
Carys_13,hiya2715,iter-A,1,0.25
Carys_13,tata3023,iter-A,1,0.25
Carys_14,La-La2716,iter-A,1,0.25
Carys_14,eisio3021,iter-A,1,0.25
Carys_14,hiya2715,iter-A,1,0.25
Carys_14,hwnna2550,iter-A,1,0.25
Carys_14,hwnna3022,iter-A,1,0.25
Carys_14,tata3023,iter-A,1,0.25
Carys_16,eira2545,iter-A,1,0.25
Carys_16,eisio3021,iter-A,1,0.25
Carys_16,tata2554,iter-A,1,0.25
Carys_16,tata2555,iter-A,1,0.25
Carys_16,tata3023,iter-A,1,0.25
Carys_18,Meira1946,iter-A,1,0.25
Carys_18,eira2545,iter-A,1,0.25
Carys_18,eira2546,iter-A,1,0.25
Carys_19,tata2554,iter-A,1,0.25
Carys_2,tata2554,iter-A,1,0.25
Carys_20,La-La2716,iter-A,1,0.25
Carys_20,hiya2715,iter-A,1,0.25
Carys_25,eisio2547,iter-A,1,0.25
Carys_25,tata2554,iter-A,1,0.25
Carys_25,tata3023,iter-A,1,0.25
Carys_25,tedi2556,iter-A,1,0.25
Carys_26,La-La2716,iter-A,1,0.25
Carys_26,eisio2547,iter-A,1,0.25
Carys_26,eisio3021,iter-A,1,0.25
Carys_26,hiya2715,iter-A,1,0.25
Carys_26,hwnna3022,iter-A,1,0.25
Carys_26,tata2554,iter-A,1,0.25
Carys_26,tata2555,iter-A,1,0.25
Carys_26,tata3023,iter-A,1,0.25
Carys_26,tedi2556,iter-A,1,0.25
Carys_27,La-La2716,iter-A,1,0.25
Carys_27,eisio3021,iter-A,1,0.25
Carys_27,hiya2715,iter-A,1,0.25
Carys_27,hwnna2550,iter-A,1,0.25
Carys_27,tata3023,iter-A,1,0.25
Carys_28,tata2554,iter-A,1,0.25
Carys_28,tata2555,iter-A,1,0.25
Carys_28,tata3023,iter-A,1,0.25
Carys_3,Meira1946,iter-A,1,0.25
Carys_3,eira2545,iter-A,1,0.25
Carys_3,eira2546,iter-A,1,0.25
Carys_30,La-La2716,iter-A,1,0.25
Carys_30,Meira1946,iter-A,1,0.25
Carys_30,eisio3021,iter-A,1,0.25
Carys_30,gaggag2548,iter-A,1,0.25
Carys_30,hiya2715,iter-A,1,0.25
Carys_30,hwnna3022,iter-A,1,0.25
Carys_30,tata3023,iter-A,1,0.25
Carys_31,La-La2716,iter-A,1,0.25
Carys_31,hiya2715,iter-A,1,0.25
Carys_32,Meira1946,iter-A,1,0.25
Carys_32,eira2545,iter-A,1,0.25
Carys_32,eira2546,iter-A,1,0.25
Carys_33,Meira1946,iter-A,1,0.25
Carys_33,gaggag2548,iter-A,1,0.25
Carys_33,hiya2715,iter-A,1,0.25
Carys_33,hwnna3022,iter-A,1,0.25
Carys_33,tata3023,iter-A,1,0.25
Carys_34,La-La2716,iter-A,1,0.25
Carys_34,Meira1946,iter-A,1,0.25
Carys_34,eisio3021,iter-A,1,0.25
Carys_34,gaggag2548,iter-A,1,0.25
Carys_34,hwnna3022,iter-A,1,0.25
Carys_34,tata3023,iter-A,1,0.25
Carys_35,Lucy2552,iter-A,1,0.25
Carys_35,eisio2547,iter-A,1,0.25
Carys_35,tata2555,iter-A,1,0.25
Carys_35,tata3023,iter-A,1,0.25
Carys_35,tedi2556,iter-A,1,0.25
Carys_36,La-La2716,iter-A,1,0.25
Carys_36,Meira1946,iter-A,1,0.25
Carys_36,eisio3021,iter-A,1,0.25
Carys_36,gaggag2548,iter-A,1,0.25
Carys_36,hwnna3022,iter-A,1,0.25
Carys_36,tata3023,iter-A,1,0.25
Carys_37,eira2545,iter-A,1,0.25
Carys_37,eira2546,iter-A,1,0.25
Carys_37,hwnna2550,iter-A,1,0.25
Carys_38,eisio3021,iter-A,1,0.25
Carys_38,hiya2715,iter-A,1,0.25
Carys_38,hwnna2550,iter-A,1,0.25
Carys_38,tata3023,iter-A,1,0.25
Carys_39,Meira2553,iter-A,1,0.25
Carys_39,eira2546,iter-A,1,0.25
Carys_39,hiya2715,iter-A,1,0.25
Carys_40,La-La2716,iter-A,1,0.25
Carys_41,hiya2549,iter-A,1,0.25
Carys_41,hwnna3022,iter-A,1,0.25
Carys_42,La-La2716,iter-A,1,0.25
Carys_42,Meira1946,iter-A,1,0.25
Carys_42,eisio3021,iter-A,1,0.25
Carys_42,gaggag2548,iter-A,1,0.25
Carys_42,tata3023,iter-A,1,0.25
Carys_44,Meira1946,iter-A,1,0.25
Carys_44,Meira2553,iter-A,1,0.25
Carys_44,eira2545,iter-A,1,0.25
Carys_44,eira2546,iter-A,1,0.25
Carys_45,eisio2547,iter-A,1,0.25
Carys_45,eisio3021,iter-A,1,0.25
Carys_45,tata2554,iter-A,1,0.25
Carys_45,tata3023,iter-A,1,0.25
Carys_45,tedi2556,iter-A,1,0.25
Carys_46,Meira2553,iter-A,1,0.25
Carys_46,eira2545,iter-A,1,0.25
Carys_46,eira2546,iter-A,1,0.25
Carys_46,eisio2547,iter-A,1,0.25
Carys_46,hiya2549,iter-A,1,0.25
Carys_47,La-La2716,iter-A,1,0.25
Carys_47,Meira2553,iter-A,1,0.25
Carys_47,eira2546,iter-A,1,0.25
Carys_47,hiya2715,iter-A,1,0.25
Carys_48,eira2546,iter-A,1,0.25
Carys_48,hwnna2550,iter-A,1,0.25
Carys_49,hiya2549,iter-A,1,0.25
Carys_49,hwnna3022,iter-A,1,0.25
Carys_5,eisio3021,iter-A,1,0.25
Carys_5,hiya2715,iter-A,1,0.25
Carys_5,hwnna2550,iter-A,1,0.25
Carys_5,tata3023,iter-A,1,0.25
Carys_50,tata2554,iter-A,1,0.25
Carys_50,tata2555,iter-A,1,0.25
Carys_50,tata3023,iter-A,1,0.25
Carys_50,tedi2556,iter-A,1,0.25
Carys_53,La-La2716,iter-A,1,0.25
Carys_53,gaggag2548,iter-A,1,0.25
Carys_53,hiya2715,iter-A,1,0.25
Carys_54,La-La2716,iter-A,1,0.25
Carys_54,eisio2547,iter-A,1,0.25
Carys_54,eisio3021,iter-A,1,0.25
Carys_54,hiya2715,iter-A,1,0.25
Carys_54,tata2554,iter-A,1,0.25
Carys_54,tata2555,iter-A,1,0.25
Carys_56,Meira1946,iter-A,1,0.25
Carys_56,eisio3021,iter-A,1,0.25
Carys_56,hiya2715,iter-A,1,0.25
Carys_56,hwnna3022,iter-A,1,0.25
Carys_57,tata2554,iter-A,1,0.25
Carys_57,tata2555,iter-A,1,0.25
Carys_57,tata3023,iter-A,1,0.25
Carys_59,La-La2716,iter-A,1,0.25
Carys_59,eisio2547,iter-A,1,0.25
Carys_59,hiya2715,iter-A,1,0.25
Carys_59,hwnna3022,iter-A,1,0.25
Carys_59,tata2555,iter-A,1,0.25
Carys_59,tata3023,iter-A,1,0.25
Carys_6,La-La2716,iter-A,1,0.25
Carys_6,eisio3021,iter-A,1,0.25
Carys_6,hiya2715,iter-A,1,0.25
Carys_6,hwnna2550,iter-A,1,0.25
Carys_6,tata3023,iter-A,1,0.25
Carys_60,eira2545,iter-A,1,0.25
Carys_60,eisio3021,iter-A,1,0.25
Carys_60,tata2554,iter-A,1,0.25
Carys_60,tata2555,iter-A,1,0.25
Carys_60,tata3023,iter-A,1,0.25
Carys_61,tata2554,iter-A,1,0.25
Carys_61,tata2555,iter-A,1,0.25
Carys_61,tata3023,iter-A,1,0.25
Carys_63,Meira1946,iter-A,1,0.25
Carys_63,Meira2553,iter-A,1,0.25
Carys_63,eira2545,iter-A,1,0.25
Carys_63,hiya2549,iter-A,1,0.25
Carys_64,Meira2553,iter-A,1,0.25
Carys_64,eira2546,iter-A,1,0.25
Carys_64,eisio2547,iter-A,1,0.25
Carys_64,hiya2549,iter-A,1,0.25
Carys_65,Meira2553,iter-A,1,0.25
Carys_65,eisio2547,iter-A,1,0.25
Carys_65,hiya2549,iter-A,1,0.25
Carys_66,Meira1946,iter-A,1,0.25
Carys_66,eira2545,iter-A,1,0.25
Carys_66,eira2546,iter-A,1,0.25
Carys_67,La-La2716,iter-A,1,0.25
Carys_67,eira2546,iter-A,1,0.25
Carys_67,hiya2715,iter-A,1,0.25
Carys_68,eisio2547,iter-A,1,0.25
Carys_68,eisio3021,iter-A,1,0.25
Carys_68,tata2554,iter-A,1,0.25
Carys_68,tata2555,iter-A,1,0.25
Carys_68,tata3023,iter-A,1,0.25
Carys_68,tedi2556,iter-A,1,0.25
Carys_69,La-La2716,iter-A,1,0.25
Carys_69,eisio2547,iter-A,1,0.25
Carys_69,eisio3021,iter-A,1,0.25
Carys_69,hiya2715,iter-A,1,0.25
Carys_69,hwnna3022,iter-A,1,0.25
Carys_69,tata2554,iter-A,1,0.25
Carys_69,tedi2556,iter-A,1,0.25
Carys_7,Meira1946,iter-A,1,0.25
Carys_7,Meira2553,iter-A,1,0.25
Carys_7,hiya2549,iter-A,1,0.25
Carys_70,La-La2716,iter-A,1,0.25
Carys_70,hiya2715,iter-A,1,0.25
Carys_71,eira2545,iter-A,1,0.25
Carys_71,hwnna2550,iter-A,1,0.25
Carys_72,La-La2716,iter-A,1,0.25
Carys_72,Meira1946,iter-A,1,0.25
Carys_72,eisio3021,iter-A,1,0.25
Carys_72,gaggag2548,iter-A,1,0.25
Carys_72,tata3023,iter-A,1,0.25
Carys_73,La-La2716,iter-A,1,0.25
Carys_73,Meira2553,iter-A,1,0.25
Carys_73,eira2546,iter-A,1,0.25
Carys_73,hiya2715,iter-A,1,0.25
Carys_75,La-La2716,iter-A,1,0.25
Carys_75,Meira1946,iter-A,1,0.25
Carys_75,gaggag2548,iter-A,1,0.25
Carys_75,hiya2715,iter-A,1,0.25
Carys_75,hwnna3022,iter-A,1,0.25
Carys_75,tata3023,iter-A,1,0.25
Carys_76,hiya2549,iter-A,1,0.25
Carys_76,hwnna3022,iter-A,1,0.25
Carys_77,hiya2549,iter-A,1,0.25
Carys_77,hwnna3022,iter-A,1,0.25
Carys_78,eira2546,iter-A,1,0.25
Carys_78,hwnna2550,iter-A,1,0.25
Carys_8,eisio2547,iter-A,1,0.25
Carys_8,eisio3021,iter-A,1,0.25
Carys_8,tata2554,iter-A,1,0.25
Carys_8,tata3023,iter-A,1,0.25
Carys_8,tedi2556,iter-A,1,0.25
Carys_80,La-La2716,iter-A,1,0.25
Carys_80,Meira1946,iter-A,1,0.25
Carys_80,Meira2553,iter-A,1,0.25
Carys_80,eira2546,iter-A,1,0.25
Carys_80,hiya2715,iter-A,1,0.25
Carys_81,La-La2716,iter-A,1,0.25
Carys_81,eisio2547,iter-A,1,0.25
Carys_81,eisio3021,iter-A,1,0.25
Carys_81,hiya2715,iter-A,1,0.25
Carys_81,tata2554,iter-A,1,0.25
Carys_81,tata2555,iter-A,1,0.25
Carys_81,tedi2556,iter-A,1,0.25
Carys_82,Meira1946,iter-A,1,0.25
Carys_82,Meira2553,iter-A,1,0.25
Carys_82,eira2545,iter-A,1,0.25
Carys_82,hiya2549,iter-A,1,0.25
Carys_83,eira2545,iter-A,1,0.25
Carys_83,eira2546,iter-A,1,0.25
Carys_83,hwnna2550,iter-A,1,0.25
Carys_84,Lucy2552,iter-A,1,0.25
Carys_84,eisio2547,iter-A,1,0.25
Carys_84,tata2555,iter-A,1,0.25
Carys_84,tata3023,iter-A,1,0.25
Carys_84,tedi2556,iter-A,1,0.25
Carys_85,La-La2716,iter-A,1,0.25
Carys_85,Meira1946,iter-A,1,0.25
Carys_85,eisio3021,iter-A,1,0.25
Carys_85,gaggag2548,iter-A,1,0.25
Carys_85,hwnna3022,iter-A,1,0.25
Carys_85,tata3023,iter-A,1,0.25
Carys_86,tata2554,iter-A,1,0.25
Carys_86,tata2555,iter-A,1,0.25
Carys_86,tata3023,iter-A,1,0.25
Carys_88,La-La2716,iter-A,1,0.25
Carys_88,hiya2715,iter-A,1,0.25
Carys_88,hwnna3022,iter-A,1,0.25
Carys_88,tata2555,iter-A,1,0.25
Carys_88,tata3023,iter-A,1,0.25
Carys_89,Meira1946,iter-A,1,0.25
Carys_89,Meira2553,iter-A,1,0.25
Carys_89,eira2545,iter-A,1,0.25
Carys_89,eira2546,iter-A,1,0.25
Carys_9,Meira1946,iter-A,1,0.25
Carys_9,eira2545,iter-A,1,0.25
Carys_9,eira2546,iter-A,1,0.25
Carys_91,Meira2553,iter-A,1,0.25
Carys_91,eira2545,iter-A,1,0.25
Carys_91,eisio2547,iter-A,1,0.25
Carys_91,hiya2549,iter-A,1,0.25
Carys_92,La-La2716,iter-A,1,0.25
Carys_92,eisio3021,iter-A,1,0.25
Carys_92,hiya2715,iter-A,1,0.25
Carys_92,hwnna2550,iter-A,1,0.25
Carys_92,tata3023,iter-A,1,0.25
Carys_94,Meira1946,iter-A,1,0.25
Carys_94,eisio3021,iter-A,1,0.25
Carys_94,gaggag2548,iter-A,1,0.25
Carys_94,hiya2715,iter-A,1,0.25
Carys_94,hwnna3022,iter-A,1,0.25
Carys_94,tata3023,iter-A,1,0.25
Carys_96,La-La2716,iter-A,1,0.25
Carys_96,eisio2547,iter-A,1,0.25
Carys_96,hwnna3022,iter-A,1,0.25
Carys_96,tata2555,iter-A,1,0.25
Carys_96,tata3023,iter-A,1,0.25
Carys_97,Lucy2552,iter-A,1,0.25
Carys_97,eisio2547,iter-A,1,0.25
Carys_97,tata2554,iter-A,1,0.25
Carys_97,tata2555,iter-A,1,0.25
Carys_97,tata3023,iter-A,1,0.25
Carys_98,Lucy2552,iter-A,1,0.25
Carys_98,eisio2547,iter-A,1,0.25
Carys_98,tata2555,iter-A,1,0.25
Carys_98,tedi2556,iter-A,1,0.25
Carys_99,Meira1946,iter-A,1,0.25
Carys_99,Meira2553,iter-A,1,0.25
Carys_99,eira2545,iter-A,1,0.25
Carys_99,hiya2549,iter-A,1,0.25
Eelis_1,kiikkaa1807,iter-A,1,0.25
Eelis_1,kiinni1814,iter-A,1,0.25
Eelis_10,Hippi3512,iter-A,1,0.25
Eelis_10,heppa3171,iter-A,1,0.25
Eelis_10,heppa3172,iter-A,1,0.25
Eelis_10,heppa3173,iter-A,1,0.25
Eelis_10,heppa3174,iter-A,1,0.25
Eelis_10,heppa3177,iter-A,1,0.25
Eelis_10,heppa3509,iter-A,1,0.25
Eelis_10,loppu3520,iter-A,1,0.25
Eelis_100,ankka3500,iter-A,1,0.25
Eelis_100,ankka3505,iter-A,1,0.25
Eelis_100,itkee3519,iter-A,1,0.25
Eelis_100,kakka3182,iter-A,1,0.25
Eelis_100,kiikkaa3186,iter-A,1,0.25
Eelis_100,kiikkaa3192,iter-A,1,0.25
Eelis_100,kiikkaa3194,iter-A,1,0.25
Eelis_100,kukka3197,iter-A,1,0.25
Eelis_100,rikki3523,iter-A,1,0.25
Eelis_100,rikki3524,iter-A,1,0.25
Eelis_11,ankka3505,iter-A,1,0.25
Eelis_11,itkee3519,iter-A,1,0.25
Eelis_11,kiikkaa3189,iter-A,1,0.25
Eelis_11,kiikkaa3192,iter-A,1,0.25
Eelis_11,kiikkaa3194,iter-A,1,0.25
Eelis_11,kiikkaa3195,iter-A,1,0.25
Eelis_11,kukka3196,iter-A,1,0.25
Eelis_12,heppa3169,iter-A,1,0.25
Eelis_12,heppa3171,iter-A,1,0.25
Eelis_12,heppa3181,iter-A,1,0.25
Eelis_12,heppa3508,iter-A,1,0.25
Eelis_12,nappi3521,iter-A,1,0.25
Eelis_13,istuu3514,iter-A,1,0.25
Eelis_13,istuu3515,iter-A,1,0.25
Eelis_14,kiinni1810,iter-A,1,0.25
Eelis_14,kiinni1812,iter-A,1,0.25
Eelis_14,kiinni1814,iter-A,1,0.25
Eelis_14,kiinni1815,iter-A,1,0.25
Eelis_16,ankka3500,iter-A,1,0.25
Eelis_16,ankka3503,iter-A,1,0.25
Eelis_16,kakka3184,iter-A,1,0.25
Eelis_16,kiikkaa3186,iter-A,1,0.25
Eelis_16,kiikkaa3187,iter-A,1,0.25
Eelis_16,kiikkaa3195,iter-A,1,0.25
Eelis_16,kukka3196,iter-A,1,0.25
Eelis_16,rikki3524,iter-A,1,0.25
Eelis_17,heppa3173,iter-A,1,0.25
Eelis_17,heppa3180,iter-A,1,0.25
Eelis_17,heppa3508,iter-A,1,0.25
Eelis_17,pipi3202,iter-A,1,0.25
Eelis_18,ankka3500,iter-A,1,0.25
Eelis_18,ankka3501,iter-A,1,0.25
Eelis_18,ankka3502,iter-A,1,0.25
Eelis_18,ankka3504,iter-A,1,0.25
Eelis_18,kakka3185,iter-A,1,0.25
Eelis_19,Hippi3511,iter-A,1,0.25
Eelis_19,heppa3173,iter-A,1,0.25
Eelis_19,heppa3508,iter-A,1,0.25
Eelis_19,nappi3521,iter-A,1,0.25
Eelis_2,ankka3503,iter-A,1,0.25
Eelis_2,kakka3185,iter-A,1,0.25
Eelis_2,kiikkaa3194,iter-A,1,0.25
Eelis_2,rikki3523,iter-A,1,0.25
Eelis_2,rikki3524,iter-A,1,0.25
Eelis_20,kakka3185,iter-A,1,0.25
Eelis_20,kiikkaa3187,iter-A,1,0.25
Eelis_20,kiikkaa3188,iter-A,1,0.25
Eelis_20,kiikkaa3190,iter-A,1,0.25
Eelis_20,kukka3196,iter-A,1,0.25
Eelis_21,kiinni1809,iter-A,1,0.25
Eelis_21,kiinni1811,iter-A,1,0.25
Eelis_21,kiinni1813,iter-A,1,0.25
Eelis_23,ankka3499,iter-A,1,0.25
Eelis_23,ankka3503,iter-A,1,0.25
Eelis_23,ankka3505,iter-A,1,0.25
Eelis_23,kakka3182,iter-A,1,0.25
Eelis_23,kakka3185,iter-A,1,0.25
Eelis_23,kiikkaa3192,iter-A,1,0.25
Eelis_24,heppa3174,iter-A,1,0.25
Eelis_24,heppa3175,iter-A,1,0.25
Eelis_24,heppa3176,iter-A,1,0.25
Eelis_24,loppu3520,iter-A,1,0.25
Eelis_24,nappi3521,iter-A,1,0.25
Eelis_25,Hippi3513,iter-A,1,0.25
Eelis_25,heppa3171,iter-A,1,0.25
Eelis_25,heppa3172,iter-A,1,0.25
Eelis_25,heppa3174,iter-A,1,0.25
Eelis_25,heppa3175,iter-A,1,0.25
Eelis_25,heppa3178,iter-A,1,0.25
Eelis_25,heppa3180,iter-A,1,0.25
Eelis_25,heppa3510,iter-A,1,0.25
Eelis_25,loppu3520,iter-A,1,0.25
Eelis_26,ankka3501,iter-A,1,0.25
Eelis_26,ankka3503,iter-A,1,0.25
Eelis_26,kiikkaa3192,iter-A,1,0.25
Eelis_26,kiikkaa3193,iter-A,1,0.25
Eelis_26,kiikkaa3195,iter-A,1,0.25
Eelis_26,rikki3523,iter-A,1,0.25
Eelis_26,rikki3524,iter-A,1,0.25
Eelis_27,kiinni1812,iter-A,1,0.25
Eelis_27,kiinni1815,iter-A,1,0.25
Eelis_28,Hippi3512,iter-A,1,0.25
Eelis_28,heppa3179,iter-A,1,0.25
Eelis_28,heppa3180,iter-A,1,0.25
Eelis_28,heppa3508,iter-A,1,0.25
Eelis_28,loppu3520,iter-A,1,0.25
Eelis_3,Hippi3511,iter-A,1,0.25
Eelis_3,Hippi3513,iter-A,1,0.25
Eelis_3,heppa3171,iter-A,1,0.25
Eelis_3,heppa3181,iter-A,1,0.25
Eelis_3,heppa3508,iter-A,1,0.25
Eelis_3,räppäa2862,iter-A,1,0.25
Eelis_30,heppa3169,iter-A,1,0.25
Eelis_30,heppa3173,iter-A,1,0.25
Eelis_30,heppa3176,iter-A,1,0.25
Eelis_30,heppa3177,iter-A,1,0.25
Eelis_30,heppa3181,iter-A,1,0.25
Eelis_30,heppa3508,iter-A,1,0.25
Eelis_30,loppu3520,iter-A,1,0.25
Eelis_31,ankka3500,iter-A,1,0.25
Eelis_31,kakka3182,iter-A,1,0.25
Eelis_31,kiikkaa3194,iter-A,1,0.25
Eelis_31,kukka3196,iter-A,1,0.25
Eelis_31,rikki3524,iter-A,1,0.25
Eelis_32,itkee3519,iter-A,1,0.25
Eelis_32,kakka3182,iter-A,1,0.25
Eelis_32,kakka3183,iter-A,1,0.25
Eelis_32,kiikkaa3188,iter-A,1,0.25
Eelis_32,rikki3524,iter-A,1,0.25
Eelis_33,kiinni1809,iter-A,1,0.25
Eelis_33,kiinni1810,iter-A,1,0.25
Eelis_33,kiinni1813,iter-A,1,0.25
Eelis_34,ankka3499,iter-A,1,0.25
Eelis_34,ankka3503,iter-A,1,0.25
Eelis_34,kakka3182,iter-A,1,0.25
Eelis_34,kakka3184,iter-A,1,0.25
Eelis_34,kakka3185,iter-A,1,0.25
Eelis_34,kiikkaa3187,iter-A,1,0.25
Eelis_34,kiikkaa3192,iter-A,1,0.25
Eelis_34,kiikkaa3193,iter-A,1,0.25
Eelis_34,kiikkaa3195,iter-A,1,0.25
Eelis_35,ankka3499,iter-A,1,0.25
Eelis_35,ankka3501,iter-A,1,0.25
Eelis_35,ankka3503,iter-A,1,0.25
Eelis_35,ankka3504,iter-A,1,0.25
Eelis_35,itkee3519,iter-A,1,0.25
Eelis_35,kakka3182,iter-A,1,0.25
Eelis_35,kiikkaa3191,iter-A,1,0.25
Eelis_35,kiikkaa3193,iter-A,1,0.25
Eelis_35,rikki3523,iter-A,1,0.25
Eelis_36,Hippi3511,iter-A,1,0.25
Eelis_36,heppa3173,iter-A,1,0.25
Eelis_36,heppa3175,iter-A,1,0.25
Eelis_36,heppa3176,iter-A,1,0.25
Eelis_36,heppa3181,iter-A,1,0.25
Eelis_36,pipi3202,iter-A,1,0.25
Eelis_36,räppäa2862,iter-A,1,0.25
Eelis_37,heppa3508,iter-A,1,0.25
Eelis_37,pappa3200,iter-A,1,0.25
Eelis_37,pipi3201,iter-A,1,0.25
Eelis_37,pipi3202,iter-A,1,0.25
Eelis_38,ankka3499,iter-A,1,0.25
Eelis_38,ankka3502,iter-A,1,0.25
Eelis_38,itkee3519,iter-A,1,0.25
Eelis_38,kakka3182,iter-A,1,0.25
Eelis_38,kiikkaa3186,iter-A,1,0.25
Eelis_38,kiikkaa3193,iter-A,1,0.25
Eelis_38,kukka3197,iter-A,1,0.25
Eelis_38,rikki3523,iter-A,1,0.25
Eelis_39,ankka3500,iter-A,1,0.25
Eelis_39,ankka3504,iter-A,1,0.25
Eelis_39,ankka3505,iter-A,1,0.25
Eelis_39,kakka3184,iter-A,1,0.25
Eelis_39,kiikkaa3189,iter-A,1,0.25
Eelis_39,kiikkaa3193,iter-A,1,0.25
Eelis_39,kukka3196,iter-A,1,0.25
Eelis_4,ankka3499,iter-A,1,0.25
Eelis_4,ankka3503,iter-A,1,0.25
Eelis_4,kiikkaa3187,iter-A,1,0.25
Eelis_4,kiikkaa3189,iter-A,1,0.25
Eelis_40,Hippi3513,iter-A,1,0.25
Eelis_40,heppa3171,iter-A,1,0.25
Eelis_40,heppa3173,iter-A,1,0.25
Eelis_40,heppa3508,iter-A,1,0.25
Eelis_40,heppa3509,iter-A,1,0.25
Eelis_41,kiinni1809,iter-A,1,0.25
Eelis_41,kiinni1813,iter-A,1,0.25
Eelis_41,kiinni1814,iter-A,1,0.25
Eelis_41,kiinni1815,iter-A,1,0.25
Eelis_41,kiitos1816,iter-A,1,0.25
Eelis_42,Hippi3513,iter-A,1,0.25
Eelis_42,heppa3181,iter-A,1,0.25
Eelis_42,heppa3508,iter-A,1,0.25
Eelis_43,Eetu2860,iter-A,1,0.25
Eelis_43,istuu3517,iter-A,1,0.25
Eelis_44,kiinni1809,iter-A,1,0.25
Eelis_45,heppa3173,iter-A,1,0.25
Eelis_45,heppa3175,iter-A,1,0.25
Eelis_45,heppa3178,iter-A,1,0.25
Eelis_45,heppa3179,iter-A,1,0.25
Eelis_45,heppa3509,iter-A,1,0.25
Eelis_46,Hippi3512,iter-A,1,0.25
Eelis_46,Hippi3513,iter-A,1,0.25
Eelis_46,heppa3173,iter-A,1,0.25
Eelis_46,heppa3174,iter-A,1,0.25
Eelis_46,heppa3179,iter-A,1,0.25
Eelis_46,heppa3508,iter-A,1,0.25
Eelis_46,loppu3520,iter-A,1,0.25
Eelis_46,nappi3521,iter-A,1,0.25
Eelis_48,ankka3499,iter-A,1,0.25
Eelis_48,ankka3500,iter-A,1,0.25
Eelis_48,ankka3503,iter-A,1,0.25
Eelis_48,kakka3182,iter-A,1,0.25
Eelis_48,kakka3183,iter-A,1,0.25
Eelis_48,kiikkaa3193,iter-A,1,0.25
Eelis_49,heppa3170,iter-A,1,0.25
Eelis_49,heppa3171,iter-A,1,0.25
Eelis_49,heppa3177,iter-A,1,0.25
Eelis_49,heppa3178,iter-A,1,0.25
Eelis_49,heppa3179,iter-A,1,0.25
Eelis_49,heppa3508,iter-A,1,0.25
Eelis_49,loppu3520,iter-A,1,0.25
Eelis_49,räppäa2862,iter-A,1,0.25
Eelis_5,ankka3502,iter-A,1,0.25
Eelis_5,ankka3505,iter-A,1,0.25
Eelis_5,kakka3185,iter-A,1,0.25
Eelis_5,kiikkaa3192,iter-A,1,0.25
Eelis_5,kiikkaa3194,iter-A,1,0.25
Eelis_5,kiikkaa3195,iter-A,1,0.25
Eelis_5,rikki3524,iter-A,1,0.25
Eelis_50,Eetu2860,iter-A,1,0.25
Eelis_50,Eetu2861,iter-A,1,0.25
Eelis_50,heppa3509,iter-A,1,0.25
Eelis_50,heppa3510,iter-A,1,0.25
Eelis_50,kiinni1810,iter-A,1,0.25
Eelis_50,kiitos1816,iter-A,1,0.25
Eelis_50,loppu3520,iter-A,1,0.25
Eelis_50,pipi2134,iter-A,1,0.25
Eelis_50,räppäa2862,iter-A,1,0.25
Eelis_51,itkee3519,iter-A,1,0.25
Eelis_51,kakka3183,iter-A,1,0.25
Eelis_51,kiikkaa3193,iter-A,1,0.25
Eelis_51,rikki3523,iter-A,1,0.25
Eelis_52,Hippi3513,iter-A,1,0.25
Eelis_52,heppa3169,iter-A,1,0.25
Eelis_52,heppa3171,iter-A,1,0.25
Eelis_52,heppa3172,iter-A,1,0.25
Eelis_52,heppa3176,iter-A,1,0.25
Eelis_52,heppa3180,iter-A,1,0.25
Eelis_52,loppu3520,iter-A,1,0.25
Eelis_53,ankka3500,iter-A,1,0.25
Eelis_53,ankka3501,iter-A,1,0.25
Eelis_53,ankka3502,iter-A,1,0.25
Eelis_53,kakka3185,iter-A,1,0.25
Eelis_53,kiikkaa3190,iter-A,1,0.25
Eelis_53,kiikkaa3192,iter-A,1,0.25
Eelis_53,kiikkaa3194,iter-A,1,0.25
Eelis_53,rikki3524,iter-A,1,0.25
Eelis_54,omppu1819,iter-A,1,0.25
Eelis_55,heppa3171,iter-A,1,0.25
Eelis_55,heppa3174,iter-A,1,0.25
Eelis_55,heppa3180,iter-A,1,0.25
Eelis_55,heppa3509,iter-A,1,0.25
Eelis_55,omppu3522,iter-A,1,0.25
Eelis_56,ankka3501,iter-A,1,0.25
Eelis_56,ankka3503,iter-A,1,0.25
Eelis_56,ankka3504,iter-A,1,0.25
Eelis_56,kiikkaa3187,iter-A,1,0.25
Eelis_56,kiikkaa3188,iter-A,1,0.25
Eelis_56,kiikkaa3194,iter-A,1,0.25
Eelis_57,Eetu2860,iter-A,1,0.25
Eelis_57,kiinni1808,iter-A,1,0.25
Eelis_57,kiinni1809,iter-A,1,0.25
Eelis_57,räppäa2862,iter-A,1,0.25
Eelis_58,Hippi3512,iter-A,1,0.25
Eelis_58,heppa3174,iter-A,1,0.25
Eelis_58,heppa3175,iter-A,1,0.25
Eelis_58,heppa3179,iter-A,1,0.25
Eelis_58,heppa3508,iter-A,1,0.25
Eelis_58,heppa3509,iter-A,1,0.25
Eelis_58,omppu3522,iter-A,1,0.25
Eelis_59,heppa3169,iter-A,1,0.25
Eelis_59,heppa3170,iter-A,1,0.25
Eelis_59,heppa3174,iter-A,1,0.25
Eelis_59,heppa3181,iter-A,1,0.25
Eelis_59,loppu3520,iter-A,1,0.25
Eelis_6,kiinni1812,iter-A,1,0.25
Eelis_60,heppa3171,iter-A,1,0.25
Eelis_60,heppa3172,iter-A,1,0.25
Eelis_60,heppa3174,iter-A,1,0.25
Eelis_60,heppa3176,iter-A,1,0.25
Eelis_60,heppa3177,iter-A,1,0.25
Eelis_60,heppa3179,iter-A,1,0.25
Eelis_60,heppa3181,iter-A,1,0.25
Eelis_60,heppa3508,iter-A,1,0.25
Eelis_60,heppa3509,iter-A,1,0.25
Eelis_60,loppu3520,iter-A,1,0.25
Eelis_60,omppu3522,iter-A,1,0.25
Eelis_61,ankka3501,iter-A,1,0.25
Eelis_61,ankka3502,iter-A,1,0.25
Eelis_61,ankka3503,iter-A,1,0.25
Eelis_61,kakka3182,iter-A,1,0.25
Eelis_61,kiikkaa3189,iter-A,1,0.25
Eelis_61,kukka3196,iter-A,1,0.25
Eelis_61,kukka3197,iter-A,1,0.25
Eelis_62,heppa3171,iter-A,1,0.25
Eelis_62,heppa3175,iter-A,1,0.25
Eelis_62,heppa3176,iter-A,1,0.25
Eelis_62,heppa3508,iter-A,1,0.25
Eelis_62,loppu3520,iter-A,1,0.25
Eelis_62,nappi3521,iter-A,1,0.25
Eelis_62,omppu3522,iter-A,1,0.25
Eelis_63,kiinni1809,iter-A,1,0.25
Eelis_63,kiinni1812,iter-A,1,0.25
Eelis_63,kiinni1815,iter-A,1,0.25
Eelis_64,ankka3504,iter-A,1,0.25
Eelis_64,ankka3505,iter-A,1,0.25
Eelis_64,itkee3519,iter-A,1,0.25
Eelis_64,kakka3185,iter-A,1,0.25
Eelis_64,kiikkaa3192,iter-A,1,0.25
Eelis_64,kukka3197,iter-A,1,0.25
Eelis_65,Hippi3513,iter-A,1,0.25
Eelis_65,heppa3169,iter-A,1,0.25
Eelis_65,heppa3509,iter-A,1,0.25
Eelis_65,loppu3520,iter-A,1,0.25
Eelis_66,ankka3503,iter-A,1,0.25
Eelis_66,ankka3504,iter-A,1,0.25
Eelis_66,ankka3505,iter-A,1,0.25
Eelis_66,kiikkaa3186,iter-A,1,0.25
Eelis_66,kiikkaa3189,iter-A,1,0.25
Eelis_66,kiikkaa3191,iter-A,1,0.25
Eelis_66,kiikkaa3194,iter-A,1,0.25
Eelis_66,kukka3196,iter-A,1,0.25
Eelis_66,rikki3523,iter-A,1,0.25
Eelis_67,istuu3515,iter-A,1,0.25
Eelis_67,räppäa2862,iter-A,1,0.25
Eelis_68,Hippi3513,iter-A,1,0.25
Eelis_68,heppa3172,iter-A,1,0.25
Eelis_68,heppa3509,iter-A,1,0.25
Eelis_69,ankka3500,iter-A,1,0.25
Eelis_69,ankka3503,iter-A,1,0.25
Eelis_69,itkee3519,iter-A,1,0.25
Eelis_69,kakka3185,iter-A,1,0.25
Eelis_69,kiikkaa3190,iter-A,1,0.25
Eelis_69,rikki3524,iter-A,1,0.25
Eelis_7,pipi3201,iter-A,1,0.25
Eelis_7,pipi3202,iter-A,1,0.25
Eelis_70,kiinni1808,iter-A,1,0.25
Eelis_70,kiinni1812,iter-A,1,0.25
Eelis_70,kiinni1815,iter-A,1,0.25
Eelis_72,ankka3501,iter-A,1,0.25
Eelis_72,itkee3519,iter-A,1,0.25
Eelis_72,kakka3183,iter-A,1,0.25
Eelis_72,kiikkaa3187,iter-A,1,0.25
Eelis_72,kiikkaa3188,iter-A,1,0.25
Eelis_72,kukka3196,iter-A,1,0.25
Eelis_72,kukka3197,iter-A,1,0.25
Eelis_72,rikki3524,iter-A,1,0.25
Eelis_73,kiinni1810,iter-A,1,0.25
Eelis_73,räppäa2862,iter-A,1,0.25
Eelis_74,Hippi3511,iter-A,1,0.25
Eelis_74,Hippi3513,iter-A,1,0.25
Eelis_74,heppa3173,iter-A,1,0.25
Eelis_74,heppa3180,iter-A,1,0.25
Eelis_74,loppu3520,iter-A,1,0.25
Eelis_74,omppu3522,iter-A,1,0.25
Eelis_75,heppa3172,iter-A,1,0.25
Eelis_75,heppa3179,iter-A,1,0.25
Eelis_75,heppa3510,iter-A,1,0.25
Eelis_75,loppu3520,iter-A,1,0.25
Eelis_76,heppa3169,iter-A,1,0.25
Eelis_76,heppa3171,iter-A,1,0.25
Eelis_76,heppa3172,iter-A,1,0.25
Eelis_76,heppa3180,iter-A,1,0.25
Eelis_76,heppa3181,iter-A,1,0.25
Eelis_76,heppa3509,iter-A,1,0.25
Eelis_76,omppu3522,iter-A,1,0.25
Eelis_77,Hippi3511,iter-A,1,0.25
Eelis_77,heppa3509,iter-A,1,0.25
Eelis_77,loppu3520,iter-A,1,0.25
Eelis_77,pipi3201,iter-A,1,0.25
Eelis_78,Hippi3511,iter-A,1,0.25
Eelis_78,heppa3170,iter-A,1,0.25
Eelis_78,heppa3173,iter-A,1,0.25
Eelis_78,heppa3178,iter-A,1,0.25
Eelis_78,heppa3509,iter-A,1,0.25
Eelis_78,heppa3510,iter-A,1,0.25
Eelis_78,pipi3201,iter-A,1,0.25
Eelis_78,räppäa2862,iter-A,1,0.25
Eelis_79,ankka3499,iter-A,1,0.25
Eelis_79,itkee3519,iter-A,1,0.25
Eelis_79,kakka3183,iter-A,1,0.25
Eelis_79,kiikkaa3187,iter-A,1,0.25
Eelis_79,kiikkaa3194,iter-A,1,0.25
Eelis_79,kukka3197,iter-A,1,0.25
Eelis_79,rikki3523,iter-A,1,0.25
Eelis_8,istuu3517,iter-A,1,0.25
Eelis_80,Hippi3513,iter-A,1,0.25
Eelis_80,heppa3508,iter-A,1,0.25
Eelis_80,poppa2135,iter-A,1,0.25
Eelis_81,heppa3169,iter-A,1,0.25
Eelis_81,heppa3172,iter-A,1,0.25
Eelis_81,heppa3176,iter-A,1,0.25
Eelis_81,heppa3181,iter-A,1,0.25
Eelis_81,heppa3508,iter-A,1,0.25
Eelis_82,heppa3171,iter-A,1,0.25
Eelis_82,heppa3172,iter-A,1,0.25
Eelis_82,heppa3173,iter-A,1,0.25
Eelis_82,heppa3176,iter-A,1,0.25
Eelis_82,pipi3202,iter-A,1,0.25
Eelis_83,ankka3502,iter-A,1,0.25
Eelis_83,kakka3185,iter-A,1,0.25
Eelis_83,kiikkaa3195,iter-A,1,0.25
Eelis_84,Eetu2861,iter-A,1,0.25
Eelis_84,Eetu3507,iter-A,1,0.25
Eelis_85,Eetu2860,iter-A,1,0.25
Eelis_85,istuu3515,iter-A,1,0.25
Eelis_85,istuu3516,iter-A,1,0.25
Eelis_86,Eetu2861,iter-A,1,0.25
Eelis_86,istuu3515,iter-A,1,0.25
Eelis_87,ankka3502,iter-A,1,0.25
Eelis_87,ankka3503,iter-A,1,0.25
Eelis_87,kakka3184,iter-A,1,0.25
Eelis_87,kiikkaa3195,iter-A,1,0.25
Eelis_88,Hippi3512,iter-A,1,0.25
Eelis_88,loppu3520,iter-A,1,0.25
Eelis_88,pappa3200,iter-A,1,0.25
Eelis_88,pipi2134,iter-A,1,0.25
Eelis_89,Hippi3511,iter-A,1,0.25
Eelis_89,heppa3173,iter-A,1,0.25
Eelis_89,heppa3174,iter-A,1,0.25
Eelis_89,heppa3180,iter-A,1,0.25
Eelis_89,heppa3510,iter-A,1,0.25
Eelis_89,pappa3200,iter-A,1,0.25
Eelis_9,heppa3173,iter-A,1,0.25
Eelis_9,heppa3509,iter-A,1,0.25
Eelis_9,nappi3521,iter-A,1,0.25
Eelis_9,pappa3200,iter-A,1,0.25
Eelis_9,pipi3202,iter-A,1,0.25
Eelis_91,ankka3499,iter-A,1,0.25
Eelis_91,kiikkaa3192,iter-A,1,0.25
Eelis_91,kiikkaa3193,iter-A,1,0.25
Eelis_91,kiikkaa3195,iter-A,1,0.25
Eelis_91,kukka3196,iter-A,1,0.25
Eelis_91,rikki3523,iter-A,1,0.25
Eelis_92,istuu3515,iter-A,1,0.25
Eelis_93,Hippi3511,iter-A,1,0.25
Eelis_93,heppa3178,iter-A,1,0.25
Eelis_93,heppa3180,iter-A,1,0.25
Eelis_93,heppa3181,iter-A,1,0.25
Eelis_93,omppu3522,iter-A,1,0.25
Eelis_94,ankka3500,iter-A,1,0.25
Eelis_94,ankka3503,iter-A,1,0.25
Eelis_94,ankka3505,iter-A,1,0.25
Eelis_94,kakka3183,iter-A,1,0.25
Eelis_94,kiikkaa3189,iter-A,1,0.25
Eelis_94,kiikkaa3190,iter-A,1,0.25
Eelis_94,kiikkaa3194,iter-A,1,0.25
Eelis_94,kukka3197,iter-A,1,0.25
Eelis_94,rikki3524,iter-A,1,0.25
Eelis_95,ankka3503,iter-A,1,0.25
Eelis_95,ankka3504,iter-A,1,0.25
Eelis_95,ankka3505,iter-A,1,0.25
Eelis_95,kakka3182,iter-A,1,0.25
Eelis_95,kakka3185,iter-A,1,0.25
Eelis_95,kiikkaa3190,iter-A,1,0.25
Eelis_95,kiikkaa3191,iter-A,1,0.25
Eelis_95,kiikkaa3195,iter-A,1,0.25
Eelis_95,rikki3523,iter-A,1,0.25
Eelis_96,ankka3503,iter-A,1,0.25
Eelis_96,itkee3519,iter-A,1,0.25
Eelis_96,kakka3182,iter-A,1,0.25
Eelis_96,kakka3183,iter-A,1,0.25
Eelis_96,kiikkaa3194,iter-A,1,0.25
Eelis_96,kukka3196,iter-A,1,0.25
Eelis_97,ankka3499,iter-A,1,0.25
Eelis_97,ankka3504,iter-A,1,0.25
Eelis_97,kiikkaa3192,iter-A,1,0.25
Eelis_97,kiikkaa3195,iter-A,1,0.25
Eelis_97,kukka3197,iter-A,1,0.25
Elen_1,uh-oh2602,iter-A,1,0.25
Elen_11,La-La3027,iter-A,1,0.25
Elen_11,La-La3028,iter-A,1,0.25
Elen_11,La-La3029,iter-A,1,0.25
Elen_11,hello3026,iter-A,1,0.25
Elen_11,hiya2592,iter-A,1,0.25
Elen_13,hwnna2593,iter-A,1,0.25
Elen_14,Dipsi2587,iter-A,1,0.25
Elen_14,"dau, tri2584",iter-A,1,0.25
Elen_14,"dau, tri2585",iter-A,1,0.25
Elen_14,"dau, tri2586",iter-A,1,0.25
Elen_14,geegee2588,iter-A,1,0.25
Elen_14,tata2598,iter-A,1,0.25
Elen_14,tedi2594,iter-A,1,0.25
Elen_15,La-La3027,iter-A,1,0.25
Elen_15,La-La3029,iter-A,1,0.25
Elen_15,hello1954,iter-A,1,0.25
Elen_15,llyga2595,iter-A,1,0.25
Elen_15,oh god3030,iter-A,1,0.25
Elen_16,oh god3030,iter-A,1,0.25
Elen_21,Dipsi2587,iter-A,1,0.25
Elen_21,"dau, tri2585",iter-A,1,0.25
Elen_21,tata2598,iter-A,1,0.25
Elen_21,tedi2599,iter-A,1,0.25
Elen_22,"dau, tri2584",iter-A,1,0.25
Elen_22,"dau, tri2586",iter-A,1,0.25
Elen_22,geegee2588,iter-A,1,0.25
Elen_22,tata2598,iter-A,1,0.25
Elen_22,tedi2599,iter-A,1,0.25
Elen_22,tedi2600,iter-A,1,0.25
Elen_23,hello2590,iter-A,1,0.25
Elen_23,hiya2591,iter-A,1,0.25
Elen_23,hiya2592,iter-A,1,0.25
Elen_23,hwnna2593,iter-A,1,0.25
Elen_23,uh-oh2601,iter-A,1,0.25
Elen_24,geegee2588,iter-A,1,0.25
Elen_24,tedi2594,iter-A,1,0.25
Elen_25,babi2577,iter-A,1,0.25
Elen_25,babi2580,iter-A,1,0.25
Elen_26,hello3026,iter-A,1,0.25
Elen_3,La-La3027,iter-A,1,0.25
Elen_3,La-La3029,iter-A,1,0.25
Elen_3,hello3026,iter-A,1,0.25
Elen_3,hwnna2593,iter-A,1,0.25
Elen_3,llyga2595,iter-A,1,0.25
Elen_32,babi2579,iter-A,1,0.25
Elen_32,babi2582,iter-A,1,0.25
Elen_33,Dipsi2587,iter-A,1,0.25
Elen_33,"dau, tri2585",iter-A,1,0.25
Elen_34,"dau, tri2585",iter-A,1,0.25
Elen_34,tata2598,iter-A,1,0.25
Elen_35,Dipsi2587,iter-A,1,0.25
Elen_35,"dau, tri2585",iter-A,1,0.25
Elen_35,"dau, tri2586",iter-A,1,0.25
Elen_35,tedi2594,iter-A,1,0.25
Elen_36,La-La3027,iter-A,1,0.25
Elen_36,La-La3029,iter-A,1,0.25
Elen_36,hello3026,iter-A,1,0.25
Elen_36,hwnna2593,iter-A,1,0.25
Elen_36,llyga2595,iter-A,1,0.25
Elen_37,babi2577,iter-A,1,0.25
Elen_38,La-La3027,iter-A,1,0.25
Elen_38,La-La3028,iter-A,1,0.25
Elen_4,tata2598,iter-A,1,0.25
Elen_4,tedi2599,iter-A,1,0.25
Elen_40,hello2590,iter-A,1,0.25
Elen_40,hiya2591,iter-A,1,0.25
Elen_40,hiya2592,iter-A,1,0.25
Elen_40,uh-oh2601,iter-A,1,0.25
Elen_42,hello2590,iter-A,1,0.25
Elen_42,hiya2591,iter-A,1,0.25
Elen_42,hwnna2593,iter-A,1,0.25
Elen_43,hello1954,iter-A,1,0.25
Elen_43,uh-oh2602,iter-A,1,0.25
Elen_44,Dipsi2587,iter-A,1,0.25
Elen_44,"dau, tri2586",iter-A,1,0.25
Elen_44,llyga2596,iter-A,1,0.25
Elen_44,tedi2594,iter-A,1,0.25
Elen_45,tedi2594,iter-A,1,0.25
Elen_45,tedi2599,iter-A,1,0.25
Elen_45,tedi2600,iter-A,1,0.25
Elen_47,Dipsi2587,iter-A,1,0.25
Elen_47,geegee2588,iter-A,1,0.25
Elen_48,hello3026,iter-A,1,0.25
Elen_48,hwnna2593,iter-A,1,0.25
Elen_48,uh-oh2601,iter-A,1,0.25
Elen_49,La-La3028,iter-A,1,0.25
Elen_5,La-La3027,iter-A,1,0.25
Elen_5,La-La3029,iter-A,1,0.25
Elen_5,hello3026,iter-A,1,0.25
Elen_5,hwnna2593,iter-A,1,0.25
Elen_51,Dipsi2587,iter-A,1,0.25
Elen_51,"dau, tri2585",iter-A,1,0.25
Elen_51,tedi2594,iter-A,1,0.25
Elen_51,tedi2599,iter-A,1,0.25
Elen_52,Dipsi2587,iter-A,1,0.25
Elen_52,"dau, tri2585",iter-A,1,0.25
Elen_52,tedi2594,iter-A,1,0.25
Elen_53,hello2590,iter-A,1,0.25
Elen_53,hwnna2593,iter-A,1,0.25
Elen_54,"dau, tri2584",iter-A,1,0.25
Elen_54,"dau, tri2585",iter-A,1,0.25
Elen_54,tedi2600,iter-A,1,0.25
Elen_55,La-La3027,iter-A,1,0.25
Elen_55,La-La3029,iter-A,1,0.25
Elen_55,hiya2591,iter-A,1,0.25
Elen_56,oh god3030,iter-A,1,0.25
Elen_57,Dipsi2587,iter-A,1,0.25
Elen_57,"dau, tri2585",iter-A,1,0.25
Elen_60,babi2582,iter-A,1,0.25
Elen_61,babi2577,iter-A,1,0.25
Elen_61,babi2579,iter-A,1,0.25
Elen_61,babi2581,iter-A,1,0.25
Elen_63,hwnna2593,iter-A,1,0.25
Elen_63,uh-oh2601,iter-A,1,0.25
Elen_64,hello3026,iter-A,1,0.25
Elen_64,hiya2592,iter-A,1,0.25
Elen_66,llyga2595,iter-A,1,0.25
Elen_66,oh god2597,iter-A,1,0.25
Elen_67,Dipsi2587,iter-A,1,0.25
Elen_67,"dau, tri2585",iter-A,1,0.25
Elen_67,tedi2599,iter-A,1,0.25
Elen_69,La-La3029,iter-A,1,0.25
Elen_69,hwnna2593,iter-A,1,0.25
Elen_7,hello2590,iter-A,1,0.25
Elen_7,hwnna2593,iter-A,1,0.25
Elen_7,uh-oh2602,iter-A,1,0.25
Elen_72,La-La3028,iter-A,1,0.25
Elen_72,La-La3029,iter-A,1,0.25
Elen_72,hello2590,iter-A,1,0.25
Elen_72,hiya2591,iter-A,1,0.25
Elen_72,uh-oh2601,iter-A,1,0.25
Elen_73,hello3026,iter-A,1,0.25
Elen_73,hiya2591,iter-A,1,0.25
Elen_73,hiya2592,iter-A,1,0.25
Elen_74,geegee2588,iter-A,1,0.25
Elen_74,tata2598,iter-A,1,0.25
Elen_75,tata2598,iter-A,1,0.25
Elen_75,tedi2594,iter-A,1,0.25
Elen_75,tedi2599,iter-A,1,0.25
Elen_77,La-La3028,iter-A,1,0.25
Elen_77,La-La3029,iter-A,1,0.25
Elen_77,hello2590,iter-A,1,0.25
Elen_77,hiya2591,iter-A,1,0.25
Elen_77,uh-oh2601,iter-A,1,0.25
Elen_78,Dipsi2587,iter-A,1,0.25
Elen_78,tata2598,iter-A,1,0.25
Elen_78,tedi2594,iter-A,1,0.25
Elen_79,Dipsi2587,iter-A,1,0.25
Elen_79,"dau, tri2585",iter-A,1,0.25
Elen_79,tata2598,iter-A,1,0.25
Elen_79,tedi2594,iter-A,1,0.25
Elen_80,oh god2597,iter-A,1,0.25
Elen_81,La-La3028,iter-A,1,0.25
Elen_81,La-La3029,iter-A,1,0.25
Elen_81,llyga2595,iter-A,1,0.25
Elen_82,La-La3028,iter-A,1,0.25
Elen_82,La-La3029,iter-A,1,0.25
Elen_82,hello3026,iter-A,1,0.25
Elen_82,llyga2595,iter-A,1,0.25
Elen_84,La-La3027,iter-A,1,0.25
Elen_84,La-La3028,iter-A,1,0.25
Elen_84,hello1954,iter-A,1,0.25
Elen_84,hello3026,iter-A,1,0.25
Elen_85,Dipsi2587,iter-A,1,0.25
Elen_85,"dau, tri2584",iter-A,1,0.25
Elen_85,"dau, tri2586",iter-A,1,0.25
Elen_85,tedi2594,iter-A,1,0.25
Elen_86,babi2578,iter-A,1,0.25
Elen_86,babi2581,iter-A,1,0.25
Elen_87,babi2578,iter-A,1,0.25
Elen_87,babi2579,iter-A,1,0.25
Elen_87,babi2581,iter-A,1,0.25
Elen_88,babi2582,iter-A,1,0.25
Elen_89,hello1954,iter-A,1,0.25
Elen_9,La-La3027,iter-A,1,0.25
Elen_9,La-La3028,iter-A,1,0.25
Elen_90,"dau, tri2586",iter-A,1,0.25
Elen_90,tedi2594,iter-A,1,0.25
Elen_91,babi2577,iter-A,1,0.25
Elen_91,babi2578,iter-A,1,0.25
Elen_93,tata2598,iter-A,1,0.25
Elen_94,babi2579,iter-A,1,0.25
Elen_94,babi2580,iter-A,1,0.25
Elen_94,babi2581,iter-A,1,0.25
Elen_94,babi2582,iter-A,1,0.25
Elen_96,babi2577,iter-A,1,0.25
Elen_96,babi2578,iter-A,1,0.25
Elen_96,babi2580,iter-A,1,0.25
Elen_96,babi2581,iter-A,1,0.25
Elen_96,babi2582,iter-A,1,0.25
Elen_97,babi2582,iter-A,1,0.25
Elen_98,babi2578,iter-A,1,0.25
Elen_98,babi2582,iter-A,1,0.25
Elen_99,babi2577,iter-A,1,0.25
Elen_99,babi2578,iter-A,1,0.25
Elen_99,babi2579,iter-A,1,0.25
Elen_99,babi2580,iter-A,1,0.25
Elen_99,babi2582,iter-A,1,0.25
Eliisa_1,kiikkuu2137,iter-A,1,0.25
Eliisa_1,nukke3213,iter-A,1,0.25
Eliisa_1,nukkuu3215,iter-A,1,0.25
Eliisa_10,litu2141,iter-A,1,0.25
Eliisa_10,litu2142,iter-A,1,0.25
Eliisa_10,tyttö3235,iter-A,1,0.25
Eliisa_10,tyttö3236,iter-A,1,0.25
Eliisa_100,pappa3218,iter-A,1,0.25
Eliisa_100,pupu2146,iter-A,1,0.25
Eliisa_11,isi2866,iter-A,1,0.25
Eliisa_11,isi2873,iter-A,1,0.25
Eliisa_11,kissa3529,iter-A,1,0.25
Eliisa_13,juusto2878,iter-A,1,0.25
Eliisa_13,juusto2881,iter-A,1,0.25
Eliisa_13,juusto2882,iter-A,1,0.25
Eliisa_13,juusto2885,iter-A,1,0.25
Eliisa_14,juusto2885,iter-A,1,0.25
Eliisa_15,isi2865,iter-A,1,0.25
Eliisa_15,kirja1826,iter-A,1,0.25
Eliisa_15,muumi1830,iter-A,1,0.25
Eliisa_15,oho2886,iter-A,1,0.25
Eliisa_15,oho2888,iter-A,1,0.25
Eliisa_15,oho2889,iter-A,1,0.25
Eliisa_15,piiloon2682,iter-A,1,0.25
Eliisa_16,hauva1822,iter-A,1,0.25
Eliisa_16,hauva1823,iter-A,1,0.25
Eliisa_16,hauva2680,iter-A,1,0.25
Eliisa_16,kiikkuu2137,iter-A,1,0.25
Eliisa_17,juusto2876,iter-A,1,0.25
Eliisa_18,litu2140,iter-A,1,0.25
Eliisa_18,tyttö3229,iter-A,1,0.25
Eliisa_18,tyttö3232,iter-A,1,0.25
Eliisa_18,tyttö3235,iter-A,1,0.25
Eliisa_19,kiikkuu2137,iter-A,1,0.25
Eliisa_19,kiikkuu3204,iter-A,1,0.25
Eliisa_19,kukka3210,iter-A,1,0.25
Eliisa_19,nukke3213,iter-A,1,0.25
Eliisa_2,isi2866,iter-A,1,0.25
Eliisa_2,isi2868,iter-A,1,0.25
Eliisa_2,isi2871,iter-A,1,0.25
Eliisa_2,isi2872,iter-A,1,0.25
Eliisa_2,oho2889,iter-A,1,0.25
Eliisa_20,"haloo, hallo2678",iter-A,1,0.25
Eliisa_20,isi2867,iter-A,1,0.25
Eliisa_20,isi2868,iter-A,1,0.25
Eliisa_20,isi2871,iter-A,1,0.25
Eliisa_21,isi2867,iter-A,1,0.25
Eliisa_21,isi2870,iter-A,1,0.25
Eliisa_21,oho2887,iter-A,1,0.25
Eliisa_22,litu2139,iter-A,1,0.25
Eliisa_22,litu2140,iter-A,1,0.25
Eliisa_22,tyttö3233,iter-A,1,0.25
Eliisa_22,tyttö3236,iter-A,1,0.25
Eliisa_23,mummu /muumu3211,iter-A,1,0.25
Eliisa_23,muumi1830,iter-A,1,0.25
Eliisa_24,juusto2878,iter-A,1,0.25
Eliisa_25,kiikkuu3207,iter-A,1,0.25
Eliisa_25,nukkuu3214,iter-A,1,0.25
Eliisa_25,rikki3224,iter-A,1,0.25
Eliisa_26,litu2139,iter-A,1,0.25
Eliisa_26,litu2140,iter-A,1,0.25
Eliisa_26,tyttö3235,iter-A,1,0.25
Eliisa_27,muumi1829,iter-A,1,0.25
Eliisa_28,kiikkuu3209,iter-A,1,0.25
Eliisa_29,kiikkuu3207,iter-A,1,0.25
Eliisa_29,kukka3210,iter-A,1,0.25
Eliisa_3,pallo3216,iter-A,1,0.25
Eliisa_3,pallo3217,iter-A,1,0.25
Eliisa_3,pappa3219,iter-A,1,0.25
Eliisa_3,pomppi3223,iter-A,1,0.25
Eliisa_3,pupu2147,iter-A,1,0.25
Eliisa_30,kakku3203,iter-A,1,0.25
Eliisa_30,kiikkuu2137,iter-A,1,0.25
Eliisa_31,juusto2875,iter-A,1,0.25
Eliisa_31,juusto2879,iter-A,1,0.25
Eliisa_31,juusto2880,iter-A,1,0.25
Eliisa_32,"haloo, hallo2677",iter-A,1,0.25
Eliisa_32,hauva2681,iter-A,1,0.25
Eliisa_32,isi2868,iter-A,1,0.25
Eliisa_32,isi2870,iter-A,1,0.25
Eliisa_32,oho2888,iter-A,1,0.25
Eliisa_33,kiikkuu3204,iter-A,1,0.25
Eliisa_33,kiikkuu3209,iter-A,1,0.25
Eliisa_33,rikki3224,iter-A,1,0.25
Eliisa_34,kakku3203,iter-A,1,0.25
Eliisa_34,kiikkuu3206,iter-A,1,0.25
Eliisa_35,tyttö3236,iter-A,1,0.25
Eliisa_36,litu2139,iter-A,1,0.25
Eliisa_36,litu2141,iter-A,1,0.25
Eliisa_36,tyttö3227,iter-A,1,0.25
Eliisa_36,tyttö3233,iter-A,1,0.25
Eliisa_36,tyttö3236,iter-A,1,0.25
Eliisa_37,juusto2876,iter-A,1,0.25
Eliisa_37,juusto2879,iter-A,1,0.25
Eliisa_37,juusto2883,iter-A,1,0.25
Eliisa_38,istu3525,iter-A,1,0.25
Eliisa_38,litu2141,iter-A,1,0.25
Eliisa_38,tyttö3231,iter-A,1,0.25
Eliisa_38,vettä2149,iter-A,1,0.25
Eliisa_39,juusto2877,iter-A,1,0.25
Eliisa_39,juusto2879,iter-A,1,0.25
Eliisa_4,"haloo, hallo2677",iter-A,1,0.25
Eliisa_4,hauva2681,iter-A,1,0.25
Eliisa_4,isi2866,iter-A,1,0.25
Eliisa_4,isi2868,iter-A,1,0.25
Eliisa_4,kissa3526,iter-A,1,0.25
Eliisa_4,kissa3529,iter-A,1,0.25
Eliisa_4,kissa3530,iter-A,1,0.25
Eliisa_40,litu2138,iter-A,1,0.25
Eliisa_40,litu2139,iter-A,1,0.25
Eliisa_40,litu2143,iter-A,1,0.25
Eliisa_40,tyttö3232,iter-A,1,0.25
Eliisa_41,kiikkuu2137,iter-A,1,0.25
Eliisa_42,hauva1822,iter-A,1,0.25
Eliisa_42,hauva1823,iter-A,1,0.25
Eliisa_42,hauva2681,iter-A,1,0.25
Eliisa_42,isi2863,iter-A,1,0.25
Eliisa_42,isi2869,iter-A,1,0.25
Eliisa_42,isi2872,iter-A,1,0.25
Eliisa_43,juusto2878,iter-A,1,0.25
Eliisa_43,juusto2885,iter-A,1,0.25
Eliisa_45,litu2139,iter-A,1,0.25
Eliisa_45,litu2142,iter-A,1,0.25
Eliisa_45,tyttö3145,iter-A,1,0.25
Eliisa_45,tyttö3234,iter-A,1,0.25
Eliisa_46,juusto2875,iter-A,1,0.25
Eliisa_46,juusto2876,iter-A,1,0.25
Eliisa_46,juusto2880,iter-A,1,0.25
Eliisa_46,juusto2883,iter-A,1,0.25
Eliisa_47,kiikkuu3207,iter-A,1,0.25
Eliisa_48,hauva1823,iter-A,1,0.25
Eliisa_49,juusto2881,iter-A,1,0.25
Eliisa_5,juusto2875,iter-A,1,0.25
Eliisa_5,juusto2881,iter-A,1,0.25
Eliisa_5,juusto2885,iter-A,1,0.25
Eliisa_50,litu2141,iter-A,1,0.25
Eliisa_51,hauva1822,iter-A,1,0.25
Eliisa_51,kirja1825,iter-A,1,0.25
Eliisa_51,piiloon2682,iter-A,1,0.25
Eliisa_52,hauva1821,iter-A,1,0.25
Eliisa_52,hauva1823,iter-A,1,0.25
Eliisa_52,hauva2679,iter-A,1,0.25
Eliisa_52,hauva2681,iter-A,1,0.25
Eliisa_52,isi2863,iter-A,1,0.25
Eliisa_52,isi2864,iter-A,1,0.25
Eliisa_53,hauva2679,iter-A,1,0.25
Eliisa_53,kissa3528,iter-A,1,0.25
Eliisa_53,oho2886,iter-A,1,0.25
Eliisa_56,isi2864,iter-A,1,0.25
Eliisa_56,isi2872,iter-A,1,0.25
Eliisa_57,hauva1822,iter-A,1,0.25
Eliisa_57,hauva2136,iter-A,1,0.25
Eliisa_57,hauva2681,iter-A,1,0.25
Eliisa_57,piiloon2682,iter-A,1,0.25
Eliisa_58,juusto2880,iter-A,1,0.25
Eliisa_58,juusto2884,iter-A,1,0.25
Eliisa_58,juusto2885,iter-A,1,0.25
Eliisa_58,oho2886,iter-A,1,0.25
Eliisa_58,oho2888,iter-A,1,0.25
Eliisa_59,hauva2680,iter-A,1,0.25
Eliisa_59,hauva2681,iter-A,1,0.25
Eliisa_59,isi2863,iter-A,1,0.25
Eliisa_59,isi2868,iter-A,1,0.25
Eliisa_59,isi2874,iter-A,1,0.25
Eliisa_59,kissa3526,iter-A,1,0.25
Eliisa_59,oho2886,iter-A,1,0.25
Eliisa_59,oho2888,iter-A,1,0.25
Eliisa_6,juusto2875,iter-A,1,0.25
Eliisa_6,juusto2877,iter-A,1,0.25
Eliisa_6,juusto2882,iter-A,1,0.25
Eliisa_6,juusto2884,iter-A,1,0.25
Eliisa_60,"haloo, hallo2677",iter-A,1,0.25
Eliisa_60,hauva1821,iter-A,1,0.25
Eliisa_60,hauva1822,iter-A,1,0.25
Eliisa_60,isi2864,iter-A,1,0.25
Eliisa_60,isi2866,iter-A,1,0.25
Eliisa_60,isi2867,iter-A,1,0.25
Eliisa_60,isi2868,iter-A,1,0.25
Eliisa_60,isi2870,iter-A,1,0.25
Eliisa_60,isi2873,iter-A,1,0.25
Eliisa_60,isi2874,iter-A,1,0.25
Eliisa_60,kirja1827,iter-A,1,0.25
Eliisa_60,muumi1829,iter-A,1,0.25
Eliisa_61,litu2140,iter-A,1,0.25
Eliisa_61,tyttö3145,iter-A,1,0.25
Eliisa_61,tyttö3230,iter-A,1,0.25
Eliisa_61,tyttö3233,iter-A,1,0.25
Eliisa_61,vettä2149,iter-A,1,0.25
Eliisa_63,litu2140,iter-A,1,0.25
Eliisa_63,litu2141,iter-A,1,0.25
Eliisa_63,tyttö3230,iter-A,1,0.25
Eliisa_63,tyttö3232,iter-A,1,0.25
Eliisa_63,tyttö3233,iter-A,1,0.25
Eliisa_64,"haloo, hallo2677",iter-A,1,0.25
Eliisa_64,hauva1822,iter-A,1,0.25
Eliisa_64,hauva2681,iter-A,1,0.25
Eliisa_64,isi2870,iter-A,1,0.25
Eliisa_64,isi2873,iter-A,1,0.25
Eliisa_64,muumi1829,iter-A,1,0.25
Eliisa_64,oho2888,iter-A,1,0.25
Eliisa_65,kakku3203,iter-A,1,0.25
Eliisa_65,kiikkuu3206,iter-A,1,0.25
Eliisa_65,nukkuu3215,iter-A,1,0.25
Eliisa_67,juusto2877,iter-A,1,0.25
Eliisa_67,juusto2883,iter-A,1,0.25
Eliisa_68,tyttö3145,iter-A,1,0.25
Eliisa_68,tyttö3231,iter-A,1,0.25
Eliisa_68,tyttö3232,iter-A,1,0.25
Eliisa_69,isi2865,iter-A,1,0.25
Eliisa_69,kissa3529,iter-A,1,0.25
Eliisa_69,oho2889,iter-A,1,0.25
Eliisa_7,"haloo, hallo2678",iter-A,1,0.25
Eliisa_7,hauva2680,iter-A,1,0.25
Eliisa_7,isi2869,iter-A,1,0.25
Eliisa_7,isi2872,iter-A,1,0.25
Eliisa_7,kissa3526,iter-A,1,0.25
Eliisa_7,kissa3528,iter-A,1,0.25
Eliisa_7,piiloon2682,iter-A,1,0.25
Eliisa_70,juusto2876,iter-A,1,0.25
Eliisa_70,juusto2877,iter-A,1,0.25
Eliisa_70,juusto2885,iter-A,1,0.25
Eliisa_71,tyttö3230,iter-A,1,0.25
Eliisa_73,kiikkuu2137,iter-A,1,0.25
Eliisa_73,kiikkuu3205,iter-A,1,0.25
Eliisa_73,nukke3212,iter-A,1,0.25
Eliisa_73,rikki3224,iter-A,1,0.25
Eliisa_74,kakku3203,iter-A,1,0.25
Eliisa_74,kiikkuu3204,iter-A,1,0.25
Eliisa_75,kakku3203,iter-A,1,0.25
Eliisa_75,nukkuu3214,iter-A,1,0.25
Eliisa_76,isi2867,iter-A,1,0.25
Eliisa_76,isi2870,iter-A,1,0.25
Eliisa_76,isi2871,iter-A,1,0.25
Eliisa_76,kissa3526,iter-A,1,0.25
Eliisa_76,kissa3529,iter-A,1,0.25
Eliisa_76,oho2886,iter-A,1,0.25
Eliisa_77,litu2141,iter-A,1,0.25
Eliisa_77,tyttö3227,iter-A,1,0.25
Eliisa_77,tyttö3229,iter-A,1,0.25
Eliisa_77,tyttö3230,iter-A,1,0.25
Eliisa_77,vettä2149,iter-A,1,0.25
Eliisa_78,kiikkuu2137,iter-A,1,0.25
Eliisa_78,kiikkuu3207,iter-A,1,0.25
Eliisa_79,kiikkuu3205,iter-A,1,0.25
Eliisa_79,kiikkuu3206,iter-A,1,0.25
Eliisa_79,kiikkuu3208,iter-A,1,0.25
Eliisa_79,nukkuu3215,iter-A,1,0.25
Eliisa_8,pomppi3222,iter-A,1,0.25
Eliisa_80,litu2138,iter-A,1,0.25
Eliisa_80,litu2140,iter-A,1,0.25
Eliisa_80,litu2143,iter-A,1,0.25
Eliisa_80,tyttö3229,iter-A,1,0.25
Eliisa_80,vettä2149,iter-A,1,0.25
Eliisa_81,litu2142,iter-A,1,0.25
Eliisa_81,litu2143,iter-A,1,0.25
Eliisa_81,tyttö3228,iter-A,1,0.25
Eliisa_81,tyttö3230,iter-A,1,0.25
Eliisa_81,tyttö3231,iter-A,1,0.25
Eliisa_81,tyttö3235,iter-A,1,0.25
Eliisa_81,tyttö3236,iter-A,1,0.25
Eliisa_82,pallo3217,iter-A,1,0.25
Eliisa_82,pappa3219,iter-A,1,0.25
Eliisa_82,pappa3221,iter-A,1,0.25
Eliisa_82,pomppi3222,iter-A,1,0.25
Eliisa_82,pupu2146,iter-A,1,0.25
Eliisa_82,"tippu, tippuu3226",iter-A,1,0.25
Eliisa_83,isi2871,iter-A,1,0.25
Eliisa_83,isi2872,iter-A,1,0.25
Eliisa_83,kissa3526,iter-A,1,0.25
Eliisa_85,litu2139,iter-A,1,0.25
Eliisa_85,tyttö3230,iter-A,1,0.25
Eliisa_86,pallo3217,iter-A,1,0.25
Eliisa_86,pappa3218,iter-A,1,0.25
Eliisa_87,litu2138,iter-A,1,0.25
Eliisa_87,litu2142,iter-A,1,0.25
Eliisa_87,tyttö3228,iter-A,1,0.25
Eliisa_87,tyttö3232,iter-A,1,0.25
Eliisa_87,tyttö3234,iter-A,1,0.25
Eliisa_89,pallo3216,iter-A,1,0.25
Eliisa_9,isi2874,iter-A,1,0.25
Eliisa_9,muumi1830,iter-A,1,0.25
Eliisa_90,kiikkuu3208,iter-A,1,0.25
Eliisa_90,nukke3213,iter-A,1,0.25
Eliisa_90,nukkuu3214,iter-A,1,0.25
Eliisa_90,nukkuu3215,iter-A,1,0.25
Eliisa_91,pallo3216,iter-A,1,0.25
Eliisa_91,pomppi3223,iter-A,1,0.25
Eliisa_92,litu2140,iter-A,1,0.25
Eliisa_92,litu2141,iter-A,1,0.25
Eliisa_92,tyttö3229,iter-A,1,0.25
Eliisa_93,mummu /muumu2145,iter-A,1,0.25
Eliisa_95,litu2139,iter-A,1,0.25
Eliisa_95,litu2142,iter-A,1,0.25
Eliisa_95,tyttö3228,iter-A,1,0.25
Eliisa_95,tyttö3231,iter-A,1,0.25
Eliisa_95,tyttö3234,iter-A,1,0.25
Eliisa_95,tyttö3236,iter-A,1,0.25
Eliisa_96,isi2865,iter-A,1,0.25
Eliisa_96,isi2869,iter-A,1,0.25
Eliisa_96,kissa3526,iter-A,1,0.25
Eliisa_96,oho2889,iter-A,1,0.25
Eliisa_97,isi2863,iter-A,1,0.25
Eliisa_97,isi2865,iter-A,1,0.25
Eliisa_97,isi2870,iter-A,1,0.25
Eliisa_97,isi2874,iter-A,1,0.25
Eliisa_98,kakku3203,iter-A,1,0.25
Eliisa_98,kiikkuu3206,iter-A,1,0.25
Eliisa_98,kiikkuu3209,iter-A,1,0.25
Eliisa_99,juusto2875,iter-A,1,0.25
Ella_1,bottle1994,iter-A,1,0.25
Ella_10,bottle1992,iter-A,1,0.25
Ella_100,glasses2758,iter-A,1,0.25
Ella_13,bottle1987,iter-A,1,0.25
Ella_13,daddy2006,iter-A,1,0.25
Ella_14,mummy2012,iter-A,1,0.25
Ella_15,mummy2009,iter-A,1,0.25
Ella_15,mummy2010,iter-A,1,0.25
Ella_17,Michelle1795,iter-A,1,0.25
Ella_20,mummy2008,iter-A,1,0.25
Ella_20,mummy2010,iter-A,1,0.25
Ella_23,byebye1999,iter-A,1,0.25
Ella_23,pap pap2014,iter-A,1,0.25
Ella_24,mummy2008,iter-A,1,0.25
Ella_24,mummy2012,iter-A,1,0.25
Ella_25,Michelle1794,iter-A,1,0.25
Ella_27,bottle1987,iter-A,1,0.25
Ella_27,bottle1992,iter-A,1,0.25
Ella_27,bottle1993,iter-A,1,0.25
Ella_27,bottle1995,iter-A,1,0.25
Ella_28,baby1986,iter-A,1,0.25
Ella_28,byebye2001,iter-A,1,0.25
Ella_3,mummy2008,iter-A,1,0.25
Ella_3,mummy2010,iter-A,1,0.25
Ella_30,bottle1991,iter-A,1,0.25
Ella_31,baby1982,iter-A,1,0.25
Ella_31,baby1985,iter-A,1,0.25
Ella_33,baby1982,iter-A,1,0.25
Ella_33,baby2617,iter-A,1,0.25
Ella_33,byebye2001,iter-A,1,0.25
Ella_33,piggie2016,iter-A,1,0.25
Ella_34,bottle1996,iter-A,1,0.25
Ella_34,piggie2017,iter-A,1,0.25
Ella_36,horsey2760,iter-A,1,0.25
Ella_36,horsey2764,iter-A,1,0.25
Ella_39,Michelle3143,iter-A,1,0.25
Ella_39,bottle1990,iter-A,1,0.25
Ella_39,bottle1991,iter-A,1,0.25
Ella_39,horsey2765,iter-A,1,0.25
Ella_4,baby1982,iter-A,1,0.25
Ella_4,horsey2763,iter-A,1,0.25
Ella_4,piggie2016,iter-A,1,0.25
Ella_4,piggie2017,iter-A,1,0.25
Ella_40,bottle1989,iter-A,1,0.25
Ella_40,bottle1992,iter-A,1,0.25
Ella_40,bottle1998,iter-A,1,0.25
Ella_41,baby1983,iter-A,1,0.25
Ella_41,baby1985,iter-A,1,0.25
Ella_41,byebye2002,iter-A,1,0.25
Ella_43,piggie2015,iter-A,1,0.25
Ella_43,piggie2016,iter-A,1,0.25
Ella_43,piggie2019,iter-A,1,0.25
Ella_46,byebye2000,iter-A,1,0.25
Ella_46,glasses2757,iter-A,1,0.25
Ella_47,byebye1999,iter-A,1,0.25
Ella_47,piggie2015,iter-A,1,0.25
Ella_47,piggie2019,iter-A,1,0.25
Ella_49,Michelle1796,iter-A,1,0.25
Ella_51,Michelle1794,iter-A,1,0.25
Ella_52,byebye2001,iter-A,1,0.25
Ella_52,piggie2016,iter-A,1,0.25
Ella_53,glasses3074,iter-A,1,0.25
Ella_53,horsey2762,iter-A,1,0.25
Ella_53,horsey2764,iter-A,1,0.25
Ella_53,horsey2765,iter-A,1,0.25
Ella_54,baby1982,iter-A,1,0.25
Ella_54,piggie2019,iter-A,1,0.25
Ella_57,Michelle1794,iter-A,1,0.25
Ella_57,horsey2760,iter-A,1,0.25
Ella_6,bottle1991,iter-A,1,0.25
Ella_6,bottle1994,iter-A,1,0.25
Ella_6,bottle1996,iter-A,1,0.25
Ella_6,bottle1998,iter-A,1,0.25
Ella_64,bottle1994,iter-A,1,0.25
Ella_64,piggie2015,iter-A,1,0.25
Ella_66,bottle1990,iter-A,1,0.25
Ella_66,bottle1991,iter-A,1,0.25
Ella_66,cuddle2756,iter-A,1,0.25
Ella_67,baby1983,iter-A,1,0.25
Ella_67,byebye2001,iter-A,1,0.25
Ella_67,byebye2002,iter-A,1,0.25
Ella_68,byebye2000,iter-A,1,0.25
Ella_68,byebye2003,iter-A,1,0.25
Ella_68,open2766,iter-A,1,0.25
Ella_69,baby1985,iter-A,1,0.25
Ella_69,baby2617,iter-A,1,0.25
Ella_69,byebye2002,iter-A,1,0.25
Ella_69,byebye2618,iter-A,1,0.25
Ella_69,piggie2016,iter-A,1,0.25
Ella_7,bottle1991,iter-A,1,0.25
Ella_7,bottle1992,iter-A,1,0.25
Ella_7,bottle1997,iter-A,1,0.25
Ella_70,byebye1999,iter-A,1,0.25
Ella_70,byebye2001,iter-A,1,0.25
Ella_70,byebye2002,iter-A,1,0.25
Ella_70,piggie2015,iter-A,1,0.25
Ella_70,piggie2016,iter-A,1,0.25
Ella_74,mummy2011,iter-A,1,0.25
Ella_78,baby2617,iter-A,1,0.25
Ella_79,bottle1991,iter-A,1,0.25
Ella_79,bottle1996,iter-A,1,0.25
Ella_8,glasses2757,iter-A,1,0.25
Ella_8,glasses3074,iter-A,1,0.25
Ella_82,mummy2008,iter-A,1,0.25
Ella_83,mummy2008,iter-A,1,0.25
Ella_84,baby1984,iter-A,1,0.25
Ella_84,byebye2000,iter-A,1,0.25
Ella_86,horsey2759,iter-A,1,0.25
Ella_86,horsey2760,iter-A,1,0.25
Ella_88,glasses2757,iter-A,1,0.25
Ella_88,horsey2763,iter-A,1,0.25
Ella_89,bottle1987,iter-A,1,0.25
Ella_89,bottle1998,iter-A,1,0.25
Ella_9,byebye2001,iter-A,1,0.25
Ella_9,byebye2618,iter-A,1,0.25
Ella_9,piggie2016,iter-A,1,0.25
Ella_90,baby1982,iter-A,1,0.25
Ella_92,bottle1991,iter-A,1,0.25
Ella_92,bottle1993,iter-A,1,0.25
Ella_96,baby1984,iter-A,1,0.25
Ella_97,bottle1994,iter-A,1,0.25
Ella_97,byebye1999,iter-A,1,0.25
Ella_99,mummy2008,iter-A,1,0.25
Fflur_10,afal3024,iter-A,1,0.25
Fflur_10,cwaccwac2563,iter-A,1,0.25
Fflur_10,fanna1950,iter-A,1,0.25
Fflur_100,bwni2560,iter-A,1,0.25
Fflur_100,bwni3430,iter-A,1,0.25
Fflur_100,hwnna2566,iter-A,1,0.25
Fflur_100,syrthio2575,iter-A,1,0.25
Fflur_100,syrthio2576,iter-A,1,0.25
Fflur_11,bwni2559,iter-A,1,0.25
Fflur_11,hwnna2566,iter-A,1,0.25
Fflur_12,mwnci3438,iter-A,1,0.25
Fflur_13,eto1947,iter-A,1,0.25
Fflur_13,fanna1950,iter-A,1,0.25
Fflur_13,fanna1951,iter-A,1,0.25
Fflur_14,hwnna2567,iter-A,1,0.25
Fflur_14,mwnci2574,iter-A,1,0.25
Fflur_15,bwni2562,iter-A,1,0.25
Fflur_15,bwni3428,iter-A,1,0.25
Fflur_15,bwni3429,iter-A,1,0.25
Fflur_15,bwni3430,iter-A,1,0.25
Fflur_15,bwni3431,iter-A,1,0.25
Fflur_15,bwni3433,iter-A,1,0.25
Fflur_15,fyna3434,iter-A,1,0.25
Fflur_16,syrthio2576,iter-A,1,0.25
Fflur_17,bwni2559,iter-A,1,0.25
Fflur_17,fyna3434,iter-A,1,0.25
Fflur_18,bwni3432,iter-A,1,0.25
Fflur_18,bwni3433,iter-A,1,0.25
Fflur_18,fyna3434,iter-A,1,0.25
Fflur_18,hwnna2567,iter-A,1,0.25
Fflur_19,bwni2562,iter-A,1,0.25
Fflur_19,bwni3429,iter-A,1,0.25
Fflur_19,bwni3431,iter-A,1,0.25
Fflur_19,bwni3432,iter-A,1,0.25
Fflur_19,bwni3433,iter-A,1,0.25
Fflur_19,hwnna2567,iter-A,1,0.25
Fflur_2,moron2568,iter-A,1,0.25
Fflur_20,moron2570,iter-A,1,0.25
Fflur_22,bwni3428,iter-A,1,0.25
Fflur_22,bwni3430,iter-A,1,0.25
Fflur_22,bwni3433,iter-A,1,0.25
Fflur_22,hwnna2567,iter-A,1,0.25
Fflur_23,bwni2562,iter-A,1,0.25
Fflur_23,syrthio2576,iter-A,1,0.25
Fflur_26,bwni2559,iter-A,1,0.25
Fflur_26,bwni3430,iter-A,1,0.25
Fflur_26,bwni3432,iter-A,1,0.25
Fflur_26,bwni3433,iter-A,1,0.25
Fflur_26,hwnna2567,iter-A,1,0.25
Fflur_26,hwnna3437,iter-A,1,0.25
Fflur_27,fanna1951,iter-A,1,0.25
Fflur_27,mwnci3438,iter-A,1,0.25
Fflur_30,bwni3428,iter-A,1,0.25
Fflur_30,bwni3429,iter-A,1,0.25
Fflur_30,bwni3431,iter-A,1,0.25
Fflur_30,bwni3433,iter-A,1,0.25
Fflur_31,syrthio2575,iter-A,1,0.25
Fflur_31,syrthio2576,iter-A,1,0.25
Fflur_35,mwnci3438,iter-A,1,0.25
Fflur_36,bwni2558,iter-A,1,0.25
Fflur_36,bwni2559,iter-A,1,0.25
Fflur_36,bwni2561,iter-A,1,0.25
Fflur_36,bwni2562,iter-A,1,0.25
Fflur_36,bwni3430,iter-A,1,0.25
Fflur_36,hwnna3437,iter-A,1,0.25
Fflur_36,syrthio2576,iter-A,1,0.25
Fflur_37,eto1947,iter-A,1,0.25
Fflur_38,moron2573,iter-A,1,0.25
Fflur_39,syrthio2576,iter-A,1,0.25
Fflur_40,bwni2560,iter-A,1,0.25
Fflur_40,eto2564,iter-A,1,0.25
Fflur_41,bwni2561,iter-A,1,0.25
Fflur_41,fanna1951,iter-A,1,0.25
Fflur_46,bwni2558,iter-A,1,0.25
Fflur_46,bwni2560,iter-A,1,0.25
Fflur_46,bwni2562,iter-A,1,0.25
Fflur_46,bwni3429,iter-A,1,0.25
Fflur_46,bwni3430,iter-A,1,0.25
Fflur_46,bwni3431,iter-A,1,0.25
Fflur_46,hwnna2566,iter-A,1,0.25
Fflur_46,hwnna3437,iter-A,1,0.25
Fflur_47,bwni2559,iter-A,1,0.25
Fflur_47,hwnna2566,iter-A,1,0.25
Fflur_47,hwnna2567,iter-A,1,0.25
Fflur_48,bwni2559,iter-A,1,0.25
Fflur_48,bwni3432,iter-A,1,0.25
Fflur_48,fyna3434,iter-A,1,0.25
Fflur_48,hwnna2567,iter-A,1,0.25
Fflur_5,moron2568,iter-A,1,0.25
Fflur_5,moron2573,iter-A,1,0.25
Fflur_51,bwni2562,iter-A,1,0.25
Fflur_51,bwni3429,iter-A,1,0.25
Fflur_51,bwni3430,iter-A,1,0.25
Fflur_51,fyna3434,iter-A,1,0.25
Fflur_51,hwnna2566,iter-A,1,0.25
Fflur_51,hwnna3437,iter-A,1,0.25
Fflur_51,syrthio2575,iter-A,1,0.25
Fflur_53,moron2569,iter-A,1,0.25
Fflur_53,moron2570,iter-A,1,0.25
Fflur_53,moron2573,iter-A,1,0.25
Fflur_55,bwni2558,iter-A,1,0.25
Fflur_55,bwni2562,iter-A,1,0.25
Fflur_55,bwni3428,iter-A,1,0.25
Fflur_55,bwni3429,iter-A,1,0.25
Fflur_55,bwni3430,iter-A,1,0.25
Fflur_55,bwni3433,iter-A,1,0.25
Fflur_55,hwnna2567,iter-A,1,0.25
Fflur_55,hwnna3437,iter-A,1,0.25
Fflur_55,syrthio2575,iter-A,1,0.25
Fflur_55,syrthio2576,iter-A,1,0.25
Fflur_56,bwni2559,iter-A,1,0.25
Fflur_56,bwni2562,iter-A,1,0.25
Fflur_56,bwni3428,iter-A,1,0.25
Fflur_56,bwni3429,iter-A,1,0.25
Fflur_56,bwni3430,iter-A,1,0.25
Fflur_56,bwni3432,iter-A,1,0.25
Fflur_56,bwni3433,iter-A,1,0.25
Fflur_56,hwnna2567,iter-A,1,0.25
Fflur_58,moron2569,iter-A,1,0.25
Fflur_59,bwni2562,iter-A,1,0.25
Fflur_59,hwnna2566,iter-A,1,0.25
Fflur_6,bwni2559,iter-A,1,0.25
Fflur_6,bwni2562,iter-A,1,0.25
Fflur_6,eto2564,iter-A,1,0.25
Fflur_6,syrthio2575,iter-A,1,0.25
Fflur_60,moron2568,iter-A,1,0.25
Fflur_61,fanna1950,iter-A,1,0.25
Fflur_61,fanna1951,iter-A,1,0.25
Fflur_62,bwni3428,iter-A,1,0.25
Fflur_62,hwnna2567,iter-A,1,0.25
Fflur_64,bwni2562,iter-A,1,0.25
Fflur_64,bwni3428,iter-A,1,0.25
Fflur_64,bwni3430,iter-A,1,0.25
Fflur_64,bwni3431,iter-A,1,0.25
Fflur_64,bwni3432,iter-A,1,0.25
Fflur_64,hwnna3437,iter-A,1,0.25
Fflur_66,bwni2559,iter-A,1,0.25
Fflur_66,hwnna2567,iter-A,1,0.25
Fflur_67,bwni2559,iter-A,1,0.25
Fflur_67,bwni3432,iter-A,1,0.25
Fflur_67,hwnna2567,iter-A,1,0.25
Fflur_68,fanna1951,iter-A,1,0.25
Fflur_68,mwnci3438,iter-A,1,0.25
Fflur_69,bwni2561,iter-A,1,0.25
Fflur_69,bwni2562,iter-A,1,0.25
Fflur_69,bwni3428,iter-A,1,0.25
Fflur_69,bwni3430,iter-A,1,0.25
Fflur_69,bwni3432,iter-A,1,0.25
Fflur_69,hwnna2566,iter-A,1,0.25
Fflur_69,hwnna2567,iter-A,1,0.25
Fflur_69,hwnna3437,iter-A,1,0.25
Fflur_69,syrthio2576,iter-A,1,0.25
Fflur_71,mwnci3438,iter-A,1,0.25
Fflur_75,bwni3432,iter-A,1,0.25
Fflur_75,bwni3433,iter-A,1,0.25
Fflur_75,fyna3434,iter-A,1,0.25
Fflur_76,fyna3436,iter-A,1,0.25
Fflur_77,bwni2558,iter-A,1,0.25
Fflur_77,bwni2562,iter-A,1,0.25
Fflur_77,bwni3428,iter-A,1,0.25
Fflur_77,bwni3430,iter-A,1,0.25
Fflur_77,bwni3431,iter-A,1,0.25
Fflur_77,bwni3432,iter-A,1,0.25
Fflur_77,hwnna2567,iter-A,1,0.25
Fflur_77,hwnna3437,iter-A,1,0.25
Fflur_77,syrthio2575,iter-A,1,0.25
Fflur_77,syrthio2576,iter-A,1,0.25
Fflur_78,bwni3432,iter-A,1,0.25
Fflur_78,hwnna2567,iter-A,1,0.25
Fflur_78,hwnna3437,iter-A,1,0.25
Fflur_79,fyna3436,iter-A,1,0.25
Fflur_8,moron2569,iter-A,1,0.25
Fflur_8,moron2573,iter-A,1,0.25
Fflur_81,eto2564,iter-A,1,0.25
Fflur_81,eto2565,iter-A,1,0.25
Fflur_82,moron2570,iter-A,1,0.25
Fflur_84,eto1947,iter-A,1,0.25
Fflur_84,fanna1951,iter-A,1,0.25
Fflur_85,bwni2560,iter-A,1,0.25
Fflur_85,bwni2562,iter-A,1,0.25
Fflur_85,bwni3430,iter-A,1,0.25
Fflur_85,bwni3432,iter-A,1,0.25
Fflur_85,hwnna2567,iter-A,1,0.25
Fflur_85,hwnna3437,iter-A,1,0.25
Fflur_85,syrthio2575,iter-A,1,0.25
Fflur_86,moron2570,iter-A,1,0.25
Fflur_87,moron2569,iter-A,1,0.25
Fflur_87,moron2570,iter-A,1,0.25
Fflur_87,moron2573,iter-A,1,0.25
Fflur_88,bwni3428,iter-A,1,0.25
Fflur_88,bwni3430,iter-A,1,0.25
Fflur_88,bwni3433,iter-A,1,0.25
Fflur_88,fyna3434,iter-A,1,0.25
Fflur_88,hwnna3437,iter-A,1,0.25
Fflur_89,moron2570,iter-A,1,0.25
Fflur_91,fyna3435,iter-A,1,0.25
Fflur_92,fanna1951,iter-A,1,0.25
Fflur_92,mwnci3438,iter-A,1,0.25
Fflur_94,afal3024,iter-A,1,0.25
Fflur_94,cwaccwac2563,iter-A,1,0.25
Fflur_94,fanna1950,iter-A,1,0.25
Fflur_96,bwni2559,iter-A,1,0.25
Fflur_96,bwni3428,iter-A,1,0.25
Fflur_96,hwnna2566,iter-A,1,0.25
Fflur_96,hwnna2567,iter-A,1,0.25
Fflur_96,syrthio2575,iter-A,1,0.25
Fflur_96,syrthio2576,iter-A,1,0.25
Fflur_97,bwni2558,iter-A,1,0.25
Fflur_97,bwni2559,iter-A,1,0.25
Fflur_97,hwnna2566,iter-A,1,0.25
Fflur_97,hwnna2567,iter-A,1,0.25
Fflur_99,afal3024,iter-A,1,0.25
Fflur_99,eto1947,iter-A,1,0.25
Fflur_99,fanna1951,iter-A,1,0.25
Fflur_99,mwnci3438,iter-A,1,0.25
Gaël_1,c'est ça1970,iter-A,1,0.25
Gaël_1,c'est ça2723,iter-A,1,0.25
Gaël_1,c'est ça2725,iter-A,1,0.25
Gaël_1,grelot2742,iter-A,1,0.25
Gaël_1,ici2743,iter-A,1,0.25
Gaël_1,là bas2745,iter-A,1,0.25
Gaël_10,c'est ça1970,iter-A,1,0.25
Gaël_10,c'est ça2719,iter-A,1,0.25
Gaël_10,c'est ça2725,iter-A,1,0.25
Gaël_10,c'est ça2726,iter-A,1,0.25
Gaël_10,casser2736,iter-A,1,0.25
Gaël_10,dodo1973,iter-A,1,0.25
Gaël_100,maman1976,iter-A,1,0.25
Gaël_100,maman1977,iter-A,1,0.25
Gaël_12,c'est ça2723,iter-A,1,0.25
Gaël_12,c'est ça2729,iter-A,1,0.25
Gaël_12,c'est ça2733,iter-A,1,0.25
Gaël_12,casser1971,iter-A,1,0.25
Gaël_12,grelot2742,iter-A,1,0.25
Gaël_12,ici2743,iter-A,1,0.25
Gaël_12,machine2746,iter-A,1,0.25
Gaël_12,tout seul1979,iter-A,1,0.25
Gaël_13,ouvrir2750,iter-A,1,0.25
Gaël_13,ouvrir2752,iter-A,1,0.25
Gaël_14,c'est ça2718,iter-A,1,0.25
Gaël_14,c'est ça2721,iter-A,1,0.25
Gaël_14,c'est ça2723,iter-A,1,0.25
Gaël_14,c'est ça2725,iter-A,1,0.25
Gaël_14,c'est ça2728,iter-A,1,0.25
Gaël_14,c'est ça2732,iter-A,1,0.25
Gaël_14,casser1971,iter-A,1,0.25
Gaël_14,là bas2745,iter-A,1,0.25
Gaël_16,là bas2745,iter-A,1,0.25
Gaël_17,bébé1963,iter-A,1,0.25
Gaël_17,bébé1966,iter-A,1,0.25
Gaël_17,bébé1967,iter-A,1,0.25
Gaël_17,bébé1968,iter-A,1,0.25
Gaël_17,bébé1969,iter-A,1,0.25
Gaël_17,là bas2744,iter-A,1,0.25
Gaël_17,là bas2745,iter-A,1,0.25
Gaël_17,papa1978,iter-A,1,0.25
Gaël_18,c'est ça2718,iter-A,1,0.25
Gaël_18,c'est ça2720,iter-A,1,0.25
Gaël_18,c'est ça2727,iter-A,1,0.25
Gaël_18,c'est ça2733,iter-A,1,0.25
Gaël_18,c'est ça2734,iter-A,1,0.25
Gaël_18,chercher1972,iter-A,1,0.25
Gaël_18,machine1788,iter-A,1,0.25
Gaël_18,machine2746,iter-A,1,0.25
Gaël_18,voiture1980,iter-A,1,0.25
Gaël_19,c'est ça2721,iter-A,1,0.25
Gaël_19,c'est ça2724,iter-A,1,0.25
Gaël_19,c'est ça2726,iter-A,1,0.25
Gaël_19,c'est ça2727,iter-A,1,0.25
Gaël_19,c'est ça2729,iter-A,1,0.25
Gaël_19,c'est ça2733,iter-A,1,0.25
Gaël_19,c'est ça2735,iter-A,1,0.25
Gaël_19,casser1971,iter-A,1,0.25
Gaël_19,casser2736,iter-A,1,0.25
Gaël_19,dedans2739,iter-A,1,0.25
Gaël_19,là bas2744,iter-A,1,0.25
Gaël_19,machine2746,iter-A,1,0.25
Gaël_2,casser1971,iter-A,1,0.25
Gaël_2,dormir1787,iter-A,1,0.25
Gaël_2,voiture1981,iter-A,1,0.25
Gaël_21,c'est ça2720,iter-A,1,0.25
Gaël_21,c'est ça2721,iter-A,1,0.25
Gaël_21,c'est ça2725,iter-A,1,0.25
Gaël_21,c'est ça2726,iter-A,1,0.25
Gaël_21,c'est ça2729,iter-A,1,0.25
Gaël_21,c'est ça2730,iter-A,1,0.25
Gaël_21,c'est ça2733,iter-A,1,0.25
Gaël_21,casser2736,iter-A,1,0.25
Gaël_21,chercher2738,iter-A,1,0.25
Gaël_21,dedans2739,iter-A,1,0.25
Gaël_21,grelot2742,iter-A,1,0.25
Gaël_23,c'est ça2720,iter-A,1,0.25
Gaël_23,c'est ça2721,iter-A,1,0.25
Gaël_23,c'est ça2725,iter-A,1,0.25
Gaël_23,c'est ça2728,iter-A,1,0.25
Gaël_23,c'est ça2730,iter-A,1,0.25
Gaël_23,casser1971,iter-A,1,0.25
Gaël_23,chercher1972,iter-A,1,0.25
Gaël_23,tout seul1979,iter-A,1,0.25
Gaël_24,c'est ça2720,iter-A,1,0.25
Gaël_24,c'est ça2725,iter-A,1,0.25
Gaël_24,c'est ça2731,iter-A,1,0.25
Gaël_24,c'est ça2732,iter-A,1,0.25
Gaël_24,c'est ça2735,iter-A,1,0.25
Gaël_24,dedans2739,iter-A,1,0.25
Gaël_24,grelot2742,iter-A,1,0.25
Gaël_24,ici2743,iter-A,1,0.25
Gaël_24,là bas2745,iter-A,1,0.25
Gaël_25,c'est ça2718,iter-A,1,0.25
Gaël_25,c'est ça2725,iter-A,1,0.25
Gaël_25,c'est ça2733,iter-A,1,0.25
Gaël_25,chercher2738,iter-A,1,0.25
Gaël_25,là bas2744,iter-A,1,0.25
Gaël_25,là bas2745,iter-A,1,0.25
Gaël_25,machine2746,iter-A,1,0.25
Gaël_25,maman2747,iter-A,1,0.25
Gaël_26,maman1789,iter-A,1,0.25
Gaël_26,maman1977,iter-A,1,0.25
Gaël_27,bébé1960,iter-A,1,0.25
Gaël_27,bébé1962,iter-A,1,0.25
Gaël_27,bébé1963,iter-A,1,0.25
Gaël_27,bébé1967,iter-A,1,0.25
Gaël_28,c'est ça2718,iter-A,1,0.25
Gaël_28,c'est ça2719,iter-A,1,0.25
Gaël_28,c'est ça2721,iter-A,1,0.25
Gaël_28,c'est ça2722,iter-A,1,0.25
Gaël_28,c'est ça2723,iter-A,1,0.25
Gaël_28,c'est ça2726,iter-A,1,0.25
Gaël_28,c'est ça2727,iter-A,1,0.25
Gaël_28,c'est ça2730,iter-A,1,0.25
Gaël_28,c'est ça2732,iter-A,1,0.25
Gaël_28,chercher1972,iter-A,1,0.25
Gaël_29,bébé1959,iter-A,1,0.25
Gaël_29,bébé1960,iter-A,1,0.25
Gaël_29,bébé1965,iter-A,1,0.25
Gaël_29,là bas2744,iter-A,1,0.25
Gaël_3,ouvrir3574,iter-A,1,0.25
Gaël_30,c'est ça2721,iter-A,1,0.25
Gaël_30,c'est ça2723,iter-A,1,0.25
Gaël_30,c'est ça2726,iter-A,1,0.25
Gaël_30,c'est ça2727,iter-A,1,0.25
Gaël_30,c'est ça2729,iter-A,1,0.25
Gaël_30,c'est ça2735,iter-A,1,0.25
Gaël_30,voiture1980,iter-A,1,0.25
Gaël_32,bébé1959,iter-A,1,0.25
Gaël_32,bébé1962,iter-A,1,0.25
Gaël_32,bébé1964,iter-A,1,0.25
Gaël_32,bébé1965,iter-A,1,0.25
Gaël_32,bébé1967,iter-A,1,0.25
Gaël_33,bébé1959,iter-A,1,0.25
Gaël_33,là bas2744,iter-A,1,0.25
Gaël_34,c'est ça1970,iter-A,1,0.25
Gaël_34,c'est ça2718,iter-A,1,0.25
Gaël_34,c'est ça2719,iter-A,1,0.25
Gaël_34,c'est ça2721,iter-A,1,0.25
Gaël_34,c'est ça2722,iter-A,1,0.25
Gaël_34,c'est ça2723,iter-A,1,0.25
Gaël_34,c'est ça2729,iter-A,1,0.25
Gaël_34,c'est ça2733,iter-A,1,0.25
Gaël_34,c'est ça2735,iter-A,1,0.25
Gaël_34,casser1971,iter-A,1,0.25
Gaël_34,chercher1972,iter-A,1,0.25
Gaël_34,chercher2737,iter-A,1,0.25
Gaël_34,machine1788,iter-A,1,0.25
Gaël_36,là bas2745,iter-A,1,0.25
Gaël_37,c'est ça2718,iter-A,1,0.25
Gaël_37,c'est ça2719,iter-A,1,0.25
Gaël_37,c'est ça2723,iter-A,1,0.25
Gaël_37,c'est ça2726,iter-A,1,0.25
Gaël_37,c'est ça2730,iter-A,1,0.25
Gaël_37,casser1971,iter-A,1,0.25
Gaël_37,ici2743,iter-A,1,0.25
Gaël_37,là bas2744,iter-A,1,0.25
Gaël_37,là bas2745,iter-A,1,0.25
Gaël_38,c'est ça2722,iter-A,1,0.25
Gaël_38,c'est ça2729,iter-A,1,0.25
Gaël_38,c'est ça2731,iter-A,1,0.25
Gaël_38,c'est ça2732,iter-A,1,0.25
Gaël_38,là bas2745,iter-A,1,0.25
Gaël_39,c'est ça2718,iter-A,1,0.25
Gaël_39,c'est ça2725,iter-A,1,0.25
Gaël_39,c'est ça2729,iter-A,1,0.25
Gaël_39,c'est ça2731,iter-A,1,0.25
Gaël_39,c'est ça2733,iter-A,1,0.25
Gaël_39,c'est ça2734,iter-A,1,0.25
Gaël_39,casser1971,iter-A,1,0.25
Gaël_39,casser2736,iter-A,1,0.25
Gaël_39,chercher2737,iter-A,1,0.25
Gaël_39,grelot2742,iter-A,1,0.25
Gaël_39,là bas2745,iter-A,1,0.25
Gaël_4,c'est ça2719,iter-A,1,0.25
Gaël_4,c'est ça2723,iter-A,1,0.25
Gaël_4,c'est ça2733,iter-A,1,0.25
Gaël_4,casser1971,iter-A,1,0.25
Gaël_4,casser2736,iter-A,1,0.25
Gaël_4,là bas2744,iter-A,1,0.25
Gaël_4,machine2746,iter-A,1,0.25
Gaël_40,c'est ça2719,iter-A,1,0.25
Gaël_40,c'est ça2726,iter-A,1,0.25
Gaël_40,c'est ça2727,iter-A,1,0.25
Gaël_40,c'est ça2729,iter-A,1,0.25
Gaël_40,grelot2742,iter-A,1,0.25
Gaël_40,là bas2744,iter-A,1,0.25
Gaël_42,bébé1960,iter-A,1,0.25
Gaël_42,bébé1964,iter-A,1,0.25
Gaël_42,c'est ça2718,iter-A,1,0.25
Gaël_42,c'est ça2719,iter-A,1,0.25
Gaël_42,c'est ça2720,iter-A,1,0.25
Gaël_42,c'est ça2724,iter-A,1,0.25
Gaël_42,c'est ça2733,iter-A,1,0.25
Gaël_42,c'est ça2735,iter-A,1,0.25
Gaël_42,casser2736,iter-A,1,0.25
Gaël_42,là bas2745,iter-A,1,0.25
Gaël_42,maman2747,iter-A,1,0.25
Gaël_42,papa2754,iter-A,1,0.25
Gaël_43,c'est ça2724,iter-A,1,0.25
Gaël_43,c'est ça2730,iter-A,1,0.25
Gaël_43,c'est ça2731,iter-A,1,0.25
Gaël_43,c'est ça2734,iter-A,1,0.25
Gaël_43,casser2736,iter-A,1,0.25
Gaël_43,chercher2738,iter-A,1,0.25
Gaël_43,ici2743,iter-A,1,0.25
Gaël_43,machine2746,iter-A,1,0.25
Gaël_43,tout seul1979,iter-A,1,0.25
Gaël_44,ouvrir2750,iter-A,1,0.25
Gaël_44,ouvrir3574,iter-A,1,0.25
Gaël_46,ouvrir3573,iter-A,1,0.25
Gaël_47,maman1976,iter-A,1,0.25
Gaël_48,bébé1961,iter-A,1,0.25
Gaël_48,bébé1967,iter-A,1,0.25
Gaël_49,c'est ça2720,iter-A,1,0.25
Gaël_49,c'est ça2722,iter-A,1,0.25
Gaël_49,c'est ça2723,iter-A,1,0.25
Gaël_49,c'est ça2727,iter-A,1,0.25
Gaël_49,casser2736,iter-A,1,0.25
Gaël_49,chercher2738,iter-A,1,0.25
Gaël_49,dedans2739,iter-A,1,0.25
Gaël_5,ouvrir2753,iter-A,1,0.25
Gaël_50,maman1790,iter-A,1,0.25
Gaël_50,maman1974,iter-A,1,0.25
Gaël_50,maman2747,iter-A,1,0.25
Gaël_51,tout seul1979,iter-A,1,0.25
Gaël_52,c'est ça2720,iter-A,1,0.25
Gaël_52,c'est ça2722,iter-A,1,0.25
Gaël_52,c'est ça2723,iter-A,1,0.25
Gaël_52,c'est ça2730,iter-A,1,0.25
Gaël_52,c'est ça2733,iter-A,1,0.25
Gaël_52,chercher2738,iter-A,1,0.25
Gaël_52,dedans2739,iter-A,1,0.25
Gaël_53,c'est ça2718,iter-A,1,0.25
Gaël_53,c'est ça2719,iter-A,1,0.25
Gaël_53,c'est ça2720,iter-A,1,0.25
Gaël_53,c'est ça2731,iter-A,1,0.25
Gaël_53,c'est ça2734,iter-A,1,0.25
Gaël_53,casser2736,iter-A,1,0.25
Gaël_53,là bas2744,iter-A,1,0.25
Gaël_54,c'est ça2721,iter-A,1,0.25
Gaël_54,c'est ça2731,iter-A,1,0.25
Gaël_54,c'est ça2732,iter-A,1,0.25
Gaël_54,casser1971,iter-A,1,0.25
Gaël_54,chercher2738,iter-A,1,0.25
Gaël_54,dedans2739,iter-A,1,0.25
Gaël_54,là bas2744,iter-A,1,0.25
Gaël_55,bébé1965,iter-A,1,0.25
Gaël_55,bébé1967,iter-A,1,0.25
Gaël_55,papa1978,iter-A,1,0.25
Gaël_56,bébé1961,iter-A,1,0.25
Gaël_56,bébé1968,iter-A,1,0.25
Gaël_56,c'est ça2723,iter-A,1,0.25
Gaël_56,c'est ça2725,iter-A,1,0.25
Gaël_56,c'est ça2729,iter-A,1,0.25
Gaël_56,c'est ça2731,iter-A,1,0.25
Gaël_56,c'est ça2735,iter-A,1,0.25
Gaël_56,là bas2744,iter-A,1,0.25
Gaël_56,là bas2745,iter-A,1,0.25
Gaël_56,machine2746,iter-A,1,0.25
Gaël_56,papa2754,iter-A,1,0.25
Gaël_57,dodo1973,iter-A,1,0.25
Gaël_57,maman1789,iter-A,1,0.25
Gaël_57,tout seul1979,iter-A,1,0.25
Gaël_57,voiture1981,iter-A,1,0.25
Gaël_58,dedans2739,iter-A,1,0.25
Gaël_59,bébé1958,iter-A,1,0.25
Gaël_59,bébé1960,iter-A,1,0.25
Gaël_59,là bas2744,iter-A,1,0.25
Gaël_6,bébé1961,iter-A,1,0.25
Gaël_6,bébé1962,iter-A,1,0.25
Gaël_6,bébé1967,iter-A,1,0.25
Gaël_6,bébé1968,iter-A,1,0.25
Gaël_6,bébé1969,iter-A,1,0.25
Gaël_6,c'est ça2718,iter-A,1,0.25
Gaël_6,c'est ça2724,iter-A,1,0.25
Gaël_6,c'est ça2731,iter-A,1,0.25
Gaël_6,là bas2744,iter-A,1,0.25
Gaël_6,papa1978,iter-A,1,0.25
Gaël_60,c'est ça2725,iter-A,1,0.25
Gaël_60,c'est ça2730,iter-A,1,0.25
Gaël_60,c'est ça2733,iter-A,1,0.25
Gaël_60,c'est ça2734,iter-A,1,0.25
Gaël_60,ici2743,iter-A,1,0.25
Gaël_60,tout seul1979,iter-A,1,0.25
Gaël_61,c'est ça1970,iter-A,1,0.25
Gaël_61,dedans2739,iter-A,1,0.25
Gaël_61,dormir1787,iter-A,1,0.25
Gaël_61,tout seul1979,iter-A,1,0.25
Gaël_63,c'est ça1970,iter-A,1,0.25
Gaël_63,c'est ça2720,iter-A,1,0.25
Gaël_63,c'est ça2723,iter-A,1,0.25
Gaël_63,c'est ça2728,iter-A,1,0.25
Gaël_63,c'est ça2735,iter-A,1,0.25
Gaël_63,casser1971,iter-A,1,0.25
Gaël_63,chercher2737,iter-A,1,0.25
Gaël_63,là bas2745,iter-A,1,0.25
Gaël_64,dormir1787,iter-A,1,0.25
Gaël_64,tout seul1979,iter-A,1,0.25
Gaël_66,bébé1959,iter-A,1,0.25
Gaël_66,bébé1960,iter-A,1,0.25
Gaël_66,bébé1963,iter-A,1,0.25
Gaël_66,bébé1968,iter-A,1,0.25
Gaël_67,bébé1964,iter-A,1,0.25
Gaël_67,bébé1966,iter-A,1,0.25
Gaël_67,bébé1969,iter-A,1,0.25
Gaël_67,papa1978,iter-A,1,0.25
Gaël_68,casser1971,iter-A,1,0.25
Gaël_68,dodo1973,iter-A,1,0.25
Gaël_68,dormir1787,iter-A,1,0.25
Gaël_68,tout seul1979,iter-A,1,0.25
Gaël_69,c'est ça1970,iter-A,1,0.25
Gaël_69,c'est ça2724,iter-A,1,0.25
Gaël_69,c'est ça2725,iter-A,1,0.25
Gaël_69,c'est ça2728,iter-A,1,0.25
Gaël_69,c'est ça2730,iter-A,1,0.25
Gaël_69,c'est ça2731,iter-A,1,0.25
Gaël_69,c'est ça2733,iter-A,1,0.25
Gaël_69,c'est ça2734,iter-A,1,0.25
Gaël_69,casser1971,iter-A,1,0.25
Gaël_70,c'est ça2719,iter-A,1,0.25
Gaël_70,c'est ça2724,iter-A,1,0.25
Gaël_70,c'est ça2729,iter-A,1,0.25
Gaël_70,c'est ça2730,iter-A,1,0.25
Gaël_70,c'est ça2732,iter-A,1,0.25
Gaël_70,c'est ça2733,iter-A,1,0.25
Gaël_70,dedans2739,iter-A,1,0.25
Gaël_70,là bas2744,iter-A,1,0.25
Gaël_70,là bas2745,iter-A,1,0.25
Gaël_70,écrit2741,iter-A,1,0.25
Gaël_71,ouvrir2753,iter-A,1,0.25
Gaël_71,ouvrir3574,iter-A,1,0.25
Gaël_72,c'est ça2720,iter-A,1,0.25
Gaël_72,c'est ça2730,iter-A,1,0.25
Gaël_72,c'est ça2734,iter-A,1,0.25
Gaël_72,casser2736,iter-A,1,0.25
Gaël_72,chercher1972,iter-A,1,0.25
Gaël_72,chercher2738,iter-A,1,0.25
Gaël_73,bébé1961,iter-A,1,0.25
Gaël_73,bébé1962,iter-A,1,0.25
Gaël_73,bébé1967,iter-A,1,0.25
Gaël_73,papa1978,iter-A,1,0.25
Gaël_74,écrit2740,iter-A,1,0.25
Gaël_74,écrit2741,iter-A,1,0.25
Gaël_75,c'est ça2720,iter-A,1,0.25
Gaël_75,c'est ça2722,iter-A,1,0.25
Gaël_75,c'est ça2723,iter-A,1,0.25
Gaël_75,c'est ça2726,iter-A,1,0.25
Gaël_75,c'est ça2728,iter-A,1,0.25
Gaël_75,c'est ça2735,iter-A,1,0.25
Gaël_75,casser2736,iter-A,1,0.25
Gaël_75,chercher2738,iter-A,1,0.25
Gaël_75,grelot2742,iter-A,1,0.25
Gaël_75,là bas2744,iter-A,1,0.25
Gaël_75,ouvrir2748,iter-A,1,0.25
Gaël_75,ouvrir2749,iter-A,1,0.25
Gaël_76,bébé1960,iter-A,1,0.25
Gaël_76,bébé1967,iter-A,1,0.25
Gaël_77,c'est ça2723,iter-A,1,0.25
Gaël_77,c'est ça2726,iter-A,1,0.25
Gaël_77,c'est ça2731,iter-A,1,0.25
Gaël_77,c'est ça2735,iter-A,1,0.25
Gaël_77,machine2746,iter-A,1,0.25
Gaël_77,maman2747,iter-A,1,0.25
Gaël_79,bébé1959,iter-A,1,0.25
Gaël_79,bébé1963,iter-A,1,0.25
Gaël_79,bébé1965,iter-A,1,0.25
Gaël_79,bébé1968,iter-A,1,0.25
Gaël_8,c'est ça2718,iter-A,1,0.25
Gaël_8,c'est ça2727,iter-A,1,0.25
Gaël_8,c'est ça2731,iter-A,1,0.25
Gaël_8,chercher1972,iter-A,1,0.25
Gaël_8,ici2743,iter-A,1,0.25
Gaël_8,là bas2744,iter-A,1,0.25
Gaël_80,c'est ça2720,iter-A,1,0.25
Gaël_80,c'est ça2722,iter-A,1,0.25
Gaël_80,c'est ça2725,iter-A,1,0.25
Gaël_80,grelot2742,iter-A,1,0.25
Gaël_80,tout seul1979,iter-A,1,0.25
Gaël_81,c'est ça2722,iter-A,1,0.25
Gaël_81,c'est ça2731,iter-A,1,0.25
Gaël_81,c'est ça2733,iter-A,1,0.25
Gaël_81,c'est ça2735,iter-A,1,0.25
Gaël_81,casser1971,iter-A,1,0.25
Gaël_81,casser2736,iter-A,1,0.25
Gaël_81,chercher2737,iter-A,1,0.25
Gaël_81,chercher2738,iter-A,1,0.25
Gaël_81,grelot2742,iter-A,1,0.25
Gaël_81,là bas2744,iter-A,1,0.25
Gaël_81,là bas2745,iter-A,1,0.25
Gaël_81,machine2746,iter-A,1,0.25
Gaël_82,c'est ça2719,iter-A,1,0.25
Gaël_82,c'est ça2720,iter-A,1,0.25
Gaël_82,c'est ça2725,iter-A,1,0.25
Gaël_82,c'est ça2726,iter-A,1,0.25
Gaël_82,c'est ça2727,iter-A,1,0.25
Gaël_82,c'est ça2730,iter-A,1,0.25
Gaël_82,casser1971,iter-A,1,0.25
Gaël_82,chercher1972,iter-A,1,0.25
Gaël_82,chercher2737,iter-A,1,0.25
Gaël_82,chercher2738,iter-A,1,0.25
Gaël_82,dedans2739,iter-A,1,0.25
Gaël_82,grelot2742,iter-A,1,0.25
Gaël_82,là bas2745,iter-A,1,0.25
Gaël_82,tout seul1979,iter-A,1,0.25
Gaël_84,bébé1962,iter-A,1,0.25
Gaël_85,dormir1787,iter-A,1,0.25
Gaël_85,maman1789,iter-A,1,0.25
Gaël_85,maman1790,iter-A,1,0.25
Gaël_85,maman1975,iter-A,1,0.25
Gaël_85,maman1977,iter-A,1,0.25
Gaël_86,c'est ça2721,iter-A,1,0.25
Gaël_86,c'est ça2725,iter-A,1,0.25
Gaël_86,c'est ça2732,iter-A,1,0.25
Gaël_86,c'est ça2733,iter-A,1,0.25
Gaël_86,casser2736,iter-A,1,0.25
Gaël_86,chercher1972,iter-A,1,0.25
Gaël_86,là bas2744,iter-A,1,0.25
Gaël_86,tout seul1979,iter-A,1,0.25
Gaël_87,bébé1959,iter-A,1,0.25
Gaël_87,papa1978,iter-A,1,0.25
Gaël_88,c'est ça2724,iter-A,1,0.25
Gaël_88,c'est ça2725,iter-A,1,0.25
Gaël_88,c'est ça2730,iter-A,1,0.25
Gaël_88,c'est ça2733,iter-A,1,0.25
Gaël_88,c'est ça2734,iter-A,1,0.25
Gaël_88,casser1971,iter-A,1,0.25
Gaël_89,c'est ça2729,iter-A,1,0.25
Gaël_89,c'est ça2732,iter-A,1,0.25
Gaël_89,c'est ça2734,iter-A,1,0.25
Gaël_89,chercher2738,iter-A,1,0.25
Gaël_89,ici2743,iter-A,1,0.25
Gaël_89,là bas2745,iter-A,1,0.25
Gaël_89,tout seul1979,iter-A,1,0.25
Gaël_9,c'est ça2722,iter-A,1,0.25
Gaël_9,c'est ça2729,iter-A,1,0.25
Gaël_9,c'est ça2732,iter-A,1,0.25
Gaël_9,c'est ça2733,iter-A,1,0.25
Gaël_9,casser2736,iter-A,1,0.25
Gaël_9,chercher1972,iter-A,1,0.25
Gaël_9,chercher2737,iter-A,1,0.25
Gaël_9,chercher2738,iter-A,1,0.25
Gaël_90,ouvrir2750,iter-A,1,0.25
Gaël_91,maman1789,iter-A,1,0.25
Gaël_92,c'est ça1970,iter-A,1,0.25
Gaël_92,c'est ça2718,iter-A,1,0.25
Gaël_92,c'est ça2719,iter-A,1,0.25
Gaël_92,c'est ça2727,iter-A,1,0.25
Gaël_92,c'est ça2728,iter-A,1,0.25
Gaël_92,c'est ça2730,iter-A,1,0.25
Gaël_92,c'est ça2731,iter-A,1,0.25
Gaël_92,casser2736,iter-A,1,0.25
Gaël_92,chercher2737,iter-A,1,0.25
Gaël_92,ici2743,iter-A,1,0.25
Gaël_92,machine2746,iter-A,1,0.25
Gaël_93,bébé1964,iter-A,1,0.25
Gaël_93,bébé1966,iter-A,1,0.25
Gaël_94,c'est ça2725,iter-A,1,0.25
Gaël_94,c'est ça2730,iter-A,1,0.25
Gaël_94,c'est ça2735,iter-A,1,0.25
Gaël_94,casser1971,iter-A,1,0.25
Gaël_94,chercher2738,iter-A,1,0.25
Gaël_94,tout seul1979,iter-A,1,0.25
Gaël_95,c'est ça2727,iter-A,1,0.25
Gaël_95,c'est ça2733,iter-A,1,0.25
Gaël_95,casser2736,iter-A,1,0.25
Gaël_95,ici2743,iter-A,1,0.25
Gaël_96,maman1789,iter-A,1,0.25
Gaël_96,maman1976,iter-A,1,0.25
Gaël_96,maman2747,iter-A,1,0.25
Gaël_97,c'est ça1970,iter-A,1,0.25
Gaël_97,c'est ça2718,iter-A,1,0.25
Gaël_97,c'est ça2719,iter-A,1,0.25
Gaël_97,c'est ça2723,iter-A,1,0.25
Gaël_97,c'est ça2724,iter-A,1,0.25
Gaël_97,c'est ça2733,iter-A,1,0.25
Gaël_97,c'est ça2735,iter-A,1,0.25
Gaël_97,chercher1972,iter-A,1,0.25
Gaël_97,chercher2738,iter-A,1,0.25
Gaël_97,dedans2739,iter-A,1,0.25
Gaël_97,ici2743,iter-A,1,0.25
Gaël_98,c'est ça2719,iter-A,1,0.25
Gaël_98,c'est ça2727,iter-A,1,0.25
Gaël_98,c'est ça2728,iter-A,1,0.25
Gaël_98,là bas2744,iter-A,1,0.25
Gaël_99,c'est ça2719,iter-A,1,0.25
Gaël_99,c'est ça2724,iter-A,1,0.25
Gaël_99,c'est ça2726,iter-A,1,0.25
Gaël_99,c'est ça2729,iter-A,1,0.25
Gaël_99,c'est ça2735,iter-A,1,0.25
Gaël_99,chercher2737,iter-A,1,0.25
Gaël_99,là bas2744,iter-A,1,0.25
Gwyn_1,blodau3417,iter-A,1,0.25
Gwyn_10,cwaccwac2527,iter-A,1,0.25
Gwyn_10,mwnci3423,iter-A,1,0.25
Gwyn_100,cwaccwac2527,iter-A,1,0.25
Gwyn_100,giraffe2532,iter-A,1,0.25
Gwyn_100,lala3444,iter-A,1,0.25
Gwyn_11,Noa1944,iter-A,1,0.25
Gwyn_11,mwnci3423,iter-A,1,0.25
Gwyn_12,cwaccwac2527,iter-A,1,0.25
Gwyn_12,mwnci2538,iter-A,1,0.25
Gwyn_12,mwnci2539,iter-A,1,0.25
Gwyn_12,mwnci2540,iter-A,1,0.25
Gwyn_14,adar2522,iter-A,1,0.25
Gwyn_14,adar2523,iter-A,1,0.25
Gwyn_14,"dau, tri2528",iter-A,1,0.25
Gwyn_14,"dau, tri2529",iter-A,1,0.25
Gwyn_14,"dau, tri2531",iter-A,1,0.25
Gwyn_15,cwaccwac2527,iter-A,1,0.25
Gwyn_16,"dau, tri2528",iter-A,1,0.25
Gwyn_16,"dau, tri2530",iter-A,1,0.25
Gwyn_17,Noa1944,iter-A,1,0.25
Gwyn_17,"dau, tri2528",iter-A,1,0.25
Gwyn_17,"dau, tri2529",iter-A,1,0.25
Gwyn_17,"dau, tri2530",iter-A,1,0.25
Gwyn_18,adar2523,iter-A,1,0.25
Gwyn_18,blodau3129,iter-A,1,0.25
Gwyn_19,babi3409,iter-A,1,0.25
Gwyn_19,babi3410,iter-A,1,0.25
Gwyn_19,blodau3413,iter-A,1,0.25
Gwyn_19,blodau3414,iter-A,1,0.25
Gwyn_19,blodau3415,iter-A,1,0.25
Gwyn_19,blodau3416,iter-A,1,0.25
Gwyn_2,babi3409,iter-A,1,0.25
Gwyn_2,blodau3417,iter-A,1,0.25
Gwyn_20,"dau, tri2528",iter-A,1,0.25
Gwyn_22,Bwgan2526,iter-A,1,0.25
Gwyn_22,Noa1944,iter-A,1,0.25
Gwyn_22,helo2535,iter-A,1,0.25
Gwyn_23,babi3410,iter-A,1,0.25
Gwyn_23,babi3411,iter-A,1,0.25
Gwyn_23,babi3412,iter-A,1,0.25
Gwyn_23,blodau3414,iter-A,1,0.25
Gwyn_23,blodau3415,iter-A,1,0.25
Gwyn_24,Noa1944,iter-A,1,0.25
Gwyn_24,adar2523,iter-A,1,0.25
Gwyn_25,cwaccwac2527,iter-A,1,0.25
Gwyn_25,giraffe2532,iter-A,1,0.25
Gwyn_25,helo2535,iter-A,1,0.25
Gwyn_25,helo2536,iter-A,1,0.25
Gwyn_30,babi3409,iter-A,1,0.25
Gwyn_30,babi3411,iter-A,1,0.25
Gwyn_30,blodau3413,iter-A,1,0.25
Gwyn_31,mwnci3423,iter-A,1,0.25
Gwyn_33,adar2523,iter-A,1,0.25
Gwyn_33,cwaccwac2527,iter-A,1,0.25
Gwyn_34,adar2523,iter-A,1,0.25
Gwyn_34,cwaccwac2527,iter-A,1,0.25
Gwyn_34,"dau, tri2528",iter-A,1,0.25
Gwyn_34,"dau, tri2531",iter-A,1,0.25
Gwyn_34,helo2536,iter-A,1,0.25
Gwyn_34,mwnci3423,iter-A,1,0.25
Gwyn_35,mwnci2539,iter-A,1,0.25
Gwyn_35,mwnci2543,iter-A,1,0.25
Gwyn_36,mwnci2538,iter-A,1,0.25
Gwyn_36,mwnci2539,iter-A,1,0.25
Gwyn_36,mwnci2541,iter-A,1,0.25
Gwyn_38,adar2522,iter-A,1,0.25
Gwyn_38,cwaccwac2527,iter-A,1,0.25
Gwyn_38,helo2535,iter-A,1,0.25
Gwyn_38,helo2536,iter-A,1,0.25
Gwyn_38,mwnci3423,iter-A,1,0.25
Gwyn_4,adar2522,iter-A,1,0.25
Gwyn_4,cwaccwac2527,iter-A,1,0.25
Gwyn_4,giraffe2532,iter-A,1,0.25
Gwyn_4,helo2537,iter-A,1,0.25
Gwyn_40,cwaccwac2527,iter-A,1,0.25
Gwyn_40,giraffe2532,iter-A,1,0.25
Gwyn_42,cwaccwac2527,iter-A,1,0.25
Gwyn_42,mwnci3423,iter-A,1,0.25
Gwyn_43,giraffe2532,iter-A,1,0.25
Gwyn_43,helo2534,iter-A,1,0.25
Gwyn_44,babi3410,iter-A,1,0.25
Gwyn_44,babi3411,iter-A,1,0.25
Gwyn_44,babi3412,iter-A,1,0.25
Gwyn_44,blodau3413,iter-A,1,0.25
Gwyn_44,blodau3414,iter-A,1,0.25
Gwyn_44,blodau3415,iter-A,1,0.25
Gwyn_44,blodau3418,iter-A,1,0.25
Gwyn_45,babi3411,iter-A,1,0.25
Gwyn_45,blodau3413,iter-A,1,0.25
Gwyn_46,Noa1944,iter-A,1,0.25
Gwyn_46,adar2523,iter-A,1,0.25
Gwyn_46,"dau, tri2528",iter-A,1,0.25
Gwyn_46,tedi3425,iter-A,1,0.25
Gwyn_47,lala3444,iter-A,1,0.25
Gwyn_47,mwnci3423,iter-A,1,0.25
Gwyn_48,Lucy1942,iter-A,1,0.25
Gwyn_48,"dau, tri2529",iter-A,1,0.25
Gwyn_48,helo2534,iter-A,1,0.25
Gwyn_48,helo2536,iter-A,1,0.25
Gwyn_49,Guto2533,iter-A,1,0.25
Gwyn_49,Noa1944,iter-A,1,0.25
Gwyn_49,adar2522,iter-A,1,0.25
Gwyn_49,"dau, tri2528",iter-A,1,0.25
Gwyn_49,tedi3425,iter-A,1,0.25
Gwyn_5,"dau, tri2528",iter-A,1,0.25
Gwyn_5,"dau, tri2529",iter-A,1,0.25
Gwyn_5,"dau, tri2530",iter-A,1,0.25
Gwyn_5,helo2534,iter-A,1,0.25
Gwyn_5,helo2535,iter-A,1,0.25
Gwyn_50,cwaccwac2527,iter-A,1,0.25
Gwyn_50,mwnci3423,iter-A,1,0.25
Gwyn_51,babi3411,iter-A,1,0.25
Gwyn_51,babi3412,iter-A,1,0.25
Gwyn_51,blodau3415,iter-A,1,0.25
Gwyn_51,blodau3416,iter-A,1,0.25
Gwyn_51,blodau3417,iter-A,1,0.25
Gwyn_51,blodau3418,iter-A,1,0.25
Gwyn_52,babi3410,iter-A,1,0.25
Gwyn_52,blodau3417,iter-A,1,0.25
Gwyn_54,Guto2533,iter-A,1,0.25
Gwyn_54,Noa1944,iter-A,1,0.25
Gwyn_54,"dau, tri2531",iter-A,1,0.25
Gwyn_54,giraffe2532,iter-A,1,0.25
Gwyn_55,Noa1944,iter-A,1,0.25
Gwyn_55,adar2522,iter-A,1,0.25
Gwyn_55,adar2523,iter-A,1,0.25
Gwyn_55,"dau, tri2529",iter-A,1,0.25
Gwyn_55,giraffe2532,iter-A,1,0.25
Gwyn_57,babi3410,iter-A,1,0.25
Gwyn_57,babi3412,iter-A,1,0.25
Gwyn_57,blodau3414,iter-A,1,0.25
Gwyn_57,blodau3416,iter-A,1,0.25
Gwyn_57,blodau3417,iter-A,1,0.25
Gwyn_6,adar2522,iter-A,1,0.25
Gwyn_6,adar2523,iter-A,1,0.25
Gwyn_6,"dau, tri2530",iter-A,1,0.25
Gwyn_6,"dau, tri2531",iter-A,1,0.25
Gwyn_6,tedi3425,iter-A,1,0.25
Gwyn_60,Guto2533,iter-A,1,0.25
Gwyn_60,adar2522,iter-A,1,0.25
Gwyn_60,"dau, tri2531",iter-A,1,0.25
Gwyn_61,blodau3129,iter-A,1,0.25
Gwyn_61,cwaccwac2527,iter-A,1,0.25
Gwyn_61,helo2534,iter-A,1,0.25
Gwyn_61,helo2537,iter-A,1,0.25
Gwyn_61,mwnci3423,iter-A,1,0.25
Gwyn_62,Lucy1943,iter-A,1,0.25
Gwyn_62,lala3422,iter-A,1,0.25
Gwyn_63,giraffe2532,iter-A,1,0.25
Gwyn_65,adar2523,iter-A,1,0.25
Gwyn_65,"dau, tri2529",iter-A,1,0.25
Gwyn_65,"dau, tri2531",iter-A,1,0.25
Gwyn_66,adar2523,iter-A,1,0.25
Gwyn_66,"dau, tri2529",iter-A,1,0.25
Gwyn_66,tedi3425,iter-A,1,0.25
Gwyn_67,mwnci2538,iter-A,1,0.25
Gwyn_67,mwnci2539,iter-A,1,0.25
Gwyn_68,adar2522,iter-A,1,0.25
Gwyn_68,cwaccwac2527,iter-A,1,0.25
Gwyn_69,mwnci2543,iter-A,1,0.25
Gwyn_7,cwaccwac2527,iter-A,1,0.25
Gwyn_71,babi3410,iter-A,1,0.25
Gwyn_71,babi3412,iter-A,1,0.25
Gwyn_71,blodau3414,iter-A,1,0.25
Gwyn_71,blodau3416,iter-A,1,0.25
Gwyn_71,blodau3417,iter-A,1,0.25
Gwyn_71,blodau3418,iter-A,1,0.25
Gwyn_72,adar2523,iter-A,1,0.25
Gwyn_72,"dau, tri2531",iter-A,1,0.25
Gwyn_74,adar2522,iter-A,1,0.25
Gwyn_74,adar2523,iter-A,1,0.25
Gwyn_74,giraffe2532,iter-A,1,0.25
Gwyn_74,helo2534,iter-A,1,0.25
Gwyn_74,helo2536,iter-A,1,0.25
Gwyn_75,Bwgan2526,iter-A,1,0.25
Gwyn_75,Noa1944,iter-A,1,0.25
Gwyn_75,adar2522,iter-A,1,0.25
Gwyn_75,cwaccwac2527,iter-A,1,0.25
Gwyn_75,cwaccwac3443,iter-A,1,0.25
Gwyn_75,giraffe2532,iter-A,1,0.25
Gwyn_75,helo2534,iter-A,1,0.25
Gwyn_75,mwnci2540,iter-A,1,0.25
Gwyn_76,mwnci2539,iter-A,1,0.25
Gwyn_77,mwnci2542,iter-A,1,0.25
Gwyn_78,mwnci2539,iter-A,1,0.25
Gwyn_79,Noa1944,iter-A,1,0.25
Gwyn_79,adar2522,iter-A,1,0.25
Gwyn_79,tedi3425,iter-A,1,0.25
Gwyn_8,Lucy1943,iter-A,1,0.25
Gwyn_8,giraffe2532,iter-A,1,0.25
Gwyn_8,lala3444,iter-A,1,0.25
Gwyn_8,mwnci3423,iter-A,1,0.25
Gwyn_80,adar2522,iter-A,1,0.25
Gwyn_80,"dau, tri2529",iter-A,1,0.25
Gwyn_80,giraffe2532,iter-A,1,0.25
Gwyn_81,adar2522,iter-A,1,0.25
Gwyn_81,blodau3129,iter-A,1,0.25
Gwyn_81,helo2534,iter-A,1,0.25
Gwyn_81,helo2535,iter-A,1,0.25
Gwyn_82,mwnci3423,iter-A,1,0.25
Gwyn_83,"dau, tri2528",iter-A,1,0.25
Gwyn_83,"dau, tri2529",iter-A,1,0.25
Gwyn_83,"dau, tri2530",iter-A,1,0.25
Gwyn_83,"dau, tri2531",iter-A,1,0.25
Gwyn_84,adar2522,iter-A,1,0.25
Gwyn_84,"dau, tri2530",iter-A,1,0.25
Gwyn_84,tedi3425,iter-A,1,0.25
Gwyn_85,babi3411,iter-A,1,0.25
Gwyn_85,blodau3415,iter-A,1,0.25
Gwyn_85,blodau3416,iter-A,1,0.25
Gwyn_85,blodau3418,iter-A,1,0.25
Gwyn_86,cwaccwac2527,iter-A,1,0.25
Gwyn_86,cwaccwac3420,iter-A,1,0.25
Gwyn_86,mwnci3423,iter-A,1,0.25
Gwyn_87,adar2522,iter-A,1,0.25
Gwyn_87,adar2523,iter-A,1,0.25
Gwyn_87,"dau, tri2530",iter-A,1,0.25
Gwyn_87,tedi3425,iter-A,1,0.25
Gwyn_89,mwnci2540,iter-A,1,0.25
Gwyn_90,cwaccwac2527,iter-A,1,0.25
Gwyn_91,blodau3416,iter-A,1,0.25
Gwyn_92,mwnci2538,iter-A,1,0.25
Gwyn_93,"dau, tri2529",iter-A,1,0.25
Gwyn_93,helo2536,iter-A,1,0.25
Gwyn_93,mwnci3423,iter-A,1,0.25
Gwyn_94,Guto2533,iter-A,1,0.25
Gwyn_94,adar2523,iter-A,1,0.25
Gwyn_94,"dau, tri2528",iter-A,1,0.25
Gwyn_94,giraffe2532,iter-A,1,0.25
Gwyn_94,tedi3425,iter-A,1,0.25
Gwyn_95,blodau3416,iter-A,1,0.25
Gwyn_96,lala3422,iter-A,1,0.25
Gwyn_97,Lucy1942,iter-A,1,0.25
Gwyn_97,Noa1944,iter-A,1,0.25
Gwyn_97,cwaccwac2527,iter-A,1,0.25
Gwyn_97,lala3444,iter-A,1,0.25
Gwyn_97,mwnci3423,iter-A,1,0.25
Gwyn_99,adar2523,iter-A,1,0.25
Gwyn_99,blodau3129,iter-A,1,0.25
Gwyn_99,helo2534,iter-A,1,0.25
Gwyn_99,helo2536,iter-A,1,0.25
Gwyn_99,mwnci3423,iter-A,1,0.25
Haruo_10,all gone2303,iter-A,1,0.25
Haruo_10,all gone2304,iter-A,1,0.25
Haruo_10,all gone2305,iter-A,1,0.25
Haruo_10,all gone2310,iter-A,1,0.25
Haruo_10,all gone2311,iter-A,1,0.25
Haruo_10,car2691,iter-A,1,0.25
Haruo_10,jump2289,iter-A,1,0.25
Haruo_10,take off clothes2312,iter-A,1,0.25
Haruo_100,all gone2302,iter-A,1,0.25
Haruo_100,all gone2305,iter-A,1,0.25
Haruo_100,all gone2306,iter-A,1,0.25
Haruo_100,all gone2309,iter-A,1,0.25
Haruo_100,car2283,iter-A,1,0.25
Haruo_100,jump2289,iter-A,1,0.25
Haruo_100,take off clothes2312,iter-A,1,0.25
Haruo_11,I want it2296,iter-A,1,0.25
Haruo_12,hello1870,iter-A,1,0.25
Haruo_12,shoes3330,iter-A,1,0.25
Haruo_12,where2288,iter-A,1,0.25
Haruo_13,hot3550,iter-A,1,0.25
Haruo_14,car2691,iter-A,1,0.25
Haruo_14,cheers2281,iter-A,1,0.25
Haruo_14,foot2276,iter-A,1,0.25
Haruo_14,here2298,iter-A,1,0.25
Haruo_14,ouch2909,iter-A,1,0.25
Haruo_14,ouch2910,iter-A,1,0.25
Haruo_14,this2300,iter-A,1,0.25
Haruo_16,all gone2305,iter-A,1,0.25
Haruo_16,all gone2307,iter-A,1,0.25
Haruo_17,all gone2302,iter-A,1,0.25
Haruo_17,all gone2303,iter-A,1,0.25
Haruo_17,all gone2304,iter-A,1,0.25
Haruo_17,all gone2306,iter-A,1,0.25
Haruo_17,all gone2311,iter-A,1,0.25
Haruo_18,foot2275,iter-A,1,0.25
Haruo_18,juice3329,iter-A,1,0.25
Haruo_18,ouch2908,iter-A,1,0.25
Haruo_19,car1865,iter-A,1,0.25
Haruo_19,car2691,iter-A,1,0.25
Haruo_19,cheers2280,iter-A,1,0.25
Haruo_19,cheers2281,iter-A,1,0.25
Haruo_19,foot2275,iter-A,1,0.25
Haruo_19,take off clothes2312,iter-A,1,0.25
Haruo_19,where2288,iter-A,1,0.25
Haruo_20,hot3550,iter-A,1,0.25
Haruo_20,hot3552,iter-A,1,0.25
Haruo_20,ouch2909,iter-A,1,0.25
Haruo_21,foot2275,iter-A,1,0.25
Haruo_21,juice2292,iter-A,1,0.25
Haruo_21,juice3328,iter-A,1,0.25
Haruo_21,shoes3330,iter-A,1,0.25
Haruo_21,where2288,iter-A,1,0.25
Haruo_22,car1865,iter-A,1,0.25
Haruo_22,foot2275,iter-A,1,0.25
Haruo_22,here2298,iter-A,1,0.25
Haruo_23,all gone2306,iter-A,1,0.25
Haruo_23,car2282,iter-A,1,0.25
Haruo_23,car2283,iter-A,1,0.25
Haruo_23,car2691,iter-A,1,0.25
Haruo_23,choochoo2314,iter-A,1,0.25
Haruo_23,take off clothes2312,iter-A,1,0.25
Haruo_25,all gone2306,iter-A,1,0.25
Haruo_25,cheers2281,iter-A,1,0.25
Haruo_25,choochoo2313,iter-A,1,0.25
Haruo_25,choochoo2314,iter-A,1,0.25
Haruo_25,foot2275,iter-A,1,0.25
Haruo_26,all gone2306,iter-A,1,0.25
Haruo_26,car2691,iter-A,1,0.25
Haruo_26,here2298,iter-A,1,0.25
Haruo_26,here2299,iter-A,1,0.25
Haruo_26,juice3328,iter-A,1,0.25
Haruo_26,jump2290,iter-A,1,0.25
Haruo_26,ouch2911,iter-A,1,0.25
Haruo_26,this2300,iter-A,1,0.25
Haruo_27,byebye2277,iter-A,1,0.25
Haruo_27,don't1866,iter-A,1,0.25
Haruo_27,mummy2301,iter-A,1,0.25
Haruo_27,ouch2910,iter-A,1,0.25
Haruo_27,telephone2286,iter-A,1,0.25
Haruo_28,car1865,iter-A,1,0.25
Haruo_28,cheers2281,iter-A,1,0.25
Haruo_28,here2299,iter-A,1,0.25
Haruo_28,juice2292,iter-A,1,0.25
Haruo_28,mummy2301,iter-A,1,0.25
Haruo_28,ouch2910,iter-A,1,0.25
Haruo_29,foot3549,iter-A,1,0.25
Haruo_29,juice3329,iter-A,1,0.25
Haruo_29,ouch2908,iter-A,1,0.25
Haruo_29,ouch2909,iter-A,1,0.25
Haruo_30,car2691,iter-A,1,0.25
Haruo_30,foot2275,iter-A,1,0.25
Haruo_30,jump2290,iter-A,1,0.25
Haruo_31,all gone2306,iter-A,1,0.25
Haruo_31,ouch2908,iter-A,1,0.25
Haruo_31,telephone2286,iter-A,1,0.25
Haruo_32,all gone2302,iter-A,1,0.25
Haruo_32,all gone2303,iter-A,1,0.25
Haruo_32,all gone2306,iter-A,1,0.25
Haruo_32,all gone2309,iter-A,1,0.25
Haruo_32,jump2289,iter-A,1,0.25
Haruo_32,take off clothes2312,iter-A,1,0.25
Haruo_35,choochoo2313,iter-A,1,0.25
Haruo_35,choochoo2314,iter-A,1,0.25
Haruo_35,ouch2911,iter-A,1,0.25
Haruo_36,hot3550,iter-A,1,0.25
Haruo_36,hot3552,iter-A,1,0.25
Haruo_36,ouch2908,iter-A,1,0.25
Haruo_38,shoes3330,iter-A,1,0.25
Haruo_39,all gone2305,iter-A,1,0.25
Haruo_39,all gone2306,iter-A,1,0.25
Haruo_39,car2691,iter-A,1,0.25
Haruo_39,don't1866,iter-A,1,0.25
Haruo_39,hello1870,iter-A,1,0.25
Haruo_39,jump2290,iter-A,1,0.25
Haruo_39,take off clothes2312,iter-A,1,0.25
Haruo_4,car1865,iter-A,1,0.25
Haruo_4,don't1866,iter-A,1,0.25
Haruo_4,foot2276,iter-A,1,0.25
Haruo_4,hello1870,iter-A,1,0.25
Haruo_4,here2299,iter-A,1,0.25
Haruo_4,take off clothes2312,iter-A,1,0.25
Haruo_4,this2300,iter-A,1,0.25
Haruo_40,hot3552,iter-A,1,0.25
Haruo_40,juice3329,iter-A,1,0.25
Haruo_42,all gone2304,iter-A,1,0.25
Haruo_42,all gone2305,iter-A,1,0.25
Haruo_42,all gone2309,iter-A,1,0.25
Haruo_42,all gone2310,iter-A,1,0.25
Haruo_42,all gone2311,iter-A,1,0.25
Haruo_42,all gone2648,iter-A,1,0.25
Haruo_42,take off clothes2312,iter-A,1,0.25
Haruo_43,byebye2278,iter-A,1,0.25
Haruo_43,byebye2279,iter-A,1,0.25
Haruo_43,choochoo2314,iter-A,1,0.25
Haruo_43,don't1866,iter-A,1,0.25
Haruo_43,hello1870,iter-A,1,0.25
Haruo_43,mummy2301,iter-A,1,0.25
Haruo_43,ouch2909,iter-A,1,0.25
Haruo_43,take off clothes2312,iter-A,1,0.25
Haruo_45,ouch2911,iter-A,1,0.25
Haruo_46,foot3549,iter-A,1,0.25
Haruo_46,hot3551,iter-A,1,0.25
Haruo_47,byebye2278,iter-A,1,0.25
Haruo_47,choochoo2313,iter-A,1,0.25
Haruo_47,jump2290,iter-A,1,0.25
Haruo_47,telephone2286,iter-A,1,0.25
Haruo_47,where2288,iter-A,1,0.25
Haruo_48,foot3549,iter-A,1,0.25
Haruo_48,hot3550,iter-A,1,0.25
Haruo_48,ouch2909,iter-A,1,0.25
Haruo_49,juice3328,iter-A,1,0.25
Haruo_5,here2298,iter-A,1,0.25
Haruo_5,here2299,iter-A,1,0.25
Haruo_5,hold me3326,iter-A,1,0.25
Haruo_50,all gone2303,iter-A,1,0.25
Haruo_50,all gone2305,iter-A,1,0.25
Haruo_50,all gone2307,iter-A,1,0.25
Haruo_50,all gone2309,iter-A,1,0.25
Haruo_50,all gone2311,iter-A,1,0.25
Haruo_50,all gone2648,iter-A,1,0.25
Haruo_51,all gone2308,iter-A,1,0.25
Haruo_51,all gone2309,iter-A,1,0.25
Haruo_51,car2283,iter-A,1,0.25
Haruo_51,jump2289,iter-A,1,0.25
Haruo_51,ouch2910,iter-A,1,0.25
Haruo_54,jump1868,iter-A,1,0.25
Haruo_55,foot2275,iter-A,1,0.25
Haruo_56,all gone2304,iter-A,1,0.25
Haruo_56,all gone2308,iter-A,1,0.25
Haruo_56,all gone2309,iter-A,1,0.25
Haruo_56,take off clothes2312,iter-A,1,0.25
Haruo_57,all gone2302,iter-A,1,0.25
Haruo_57,all gone2303,iter-A,1,0.25
Haruo_57,all gone2306,iter-A,1,0.25
Haruo_57,all gone2309,iter-A,1,0.25
Haruo_57,all gone2310,iter-A,1,0.25
Haruo_57,car2691,iter-A,1,0.25
Haruo_57,take off clothes2312,iter-A,1,0.25
Haruo_58,foot2275,iter-A,1,0.25
Haruo_58,hello1870,iter-A,1,0.25
Haruo_6,all gone2307,iter-A,1,0.25
Haruo_6,all gone2311,iter-A,1,0.25
Haruo_6,car2691,iter-A,1,0.25
Haruo_6,don't1866,iter-A,1,0.25
Haruo_6,foot2276,iter-A,1,0.25
Haruo_60,foot3549,iter-A,1,0.25
Haruo_60,juice3329,iter-A,1,0.25
Haruo_60,ouch2909,iter-A,1,0.25
Haruo_61,I want it2296,iter-A,1,0.25
Haruo_61,car1865,iter-A,1,0.25
Haruo_61,car2691,iter-A,1,0.25
Haruo_62,shoes3330,iter-A,1,0.25
Haruo_63,all gone2302,iter-A,1,0.25
Haruo_63,all gone2307,iter-A,1,0.25
Haruo_63,all gone2308,iter-A,1,0.25
Haruo_63,all gone2309,iter-A,1,0.25
Haruo_63,all gone2311,iter-A,1,0.25
Haruo_64,all gone2302,iter-A,1,0.25
Haruo_64,all gone2305,iter-A,1,0.25
Haruo_64,all gone2311,iter-A,1,0.25
Haruo_65,juice2295,iter-A,1,0.25
Haruo_65,please2287,iter-A,1,0.25
Haruo_66,foot2276,iter-A,1,0.25
Haruo_66,ouch2908,iter-A,1,0.25
Haruo_67,byebye2279,iter-A,1,0.25
Haruo_67,car2283,iter-A,1,0.25
Haruo_67,car3325,iter-A,1,0.25
Haruo_67,cheers2280,iter-A,1,0.25
Haruo_67,here2299,iter-A,1,0.25
Haruo_67,mummy2301,iter-A,1,0.25
Haruo_67,ouch2911,iter-A,1,0.25
Haruo_68,hot3552,iter-A,1,0.25
Haruo_68,juice3329,iter-A,1,0.25
Haruo_7,car2691,iter-A,1,0.25
Haruo_7,choochoo2313,iter-A,1,0.25
Haruo_7,ouch2910,iter-A,1,0.25
Haruo_7,telephone2286,iter-A,1,0.25
Haruo_70,byebye2279,iter-A,1,0.25
Haruo_70,car1865,iter-A,1,0.25
Haruo_70,car2691,iter-A,1,0.25
Haruo_70,cheers2281,iter-A,1,0.25
Haruo_70,don't1866,iter-A,1,0.25
Haruo_70,ouch2908,iter-A,1,0.25
Haruo_72,byebye2277,iter-A,1,0.25
Haruo_72,byebye2278,iter-A,1,0.25
Haruo_72,car2691,iter-A,1,0.25
Haruo_72,cheers2280,iter-A,1,0.25
Haruo_72,choochoo2314,iter-A,1,0.25
Haruo_74,baby3105,iter-A,1,0.25
Haruo_74,ouch2911,iter-A,1,0.25
Haruo_75,here2299,iter-A,1,0.25
Haruo_75,shoes3331,iter-A,1,0.25
Haruo_76,car1865,iter-A,1,0.25
Haruo_76,choochoo2313,iter-A,1,0.25
Haruo_76,jump2290,iter-A,1,0.25
Haruo_77,here2298,iter-A,1,0.25
Haruo_78,car1865,iter-A,1,0.25
Haruo_78,doggie2315,iter-A,1,0.25
Haruo_79,juice3329,iter-A,1,0.25
Haruo_79,ouch2910,iter-A,1,0.25
Haruo_79,where2288,iter-A,1,0.25
Haruo_8,car2283,iter-A,1,0.25
Haruo_8,choochoo2313,iter-A,1,0.25
Haruo_8,foot2275,iter-A,1,0.25
Haruo_8,jump2290,iter-A,1,0.25
Haruo_8,telephone2286,iter-A,1,0.25
Haruo_80,byebye2278,iter-A,1,0.25
Haruo_81,all gone2303,iter-A,1,0.25
Haruo_81,all gone2304,iter-A,1,0.25
Haruo_81,all gone2306,iter-A,1,0.25
Haruo_81,all gone2307,iter-A,1,0.25
Haruo_81,all gone2309,iter-A,1,0.25
Haruo_81,all gone2648,iter-A,1,0.25
Haruo_81,car2283,iter-A,1,0.25
Haruo_81,car2691,iter-A,1,0.25
Haruo_81,jump2289,iter-A,1,0.25
Haruo_82,cheers2280,iter-A,1,0.25
Haruo_82,cheers2281,iter-A,1,0.25
Haruo_82,choochoo2313,iter-A,1,0.25
Haruo_83,byebye2277,iter-A,1,0.25
Haruo_83,byebye2278,iter-A,1,0.25
Haruo_83,car2282,iter-A,1,0.25
Haruo_83,cheers2281,iter-A,1,0.25
Haruo_84,cheers2280,iter-A,1,0.25
Haruo_84,don't1866,iter-A,1,0.25
Haruo_84,jump2290,iter-A,1,0.25
Haruo_84,ouch2911,iter-A,1,0.25
Haruo_85,all gone2303,iter-A,1,0.25
Haruo_85,all gone2306,iter-A,1,0.25
Haruo_85,all gone2307,iter-A,1,0.25
Haruo_85,all gone2309,iter-A,1,0.25
Haruo_85,car2283,iter-A,1,0.25
Haruo_85,car2691,iter-A,1,0.25
Haruo_86,all gone2306,iter-A,1,0.25
Haruo_86,all gone2308,iter-A,1,0.25
Haruo_86,all gone2309,iter-A,1,0.25
Haruo_86,all gone2648,iter-A,1,0.25
Haruo_86,ouch2910,iter-A,1,0.25
Haruo_87,hot3551,iter-A,1,0.25
Haruo_87,ouch2908,iter-A,1,0.25
Haruo_87,ouch2909,iter-A,1,0.25
Haruo_88,car1865,iter-A,1,0.25
Haruo_88,car3325,iter-A,1,0.25
Haruo_88,cheers2280,iter-A,1,0.25
Haruo_88,don't1866,iter-A,1,0.25
Haruo_89,foot3549,iter-A,1,0.25
Haruo_89,hot3551,iter-A,1,0.25
Haruo_89,hot3552,iter-A,1,0.25
Haruo_89,juice3329,iter-A,1,0.25
Haruo_9,juice2292,iter-A,1,0.25
Haruo_90,all gone2302,iter-A,1,0.25
Haruo_90,all gone2311,iter-A,1,0.25
Haruo_90,take off clothes2312,iter-A,1,0.25
Haruo_93,here2299,iter-A,1,0.25
Haruo_93,shoes3331,iter-A,1,0.25
Haruo_94,juice2291,iter-A,1,0.25
Haruo_95,all gone2302,iter-A,1,0.25
Haruo_95,all gone2309,iter-A,1,0.25
Haruo_95,all gone2310,iter-A,1,0.25
Haruo_95,all gone2311,iter-A,1,0.25
Haruo_95,all gone2648,iter-A,1,0.25
Haruo_96,byebye2277,iter-A,1,0.25
Haruo_96,cheers2280,iter-A,1,0.25
Haruo_96,telephone2286,iter-A,1,0.25
Haruo_97,all gone2307,iter-A,1,0.25
Haruo_97,byebye2277,iter-A,1,0.25
Haruo_97,byebye2279,iter-A,1,0.25
Haruo_97,car2282,iter-A,1,0.25
Haruo_97,car2691,iter-A,1,0.25
Haruo_97,cheers2280,iter-A,1,0.25
Haruo_97,choochoo2313,iter-A,1,0.25
Haruo_97,choochoo2314,iter-A,1,0.25
Haruo_97,don't1866,iter-A,1,0.25
Haruo_97,hello1870,iter-A,1,0.25
Haruo_97,here2299,iter-A,1,0.25
Haruo_97,ouch2909,iter-A,1,0.25
Haruo_98,all gone2303,iter-A,1,0.25
Haruo_98,all gone2305,iter-A,1,0.25
Haruo_98,all gone2306,iter-A,1,0.25
Haruo_98,all gone2308,iter-A,1,0.25
Haruo_98,all gone2311,iter-A,1,0.25
Hiromi_1,baby2179,iter-A,1,0.25
Hiromi_1,ball1846,iter-A,1,0.25
Hiromi_1,daddy2208,iter-A,1,0.25
Hiromi_1,daddy2209,iter-A,1,0.25
Hiromi_1,daddy2210,iter-A,1,0.25
Hiromi_1,mom2195,iter-A,1,0.25
Hiromi_1,panda1854,iter-A,1,0.25
Hiromi_1,panda1856,iter-A,1,0.25
Hiromi_10,cake2185,iter-A,1,0.25
Hiromi_10,cake2187,iter-A,1,0.25
Hiromi_10,cute1848,iter-A,1,0.25
Hiromi_10,duck2183,iter-A,1,0.25
Hiromi_10,this2190,iter-A,1,0.25
Hiromi_10,this2191,iter-A,1,0.25
Hiromi_10,this2192,iter-A,1,0.25
Hiromi_10,turtle2184,iter-A,1,0.25
Hiromi_100,cake2185,iter-A,1,0.25
Hiromi_100,cute1848,iter-A,1,0.25
Hiromi_100,daddy2209,iter-A,1,0.25
Hiromi_100,daddy2212,iter-A,1,0.25
Hiromi_100,this1851,iter-A,1,0.25
Hiromi_100,this2188,iter-A,1,0.25
Hiromi_100,this2189,iter-A,1,0.25
Hiromi_100,this2193,iter-A,1,0.25
Hiromi_100,turtle2184,iter-A,1,0.25
Hiromi_11,daddy2212,iter-A,1,0.25
Hiromi_11,panda1856,iter-A,1,0.25
Hiromi_11,this1850,iter-A,1,0.25
Hiromi_11,this1851,iter-A,1,0.25
Hiromi_11,this1853,iter-A,1,0.25
Hiromi_12,baby2179,iter-A,1,0.25
Hiromi_12,cute1848,iter-A,1,0.25
Hiromi_12,daddy2208,iter-A,1,0.25
Hiromi_12,daddy2210,iter-A,1,0.25
Hiromi_12,daddy2211,iter-A,1,0.25
Hiromi_13,cake2186,iter-A,1,0.25
Hiromi_13,neko 'cat2203,iter-A,1,0.25
Hiromi_13,neko 'cat2206,iter-A,1,0.25
Hiromi_13,neko 'cat2207,iter-A,1,0.25
Hiromi_14,mom2194,iter-A,1,0.25
Hiromi_14,mom2195,iter-A,1,0.25
Hiromi_14,mom2196,iter-A,1,0.25
Hiromi_14,mom2197,iter-A,1,0.25
Hiromi_15,baby2179,iter-A,1,0.25
Hiromi_15,cake2185,iter-A,1,0.25
Hiromi_15,cute1848,iter-A,1,0.25
Hiromi_15,cute1849,iter-A,1,0.25
Hiromi_15,daddy2208,iter-A,1,0.25
Hiromi_15,daddy2209,iter-A,1,0.25
Hiromi_15,daddy2211,iter-A,1,0.25
Hiromi_15,daddy2212,iter-A,1,0.25
Hiromi_15,hippopotamus2182,iter-A,1,0.25
Hiromi_15,this2193,iter-A,1,0.25
Hiromi_15,turtle2184,iter-A,1,0.25
Hiromi_16,duck2183,iter-A,1,0.25
Hiromi_17,cake2185,iter-A,1,0.25
Hiromi_17,cute1848,iter-A,1,0.25
Hiromi_17,duck2183,iter-A,1,0.25
Hiromi_17,hippopotamus2182,iter-A,1,0.25
Hiromi_17,this1850,iter-A,1,0.25
Hiromi_17,this1851,iter-A,1,0.25
Hiromi_17,this2188,iter-A,1,0.25
Hiromi_17,this2189,iter-A,1,0.25
Hiromi_17,this2190,iter-A,1,0.25
Hiromi_17,this2191,iter-A,1,0.25
Hiromi_17,this2192,iter-A,1,0.25
Hiromi_18,ear2200,iter-A,1,0.25
Hiromi_18,mom2196,iter-A,1,0.25
Hiromi_18,mom2197,iter-A,1,0.25
Hiromi_19,ball1845,iter-A,1,0.25
Hiromi_19,ball1846,iter-A,1,0.25
Hiromi_19,"car, vroom3280",iter-A,1,0.25
Hiromi_19,daddy2208,iter-A,1,0.25
Hiromi_19,daddy2213,iter-A,1,0.25
Hiromi_2,baby2179,iter-A,1,0.25
Hiromi_2,"car, vroom2180",iter-A,1,0.25
Hiromi_2,daddy2208,iter-A,1,0.25
Hiromi_2,mom2195,iter-A,1,0.25
Hiromi_2,panda1854,iter-A,1,0.25
Hiromi_2,panda1855,iter-A,1,0.25
Hiromi_20,ball1846,iter-A,1,0.25
Hiromi_20,"car, vroom2180",iter-A,1,0.25
Hiromi_20,daddy2211,iter-A,1,0.25
Hiromi_20,daddy2213,iter-A,1,0.25
Hiromi_20,panda1854,iter-A,1,0.25
Hiromi_20,turtle2184,iter-A,1,0.25
Hiromi_21,sleep3282,iter-A,1,0.25
Hiromi_22,Barney1844,iter-A,1,0.25
Hiromi_22,ball1845,iter-A,1,0.25
Hiromi_22,daddy2210,iter-A,1,0.25
Hiromi_22,daddy2214,iter-A,1,0.25
Hiromi_22,panda1856,iter-A,1,0.25
Hiromi_22,turtle2184,iter-A,1,0.25
Hiromi_23,cake2186,iter-A,1,0.25
Hiromi_24,mom2195,iter-A,1,0.25
Hiromi_24,mom2196,iter-A,1,0.25
Hiromi_25,Barney1844,iter-A,1,0.25
Hiromi_25,ball1845,iter-A,1,0.25
Hiromi_25,this1851,iter-A,1,0.25
Hiromi_25,this1852,iter-A,1,0.25
Hiromi_26,Barney1844,iter-A,1,0.25
Hiromi_26,cake2185,iter-A,1,0.25
Hiromi_26,cake2186,iter-A,1,0.25
Hiromi_26,cute1848,iter-A,1,0.25
Hiromi_26,duck2183,iter-A,1,0.25
Hiromi_26,panda1855,iter-A,1,0.25
Hiromi_26,panda1856,iter-A,1,0.25
Hiromi_26,this1850,iter-A,1,0.25
Hiromi_26,this1851,iter-A,1,0.25
Hiromi_26,this2190,iter-A,1,0.25
Hiromi_26,this2191,iter-A,1,0.25
Hiromi_26,this2193,iter-A,1,0.25
Hiromi_27,foot2894,iter-A,1,0.25
Hiromi_28,ball1845,iter-A,1,0.25
Hiromi_28,ball1846,iter-A,1,0.25
Hiromi_28,cake2185,iter-A,1,0.25
Hiromi_28,cute1849,iter-A,1,0.25
Hiromi_28,panda1855,iter-A,1,0.25
Hiromi_28,panda1856,iter-A,1,0.25
Hiromi_28,this1852,iter-A,1,0.25
Hiromi_28,this2188,iter-A,1,0.25
Hiromi_28,this2190,iter-A,1,0.25
Hiromi_29,cake2185,iter-A,1,0.25
Hiromi_29,duck2183,iter-A,1,0.25
Hiromi_29,neko 'cat2203,iter-A,1,0.25
Hiromi_29,neko 'cat2206,iter-A,1,0.25
Hiromi_29,neko 'cat2207,iter-A,1,0.25
Hiromi_29,this2188,iter-A,1,0.25
Hiromi_29,this2191,iter-A,1,0.25
Hiromi_29,this2192,iter-A,1,0.25
Hiromi_29,turtle2184,iter-A,1,0.25
Hiromi_3,cake2187,iter-A,1,0.25
Hiromi_3,neko 'cat2204,iter-A,1,0.25
Hiromi_3,neko 'cat2205,iter-A,1,0.25
Hiromi_3,neko 'cat2206,iter-A,1,0.25
Hiromi_3,neko 'cat2207,iter-A,1,0.25
Hiromi_30,cake2187,iter-A,1,0.25
Hiromi_30,cute1848,iter-A,1,0.25
Hiromi_30,duck2183,iter-A,1,0.25
Hiromi_30,hippopotamus2182,iter-A,1,0.25
Hiromi_30,neko 'cat2204,iter-A,1,0.25
Hiromi_30,neko 'cat2206,iter-A,1,0.25
Hiromi_30,this1850,iter-A,1,0.25
Hiromi_30,this1851,iter-A,1,0.25
Hiromi_30,this2191,iter-A,1,0.25
Hiromi_30,this2192,iter-A,1,0.25
Hiromi_30,this2193,iter-A,1,0.25
Hiromi_30,turtle2184,iter-A,1,0.25
Hiromi_31,"car, vroom2180",iter-A,1,0.25
Hiromi_31,cute1848,iter-A,1,0.25
Hiromi_31,cute1849,iter-A,1,0.25
Hiromi_31,daddy2210,iter-A,1,0.25
Hiromi_31,daddy2212,iter-A,1,0.25
Hiromi_31,panda1854,iter-A,1,0.25
Hiromi_31,panda1855,iter-A,1,0.25
Hiromi_31,this1850,iter-A,1,0.25
Hiromi_31,this1852,iter-A,1,0.25
Hiromi_32,cake2185,iter-A,1,0.25
Hiromi_32,hippopotamus2182,iter-A,1,0.25
Hiromi_32,neko 'cat2205,iter-A,1,0.25
Hiromi_32,neko 'cat2206,iter-A,1,0.25
Hiromi_32,this1853,iter-A,1,0.25
Hiromi_32,this2192,iter-A,1,0.25
Hiromi_34,mom2194,iter-A,1,0.25
Hiromi_34,mom2195,iter-A,1,0.25
Hiromi_34,mom2198,iter-A,1,0.25
Hiromi_35,Barney1844,iter-A,1,0.25
Hiromi_35,baby2179,iter-A,1,0.25
Hiromi_35,ball1845,iter-A,1,0.25
Hiromi_35,"car, vroom2180",iter-A,1,0.25
Hiromi_35,daddy2208,iter-A,1,0.25
Hiromi_35,daddy2209,iter-A,1,0.25
Hiromi_35,daddy2214,iter-A,1,0.25
Hiromi_35,hippopotamus2182,iter-A,1,0.25
Hiromi_35,turtle2184,iter-A,1,0.25
Hiromi_36,cute1849,iter-A,1,0.25
Hiromi_36,duck2183,iter-A,1,0.25
Hiromi_36,this1853,iter-A,1,0.25
Hiromi_36,this2190,iter-A,1,0.25
Hiromi_36,turtle2184,iter-A,1,0.25
Hiromi_37,ear2200,iter-A,1,0.25
Hiromi_37,mom2195,iter-A,1,0.25
Hiromi_39,duck2183,iter-A,1,0.25
Hiromi_39,neko 'cat2207,iter-A,1,0.25
Hiromi_4,cake2185,iter-A,1,0.25
Hiromi_4,duck2183,iter-A,1,0.25
Hiromi_4,hippopotamus2182,iter-A,1,0.25
Hiromi_4,this1853,iter-A,1,0.25
Hiromi_4,this2189,iter-A,1,0.25
Hiromi_4,this2190,iter-A,1,0.25
Hiromi_40,ball1845,iter-A,1,0.25
Hiromi_40,cake2185,iter-A,1,0.25
Hiromi_40,cake2186,iter-A,1,0.25
Hiromi_40,cake2187,iter-A,1,0.25
Hiromi_40,this1852,iter-A,1,0.25
Hiromi_40,turtle2184,iter-A,1,0.25
Hiromi_41,cake2185,iter-A,1,0.25
Hiromi_41,cake2186,iter-A,1,0.25
Hiromi_41,this1850,iter-A,1,0.25
Hiromi_41,this1851,iter-A,1,0.25
Hiromi_42,mom2194,iter-A,1,0.25
Hiromi_42,mom2199,iter-A,1,0.25
Hiromi_44,ball1846,iter-A,1,0.25
Hiromi_44,"car, vroom3280",iter-A,1,0.25
Hiromi_44,daddy2211,iter-A,1,0.25
Hiromi_44,panda1855,iter-A,1,0.25
Hiromi_44,panda1856,iter-A,1,0.25
Hiromi_44,turtle2184,iter-A,1,0.25
Hiromi_45,baby2179,iter-A,1,0.25
Hiromi_45,"car, vroom2180",iter-A,1,0.25
Hiromi_45,daddy2209,iter-A,1,0.25
Hiromi_45,daddy2210,iter-A,1,0.25
Hiromi_45,panda1854,iter-A,1,0.25
Hiromi_45,panda1855,iter-A,1,0.25
Hiromi_45,this1851,iter-A,1,0.25
Hiromi_46,foot2895,iter-A,1,0.25
Hiromi_47,ear2200,iter-A,1,0.25
Hiromi_47,ear2202,iter-A,1,0.25
Hiromi_47,mom2194,iter-A,1,0.25
Hiromi_47,mom2195,iter-A,1,0.25
Hiromi_47,mom2198,iter-A,1,0.25
Hiromi_48,Barney1844,iter-A,1,0.25
Hiromi_48,cake2185,iter-A,1,0.25
Hiromi_48,cute1849,iter-A,1,0.25
Hiromi_48,panda1856,iter-A,1,0.25
Hiromi_48,this1850,iter-A,1,0.25
Hiromi_48,this1853,iter-A,1,0.25
Hiromi_48,this2190,iter-A,1,0.25
Hiromi_48,this2192,iter-A,1,0.25
Hiromi_50,Barney1844,iter-A,1,0.25
Hiromi_50,ball1846,iter-A,1,0.25
Hiromi_50,daddy2209,iter-A,1,0.25
Hiromi_50,daddy2212,iter-A,1,0.25
Hiromi_50,daddy2214,iter-A,1,0.25
Hiromi_50,panda1855,iter-A,1,0.25
Hiromi_50,turtle2184,iter-A,1,0.25
Hiromi_51,sleep3283,iter-A,1,0.25
Hiromi_53,ear2202,iter-A,1,0.25
Hiromi_53,mom2196,iter-A,1,0.25
Hiromi_53,mom2197,iter-A,1,0.25
Hiromi_53,mom2199,iter-A,1,0.25
Hiromi_55,ball1846,iter-A,1,0.25
Hiromi_55,"car, vroom3280",iter-A,1,0.25
Hiromi_55,daddy2208,iter-A,1,0.25
Hiromi_55,daddy2213,iter-A,1,0.25
Hiromi_55,hippopotamus2182,iter-A,1,0.25
Hiromi_55,panda1855,iter-A,1,0.25
Hiromi_56,cake2185,iter-A,1,0.25
Hiromi_56,this1850,iter-A,1,0.25
Hiromi_56,this1853,iter-A,1,0.25
Hiromi_56,this2189,iter-A,1,0.25
Hiromi_56,this2193,iter-A,1,0.25
Hiromi_57,baby2179,iter-A,1,0.25
Hiromi_57,ball1846,iter-A,1,0.25
Hiromi_57,cute1849,iter-A,1,0.25
Hiromi_57,daddy2210,iter-A,1,0.25
Hiromi_57,daddy2212,iter-A,1,0.25
Hiromi_57,panda1854,iter-A,1,0.25
Hiromi_57,panda1855,iter-A,1,0.25
Hiromi_58,ear2200,iter-A,1,0.25
Hiromi_58,mom2199,iter-A,1,0.25
Hiromi_59,ear2201,iter-A,1,0.25
Hiromi_59,ear2202,iter-A,1,0.25
Hiromi_59,mom2194,iter-A,1,0.25
Hiromi_59,mom2196,iter-A,1,0.25
Hiromi_59,mom2198,iter-A,1,0.25
Hiromi_6,ear2202,iter-A,1,0.25
Hiromi_6,mom2197,iter-A,1,0.25
Hiromi_60,cute1848,iter-A,1,0.25
Hiromi_60,hippopotamus2182,iter-A,1,0.25
Hiromi_60,this1850,iter-A,1,0.25
Hiromi_60,this1853,iter-A,1,0.25
Hiromi_60,this2193,iter-A,1,0.25
Hiromi_61,daddy2208,iter-A,1,0.25
Hiromi_61,daddy2210,iter-A,1,0.25
Hiromi_61,daddy2212,iter-A,1,0.25
Hiromi_61,daddy2213,iter-A,1,0.25
Hiromi_61,daddy2214,iter-A,1,0.25
Hiromi_62,foot2894,iter-A,1,0.25
Hiromi_62,foot2895,iter-A,1,0.25
Hiromi_62,panda1854,iter-A,1,0.25
Hiromi_62,panda1855,iter-A,1,0.25
Hiromi_63,mom2199,iter-A,1,0.25
Hiromi_64,cute1849,iter-A,1,0.25
Hiromi_64,this1853,iter-A,1,0.25
Hiromi_64,this2189,iter-A,1,0.25
Hiromi_64,this2191,iter-A,1,0.25
Hiromi_64,this2193,iter-A,1,0.25
Hiromi_65,Barney1844,iter-A,1,0.25
Hiromi_65,cake2186,iter-A,1,0.25
Hiromi_65,cake2187,iter-A,1,0.25
Hiromi_65,cute1848,iter-A,1,0.25
Hiromi_65,panda1854,iter-A,1,0.25
Hiromi_65,panda1855,iter-A,1,0.25
Hiromi_65,this2191,iter-A,1,0.25
Hiromi_65,this2192,iter-A,1,0.25
Hiromi_66,duck2183,iter-A,1,0.25
Hiromi_66,panda1854,iter-A,1,0.25
Hiromi_66,this1850,iter-A,1,0.25
Hiromi_66,turtle2184,iter-A,1,0.25
Hiromi_68,mom2198,iter-A,1,0.25
Hiromi_68,mom2199,iter-A,1,0.25
Hiromi_69,baby2179,iter-A,1,0.25
Hiromi_69,"car, vroom2180",iter-A,1,0.25
Hiromi_69,cute1848,iter-A,1,0.25
Hiromi_69,daddy2212,iter-A,1,0.25
Hiromi_69,daddy2214,iter-A,1,0.25
Hiromi_69,duck2183,iter-A,1,0.25
Hiromi_69,hippopotamus2182,iter-A,1,0.25
Hiromi_69,this2189,iter-A,1,0.25
Hiromi_69,this2190,iter-A,1,0.25
Hiromi_69,turtle2184,iter-A,1,0.25
Hiromi_7,Barney1844,iter-A,1,0.25
Hiromi_7,ball1846,iter-A,1,0.25
Hiromi_7,cute1848,iter-A,1,0.25
Hiromi_7,daddy2209,iter-A,1,0.25
Hiromi_7,daddy2213,iter-A,1,0.25
Hiromi_7,this1850,iter-A,1,0.25
Hiromi_7,this1853,iter-A,1,0.25
Hiromi_70,baby2179,iter-A,1,0.25
Hiromi_70,ball1845,iter-A,1,0.25
Hiromi_70,cute1849,iter-A,1,0.25
Hiromi_70,daddy2210,iter-A,1,0.25
Hiromi_70,daddy2214,iter-A,1,0.25
Hiromi_70,panda1854,iter-A,1,0.25
Hiromi_70,this1850,iter-A,1,0.25
Hiromi_71,ear2202,iter-A,1,0.25
Hiromi_72,cake2185,iter-A,1,0.25
Hiromi_72,daddy2208,iter-A,1,0.25
Hiromi_72,this1851,iter-A,1,0.25
Hiromi_72,this1853,iter-A,1,0.25
Hiromi_72,this2190,iter-A,1,0.25
Hiromi_72,this2193,iter-A,1,0.25
Hiromi_73,mom2195,iter-A,1,0.25
Hiromi_73,mom2197,iter-A,1,0.25
Hiromi_74,cake2185,iter-A,1,0.25
Hiromi_74,cake2186,iter-A,1,0.25
Hiromi_74,neko 'cat2204,iter-A,1,0.25
Hiromi_74,neko 'cat2207,iter-A,1,0.25
Hiromi_74,this1851,iter-A,1,0.25
Hiromi_74,this2189,iter-A,1,0.25
Hiromi_74,turtle2184,iter-A,1,0.25
Hiromi_75,Barney1844,iter-A,1,0.25
Hiromi_75,ball1846,iter-A,1,0.25
Hiromi_75,daddy2208,iter-A,1,0.25
Hiromi_75,daddy2212,iter-A,1,0.25
Hiromi_75,hippopotamus2182,iter-A,1,0.25
Hiromi_75,mom2195,iter-A,1,0.25
Hiromi_76,cake2185,iter-A,1,0.25
Hiromi_76,cake2187,iter-A,1,0.25
Hiromi_76,cute1849,iter-A,1,0.25
Hiromi_76,panda1854,iter-A,1,0.25
Hiromi_76,panda1856,iter-A,1,0.25
Hiromi_76,this1851,iter-A,1,0.25
Hiromi_76,this2188,iter-A,1,0.25
Hiromi_76,this2193,iter-A,1,0.25
Hiromi_76,turtle2184,iter-A,1,0.25
Hiromi_77,Barney1844,iter-A,1,0.25
Hiromi_77,foot2895,iter-A,1,0.25
Hiromi_77,panda1854,iter-A,1,0.25
Hiromi_77,this1850,iter-A,1,0.25
Hiromi_77,this1851,iter-A,1,0.25
Hiromi_77,this1853,iter-A,1,0.25
Hiromi_78,sleep3281,iter-A,1,0.25
Hiromi_78,sleep3282,iter-A,1,0.25
Hiromi_79,cake2185,iter-A,1,0.25
Hiromi_79,cake2187,iter-A,1,0.25
Hiromi_79,cute1849,iter-A,1,0.25
Hiromi_79,this1853,iter-A,1,0.25
Hiromi_79,turtle2184,iter-A,1,0.25
Hiromi_8,cake2186,iter-A,1,0.25
Hiromi_8,hippopotamus2182,iter-A,1,0.25
Hiromi_8,this1853,iter-A,1,0.25
Hiromi_8,this2189,iter-A,1,0.25
Hiromi_8,this2192,iter-A,1,0.25
Hiromi_8,turtle2184,iter-A,1,0.25
Hiromi_80,baby2179,iter-A,1,0.25
Hiromi_80,daddy2208,iter-A,1,0.25
Hiromi_80,daddy2212,iter-A,1,0.25
Hiromi_80,daddy2213,iter-A,1,0.25
Hiromi_80,ear2200,iter-A,1,0.25
Hiromi_80,ear2202,iter-A,1,0.25
Hiromi_80,mom2196,iter-A,1,0.25
Hiromi_80,mom2198,iter-A,1,0.25
Hiromi_81,ball1846,iter-A,1,0.25
Hiromi_81,"car, vroom3280",iter-A,1,0.25
Hiromi_81,daddy2209,iter-A,1,0.25
Hiromi_81,daddy2212,iter-A,1,0.25
Hiromi_81,daddy2213,iter-A,1,0.25
Hiromi_81,panda1854,iter-A,1,0.25
Hiromi_84,Barney1844,iter-A,1,0.25
Hiromi_84,ball1846,iter-A,1,0.25
Hiromi_84,cake2186,iter-A,1,0.25
Hiromi_84,hippopotamus2182,iter-A,1,0.25
Hiromi_84,panda1854,iter-A,1,0.25
Hiromi_84,panda1856,iter-A,1,0.25
Hiromi_84,this1852,iter-A,1,0.25
Hiromi_84,this1853,iter-A,1,0.25
Hiromi_84,this2188,iter-A,1,0.25
Hiromi_84,this2189,iter-A,1,0.25
Hiromi_84,this2191,iter-A,1,0.25
Hiromi_84,turtle2184,iter-A,1,0.25
Hiromi_85,baby2179,iter-A,1,0.25
Hiromi_85,"car, vroom3280",iter-A,1,0.25
Hiromi_85,daddy2210,iter-A,1,0.25
Hiromi_85,daddy2212,iter-A,1,0.25
Hiromi_85,daddy2213,iter-A,1,0.25
Hiromi_85,hippopotamus2182,iter-A,1,0.25
Hiromi_85,mom2195,iter-A,1,0.25
Hiromi_85,panda1855,iter-A,1,0.25
Hiromi_85,panda1856,iter-A,1,0.25
Hiromi_85,turtle2184,iter-A,1,0.25
Hiromi_86,mom2194,iter-A,1,0.25
Hiromi_86,mom2198,iter-A,1,0.25
Hiromi_87,baby2179,iter-A,1,0.25
Hiromi_87,ball1845,iter-A,1,0.25
Hiromi_87,daddy2209,iter-A,1,0.25
Hiromi_87,daddy2212,iter-A,1,0.25
Hiromi_87,daddy2213,iter-A,1,0.25
Hiromi_87,turtle2184,iter-A,1,0.25
Hiromi_88,neko 'cat2204,iter-A,1,0.25
Hiromi_89,cake2187,iter-A,1,0.25
Hiromi_89,hippopotamus2182,iter-A,1,0.25
Hiromi_89,panda1855,iter-A,1,0.25
Hiromi_89,this1850,iter-A,1,0.25
Hiromi_89,this1851,iter-A,1,0.25
Hiromi_89,this1852,iter-A,1,0.25
Hiromi_89,this2191,iter-A,1,0.25
Hiromi_89,this2193,iter-A,1,0.25
Hiromi_9,cake2185,iter-A,1,0.25
Hiromi_9,cake2186,iter-A,1,0.25
Hiromi_9,cake2187,iter-A,1,0.25
Hiromi_9,hippopotamus2182,iter-A,1,0.25
Hiromi_9,this1853,iter-A,1,0.25
Hiromi_9,this2189,iter-A,1,0.25
Hiromi_9,this2192,iter-A,1,0.25
Hiromi_91,duck2183,iter-A,1,0.25
Hiromi_91,this1851,iter-A,1,0.25
Hiromi_91,this2188,iter-A,1,0.25
Hiromi_92,ear2200,iter-A,1,0.25
Hiromi_92,mom2198,iter-A,1,0.25
Hiromi_93,ear2201,iter-A,1,0.25
Hiromi_93,mom2195,iter-A,1,0.25
Hiromi_93,mom2199,iter-A,1,0.25
Hiromi_95,cake2187,iter-A,1,0.25
Hiromi_95,neko 'cat2204,iter-A,1,0.25
Hiromi_95,neko 'cat2207,iter-A,1,0.25
Hiromi_97,ear2200,iter-A,1,0.25
Hiromi_97,mom2199,iter-A,1,0.25
Hiromi_98,daddy2209,iter-A,1,0.25
Hiromi_98,daddy2211,iter-A,1,0.25
Hiromi_98,daddy2212,iter-A,1,0.25
Hiromi_98,daddy2214,iter-A,1,0.25
Hiromi_98,hippopotamus2182,iter-A,1,0.25
Hiromi_98,panda1856,iter-A,1,0.25
Hiromi_98,turtle2184,iter-A,1,0.25
Hiromi_99,ball1845,iter-A,1,0.25
Hiromi_99,cake2187,iter-A,1,0.25
Hiromi_99,panda1854,iter-A,1,0.25
Hiromi_99,this1851,iter-A,1,0.25
Hiromi_99,this1853,iter-A,1,0.25
Hiromi_99,this2189,iter-A,1,0.25
Hiromi_99,this2193,iter-A,1,0.25
Ivy_1,baby2022,iter-A,1,0.25
Ivy_1,jumpy2034,iter-A,1,0.25
Ivy_1,monkey3144,iter-A,1,0.25
Ivy_1,mummy2038,iter-A,1,0.25
Ivy_10,mummy2039,iter-A,1,0.25
Ivy_10,quack quack2773,iter-A,1,0.25
Ivy_10,ribbit2053,iter-A,1,0.25
Ivy_10,zebra2052,iter-A,1,0.25
Ivy_100,baby2023,iter-A,1,0.25
Ivy_100,daddy2030,iter-A,1,0.25
Ivy_100,jumpy2034,iter-A,1,0.25
Ivy_100,teddy2048,iter-A,1,0.25
Ivy_11,baby2020,iter-A,1,0.25
Ivy_11,mummy2037,iter-A,1,0.25
Ivy_11,mummy2043,iter-A,1,0.25
Ivy_12,mummy2037,iter-A,1,0.25
Ivy_13,baby2020,iter-A,1,0.25
Ivy_13,baby2021,iter-A,1,0.25
Ivy_13,baby2025,iter-A,1,0.25
Ivy_13,daddy2028,iter-A,1,0.25
Ivy_13,giraffe2770,iter-A,1,0.25
Ivy_13,quack quack2773,iter-A,1,0.25
Ivy_13,ribbit2627,iter-A,1,0.25
Ivy_13,teddy2048,iter-A,1,0.25
Ivy_15,lion2036,iter-A,1,0.25
Ivy_15,rabbit2044,iter-A,1,0.25
Ivy_16,baby2022,iter-A,1,0.25
Ivy_16,mummy2042,iter-A,1,0.25
Ivy_16,mummy2043,iter-A,1,0.25
Ivy_17,daddy2028,iter-A,1,0.25
Ivy_17,giraffe2769,iter-A,1,0.25
Ivy_17,mummy2038,iter-A,1,0.25
Ivy_17,mummy2042,iter-A,1,0.25
Ivy_17,rabbit2044,iter-A,1,0.25
Ivy_17,row row3085,iter-A,1,0.25
Ivy_18,bye bye2027,iter-A,1,0.25
Ivy_18,daddy2028,iter-A,1,0.25
Ivy_18,daddy2030,iter-A,1,0.25
Ivy_19,baby2025,iter-A,1,0.25
Ivy_19,bye bye2027,iter-A,1,0.25
Ivy_19,mummy2037,iter-A,1,0.25
Ivy_19,mummy2040,iter-A,1,0.25
Ivy_2,rabbit2044,iter-A,1,0.25
Ivy_21,giraffe2771,iter-A,1,0.25
Ivy_21,row row3084,iter-A,1,0.25
Ivy_22,baby2023,iter-A,1,0.25
Ivy_22,row row3084,iter-A,1,0.25
Ivy_23,baby2021,iter-A,1,0.25
Ivy_23,baby2025,iter-A,1,0.25
Ivy_23,baby2026,iter-A,1,0.25
Ivy_23,bye bye2027,iter-A,1,0.25
Ivy_23,mummy2043,iter-A,1,0.25
Ivy_23,ribbit2053,iter-A,1,0.25
Ivy_24,baby2020,iter-A,1,0.25
Ivy_24,baby2024,iter-A,1,0.25
Ivy_24,jumpy2033,iter-A,1,0.25
Ivy_24,jumpy2034,iter-A,1,0.25
Ivy_24,teddy2048,iter-A,1,0.25
Ivy_25,rabbit2044,iter-A,1,0.25
Ivy_27,giraffe2771,iter-A,1,0.25
Ivy_28,baby2023,iter-A,1,0.25
Ivy_28,baby2025,iter-A,1,0.25
Ivy_28,balloon2768,iter-A,1,0.25
Ivy_28,quack quack2773,iter-A,1,0.25
Ivy_28,row row3085,iter-A,1,0.25
Ivy_28,row row3086,iter-A,1,0.25
Ivy_28,zebra2052,iter-A,1,0.25
Ivy_3,baby2024,iter-A,1,0.25
Ivy_30,woof2625,iter-A,1,0.25
Ivy_31,giraffe2769,iter-A,1,0.25
Ivy_31,giraffe2770,iter-A,1,0.25
Ivy_31,mummy2043,iter-A,1,0.25
Ivy_32,quack quack2773,iter-A,1,0.25
Ivy_33,monkey3144,iter-A,1,0.25
Ivy_33,mummy2042,iter-A,1,0.25
Ivy_33,mummy2043,iter-A,1,0.25
Ivy_34,baby2021,iter-A,1,0.25
Ivy_34,baby2026,iter-A,1,0.25
Ivy_34,balloon2768,iter-A,1,0.25
Ivy_34,jumpy2032,iter-A,1,0.25
Ivy_36,row row2045,iter-A,1,0.25
Ivy_37,giraffe2769,iter-A,1,0.25
Ivy_39,teddy2047,iter-A,1,0.25
Ivy_4,giraffe2770,iter-A,1,0.25
Ivy_4,giraffe2771,iter-A,1,0.25
Ivy_40,baby2021,iter-A,1,0.25
Ivy_40,baby2025,iter-A,1,0.25
Ivy_40,giraffe2769,iter-A,1,0.25
Ivy_40,monkey3144,iter-A,1,0.25
Ivy_40,mummy2037,iter-A,1,0.25
Ivy_40,mummy2040,iter-A,1,0.25
Ivy_40,mummy2043,iter-A,1,0.25
Ivy_40,quack quack2773,iter-A,1,0.25
Ivy_41,baby2024,iter-A,1,0.25
Ivy_41,baby2025,iter-A,1,0.25
Ivy_41,bye bye2027,iter-A,1,0.25
Ivy_41,giraffe2771,iter-A,1,0.25
Ivy_41,ribbit2053,iter-A,1,0.25
Ivy_42,baby2020,iter-A,1,0.25
Ivy_42,baby2022,iter-A,1,0.25
Ivy_42,baby2024,iter-A,1,0.25
Ivy_44,baby2025,iter-A,1,0.25
Ivy_44,baby2026,iter-A,1,0.25
Ivy_44,giraffe2771,iter-A,1,0.25
Ivy_44,monkey3144,iter-A,1,0.25
Ivy_44,mummy2039,iter-A,1,0.25
Ivy_44,mummy2041,iter-A,1,0.25
Ivy_44,mummy2042,iter-A,1,0.25
Ivy_44,row row2046,iter-A,1,0.25
Ivy_46,bye bye2027,iter-A,1,0.25
Ivy_46,lion2772,iter-A,1,0.25
Ivy_46,teddy2048,iter-A,1,0.25
Ivy_48,daddy2028,iter-A,1,0.25
Ivy_48,giraffe2031,iter-A,1,0.25
Ivy_48,jumpy2034,iter-A,1,0.25
Ivy_48,teddy2048,iter-A,1,0.25
Ivy_5,baby2021,iter-A,1,0.25
Ivy_5,giraffe2771,iter-A,1,0.25
Ivy_5,quack quack2773,iter-A,1,0.25
Ivy_5,ribbit2053,iter-A,1,0.25
Ivy_51,row row3085,iter-A,1,0.25
Ivy_52,baby2020,iter-A,1,0.25
Ivy_52,quack quack2773,iter-A,1,0.25
Ivy_52,ribbit2053,iter-A,1,0.25
Ivy_53,ribbit2053,iter-A,1,0.25
Ivy_53,row row3083,iter-A,1,0.25
Ivy_53,row row3084,iter-A,1,0.25
Ivy_54,lion2035,iter-A,1,0.25
Ivy_54,row row2045,iter-A,1,0.25
Ivy_55,lion2772,iter-A,1,0.25
Ivy_57,woof3580,iter-A,1,0.25
Ivy_58,lion2772,iter-A,1,0.25
Ivy_58,mummy2038,iter-A,1,0.25
Ivy_61,baby2025,iter-A,1,0.25
Ivy_61,bye bye2027,iter-A,1,0.25
Ivy_61,giraffe2769,iter-A,1,0.25
Ivy_61,ribbit2053,iter-A,1,0.25
Ivy_64,lion2772,iter-A,1,0.25
Ivy_66,baby2025,iter-A,1,0.25
Ivy_66,baby2026,iter-A,1,0.25
Ivy_66,giraffe2771,iter-A,1,0.25
Ivy_66,row row2046,iter-A,1,0.25
Ivy_66,zebra2052,iter-A,1,0.25
Ivy_67,baby2022,iter-A,1,0.25
Ivy_67,giraffe2770,iter-A,1,0.25
Ivy_67,mummy2041,iter-A,1,0.25
Ivy_68,giraffe2771,iter-A,1,0.25
Ivy_68,ribbit2053,iter-A,1,0.25
Ivy_68,ribbit2627,iter-A,1,0.25
Ivy_69,mummy2037,iter-A,1,0.25
Ivy_69,mummy2039,iter-A,1,0.25
Ivy_69,mummy2041,iter-A,1,0.25
Ivy_69,mummy2043,iter-A,1,0.25
Ivy_70,daddy2028,iter-A,1,0.25
Ivy_70,giraffe2031,iter-A,1,0.25
Ivy_70,what's that?2051,iter-A,1,0.25
Ivy_71,balloon2768,iter-A,1,0.25
Ivy_73,baby2021,iter-A,1,0.25
Ivy_73,mummy2042,iter-A,1,0.25
Ivy_73,mummy2043,iter-A,1,0.25
Ivy_73,quack quack2773,iter-A,1,0.25
Ivy_76,lion3082,iter-A,1,0.25
Ivy_77,mummy2040,iter-A,1,0.25
Ivy_77,mummy2041,iter-A,1,0.25
Ivy_77,mummy2042,iter-A,1,0.25
Ivy_78,baby2022,iter-A,1,0.25
Ivy_78,baby2025,iter-A,1,0.25
Ivy_78,bye bye2027,iter-A,1,0.25
Ivy_79,baby2024,iter-A,1,0.25
Ivy_79,mummy2037,iter-A,1,0.25
Ivy_79,mummy2040,iter-A,1,0.25
Ivy_79,mummy2042,iter-A,1,0.25
Ivy_79,mummy2043,iter-A,1,0.25
Ivy_8,lion2036,iter-A,1,0.25
Ivy_81,lion2772,iter-A,1,0.25
Ivy_81,lion3079,iter-A,1,0.25
Ivy_81,lion3082,iter-A,1,0.25
Ivy_82,daddy2028,iter-A,1,0.25
Ivy_85,giraffe2771,iter-A,1,0.25
Ivy_85,quack quack2773,iter-A,1,0.25
Ivy_86,giraffe2770,iter-A,1,0.25
Ivy_87,baby2024,iter-A,1,0.25
Ivy_87,baby2025,iter-A,1,0.25
Ivy_87,mummy2043,iter-A,1,0.25
Ivy_88,baby2020,iter-A,1,0.25
Ivy_89,baby2023,iter-A,1,0.25
Ivy_89,baby2024,iter-A,1,0.25
Ivy_89,baby2025,iter-A,1,0.25
Ivy_89,baby2026,iter-A,1,0.25
Ivy_89,daddy2028,iter-A,1,0.25
Ivy_89,giraffe2769,iter-A,1,0.25
Ivy_89,giraffe2770,iter-A,1,0.25
Ivy_89,jumpy2034,iter-A,1,0.25
Ivy_89,teddy2048,iter-A,1,0.25
Ivy_9,mummy2038,iter-A,1,0.25
Ivy_9,mummy2041,iter-A,1,0.25
Ivy_90,lion3081,iter-A,1,0.25
Ivy_90,mummy2040,iter-A,1,0.25
Ivy_90,mummy2041,iter-A,1,0.25
Ivy_91,baby2025,iter-A,1,0.25
Ivy_91,ribbit2053,iter-A,1,0.25
Ivy_93,baby2026,iter-A,1,0.25
Ivy_93,giraffe2769,iter-A,1,0.25
Ivy_93,giraffe2770,iter-A,1,0.25
Ivy_93,lion3081,iter-A,1,0.25
Ivy_93,mummy2039,iter-A,1,0.25
Ivy_93,quack quack2773,iter-A,1,0.25
Ivy_93,ribbit3088,iter-A,1,0.25
Ivy_96,giraffe2771,iter-A,1,0.25
Ivy_96,quack quack2773,iter-A,1,0.25
Ivy_96,ribbit3088,iter-A,1,0.25
Ivy_96,row row3084,iter-A,1,0.25
Ivy_97,monkey3144,iter-A,1,0.25
Ivy_97,mummy2041,iter-A,1,0.25
Ivy_97,mummy2043,iter-A,1,0.25
Julien_100,Boubou2449,iter-A,1,0.25
Julien_100,Boubou2450,iter-A,1,0.25
Julien_100,Boubou2451,iter-A,1,0.25
Julien_100,Papa2460,iter-A,1,0.25
Julien_100,Papa2461,iter-A,1,0.25
Julien_100,Pin pon2463,iter-A,1,0.25
Julien_11,Pin pon2464,iter-A,1,0.25
Julien_12,Pin pon2464,iter-A,1,0.25
Julien_13,Boubou2451,iter-A,1,0.25
Julien_13,Papa2460,iter-A,1,0.25
Julien_13,Papa2461,iter-A,1,0.25
Julien_13,Papa2462,iter-A,1,0.25
Julien_13,Pin pon2463,iter-A,1,0.25
Julien_14,Papa2460,iter-A,1,0.25
Julien_14,Papa2462,iter-A,1,0.25
Julien_14,Pin pon2463,iter-A,1,0.25
Julien_14,Popi2465,iter-A,1,0.25
Julien_15,Boubou2449,iter-A,1,0.25
Julien_15,Boubou2450,iter-A,1,0.25
Julien_15,Boubou2451,iter-A,1,0.25
Julien_15,Papa2461,iter-A,1,0.25
Julien_15,Papa2462,iter-A,1,0.25
Julien_15,Pin pon2463,iter-A,1,0.25
Julien_15,Pin pon2464,iter-A,1,0.25
Julien_18,Boubou2449,iter-A,1,0.25
Julien_18,Boubou2450,iter-A,1,0.25
Julien_18,Boubou2451,iter-A,1,0.25
Julien_18,Papa2460,iter-A,1,0.25
Julien_18,Papa2461,iter-A,1,0.25
Julien_18,Pin pon2464,iter-A,1,0.25
Julien_19,Boubou2449,iter-A,1,0.25
Julien_19,Papa2460,iter-A,1,0.25
Julien_19,Papa2461,iter-A,1,0.25
Julien_19,Pin pon2464,iter-A,1,0.25
Julien_2,Boubou2451,iter-A,1,0.25
Julien_2,Papa2460,iter-A,1,0.25
Julien_2,Papa2461,iter-A,1,0.25
Julien_2,Papa2462,iter-A,1,0.25
Julien_2,Pin pon2463,iter-A,1,0.25
Julien_20,Boubou2449,iter-A,1,0.25
Julien_20,Boubou2450,iter-A,1,0.25
Julien_20,Boubou2451,iter-A,1,0.25
Julien_20,Papa2461,iter-A,1,0.25
Julien_20,Papa2462,iter-A,1,0.25
Julien_20,Pin pon2463,iter-A,1,0.25
Julien_20,Pin pon2464,iter-A,1,0.25
Julien_21,Boubou2449,iter-A,1,0.25
Julien_21,Boubou2450,iter-A,1,0.25
Julien_21,Papa2460,iter-A,1,0.25
Julien_21,Pin pon2463,iter-A,1,0.25
Julien_22,Tonton2466,iter-A,1,0.25
Julien_22,Tonton2467,iter-A,1,0.25
Julien_22,cot cot2453,iter-A,1,0.25
Julien_22,croco2454,iter-A,1,0.25
Julien_22,croco2456,iter-A,1,0.25
Julien_23,Boubou2449,iter-A,1,0.25
Julien_23,Papa2460,iter-A,1,0.25
Julien_23,Papa2461,iter-A,1,0.25
Julien_23,Papa2462,iter-A,1,0.25
Julien_23,Pin pon2463,iter-A,1,0.25
Julien_24,Tonton2467,iter-A,1,0.25
Julien_24,cot cot2453,iter-A,1,0.25
Julien_24,croco2454,iter-A,1,0.25
Julien_24,croco2456,iter-A,1,0.25
Julien_25,Tonton2466,iter-A,1,0.25
Julien_25,Tonton2467,iter-A,1,0.25
Julien_25,cot cot2453,iter-A,1,0.25
Julien_25,croco2455,iter-A,1,0.25
Julien_25,croco2456,iter-A,1,0.25
Julien_26,Boubou2449,iter-A,1,0.25
Julien_26,Boubou2451,iter-A,1,0.25
Julien_26,Papa2460,iter-A,1,0.25
Julien_26,Papa2461,iter-A,1,0.25
Julien_26,Papa2462,iter-A,1,0.25
Julien_26,Pin pon2463,iter-A,1,0.25
Julien_29,Boubou2449,iter-A,1,0.25
Julien_29,Papa2460,iter-A,1,0.25
Julien_29,Papa2461,iter-A,1,0.25
Julien_29,Papa2462,iter-A,1,0.25
Julien_29,Pin pon2463,iter-A,1,0.25
Julien_3,Tonton2466,iter-A,1,0.25
Julien_3,Tonton2467,iter-A,1,0.25
Julien_3,cot cot2453,iter-A,1,0.25
Julien_3,croco2454,iter-A,1,0.25
Julien_3,croco2455,iter-A,1,0.25
Julien_3,croco2456,iter-A,1,0.25
Julien_33,Boubou2450,iter-A,1,0.25
Julien_33,Boubou2451,iter-A,1,0.25
Julien_33,Papa2460,iter-A,1,0.25
Julien_33,Papa2461,iter-A,1,0.25
Julien_33,Papa2462,iter-A,1,0.25
Julien_33,Pin pon2463,iter-A,1,0.25
Julien_34,Papa2460,iter-A,1,0.25
Julien_34,Papa2462,iter-A,1,0.25
Julien_34,Pin pon2463,iter-A,1,0.25
Julien_34,Popi2465,iter-A,1,0.25
Julien_35,Boubou2449,iter-A,1,0.25
Julien_35,Papa2460,iter-A,1,0.25
Julien_35,Papa2462,iter-A,1,0.25
Julien_35,Pin pon2463,iter-A,1,0.25
Julien_36,Boubou2449,iter-A,1,0.25
Julien_36,Boubou2450,iter-A,1,0.25
Julien_36,Boubou2451,iter-A,1,0.25
Julien_36,Papa2460,iter-A,1,0.25
Julien_36,Papa2462,iter-A,1,0.25
Julien_36,Pin pon2463,iter-A,1,0.25
Julien_36,Pin pon2464,iter-A,1,0.25
Julien_37,Boubou2449,iter-A,1,0.25
Julien_37,Boubou2450,iter-A,1,0.25
Julien_37,Boubou2451,iter-A,1,0.25
Julien_37,Papa2461,iter-A,1,0.25
Julien_37,Papa2462,iter-A,1,0.25
Julien_37,Pin pon2463,iter-A,1,0.25
Julien_37,Pin pon2464,iter-A,1,0.25
Julien_38,Papa2460,iter-A,1,0.25
Julien_38,Papa2462,iter-A,1,0.25
Julien_38,Pin pon2463,iter-A,1,0.25
Julien_38,Popi2465,iter-A,1,0.25
Julien_39,Tonton2466,iter-A,1,0.25
Julien_39,cot cot2453,iter-A,1,0.25
Julien_39,croco2454,iter-A,1,0.25
Julien_39,croco2455,iter-A,1,0.25
Julien_39,croco2456,iter-A,1,0.25
Julien_40,Tonton2466,iter-A,1,0.25
Julien_40,Tonton2467,iter-A,1,0.25
Julien_40,cot cot2453,iter-A,1,0.25
Julien_40,croco2454,iter-A,1,0.25
Julien_40,croco2455,iter-A,1,0.25
Julien_40,croco2456,iter-A,1,0.25
Julien_41,Boubou2449,iter-A,1,0.25
Julien_41,Boubou2450,iter-A,1,0.25
Julien_41,Boubou2451,iter-A,1,0.25
Julien_41,Papa2460,iter-A,1,0.25
Julien_41,Papa2461,iter-A,1,0.25
Julien_41,Pin pon2463,iter-A,1,0.25
Julien_41,Pin pon2464,iter-A,1,0.25
Julien_43,Tonton2467,iter-A,1,0.25
Julien_43,cot cot2453,iter-A,1,0.25
Julien_43,croco2455,iter-A,1,0.25
Julien_43,croco2456,iter-A,1,0.25
Julien_50,Tonton2466,iter-A,1,0.25
Julien_50,Tonton2467,iter-A,1,0.25
Julien_50,cot cot2453,iter-A,1,0.25
Julien_50,croco2454,iter-A,1,0.25
Julien_50,croco2456,iter-A,1,0.25
Julien_55,Tonton2467,iter-A,1,0.25
Julien_55,cot cot2453,iter-A,1,0.25
Julien_55,croco2454,iter-A,1,0.25
Julien_55,croco2456,iter-A,1,0.25
Julien_56,Boubou2449,iter-A,1,0.25
Julien_56,Boubou2450,iter-A,1,0.25
Julien_56,Boubou2451,iter-A,1,0.25
Julien_56,Papa2460,iter-A,1,0.25
Julien_56,Papa2462,iter-A,1,0.25
Julien_56,Pin pon2463,iter-A,1,0.25
Julien_57,Boubou2450,iter-A,1,0.25
Julien_57,Boubou2451,iter-A,1,0.25
Julien_57,Papa2460,iter-A,1,0.25
Julien_57,Pin pon2463,iter-A,1,0.25
Julien_57,Pin pon2464,iter-A,1,0.25
Julien_6,Tonton2466,iter-A,1,0.25
Julien_6,Tonton2467,iter-A,1,0.25
Julien_6,croco2455,iter-A,1,0.25
Julien_6,croco2456,iter-A,1,0.25
Julien_60,Boubou2449,iter-A,1,0.25
Julien_60,Boubou2451,iter-A,1,0.25
Julien_60,Papa2460,iter-A,1,0.25
Julien_60,Papa2462,iter-A,1,0.25
Julien_60,Pin pon2463,iter-A,1,0.25
Julien_61,Boubou2449,iter-A,1,0.25
Julien_61,Boubou2450,iter-A,1,0.25
Julien_61,Boubou2451,iter-A,1,0.25
Julien_61,Papa2460,iter-A,1,0.25
Julien_61,Papa2461,iter-A,1,0.25
Julien_61,Papa2462,iter-A,1,0.25
Julien_61,Pin pon2463,iter-A,1,0.25
Julien_62,Boubou2449,iter-A,1,0.25
Julien_62,Boubou2451,iter-A,1,0.25
Julien_62,Papa2460,iter-A,1,0.25
Julien_62,Papa2461,iter-A,1,0.25
Julien_62,Papa2462,iter-A,1,0.25
Julien_62,Pin pon2463,iter-A,1,0.25
Julien_63,Boubou2449,iter-A,1,0.25
Julien_63,Boubou2450,iter-A,1,0.25
Julien_63,Boubou2451,iter-A,1,0.25
Julien_63,Papa2460,iter-A,1,0.25
Julien_63,Papa2462,iter-A,1,0.25
Julien_63,Pin pon2463,iter-A,1,0.25
Julien_63,Pin pon2464,iter-A,1,0.25
Julien_65,Boubou2449,iter-A,1,0.25
Julien_65,Boubou2450,iter-A,1,0.25
Julien_65,Papa2461,iter-A,1,0.25
Julien_65,Papa2462,iter-A,1,0.25
Julien_65,Pin pon2463,iter-A,1,0.25
Julien_66,Boubou2449,iter-A,1,0.25
Julien_66,Boubou2451,iter-A,1,0.25
Julien_66,Papa2460,iter-A,1,0.25
Julien_66,Papa2461,iter-A,1,0.25
Julien_66,Papa2462,iter-A,1,0.25
Julien_66,Pin pon2463,iter-A,1,0.25
Julien_68,Tonton2466,iter-A,1,0.25
Julien_68,Tonton2467,iter-A,1,0.25
Julien_68,croco2454,iter-A,1,0.25
Julien_68,croco2456,iter-A,1,0.25
Julien_69,Boubou2449,iter-A,1,0.25
Julien_69,Boubou2450,iter-A,1,0.25
Julien_69,Boubou2451,iter-A,1,0.25
Julien_69,Papa2460,iter-A,1,0.25
Julien_69,Papa2461,iter-A,1,0.25
Julien_69,Pin pon2463,iter-A,1,0.25
Julien_7,Boubou2449,iter-A,1,0.25
Julien_7,Boubou2451,iter-A,1,0.25
Julien_7,Papa2460,iter-A,1,0.25
Julien_7,Papa2461,iter-A,1,0.25
Julien_7,Papa2462,iter-A,1,0.25
Julien_7,Pin pon2463,iter-A,1,0.25
Julien_70,Tonton2467,iter-A,1,0.25
Julien_70,cot cot2453,iter-A,1,0.25
Julien_70,croco2454,iter-A,1,0.25
Julien_70,croco2456,iter-A,1,0.25
Julien_72,Tonton2467,iter-A,1,0.25
Julien_72,cot cot2453,iter-A,1,0.25
Julien_72,croco2454,iter-A,1,0.25
Julien_72,croco2455,iter-A,1,0.25
Julien_72,croco2456,iter-A,1,0.25
Julien_74,Boubou2449,iter-A,1,0.25
Julien_74,Boubou2450,iter-A,1,0.25
Julien_74,Papa2461,iter-A,1,0.25
Julien_74,Papa2462,iter-A,1,0.25
Julien_74,Pin pon2463,iter-A,1,0.25
Julien_74,Pin pon2464,iter-A,1,0.25
Julien_75,Tonton2466,iter-A,1,0.25
Julien_75,Tonton2467,iter-A,1,0.25
Julien_75,cot cot2453,iter-A,1,0.25
Julien_75,croco2454,iter-A,1,0.25
Julien_76,Pin pon2464,iter-A,1,0.25
Julien_77,Papa2461,iter-A,1,0.25
Julien_77,Papa2462,iter-A,1,0.25
Julien_77,Pin pon2463,iter-A,1,0.25
Julien_77,Popi2465,iter-A,1,0.25
Julien_79,Tonton2466,iter-A,1,0.25
Julien_79,Tonton2467,iter-A,1,0.25
Julien_79,croco2454,iter-A,1,0.25
Julien_79,croco2455,iter-A,1,0.25
Julien_79,croco2456,iter-A,1,0.25
Julien_81,Tonton2466,iter-A,1,0.25
Julien_81,Tonton2467,iter-A,1,0.25
Julien_81,cot cot2453,iter-A,1,0.25
Julien_81,croco2454,iter-A,1,0.25
Julien_81,croco2455,iter-A,1,0.25
Julien_83,Pin pon2464,iter-A,1,0.25
Julien_85,Tonton2467,iter-A,1,0.25
Julien_85,cot cot2453,iter-A,1,0.25
Julien_85,croco2454,iter-A,1,0.25
Julien_85,croco2455,iter-A,1,0.25
Julien_85,croco2456,iter-A,1,0.25
Julien_86,Boubou2449,iter-A,1,0.25
Julien_86,Boubou2451,iter-A,1,0.25
Julien_86,Papa2460,iter-A,1,0.25
Julien_86,Papa2461,iter-A,1,0.25
Julien_86,Papa2462,iter-A,1,0.25
Julien_86,Pin pon2463,iter-A,1,0.25
Julien_87,Tonton2466,iter-A,1,0.25
Julien_87,cot cot2453,iter-A,1,0.25
Julien_87,croco2455,iter-A,1,0.25
Julien_87,croco2456,iter-A,1,0.25
Julien_88,Boubou2450,iter-A,1,0.25
Julien_88,Papa2460,iter-A,1,0.25
Julien_88,Papa2461,iter-A,1,0.25
Julien_88,Papa2462,iter-A,1,0.25
Julien_88,Pin pon2463,iter-A,1,0.25
Julien_9,Boubou2449,iter-A,1,0.25
Julien_9,Papa2460,iter-A,1,0.25
Julien_9,Papa2461,iter-A,1,0.25
Julien_9,Papa2462,iter-A,1,0.25
Julien_9,Pin pon2463,iter-A,1,0.25
Julien_90,Tonton2467,iter-A,1,0.25
Julien_90,cot cot2453,iter-A,1,0.25
Julien_90,croco2454,iter-A,1,0.25
Julien_91,Boubou2451,iter-A,1,0.25
Julien_91,Papa2460,iter-A,1,0.25
Julien_91,Papa2462,iter-A,1,0.25
Julien_91,Pin pon2463,iter-A,1,0.25
Julien_92,Pin pon2464,iter-A,1,0.25
Julien_95,Boubou2450,iter-A,1,0.25
Julien_95,Boubou2451,iter-A,1,0.25
Julien_95,Papa2460,iter-A,1,0.25
Julien_95,Papa2461,iter-A,1,0.25
Julien_95,Papa2462,iter-A,1,0.25
Julien_95,Pin pon2463,iter-A,1,0.25
Julien_96,Papa2460,iter-A,1,0.25
Julien_96,Papa2461,iter-A,1,0.25
Julien_96,Popi2465,iter-A,1,0.25
Julien_99,Tonton2466,iter-A,1,0.25
Julien_99,Tonton2467,iter-A,1,0.25
Julien_99,cot cot2453,iter-A,1,0.25
Julien_99,croco2454,iter-A,1,0.25
Julien_99,croco2455,iter-A,1,0.25
Julien_99,croco2456,iter-A,1,0.25
Kazuko_1,foot2323,iter-A,1,0.25
Kazuko_1,foot2922,iter-A,1,0.25
Kazuko_1,foot2932,iter-A,1,0.25
Kazuko_1,foot2937,iter-A,1,0.25
Kazuko_1,hat2332,iter-A,1,0.25
Kazuko_1,hello2939,iter-A,1,0.25
Kazuko_1,hello2940,iter-A,1,0.25
Kazuko_1,hello2941,iter-A,1,0.25
Kazuko_10,foot2923,iter-A,1,0.25
Kazuko_10,mouth2368,iter-A,1,0.25
Kazuko_100,car2337,iter-A,1,0.25
Kazuko_11,foot2917,iter-A,1,0.25
Kazuko_11,foot2923,iter-A,1,0.25
Kazuko_11,foot2930,iter-A,1,0.25
Kazuko_11,foot2933,iter-A,1,0.25
Kazuko_11,foot2934,iter-A,1,0.25
Kazuko_11,foot2937,iter-A,1,0.25
Kazuko_11,hold me3335,iter-A,1,0.25
Kazuko_11,please2354,iter-A,1,0.25
Kazuko_13,foot2920,iter-A,1,0.25
Kazuko_13,foot2921,iter-A,1,0.25
Kazuko_13,foot2922,iter-A,1,0.25
Kazuko_13,rain2914,iter-A,1,0.25
Kazuko_14,car2337,iter-A,1,0.25
Kazuko_14,hat2330,iter-A,1,0.25
Kazuko_15,kitty2375,iter-A,1,0.25
Kazuko_15,kitty2376,iter-A,1,0.25
Kazuko_15,sleeping3340,iter-A,1,0.25
Kazuko_15,sleeping3346,iter-A,1,0.25
Kazuko_16,foot2321,iter-A,1,0.25
Kazuko_16,foot2917,iter-A,1,0.25
Kazuko_16,foot2932,iter-A,1,0.25
Kazuko_16,foot2933,iter-A,1,0.25
Kazuko_16,foot2935,iter-A,1,0.25
Kazuko_16,foot2937,iter-A,1,0.25
Kazuko_16,hello2939,iter-A,1,0.25
Kazuko_17,sleeping3340,iter-A,1,0.25
Kazuko_18,foot2920,iter-A,1,0.25
Kazuko_18,foot2927,iter-A,1,0.25
Kazuko_18,foot2929,iter-A,1,0.25
Kazuko_18,foot2937,iter-A,1,0.25
Kazuko_18,foot2938,iter-A,1,0.25
Kazuko_18,telephone2350,iter-A,1,0.25
Kazuko_19,car2343,iter-A,1,0.25
Kazuko_2,foot2324,iter-A,1,0.25
Kazuko_2,foot2920,iter-A,1,0.25
Kazuko_2,foot2930,iter-A,1,0.25
Kazuko_2,foot2933,iter-A,1,0.25
Kazuko_2,foot2937,iter-A,1,0.25
Kazuko_2,foot2938,iter-A,1,0.25
Kazuko_21,"all gone, put away2373",iter-A,1,0.25
Kazuko_21,kitty2378,iter-A,1,0.25
Kazuko_21,kitty2381,iter-A,1,0.25
Kazuko_22,foot2316,iter-A,1,0.25
Kazuko_22,foot2317,iter-A,1,0.25
Kazuko_22,foot2319,iter-A,1,0.25
Kazuko_22,foot2323,iter-A,1,0.25
Kazuko_24,kitty2374,iter-A,1,0.25
Kazuko_26,foot2317,iter-A,1,0.25
Kazuko_26,foot2319,iter-A,1,0.25
Kazuko_26,foot2322,iter-A,1,0.25
Kazuko_26,hello2365,iter-A,1,0.25
Kazuko_26,hello2939,iter-A,1,0.25
Kazuko_27,foot2317,iter-A,1,0.25
Kazuko_27,foot2935,iter-A,1,0.25
Kazuko_27,hat2331,iter-A,1,0.25
Kazuko_27,hello2365,iter-A,1,0.25
Kazuko_28,foot2938,iter-A,1,0.25
Kazuko_28,hello2941,iter-A,1,0.25
Kazuko_30,foot2921,iter-A,1,0.25
Kazuko_30,foot2930,iter-A,1,0.25
Kazuko_30,hello2940,iter-A,1,0.25
Kazuko_30,mouth2651,iter-A,1,0.25
Kazuko_30,please2355,iter-A,1,0.25
Kazuko_31,foot2921,iter-A,1,0.25
Kazuko_31,foot2922,iter-A,1,0.25
Kazuko_31,foot2924,iter-A,1,0.25
Kazuko_31,foot2925,iter-A,1,0.25
Kazuko_31,foot2930,iter-A,1,0.25
Kazuko_31,foot2931,iter-A,1,0.25
Kazuko_31,hello2939,iter-A,1,0.25
Kazuko_32,kitty3348,iter-A,1,0.25
Kazuko_32,sleeping3343,iter-A,1,0.25
Kazuko_34,car2341,iter-A,1,0.25
Kazuko_34,foot2316,iter-A,1,0.25
Kazuko_34,foot2318,iter-A,1,0.25
Kazuko_34,foot2937,iter-A,1,0.25
Kazuko_34,hat2332,iter-A,1,0.25
Kazuko_35,foot2919,iter-A,1,0.25
Kazuko_35,foot2923,iter-A,1,0.25
Kazuko_35,foot2924,iter-A,1,0.25
Kazuko_35,foot2925,iter-A,1,0.25
Kazuko_35,foot2928,iter-A,1,0.25
Kazuko_35,foot2935,iter-A,1,0.25
Kazuko_35,foot2937,iter-A,1,0.25
Kazuko_35,hello2939,iter-A,1,0.25
Kazuko_35,telephone2350,iter-A,1,0.25
Kazuko_36,car2337,iter-A,1,0.25
Kazuko_36,car2338,iter-A,1,0.25
Kazuko_36,car2339,iter-A,1,0.25
Kazuko_36,foot2933,iter-A,1,0.25
Kazuko_36,hat2331,iter-A,1,0.25
Kazuko_36,hat2334,iter-A,1,0.25
Kazuko_37,foot2922,iter-A,1,0.25
Kazuko_38,foot2937,iter-A,1,0.25
Kazuko_38,rain2912,iter-A,1,0.25
Kazuko_38,telephone2350,iter-A,1,0.25
Kazuko_39,foot2916,iter-A,1,0.25
Kazuko_39,foot2931,iter-A,1,0.25
Kazuko_4,foot2916,iter-A,1,0.25
Kazuko_4,foot2919,iter-A,1,0.25
Kazuko_4,foot2923,iter-A,1,0.25
Kazuko_4,foot2926,iter-A,1,0.25
Kazuko_4,foot2929,iter-A,1,0.25
Kazuko_4,hello2362,iter-A,1,0.25
Kazuko_4,hello2940,iter-A,1,0.25
Kazuko_4,telephone2351,iter-A,1,0.25
Kazuko_40,hello2365,iter-A,1,0.25
Kazuko_41,foot2933,iter-A,1,0.25
Kazuko_43,car2337,iter-A,1,0.25
Kazuko_43,car2338,iter-A,1,0.25
Kazuko_43,car2340,iter-A,1,0.25
Kazuko_43,hat2329,iter-A,1,0.25
Kazuko_43,hat2334,iter-A,1,0.25
Kazuko_43,pig1873,iter-A,1,0.25
Kazuko_44,foot2317,iter-A,1,0.25
Kazuko_44,hello2366,iter-A,1,0.25
Kazuko_45,foot2921,iter-A,1,0.25
Kazuko_45,foot2922,iter-A,1,0.25
Kazuko_45,foot2923,iter-A,1,0.25
Kazuko_45,foot2935,iter-A,1,0.25
Kazuko_45,foot2938,iter-A,1,0.25
Kazuko_45,hat2331,iter-A,1,0.25
Kazuko_45,hat2332,iter-A,1,0.25
Kazuko_45,hat2333,iter-A,1,0.25
Kazuko_46,foot2923,iter-A,1,0.25
Kazuko_46,foot2924,iter-A,1,0.25
Kazuko_46,foot2931,iter-A,1,0.25
Kazuko_46,please2355,iter-A,1,0.25
Kazuko_47,people1876,iter-A,1,0.25
Kazuko_48,car2337,iter-A,1,0.25
Kazuko_48,car2340,iter-A,1,0.25
Kazuko_49,foot2324,iter-A,1,0.25
Kazuko_49,foot2929,iter-A,1,0.25
Kazuko_5,car2337,iter-A,1,0.25
Kazuko_5,foot2323,iter-A,1,0.25
Kazuko_5,hat2334,iter-A,1,0.25
Kazuko_5,hat2335,iter-A,1,0.25
Kazuko_5,hat2336,iter-A,1,0.25
Kazuko_5,hello2939,iter-A,1,0.25
Kazuko_5,please2354,iter-A,1,0.25
Kazuko_50,car2340,iter-A,1,0.25
Kazuko_50,car2341,iter-A,1,0.25
Kazuko_50,hat2333,iter-A,1,0.25
Kazuko_50,hat2334,iter-A,1,0.25
Kazuko_50,hat2335,iter-A,1,0.25
Kazuko_51,sleeping3346,iter-A,1,0.25
Kazuko_52,foot2924,iter-A,1,0.25
Kazuko_52,foot2925,iter-A,1,0.25
Kazuko_52,foot2938,iter-A,1,0.25
Kazuko_53,foot2916,iter-A,1,0.25
Kazuko_53,foot2917,iter-A,1,0.25
Kazuko_53,foot2919,iter-A,1,0.25
Kazuko_54,hat2330,iter-A,1,0.25
Kazuko_54,hat2334,iter-A,1,0.25
Kazuko_56,please2356,iter-A,1,0.25
Kazuko_57,foot2917,iter-A,1,0.25
Kazuko_57,foot2927,iter-A,1,0.25
Kazuko_57,foot2932,iter-A,1,0.25
Kazuko_57,hello2939,iter-A,1,0.25
Kazuko_57,telephone2350,iter-A,1,0.25
Kazuko_59,foot2921,iter-A,1,0.25
Kazuko_6,"all gone, put away2373",iter-A,1,0.25
Kazuko_6,doesn't exist1877,iter-A,1,0.25
Kazuko_6,kitty2379,iter-A,1,0.25
Kazuko_6,sleeping3339,iter-A,1,0.25
Kazuko_60,foot2317,iter-A,1,0.25
Kazuko_60,foot2935,iter-A,1,0.25
Kazuko_60,foot2937,iter-A,1,0.25
Kazuko_61,hat2328,iter-A,1,0.25
Kazuko_62,foot2316,iter-A,1,0.25
Kazuko_62,hello2360,iter-A,1,0.25
Kazuko_62,hello2366,iter-A,1,0.25
Kazuko_62,hello2367,iter-A,1,0.25
Kazuko_63,foot2316,iter-A,1,0.25
Kazuko_63,foot2922,iter-A,1,0.25
Kazuko_63,foot2926,iter-A,1,0.25
Kazuko_63,foot2935,iter-A,1,0.25
Kazuko_63,foot2937,iter-A,1,0.25
Kazuko_63,rain2914,iter-A,1,0.25
Kazuko_64,cloud2370,iter-A,1,0.25
Kazuko_64,foot2930,iter-A,1,0.25
Kazuko_64,foot2932,iter-A,1,0.25
Kazuko_65,foot2317,iter-A,1,0.25
Kazuko_65,foot2318,iter-A,1,0.25
Kazuko_65,hello2359,iter-A,1,0.25
Kazuko_65,hello2364,iter-A,1,0.25
Kazuko_66,rain2913,iter-A,1,0.25
Kazuko_66,rain2915,iter-A,1,0.25
Kazuko_67,foot2326,iter-A,1,0.25
Kazuko_68,car1872,iter-A,1,0.25
Kazuko_68,car2339,iter-A,1,0.25
Kazuko_68,car2340,iter-A,1,0.25
Kazuko_68,car2341,iter-A,1,0.25
Kazuko_68,car2346,iter-A,1,0.25
Kazuko_68,hat2333,iter-A,1,0.25
Kazuko_69,car2338,iter-A,1,0.25
Kazuko_69,car2342,iter-A,1,0.25
Kazuko_69,foot2935,iter-A,1,0.25
Kazuko_69,hat2329,iter-A,1,0.25
Kazuko_69,hat2334,iter-A,1,0.25
Kazuko_69,hat2336,iter-A,1,0.25
Kazuko_71,car1871,iter-A,1,0.25
Kazuko_71,kitty2378,iter-A,1,0.25
Kazuko_72,car1872,iter-A,1,0.25
Kazuko_72,car2337,iter-A,1,0.25
Kazuko_72,hello1874,iter-A,1,0.25
Kazuko_73,foot2923,iter-A,1,0.25
Kazuko_73,foot2924,iter-A,1,0.25
Kazuko_73,foot2927,iter-A,1,0.25
Kazuko_73,foot2931,iter-A,1,0.25
Kazuko_73,foot2935,iter-A,1,0.25
Kazuko_74,"all gone, put away2373",iter-A,1,0.25
Kazuko_74,kitty2378,iter-A,1,0.25
Kazuko_75,foot2920,iter-A,1,0.25
Kazuko_77,foot2917,iter-A,1,0.25
Kazuko_77,foot2919,iter-A,1,0.25
Kazuko_77,foot2932,iter-A,1,0.25
Kazuko_77,please2355,iter-A,1,0.25
Kazuko_79,foot2325,iter-A,1,0.25
Kazuko_79,foot2935,iter-A,1,0.25
Kazuko_79,hello2939,iter-A,1,0.25
Kazuko_8,foot2920,iter-A,1,0.25
Kazuko_8,foot2923,iter-A,1,0.25
Kazuko_80,"all gone, put away2372",iter-A,1,0.25
Kazuko_80,kitty2374,iter-A,1,0.25
Kazuko_80,kitty2377,iter-A,1,0.25
Kazuko_80,sleeping3342,iter-A,1,0.25
Kazuko_80,sleeping3345,iter-A,1,0.25
Kazuko_82,foot2316,iter-A,1,0.25
Kazuko_83,foot2323,iter-A,1,0.25
Kazuko_83,foot2925,iter-A,1,0.25
Kazuko_83,hello2939,iter-A,1,0.25
Kazuko_83,hello2941,iter-A,1,0.25
Kazuko_85,foot2920,iter-A,1,0.25
Kazuko_85,foot2921,iter-A,1,0.25
Kazuko_85,foot2932,iter-A,1,0.25
Kazuko_85,foot2936,iter-A,1,0.25
Kazuko_85,telephone2352,iter-A,1,0.25
Kazuko_87,kitty2375,iter-A,1,0.25
Kazuko_87,kitty2377,iter-A,1,0.25
Kazuko_87,sleeping3347,iter-A,1,0.25
Kazuko_88,foot2319,iter-A,1,0.25
Kazuko_89,kitty2375,iter-A,1,0.25
Kazuko_89,sleeping3342,iter-A,1,0.25
Kazuko_89,sleeping3344,iter-A,1,0.25
Kazuko_9,foot2935,iter-A,1,0.25
Kazuko_90,hello2361,iter-A,1,0.25
Kazuko_92,foot2925,iter-A,1,0.25
Kazuko_92,foot2926,iter-A,1,0.25
Kazuko_92,hello2939,iter-A,1,0.25
Kazuko_92,rain2912,iter-A,1,0.25
Kazuko_93,hello2359,iter-A,1,0.25
Kazuko_94,foot2326,iter-A,1,0.25
Kazuko_94,foot2925,iter-A,1,0.25
Kazuko_94,foot2926,iter-A,1,0.25
Kazuko_95,car2337,iter-A,1,0.25
Kazuko_95,car2343,iter-A,1,0.25
Kazuko_95,pig2347,iter-A,1,0.25
Kazuko_96,foot2930,iter-A,1,0.25
Kazuko_96,foot2931,iter-A,1,0.25
Kazuko_96,foot2935,iter-A,1,0.25
Kazuko_96,hat2328,iter-A,1,0.25
Kazuko_96,hat2332,iter-A,1,0.25
Kazuko_96,hello2939,iter-A,1,0.25
Kazuko_96,hello2940,iter-A,1,0.25
Kazuko_96,rain2915,iter-A,1,0.25
Kazuko_97,"all gone, put away3147",iter-A,1,0.25
Kazuko_97,kitty2375,iter-A,1,0.25
Kazuko_99,foot2325,iter-A,1,0.25
Kazuko_99,foot2921,iter-A,1,0.25
Kazuko_99,foot2928,iter-A,1,0.25
Kazuko_99,foot2931,iter-A,1,0.25
Kazuko_99,hello2362,iter-A,1,0.25
Kazuko_99,hello2940,iter-A,1,0.25
Kazuko_99,mouth2651,iter-A,1,0.25
Lewis_1,apple2055,iter-A,1,0.25
Lewis_1,choo-choo3153,iter-A,1,0.25
Lewis_1,circle2056,iter-A,1,0.25
Lewis_1,circle2058,iter-A,1,0.25
Lewis_1,circle2059,iter-A,1,0.25
Lewis_1,oh no2781,iter-A,1,0.25
Lewis_1,oh no2783,iter-A,1,0.25
Lewis_1,oh no2786,iter-A,1,0.25
Lewis_1,oh no2788,iter-A,1,0.25
Lewis_1,oh no3089,iter-A,1,0.25
Lewis_1,uh-oh2066,iter-A,1,0.25
Lewis_1,uh-oh2068,iter-A,1,0.25
Lewis_1,woof woof3092,iter-A,1,0.25
Lewis_10,all gone2774,iter-A,1,0.25
Lewis_10,all gone2776,iter-A,1,0.25
Lewis_10,apple2055,iter-A,1,0.25
Lewis_10,circle2056,iter-A,1,0.25
Lewis_10,circle2058,iter-A,1,0.25
Lewis_10,circle2059,iter-A,1,0.25
Lewis_10,oh no2780,iter-A,1,0.25
Lewis_10,oh no2783,iter-A,1,0.25
Lewis_10,oh no2784,iter-A,1,0.25
Lewis_10,oh no2787,iter-A,1,0.25
Lewis_10,oh no2789,iter-A,1,0.25
Lewis_10,uh-oh2790,iter-A,1,0.25
Lewis_10,uh-oh2792,iter-A,1,0.25
Lewis_10,uh-oh2793,iter-A,1,0.25
Lewis_10,uh-oh2794,iter-A,1,0.25
Lewis_11,circle2057,iter-A,1,0.25
Lewis_11,oh no2778,iter-A,1,0.25
Lewis_11,oh no2780,iter-A,1,0.25
Lewis_11,oh no2782,iter-A,1,0.25
Lewis_11,oh no2789,iter-A,1,0.25
Lewis_11,uh-oh2794,iter-A,1,0.25
Lewis_11,uh-oh2796,iter-A,1,0.25
Lewis_12,circle2056,iter-A,1,0.25
Lewis_12,circle2057,iter-A,1,0.25
Lewis_12,oh no2778,iter-A,1,0.25
Lewis_12,oh no2780,iter-A,1,0.25
Lewis_12,oh no2781,iter-A,1,0.25
Lewis_12,oh no2782,iter-A,1,0.25
Lewis_12,oh no2787,iter-A,1,0.25
Lewis_12,oh no3090,iter-A,1,0.25
Lewis_12,uh-oh2790,iter-A,1,0.25
Lewis_12,uh-oh2792,iter-A,1,0.25
Lewis_12,uh-oh2793,iter-A,1,0.25
Lewis_12,uh-oh2796,iter-A,1,0.25
Lewis_14,all gone2774,iter-A,1,0.25
Lewis_14,apple2055,iter-A,1,0.25
Lewis_14,circle2059,iter-A,1,0.25
Lewis_14,oh no2778,iter-A,1,0.25
Lewis_14,oh no2780,iter-A,1,0.25
Lewis_14,oh no2781,iter-A,1,0.25
Lewis_14,oh no2782,iter-A,1,0.25
Lewis_14,oh no2785,iter-A,1,0.25
Lewis_14,oh no2787,iter-A,1,0.25
Lewis_14,uh-oh2794,iter-A,1,0.25
Lewis_15,all gone2776,iter-A,1,0.25
Lewis_15,circle2057,iter-A,1,0.25
Lewis_15,oh no2779,iter-A,1,0.25
Lewis_15,oh no2781,iter-A,1,0.25
Lewis_15,oh no2784,iter-A,1,0.25
Lewis_15,oh no2786,iter-A,1,0.25
Lewis_15,oh no2787,iter-A,1,0.25
Lewis_15,oh no2788,iter-A,1,0.25
Lewis_15,uh-oh2067,iter-A,1,0.25
Lewis_15,uh-oh2790,iter-A,1,0.25
Lewis_15,uh-oh2791,iter-A,1,0.25
Lewis_15,uh-oh2793,iter-A,1,0.25
Lewis_16,all gone2776,iter-A,1,0.25
Lewis_16,circle2057,iter-A,1,0.25
Lewis_16,oh no2779,iter-A,1,0.25
Lewis_16,oh no2782,iter-A,1,0.25
Lewis_16,oh no2783,iter-A,1,0.25
Lewis_16,oh no2785,iter-A,1,0.25
Lewis_16,uh-oh2068,iter-A,1,0.25
Lewis_16,uh-oh2792,iter-A,1,0.25
Lewis_18,choo-choo3153,iter-A,1,0.25
Lewis_18,oh no2782,iter-A,1,0.25
Lewis_18,oh no2783,iter-A,1,0.25
Lewis_18,oh no2785,iter-A,1,0.25
Lewis_18,oh no2788,iter-A,1,0.25
Lewis_18,uh-oh2067,iter-A,1,0.25
Lewis_18,uh-oh2790,iter-A,1,0.25
Lewis_18,uh-oh2791,iter-A,1,0.25
Lewis_18,uh-oh2796,iter-A,1,0.25
Lewis_19,circle2059,iter-A,1,0.25
Lewis_19,tractor3442,iter-A,1,0.25
Lewis_20,apple2055,iter-A,1,0.25
Lewis_20,circle2056,iter-A,1,0.25
Lewis_20,circle2057,iter-A,1,0.25
Lewis_20,circle2058,iter-A,1,0.25
Lewis_20,oh no2061,iter-A,1,0.25
Lewis_20,uh-oh2066,iter-A,1,0.25
Lewis_20,uh-oh2067,iter-A,1,0.25
Lewis_20,uh-oh2068,iter-A,1,0.25
Lewis_20,uh-oh2795,iter-A,1,0.25
Lewis_23,circle2057,iter-A,1,0.25
Lewis_24,circle2056,iter-A,1,0.25
Lewis_24,circle2058,iter-A,1,0.25
Lewis_25,circle2056,iter-A,1,0.25
Lewis_25,circle2057,iter-A,1,0.25
Lewis_25,oh no2778,iter-A,1,0.25
Lewis_25,oh no2781,iter-A,1,0.25
Lewis_25,oh no2782,iter-A,1,0.25
Lewis_25,oh no2783,iter-A,1,0.25
Lewis_25,oh no2784,iter-A,1,0.25
Lewis_25,oh no2789,iter-A,1,0.25
Lewis_25,oh no3090,iter-A,1,0.25
Lewis_25,uh-oh2792,iter-A,1,0.25
Lewis_25,uh-oh2793,iter-A,1,0.25
Lewis_25,uh-oh2797,iter-A,1,0.25
Lewis_26,ladder2060,iter-A,1,0.25
Lewis_26,tractor2065,iter-A,1,0.25
Lewis_26,tractor3442,iter-A,1,0.25
Lewis_27,circle2059,iter-A,1,0.25
Lewis_28,circle2056,iter-A,1,0.25
Lewis_28,circle2058,iter-A,1,0.25
Lewis_28,oh no2062,iter-A,1,0.25
Lewis_28,oh no2778,iter-A,1,0.25
Lewis_28,uh-oh2790,iter-A,1,0.25
Lewis_28,uh-oh2791,iter-A,1,0.25
Lewis_28,uh-oh2794,iter-A,1,0.25
Lewis_28,uh-oh2796,iter-A,1,0.25
Lewis_28,uh-oh2797,iter-A,1,0.25
Lewis_29,tractor3442,iter-A,1,0.25
Lewis_3,apple2055,iter-A,1,0.25
Lewis_3,oh no2782,iter-A,1,0.25
Lewis_3,oh no2785,iter-A,1,0.25
Lewis_31,choo-choo3153,iter-A,1,0.25
Lewis_31,circle2057,iter-A,1,0.25
Lewis_31,circle2058,iter-A,1,0.25
Lewis_31,ladder2060,iter-A,1,0.25
Lewis_31,tractor2065,iter-A,1,0.25
Lewis_31,tractor3442,iter-A,1,0.25
Lewis_31,uh-oh2066,iter-A,1,0.25
Lewis_31,uh-oh2068,iter-A,1,0.25
Lewis_31,uh-oh2796,iter-A,1,0.25
Lewis_32,circle2057,iter-A,1,0.25
Lewis_32,uh-oh2068,iter-A,1,0.25
Lewis_32,uh-oh2793,iter-A,1,0.25
Lewis_32,uh-oh2795,iter-A,1,0.25
Lewis_32,uh-oh2797,iter-A,1,0.25
Lewis_33,circle2058,iter-A,1,0.25
Lewis_33,oh no2781,iter-A,1,0.25
Lewis_33,oh no2787,iter-A,1,0.25
Lewis_33,oh no2789,iter-A,1,0.25
Lewis_33,uh-oh2066,iter-A,1,0.25
Lewis_34,oh no2778,iter-A,1,0.25
Lewis_34,oh no2781,iter-A,1,0.25
Lewis_34,oh no2783,iter-A,1,0.25
Lewis_34,oh no2784,iter-A,1,0.25
Lewis_34,oh no2786,iter-A,1,0.25
Lewis_34,oh no2788,iter-A,1,0.25
Lewis_34,uh-oh2790,iter-A,1,0.25
Lewis_34,uh-oh2792,iter-A,1,0.25
Lewis_34,uh-oh2793,iter-A,1,0.25
Lewis_34,uh-oh2797,iter-A,1,0.25
Lewis_35,all gone2776,iter-A,1,0.25
Lewis_35,choo-choo3153,iter-A,1,0.25
Lewis_35,circle2058,iter-A,1,0.25
Lewis_35,oh no2779,iter-A,1,0.25
Lewis_35,oh no2781,iter-A,1,0.25
Lewis_35,oh no2787,iter-A,1,0.25
Lewis_35,uh-oh2068,iter-A,1,0.25
Lewis_35,uh-oh2794,iter-A,1,0.25
Lewis_35,uh-oh2795,iter-A,1,0.25
Lewis_35,uh-oh2797,iter-A,1,0.25
Lewis_36,all gone2774,iter-A,1,0.25
Lewis_36,all gone2776,iter-A,1,0.25
Lewis_36,apple2055,iter-A,1,0.25
Lewis_36,circle2057,iter-A,1,0.25
Lewis_36,oh no2779,iter-A,1,0.25
Lewis_36,oh no2781,iter-A,1,0.25
Lewis_36,oh no2785,iter-A,1,0.25
Lewis_36,uh-oh2793,iter-A,1,0.25
Lewis_36,uh-oh2797,iter-A,1,0.25
Lewis_39,circle2057,iter-A,1,0.25
Lewis_39,oh no2061,iter-A,1,0.25
Lewis_39,uh-oh2067,iter-A,1,0.25
Lewis_39,uh-oh2068,iter-A,1,0.25
Lewis_39,uh-oh2793,iter-A,1,0.25
Lewis_39,uh-oh2794,iter-A,1,0.25
Lewis_4,oh no2061,iter-A,1,0.25
Lewis_4,oh no2062,iter-A,1,0.25
Lewis_41,circle2057,iter-A,1,0.25
Lewis_41,circle2058,iter-A,1,0.25
Lewis_41,oh no2062,iter-A,1,0.25
Lewis_41,oh no2783,iter-A,1,0.25
Lewis_41,oh no2785,iter-A,1,0.25
Lewis_41,uh-oh2791,iter-A,1,0.25
Lewis_41,uh-oh2794,iter-A,1,0.25
Lewis_42,all gone2774,iter-A,1,0.25
Lewis_44,all gone2774,iter-A,1,0.25
Lewis_44,all gone2777,iter-A,1,0.25
Lewis_44,choo-choo3153,iter-A,1,0.25
Lewis_44,circle2057,iter-A,1,0.25
Lewis_44,circle2058,iter-A,1,0.25
Lewis_44,circle2059,iter-A,1,0.25
Lewis_44,oh no2783,iter-A,1,0.25
Lewis_44,oh no2786,iter-A,1,0.25
Lewis_44,oh no2788,iter-A,1,0.25
Lewis_44,oh no3089,iter-A,1,0.25
Lewis_44,uh-oh2066,iter-A,1,0.25
Lewis_44,uh-oh2068,iter-A,1,0.25
Lewis_44,uh-oh2790,iter-A,1,0.25
Lewis_44,uh-oh2794,iter-A,1,0.25
Lewis_45,circle2057,iter-A,1,0.25
Lewis_45,oh no2061,iter-A,1,0.25
Lewis_45,uh-oh2066,iter-A,1,0.25
Lewis_45,uh-oh2068,iter-A,1,0.25
Lewis_45,uh-oh2793,iter-A,1,0.25
Lewis_45,uh-oh2794,iter-A,1,0.25
Lewis_45,uh-oh2797,iter-A,1,0.25
Lewis_46,choo-choo3153,iter-A,1,0.25
Lewis_48,all gone2777,iter-A,1,0.25
Lewis_48,uh-oh2791,iter-A,1,0.25
Lewis_48,uh-oh2794,iter-A,1,0.25
Lewis_49,circle2059,iter-A,1,0.25
Lewis_49,ladder2060,iter-A,1,0.25
Lewis_50,uh-oh2791,iter-A,1,0.25
Lewis_50,uh-oh2794,iter-A,1,0.25
Lewis_51,circle2057,iter-A,1,0.25
Lewis_51,oh no2779,iter-A,1,0.25
Lewis_51,oh no2786,iter-A,1,0.25
Lewis_51,oh no2787,iter-A,1,0.25
Lewis_51,uh-oh2790,iter-A,1,0.25
Lewis_53,choo-choo3153,iter-A,1,0.25
Lewis_53,circle2058,iter-A,1,0.25
Lewis_53,oh no2781,iter-A,1,0.25
Lewis_53,oh no2782,iter-A,1,0.25
Lewis_53,oh no2783,iter-A,1,0.25
Lewis_53,uh-oh2066,iter-A,1,0.25
Lewis_53,uh-oh2791,iter-A,1,0.25
Lewis_53,uh-oh2793,iter-A,1,0.25
Lewis_53,uh-oh2795,iter-A,1,0.25
Lewis_54,apple2055,iter-A,1,0.25
Lewis_54,circle2057,iter-A,1,0.25
Lewis_54,circle2058,iter-A,1,0.25
Lewis_54,oh no2779,iter-A,1,0.25
Lewis_54,oh no2780,iter-A,1,0.25
Lewis_54,oh no2784,iter-A,1,0.25
Lewis_54,oh no2787,iter-A,1,0.25
Lewis_54,uh-oh2068,iter-A,1,0.25
Lewis_54,uh-oh2791,iter-A,1,0.25
Lewis_54,uh-oh2793,iter-A,1,0.25
Lewis_54,uh-oh2796,iter-A,1,0.25
Lewis_54,uh-oh2797,iter-A,1,0.25
Lewis_54,woof woof3092,iter-A,1,0.25
Lewis_55,circle2056,iter-A,1,0.25
Lewis_55,circle2057,iter-A,1,0.25
Lewis_55,woof woof3092,iter-A,1,0.25
Lewis_56,all gone2776,iter-A,1,0.25
Lewis_56,oh no2778,iter-A,1,0.25
Lewis_56,oh no2781,iter-A,1,0.25
Lewis_56,oh no2786,iter-A,1,0.25
Lewis_56,oh no2788,iter-A,1,0.25
Lewis_56,uh-oh2068,iter-A,1,0.25
Lewis_56,uh-oh2790,iter-A,1,0.25
Lewis_56,uh-oh2794,iter-A,1,0.25
Lewis_56,uh-oh2795,iter-A,1,0.25
Lewis_56,uh-oh2797,iter-A,1,0.25
Lewis_58,choo-choo3153,iter-A,1,0.25
Lewis_59,circle2056,iter-A,1,0.25
Lewis_59,oh no2781,iter-A,1,0.25
Lewis_59,oh no2783,iter-A,1,0.25
Lewis_59,oh no2788,iter-A,1,0.25
Lewis_59,oh no2789,iter-A,1,0.25
Lewis_59,uh-oh2791,iter-A,1,0.25
Lewis_59,uh-oh2794,iter-A,1,0.25
Lewis_59,uh-oh2796,iter-A,1,0.25
Lewis_59,uh-oh2797,iter-A,1,0.25
Lewis_6,all gone2777,iter-A,1,0.25
Lewis_6,circle2058,iter-A,1,0.25
Lewis_6,uh-oh2791,iter-A,1,0.25
Lewis_6,uh-oh2795,iter-A,1,0.25
Lewis_6,uh-oh2797,iter-A,1,0.25
Lewis_60,choo-choo3153,iter-A,1,0.25
Lewis_60,circle2056,iter-A,1,0.25
Lewis_60,circle2058,iter-A,1,0.25
Lewis_60,oh no2778,iter-A,1,0.25
Lewis_60,oh no2780,iter-A,1,0.25
Lewis_60,oh no2782,iter-A,1,0.25
Lewis_60,oh no2783,iter-A,1,0.25
Lewis_60,uh-oh2793,iter-A,1,0.25
Lewis_60,uh-oh2797,iter-A,1,0.25
Lewis_61,choo-choo3153,iter-A,1,0.25
Lewis_61,circle2057,iter-A,1,0.25
Lewis_61,oh no2780,iter-A,1,0.25
Lewis_61,oh no2783,iter-A,1,0.25
Lewis_61,uh-oh2790,iter-A,1,0.25
Lewis_61,uh-oh2791,iter-A,1,0.25
Lewis_61,uh-oh2795,iter-A,1,0.25
Lewis_61,uh-oh2797,iter-A,1,0.25
Lewis_62,circle2056,iter-A,1,0.25
Lewis_62,circle2058,iter-A,1,0.25
Lewis_62,uh-oh2790,iter-A,1,0.25
Lewis_62,uh-oh2796,iter-A,1,0.25
Lewis_63,choo-choo3154,iter-A,1,0.25
Lewis_64,circle2056,iter-A,1,0.25
Lewis_64,circle2058,iter-A,1,0.25
Lewis_64,oh no2779,iter-A,1,0.25
Lewis_64,oh no2788,iter-A,1,0.25
Lewis_64,oh no2789,iter-A,1,0.25
Lewis_64,uh-oh2068,iter-A,1,0.25
Lewis_64,uh-oh2790,iter-A,1,0.25
Lewis_64,uh-oh2791,iter-A,1,0.25
Lewis_65,apple2055,iter-A,1,0.25
Lewis_65,circle2056,iter-A,1,0.25
Lewis_65,circle2057,iter-A,1,0.25
Lewis_65,circle2058,iter-A,1,0.25
Lewis_65,oh no2061,iter-A,1,0.25
Lewis_65,uh-oh2068,iter-A,1,0.25
Lewis_66,circle2056,iter-A,1,0.25
Lewis_66,uh-oh2795,iter-A,1,0.25
Lewis_68,apple2055,iter-A,1,0.25
Lewis_68,circle2057,iter-A,1,0.25
Lewis_68,uh-oh2066,iter-A,1,0.25
Lewis_68,uh-oh2068,iter-A,1,0.25
Lewis_68,uh-oh2791,iter-A,1,0.25
Lewis_68,uh-oh2794,iter-A,1,0.25
Lewis_68,uh-oh2795,iter-A,1,0.25
Lewis_69,all gone2774,iter-A,1,0.25
Lewis_69,all gone2776,iter-A,1,0.25
Lewis_69,circle2058,iter-A,1,0.25
Lewis_69,oh no2782,iter-A,1,0.25
Lewis_69,oh no2784,iter-A,1,0.25
Lewis_69,uh-oh2066,iter-A,1,0.25
Lewis_69,uh-oh2068,iter-A,1,0.25
Lewis_69,uh-oh2794,iter-A,1,0.25
Lewis_69,uh-oh2797,iter-A,1,0.25
Lewis_69,woof woof3092,iter-A,1,0.25
Lewis_71,circle2057,iter-A,1,0.25
Lewis_71,circle2058,iter-A,1,0.25
Lewis_71,oh no2778,iter-A,1,0.25
Lewis_71,oh no2779,iter-A,1,0.25
Lewis_71,oh no2780,iter-A,1,0.25
Lewis_71,oh no2782,iter-A,1,0.25
Lewis_71,uh-oh2790,iter-A,1,0.25
Lewis_71,uh-oh2792,iter-A,1,0.25
Lewis_71,uh-oh2793,iter-A,1,0.25
Lewis_72,oh no2778,iter-A,1,0.25
Lewis_72,oh no2779,iter-A,1,0.25
Lewis_72,oh no2780,iter-A,1,0.25
Lewis_72,oh no2783,iter-A,1,0.25
Lewis_72,oh no2784,iter-A,1,0.25
Lewis_72,oh no2786,iter-A,1,0.25
Lewis_72,oh no2788,iter-A,1,0.25
Lewis_72,uh-oh2794,iter-A,1,0.25
Lewis_72,uh-oh2795,iter-A,1,0.25
Lewis_72,uh-oh2796,iter-A,1,0.25
Lewis_74,circle2056,iter-A,1,0.25
Lewis_74,oh no2778,iter-A,1,0.25
Lewis_74,oh no2781,iter-A,1,0.25
Lewis_74,oh no2784,iter-A,1,0.25
Lewis_74,oh no2786,iter-A,1,0.25
Lewis_74,uh-oh2790,iter-A,1,0.25
Lewis_75,all gone2776,iter-A,1,0.25
Lewis_75,circle2056,iter-A,1,0.25
Lewis_75,uh-oh2790,iter-A,1,0.25
Lewis_75,uh-oh2793,iter-A,1,0.25
Lewis_75,uh-oh2794,iter-A,1,0.25
Lewis_75,uh-oh2795,iter-A,1,0.25
Lewis_76,oh no2062,iter-A,1,0.25
Lewis_76,oh no2778,iter-A,1,0.25
Lewis_76,oh no2779,iter-A,1,0.25
Lewis_76,oh no2784,iter-A,1,0.25
Lewis_76,oh no2787,iter-A,1,0.25
Lewis_76,oh no2788,iter-A,1,0.25
Lewis_76,uh-oh2790,iter-A,1,0.25
Lewis_78,circle2056,iter-A,1,0.25
Lewis_78,circle2057,iter-A,1,0.25
Lewis_78,circle2058,iter-A,1,0.25
Lewis_78,oh no2061,iter-A,1,0.25
Lewis_78,oh no2779,iter-A,1,0.25
Lewis_78,oh no2780,iter-A,1,0.25
Lewis_78,oh no2781,iter-A,1,0.25
Lewis_78,oh no2783,iter-A,1,0.25
Lewis_78,oh no2784,iter-A,1,0.25
Lewis_78,oh no2785,iter-A,1,0.25
Lewis_78,oh no2789,iter-A,1,0.25
Lewis_78,uh-oh2792,iter-A,1,0.25
Lewis_78,uh-oh2794,iter-A,1,0.25
Lewis_8,all gone2775,iter-A,1,0.25
Lewis_8,circle2056,iter-A,1,0.25
Lewis_80,circle2057,iter-A,1,0.25
Lewis_80,oh no2779,iter-A,1,0.25
Lewis_80,oh no2780,iter-A,1,0.25
Lewis_80,oh no2782,iter-A,1,0.25
Lewis_80,oh no2785,iter-A,1,0.25
Lewis_80,oh no2786,iter-A,1,0.25
Lewis_80,uh-oh2066,iter-A,1,0.25
Lewis_80,uh-oh2067,iter-A,1,0.25
Lewis_80,uh-oh2068,iter-A,1,0.25
Lewis_80,uh-oh2791,iter-A,1,0.25
Lewis_80,uh-oh2793,iter-A,1,0.25
Lewis_80,uh-oh2794,iter-A,1,0.25
Lewis_80,uh-oh2796,iter-A,1,0.25
Lewis_81,circle2056,iter-A,1,0.25
Lewis_81,circle2057,iter-A,1,0.25
Lewis_81,circle2058,iter-A,1,0.25
Lewis_81,circle2059,iter-A,1,0.25
Lewis_81,oh no2782,iter-A,1,0.25
Lewis_81,oh no2783,iter-A,1,0.25
Lewis_81,oh no2784,iter-A,1,0.25
Lewis_81,oh no2786,iter-A,1,0.25
Lewis_81,uh-oh2790,iter-A,1,0.25
Lewis_81,uh-oh2796,iter-A,1,0.25
Lewis_81,uh-oh2797,iter-A,1,0.25
Lewis_83,apple2055,iter-A,1,0.25
Lewis_83,oh no2778,iter-A,1,0.25
Lewis_83,oh no2780,iter-A,1,0.25
Lewis_83,oh no2781,iter-A,1,0.25
Lewis_83,oh no2783,iter-A,1,0.25
Lewis_83,oh no2784,iter-A,1,0.25
Lewis_83,oh no2786,iter-A,1,0.25
Lewis_83,oh no3090,iter-A,1,0.25
Lewis_86,oh no2062,iter-A,1,0.25
Lewis_86,oh no2780,iter-A,1,0.25
Lewis_86,oh no2781,iter-A,1,0.25
Lewis_86,oh no2783,iter-A,1,0.25
Lewis_86,oh no2789,iter-A,1,0.25
Lewis_86,uh-oh2791,iter-A,1,0.25
Lewis_86,uh-oh2793,iter-A,1,0.25
Lewis_86,uh-oh2794,iter-A,1,0.25
Lewis_86,uh-oh2796,iter-A,1,0.25
Lewis_86,uh-oh2797,iter-A,1,0.25
Lewis_87,choo-choo3153,iter-A,1,0.25
Lewis_87,circle2057,iter-A,1,0.25
Lewis_87,circle2058,iter-A,1,0.25
Lewis_87,oh no2061,iter-A,1,0.25
Lewis_87,oh no2062,iter-A,1,0.25
Lewis_87,uh-oh2790,iter-A,1,0.25
Lewis_87,uh-oh2795,iter-A,1,0.25
Lewis_88,all gone2776,iter-A,1,0.25
Lewis_88,choo-choo3153,iter-A,1,0.25
Lewis_88,circle2056,iter-A,1,0.25
Lewis_88,circle2058,iter-A,1,0.25
Lewis_88,oh no2779,iter-A,1,0.25
Lewis_88,oh no2780,iter-A,1,0.25
Lewis_88,oh no2781,iter-A,1,0.25
Lewis_88,oh no2782,iter-A,1,0.25
Lewis_88,oh no2785,iter-A,1,0.25
Lewis_88,uh-oh2067,iter-A,1,0.25
Lewis_88,uh-oh2068,iter-A,1,0.25
Lewis_88,uh-oh2791,iter-A,1,0.25
Lewis_88,uh-oh2795,iter-A,1,0.25
Lewis_88,uh-oh2797,iter-A,1,0.25
Lewis_89,all gone2776,iter-A,1,0.25
Lewis_89,circle2056,iter-A,1,0.25
Lewis_89,circle2057,iter-A,1,0.25
Lewis_89,oh no2780,iter-A,1,0.25
Lewis_89,oh no2781,iter-A,1,0.25
Lewis_89,oh no2784,iter-A,1,0.25
Lewis_89,oh no2785,iter-A,1,0.25
Lewis_89,oh no2788,iter-A,1,0.25
Lewis_89,uh-oh2068,iter-A,1,0.25
Lewis_89,uh-oh2791,iter-A,1,0.25
Lewis_89,uh-oh2793,iter-A,1,0.25
Lewis_89,uh-oh2794,iter-A,1,0.25
Lewis_89,uh-oh2797,iter-A,1,0.25
Lewis_90,choo-choo3154,iter-A,1,0.25
Lewis_90,circle2059,iter-A,1,0.25
Lewis_90,ladder2060,iter-A,1,0.25
Lewis_92,oh no2062,iter-A,1,0.25
Lewis_92,oh no2778,iter-A,1,0.25
Lewis_92,oh no2780,iter-A,1,0.25
Lewis_92,oh no2786,iter-A,1,0.25
Lewis_92,oh no2787,iter-A,1,0.25
Lewis_92,uh-oh2792,iter-A,1,0.25
Lewis_92,uh-oh2796,iter-A,1,0.25
Lewis_93,circle2056,iter-A,1,0.25
Lewis_93,oh no2061,iter-A,1,0.25
Lewis_93,oh no2781,iter-A,1,0.25
Lewis_93,oh no2782,iter-A,1,0.25
Lewis_93,oh no2783,iter-A,1,0.25
Lewis_93,oh no2784,iter-A,1,0.25
Lewis_93,oh no2786,iter-A,1,0.25
Lewis_93,uh-oh2793,iter-A,1,0.25
Lewis_93,uh-oh2794,iter-A,1,0.25
Lewis_93,uh-oh2796,iter-A,1,0.25
Lewis_93,uh-oh2797,iter-A,1,0.25
Lewis_94,circle2056,iter-A,1,0.25
Lewis_94,oh no2061,iter-A,1,0.25
Lewis_94,oh no2778,iter-A,1,0.25
Lewis_94,oh no2780,iter-A,1,0.25
Lewis_94,oh no2782,iter-A,1,0.25
Lewis_94,oh no2783,iter-A,1,0.25
Lewis_94,oh no2787,iter-A,1,0.25
Lewis_94,oh no2788,iter-A,1,0.25
Lewis_94,oh no3090,iter-A,1,0.25
Lewis_94,uh-oh2793,iter-A,1,0.25
Lewis_95,circle2058,iter-A,1,0.25
Lewis_95,oh no2778,iter-A,1,0.25
Lewis_95,oh no2781,iter-A,1,0.25
Lewis_95,oh no2782,iter-A,1,0.25
Lewis_95,oh no2784,iter-A,1,0.25
Lewis_95,uh-oh2790,iter-A,1,0.25
Lewis_95,uh-oh2792,iter-A,1,0.25
Lewis_95,uh-oh2797,iter-A,1,0.25
Lewis_96,circle2057,iter-A,1,0.25
Lewis_96,oh no2783,iter-A,1,0.25
Lewis_96,oh no2787,iter-A,1,0.25
Lewis_96,uh-oh2067,iter-A,1,0.25
Lewis_96,uh-oh2068,iter-A,1,0.25
Lewis_96,uh-oh2792,iter-A,1,0.25
Lewis_96,uh-oh2793,iter-A,1,0.25
Lewis_99,oh no2062,iter-A,1,0.25
Lewis_99,oh no2782,iter-A,1,0.25
Lewis_99,oh no2783,iter-A,1,0.25
Lewis_99,oh no2785,iter-A,1,0.25
Lewis_99,oh no2786,iter-A,1,0.25
Lewis_99,oh no3090,iter-A,1,0.25
Lewis_99,uh-oh2790,iter-A,1,0.25
Lewis_99,uh-oh2792,iter-A,1,0.25
Lewis_99,uh-oh2793,iter-A,1,0.25
Lewis_99,uh-oh2796,iter-A,1,0.25
Lewis_99,uh-oh2797,iter-A,1,0.25
Mira_10,kala2156,iter-A,1,0.25
Mira_10,lintu2159,iter-A,1,0.25
Mira_10,tonttu2168,iter-A,1,0.25
Mira_10,tonttu2170,iter-A,1,0.25
Mira_10,tyttö3256,iter-A,1,0.25
Mira_10,tyttö3257,iter-A,1,0.25
Mira_11,häntä3237,iter-A,1,0.25
Mira_11,häntä3239,iter-A,1,0.25
Mira_11,juna2152,iter-A,1,0.25
Mira_11,kenkä2158,iter-A,1,0.25
Mira_11,nenä2164,iter-A,1,0.25
Mira_12,juna2152,iter-A,1,0.25
Mira_12,kenkä2157,iter-A,1,0.25
Mira_12,kenkä2158,iter-A,1,0.25
Mira_13,tonttu2168,iter-A,1,0.25
Mira_13,tonttu2169,iter-A,1,0.25
Mira_13,tyttö3256,iter-A,1,0.25
Mira_14,Muumi/Moomin3244,iter-A,1,0.25
Mira_14,Muumi/Moomin3247,iter-A,1,0.25
Mira_14,Muumi/Moomin3249,iter-A,1,0.25
Mira_15,häntä3237,iter-A,1,0.25
Mira_15,häntä3238,iter-A,1,0.25
Mira_15,juna2152,iter-A,1,0.25
Mira_15,kenkä2157,iter-A,1,0.25
Mira_16,häntä3237,iter-A,1,0.25
Mira_16,häntä3238,iter-A,1,0.25
Mira_16,kenkä2157,iter-A,1,0.25
Mira_17,häntä3237,iter-A,1,0.25
Mira_17,häntä3239,iter-A,1,0.25
Mira_17,kenkä2158,iter-A,1,0.25
Mira_18,kenkä2157,iter-A,1,0.25
Mira_18,kenkä2158,iter-A,1,0.25
Mira_18,tyyny2171,iter-A,1,0.25
Mira_19,häntä3239,iter-A,1,0.25
Mira_19,kenkä2157,iter-A,1,0.25
Mira_19,nenä2164,iter-A,1,0.25
Mira_2,häntä3237,iter-A,1,0.25
Mira_2,häntä3239,iter-A,1,0.25
Mira_2,juna2152,iter-A,1,0.25
Mira_2,kenkä2157,iter-A,1,0.25
Mira_2,kenkä2158,iter-A,1,0.25
Mira_20,pelle3255,iter-A,1,0.25
Mira_21,jalka2150,iter-A,1,0.25
Mira_21,kala2155,iter-A,1,0.25
Mira_22,häntä3238,iter-A,1,0.25
Mira_22,häntä3239,iter-A,1,0.25
Mira_22,kenkä2158,iter-A,1,0.25
Mira_23,kaataa2153,iter-A,1,0.25
Mira_23,lintu2159,iter-A,1,0.25
Mira_23,tonttu2169,iter-A,1,0.25
Mira_23,tyttö3257,iter-A,1,0.25
Mira_23,tyttö3258,iter-A,1,0.25
Mira_24,Muumi/Moomin3245,iter-A,1,0.25
Mira_24,Muumi/Moomin3246,iter-A,1,0.25
Mira_24,Muumi/Moomin3249,iter-A,1,0.25
Mira_24,Muumi/Moomin3252,iter-A,1,0.25
Mira_24,luumu3242,iter-A,1,0.25
Mira_25,Muumi/Moomin3244,iter-A,1,0.25
Mira_25,Muumi/Moomin3248,iter-A,1,0.25
Mira_25,Muumi/Moomin3249,iter-A,1,0.25
Mira_25,Muumi/Moomin3252,iter-A,1,0.25
Mira_26,kala2156,iter-A,1,0.25
Mira_26,lintu2159,iter-A,1,0.25
Mira_26,setä2167,iter-A,1,0.25
Mira_26,tonttu2168,iter-A,1,0.25
Mira_26,tonttu2169,iter-A,1,0.25
Mira_26,tonttu2170,iter-A,1,0.25
Mira_26,tyttö3257,iter-A,1,0.25
Mira_27,kaataa2153,iter-A,1,0.25
Mira_27,kala2156,iter-A,1,0.25
Mira_27,lintu2159,iter-A,1,0.25
Mira_27,tonttu2169,iter-A,1,0.25
Mira_29,Muumi/Moomin3245,iter-A,1,0.25
Mira_29,Muumi/Moomin3252,iter-A,1,0.25
Mira_29,luumu3242,iter-A,1,0.25
Mira_3,lintu2159,iter-A,1,0.25
Mira_3,tonttu2168,iter-A,1,0.25
Mira_3,tyttö3256,iter-A,1,0.25
Mira_30,tonttu2169,iter-A,1,0.25
Mira_30,tonttu2170,iter-A,1,0.25
Mira_31,Muumi/Moomin3244,iter-A,1,0.25
Mira_31,Muumi/Moomin3245,iter-A,1,0.25
Mira_31,Muumi/Moomin3246,iter-A,1,0.25
Mira_31,Muumi/Moomin3249,iter-A,1,0.25
Mira_31,Muumi/Moomin3251,iter-A,1,0.25
Mira_31,luumu2160,iter-A,1,0.25
Mira_31,luumu3242,iter-A,1,0.25
Mira_32,lintu2159,iter-A,1,0.25
Mira_32,tonttu2168,iter-A,1,0.25
Mira_32,tyttö3258,iter-A,1,0.25
Mira_33,pelle3255,iter-A,1,0.25
Mira_34,juna2152,iter-A,1,0.25
Mira_34,nenä2164,iter-A,1,0.25
Mira_35,Muumi/Moomin2161,iter-A,1,0.25
Mira_35,Muumi/Moomin3245,iter-A,1,0.25
Mira_35,Muumi/Moomin3246,iter-A,1,0.25
Mira_35,Muumi/Moomin3251,iter-A,1,0.25
Mira_35,Muumi/Moomin3252,iter-A,1,0.25
Mira_35,Muumi/Moomin3253,iter-A,1,0.25
Mira_36,Muumi/Moomin3247,iter-A,1,0.25
Mira_36,Muumi/Moomin3250,iter-A,1,0.25
Mira_36,Muumi/Moomin3252,iter-A,1,0.25
Mira_36,Muumi/Moomin3253,iter-A,1,0.25
Mira_36,luumu3242,iter-A,1,0.25
Mira_36,mummu3243,iter-A,1,0.25
Mira_37,Muumi/Moomin3244,iter-A,1,0.25
Mira_37,Muumi/Moomin3245,iter-A,1,0.25
Mira_37,Muumi/Moomin3246,iter-A,1,0.25
Mira_37,Muumi/Moomin3247,iter-A,1,0.25
Mira_37,Muumi/Moomin3248,iter-A,1,0.25
Mira_37,Muumi/Moomin3250,iter-A,1,0.25
Mira_37,Muumi/Moomin3251,iter-A,1,0.25
Mira_37,Muumi/Moomin3253,iter-A,1,0.25
Mira_37,luumu2160,iter-A,1,0.25
Mira_38,häntä3239,iter-A,1,0.25
Mira_38,juna2152,iter-A,1,0.25
Mira_38,kenkä2157,iter-A,1,0.25
Mira_38,tyyny2171,iter-A,1,0.25
Mira_39,häntä3237,iter-A,1,0.25
Mira_39,nenä2164,iter-A,1,0.25
Mira_4,häntä3237,iter-A,1,0.25
Mira_4,kenkä2157,iter-A,1,0.25
Mira_4,tyyny2171,iter-A,1,0.25
Mira_40,loppu3241,iter-A,1,0.25
Mira_41,häntä3238,iter-A,1,0.25
Mira_41,häntä3239,iter-A,1,0.25
Mira_41,nenä2164,iter-A,1,0.25
Mira_42,Muumi/Moomin2161,iter-A,1,0.25
Mira_42,Muumi/Moomin3246,iter-A,1,0.25
Mira_42,Muumi/Moomin3249,iter-A,1,0.25
Mira_42,Muumi/Moomin3251,iter-A,1,0.25
Mira_42,Muumi/Moomin3253,iter-A,1,0.25
Mira_42,luumu3242,iter-A,1,0.25
Mira_43,Muumi/Moomin3245,iter-A,1,0.25
Mira_43,Muumi/Moomin3246,iter-A,1,0.25
Mira_43,Muumi/Moomin3250,iter-A,1,0.25
Mira_43,Muumi/Moomin3251,iter-A,1,0.25
Mira_43,luumu2160,iter-A,1,0.25
Mira_43,mummu3243,iter-A,1,0.25
Mira_44,häntä3237,iter-A,1,0.25
Mira_44,häntä3238,iter-A,1,0.25
Mira_44,nenä2164,iter-A,1,0.25
Mira_44,tyyny2171,iter-A,1,0.25
Mira_45,jalka2150,iter-A,1,0.25
Mira_45,kala2155,iter-A,1,0.25
Mira_46,Muumi/Moomin2161,iter-A,1,0.25
Mira_46,Muumi/Moomin3247,iter-A,1,0.25
Mira_46,Muumi/Moomin3250,iter-A,1,0.25
Mira_46,Muumi/Moomin3251,iter-A,1,0.25
Mira_47,kaataa2153,iter-A,1,0.25
Mira_47,kala2156,iter-A,1,0.25
Mira_47,tonttu2168,iter-A,1,0.25
Mira_47,tonttu2169,iter-A,1,0.25
Mira_47,tyttö1831,iter-A,1,0.25
Mira_47,tyttö3257,iter-A,1,0.25
Mira_48,Muumi/Moomin2161,iter-A,1,0.25
Mira_48,Muumi/Moomin3248,iter-A,1,0.25
Mira_48,Muumi/Moomin3250,iter-A,1,0.25
Mira_48,Muumi/Moomin3252,iter-A,1,0.25
Mira_49,Muumi/Moomin2161,iter-A,1,0.25
Mira_49,Muumi/Moomin3250,iter-A,1,0.25
Mira_49,Muumi/Moomin3252,iter-A,1,0.25
Mira_49,luumu2160,iter-A,1,0.25
Mira_5,häntä3237,iter-A,1,0.25
Mira_5,kenkä2157,iter-A,1,0.25
Mira_5,kenkä2158,iter-A,1,0.25
Mira_50,kenkä2157,iter-A,1,0.25
Mira_50,kenkä2158,iter-A,1,0.25
Mira_51,lintu2159,iter-A,1,0.25
Mira_51,tonttu2170,iter-A,1,0.25
Mira_51,tyttö1831,iter-A,1,0.25
Mira_52,pelle3255,iter-A,1,0.25
Mira_52,täällä2890,iter-A,1,0.25
Mira_53,jalka2151,iter-A,1,0.25
Mira_53,piiloon2166,iter-A,1,0.25
Mira_55,kaataa2153,iter-A,1,0.25
Mira_55,kala2156,iter-A,1,0.25
Mira_56,lintu2159,iter-A,1,0.25
Mira_56,setä2167,iter-A,1,0.25
Mira_56,tonttu2170,iter-A,1,0.25
Mira_56,tyttö3256,iter-A,1,0.25
Mira_56,tyttö3258,iter-A,1,0.25
Mira_57,napa2162,iter-A,1,0.25
Mira_57,napa2163,iter-A,1,0.25
Mira_58,juna2152,iter-A,1,0.25
Mira_58,kenkä2157,iter-A,1,0.25
Mira_58,nenä2164,iter-A,1,0.25
Mira_58,tyyny2171,iter-A,1,0.25
Mira_59,häntä3237,iter-A,1,0.25
Mira_59,tyyny2171,iter-A,1,0.25
Mira_6,Muumi/Moomin3247,iter-A,1,0.25
Mira_6,Muumi/Moomin3252,iter-A,1,0.25
Mira_6,Muumi/Moomin3253,iter-A,1,0.25
Mira_6,luumu3242,iter-A,1,0.25
Mira_60,Muumi/Moomin2161,iter-A,1,0.25
Mira_60,Muumi/Moomin3246,iter-A,1,0.25
Mira_60,Muumi/Moomin3248,iter-A,1,0.25
Mira_60,Muumi/Moomin3250,iter-A,1,0.25
Mira_60,mummu3243,iter-A,1,0.25
Mira_61,Muumi/Moomin2161,iter-A,1,0.25
Mira_61,Muumi/Moomin3244,iter-A,1,0.25
Mira_61,Muumi/Moomin3245,iter-A,1,0.25
Mira_61,Muumi/Moomin3246,iter-A,1,0.25
Mira_61,Muumi/Moomin3250,iter-A,1,0.25
Mira_61,luumu2160,iter-A,1,0.25
Mira_62,Muumi/Moomin2161,iter-A,1,0.25
Mira_62,Muumi/Moomin3248,iter-A,1,0.25
Mira_62,Muumi/Moomin3250,iter-A,1,0.25
Mira_62,Muumi/Moomin3253,iter-A,1,0.25
Mira_63,Muumi/Moomin3244,iter-A,1,0.25
Mira_63,Muumi/Moomin3250,iter-A,1,0.25
Mira_63,Muumi/Moomin3252,iter-A,1,0.25
Mira_63,luumu3242,iter-A,1,0.25
Mira_64,tonttu2168,iter-A,1,0.25
Mira_64,tonttu2169,iter-A,1,0.25
Mira_64,tyttö3256,iter-A,1,0.25
Mira_65,kaataa2153,iter-A,1,0.25
Mira_65,setä2167,iter-A,1,0.25
Mira_65,tonttu2169,iter-A,1,0.25
Mira_65,tyttö1831,iter-A,1,0.25
Mira_65,tyttö3258,iter-A,1,0.25
Mira_66,häntä3238,iter-A,1,0.25
Mira_66,nenä2164,iter-A,1,0.25
Mira_67,paapaa2165,iter-A,1,0.25
Mira_68,häntä3238,iter-A,1,0.25
Mira_68,häntä3239,iter-A,1,0.25
Mira_68,nenä2164,iter-A,1,0.25
Mira_69,setä2167,iter-A,1,0.25
Mira_69,tonttu2169,iter-A,1,0.25
Mira_69,tonttu2170,iter-A,1,0.25
Mira_69,tyttö3256,iter-A,1,0.25
Mira_7,jalka2150,iter-A,1,0.25
Mira_7,täällä2890,iter-A,1,0.25
Mira_70,Muumi/Moomin3247,iter-A,1,0.25
Mira_70,Muumi/Moomin3250,iter-A,1,0.25
Mira_70,Muumi/Moomin3252,iter-A,1,0.25
Mira_70,luumu3242,iter-A,1,0.25
Mira_71,Muumi/Moomin3248,iter-A,1,0.25
Mira_71,Muumi/Moomin3249,iter-A,1,0.25
Mira_71,Muumi/Moomin3250,iter-A,1,0.25
Mira_71,Muumi/Moomin3251,iter-A,1,0.25
Mira_71,Muumi/Moomin3253,iter-A,1,0.25
Mira_71,luumu2160,iter-A,1,0.25
Mira_71,mummu3243,iter-A,1,0.25
Mira_72,häntä3238,iter-A,1,0.25
Mira_72,häntä3239,iter-A,1,0.25
Mira_72,kenkä2157,iter-A,1,0.25
Mira_73,Muumi/Moomin2161,iter-A,1,0.25
Mira_73,Muumi/Moomin3244,iter-A,1,0.25
Mira_73,Muumi/Moomin3246,iter-A,1,0.25
Mira_73,Muumi/Moomin3250,iter-A,1,0.25
Mira_73,Muumi/Moomin3251,iter-A,1,0.25
Mira_73,Muumi/Moomin3253,iter-A,1,0.25
Mira_73,luumu3242,iter-A,1,0.25
Mira_73,mummu3243,iter-A,1,0.25
Mira_74,Muumi/Moomin3248,iter-A,1,0.25
Mira_74,Muumi/Moomin3249,iter-A,1,0.25
Mira_74,Muumi/Moomin3250,iter-A,1,0.25
Mira_74,Muumi/Moomin3252,iter-A,1,0.25
Mira_74,luumu2160,iter-A,1,0.25
Mira_74,luumu3242,iter-A,1,0.25
Mira_75,Muumi/Moomin2161,iter-A,1,0.25
Mira_75,Muumi/Moomin3245,iter-A,1,0.25
Mira_75,Muumi/Moomin3249,iter-A,1,0.25
Mira_75,Muumi/Moomin3250,iter-A,1,0.25
Mira_75,Muumi/Moomin3251,iter-A,1,0.25
Mira_75,mummu3243,iter-A,1,0.25
Mira_76,juna2152,iter-A,1,0.25
Mira_76,kenkä2157,iter-A,1,0.25
Mira_76,kenkä2158,iter-A,1,0.25
Mira_76,nenä2164,iter-A,1,0.25
Mira_77,häntä3237,iter-A,1,0.25
Mira_77,häntä3238,iter-A,1,0.25
Mira_77,häntä3239,iter-A,1,0.25
Mira_77,kenkä2157,iter-A,1,0.25
Mira_77,kenkä2158,iter-A,1,0.25
Mira_77,nenä2164,iter-A,1,0.25
Mira_77,tyyny2171,iter-A,1,0.25
Mira_78,häntä3237,iter-A,1,0.25
Mira_78,juna2152,iter-A,1,0.25
Mira_78,kenkä2157,iter-A,1,0.25
Mira_78,nenä2164,iter-A,1,0.25
Mira_78,tyyny2171,iter-A,1,0.25
Mira_79,Muumi/Moomin3244,iter-A,1,0.25
Mira_79,Muumi/Moomin3245,iter-A,1,0.25
Mira_79,Muumi/Moomin3246,iter-A,1,0.25
Mira_79,Muumi/Moomin3248,iter-A,1,0.25
Mira_79,Muumi/Moomin3250,iter-A,1,0.25
Mira_79,Muumi/Moomin3253,iter-A,1,0.25
Mira_79,luumu3242,iter-A,1,0.25
Mira_8,Muumi/Moomin3244,iter-A,1,0.25
Mira_8,Muumi/Moomin3245,iter-A,1,0.25
Mira_8,Muumi/Moomin3248,iter-A,1,0.25
Mira_8,Muumi/Moomin3251,iter-A,1,0.25
Mira_8,Muumi/Moomin3252,iter-A,1,0.25
Mira_8,Muumi/Moomin3253,iter-A,1,0.25
Mira_8,luumu2160,iter-A,1,0.25
Mira_8,luumu3242,iter-A,1,0.25
Mira_8,mummu3243,iter-A,1,0.25
Mira_80,loppu3241,iter-A,1,0.25
Mira_80,napa2163,iter-A,1,0.25
Mira_81,häntä3237,iter-A,1,0.25
Mira_81,juna2152,iter-A,1,0.25
Mira_81,kenkä2157,iter-A,1,0.25
Mira_81,kenkä2158,iter-A,1,0.25
Mira_81,nenä2164,iter-A,1,0.25
Mira_82,Muumi/Moomin3245,iter-A,1,0.25
Mira_82,Muumi/Moomin3246,iter-A,1,0.25
Mira_82,Muumi/Moomin3249,iter-A,1,0.25
Mira_82,Muumi/Moomin3251,iter-A,1,0.25
Mira_82,Muumi/Moomin3252,iter-A,1,0.25
Mira_82,Muumi/Moomin3253,iter-A,1,0.25
Mira_82,luumu3242,iter-A,1,0.25
Mira_82,mummu3243,iter-A,1,0.25
Mira_83,kala2156,iter-A,1,0.25
Mira_83,lintu2159,iter-A,1,0.25
Mira_83,tyttö3256,iter-A,1,0.25
Mira_84,Muumi/Moomin3245,iter-A,1,0.25
Mira_84,Muumi/Moomin3247,iter-A,1,0.25
Mira_84,Muumi/Moomin3248,iter-A,1,0.25
Mira_84,Muumi/Moomin3250,iter-A,1,0.25
Mira_84,Muumi/Moomin3252,iter-A,1,0.25
Mira_84,luumu2160,iter-A,1,0.25
Mira_84,luumu3242,iter-A,1,0.25
Mira_86,jalka2151,iter-A,1,0.25
Mira_87,Muumi/Moomin2161,iter-A,1,0.25
Mira_87,Muumi/Moomin3245,iter-A,1,0.25
Mira_87,Muumi/Moomin3246,iter-A,1,0.25
Mira_87,Muumi/Moomin3252,iter-A,1,0.25
Mira_87,Muumi/Moomin3253,iter-A,1,0.25
Mira_87,luumu2160,iter-A,1,0.25
Mira_88,Muumi/Moomin3244,iter-A,1,0.25
Mira_88,Muumi/Moomin3246,iter-A,1,0.25
Mira_88,Muumi/Moomin3251,iter-A,1,0.25
Mira_88,Muumi/Moomin3253,iter-A,1,0.25
Mira_88,luumu2160,iter-A,1,0.25
Mira_88,mummu3243,iter-A,1,0.25
Mira_89,häntä3237,iter-A,1,0.25
Mira_89,häntä3239,iter-A,1,0.25
Mira_89,tyyny2171,iter-A,1,0.25
Mira_9,häntä3239,iter-A,1,0.25
Mira_9,nenä2164,iter-A,1,0.25
Mira_9,tyyny2171,iter-A,1,0.25
Mira_90,Muumi/Moomin3245,iter-A,1,0.25
Mira_90,Muumi/Moomin3246,iter-A,1,0.25
Mira_90,Muumi/Moomin3247,iter-A,1,0.25
Mira_90,Muumi/Moomin3250,iter-A,1,0.25
Mira_90,Muumi/Moomin3251,iter-A,1,0.25
Mira_90,luumu2160,iter-A,1,0.25
Mira_91,jalka2151,iter-A,1,0.25
Mira_92,lintu2159,iter-A,1,0.25
Mira_92,tonttu2168,iter-A,1,0.25
Mira_92,tonttu2170,iter-A,1,0.25
Mira_92,tyttö3257,iter-A,1,0.25
Mira_93,häntä3238,iter-A,1,0.25
Mira_94,Muumi/Moomin3244,iter-A,1,0.25
Mira_94,Muumi/Moomin3250,iter-A,1,0.25
Mira_94,Muumi/Moomin3251,iter-A,1,0.25
Mira_94,Muumi/Moomin3253,iter-A,1,0.25
Mira_94,luumu2160,iter-A,1,0.25
Mira_94,mummu3243,iter-A,1,0.25
Mira_95,Muumi/Moomin2161,iter-A,1,0.25
Mira_95,Muumi/Moomin3252,iter-A,1,0.25
Mira_95,Muumi/Moomin3253,iter-A,1,0.25
Mira_95,luumu2160,iter-A,1,0.25
Mira_95,luumu3242,iter-A,1,0.25
Mira_95,mummu3243,iter-A,1,0.25
Mira_96,Muumi/Moomin3244,iter-A,1,0.25
Mira_96,Muumi/Moomin3246,iter-A,1,0.25
Mira_96,Muumi/Moomin3247,iter-A,1,0.25
Mira_96,Muumi/Moomin3249,iter-A,1,0.25
Mira_96,Muumi/Moomin3252,iter-A,1,0.25
Mira_96,Muumi/Moomin3253,iter-A,1,0.25
Mira_96,luumu2160,iter-A,1,0.25
Mira_96,mummu3243,iter-A,1,0.25
Mira_97,häntä3237,iter-A,1,0.25
Mira_97,kenkä2157,iter-A,1,0.25
Mira_97,tyyny2171,iter-A,1,0.25
Mira_98,Muumi/Moomin2161,iter-A,1,0.25
Mira_98,Muumi/Moomin3244,iter-A,1,0.25
Mira_98,Muumi/Moomin3245,iter-A,1,0.25
Mira_98,Muumi/Moomin3246,iter-A,1,0.25
Mira_98,Muumi/Moomin3253,iter-A,1,0.25
Mira_99,Muumi/Moomin2161,iter-A,1,0.25
Mira_99,Muumi/Moomin3244,iter-A,1,0.25
Mira_99,Muumi/Moomin3245,iter-A,1,0.25
Mira_99,Muumi/Moomin3248,iter-A,1,0.25
Mira_99,luumu2160,iter-A,1,0.25
Mira_99,mummu3243,iter-A,1,0.25
Patrick_10,D22072,iter-A,1,0.25
Patrick_10,Doody2087,iter-A,1,0.25
Patrick_10,Doody2088,iter-A,1,0.25
Patrick_10,daddy2083,iter-A,1,0.25
Patrick_100,D22074,iter-A,1,0.25
Patrick_100,quack quack2809,iter-A,1,0.25
Patrick_11,D22076,iter-A,1,0.25
Patrick_11,daddy2080,iter-A,1,0.25
Patrick_12,D22072,iter-A,1,0.25
Patrick_12,Doody2091,iter-A,1,0.25
Patrick_12,daddy2077,iter-A,1,0.25
Patrick_12,daddy2081,iter-A,1,0.25
Patrick_12,daddy2082,iter-A,1,0.25
Patrick_12,daddy2084,iter-A,1,0.25
Patrick_12,tractor2634,iter-A,1,0.25
Patrick_13,uh oh2804,iter-A,1,0.25
Patrick_15,horsey2803,iter-A,1,0.25
Patrick_16,D22072,iter-A,1,0.25
Patrick_16,D22630,iter-A,1,0.25
Patrick_16,daddy2077,iter-A,1,0.25
Patrick_16,daddy2081,iter-A,1,0.25
Patrick_16,daddy2085,iter-A,1,0.25
Patrick_17,water2097,iter-A,1,0.25
Patrick_17,water2101,iter-A,1,0.25
Patrick_19,horsey2802,iter-A,1,0.25
Patrick_2,uh oh2804,iter-A,1,0.25
Patrick_2,uh oh2808,iter-A,1,0.25
Patrick_20,D22633,iter-A,1,0.25
Patrick_21,horsey2800,iter-A,1,0.25
Patrick_21,water2098,iter-A,1,0.25
Patrick_21,water2102,iter-A,1,0.25
Patrick_22,uh oh2808,iter-A,1,0.25
Patrick_24,water2101,iter-A,1,0.25
Patrick_25,water2102,iter-A,1,0.25
Patrick_27,D22630,iter-A,1,0.25
Patrick_27,Doody2089,iter-A,1,0.25
Patrick_27,Doody2091,iter-A,1,0.25
Patrick_27,daddy2082,iter-A,1,0.25
Patrick_29,water2099,iter-A,1,0.25
Patrick_3,Doody2088,iter-A,1,0.25
Patrick_3,Doody2092,iter-A,1,0.25
Patrick_3,daddy2077,iter-A,1,0.25
Patrick_3,daddy2079,iter-A,1,0.25
Patrick_3,daddy2081,iter-A,1,0.25
Patrick_30,hello2093,iter-A,1,0.25
Patrick_30,horsey2800,iter-A,1,0.25
Patrick_30,quack quack2809,iter-A,1,0.25
Patrick_30,uh oh2805,iter-A,1,0.25
Patrick_32,Doody2088,iter-A,1,0.25
Patrick_32,quack quack2809,iter-A,1,0.25
Patrick_32,squeak squeak2811,iter-A,1,0.25
Patrick_32,uh oh2807,iter-A,1,0.25
Patrick_33,D22074,iter-A,1,0.25
Patrick_33,uh oh2807,iter-A,1,0.25
Patrick_38,D22072,iter-A,1,0.25
Patrick_38,D22633,iter-A,1,0.25
Patrick_38,Doody2091,iter-A,1,0.25
Patrick_38,daddy2077,iter-A,1,0.25
Patrick_38,daddy2084,iter-A,1,0.25
Patrick_38,daddy2086,iter-A,1,0.25
Patrick_38,tractor2634,iter-A,1,0.25
Patrick_39,D22072,iter-A,1,0.25
Patrick_39,D22633,iter-A,1,0.25
Patrick_39,daddy2083,iter-A,1,0.25
Patrick_39,daddy2084,iter-A,1,0.25
Patrick_39,daddy2085,iter-A,1,0.25
Patrick_39,tractor2634,iter-A,1,0.25
Patrick_41,horsey2801,iter-A,1,0.25
Patrick_41,uh oh2805,iter-A,1,0.25
Patrick_41,uh oh2807,iter-A,1,0.25
Patrick_42,Doody2089,iter-A,1,0.25
Patrick_42,Doody2091,iter-A,1,0.25
Patrick_42,daddy2081,iter-A,1,0.25
Patrick_42,tractor2634,iter-A,1,0.25
Patrick_44,Doody2089,iter-A,1,0.25
Patrick_44,Doody2092,iter-A,1,0.25
Patrick_44,daddy2083,iter-A,1,0.25
Patrick_44,daddy2084,iter-A,1,0.25
Patrick_45,D22072,iter-A,1,0.25
Patrick_45,D22630,iter-A,1,0.25
Patrick_45,Doody2091,iter-A,1,0.25
Patrick_45,daddy2077,iter-A,1,0.25
Patrick_45,daddy2082,iter-A,1,0.25
Patrick_45,daddy2084,iter-A,1,0.25
Patrick_47,woof woof2104,iter-A,1,0.25
Patrick_48,uh oh2807,iter-A,1,0.25
Patrick_49,D22633,iter-A,1,0.25
Patrick_49,Doody2092,iter-A,1,0.25
Patrick_49,daddy2079,iter-A,1,0.25
Patrick_49,daddy2082,iter-A,1,0.25
Patrick_49,daddy2086,iter-A,1,0.25
Patrick_49,tractor2634,iter-A,1,0.25
Patrick_50,D22632,iter-A,1,0.25
Patrick_50,daddy2081,iter-A,1,0.25
Patrick_50,tractor2634,iter-A,1,0.25
Patrick_52,D22074,iter-A,1,0.25
Patrick_52,uh oh2805,iter-A,1,0.25
Patrick_53,water2097,iter-A,1,0.25
Patrick_53,water2101,iter-A,1,0.25
Patrick_55,hello2799,iter-A,1,0.25
Patrick_55,horsey2801,iter-A,1,0.25
Patrick_55,horsey2803,iter-A,1,0.25
Patrick_56,D22072,iter-A,1,0.25
Patrick_56,D22630,iter-A,1,0.25
Patrick_56,Doody2089,iter-A,1,0.25
Patrick_56,Doody2092,iter-A,1,0.25
Patrick_56,daddy2079,iter-A,1,0.25
Patrick_56,daddy2081,iter-A,1,0.25
Patrick_56,daddy2082,iter-A,1,0.25
Patrick_56,daddy2085,iter-A,1,0.25
Patrick_56,daddy2086,iter-A,1,0.25
Patrick_56,tractor2634,iter-A,1,0.25
Patrick_58,D22630,iter-A,1,0.25
Patrick_58,D22633,iter-A,1,0.25
Patrick_58,Doody2088,iter-A,1,0.25
Patrick_58,Doody2091,iter-A,1,0.25
Patrick_58,Doody2092,iter-A,1,0.25
Patrick_58,daddy2079,iter-A,1,0.25
Patrick_58,daddy2081,iter-A,1,0.25
Patrick_60,Doody2087,iter-A,1,0.25
Patrick_60,Doody2089,iter-A,1,0.25
Patrick_60,daddy2079,iter-A,1,0.25
Patrick_61,Doody2089,iter-A,1,0.25
Patrick_61,Doody2092,iter-A,1,0.25
Patrick_61,daddy2083,iter-A,1,0.25
Patrick_61,daddy2084,iter-A,1,0.25
Patrick_61,daddy2085,iter-A,1,0.25
Patrick_61,daddy2086,iter-A,1,0.25
Patrick_61,tractor2634,iter-A,1,0.25
Patrick_62,Doody2088,iter-A,1,0.25
Patrick_62,horsey2800,iter-A,1,0.25
Patrick_62,quack quack2809,iter-A,1,0.25
Patrick_62,squeak squeak2811,iter-A,1,0.25
Patrick_64,D22630,iter-A,1,0.25
Patrick_64,Doody2089,iter-A,1,0.25
Patrick_64,Doody2092,iter-A,1,0.25
Patrick_64,daddy2077,iter-A,1,0.25
Patrick_64,daddy2086,iter-A,1,0.25
Patrick_64,tractor2634,iter-A,1,0.25
Patrick_65,quack quack2810,iter-A,1,0.25
Patrick_67,D22633,iter-A,1,0.25
Patrick_67,Doody2087,iter-A,1,0.25
Patrick_67,daddy2079,iter-A,1,0.25
Patrick_67,daddy2081,iter-A,1,0.25
Patrick_68,D22630,iter-A,1,0.25
Patrick_68,Doody2088,iter-A,1,0.25
Patrick_68,daddy2077,iter-A,1,0.25
Patrick_68,daddy2082,iter-A,1,0.25
Patrick_68,daddy2086,iter-A,1,0.25
Patrick_69,water2102,iter-A,1,0.25
Patrick_69,water2103,iter-A,1,0.25
Patrick_7,daddy2079,iter-A,1,0.25
Patrick_7,daddy2081,iter-A,1,0.25
Patrick_7,daddy2083,iter-A,1,0.25
Patrick_7,daddy2085,iter-A,1,0.25
Patrick_70,Doody2088,iter-A,1,0.25
Patrick_70,horsey2800,iter-A,1,0.25
Patrick_70,horsey2803,iter-A,1,0.25
Patrick_71,horsey2800,iter-A,1,0.25
Patrick_71,horsey2803,iter-A,1,0.25
Patrick_72,D22630,iter-A,1,0.25
Patrick_72,Doody2087,iter-A,1,0.25
Patrick_72,Doody2088,iter-A,1,0.25
Patrick_72,daddy2079,iter-A,1,0.25
Patrick_72,daddy2081,iter-A,1,0.25
Patrick_72,daddy2083,iter-A,1,0.25
Patrick_72,daddy2085,iter-A,1,0.25
Patrick_74,quack quack2809,iter-A,1,0.25
Patrick_75,D22630,iter-A,1,0.25
Patrick_75,D22633,iter-A,1,0.25
Patrick_75,Doody2087,iter-A,1,0.25
Patrick_75,Doody2089,iter-A,1,0.25
Patrick_75,daddy2077,iter-A,1,0.25
Patrick_75,daddy2083,iter-A,1,0.25
Patrick_75,daddy2084,iter-A,1,0.25
Patrick_75,daddy2085,iter-A,1,0.25
Patrick_75,daddy2086,iter-A,1,0.25
Patrick_75,tractor2634,iter-A,1,0.25
Patrick_77,D22630,iter-A,1,0.25
Patrick_77,Doody2087,iter-A,1,0.25
Patrick_77,Doody2092,iter-A,1,0.25
Patrick_77,daddy2077,iter-A,1,0.25
Patrick_77,daddy2083,iter-A,1,0.25
Patrick_77,daddy2084,iter-A,1,0.25
Patrick_77,daddy2085,iter-A,1,0.25
Patrick_78,water2097,iter-A,1,0.25
Patrick_78,water2098,iter-A,1,0.25
Patrick_78,water2101,iter-A,1,0.25
Patrick_79,D22630,iter-A,1,0.25
Patrick_79,Doody2089,iter-A,1,0.25
Patrick_79,Doody2092,iter-A,1,0.25
Patrick_79,daddy2079,iter-A,1,0.25
Patrick_79,daddy2082,iter-A,1,0.25
Patrick_79,daddy2085,iter-A,1,0.25
Patrick_81,horsey2801,iter-A,1,0.25
Patrick_81,uh oh2807,iter-A,1,0.25
Patrick_82,quack quack2809,iter-A,1,0.25
Patrick_83,D22633,iter-A,1,0.25
Patrick_83,Doody2087,iter-A,1,0.25
Patrick_83,daddy2082,iter-A,1,0.25
Patrick_83,daddy2084,iter-A,1,0.25
Patrick_85,D22630,iter-A,1,0.25
Patrick_86,D22630,iter-A,1,0.25
Patrick_86,Doody2087,iter-A,1,0.25
Patrick_86,Doody2089,iter-A,1,0.25
Patrick_86,Doody2092,iter-A,1,0.25
Patrick_86,daddy2077,iter-A,1,0.25
Patrick_86,daddy2079,iter-A,1,0.25
Patrick_86,daddy2081,iter-A,1,0.25
Patrick_86,daddy2084,iter-A,1,0.25
Patrick_86,daddy2085,iter-A,1,0.25
Patrick_9,D22633,iter-A,1,0.25
Patrick_9,Doody2089,iter-A,1,0.25
Patrick_9,daddy2077,iter-A,1,0.25
Patrick_9,daddy2081,iter-A,1,0.25
Patrick_9,daddy2086,iter-A,1,0.25
Patrick_9,tractor2634,iter-A,1,0.25
Patrick_90,Doody2091,iter-A,1,0.25
Patrick_90,daddy2077,iter-A,1,0.25
Patrick_90,daddy2082,iter-A,1,0.25
Patrick_90,daddy2085,iter-A,1,0.25
Patrick_90,daddy2086,iter-A,1,0.25
Patrick_90,tractor2634,iter-A,1,0.25
Patrick_92,D22073,iter-A,1,0.25
Patrick_93,woof woof2104,iter-A,1,0.25
Patrick_94,Doody2088,iter-A,1,0.25
Patrick_94,hello2093,iter-A,1,0.25
Patrick_94,horsey2803,iter-A,1,0.25
Patrick_94,squeak squeak2811,iter-A,1,0.25
Patrick_94,uh oh2805,iter-A,1,0.25
Patrick_95,horsey2800,iter-A,1,0.25
Patrick_95,water2103,iter-A,1,0.25
Patrick_96,Doody2090,iter-A,1,0.25
Patrick_98,uh oh2806,iter-A,1,0.25
Rachel_1,Mummy2116,iter-A,1,0.25
Rachel_1,Mummy3095,iter-A,1,0.25
Rachel_1,all gone2105,iter-A,1,0.25
Rachel_1,baby2106,iter-A,1,0.25
Rachel_1,baby2108,iter-A,1,0.25
Rachel_1,doggy2114,iter-A,1,0.25
Rachel_1,doggy2639,iter-A,1,0.25
Rachel_1,flowers3094,iter-A,1,0.25
Rachel_1,get you2115,iter-A,1,0.25
Rachel_1,quack quack3096,iter-A,1,0.25
Rachel_1,quack quack3139,iter-A,1,0.25
Rachel_10,Mummy3569,iter-A,1,0.25
Rachel_10,doggy2112,iter-A,1,0.25
Rachel_10,doggy2114,iter-A,1,0.25
Rachel_10,doggy2639,iter-A,1,0.25
Rachel_10,get you2115,iter-A,1,0.25
Rachel_10,hello2812,iter-A,1,0.25
Rachel_10,quack quack3096,iter-A,1,0.25
Rachel_10,quack quack3139,iter-A,1,0.25
Rachel_100,Beba2110,iter-A,1,0.25
Rachel_100,Mummy2116,iter-A,1,0.25
Rachel_100,Mummy3095,iter-A,1,0.25
Rachel_100,all gone2105,iter-A,1,0.25
Rachel_100,baby2107,iter-A,1,0.25
Rachel_100,baby2108,iter-A,1,0.25
Rachel_100,beep beep2637,iter-A,1,0.25
Rachel_100,doggy2112,iter-A,1,0.25
Rachel_100,doggy2638,iter-A,1,0.25
Rachel_100,get you2115,iter-A,1,0.25
Rachel_100,hello2812,iter-A,1,0.25
Rachel_100,quack quack3096,iter-A,1,0.25
Rachel_11,all gone2105,iter-A,1,0.25
Rachel_11,baby2106,iter-A,1,0.25
Rachel_11,baby2108,iter-A,1,0.25
Rachel_11,beep beep2637,iter-A,1,0.25
Rachel_11,doggy2638,iter-A,1,0.25
Rachel_11,get you2115,iter-A,1,0.25
Rachel_11,hello2812,iter-A,1,0.25
Rachel_11,piggy2640,iter-A,1,0.25
Rachel_12,baby2107,iter-A,1,0.25
Rachel_12,baby2108,iter-A,1,0.25
Rachel_13,baby2106,iter-A,1,0.25
Rachel_13,baby2108,iter-A,1,0.25
Rachel_14,Beba2109,iter-A,1,0.25
Rachel_14,Beba2110,iter-A,1,0.25
Rachel_14,all gone2105,iter-A,1,0.25
Rachel_14,baby2106,iter-A,1,0.25
Rachel_14,baby2107,iter-A,1,0.25
Rachel_14,baby2108,iter-A,1,0.25
Rachel_14,doggy2112,iter-A,1,0.25
Rachel_14,doggy2113,iter-A,1,0.25
Rachel_14,doggy2638,iter-A,1,0.25
Rachel_14,hello2812,iter-A,1,0.25
Rachel_14,piggy2640,iter-A,1,0.25
Rachel_15,Beba2109,iter-A,1,0.25
Rachel_15,Mummy2116,iter-A,1,0.25
Rachel_15,baby2107,iter-A,1,0.25
Rachel_15,baby2108,iter-A,1,0.25
Rachel_15,beep beep2637,iter-A,1,0.25
Rachel_15,doggy2112,iter-A,1,0.25
Rachel_15,doggy2113,iter-A,1,0.25
Rachel_15,doggy2638,iter-A,1,0.25
Rachel_15,night night1802,iter-A,1,0.25
Rachel_15,piggy2640,iter-A,1,0.25
Rachel_16,all gone2105,iter-A,1,0.25
Rachel_16,doggy2638,iter-A,1,0.25
Rachel_16,night night1802,iter-A,1,0.25
Rachel_17,Daisy1800,iter-A,1,0.25
Rachel_17,Mummy2116,iter-A,1,0.25
Rachel_17,Mummy3095,iter-A,1,0.25
Rachel_17,Mummy3569,iter-A,1,0.25
Rachel_17,all gone2105,iter-A,1,0.25
Rachel_17,baby2106,iter-A,1,0.25
Rachel_17,baby2108,iter-A,1,0.25
Rachel_17,beep beep2637,iter-A,1,0.25
Rachel_17,doggy2112,iter-A,1,0.25
Rachel_17,doggy2114,iter-A,1,0.25
Rachel_17,doggy2638,iter-A,1,0.25
Rachel_17,doggy2639,iter-A,1,0.25
Rachel_17,flowers3094,iter-A,1,0.25
Rachel_17,quack quack3096,iter-A,1,0.25
Rachel_17,quack quack3139,iter-A,1,0.25
Rachel_18,Beba2109,iter-A,1,0.25
Rachel_18,Beba2110,iter-A,1,0.25
Rachel_18,baby2108,iter-A,1,0.25
Rachel_18,piggy2640,iter-A,1,0.25
Rachel_2,Beba2110,iter-A,1,0.25
Rachel_2,beep beep2637,iter-A,1,0.25
Rachel_20,Daisy1800,iter-A,1,0.25
Rachel_20,Mummy2116,iter-A,1,0.25
Rachel_20,Mummy3095,iter-A,1,0.25
Rachel_20,baby2106,iter-A,1,0.25
Rachel_20,beep beep2637,iter-A,1,0.25
Rachel_20,doggy2112,iter-A,1,0.25
Rachel_20,doggy2113,iter-A,1,0.25
Rachel_20,doggy2114,iter-A,1,0.25
Rachel_20,doggy2639,iter-A,1,0.25
Rachel_20,flowers3094,iter-A,1,0.25
Rachel_20,hello2812,iter-A,1,0.25
Rachel_20,quack quack3096,iter-A,1,0.25
Rachel_21,biscuits3579,iter-A,1,0.25
Rachel_22,Daisy1800,iter-A,1,0.25
Rachel_22,Mummy2116,iter-A,1,0.25
Rachel_22,Mummy3095,iter-A,1,0.25
Rachel_22,baby2106,iter-A,1,0.25
Rachel_22,baby2108,iter-A,1,0.25
Rachel_22,doggy2113,iter-A,1,0.25
Rachel_22,doggy2114,iter-A,1,0.25
Rachel_22,doggy2639,iter-A,1,0.25
Rachel_22,flowers3094,iter-A,1,0.25
Rachel_22,get you2115,iter-A,1,0.25
Rachel_22,night night1802,iter-A,1,0.25
Rachel_22,quack quack3096,iter-A,1,0.25
Rachel_22,quack quack3139,iter-A,1,0.25
Rachel_23,biscuits3579,iter-A,1,0.25
Rachel_24,Beba2110,iter-A,1,0.25
Rachel_24,baby2107,iter-A,1,0.25
Rachel_24,baby2108,iter-A,1,0.25
Rachel_24,beep beep2637,iter-A,1,0.25
Rachel_24,doggy2638,iter-A,1,0.25
Rachel_26,Beba2109,iter-A,1,0.25
Rachel_26,Beba2110,iter-A,1,0.25
Rachel_26,Mummy2116,iter-A,1,0.25
Rachel_26,baby2107,iter-A,1,0.25
Rachel_26,beep beep2637,iter-A,1,0.25
Rachel_26,doggy2112,iter-A,1,0.25
Rachel_26,doggy2113,iter-A,1,0.25
Rachel_26,doggy2638,iter-A,1,0.25
Rachel_26,night night1802,iter-A,1,0.25
Rachel_26,piggy2640,iter-A,1,0.25
Rachel_27,baby2106,iter-A,1,0.25
Rachel_27,baby2107,iter-A,1,0.25
Rachel_27,baby2108,iter-A,1,0.25
Rachel_27,beep beep2637,iter-A,1,0.25
Rachel_27,doggy2112,iter-A,1,0.25
Rachel_27,doggy2113,iter-A,1,0.25
Rachel_27,doggy2638,iter-A,1,0.25
Rachel_27,get you2115,iter-A,1,0.25
Rachel_27,hello2812,iter-A,1,0.25
Rachel_27,piggy2640,iter-A,1,0.25
Rachel_28,Beba2110,iter-A,1,0.25
Rachel_28,beep beep2637,iter-A,1,0.25
Rachel_29,Mummy2116,iter-A,1,0.25
Rachel_29,all gone2105,iter-A,1,0.25
Rachel_29,baby2106,iter-A,1,0.25
Rachel_29,doggy2112,iter-A,1,0.25
Rachel_29,doggy2113,iter-A,1,0.25
Rachel_29,doggy2114,iter-A,1,0.25
Rachel_29,doggy2639,iter-A,1,0.25
Rachel_29,hello2812,iter-A,1,0.25
Rachel_3,baby2107,iter-A,1,0.25
Rachel_3,baby2108,iter-A,1,0.25
Rachel_3,doggy2638,iter-A,1,0.25
Rachel_3,piggy2640,iter-A,1,0.25
Rachel_30,Mummy3569,iter-A,1,0.25
Rachel_30,all gone2105,iter-A,1,0.25
Rachel_30,baby2106,iter-A,1,0.25
Rachel_30,baby2108,iter-A,1,0.25
Rachel_30,doggy2112,iter-A,1,0.25
Rachel_30,doggy2113,iter-A,1,0.25
Rachel_30,doggy2114,iter-A,1,0.25
Rachel_30,doggy2639,iter-A,1,0.25
Rachel_30,flowers3094,iter-A,1,0.25
Rachel_30,get you2115,iter-A,1,0.25
Rachel_30,night night1802,iter-A,1,0.25
Rachel_30,quack quack3096,iter-A,1,0.25
Rachel_32,biscuits2111,iter-A,1,0.25
Rachel_32,biscuits3579,iter-A,1,0.25
Rachel_33,Beba2109,iter-A,1,0.25
Rachel_33,Beba2110,iter-A,1,0.25
Rachel_33,apple2636,iter-A,1,0.25
Rachel_33,baby2106,iter-A,1,0.25
Rachel_33,doggy2638,iter-A,1,0.25
Rachel_33,piggy2640,iter-A,1,0.25
Rachel_34,baby2108,iter-A,1,0.25
Rachel_34,doggy2638,iter-A,1,0.25
Rachel_34,piggy2640,iter-A,1,0.25
Rachel_35,baby2106,iter-A,1,0.25
Rachel_35,doggy2112,iter-A,1,0.25
Rachel_35,doggy2114,iter-A,1,0.25
Rachel_35,doggy2638,iter-A,1,0.25
Rachel_35,doggy2639,iter-A,1,0.25
Rachel_35,flowers3094,iter-A,1,0.25
Rachel_35,get you2115,iter-A,1,0.25
Rachel_35,hello2812,iter-A,1,0.25
Rachel_35,night night1802,iter-A,1,0.25
Rachel_35,quack quack3139,iter-A,1,0.25
Rachel_36,Mummy3095,iter-A,1,0.25
Rachel_36,all gone2105,iter-A,1,0.25
Rachel_36,baby2106,iter-A,1,0.25
Rachel_36,baby2108,iter-A,1,0.25
Rachel_36,doggy2113,iter-A,1,0.25
Rachel_36,doggy2114,iter-A,1,0.25
Rachel_36,doggy2638,iter-A,1,0.25
Rachel_36,get you2115,iter-A,1,0.25
Rachel_36,hello2812,iter-A,1,0.25
Rachel_36,quack quack3096,iter-A,1,0.25
Rachel_37,Beba2110,iter-A,1,0.25
Rachel_37,baby2106,iter-A,1,0.25
Rachel_37,baby2107,iter-A,1,0.25
Rachel_37,baby2108,iter-A,1,0.25
Rachel_37,doggy2112,iter-A,1,0.25
Rachel_37,doggy2113,iter-A,1,0.25
Rachel_37,doggy2114,iter-A,1,0.25
Rachel_37,get you2115,iter-A,1,0.25
Rachel_37,hello2812,iter-A,1,0.25
Rachel_37,night night1802,iter-A,1,0.25
Rachel_37,piggy2640,iter-A,1,0.25
Rachel_37,quack quack3096,iter-A,1,0.25
Rachel_38,Daisy1800,iter-A,1,0.25
Rachel_38,all gone2105,iter-A,1,0.25
Rachel_38,doggy2112,iter-A,1,0.25
Rachel_38,doggy2113,iter-A,1,0.25
Rachel_38,doggy2638,iter-A,1,0.25
Rachel_38,night night1802,iter-A,1,0.25
Rachel_39,Mummy2116,iter-A,1,0.25
Rachel_39,Mummy3095,iter-A,1,0.25
Rachel_39,all gone2105,iter-A,1,0.25
Rachel_39,doggy2112,iter-A,1,0.25
Rachel_39,doggy2113,iter-A,1,0.25
Rachel_39,flowers3094,iter-A,1,0.25
Rachel_39,quack quack3096,iter-A,1,0.25
Rachel_4,Beba2110,iter-A,1,0.25
Rachel_4,baby2107,iter-A,1,0.25
Rachel_4,beep beep2637,iter-A,1,0.25
Rachel_4,doggy2112,iter-A,1,0.25
Rachel_4,get you2115,iter-A,1,0.25
Rachel_4,hello2812,iter-A,1,0.25
Rachel_4,night night1802,iter-A,1,0.25
Rachel_4,piggy2640,iter-A,1,0.25
Rachel_40,all gone2105,iter-A,1,0.25
Rachel_40,doggy2112,iter-A,1,0.25
Rachel_41,Mummy2116,iter-A,1,0.25
Rachel_41,Mummy3095,iter-A,1,0.25
Rachel_41,all gone2105,iter-A,1,0.25
Rachel_41,baby2108,iter-A,1,0.25
Rachel_41,doggy2113,iter-A,1,0.25
Rachel_41,doggy2114,iter-A,1,0.25
Rachel_41,flowers3094,iter-A,1,0.25
Rachel_41,get you2115,iter-A,1,0.25
Rachel_41,hello2812,iter-A,1,0.25
Rachel_41,quack quack3139,iter-A,1,0.25
Rachel_42,biscuits2111,iter-A,1,0.25
Rachel_43,Beba2109,iter-A,1,0.25
Rachel_43,Beba2110,iter-A,1,0.25
Rachel_43,Mummy2116,iter-A,1,0.25
Rachel_43,baby2106,iter-A,1,0.25
Rachel_43,baby2108,iter-A,1,0.25
Rachel_43,doggy2112,iter-A,1,0.25
Rachel_43,doggy2113,iter-A,1,0.25
Rachel_43,get you2115,iter-A,1,0.25
Rachel_43,piggy2640,iter-A,1,0.25
Rachel_44,biscuits3579,iter-A,1,0.25
Rachel_45,beep beep2637,iter-A,1,0.25
Rachel_46,Mummy2116,iter-A,1,0.25
Rachel_46,Mummy3095,iter-A,1,0.25
Rachel_46,all gone2105,iter-A,1,0.25
Rachel_46,doggy2112,iter-A,1,0.25
Rachel_46,doggy2114,iter-A,1,0.25
Rachel_46,hello2812,iter-A,1,0.25
Rachel_46,night night1802,iter-A,1,0.25
Rachel_46,quack quack3096,iter-A,1,0.25
Rachel_47,Mummy3095,iter-A,1,0.25
Rachel_47,doggy2112,iter-A,1,0.25
Rachel_47,doggy2638,iter-A,1,0.25
Rachel_47,doggy2639,iter-A,1,0.25
Rachel_47,flowers3094,iter-A,1,0.25
Rachel_47,get you2115,iter-A,1,0.25
Rachel_47,hello2812,iter-A,1,0.25
Rachel_47,quack quack3139,iter-A,1,0.25
Rachel_48,Daisy1800,iter-A,1,0.25
Rachel_48,baby2106,iter-A,1,0.25
Rachel_48,baby2108,iter-A,1,0.25
Rachel_48,doggy2112,iter-A,1,0.25
Rachel_48,doggy2113,iter-A,1,0.25
Rachel_48,doggy2114,iter-A,1,0.25
Rachel_48,doggy2638,iter-A,1,0.25
Rachel_48,hello2812,iter-A,1,0.25
Rachel_48,night night1802,iter-A,1,0.25
Rachel_49,biscuits3579,iter-A,1,0.25
Rachel_5,Mummy3095,iter-A,1,0.25
Rachel_5,all gone2105,iter-A,1,0.25
Rachel_5,baby2106,iter-A,1,0.25
Rachel_5,baby2108,iter-A,1,0.25
Rachel_5,doggy2112,iter-A,1,0.25
Rachel_5,doggy2638,iter-A,1,0.25
Rachel_5,doggy2639,iter-A,1,0.25
Rachel_5,get you2115,iter-A,1,0.25
Rachel_5,hello2812,iter-A,1,0.25
Rachel_5,quack quack3096,iter-A,1,0.25
Rachel_5,quack quack3139,iter-A,1,0.25
Rachel_50,Beba2109,iter-A,1,0.25
Rachel_50,Beba2110,iter-A,1,0.25
Rachel_50,apple2636,iter-A,1,0.25
Rachel_50,baby2106,iter-A,1,0.25
Rachel_50,baby2107,iter-A,1,0.25
Rachel_50,baby2108,iter-A,1,0.25
Rachel_50,doggy2638,iter-A,1,0.25
Rachel_51,all gone2105,iter-A,1,0.25
Rachel_51,apple2636,iter-A,1,0.25
Rachel_51,baby2108,iter-A,1,0.25
Rachel_51,doggy2112,iter-A,1,0.25
Rachel_51,doggy2113,iter-A,1,0.25
Rachel_52,Mummy2116,iter-A,1,0.25
Rachel_52,Mummy3095,iter-A,1,0.25
Rachel_52,all gone2105,iter-A,1,0.25
Rachel_52,baby2108,iter-A,1,0.25
Rachel_52,doggy2114,iter-A,1,0.25
Rachel_52,doggy2638,iter-A,1,0.25
Rachel_52,doggy2639,iter-A,1,0.25
Rachel_52,flowers3094,iter-A,1,0.25
Rachel_52,get you2115,iter-A,1,0.25
Rachel_52,hello2812,iter-A,1,0.25
Rachel_52,night night1802,iter-A,1,0.25
Rachel_52,quack quack3096,iter-A,1,0.25
Rachel_52,quack quack3139,iter-A,1,0.25
Rachel_55,Mummy3095,iter-A,1,0.25
Rachel_55,Mummy3569,iter-A,1,0.25
Rachel_55,all gone2105,iter-A,1,0.25
Rachel_55,doggy2112,iter-A,1,0.25
Rachel_55,doggy2113,iter-A,1,0.25
Rachel_55,doggy2638,iter-A,1,0.25
Rachel_55,doggy2639,iter-A,1,0.25
Rachel_55,flowers3094,iter-A,1,0.25
Rachel_55,get you2115,iter-A,1,0.25
Rachel_55,quack quack3096,iter-A,1,0.25
Rachel_57,Beba2109,iter-A,1,0.25
Rachel_57,baby2106,iter-A,1,0.25
Rachel_57,baby2107,iter-A,1,0.25
Rachel_57,piggy2640,iter-A,1,0.25
Rachel_58,Mummy2116,iter-A,1,0.25
Rachel_58,Mummy3095,iter-A,1,0.25
Rachel_58,all gone2105,iter-A,1,0.25
Rachel_58,doggy2113,iter-A,1,0.25
Rachel_58,doggy2114,iter-A,1,0.25
Rachel_58,doggy2639,iter-A,1,0.25
Rachel_58,get you2115,iter-A,1,0.25
Rachel_58,hello2812,iter-A,1,0.25
Rachel_58,night night1802,iter-A,1,0.25
Rachel_59,all gone2105,iter-A,1,0.25
Rachel_59,apple2636,iter-A,1,0.25
Rachel_59,baby2108,iter-A,1,0.25
Rachel_59,beep beep2637,iter-A,1,0.25
Rachel_59,doggy2638,iter-A,1,0.25
Rachel_59,get you2115,iter-A,1,0.25
Rachel_59,hello2812,iter-A,1,0.25
Rachel_6,doggy2113,iter-A,1,0.25
Rachel_60,Mummy2116,iter-A,1,0.25
Rachel_60,all gone2105,iter-A,1,0.25
Rachel_60,baby2106,iter-A,1,0.25
Rachel_60,baby2108,iter-A,1,0.25
Rachel_60,doggy2112,iter-A,1,0.25
Rachel_60,doggy2113,iter-A,1,0.25
Rachel_60,doggy2639,iter-A,1,0.25
Rachel_60,get you2115,iter-A,1,0.25
Rachel_60,quack quack3096,iter-A,1,0.25
Rachel_61,baby2106,iter-A,1,0.25
Rachel_61,baby2107,iter-A,1,0.25
Rachel_61,doggy2638,iter-A,1,0.25
Rachel_61,piggy2640,iter-A,1,0.25
Rachel_62,Daisy1800,iter-A,1,0.25
Rachel_62,all gone2105,iter-A,1,0.25
Rachel_62,baby2106,iter-A,1,0.25
Rachel_62,baby2108,iter-A,1,0.25
Rachel_62,doggy2112,iter-A,1,0.25
Rachel_62,doggy2114,iter-A,1,0.25
Rachel_62,doggy2638,iter-A,1,0.25
Rachel_62,get you2115,iter-A,1,0.25
Rachel_63,Mummy2116,iter-A,1,0.25
Rachel_63,Mummy3095,iter-A,1,0.25
Rachel_63,doggy2112,iter-A,1,0.25
Rachel_63,doggy2113,iter-A,1,0.25
Rachel_63,doggy2639,iter-A,1,0.25
Rachel_63,quack quack3096,iter-A,1,0.25
Rachel_64,Mummy3569,iter-A,1,0.25
Rachel_64,baby2106,iter-A,1,0.25
Rachel_64,baby2108,iter-A,1,0.25
Rachel_64,doggy2112,iter-A,1,0.25
Rachel_64,doggy2114,iter-A,1,0.25
Rachel_64,doggy2638,iter-A,1,0.25
Rachel_64,doggy2639,iter-A,1,0.25
Rachel_64,flowers3094,iter-A,1,0.25
Rachel_64,get you2115,iter-A,1,0.25
Rachel_64,hello2812,iter-A,1,0.25
Rachel_65,Beba2109,iter-A,1,0.25
Rachel_65,Beba2110,iter-A,1,0.25
Rachel_65,baby2106,iter-A,1,0.25
Rachel_65,baby2108,iter-A,1,0.25
Rachel_65,piggy2640,iter-A,1,0.25
Rachel_66,all gone2105,iter-A,1,0.25
Rachel_66,baby2106,iter-A,1,0.25
Rachel_66,doggy2113,iter-A,1,0.25
Rachel_66,doggy2638,iter-A,1,0.25
Rachel_66,get you2115,iter-A,1,0.25
Rachel_66,piggy2640,iter-A,1,0.25
Rachel_67,Mummy3095,iter-A,1,0.25
Rachel_67,baby2106,iter-A,1,0.25
Rachel_67,baby2108,iter-A,1,0.25
Rachel_67,doggy2112,iter-A,1,0.25
Rachel_67,doggy2114,iter-A,1,0.25
Rachel_67,doggy2638,iter-A,1,0.25
Rachel_67,doggy2639,iter-A,1,0.25
Rachel_67,quack quack3096,iter-A,1,0.25
Rachel_67,quack quack3139,iter-A,1,0.25
Rachel_68,apple2636,iter-A,1,0.25
Rachel_68,beep beep2637,iter-A,1,0.25
Rachel_69,Beba2110,iter-A,1,0.25
Rachel_69,baby2106,iter-A,1,0.25
Rachel_69,baby2107,iter-A,1,0.25
Rachel_7,Daisy1800,iter-A,1,0.25
Rachel_7,Mummy2116,iter-A,1,0.25
Rachel_7,Mummy3095,iter-A,1,0.25
Rachel_7,Mummy3569,iter-A,1,0.25
Rachel_7,all gone2105,iter-A,1,0.25
Rachel_7,baby2106,iter-A,1,0.25
Rachel_7,doggy2112,iter-A,1,0.25
Rachel_7,doggy2113,iter-A,1,0.25
Rachel_7,doggy2114,iter-A,1,0.25
Rachel_7,doggy2638,iter-A,1,0.25
Rachel_7,doggy2639,iter-A,1,0.25
Rachel_7,hello2812,iter-A,1,0.25
Rachel_7,quack quack3096,iter-A,1,0.25
Rachel_70,Beba2110,iter-A,1,0.25
Rachel_70,baby2106,iter-A,1,0.25
Rachel_70,baby2107,iter-A,1,0.25
Rachel_70,beep beep2637,iter-A,1,0.25
Rachel_70,doggy2638,iter-A,1,0.25
Rachel_70,piggy2640,iter-A,1,0.25
Rachel_71,Beba2110,iter-A,1,0.25
Rachel_71,Mummy2116,iter-A,1,0.25
Rachel_71,baby2106,iter-A,1,0.25
Rachel_71,baby2107,iter-A,1,0.25
Rachel_71,baby2108,iter-A,1,0.25
Rachel_71,beep beep2637,iter-A,1,0.25
Rachel_71,doggy2112,iter-A,1,0.25
Rachel_71,doggy2113,iter-A,1,0.25
Rachel_71,doggy2639,iter-A,1,0.25
Rachel_71,get you2115,iter-A,1,0.25
Rachel_71,night night1802,iter-A,1,0.25
Rachel_71,quack quack3096,iter-A,1,0.25
Rachel_72,Beba2109,iter-A,1,0.25
Rachel_72,Beba2110,iter-A,1,0.25
Rachel_72,apple2636,iter-A,1,0.25
Rachel_72,baby2106,iter-A,1,0.25
Rachel_72,baby2108,iter-A,1,0.25
Rachel_72,doggy2638,iter-A,1,0.25
Rachel_73,biscuits3579,iter-A,1,0.25
Rachel_74,Mummy2116,iter-A,1,0.25
Rachel_74,Mummy3095,iter-A,1,0.25
Rachel_74,all gone2105,iter-A,1,0.25
Rachel_74,doggy2112,iter-A,1,0.25
Rachel_74,flowers3094,iter-A,1,0.25
Rachel_74,quack quack3139,iter-A,1,0.25
Rachel_76,Mummy2116,iter-A,1,0.25
Rachel_76,Mummy3095,iter-A,1,0.25
Rachel_76,all gone2105,iter-A,1,0.25
Rachel_76,baby2108,iter-A,1,0.25
Rachel_76,doggy2112,iter-A,1,0.25
Rachel_76,doggy2113,iter-A,1,0.25
Rachel_76,doggy2114,iter-A,1,0.25
Rachel_76,doggy2639,iter-A,1,0.25
Rachel_76,get you2115,iter-A,1,0.25
Rachel_76,night night1802,iter-A,1,0.25
Rachel_77,Beba2110,iter-A,1,0.25
Rachel_77,baby2108,iter-A,1,0.25
Rachel_77,doggy2638,iter-A,1,0.25
Rachel_77,piggy2640,iter-A,1,0.25
Rachel_78,Mummy2116,iter-A,1,0.25
Rachel_78,all gone2105,iter-A,1,0.25
Rachel_78,baby2106,iter-A,1,0.25
Rachel_78,doggy2112,iter-A,1,0.25
Rachel_78,doggy2113,iter-A,1,0.25
Rachel_78,doggy2114,iter-A,1,0.25
Rachel_78,doggy2638,iter-A,1,0.25
Rachel_78,doggy2639,iter-A,1,0.25
Rachel_78,flowers3094,iter-A,1,0.25
Rachel_78,get you2115,iter-A,1,0.25
Rachel_78,hello2812,iter-A,1,0.25
Rachel_78,quack quack3096,iter-A,1,0.25
Rachel_78,quack quack3139,iter-A,1,0.25
Rachel_79,Daisy1800,iter-A,1,0.25
Rachel_79,Mummy2116,iter-A,1,0.25
Rachel_79,Mummy3095,iter-A,1,0.25
Rachel_79,all gone2105,iter-A,1,0.25
Rachel_79,baby2106,iter-A,1,0.25
Rachel_79,baby2108,iter-A,1,0.25
Rachel_79,doggy2113,iter-A,1,0.25
Rachel_79,doggy2114,iter-A,1,0.25
Rachel_79,doggy2638,iter-A,1,0.25
Rachel_79,doggy2639,iter-A,1,0.25
Rachel_79,get you2115,iter-A,1,0.25
Rachel_79,hello2812,iter-A,1,0.25
Rachel_79,quack quack3096,iter-A,1,0.25
Rachel_8,Beba2110,iter-A,1,0.25
Rachel_8,baby2106,iter-A,1,0.25
Rachel_8,baby2107,iter-A,1,0.25
Rachel_8,baby2108,iter-A,1,0.25
Rachel_80,Daisy1800,iter-A,1,0.25
Rachel_80,Mummy3569,iter-A,1,0.25
Rachel_80,all gone2105,iter-A,1,0.25
Rachel_80,baby2106,iter-A,1,0.25
Rachel_80,beep beep2637,iter-A,1,0.25
Rachel_80,doggy2113,iter-A,1,0.25
Rachel_80,doggy2639,iter-A,1,0.25
Rachel_80,get you2115,iter-A,1,0.25
Rachel_80,hello2812,iter-A,1,0.25
Rachel_80,night night1802,iter-A,1,0.25
Rachel_80,quack quack3139,iter-A,1,0.25
Rachel_81,Mummy2116,iter-A,1,0.25
Rachel_81,doggy2112,iter-A,1,0.25
Rachel_81,doggy2113,iter-A,1,0.25
Rachel_81,doggy2114,iter-A,1,0.25
Rachel_81,flowers3094,iter-A,1,0.25
Rachel_81,hello2812,iter-A,1,0.25
Rachel_81,quack quack3096,iter-A,1,0.25
Rachel_84,Mummy2116,iter-A,1,0.25
Rachel_84,all gone2105,iter-A,1,0.25
Rachel_84,doggy2112,iter-A,1,0.25
Rachel_84,doggy2114,iter-A,1,0.25
Rachel_84,doggy2638,iter-A,1,0.25
Rachel_84,flowers3094,iter-A,1,0.25
Rachel_84,get you2115,iter-A,1,0.25
Rachel_86,Mummy2116,iter-A,1,0.25
Rachel_86,Mummy3095,iter-A,1,0.25
Rachel_86,all gone2105,iter-A,1,0.25
Rachel_86,baby2106,iter-A,1,0.25
Rachel_86,doggy2113,iter-A,1,0.25
Rachel_86,doggy2114,iter-A,1,0.25
Rachel_86,doggy2639,iter-A,1,0.25
Rachel_86,flowers3094,iter-A,1,0.25
Rachel_86,hello2812,iter-A,1,0.25
Rachel_86,night night1802,iter-A,1,0.25
Rachel_86,quack quack3139,iter-A,1,0.25
Rachel_87,Mummy3095,iter-A,1,0.25
Rachel_87,doggy2112,iter-A,1,0.25
Rachel_87,doggy2639,iter-A,1,0.25
Rachel_88,Daisy1800,iter-A,1,0.25
Rachel_88,Mummy3095,iter-A,1,0.25
Rachel_88,Mummy3569,iter-A,1,0.25
Rachel_88,all gone2105,iter-A,1,0.25
Rachel_88,baby2106,iter-A,1,0.25
Rachel_88,beep beep2637,iter-A,1,0.25
Rachel_88,doggy2112,iter-A,1,0.25
Rachel_88,doggy2113,iter-A,1,0.25
Rachel_88,get you2115,iter-A,1,0.25
Rachel_88,night night1802,iter-A,1,0.25
Rachel_88,quack quack3139,iter-A,1,0.25
Rachel_89,Beba2110,iter-A,1,0.25
Rachel_89,baby2106,iter-A,1,0.25
Rachel_89,baby2108,iter-A,1,0.25
Rachel_89,beep beep2637,iter-A,1,0.25
Rachel_89,piggy2640,iter-A,1,0.25
Rachel_90,Mummy2116,iter-A,1,0.25
Rachel_90,Mummy3095,iter-A,1,0.25
Rachel_90,doggy2112,iter-A,1,0.25
Rachel_90,doggy2113,iter-A,1,0.25
Rachel_90,doggy2114,iter-A,1,0.25
Rachel_90,doggy2638,iter-A,1,0.25
Rachel_90,get you2115,iter-A,1,0.25
Rachel_90,night night1802,iter-A,1,0.25
Rachel_91,Beba2110,iter-A,1,0.25
Rachel_91,Daisy1800,iter-A,1,0.25
Rachel_91,Mummy2116,iter-A,1,0.25
Rachel_91,Mummy3095,iter-A,1,0.25
Rachel_91,baby2106,iter-A,1,0.25
Rachel_91,baby2107,iter-A,1,0.25
Rachel_91,beep beep2637,iter-A,1,0.25
Rachel_91,doggy2113,iter-A,1,0.25
Rachel_91,doggy2639,iter-A,1,0.25
Rachel_91,get you2115,iter-A,1,0.25
Rachel_91,hello2812,iter-A,1,0.25
Rachel_91,night night1802,iter-A,1,0.25
Rachel_92,Mummy2116,iter-A,1,0.25
Rachel_92,Mummy3095,iter-A,1,0.25
Rachel_92,all gone2105,iter-A,1,0.25
Rachel_92,doggy2112,iter-A,1,0.25
Rachel_92,doggy2639,iter-A,1,0.25
Rachel_92,quack quack3096,iter-A,1,0.25
Rachel_92,quack quack3139,iter-A,1,0.25
Rachel_93,Beba2109,iter-A,1,0.25
Rachel_93,Beba2110,iter-A,1,0.25
Rachel_93,apple2636,iter-A,1,0.25
Rachel_93,doggy2638,iter-A,1,0.25
Rachel_93,piggy2640,iter-A,1,0.25
Rachel_94,Mummy3095,iter-A,1,0.25
Rachel_94,all gone2105,iter-A,1,0.25
Rachel_94,baby2108,iter-A,1,0.25
Rachel_94,beep beep2637,iter-A,1,0.25
Rachel_94,doggy2113,iter-A,1,0.25
Rachel_94,doggy2114,iter-A,1,0.25
Rachel_94,doggy2638,iter-A,1,0.25
Rachel_94,doggy2639,iter-A,1,0.25
Rachel_94,flowers3094,iter-A,1,0.25
Rachel_94,get you2115,iter-A,1,0.25
Rachel_94,hello2812,iter-A,1,0.25
Rachel_94,night night1802,iter-A,1,0.25
Rachel_94,quack quack3139,iter-A,1,0.25
Rachel_97,baby2106,iter-A,1,0.25
Rachel_97,baby2107,iter-A,1,0.25
Rachel_97,beep beep2637,iter-A,1,0.25
Rachel_97,doggy2112,iter-A,1,0.25
Rachel_97,doggy2113,iter-A,1,0.25
Rachel_97,doggy2638,iter-A,1,0.25
Rachel_97,night night1802,iter-A,1,0.25
Rachel_98,Beba2109,iter-A,1,0.25
Rachel_98,Beba2110,iter-A,1,0.25
Rachel_98,Mummy2116,iter-A,1,0.25
Rachel_98,all gone2105,iter-A,1,0.25
Rachel_98,baby2107,iter-A,1,0.25
Rachel_98,beep beep2637,iter-A,1,0.25
Rachel_98,doggy2113,iter-A,1,0.25
Rachel_98,doggy2638,iter-A,1,0.25
Rachel_98,doggy2639,iter-A,1,0.25
Rachel_98,hello2812,iter-A,1,0.25
Rachel_98,night night1802,iter-A,1,0.25
Rachel_98,piggy2640,iter-A,1,0.25
Rachel_99,Mummy3095,iter-A,1,0.25
Rachel_99,all gone2105,iter-A,1,0.25
Rachel_99,doggy2112,iter-A,1,0.25
Rachel_99,doggy2113,iter-A,1,0.25
Rachel_99,doggy2638,iter-A,1,0.25
Rachel_99,night night1802,iter-A,1,0.25
Rachel_99,quack quack3096,iter-A,1,0.25
Radia_10,BOTTLE2393,iter-A,1,0.25
Radia_10,dadi2401,iter-A,1,0.25
Radia_10,dadi2402,iter-A,1,0.25
Radia_100,BOTTLE2392,iter-A,1,0.25
Radia_11,davayee1894,iter-A,1,0.25
Radia_11,nahin1893,iter-A,1,0.25
Radia_11,theek hai2409,iter-A,1,0.25
Radia_12,acha2953,iter-A,1,0.25
Radia_12,ayee!2699,iter-A,1,0.25
Radia_12,gir gaya2407,iter-A,1,0.25
Radia_12,theek hai2409,iter-A,1,0.25
Radia_13,machar2396,iter-A,1,0.25
Radia_16,machar2395,iter-A,1,0.25
Radia_17,gir gaya2407,iter-A,1,0.25
Radia_17,oho!2952,iter-A,1,0.25
Radia_17,theek hai2409,iter-A,1,0.25
Radia_18,kapra2406,iter-A,1,0.25
Radia_18,"kha lo,kha lun2408",iter-A,1,0.25
Radia_18,nino BT2404,iter-A,1,0.25
Radia_18,sona2411,iter-A,1,0.25
Radia_19,gir gaya2407,iter-A,1,0.25
Radia_19,oho!2952,iter-A,1,0.25
Radia_19,theek hai2409,iter-A,1,0.25
Radia_20,PILLOW3371,iter-A,1,0.25
Radia_20,daalu3372,iter-A,1,0.25
Radia_20,sona3373,iter-A,1,0.25
Radia_21,vava BT2399,iter-A,1,0.25
Radia_22,PILLOW2397,iter-A,1,0.25
Radia_22,khana2394,iter-A,1,0.25
Radia_23,BOTTLE2393,iter-A,1,0.25
Radia_23,dadi2401,iter-A,1,0.25
Radia_23,dadi2402,iter-A,1,0.25
Radia_24,nahin1893,iter-A,1,0.25
Radia_24,nino BT2404,iter-A,1,0.25
Radia_25,dadi2401,iter-A,1,0.25
Radia_25,davayee1894,iter-A,1,0.25
Radia_26,sona3373,iter-A,1,0.25
Radia_29,nahin1893,iter-A,1,0.25
Radia_31,Allah3561,iter-A,1,0.25
Radia_31,chalo3367,iter-A,1,0.25
Radia_31,sona3373,iter-A,1,0.25
Radia_33,PILLOW2397,iter-A,1,0.25
Radia_33,kapra2406,iter-A,1,0.25
Radia_33,"kha lo,kha lun2408",iter-A,1,0.25
Radia_33,khana2394,iter-A,1,0.25
Radia_33,sona3373,iter-A,1,0.25
Radia_34,"kha lo,kha lun2408",iter-A,1,0.25
Radia_34,sona2411,iter-A,1,0.25
Radia_36,davayee1894,iter-A,1,0.25
Radia_36,nahin1893,iter-A,1,0.25
Radia_36,theek hai2409,iter-A,1,0.25
Radia_38,Allah3561,iter-A,1,0.25
Radia_38,PILLOW3371,iter-A,1,0.25
Radia_38,sona3373,iter-A,1,0.25
Radia_39,khana2394,iter-A,1,0.25
Radia_39,nahin1893,iter-A,1,0.25
Radia_39,nino BT2405,iter-A,1,0.25
Radia_4,kapra2406,iter-A,1,0.25
Radia_4,nino BT2404,iter-A,1,0.25
Radia_4,sona2410,iter-A,1,0.25
Radia_40,gir gaya2407,iter-A,1,0.25
Radia_40,theek hai2409,iter-A,1,0.25
Radia_41,vava BT2399,iter-A,1,0.25
Radia_43,PILLOW2397,iter-A,1,0.25
Radia_43,kapra2406,iter-A,1,0.25
Radia_43,"kha lo,kha lun2408",iter-A,1,0.25
Radia_43,khana2394,iter-A,1,0.25
Radia_43,sona2410,iter-A,1,0.25
Radia_43,sona2411,iter-A,1,0.25
Radia_44,nino BT2405,iter-A,1,0.25
Radia_47,ayee!2699,iter-A,1,0.25
Radia_47,nino BT2404,iter-A,1,0.25
Radia_48,khana2394,iter-A,1,0.25
Radia_48,nahin1893,iter-A,1,0.25
Radia_48,nino BT2404,iter-A,1,0.25
Radia_48,nino BT2405,iter-A,1,0.25
Radia_49,ayee!2699,iter-A,1,0.25
Radia_49,nahin1893,iter-A,1,0.25
Radia_5,dadi2401,iter-A,1,0.25
Radia_5,davayee1894,iter-A,1,0.25
Radia_50,khana2394,iter-A,1,0.25
Radia_51,PILLOW2397,iter-A,1,0.25
Radia_51,nino BT2404,iter-A,1,0.25
Radia_51,sona2411,iter-A,1,0.25
Radia_52,PILLOW2397,iter-A,1,0.25
Radia_52,chalo3367,iter-A,1,0.25
Radia_52,daalu3372,iter-A,1,0.25
Radia_52,sona2410,iter-A,1,0.25
Radia_52,sona3373,iter-A,1,0.25
Radia_53,theek hai2409,iter-A,1,0.25
Radia_54,acha2953,iter-A,1,0.25
Radia_54,ayee!2699,iter-A,1,0.25
Radia_54,gir gaya2407,iter-A,1,0.25
Radia_54,oho!2952,iter-A,1,0.25
Radia_55,acha2953,iter-A,1,0.25
Radia_55,ayee!2699,iter-A,1,0.25
Radia_55,gir gaya2407,iter-A,1,0.25
Radia_55,oho!2952,iter-A,1,0.25
Radia_58,acha2953,iter-A,1,0.25
Radia_58,ayee!2699,iter-A,1,0.25
Radia_58,gir gaya2407,iter-A,1,0.25
Radia_58,oho!2952,iter-A,1,0.25
Radia_58,theek hai2409,iter-A,1,0.25
Radia_59,acha2953,iter-A,1,0.25
Radia_59,oho!2952,iter-A,1,0.25
Radia_60,acha2953,iter-A,1,0.25
Radia_60,ayee!2699,iter-A,1,0.25
Radia_61,PILLOW2397,iter-A,1,0.25
Radia_61,daalu3372,iter-A,1,0.25
Radia_61,kapra2406,iter-A,1,0.25
Radia_61,sona2410,iter-A,1,0.25
Radia_63,nahin1893,iter-A,1,0.25
Radia_63,nino BT2405,iter-A,1,0.25
Radia_64,davayee1894,iter-A,1,0.25
Radia_64,gir gaya2407,iter-A,1,0.25
Radia_64,nino BT2404,iter-A,1,0.25
Radia_64,nino BT2405,iter-A,1,0.25
Radia_66,PILLOW2397,iter-A,1,0.25
Radia_66,khana2394,iter-A,1,0.25
Radia_66,sona2410,iter-A,1,0.25
Radia_69,machar2395,iter-A,1,0.25
Radia_7,BOTTLE2392,iter-A,1,0.25
Radia_70,Allah3561,iter-A,1,0.25
Radia_70,PILLOW2397,iter-A,1,0.25
Radia_70,daalu3372,iter-A,1,0.25
Radia_70,sona2410,iter-A,1,0.25
Radia_70,sona2411,iter-A,1,0.25
Radia_70,sona3373,iter-A,1,0.25
Radia_71,kapra2406,iter-A,1,0.25
Radia_71,"kha lo,kha lun2408",iter-A,1,0.25
Radia_71,sona3373,iter-A,1,0.25
Radia_72,BOTTLE2392,iter-A,1,0.25
Radia_73,ayee!2699,iter-A,1,0.25
Radia_73,gir gaya2407,iter-A,1,0.25
Radia_73,oho!2952,iter-A,1,0.25
Radia_73,theek hai2409,iter-A,1,0.25
Radia_74,BOTTLE2392,iter-A,1,0.25
Radia_75,kapra2406,iter-A,1,0.25
Radia_75,"kha lo,kha lun2408",iter-A,1,0.25
Radia_75,khana2394,iter-A,1,0.25
Radia_75,sona2410,iter-A,1,0.25
Radia_76,dadi2401,iter-A,1,0.25
Radia_77,Allah3561,iter-A,1,0.25
Radia_77,"kha lo,kha lun2408",iter-A,1,0.25
Radia_77,sona2410,iter-A,1,0.25
Radia_77,sona3373,iter-A,1,0.25
Radia_79,BOTTLE2393,iter-A,1,0.25
Radia_79,dadi2401,iter-A,1,0.25
Radia_79,dadi2402,iter-A,1,0.25
Radia_80,Allah3561,iter-A,1,0.25
Radia_80,PILLOW3371,iter-A,1,0.25
Radia_80,daalu3372,iter-A,1,0.25
Radia_80,sona3373,iter-A,1,0.25
Radia_81,PILLOW3371,iter-A,1,0.25
Radia_81,chalo3367,iter-A,1,0.25
Radia_82,kapra2406,iter-A,1,0.25
Radia_82,sona3373,iter-A,1,0.25
Radia_84,Allah3561,iter-A,1,0.25
Radia_84,PILLOW2397,iter-A,1,0.25
Radia_84,PILLOW3371,iter-A,1,0.25
Radia_84,chalo3367,iter-A,1,0.25
Radia_84,daalu3372,iter-A,1,0.25
Radia_84,kapra2406,iter-A,1,0.25
Radia_84,"kha lo,kha lun2408",iter-A,1,0.25
Radia_84,sona2410,iter-A,1,0.25
Radia_84,sona2411,iter-A,1,0.25
Radia_86,PILLOW2397,iter-A,1,0.25
Radia_86,kapra2406,iter-A,1,0.25
Radia_86,"kha lo,kha lun2408",iter-A,1,0.25
Radia_86,khana2394,iter-A,1,0.25
Radia_86,sona2411,iter-A,1,0.25
Radia_86,sona3373,iter-A,1,0.25
Radia_87,kapra2406,iter-A,1,0.25
Radia_87,khana2394,iter-A,1,0.25
Radia_87,sona2410,iter-A,1,0.25
Radia_87,sona3373,iter-A,1,0.25
Radia_88,theek hai2409,iter-A,1,0.25
Radia_89,davayee1894,iter-A,1,0.25
Radia_89,gir gaya2407,iter-A,1,0.25
Radia_9,acha2953,iter-A,1,0.25
Radia_9,ayee!2699,iter-A,1,0.25
Radia_90,kapra2406,iter-A,1,0.25
Radia_90,sona2410,iter-A,1,0.25
Radia_90,sona2411,iter-A,1,0.25
Radia_90,sona3373,iter-A,1,0.25
Radia_91,ayee!2699,iter-A,1,0.25
Radia_91,nino BT2404,iter-A,1,0.25
Radia_91,nino BT2405,iter-A,1,0.25
Radia_93,BOTTLE2392,iter-A,1,0.25
Radia_96,Allah3561,iter-A,1,0.25
Radia_96,PILLOW2397,iter-A,1,0.25
Radia_96,chalo3367,iter-A,1,0.25
Radia_96,kapra2406,iter-A,1,0.25
Radia_96,"kha lo,kha lun2408",iter-A,1,0.25
Radia_96,sona2410,iter-A,1,0.25
Radia_96,sona3373,iter-A,1,0.25
Radia_97,PILLOW3371,iter-A,1,0.25
Radia_97,daalu3372,iter-A,1,0.25
Radia_98,vava BT2399,iter-A,1,0.25
Radia_99,PILLOW2397,iter-A,1,0.25
Radia_99,khana2394,iter-A,1,0.25
Radia_99,sona2410,iter-A,1,0.25
Romuald_1,ballon2469,iter-A,1,0.25
Romuald_1,cheval2480,iter-A,1,0.25
Romuald_1,cochon2481,iter-A,1,0.25
Romuald_1,cochon2482,iter-A,1,0.25
Romuald_1,la tête2483,iter-A,1,0.25
Romuald_1,mouton1913,iter-A,1,0.25
Romuald_1,un livre2486,iter-A,1,0.25
Romuald_1,un livre2487,iter-A,1,0.25
Romuald_1,voilà2981,iter-A,1,0.25
Romuald_10,cochon2482,iter-A,1,0.25
Romuald_100,allô2973,iter-A,1,0.25
Romuald_100,hop-là2976,iter-A,1,0.25
Romuald_100,mouton2978,iter-A,1,0.25
Romuald_100,mouton2979,iter-A,1,0.25
Romuald_100,mouton2980,iter-A,1,0.25
Romuald_100,un livre2486,iter-A,1,0.25
Romuald_100,un livre2487,iter-A,1,0.25
Romuald_100,voilà2981,iter-A,1,0.25
Romuald_11,cassé2473,iter-A,1,0.25
Romuald_11,cassé2474,iter-A,1,0.25
Romuald_11,cassé2475,iter-A,1,0.25
Romuald_11,cassé2478,iter-A,1,0.25
Romuald_13,cassé2472,iter-A,1,0.25
Romuald_13,cassé2474,iter-A,1,0.25
Romuald_13,cassé2477,iter-A,1,0.25
Romuald_14,allô2973,iter-A,1,0.25
Romuald_14,ballon2469,iter-A,1,0.25
Romuald_14,cassé2975,iter-A,1,0.25
Romuald_14,hop-là2976,iter-A,1,0.25
Romuald_14,l'avion2468,iter-A,1,0.25
Romuald_14,mouton2978,iter-A,1,0.25
Romuald_14,mouton2979,iter-A,1,0.25
Romuald_14,un livre2486,iter-A,1,0.25
Romuald_14,un livre2487,iter-A,1,0.25
Romuald_14,voilà2981,iter-A,1,0.25
Romuald_15,allô2973,iter-A,1,0.25
Romuald_15,cassé2975,iter-A,1,0.25
Romuald_15,l'avion2468,iter-A,1,0.25
Romuald_15,mouton2978,iter-A,1,0.25
Romuald_15,un livre2486,iter-A,1,0.25
Romuald_15,un livre2487,iter-A,1,0.25
Romuald_15,voilà2981,iter-A,1,0.25
Romuald_16,allô2973,iter-A,1,0.25
Romuald_16,bobo2470,iter-A,1,0.25
Romuald_16,cassé2975,iter-A,1,0.25
Romuald_16,mouton2978,iter-A,1,0.25
Romuald_16,papa2485,iter-A,1,0.25
Romuald_19,bobo2470,iter-A,1,0.25
Romuald_19,bobo2471,iter-A,1,0.25
Romuald_19,papa2485,iter-A,1,0.25
Romuald_2,allô2973,iter-A,1,0.25
Romuald_2,alors2974,iter-A,1,0.25
Romuald_2,ballon2469,iter-A,1,0.25
Romuald_2,cassé2975,iter-A,1,0.25
Romuald_2,hop-là2976,iter-A,1,0.25
Romuald_2,papa2485,iter-A,1,0.25
Romuald_2,un livre2487,iter-A,1,0.25
Romuald_21,allô2973,iter-A,1,0.25
Romuald_21,hop-là2977,iter-A,1,0.25
Romuald_21,l'avion2468,iter-A,1,0.25
Romuald_21,mouton2979,iter-A,1,0.25
Romuald_22,bobo2654,iter-A,1,0.25
Romuald_22,papa2485,iter-A,1,0.25
Romuald_23,ballon2469,iter-A,1,0.25
Romuald_23,un livre2487,iter-A,1,0.25
Romuald_24,cassé2474,iter-A,1,0.25
Romuald_24,cassé2477,iter-A,1,0.25
Romuald_24,cassé2478,iter-A,1,0.25
Romuald_25,alors2974,iter-A,1,0.25
Romuald_25,ballon2469,iter-A,1,0.25
Romuald_25,hop-là2976,iter-A,1,0.25
Romuald_25,l'avion2468,iter-A,1,0.25
Romuald_25,mouton2979,iter-A,1,0.25
Romuald_25,mouton2980,iter-A,1,0.25
Romuald_26,allô2973,iter-A,1,0.25
Romuald_26,ballon2469,iter-A,1,0.25
Romuald_26,cochon2482,iter-A,1,0.25
Romuald_26,hop-là2976,iter-A,1,0.25
Romuald_26,hop-là2977,iter-A,1,0.25
Romuald_26,la tête2483,iter-A,1,0.25
Romuald_26,mouton2978,iter-A,1,0.25
Romuald_26,mouton2980,iter-A,1,0.25
Romuald_26,un livre2487,iter-A,1,0.25
Romuald_26,voilà2981,iter-A,1,0.25
Romuald_27,cassé2472,iter-A,1,0.25
Romuald_27,cassé2473,iter-A,1,0.25
Romuald_27,cassé2475,iter-A,1,0.25
Romuald_27,cassé2477,iter-A,1,0.25
Romuald_27,cassé2478,iter-A,1,0.25
Romuald_27,cassé2479,iter-A,1,0.25
Romuald_27,cassé2975,iter-A,1,0.25
Romuald_29,bobo2471,iter-A,1,0.25
Romuald_29,papa2485,iter-A,1,0.25
Romuald_3,cassé2472,iter-A,1,0.25
Romuald_3,cassé2476,iter-A,1,0.25
Romuald_3,cassé2478,iter-A,1,0.25
Romuald_3,cassé2975,iter-A,1,0.25
Romuald_30,cassé2472,iter-A,1,0.25
Romuald_30,cassé2477,iter-A,1,0.25
Romuald_30,cassé2478,iter-A,1,0.25
Romuald_31,allô2973,iter-A,1,0.25
Romuald_31,ballon2469,iter-A,1,0.25
Romuald_31,cheval2480,iter-A,1,0.25
Romuald_31,cochon2482,iter-A,1,0.25
Romuald_31,la tête2483,iter-A,1,0.25
Romuald_31,mouton1913,iter-A,1,0.25
Romuald_31,un livre2487,iter-A,1,0.25
Romuald_31,voilà2981,iter-A,1,0.25
Romuald_32,cassé2472,iter-A,1,0.25
Romuald_32,cassé2473,iter-A,1,0.25
Romuald_32,cassé2474,iter-A,1,0.25
Romuald_32,cassé2477,iter-A,1,0.25
Romuald_32,cassé2478,iter-A,1,0.25
Romuald_32,cassé2975,iter-A,1,0.25
Romuald_33,cochon2481,iter-A,1,0.25
Romuald_33,cochon2482,iter-A,1,0.25
Romuald_33,la tête2483,iter-A,1,0.25
Romuald_33,mouton1914,iter-A,1,0.25
Romuald_33,un livre2486,iter-A,1,0.25
Romuald_34,alors2974,iter-A,1,0.25
Romuald_34,ballon2469,iter-A,1,0.25
Romuald_34,cassé2975,iter-A,1,0.25
Romuald_34,cochon2482,iter-A,1,0.25
Romuald_34,la tête2483,iter-A,1,0.25
Romuald_34,mouton2979,iter-A,1,0.25
Romuald_34,mouton2980,iter-A,1,0.25
Romuald_34,un livre2487,iter-A,1,0.25
Romuald_34,voilà2981,iter-A,1,0.25
Romuald_35,cassé2472,iter-A,1,0.25
Romuald_35,cassé2474,iter-A,1,0.25
Romuald_35,cassé2475,iter-A,1,0.25
Romuald_35,cassé2476,iter-A,1,0.25
Romuald_35,cassé2477,iter-A,1,0.25
Romuald_35,cassé2479,iter-A,1,0.25
Romuald_36,cassé2474,iter-A,1,0.25
Romuald_36,cassé2476,iter-A,1,0.25
Romuald_36,cassé2478,iter-A,1,0.25
Romuald_36,cassé2479,iter-A,1,0.25
Romuald_37,bobo2470,iter-A,1,0.25
Romuald_37,bobo2471,iter-A,1,0.25
Romuald_37,papa2485,iter-A,1,0.25
Romuald_38,bobo2470,iter-A,1,0.25
Romuald_38,bobo2653,iter-A,1,0.25
Romuald_39,bobo2470,iter-A,1,0.25
Romuald_39,bobo2653,iter-A,1,0.25
Romuald_4,cassé2472,iter-A,1,0.25
Romuald_4,cassé2473,iter-A,1,0.25
Romuald_4,cassé2474,iter-A,1,0.25
Romuald_4,cassé2475,iter-A,1,0.25
Romuald_4,cassé2476,iter-A,1,0.25
Romuald_4,cassé2477,iter-A,1,0.25
Romuald_4,cassé2975,iter-A,1,0.25
Romuald_40,cassé2474,iter-A,1,0.25
Romuald_40,cochon2481,iter-A,1,0.25
Romuald_40,la tête2483,iter-A,1,0.25
Romuald_40,mouton1913,iter-A,1,0.25
Romuald_40,mouton2978,iter-A,1,0.25
Romuald_40,mouton2980,iter-A,1,0.25
Romuald_40,un livre2486,iter-A,1,0.25
Romuald_41,bobo2470,iter-A,1,0.25
Romuald_41,hop-là2976,iter-A,1,0.25
Romuald_43,allô2973,iter-A,1,0.25
Romuald_43,alors2974,iter-A,1,0.25
Romuald_43,ballon2469,iter-A,1,0.25
Romuald_43,cassé2975,iter-A,1,0.25
Romuald_43,hop-là2976,iter-A,1,0.25
Romuald_43,l'avion2468,iter-A,1,0.25
Romuald_43,mouton2979,iter-A,1,0.25
Romuald_43,un livre2486,iter-A,1,0.25
Romuald_44,cassé2474,iter-A,1,0.25
Romuald_45,la tête2483,iter-A,1,0.25
Romuald_45,mouton1913,iter-A,1,0.25
Romuald_45,mouton1914,iter-A,1,0.25
Romuald_45,mouton2979,iter-A,1,0.25
Romuald_46,allô2973,iter-A,1,0.25
Romuald_46,ballon2469,iter-A,1,0.25
Romuald_46,cochon2482,iter-A,1,0.25
Romuald_46,mouton1913,iter-A,1,0.25
Romuald_46,un livre2486,iter-A,1,0.25
Romuald_46,un livre2487,iter-A,1,0.25
Romuald_46,voilà2981,iter-A,1,0.25
Romuald_47,alors2974,iter-A,1,0.25
Romuald_47,ballon2469,iter-A,1,0.25
Romuald_47,l'avion2468,iter-A,1,0.25
Romuald_47,mouton2979,iter-A,1,0.25
Romuald_47,mouton2980,iter-A,1,0.25
Romuald_47,voilà2981,iter-A,1,0.25
Romuald_48,bobo2470,iter-A,1,0.25
Romuald_49,ballon2469,iter-A,1,0.25
Romuald_49,hop-là2976,iter-A,1,0.25
Romuald_49,hop-là2977,iter-A,1,0.25
Romuald_49,l'avion2468,iter-A,1,0.25
Romuald_49,mouton2979,iter-A,1,0.25
Romuald_5,papa2485,iter-A,1,0.25
Romuald_50,alors2974,iter-A,1,0.25
Romuald_50,ballon2469,iter-A,1,0.25
Romuald_50,cassé2975,iter-A,1,0.25
Romuald_50,hop-là2976,iter-A,1,0.25
Romuald_50,hop-là2977,iter-A,1,0.25
Romuald_50,mouton2978,iter-A,1,0.25
Romuald_50,mouton2980,iter-A,1,0.25
Romuald_50,un livre2486,iter-A,1,0.25
Romuald_50,voilà2981,iter-A,1,0.25
Romuald_51,cassé2472,iter-A,1,0.25
Romuald_51,cassé2474,iter-A,1,0.25
Romuald_51,cassé2475,iter-A,1,0.25
Romuald_51,cassé2477,iter-A,1,0.25
Romuald_51,cassé2478,iter-A,1,0.25
Romuald_51,cassé2479,iter-A,1,0.25
Romuald_52,allô2973,iter-A,1,0.25
Romuald_52,alors2974,iter-A,1,0.25
Romuald_52,cassé2975,iter-A,1,0.25
Romuald_52,hop-là2976,iter-A,1,0.25
Romuald_52,l'avion2468,iter-A,1,0.25
Romuald_52,mouton2978,iter-A,1,0.25
Romuald_52,mouton2980,iter-A,1,0.25
Romuald_52,un livre2487,iter-A,1,0.25
Romuald_53,cassé2473,iter-A,1,0.25
Romuald_53,cassé2474,iter-A,1,0.25
Romuald_53,cassé2476,iter-A,1,0.25
Romuald_53,cassé2479,iter-A,1,0.25
Romuald_54,bobo2470,iter-A,1,0.25
Romuald_54,bobo2471,iter-A,1,0.25
Romuald_54,hop-là2976,iter-A,1,0.25
Romuald_55,un livre2487,iter-A,1,0.25
Romuald_56,cassé2472,iter-A,1,0.25
Romuald_56,cassé2474,iter-A,1,0.25
Romuald_56,cassé2477,iter-A,1,0.25
Romuald_57,hop-là2976,iter-A,1,0.25
Romuald_57,papa2485,iter-A,1,0.25
Romuald_59,un livre2487,iter-A,1,0.25
Romuald_59,voilà2981,iter-A,1,0.25
Romuald_6,bobo2471,iter-A,1,0.25
Romuald_6,bobo2654,iter-A,1,0.25
Romuald_6,hop-là2976,iter-A,1,0.25
Romuald_60,alors2974,iter-A,1,0.25
Romuald_60,ballon2469,iter-A,1,0.25
Romuald_60,cassé2975,iter-A,1,0.25
Romuald_60,mouton2978,iter-A,1,0.25
Romuald_60,mouton2979,iter-A,1,0.25
Romuald_60,un livre2487,iter-A,1,0.25
Romuald_60,voilà2981,iter-A,1,0.25
Romuald_61,allô2973,iter-A,1,0.25
Romuald_61,alors2974,iter-A,1,0.25
Romuald_61,cochon2481,iter-A,1,0.25
Romuald_61,la tête2483,iter-A,1,0.25
Romuald_62,bobo2470,iter-A,1,0.25
Romuald_62,bobo2653,iter-A,1,0.25
Romuald_62,hop-là2976,iter-A,1,0.25
Romuald_62,hop-là2977,iter-A,1,0.25
Romuald_63,allô2973,iter-A,1,0.25
Romuald_63,alors2974,iter-A,1,0.25
Romuald_63,ballon2469,iter-A,1,0.25
Romuald_63,un livre2487,iter-A,1,0.25
Romuald_64,cassé2472,iter-A,1,0.25
Romuald_64,cassé2478,iter-A,1,0.25
Romuald_64,cassé2975,iter-A,1,0.25
Romuald_66,allô2973,iter-A,1,0.25
Romuald_66,hop-là2976,iter-A,1,0.25
Romuald_66,l'avion2468,iter-A,1,0.25
Romuald_66,mouton2978,iter-A,1,0.25
Romuald_66,mouton2979,iter-A,1,0.25
Romuald_66,un livre2486,iter-A,1,0.25
Romuald_67,un livre2486,iter-A,1,0.25
Romuald_68,cassé2474,iter-A,1,0.25
Romuald_68,cassé2476,iter-A,1,0.25
Romuald_69,allô2973,iter-A,1,0.25
Romuald_69,ballon2469,iter-A,1,0.25
Romuald_69,mouton2979,iter-A,1,0.25
Romuald_69,voilà2981,iter-A,1,0.25
Romuald_7,alors2974,iter-A,1,0.25
Romuald_7,bobo2470,iter-A,1,0.25
Romuald_7,bobo2471,iter-A,1,0.25
Romuald_7,cassé2975,iter-A,1,0.25
Romuald_7,mouton2979,iter-A,1,0.25
Romuald_7,papa2485,iter-A,1,0.25
Romuald_7,voilà2981,iter-A,1,0.25
Romuald_70,cochon2481,iter-A,1,0.25
Romuald_70,cochon2482,iter-A,1,0.25
Romuald_70,la tête2483,iter-A,1,0.25
Romuald_71,l'avion2468,iter-A,1,0.25
Romuald_71,mouton2979,iter-A,1,0.25
Romuald_71,un livre2487,iter-A,1,0.25
Romuald_72,bobo2470,iter-A,1,0.25
Romuald_72,bobo2653,iter-A,1,0.25
Romuald_72,bobo2654,iter-A,1,0.25
Romuald_72,hop-là2976,iter-A,1,0.25
Romuald_72,papa2485,iter-A,1,0.25
Romuald_73,bobo2470,iter-A,1,0.25
Romuald_73,bobo2471,iter-A,1,0.25
Romuald_73,bobo2653,iter-A,1,0.25
Romuald_73,papa2485,iter-A,1,0.25
Romuald_74,ballon2469,iter-A,1,0.25
Romuald_74,hop-là2976,iter-A,1,0.25
Romuald_74,mouton2978,iter-A,1,0.25
Romuald_74,mouton2979,iter-A,1,0.25
Romuald_74,mouton2980,iter-A,1,0.25
Romuald_74,un livre2487,iter-A,1,0.25
Romuald_74,voilà2981,iter-A,1,0.25
Romuald_75,allô2973,iter-A,1,0.25
Romuald_75,alors2974,iter-A,1,0.25
Romuald_75,ballon2469,iter-A,1,0.25
Romuald_75,hop-là2977,iter-A,1,0.25
Romuald_75,l'avion2468,iter-A,1,0.25
Romuald_75,mouton2979,iter-A,1,0.25
Romuald_75,mouton2980,iter-A,1,0.25
Romuald_75,un livre2486,iter-A,1,0.25
Romuald_75,un livre2487,iter-A,1,0.25
Romuald_76,cassé2476,iter-A,1,0.25
Romuald_76,cassé2478,iter-A,1,0.25
Romuald_76,cassé2479,iter-A,1,0.25
Romuald_77,allô2973,iter-A,1,0.25
Romuald_77,ballon2469,iter-A,1,0.25
Romuald_77,cassé2473,iter-A,1,0.25
Romuald_77,cassé2475,iter-A,1,0.25
Romuald_77,hop-là2976,iter-A,1,0.25
Romuald_77,mouton2978,iter-A,1,0.25
Romuald_77,mouton2979,iter-A,1,0.25
Romuald_77,voilà2981,iter-A,1,0.25
Romuald_78,cassé2474,iter-A,1,0.25
Romuald_78,cassé2475,iter-A,1,0.25
Romuald_78,cassé2477,iter-A,1,0.25
Romuald_79,alors2974,iter-A,1,0.25
Romuald_79,hop-là2976,iter-A,1,0.25
Romuald_79,hop-là2977,iter-A,1,0.25
Romuald_79,l'avion2468,iter-A,1,0.25
Romuald_79,mouton2979,iter-A,1,0.25
Romuald_79,un livre2486,iter-A,1,0.25
Romuald_79,voilà2981,iter-A,1,0.25
Romuald_8,cochon2481,iter-A,1,0.25
Romuald_8,la tête2483,iter-A,1,0.25
Romuald_8,mouton1913,iter-A,1,0.25
Romuald_8,un livre2486,iter-A,1,0.25
Romuald_80,cassé2474,iter-A,1,0.25
Romuald_80,cochon2481,iter-A,1,0.25
Romuald_80,hop-là2976,iter-A,1,0.25
Romuald_80,mouton2979,iter-A,1,0.25
Romuald_80,voilà2981,iter-A,1,0.25
Romuald_81,bobo2653,iter-A,1,0.25
Romuald_81,bobo2654,iter-A,1,0.25
Romuald_81,hop-là2976,iter-A,1,0.25
Romuald_82,allô2973,iter-A,1,0.25
Romuald_82,alors2974,iter-A,1,0.25
Romuald_82,ballon2469,iter-A,1,0.25
Romuald_82,cassé2473,iter-A,1,0.25
Romuald_82,cassé2475,iter-A,1,0.25
Romuald_82,cassé2479,iter-A,1,0.25
Romuald_82,cassé2975,iter-A,1,0.25
Romuald_82,hop-là2977,iter-A,1,0.25
Romuald_82,mouton2979,iter-A,1,0.25
Romuald_82,mouton2980,iter-A,1,0.25
Romuald_82,un livre2487,iter-A,1,0.25
Romuald_82,voilà2981,iter-A,1,0.25
Romuald_83,alors2974,iter-A,1,0.25
Romuald_83,ballon2469,iter-A,1,0.25
Romuald_83,bobo2470,iter-A,1,0.25
Romuald_83,bobo2471,iter-A,1,0.25
Romuald_83,cassé2975,iter-A,1,0.25
Romuald_83,hop-là2976,iter-A,1,0.25
Romuald_83,mouton2978,iter-A,1,0.25
Romuald_83,mouton2980,iter-A,1,0.25
Romuald_84,bobo2653,iter-A,1,0.25
Romuald_84,bobo2654,iter-A,1,0.25
Romuald_84,hop-là2977,iter-A,1,0.25
Romuald_85,cochon2482,iter-A,1,0.25
Romuald_85,la tête2483,iter-A,1,0.25
Romuald_85,mouton1913,iter-A,1,0.25
Romuald_85,mouton2979,iter-A,1,0.25
Romuald_85,mouton2980,iter-A,1,0.25
Romuald_86,cochon2481,iter-A,1,0.25
Romuald_86,la tête2483,iter-A,1,0.25
Romuald_86,mouton1913,iter-A,1,0.25
Romuald_86,mouton2978,iter-A,1,0.25
Romuald_88,bobo2470,iter-A,1,0.25
Romuald_88,papa2485,iter-A,1,0.25
Romuald_9,allô2973,iter-A,1,0.25
Romuald_9,alors2974,iter-A,1,0.25
Romuald_9,ballon2469,iter-A,1,0.25
Romuald_9,cassé2975,iter-A,1,0.25
Romuald_9,mouton2978,iter-A,1,0.25
Romuald_9,mouton2979,iter-A,1,0.25
Romuald_9,un livre2487,iter-A,1,0.25
Romuald_9,voilà2981,iter-A,1,0.25
Romuald_90,allô2973,iter-A,1,0.25
Romuald_90,alors2974,iter-A,1,0.25
Romuald_90,ballon2469,iter-A,1,0.25
Romuald_90,cassé2474,iter-A,1,0.25
Romuald_90,hop-là2976,iter-A,1,0.25
Romuald_90,la tête2483,iter-A,1,0.25
Romuald_90,mouton2978,iter-A,1,0.25
Romuald_90,un livre2487,iter-A,1,0.25
Romuald_91,cassé2473,iter-A,1,0.25
Romuald_91,cassé2474,iter-A,1,0.25
Romuald_91,cassé2475,iter-A,1,0.25
Romuald_91,cassé2479,iter-A,1,0.25
Romuald_92,alors2974,iter-A,1,0.25
Romuald_92,ballon2469,iter-A,1,0.25
Romuald_92,cassé2975,iter-A,1,0.25
Romuald_92,cochon2481,iter-A,1,0.25
Romuald_92,hop-là2976,iter-A,1,0.25
Romuald_92,la tête2483,iter-A,1,0.25
Romuald_92,mouton2978,iter-A,1,0.25
Romuald_92,mouton2979,iter-A,1,0.25
Romuald_92,voilà2981,iter-A,1,0.25
Romuald_93,cassé2472,iter-A,1,0.25
Romuald_93,cassé2474,iter-A,1,0.25
Romuald_93,cassé2475,iter-A,1,0.25
Romuald_93,cassé2975,iter-A,1,0.25
Romuald_94,bobo2471,iter-A,1,0.25
Romuald_94,papa2485,iter-A,1,0.25
Romuald_95,cassé2474,iter-A,1,0.25
Romuald_95,cochon2482,iter-A,1,0.25
Romuald_95,la tête2483,iter-A,1,0.25
Romuald_95,mouton2978,iter-A,1,0.25
Romuald_96,cassé2475,iter-A,1,0.25
Romuald_96,cassé2478,iter-A,1,0.25
Romuald_97,alors2974,iter-A,1,0.25
Romuald_97,ballon2469,iter-A,1,0.25
Romuald_97,cassé2474,iter-A,1,0.25
Romuald_97,cochon2482,iter-A,1,0.25
Romuald_97,hop-là2976,iter-A,1,0.25
Romuald_97,la tête2483,iter-A,1,0.25
Romuald_97,mouton2978,iter-A,1,0.25
Romuald_97,mouton2979,iter-A,1,0.25
Romuald_97,un livre2487,iter-A,1,0.25
Romuald_97,voilà2981,iter-A,1,0.25
Romuald_98,allô2973,iter-A,1,0.25
Romuald_98,cassé2975,iter-A,1,0.25
Romuald_98,hop-là2976,iter-A,1,0.25
Romuald_98,l'avion2468,iter-A,1,0.25
Romuald_98,mouton2978,iter-A,1,0.25
Romuald_98,mouton2980,iter-A,1,0.25
Romuald_99,cassé2474,iter-A,1,0.25
Shazim_1,baba3384,iter-A,1,0.25
Shazim_1,baba3385,iter-A,1,0.25
Shazim_10,ayee!2701,iter-A,1,0.25
Shazim_10,miyon BT1895,iter-A,1,0.25
Shazim_100,AUNTI3563,iter-A,1,0.25
Shazim_100,CATTY BT2412,iter-A,1,0.25
Shazim_100,CATTY BT2414,iter-A,1,0.25
Shazim_100,EYES2703,iter-A,1,0.25
Shazim_100,ayee!2701,iter-A,1,0.25
Shazim_100,chunti2420,iter-A,1,0.25
Shazim_11,baba2419,iter-A,1,0.25
Shazim_11,baba3384,iter-A,1,0.25
Shazim_11,bhayee1896,iter-A,1,0.25
Shazim_12,baba3385,iter-A,1,0.25
Shazim_13,AUNTI3562,iter-A,1,0.25
Shazim_13,CATTY BT3374,iter-A,1,0.25
Shazim_13,DOGGY BT3387,iter-A,1,0.25
Shazim_15,CATTY BT2414,iter-A,1,0.25
Shazim_15,DOGGY BT3387,iter-A,1,0.25
Shazim_15,chuchu BT3381,iter-A,1,0.25
Shazim_16,CATTY BT2412,iter-A,1,0.25
Shazim_16,CATTY BT2414,iter-A,1,0.25
Shazim_16,DOGGY BT3387,iter-A,1,0.25
Shazim_16,TRACTOR3376,iter-A,1,0.25
Shazim_16,chuchu BT3381,iter-A,1,0.25
Shazim_17,AUNTI3562,iter-A,1,0.25
Shazim_17,AUNTI3563,iter-A,1,0.25
Shazim_17,CATTY BT2414,iter-A,1,0.25
Shazim_17,CATTY BT3374,iter-A,1,0.25
Shazim_17,ajao3565,iter-A,1,0.25
Shazim_17,chuchu BT3381,iter-A,1,0.25
Shazim_17,chunti2420,iter-A,1,0.25
Shazim_17,dado3389,iter-A,1,0.25
Shazim_17,duddu BT3378,iter-A,1,0.25
Shazim_18,CATTY BT2414,iter-A,1,0.25
Shazim_18,TRACTOR3376,iter-A,1,0.25
Shazim_18,chuchu BT3381,iter-A,1,0.25
Shazim_19,EYES2703,iter-A,1,0.25
Shazim_19,EYES2954,iter-A,1,0.25
Shazim_19,ajao2955,iter-A,1,0.25
Shazim_19,ayee!2702,iter-A,1,0.25
Shazim_2,khala2416,iter-A,1,0.25
Shazim_20,ayee!2701,iter-A,1,0.25
Shazim_20,baba2419,iter-A,1,0.25
Shazim_20,baow baowBT2418,iter-A,1,0.25
Shazim_20,miyon BT1895,iter-A,1,0.25
Shazim_21,EYES2954,iter-A,1,0.25
Shazim_21,ajao2955,iter-A,1,0.25
Shazim_21,ayee!2700,iter-A,1,0.25
Shazim_21,ayee!2701,iter-A,1,0.25
Shazim_21,miyon BT1895,iter-A,1,0.25
Shazim_22,baba3385,iter-A,1,0.25
Shazim_22,baow baowBT2418,iter-A,1,0.25
Shazim_23,EYES2954,iter-A,1,0.25
Shazim_24,AUNTI3562,iter-A,1,0.25
Shazim_24,AUNTI3563,iter-A,1,0.25
Shazim_24,CATTY BT2414,iter-A,1,0.25
Shazim_24,EYES2954,iter-A,1,0.25
Shazim_24,ajao3565,iter-A,1,0.25
Shazim_24,ayee!2702,iter-A,1,0.25
Shazim_25,EYES2703,iter-A,1,0.25
Shazim_25,EYES2954,iter-A,1,0.25
Shazim_25,ayee!2701,iter-A,1,0.25
Shazim_25,ayee!2702,iter-A,1,0.25
Shazim_25,bhayee1896,iter-A,1,0.25
Shazim_25,miyon BT1895,iter-A,1,0.25
Shazim_26,baba3385,iter-A,1,0.25
Shazim_26,phuppo3388,iter-A,1,0.25
Shazim_28,MAMA2417,iter-A,1,0.25
Shazim_3,AUNTI3562,iter-A,1,0.25
Shazim_3,CATTY BT3374,iter-A,1,0.25
Shazim_3,TRACTOR3376,iter-A,1,0.25
Shazim_3,chachu3390,iter-A,1,0.25
Shazim_3,chuchu BT3381,iter-A,1,0.25
Shazim_3,chunti2420,iter-A,1,0.25
Shazim_3,dado3389,iter-A,1,0.25
Shazim_30,baba3385,iter-A,1,0.25
Shazim_30,bhayee1896,iter-A,1,0.25
Shazim_31,AUNTI3563,iter-A,1,0.25
Shazim_31,TRACTOR3376,iter-A,1,0.25
Shazim_31,ajao2955,iter-A,1,0.25
Shazim_32,AUNTI3562,iter-A,1,0.25
Shazim_32,CATTY BT2414,iter-A,1,0.25
Shazim_32,TRACTOR3376,iter-A,1,0.25
Shazim_32,ajao3565,iter-A,1,0.25
Shazim_32,chuchu BT3381,iter-A,1,0.25
Shazim_32,chunti2420,iter-A,1,0.25
Shazim_33,MAMA3380,iter-A,1,0.25
Shazim_33,miyon BT1895,iter-A,1,0.25
Shazim_34,billi3386,iter-A,1,0.25
Shazim_34,khala2416,iter-A,1,0.25
Shazim_35,MAMA3379,iter-A,1,0.25
Shazim_35,MAMA3380,iter-A,1,0.25
Shazim_35,mamu3382,iter-A,1,0.25
Shazim_37,AUNTI3562,iter-A,1,0.25
Shazim_37,CATTY BT2414,iter-A,1,0.25
Shazim_37,TRACTOR3376,iter-A,1,0.25
Shazim_37,chachu3390,iter-A,1,0.25
Shazim_37,duddu BT3378,iter-A,1,0.25
Shazim_38,mamu3382,iter-A,1,0.25
Shazim_38,miyon BT1895,iter-A,1,0.25
Shazim_39,baba2419,iter-A,1,0.25
Shazim_4,baba2419,iter-A,1,0.25
Shazim_4,baba3384,iter-A,1,0.25
Shazim_4,baba3385,iter-A,1,0.25
Shazim_4,phuppo3388,iter-A,1,0.25
Shazim_40,CATTY BT3374,iter-A,1,0.25
Shazim_40,chachu3390,iter-A,1,0.25
Shazim_41,baba2419,iter-A,1,0.25
Shazim_41,phuppo3388,iter-A,1,0.25
Shazim_42,CATTY BT2412,iter-A,1,0.25
Shazim_42,CATTY BT3374,iter-A,1,0.25
Shazim_42,CATTY BT3375,iter-A,1,0.25
Shazim_42,chachu3390,iter-A,1,0.25
Shazim_42,chuchu BT3381,iter-A,1,0.25
Shazim_43,DOGGY BT3387,iter-A,1,0.25
Shazim_43,duddu BT3378,iter-A,1,0.25
Shazim_44,baba2419,iter-A,1,0.25
Shazim_44,phuppo3388,iter-A,1,0.25
Shazim_45,AUNTI3562,iter-A,1,0.25
Shazim_45,AUNTI3563,iter-A,1,0.25
Shazim_45,CATTY BT2412,iter-A,1,0.25
Shazim_45,CATTY BT3374,iter-A,1,0.25
Shazim_45,DOGGY BT3387,iter-A,1,0.25
Shazim_45,TRACTOR3376,iter-A,1,0.25
Shazim_45,chachu3390,iter-A,1,0.25
Shazim_46,CATTY BT3374,iter-A,1,0.25
Shazim_46,DOGGY BT3387,iter-A,1,0.25
Shazim_46,TRACTOR3376,iter-A,1,0.25
Shazim_46,chachu3390,iter-A,1,0.25
Shazim_46,chuchu BT3381,iter-A,1,0.25
Shazim_46,dado3389,iter-A,1,0.25
Shazim_46,duddu BT3378,iter-A,1,0.25
Shazim_47,EYES2703,iter-A,1,0.25
Shazim_47,ajao2955,iter-A,1,0.25
Shazim_48,baba2419,iter-A,1,0.25
Shazim_48,baba3385,iter-A,1,0.25
Shazim_5,MAMA2417,iter-A,1,0.25
Shazim_5,MAMA3379,iter-A,1,0.25
Shazim_5,MAMA3380,iter-A,1,0.25
Shazim_50,ayee!2702,iter-A,1,0.25
Shazim_50,baow baowBT2418,iter-A,1,0.25
Shazim_50,miyon BT1895,iter-A,1,0.25
Shazim_51,billi3386,iter-A,1,0.25
Shazim_51,khala2416,iter-A,1,0.25
Shazim_51,khala3377,iter-A,1,0.25
Shazim_52,AUNTI3563,iter-A,1,0.25
Shazim_52,CATTY BT2414,iter-A,1,0.25
Shazim_52,TRACTOR3376,iter-A,1,0.25
Shazim_52,ajao3565,iter-A,1,0.25
Shazim_52,chachu3390,iter-A,1,0.25
Shazim_52,chunti2420,iter-A,1,0.25
Shazim_53,TRACTOR3376,iter-A,1,0.25
Shazim_53,ajao2955,iter-A,1,0.25
Shazim_55,AUNTI3562,iter-A,1,0.25
Shazim_55,AUNTI3563,iter-A,1,0.25
Shazim_55,CATTY BT3374,iter-A,1,0.25
Shazim_55,chachu3390,iter-A,1,0.25
Shazim_56,AUNTI3562,iter-A,1,0.25
Shazim_56,EYES2703,iter-A,1,0.25
Shazim_56,ajao2955,iter-A,1,0.25
Shazim_56,ajao3565,iter-A,1,0.25
Shazim_56,ayee!2701,iter-A,1,0.25
Shazim_56,ayee!2702,iter-A,1,0.25
Shazim_56,chunti2420,iter-A,1,0.25
Shazim_58,baba3385,iter-A,1,0.25
Shazim_58,phuppo3388,iter-A,1,0.25
Shazim_59,AUNTI3562,iter-A,1,0.25
Shazim_59,AUNTI3563,iter-A,1,0.25
Shazim_59,DOGGY BT3387,iter-A,1,0.25
Shazim_59,ajao2955,iter-A,1,0.25
Shazim_59,chachu3390,iter-A,1,0.25
Shazim_59,chuchu BT3381,iter-A,1,0.25
Shazim_6,baow baowBT2418,iter-A,1,0.25
Shazim_60,AUNTI3563,iter-A,1,0.25
Shazim_60,CATTY BT2414,iter-A,1,0.25
Shazim_60,CATTY BT3375,iter-A,1,0.25
Shazim_60,TRACTOR3376,iter-A,1,0.25
Shazim_60,chachu3390,iter-A,1,0.25
Shazim_60,dado3389,iter-A,1,0.25
Shazim_61,AUNTI3563,iter-A,1,0.25
Shazim_61,CATTY BT3374,iter-A,1,0.25
Shazim_61,DOGGY BT3387,iter-A,1,0.25
Shazim_61,TRACTOR3376,iter-A,1,0.25
Shazim_61,ajao2955,iter-A,1,0.25
Shazim_62,baba3384,iter-A,1,0.25
Shazim_63,AUNTI3562,iter-A,1,0.25
Shazim_63,AUNTI3563,iter-A,1,0.25
Shazim_63,CATTY BT2414,iter-A,1,0.25
Shazim_63,DOGGY BT3387,iter-A,1,0.25
Shazim_63,TRACTOR3376,iter-A,1,0.25
Shazim_63,ajao3565,iter-A,1,0.25
Shazim_63,chachu3390,iter-A,1,0.25
Shazim_63,chuchu BT3381,iter-A,1,0.25
Shazim_65,chunti2420,iter-A,1,0.25
Shazim_66,baba2419,iter-A,1,0.25
Shazim_66,baow baowBT2418,iter-A,1,0.25
Shazim_68,baba2419,iter-A,1,0.25
Shazim_68,bhayee1896,iter-A,1,0.25
Shazim_69,CATTY BT3375,iter-A,1,0.25
Shazim_69,DOGGY BT3387,iter-A,1,0.25
Shazim_69,TRACTOR3376,iter-A,1,0.25
Shazim_69,chachu3390,iter-A,1,0.25
Shazim_70,EYES2703,iter-A,1,0.25
Shazim_70,EYES2954,iter-A,1,0.25
Shazim_70,ayee!2702,iter-A,1,0.25
Shazim_71,AUNTI3562,iter-A,1,0.25
Shazim_71,AUNTI3563,iter-A,1,0.25
Shazim_71,CATTY BT2412,iter-A,1,0.25
Shazim_71,CATTY BT3374,iter-A,1,0.25
Shazim_71,chuchu BT3381,iter-A,1,0.25
Shazim_74,CATTY BT2414,iter-A,1,0.25
Shazim_74,CATTY BT3374,iter-A,1,0.25
Shazim_74,TRACTOR3376,iter-A,1,0.25
Shazim_74,dado3389,iter-A,1,0.25
Shazim_76,AUNTI3562,iter-A,1,0.25
Shazim_76,DOGGY BT3387,iter-A,1,0.25
Shazim_76,ajao3565,iter-A,1,0.25
Shazim_76,chachu3390,iter-A,1,0.25
Shazim_77,CATTY BT2414,iter-A,1,0.25
Shazim_77,CATTY BT3375,iter-A,1,0.25
Shazim_78,TRACTOR3376,iter-A,1,0.25
Shazim_78,chachu3390,iter-A,1,0.25
Shazim_78,chuchu BT3381,iter-A,1,0.25
Shazim_79,EYES2954,iter-A,1,0.25
Shazim_79,ajao2955,iter-A,1,0.25
Shazim_79,ayee!2700,iter-A,1,0.25
Shazim_79,ayee!2701,iter-A,1,0.25
Shazim_79,bhayee1896,iter-A,1,0.25
Shazim_8,ajao2955,iter-A,1,0.25
Shazim_8,"ajjan, BT3566",iter-A,1,0.25
Shazim_8,ayee!2700,iter-A,1,0.25
Shazim_8,ayee!2701,iter-A,1,0.25
Shazim_8,ayee!2702,iter-A,1,0.25
Shazim_80,MAMA2417,iter-A,1,0.25
Shazim_80,MAMA3380,iter-A,1,0.25
Shazim_80,miyon BT1895,iter-A,1,0.25
Shazim_81,CATTY BT2413,iter-A,1,0.25
Shazim_81,TRACTOR3376,iter-A,1,0.25
Shazim_81,chachu3390,iter-A,1,0.25
Shazim_81,chunti2420,iter-A,1,0.25
Shazim_82,ayee!2700,iter-A,1,0.25
Shazim_82,bhayee1896,iter-A,1,0.25
Shazim_82,miyon BT1895,iter-A,1,0.25
Shazim_83,ayee!2701,iter-A,1,0.25
Shazim_83,baba2419,iter-A,1,0.25
Shazim_83,bhayee1896,iter-A,1,0.25
Shazim_85,CATTY BT2414,iter-A,1,0.25
Shazim_86,CATTY BT3374,iter-A,1,0.25
Shazim_86,DOGGY BT3387,iter-A,1,0.25
Shazim_86,ajao2955,iter-A,1,0.25
Shazim_86,ajao3565,iter-A,1,0.25
Shazim_87,baba2419,iter-A,1,0.25
Shazim_87,baba3384,iter-A,1,0.25
Shazim_87,baow baowBT2418,iter-A,1,0.25
Shazim_87,phuppo3388,iter-A,1,0.25
Shazim_88,baba3384,iter-A,1,0.25
Shazim_88,baba3385,iter-A,1,0.25
Shazim_88,baow baowBT2418,iter-A,1,0.25
Shazim_88,bhayee1896,iter-A,1,0.25
Shazim_89,baba2419,iter-A,1,0.25
Shazim_89,baow baowBT2418,iter-A,1,0.25
Shazim_89,phuppo3388,iter-A,1,0.25
Shazim_9,MAMA2417,iter-A,1,0.25
Shazim_90,AUNTI3562,iter-A,1,0.25
Shazim_90,AUNTI3563,iter-A,1,0.25
Shazim_90,CATTY BT3375,iter-A,1,0.25
Shazim_90,ajao2955,iter-A,1,0.25
Shazim_90,chuchu BT3381,iter-A,1,0.25
Shazim_91,billi3386,iter-A,1,0.25
Shazim_91,khala2416,iter-A,1,0.25
Shazim_92,AUNTI3563,iter-A,1,0.25
Shazim_92,CATTY BT2414,iter-A,1,0.25
Shazim_92,EYES2954,iter-A,1,0.25
Shazim_92,ajao3565,iter-A,1,0.25
Shazim_92,ayee!2700,iter-A,1,0.25
Shazim_92,ayee!2702,iter-A,1,0.25
Shazim_93,MAMA3379,iter-A,1,0.25
Shazim_94,AUNTI3562,iter-A,1,0.25
Shazim_94,AUNTI3563,iter-A,1,0.25
Shazim_94,DOGGY BT3387,iter-A,1,0.25
Shazim_94,TRACTOR3376,iter-A,1,0.25
Shazim_94,ajao3565,iter-A,1,0.25
Shazim_94,chuchu BT3381,iter-A,1,0.25
Shazim_94,chunti2420,iter-A,1,0.25
Shazim_94,dado3389,iter-A,1,0.25
Shazim_94,duddu BT3378,iter-A,1,0.25
Shazim_95,baba2419,iter-A,1,0.25
Shazim_95,baba3384,iter-A,1,0.25
Shazim_95,baba3385,iter-A,1,0.25
Shazim_95,phuppo3388,iter-A,1,0.25
Shazim_96,CATTY BT3374,iter-A,1,0.25
Shazim_96,DOGGY BT3387,iter-A,1,0.25
Shazim_96,chuchu BT3381,iter-A,1,0.25
Shazim_97,EYES2703,iter-A,1,0.25
Shazim_97,ayee!2701,iter-A,1,0.25
Shazim_97,ayee!2702,iter-A,1,0.25
Shazim_97,baow baowBT2418,iter-A,1,0.25
Shazim_97,miyon BT1895,iter-A,1,0.25
Shazim_98,ayee!2700,iter-A,1,0.25
Shazim_98,ayee!2702,iter-A,1,0.25
Shazim_98,baow baowBT2418,iter-A,1,0.25
Shazim_98,miyon BT1895,iter-A,1,0.25
Shazim_99,MAMA2417,iter-A,1,0.25
Shazim_99,MAMA3379,iter-A,1,0.25
Shazim_99,MAMA3380,iter-A,1,0.25
Sini_1,korkki3263,iter-A,1,0.25
Sini_1,kuppi3267,iter-A,1,0.25
Sini_1,rikki3539,iter-A,1,0.25
Sini_10,nappi3270,iter-A,1,0.25
Sini_11,kirja1833,iter-A,1,0.25
Sini_11,korva1835,iter-A,1,0.25
Sini_11,nappi2173,iter-A,1,0.25
Sini_11,pupu2174,iter-A,1,0.25
Sini_12,kirja1833,iter-A,1,0.25
Sini_12,kirja1834,iter-A,1,0.25
Sini_12,korva1835,iter-A,1,0.25
Sini_12,nami2892,iter-A,1,0.25
Sini_12,pyörä1842,iter-A,1,0.25
Sini_12,viili2685,iter-A,1,0.25
Sini_13,nappi2173,iter-A,1,0.25
Sini_13,pupu2174,iter-A,1,0.25
Sini_13,puuro1841,iter-A,1,0.25
Sini_15,heppa3532,iter-A,1,0.25
Sini_15,nappi2173,iter-A,1,0.25
Sini_15,pupu2174,iter-A,1,0.25
Sini_16,täti2177,iter-A,1,0.25
Sini_16,yhtään3531,iter-A,1,0.25
Sini_17,loppu3269,iter-A,1,0.25
Sini_17,loppu3536,iter-A,1,0.25
Sini_17,loppu3537,iter-A,1,0.25
Sini_17,nappi2173,iter-A,1,0.25
Sini_17,pupu2174,iter-A,1,0.25
Sini_18,hauhau2686,iter-A,1,0.25
Sini_18,heihei2683,iter-A,1,0.25
Sini_18,juna2684,iter-A,1,0.25
Sini_18,koti2172,iter-A,1,0.25
Sini_18,puuro1841,iter-A,1,0.25
Sini_18,pyörä1842,iter-A,1,0.25
Sini_19,tyttö3275,iter-A,1,0.25
Sini_19,täti2177,iter-A,1,0.25
Sini_19,yhtään3531,iter-A,1,0.25
Sini_2,heihei2683,iter-A,1,0.25
Sini_2,pallo1839,iter-A,1,0.25
Sini_2,tässä1843,iter-A,1,0.25
Sini_20,tyttö3275,iter-A,1,0.25
Sini_21,juna2684,iter-A,1,0.25
Sini_21,kirja1834,iter-A,1,0.25
Sini_21,korva1835,iter-A,1,0.25
Sini_21,pupu2175,iter-A,1,0.25
Sini_21,puuro1841,iter-A,1,0.25
Sini_21,viili2685,iter-A,1,0.25
Sini_22,tyttö3275,iter-A,1,0.25
Sini_22,tyttö3277,iter-A,1,0.25
Sini_23,hauhau2686,iter-A,1,0.25
Sini_23,heppa3532,iter-A,1,0.25
Sini_23,juna2684,iter-A,1,0.25
Sini_23,nappi2173,iter-A,1,0.25
Sini_23,nappi3538,iter-A,1,0.25
Sini_23,pupu2174,iter-A,1,0.25
Sini_24,kiikkaa3262,iter-A,1,0.25
Sini_24,korkki3263,iter-A,1,0.25
Sini_24,korkki3265,iter-A,1,0.25
Sini_24,rikki3272,iter-A,1,0.25
Sini_24,sakset3273,iter-A,1,0.25
Sini_24,suklaa3541,iter-A,1,0.25
Sini_24,ukki3542,iter-A,1,0.25
Sini_25,setä2176,iter-A,1,0.25
Sini_25,tutti3274,iter-A,1,0.25
Sini_26,korkki3263,iter-A,1,0.25
Sini_26,koti2172,iter-A,1,0.25
Sini_26,kukka3266,iter-A,1,0.25
Sini_26,kuppi3267,iter-A,1,0.25
Sini_26,rikki3272,iter-A,1,0.25
Sini_26,tiktak2178,iter-A,1,0.25
Sini_27,kukka3266,iter-A,1,0.25
Sini_27,kvaak-kvaak3278,iter-A,1,0.25
Sini_27,laukku3534,iter-A,1,0.25
Sini_27,rikki3539,iter-A,1,0.25
Sini_27,suklaa3541,iter-A,1,0.25
Sini_28,heppa3532,iter-A,1,0.25
Sini_28,leipä2891,iter-A,1,0.25
Sini_28,nappi3270,iter-A,1,0.25
Sini_29,koti2172,iter-A,1,0.25
Sini_29,kvaak-kvaak3278,iter-A,1,0.25
Sini_3,istuu3533,iter-A,1,0.25
Sini_30,kakku3259,iter-A,1,0.25
Sini_30,korkki3263,iter-A,1,0.25
Sini_30,kukka3266,iter-A,1,0.25
Sini_30,laukku3534,iter-A,1,0.25
Sini_30,roska3540,iter-A,1,0.25
Sini_30,sakset3273,iter-A,1,0.25
Sini_31,kirja1833,iter-A,1,0.25
Sini_31,leipä2891,iter-A,1,0.25
Sini_31,pyörä1842,iter-A,1,0.25
Sini_31,tässä1843,iter-A,1,0.25
Sini_32,tutti3274,iter-A,1,0.25
Sini_32,vettä3543,iter-A,1,0.25
Sini_33,istuu3533,iter-A,1,0.25
Sini_33,tyttö3276,iter-A,1,0.25
Sini_33,tyttö3277,iter-A,1,0.25
Sini_33,yhtään3531,iter-A,1,0.25
Sini_34,setä2176,iter-A,1,0.25
Sini_34,tutti3274,iter-A,1,0.25
Sini_34,täti2177,iter-A,1,0.25
Sini_35,hauhau2686,iter-A,1,0.25
Sini_35,heihei2683,iter-A,1,0.25
Sini_35,kirja1833,iter-A,1,0.25
Sini_35,kynä1836,iter-A,1,0.25
Sini_35,nappi2173,iter-A,1,0.25
Sini_35,pallo1838,iter-A,1,0.25
Sini_35,piilo1840,iter-A,1,0.25
Sini_35,pyörä1842,iter-A,1,0.25
Sini_35,tässä1843,iter-A,1,0.25
Sini_37,loppu3269,iter-A,1,0.25
Sini_38,kiikkaa3260,iter-A,1,0.25
Sini_38,kiikkaa3261,iter-A,1,0.25
Sini_38,korkki3263,iter-A,1,0.25
Sini_38,kukka3266,iter-A,1,0.25
Sini_38,sakset3273,iter-A,1,0.25
Sini_39,tyttö3276,iter-A,1,0.25
Sini_39,tyttö3277,iter-A,1,0.25
Sini_4,kiikkaa3261,iter-A,1,0.25
Sini_4,korkki3265,iter-A,1,0.25
Sini_4,kukka3266,iter-A,1,0.25
Sini_4,kuppi3267,iter-A,1,0.25
Sini_4,rikki3272,iter-A,1,0.25
Sini_4,sakset3273,iter-A,1,0.25
Sini_4,suklaa3541,iter-A,1,0.25
Sini_40,heppa3532,iter-A,1,0.25
Sini_40,leipä2891,iter-A,1,0.25
Sini_40,loppu3535,iter-A,1,0.25
Sini_40,nappi3538,iter-A,1,0.25
Sini_40,pupu2175,iter-A,1,0.25
Sini_40,viili2685,iter-A,1,0.25
Sini_41,hauhau2686,iter-A,1,0.25
Sini_41,korva1835,iter-A,1,0.25
Sini_41,minun1837,iter-A,1,0.25
Sini_41,pupu2174,iter-A,1,0.25
Sini_41,tässä1843,iter-A,1,0.25
Sini_42,tyttö3277,iter-A,1,0.25
Sini_42,vettä3543,iter-A,1,0.25
Sini_43,setä2176,iter-A,1,0.25
Sini_43,tutti3274,iter-A,1,0.25
Sini_43,tyttö3275,iter-A,1,0.25
Sini_43,tyttö3277,iter-A,1,0.25
Sini_44,kiikkaa3261,iter-A,1,0.25
Sini_44,laukku3534,iter-A,1,0.25
Sini_44,suklaa3541,iter-A,1,0.25
Sini_44,ukki3542,iter-A,1,0.25
Sini_45,kakku3259,iter-A,1,0.25
Sini_45,kiikkaa3260,iter-A,1,0.25
Sini_45,kiikkaa3261,iter-A,1,0.25
Sini_45,korkki3263,iter-A,1,0.25
Sini_45,korkki3265,iter-A,1,0.25
Sini_45,kukka3266,iter-A,1,0.25
Sini_46,täti2177,iter-A,1,0.25
Sini_46,yhtään3531,iter-A,1,0.25
Sini_47,juna2684,iter-A,1,0.25
Sini_47,kynä1836,iter-A,1,0.25
Sini_47,pallo1838,iter-A,1,0.25
Sini_47,pallo1839,iter-A,1,0.25
Sini_48,nappi2173,iter-A,1,0.25
Sini_48,nappi3538,iter-A,1,0.25
Sini_48,pupu2174,iter-A,1,0.25
Sini_49,kakku3259,iter-A,1,0.25
Sini_49,kiikkaa3260,iter-A,1,0.25
Sini_49,kiikkaa3261,iter-A,1,0.25
Sini_49,korva1835,iter-A,1,0.25
Sini_5,kakku3259,iter-A,1,0.25
Sini_5,kiikkaa3260,iter-A,1,0.25
Sini_5,korkki3264,iter-A,1,0.25
Sini_5,kuppi3267,iter-A,1,0.25
Sini_50,juna2684,iter-A,1,0.25
Sini_50,kirja1833,iter-A,1,0.25
Sini_50,korva1835,iter-A,1,0.25
Sini_50,nami2892,iter-A,1,0.25
Sini_51,korkki3263,iter-A,1,0.25
Sini_51,korkki3264,iter-A,1,0.25
Sini_51,kvaak-kvaak3278,iter-A,1,0.25
Sini_51,laukku3534,iter-A,1,0.25
Sini_51,ukki3542,iter-A,1,0.25
Sini_52,kakku3259,iter-A,1,0.25
Sini_52,kiikkaa3260,iter-A,1,0.25
Sini_52,kiikkaa3261,iter-A,1,0.25
Sini_52,korkki3263,iter-A,1,0.25
Sini_52,koti2172,iter-A,1,0.25
Sini_52,rikki3272,iter-A,1,0.25
Sini_52,sakset3273,iter-A,1,0.25
Sini_52,ukki3542,iter-A,1,0.25
Sini_53,juna2684,iter-A,1,0.25
Sini_53,kirja1834,iter-A,1,0.25
Sini_53,viili2685,iter-A,1,0.25
Sini_54,heihei2683,iter-A,1,0.25
Sini_54,juna2684,iter-A,1,0.25
Sini_54,kirja1833,iter-A,1,0.25
Sini_54,kynä1836,iter-A,1,0.25
Sini_54,pyörä1842,iter-A,1,0.25
Sini_55,heppa3532,iter-A,1,0.25
Sini_55,loppu3535,iter-A,1,0.25
Sini_55,nappi2173,iter-A,1,0.25
Sini_55,nappi3538,iter-A,1,0.25
Sini_55,pupu2174,iter-A,1,0.25
Sini_55,viili2685,iter-A,1,0.25
Sini_56,korva1835,iter-A,1,0.25
Sini_56,pallo1839,iter-A,1,0.25
Sini_56,pyörä1842,iter-A,1,0.25
Sini_56,tässä1843,iter-A,1,0.25
Sini_57,kakku3259,iter-A,1,0.25
Sini_57,kiikkaa3260,iter-A,1,0.25
Sini_57,kukka3266,iter-A,1,0.25
Sini_57,laukku3534,iter-A,1,0.25
Sini_57,sakset3273,iter-A,1,0.25
Sini_57,suklaa3541,iter-A,1,0.25
Sini_58,pupu2174,iter-A,1,0.25
Sini_58,puuro1841,iter-A,1,0.25
Sini_59,korkki3264,iter-A,1,0.25
Sini_59,korkki3265,iter-A,1,0.25
Sini_59,korva1835,iter-A,1,0.25
Sini_59,koti2172,iter-A,1,0.25
Sini_59,rikki3272,iter-A,1,0.25
Sini_59,tiktak2178,iter-A,1,0.25
Sini_6,loppu3269,iter-A,1,0.25
Sini_6,loppu3537,iter-A,1,0.25
Sini_6,nappi3538,iter-A,1,0.25
Sini_60,mummi3146,iter-A,1,0.25
Sini_60,viili2685,iter-A,1,0.25
Sini_61,loppu3537,iter-A,1,0.25
Sini_61,nappi3538,iter-A,1,0.25
Sini_62,hauhau2686,iter-A,1,0.25
Sini_62,heihei2683,iter-A,1,0.25
Sini_62,kirja1834,iter-A,1,0.25
Sini_62,minun1837,iter-A,1,0.25
Sini_62,napa2893,iter-A,1,0.25
Sini_62,pallo1838,iter-A,1,0.25
Sini_62,pallo1839,iter-A,1,0.25
Sini_62,piilo1840,iter-A,1,0.25
Sini_62,puuro1841,iter-A,1,0.25
Sini_62,pyörä1842,iter-A,1,0.25
Sini_63,kirja1834,iter-A,1,0.25
Sini_63,minun1837,iter-A,1,0.25
Sini_63,piilo1840,iter-A,1,0.25
Sini_63,pupu2174,iter-A,1,0.25
Sini_63,pyörä1842,iter-A,1,0.25
Sini_64,kiikkaa3262,iter-A,1,0.25
Sini_64,kvaak-kvaak3278,iter-A,1,0.25
Sini_64,rikki3539,iter-A,1,0.25
Sini_64,suklaa3541,iter-A,1,0.25
Sini_65,täti2177,iter-A,1,0.25
Sini_66,korkki3263,iter-A,1,0.25
Sini_66,korkki3264,iter-A,1,0.25
Sini_66,korkki3265,iter-A,1,0.25
Sini_66,koti2172,iter-A,1,0.25
Sini_66,rikki3539,iter-A,1,0.25
Sini_67,hauhau2686,iter-A,1,0.25
Sini_67,minun1837,iter-A,1,0.25
Sini_67,pallo1839,iter-A,1,0.25
Sini_67,puuro1841,iter-A,1,0.25
Sini_68,tässä1843,iter-A,1,0.25
Sini_69,minun1837,iter-A,1,0.25
Sini_7,nappi3270,iter-A,1,0.25
Sini_70,juna2684,iter-A,1,0.25
Sini_70,kirja1833,iter-A,1,0.25
Sini_70,korva1835,iter-A,1,0.25
Sini_70,piilo1840,iter-A,1,0.25
Sini_70,tässä1843,iter-A,1,0.25
Sini_71,laukku3534,iter-A,1,0.25
Sini_71,sakset3273,iter-A,1,0.25
Sini_71,ukki3542,iter-A,1,0.25
Sini_72,nappi2173,iter-A,1,0.25
Sini_72,pallo1838,iter-A,1,0.25
Sini_72,pallo1839,iter-A,1,0.25
Sini_72,puuro1841,iter-A,1,0.25
Sini_73,kiikkaa3261,iter-A,1,0.25
Sini_73,kiikkaa3262,iter-A,1,0.25
Sini_73,kvaak-kvaak3278,iter-A,1,0.25
Sini_73,rikki3539,iter-A,1,0.25
Sini_73,sakset3273,iter-A,1,0.25
Sini_74,kiikkaa3260,iter-A,1,0.25
Sini_74,korkki3263,iter-A,1,0.25
Sini_74,kukka3266,iter-A,1,0.25
Sini_74,kuppi3267,iter-A,1,0.25
Sini_74,rikki3539,iter-A,1,0.25
Sini_75,korkki3263,iter-A,1,0.25
Sini_75,korkki3265,iter-A,1,0.25
Sini_75,koti2172,iter-A,1,0.25
Sini_75,laukku3534,iter-A,1,0.25
Sini_75,rikki3272,iter-A,1,0.25
Sini_76,heihei2683,iter-A,1,0.25
Sini_76,mummi3146,iter-A,1,0.25
Sini_76,pallo1839,iter-A,1,0.25
Sini_76,puuro1841,iter-A,1,0.25
Sini_76,viili2685,iter-A,1,0.25
Sini_77,juna2684,iter-A,1,0.25
Sini_77,pallo1839,iter-A,1,0.25
Sini_77,piilo1840,iter-A,1,0.25
Sini_78,korkki3263,iter-A,1,0.25
Sini_78,korkki3265,iter-A,1,0.25
Sini_78,laukku3534,iter-A,1,0.25
Sini_78,roska3540,iter-A,1,0.25
Sini_78,suklaa3541,iter-A,1,0.25
Sini_78,ukki3542,iter-A,1,0.25
Sini_79,kiikkaa3261,iter-A,1,0.25
Sini_79,korkki3264,iter-A,1,0.25
Sini_79,koti2172,iter-A,1,0.25
Sini_79,kukka3266,iter-A,1,0.25
Sini_79,rikki3272,iter-A,1,0.25
Sini_79,suklaa3541,iter-A,1,0.25
Sini_8,hauhau2686,iter-A,1,0.25
Sini_8,juna2684,iter-A,1,0.25
Sini_8,kirja1833,iter-A,1,0.25
Sini_8,korva1835,iter-A,1,0.25
Sini_8,napa2893,iter-A,1,0.25
Sini_8,pallo1839,iter-A,1,0.25
Sini_8,puuro1841,iter-A,1,0.25
Sini_8,viili2685,iter-A,1,0.25
Sini_81,kakku3259,iter-A,1,0.25
Sini_81,kiikkaa3260,iter-A,1,0.25
Sini_81,korkki3263,iter-A,1,0.25
Sini_81,koti2172,iter-A,1,0.25
Sini_81,kukka3266,iter-A,1,0.25
Sini_81,rikki3539,iter-A,1,0.25
Sini_81,roska3540,iter-A,1,0.25
Sini_81,sakset3273,iter-A,1,0.25
Sini_82,hauhau2686,iter-A,1,0.25
Sini_82,leipä2891,iter-A,1,0.25
Sini_83,korkki3263,iter-A,1,0.25
Sini_83,rikki3272,iter-A,1,0.25
Sini_84,setä2176,iter-A,1,0.25
Sini_84,tutti3274,iter-A,1,0.25
Sini_84,tyttö3275,iter-A,1,0.25
Sini_85,tyttö3276,iter-A,1,0.25
Sini_85,täti2177,iter-A,1,0.25
Sini_86,kiikkaa3261,iter-A,1,0.25
Sini_86,laukku3534,iter-A,1,0.25
Sini_86,roska3540,iter-A,1,0.25
Sini_87,istuu3533,iter-A,1,0.25
Sini_87,setä2176,iter-A,1,0.25
Sini_87,tutti3274,iter-A,1,0.25
Sini_87,tyttö3275,iter-A,1,0.25
Sini_87,tyttö3277,iter-A,1,0.25
Sini_87,yhtään3531,iter-A,1,0.25
Sini_88,heihei2683,iter-A,1,0.25
Sini_88,kirja1833,iter-A,1,0.25
Sini_88,kirja1834,iter-A,1,0.25
Sini_88,pupu2174,iter-A,1,0.25
Sini_88,pupu2175,iter-A,1,0.25
Sini_88,puuro1841,iter-A,1,0.25
Sini_88,tässä1843,iter-A,1,0.25
Sini_89,istuu3533,iter-A,1,0.25
Sini_89,tutti3274,iter-A,1,0.25
Sini_89,tyttö3276,iter-A,1,0.25
Sini_89,tyttö3277,iter-A,1,0.25
Sini_89,yhtään3531,iter-A,1,0.25
Sini_90,kakku3259,iter-A,1,0.25
Sini_90,korkki3263,iter-A,1,0.25
Sini_90,korkki3264,iter-A,1,0.25
Sini_90,korkki3265,iter-A,1,0.25
Sini_90,kukka3266,iter-A,1,0.25
Sini_90,kvaak-kvaak3278,iter-A,1,0.25
Sini_90,rikki3539,iter-A,1,0.25
Sini_90,roska3540,iter-A,1,0.25
Sini_90,sakset3273,iter-A,1,0.25
Sini_91,tyttö3276,iter-A,1,0.25
Sini_91,tyttö3277,iter-A,1,0.25
Sini_91,vettä3543,iter-A,1,0.25
Sini_92,istuu3533,iter-A,1,0.25
Sini_92,tyttö3275,iter-A,1,0.25
Sini_92,täti2177,iter-A,1,0.25
Sini_93,heihei2683,iter-A,1,0.25
Sini_93,kynä1836,iter-A,1,0.25
Sini_93,minun1837,iter-A,1,0.25
Sini_93,nami2892,iter-A,1,0.25
Sini_93,napa2893,iter-A,1,0.25
Sini_93,pallo1839,iter-A,1,0.25
Sini_93,piilo1840,iter-A,1,0.25
Sini_93,pyörä1842,iter-A,1,0.25
Sini_94,kakku3259,iter-A,1,0.25
Sini_94,kiikkaa3261,iter-A,1,0.25
Sini_94,korkki3263,iter-A,1,0.25
Sini_94,kvaak-kvaak3278,iter-A,1,0.25
Sini_94,ukki3542,iter-A,1,0.25
Sini_95,heppa3532,iter-A,1,0.25
Sini_95,nappi3270,iter-A,1,0.25
Sini_96,tyttö3277,iter-A,1,0.25
Sini_96,tässä1843,iter-A,1,0.25
Sini_96,täti2177,iter-A,1,0.25
Sini_97,hauhau2686,iter-A,1,0.25
Sini_97,heihei2683,iter-A,1,0.25
Sini_97,juna2684,iter-A,1,0.25
Sini_97,kirja1834,iter-A,1,0.25
Sini_97,korva1835,iter-A,1,0.25
Sini_97,viili2685,iter-A,1,0.25
Sini_98,kakku3259,iter-A,1,0.25
Sini_98,kiikkaa3261,iter-A,1,0.25
Sini_98,korkki3263,iter-A,1,0.25
Sini_98,korva1835,iter-A,1,0.25
Sini_98,rikki3272,iter-A,1,0.25
Sini_98,sakset3273,iter-A,1,0.25
Sini_99,juna2684,iter-A,1,0.25
Sini_99,koti2172,iter-A,1,0.25
Sini_99,pallo1838,iter-A,1,0.25
Takeru_1,do it!2905,iter-A,1,0.25
Takeru_10,Barney2217,iter-A,1,0.25
Takeru_10,what2249,iter-A,1,0.25
Takeru_10,what2258,iter-A,1,0.25
Takeru_10,what2259,iter-A,1,0.25
Takeru_10,what2263,iter-A,1,0.25
Takeru_11,good2231,iter-A,1,0.25
Takeru_11,what2248,iter-A,1,0.25
Takeru_11,what2256,iter-A,1,0.25
Takeru_11,what2258,iter-A,1,0.25
Takeru_12,go go3289,iter-A,1,0.25
Takeru_12,good2902,iter-A,1,0.25
Takeru_12,good2903,iter-A,1,0.25
Takeru_12,ouch2904,iter-A,1,0.25
Takeru_12,that2897,iter-A,1,0.25
Takeru_13,take3321,iter-A,1,0.25
Takeru_13,take3322,iter-A,1,0.25
Takeru_14,found it3544,iter-A,1,0.25
Takeru_14,take3319,iter-A,1,0.25
Takeru_14,take3320,iter-A,1,0.25
Takeru_14,whoops3304,iter-A,1,0.25
Takeru_15,please2225,iter-A,1,0.25
Takeru_15,please2226,iter-A,1,0.25
Takeru_15,please2227,iter-A,1,0.25
Takeru_15,stuck2269,iter-A,1,0.25
Takeru_15,take2265,iter-A,1,0.25
Takeru_16,do it!3293,iter-A,1,0.25
Takeru_16,found it3545,iter-A,1,0.25
Takeru_16,more3303,iter-A,1,0.25
Takeru_16,wait!3302,iter-A,1,0.25
Takeru_17,wait!3301,iter-A,1,0.25
Takeru_17,whoops3548,iter-A,1,0.25
Takeru_18,daddy3323,iter-A,1,0.25
Takeru_18,take3319,iter-A,1,0.25
Takeru_19,take3322,iter-A,1,0.25
Takeru_20,aye-aye2896,iter-A,1,0.25
Takeru_20,go go3289,iter-A,1,0.25
Takeru_20,good2903,iter-A,1,0.25
Takeru_20,that2688,iter-A,1,0.25
Takeru_20,what2261,iter-A,1,0.25
Takeru_21,good2903,iter-A,1,0.25
Takeru_21,mom3296,iter-A,1,0.25
Takeru_21,put it there2907,iter-A,1,0.25
Takeru_22,good2231,iter-A,1,0.25
Takeru_22,mom3296,iter-A,1,0.25
Takeru_22,that2690,iter-A,1,0.25
Takeru_22,what2256,iter-A,1,0.25
Takeru_22,what2257,iter-A,1,0.25
Takeru_23,pigeon3312,iter-A,1,0.25
Takeru_25,Barney2217,iter-A,1,0.25
Takeru_25,good2903,iter-A,1,0.25
Takeru_25,what2251,iter-A,1,0.25
Takeru_25,what2255,iter-A,1,0.25
Takeru_25,what2259,iter-A,1,0.25
Takeru_26,Barney1857,iter-A,1,0.25
Takeru_26,aye-aye2896,iter-A,1,0.25
Takeru_26,ouch1863,iter-A,1,0.25
Takeru_27,aye-aye2896,iter-A,1,0.25
Takeru_27,ouch1863,iter-A,1,0.25
Takeru_27,put it there3104,iter-A,1,0.25
Takeru_27,that2688,iter-A,1,0.25
Takeru_28,bread3310,iter-A,1,0.25
Takeru_28,pigeon3311,iter-A,1,0.25
Takeru_3,all gone2242,iter-A,1,0.25
Takeru_3,flower2901,iter-A,1,0.25
Takeru_3,good2903,iter-A,1,0.25
Takeru_3,what2249,iter-A,1,0.25
Takeru_3,what2252,iter-A,1,0.25
Takeru_3,what2259,iter-A,1,0.25
Takeru_3,what2260,iter-A,1,0.25
Takeru_3,what2263,iter-A,1,0.25
Takeru_31,choochoo2220,iter-A,1,0.25
Takeru_31,daddy3323,iter-A,1,0.25
Takeru_31,juice2228,iter-A,1,0.25
Takeru_31,yellow2235,iter-A,1,0.25
Takeru_32,pigeon3314,iter-A,1,0.25
Takeru_33,please2225,iter-A,1,0.25
Takeru_35,daddy3324,iter-A,1,0.25
Takeru_35,found it3545,iter-A,1,0.25
Takeru_35,take3317,iter-A,1,0.25
Takeru_37,combine3287,iter-A,1,0.25
Takeru_37,take2266,iter-A,1,0.25
Takeru_37,take3319,iter-A,1,0.25
Takeru_37,whoops3548,iter-A,1,0.25
Takeru_38,more3303,iter-A,1,0.25
Takeru_38,take3316,iter-A,1,0.25
Takeru_38,wait!3301,iter-A,1,0.25
Takeru_38,wait!3302,iter-A,1,0.25
Takeru_39,combine3287,iter-A,1,0.25
Takeru_39,daddy3324,iter-A,1,0.25
Takeru_39,do it!3293,iter-A,1,0.25
Takeru_39,found it3545,iter-A,1,0.25
Takeru_39,wait!3301,iter-A,1,0.25
Takeru_39,whoops3304,iter-A,1,0.25
Takeru_40,daddy3324,iter-A,1,0.25
Takeru_40,more3303,iter-A,1,0.25
Takeru_40,take3317,iter-A,1,0.25
Takeru_41,flower2901,iter-A,1,0.25
Takeru_41,what2248,iter-A,1,0.25
Takeru_41,what2258,iter-A,1,0.25
Takeru_41,what2259,iter-A,1,0.25
Takeru_42,all gone2243,iter-A,1,0.25
Takeru_42,all gone2245,iter-A,1,0.25
Takeru_42,good2902,iter-A,1,0.25
Takeru_43,daddy3324,iter-A,1,0.25
Takeru_43,found it3544,iter-A,1,0.25
Takeru_43,found it3545,iter-A,1,0.25
Takeru_43,hooray3291,iter-A,1,0.25
Takeru_43,take3322,iter-A,1,0.25
Takeru_44,aye-aye2896,iter-A,1,0.25
Takeru_44,do it!2905,iter-A,1,0.25
Takeru_44,mom3296,iter-A,1,0.25
Takeru_44,ouch2904,iter-A,1,0.25
Takeru_44,train2237,iter-A,1,0.25
Takeru_45,bread3307,iter-A,1,0.25
Takeru_45,bread3309,iter-A,1,0.25
Takeru_45,pigeon3312,iter-A,1,0.25
Takeru_46,what2246,iter-A,1,0.25
Takeru_46,what2251,iter-A,1,0.25
Takeru_46,what2257,iter-A,1,0.25
Takeru_46,what2260,iter-A,1,0.25
Takeru_46,what2263,iter-A,1,0.25
Takeru_47,take3319,iter-A,1,0.25
Takeru_49,what2248,iter-A,1,0.25
Takeru_51,bread3305,iter-A,1,0.25
Takeru_51,bread3307,iter-A,1,0.25
Takeru_51,bread3308,iter-A,1,0.25
Takeru_53,big2906,iter-A,1,0.25
Takeru_53,mom3294,iter-A,1,0.25
Takeru_54,combine3287,iter-A,1,0.25
Takeru_54,hooray3292,iter-A,1,0.25
Takeru_54,take3319,iter-A,1,0.25
Takeru_55,flower2901,iter-A,1,0.25
Takeru_55,what2247,iter-A,1,0.25
Takeru_55,what2252,iter-A,1,0.25
Takeru_55,what2255,iter-A,1,0.25
Takeru_55,what2259,iter-A,1,0.25
Takeru_55,what2261,iter-A,1,0.25
Takeru_55,what2263,iter-A,1,0.25
Takeru_56,daddy3323,iter-A,1,0.25
Takeru_56,daddy3324,iter-A,1,0.25
Takeru_56,more3303,iter-A,1,0.25
Takeru_57,do it!3293,iter-A,1,0.25
Takeru_58,all gone2242,iter-A,1,0.25
Takeru_58,all gone2245,iter-A,1,0.25
Takeru_58,what2250,iter-A,1,0.25
Takeru_58,what2256,iter-A,1,0.25
Takeru_58,what2259,iter-A,1,0.25
Takeru_58,what2261,iter-A,1,0.25
Takeru_59,go go3289,iter-A,1,0.25
Takeru_6,combine3287,iter-A,1,0.25
Takeru_6,look!2241,iter-A,1,0.25
Takeru_6,take3318,iter-A,1,0.25
Takeru_60,daddy3324,iter-A,1,0.25
Takeru_60,do it!3293,iter-A,1,0.25
Takeru_61,combine3286,iter-A,1,0.25
Takeru_61,combine3288,iter-A,1,0.25
Takeru_61,do it!2905,iter-A,1,0.25
Takeru_62,take3319,iter-A,1,0.25
Takeru_64,what2246,iter-A,1,0.25
Takeru_64,what2253,iter-A,1,0.25
Takeru_64,what2261,iter-A,1,0.25
Takeru_65,aye-aye2896,iter-A,1,0.25
Takeru_65,big2906,iter-A,1,0.25
Takeru_65,don't want to2232,iter-A,1,0.25
Takeru_65,found it3545,iter-A,1,0.25
Takeru_65,good2903,iter-A,1,0.25
Takeru_65,put it there2907,iter-A,1,0.25
Takeru_66,found it3544,iter-A,1,0.25
Takeru_66,take3317,iter-A,1,0.25
Takeru_66,take3320,iter-A,1,0.25
Takeru_67,go go3289,iter-A,1,0.25
Takeru_67,ouch2904,iter-A,1,0.25
Takeru_67,who2222,iter-A,1,0.25
Takeru_69,aye-aye2896,iter-A,1,0.25
Takeru_69,do it!2905,iter-A,1,0.25
Takeru_69,found it2898,iter-A,1,0.25
Takeru_69,mom3296,iter-A,1,0.25
Takeru_69,ouch1863,iter-A,1,0.25
Takeru_69,that2689,iter-A,1,0.25
Takeru_7,take3318,iter-A,1,0.25
Takeru_7,whoops3304,iter-A,1,0.25
Takeru_7,whoops3548,iter-A,1,0.25
Takeru_70,bread3305,iter-A,1,0.25
Takeru_71,do it!3546,iter-A,1,0.25
Takeru_71,take3317,iter-A,1,0.25
Takeru_71,whoops3304,iter-A,1,0.25
Takeru_71,whoops3548,iter-A,1,0.25
Takeru_72,combine3286,iter-A,1,0.25
Takeru_72,combine3287,iter-A,1,0.25
Takeru_72,do it!3546,iter-A,1,0.25
Takeru_72,take3318,iter-A,1,0.25
Takeru_72,take3321,iter-A,1,0.25
Takeru_73,all gone2243,iter-A,1,0.25
Takeru_73,what2253,iter-A,1,0.25
Takeru_73,what2259,iter-A,1,0.25
Takeru_73,what2260,iter-A,1,0.25
Takeru_75,ouch1863,iter-A,1,0.25
Takeru_75,please2226,iter-A,1,0.25
Takeru_75,who2222,iter-A,1,0.25
Takeru_76,bread3308,iter-A,1,0.25
Takeru_78,bread3309,iter-A,1,0.25
Takeru_78,pigeon3313,iter-A,1,0.25
Takeru_78,pigeon3314,iter-A,1,0.25
Takeru_79,bread3306,iter-A,1,0.25
Takeru_79,bread3307,iter-A,1,0.25
Takeru_79,pigeon3311,iter-A,1,0.25
Takeru_8,train2237,iter-A,1,0.25
Takeru_81,do it!2905,iter-A,1,0.25
Takeru_81,take2265,iter-A,1,0.25
Takeru_81,wait!3301,iter-A,1,0.25
Takeru_82,good2231,iter-A,1,0.25
Takeru_82,what2251,iter-A,1,0.25
Takeru_82,what2255,iter-A,1,0.25
Takeru_82,what2256,iter-A,1,0.25
Takeru_83,combine3287,iter-A,1,0.25
Takeru_83,wait!3301,iter-A,1,0.25
Takeru_83,whoops3548,iter-A,1,0.25
Takeru_84,bread3309,iter-A,1,0.25
Takeru_85,aye-aye2687,iter-A,1,0.25
Takeru_85,big2906,iter-A,1,0.25
Takeru_85,that2688,iter-A,1,0.25
Takeru_85,that2689,iter-A,1,0.25
Takeru_87,all gone2245,iter-A,1,0.25
Takeru_87,what2246,iter-A,1,0.25
Takeru_87,what2248,iter-A,1,0.25
Takeru_88,pigeon3315,iter-A,1,0.25
Takeru_89,juice1862,iter-A,1,0.25
Takeru_89,ouch2904,iter-A,1,0.25
Takeru_89,put it there2907,iter-A,1,0.25
Takeru_89,put it there3104,iter-A,1,0.25
Takeru_9,choochoo2220,iter-A,1,0.25
Takeru_9,don't want to2232,iter-A,1,0.25
Takeru_9,please2225,iter-A,1,0.25
Takeru_9,please2226,iter-A,1,0.25
Takeru_9,please2227,iter-A,1,0.25
Takeru_9,take2264,iter-A,1,0.25
Takeru_9,take2266,iter-A,1,0.25
Takeru_90,all gone2242,iter-A,1,0.25
Takeru_90,what2254,iter-A,1,0.25
Takeru_90,what2255,iter-A,1,0.25
Takeru_91,found it3545,iter-A,1,0.25
Takeru_91,more3303,iter-A,1,0.25
Takeru_91,take3317,iter-A,1,0.25
Takeru_91,take3320,iter-A,1,0.25
Takeru_91,whoops3304,iter-A,1,0.25
Takeru_92,combine3288,iter-A,1,0.25
Takeru_92,hooray3291,iter-A,1,0.25
Takeru_92,whoops3304,iter-A,1,0.25
Takeru_94,all gone2243,iter-A,1,0.25
Takeru_94,what2247,iter-A,1,0.25
Takeru_94,what2252,iter-A,1,0.25
Takeru_95,all gone2244,iter-A,1,0.25
Takeru_95,flower2230,iter-A,1,0.25
Takeru_95,good2231,iter-A,1,0.25
Takeru_95,mom3296,iter-A,1,0.25
Takeru_95,what2246,iter-A,1,0.25
Takeru_95,what2250,iter-A,1,0.25
Takeru_95,what2259,iter-A,1,0.25
Takeru_95,what2263,iter-A,1,0.25
Takeru_96,ball1858,iter-A,1,0.25
Takeru_96,go go3289,iter-A,1,0.25
Takeru_96,good2903,iter-A,1,0.25
Takeru_96,mom3296,iter-A,1,0.25
Takeru_97,train2237,iter-A,1,0.25
Taro_1,baby2497,iter-A,1,0.25
Taro_10,alligator1930,iter-A,1,0.25
Taro_10,alligator1935,iter-A,1,0.25
Taro_10,ball1919,iter-A,1,0.25
Taro_10,doggy2520,iter-A,1,0.25
Taro_10,ouch3018,iter-A,1,0.25
Taro_100,biting sound2708,iter-A,1,0.25
Taro_100,biting sound2710,iter-A,1,0.25
Taro_100,biting sound2714,iter-A,1,0.25
Taro_11,bath/sound of pouring water2506,iter-A,1,0.25
Taro_13,shoes3395,iter-A,1,0.25
Taro_14,alligator1932,iter-A,1,0.25
Taro_14,alligator1934,iter-A,1,0.25
Taro_14,alligator1939,iter-A,1,0.25
Taro_14,apple2516,iter-A,1,0.25
Taro_14,baby2494,iter-A,1,0.25
Taro_14,bath/sound of pouring water2656,iter-A,1,0.25
Taro_14,found3020,iter-A,1,0.25
Taro_14,juice2510,iter-A,1,0.25
Taro_15,alligator1928,iter-A,1,0.25
Taro_15,alligator1929,iter-A,1,0.25
Taro_15,alligator1936,iter-A,1,0.25
Taro_15,apple2514,iter-A,1,0.25
Taro_15,baby2494,iter-A,1,0.25
Taro_15,baby2497,iter-A,1,0.25
Taro_15,bath/sound of pouring water2656,iter-A,1,0.25
Taro_15,car3127,iter-A,1,0.25
Taro_15,doggy2520,iter-A,1,0.25
Taro_15,here2511,iter-A,1,0.25
Taro_15,ouch3018,iter-A,1,0.25
Taro_17,alligator1940,iter-A,1,0.25
Taro_17,ball1922,iter-A,1,0.25
Taro_17,bath/sound of pouring water2505,iter-A,1,0.25
Taro_17,ouch3018,iter-A,1,0.25
Taro_18,alligator1931,iter-A,1,0.25
Taro_18,alligator1935,iter-A,1,0.25
Taro_18,alligator1936,iter-A,1,0.25
Taro_18,alligator1939,iter-A,1,0.25
Taro_18,alligator2517,iter-A,1,0.25
Taro_18,baby2496,iter-A,1,0.25
Taro_18,doggy2519,iter-A,1,0.25
Taro_18,doggy2520,iter-A,1,0.25
Taro_18,juice2508,iter-A,1,0.25
Taro_19,bath/sound of pouring water2504,iter-A,1,0.25
Taro_19,ouch3019,iter-A,1,0.25
Taro_2,bath/sound of pouring water2504,iter-A,1,0.25
Taro_2,bird2513,iter-A,1,0.25
Taro_2,juice2510,iter-A,1,0.25
Taro_2,ouch3019,iter-A,1,0.25
Taro_20,shoes3397,iter-A,1,0.25
Taro_20,shoes3399,iter-A,1,0.25
Taro_21,here2511,iter-A,1,0.25
Taro_21,shoes3395,iter-A,1,0.25
Taro_21,shoes3399,iter-A,1,0.25
Taro_22,ball1919,iter-A,1,0.25
Taro_24,alligator1930,iter-A,1,0.25
Taro_24,alligator1931,iter-A,1,0.25
Taro_24,alligator1933,iter-A,1,0.25
Taro_24,alligator1936,iter-A,1,0.25
Taro_24,alligator2517,iter-A,1,0.25
Taro_24,baby2496,iter-A,1,0.25
Taro_24,baby2497,iter-A,1,0.25
Taro_24,bath/sound of pouring water2505,iter-A,1,0.25
Taro_24,doggy2519,iter-A,1,0.25
Taro_25,alligator1928,iter-A,1,0.25
Taro_25,alligator1930,iter-A,1,0.25
Taro_25,alligator1933,iter-A,1,0.25
Taro_25,alligator1935,iter-A,1,0.25
Taro_25,alligator1938,iter-A,1,0.25
Taro_25,ball1919,iter-A,1,0.25
Taro_25,ball1921,iter-A,1,0.25
Taro_25,here2511,iter-A,1,0.25
Taro_25,ouch3018,iter-A,1,0.25
Taro_26,alligator1933,iter-A,1,0.25
Taro_26,alligator1940,iter-A,1,0.25
Taro_26,alligator2517,iter-A,1,0.25
Taro_26,baby2497,iter-A,1,0.25
Taro_26,doggy2519,iter-A,1,0.25
Taro_26,found3020,iter-A,1,0.25
Taro_26,ouch3018,iter-A,1,0.25
Taro_27,alligator1937,iter-A,1,0.25
Taro_27,alligator1940,iter-A,1,0.25
Taro_27,baby2496,iter-A,1,0.25
Taro_28,biting sound2709,iter-A,1,0.25
Taro_28,biting sound2711,iter-A,1,0.25
Taro_29,biting sound2709,iter-A,1,0.25
Taro_29,biting sound2713,iter-A,1,0.25
Taro_3,bath/sound of pouring water2505,iter-A,1,0.25
Taro_3,bath/sound of pouring water2506,iter-A,1,0.25
Taro_3,juice2510,iter-A,1,0.25
Taro_3,ouch3019,iter-A,1,0.25
Taro_3,sleep3128,iter-A,1,0.25
Taro_30,alligator1928,iter-A,1,0.25
Taro_30,alligator1931,iter-A,1,0.25
Taro_30,alligator1937,iter-A,1,0.25
Taro_30,baby2496,iter-A,1,0.25
Taro_30,baby2497,iter-A,1,0.25
Taro_30,ball1919,iter-A,1,0.25
Taro_30,ball1920,iter-A,1,0.25
Taro_30,ball1921,iter-A,1,0.25
Taro_30,ball1922,iter-A,1,0.25
Taro_30,doggy2519,iter-A,1,0.25
Taro_30,doggy2520,iter-A,1,0.25
Taro_30,doggy2521,iter-A,1,0.25
Taro_30,ouch3018,iter-A,1,0.25
Taro_31,biting sound2711,iter-A,1,0.25
Taro_32,apple2515,iter-A,1,0.25
Taro_33,alligator1930,iter-A,1,0.25
Taro_33,alligator1939,iter-A,1,0.25
Taro_33,alligator1940,iter-A,1,0.25
Taro_33,baby2497,iter-A,1,0.25
Taro_33,doggy2521,iter-A,1,0.25
Taro_33,juice2510,iter-A,1,0.25
Taro_34,apple2514,iter-A,1,0.25
Taro_34,apple2515,iter-A,1,0.25
Taro_34,apple2516,iter-A,1,0.25
Taro_34,sleep3404,iter-A,1,0.25
Taro_35,baby2495,iter-A,1,0.25
Taro_36,alligator1931,iter-A,1,0.25
Taro_36,alligator1932,iter-A,1,0.25
Taro_36,alligator1934,iter-A,1,0.25
Taro_36,alligator1940,iter-A,1,0.25
Taro_36,alligator2517,iter-A,1,0.25
Taro_36,juice2508,iter-A,1,0.25
Taro_37,sleep3401,iter-A,1,0.25
Taro_38,alligator1939,iter-A,1,0.25
Taro_38,bath/sound of pouring water2656,iter-A,1,0.25
Taro_38,doggy2519,iter-A,1,0.25
Taro_38,doggy2520,iter-A,1,0.25
Taro_39,alligator1931,iter-A,1,0.25
Taro_39,alligator1932,iter-A,1,0.25
Taro_39,alligator1934,iter-A,1,0.25
Taro_39,alligator1936,iter-A,1,0.25
Taro_39,alligator1938,iter-A,1,0.25
Taro_39,ball1919,iter-A,1,0.25
Taro_39,bath/sound of pouring water2656,iter-A,1,0.25
Taro_39,doggy2520,iter-A,1,0.25
Taro_39,found3020,iter-A,1,0.25
Taro_4,bird2513,iter-A,1,0.25
Taro_40,alligator1935,iter-A,1,0.25
Taro_40,alligator1939,iter-A,1,0.25
Taro_40,apple2514,iter-A,1,0.25
Taro_40,baby2497,iter-A,1,0.25
Taro_40,car3127,iter-A,1,0.25
Taro_40,found3020,iter-A,1,0.25
Taro_40,ouch3018,iter-A,1,0.25
Taro_40,shoes3399,iter-A,1,0.25
Taro_42,alligator1930,iter-A,1,0.25
Taro_42,alligator1932,iter-A,1,0.25
Taro_42,alligator1934,iter-A,1,0.25
Taro_42,ball1919,iter-A,1,0.25
Taro_42,doggy2521,iter-A,1,0.25
Taro_43,sleep3401,iter-A,1,0.25
Taro_43,sleep3404,iter-A,1,0.25
Taro_44,bath/sound of pouring water2504,iter-A,1,0.25
Taro_44,bird2513,iter-A,1,0.25
Taro_44,"pencil, writing2507",iter-A,1,0.25
Taro_44,train2499,iter-A,1,0.25
Taro_44,train2502,iter-A,1,0.25
Taro_48,bath/sound of pouring water2656,iter-A,1,0.25
Taro_48,juice2508,iter-A,1,0.25
Taro_5,bath/sound of pouring water2503,iter-A,1,0.25
Taro_50,alligator2517,iter-A,1,0.25
Taro_50,bath/sound of pouring water2656,iter-A,1,0.25
Taro_50,doggy2521,iter-A,1,0.25
Taro_50,juice2508,iter-A,1,0.25
Taro_52,alligator1940,iter-A,1,0.25
Taro_52,alligator2517,iter-A,1,0.25
Taro_52,ball1919,iter-A,1,0.25
Taro_52,bird2513,iter-A,1,0.25
Taro_52,juice2508,iter-A,1,0.25
Taro_52,train2501,iter-A,1,0.25
Taro_53,went in3392,iter-A,1,0.25
Taro_54,went in3392,iter-A,1,0.25
Taro_55,biting sound2709,iter-A,1,0.25
Taro_55,biting sound2710,iter-A,1,0.25
Taro_56,alligator1932,iter-A,1,0.25
Taro_56,alligator1939,iter-A,1,0.25
Taro_56,alligator1940,iter-A,1,0.25
Taro_56,here2511,iter-A,1,0.25
Taro_56,juice2510,iter-A,1,0.25
Taro_57,sleep3404,iter-A,1,0.25
Taro_58,baby2495,iter-A,1,0.25
Taro_58,baby2497,iter-A,1,0.25
Taro_59,biting sound2708,iter-A,1,0.25
Taro_59,biting sound2711,iter-A,1,0.25
Taro_6,bath/sound of pouring water2504,iter-A,1,0.25
Taro_6,train2498,iter-A,1,0.25
Taro_60,alligator1934,iter-A,1,0.25
Taro_60,bath/sound of pouring water2656,iter-A,1,0.25
Taro_60,doggy2520,iter-A,1,0.25
Taro_60,found3020,iter-A,1,0.25
Taro_61,train2501,iter-A,1,0.25
Taro_62,bath/sound of pouring water2506,iter-A,1,0.25
Taro_62,juice2510,iter-A,1,0.25
Taro_62,ouch3019,iter-A,1,0.25
Taro_62,train2499,iter-A,1,0.25
Taro_63,bath/sound of pouring water2505,iter-A,1,0.25
Taro_63,ouch3019,iter-A,1,0.25
Taro_63,"pencil, writing2507",iter-A,1,0.25
Taro_63,train2501,iter-A,1,0.25
Taro_64,biting sound2708,iter-A,1,0.25
Taro_64,biting sound2711,iter-A,1,0.25
Taro_64,biting sound2713,iter-A,1,0.25
Taro_65,juice2510,iter-A,1,0.25
Taro_65,ouch3019,iter-A,1,0.25
Taro_66,alligator1932,iter-A,1,0.25
Taro_66,alligator1936,iter-A,1,0.25
Taro_66,alligator1937,iter-A,1,0.25
Taro_66,baby2494,iter-A,1,0.25
Taro_66,ball1919,iter-A,1,0.25
Taro_66,ball1920,iter-A,1,0.25
Taro_66,bath/sound of pouring water2656,iter-A,1,0.25
Taro_66,juice2510,iter-A,1,0.25
Taro_67,biting sound2714,iter-A,1,0.25
Taro_68,baby2495,iter-A,1,0.25
Taro_68,bath/sound of pouring water2504,iter-A,1,0.25
Taro_68,ouch3019,iter-A,1,0.25
Taro_69,alligator1928,iter-A,1,0.25
Taro_69,alligator1933,iter-A,1,0.25
Taro_69,alligator1937,iter-A,1,0.25
Taro_69,alligator1938,iter-A,1,0.25
Taro_69,alligator2517,iter-A,1,0.25
Taro_69,bath/sound of pouring water2505,iter-A,1,0.25
Taro_69,bath/sound of pouring water2656,iter-A,1,0.25
Taro_69,car3127,iter-A,1,0.25
Taro_69,went in3392,iter-A,1,0.25
Taro_7,biting sound2708,iter-A,1,0.25
Taro_70,alligator1932,iter-A,1,0.25
Taro_70,alligator1935,iter-A,1,0.25
Taro_70,alligator1937,iter-A,1,0.25
Taro_70,alligator2517,iter-A,1,0.25
Taro_70,baby2494,iter-A,1,0.25
Taro_70,juice2508,iter-A,1,0.25
Taro_70,juice2509,iter-A,1,0.25
Taro_70,ouch3018,iter-A,1,0.25
Taro_71,train2498,iter-A,1,0.25
Taro_72,alligator1933,iter-A,1,0.25
Taro_72,alligator1934,iter-A,1,0.25
Taro_72,found3020,iter-A,1,0.25
Taro_72,here2511,iter-A,1,0.25
Taro_72,juice2510,iter-A,1,0.25
Taro_73,baby2495,iter-A,1,0.25
Taro_73,bath/sound of pouring water2505,iter-A,1,0.25
Taro_73,bird2513,iter-A,1,0.25
Taro_73,sleep3128,iter-A,1,0.25
Taro_74,shoes3400,iter-A,1,0.25
Taro_75,doggy2519,iter-A,1,0.25
Taro_75,doggy2521,iter-A,1,0.25
Taro_75,juice2508,iter-A,1,0.25
Taro_76,ouch3019,iter-A,1,0.25
Taro_76,train2501,iter-A,1,0.25
Taro_77,alligator1934,iter-A,1,0.25
Taro_77,alligator1939,iter-A,1,0.25
Taro_77,alligator2517,iter-A,1,0.25
Taro_77,apple2514,iter-A,1,0.25
Taro_77,bath/sound of pouring water2505,iter-A,1,0.25
Taro_77,doggy2520,iter-A,1,0.25
Taro_77,found3020,iter-A,1,0.25
Taro_78,bath/sound of pouring water2656,iter-A,1,0.25
Taro_78,shoes3397,iter-A,1,0.25
Taro_80,alligator1934,iter-A,1,0.25
Taro_80,alligator1938,iter-A,1,0.25
Taro_80,baby2497,iter-A,1,0.25
Taro_81,alligator1928,iter-A,1,0.25
Taro_81,alligator2518,iter-A,1,0.25
Taro_81,ball1919,iter-A,1,0.25
Taro_81,here2511,iter-A,1,0.25
Taro_82,biting sound2711,iter-A,1,0.25
Taro_82,biting sound2713,iter-A,1,0.25
Taro_84,alligator1928,iter-A,1,0.25
Taro_84,alligator1929,iter-A,1,0.25
Taro_84,bath/sound of pouring water2656,iter-A,1,0.25
Taro_85,sleep3403,iter-A,1,0.25
Taro_86,biting sound2712,iter-A,1,0.25
Taro_86,biting sound2713,iter-A,1,0.25
Taro_86,biting sound2714,iter-A,1,0.25
Taro_87,baby2494,iter-A,1,0.25
Taro_87,ouch3018,iter-A,1,0.25
Taro_88,shoes3395,iter-A,1,0.25
Taro_88,shoes3397,iter-A,1,0.25
Taro_88,went in3392,iter-A,1,0.25
Taro_89,alligator1928,iter-A,1,0.25
Taro_89,alligator1932,iter-A,1,0.25
Taro_89,alligator1933,iter-A,1,0.25
Taro_89,alligator1935,iter-A,1,0.25
Taro_89,alligator1938,iter-A,1,0.25
Taro_89,baby3126,iter-A,1,0.25
Taro_89,bath/sound of pouring water2656,iter-A,1,0.25
Taro_89,car3127,iter-A,1,0.25
Taro_89,juice2510,iter-A,1,0.25
Taro_9,alligator1930,iter-A,1,0.25
Taro_9,alligator1936,iter-A,1,0.25
Taro_9,alligator1937,iter-A,1,0.25
Taro_9,alligator1939,iter-A,1,0.25
Taro_9,alligator1940,iter-A,1,0.25
Taro_9,ball1919,iter-A,1,0.25
Taro_9,doggy2520,iter-A,1,0.25
Taro_90,alligator1929,iter-A,1,0.25
Taro_90,alligator1932,iter-A,1,0.25
Taro_90,alligator1935,iter-A,1,0.25
Taro_90,alligator1938,iter-A,1,0.25
Taro_90,doggy2520,iter-A,1,0.25
Taro_90,doggy2521,iter-A,1,0.25
Taro_92,alligator2517,iter-A,1,0.25
Taro_92,baby2494,iter-A,1,0.25
Taro_92,baby2497,iter-A,1,0.25
Taro_92,car3127,iter-A,1,0.25
Taro_93,alligator1937,iter-A,1,0.25
Taro_93,alligator2517,iter-A,1,0.25
Taro_93,alligator2518,iter-A,1,0.25
Taro_94,here2511,iter-A,1,0.25
Taro_94,ouch3018,iter-A,1,0.25
Taro_94,shoes3400,iter-A,1,0.25
Taro_95,apple2514,iter-A,1,0.25
Taro_95,apple2515,iter-A,1,0.25
Taro_95,sleep3406,iter-A,1,0.25
Taro_97,alligator1935,iter-A,1,0.25
Taro_97,alligator1937,iter-A,1,0.25
Taro_97,baby2495,iter-A,1,0.25
Taro_97,bath/sound of pouring water2656,iter-A,1,0.25
Taro_97,here2511,iter-A,1,0.25
Taro_98,bath/sound of pouring water2656,iter-A,1,0.25
Taro_98,juice2508,iter-A,1,0.25
Taro_98,went in3392,iter-A,1,0.25
Taro_99,biting sound2713,iter-A,1,0.25
Tobias_1,what's that2821,iter-A,1,0.25
Tobias_1,what's that3101,iter-A,1,0.25
Tobias_10,eeyore2813,iter-A,1,0.25
Tobias_10,honk honk2819,iter-A,1,0.25
Tobias_10,honk honk3155,iter-A,1,0.25
Tobias_10,neenaw2122,iter-A,1,0.25
Tobias_100,eek eek1806,iter-A,1,0.25
Tobias_100,eeyore2813,iter-A,1,0.25
Tobias_100,eeyore2814,iter-A,1,0.25
Tobias_100,honk honk1803,iter-A,1,0.25
Tobias_100,honk honk2817,iter-A,1,0.25
Tobias_100,neenaw2820,iter-A,1,0.25
Tobias_100,toot toot2130,iter-A,1,0.25
Tobias_100,woof woof1805,iter-A,1,0.25
Tobias_100,woof woof2823,iter-A,1,0.25
Tobias_100,woof woof2824,iter-A,1,0.25
Tobias_11,honk honk1803,iter-A,1,0.25
Tobias_11,quack quack2124,iter-A,1,0.25
Tobias_11,quack quack2125,iter-A,1,0.25
Tobias_11,quack quack2126,iter-A,1,0.25
Tobias_11,quack quack2642,iter-A,1,0.25
Tobias_13,quack quack2124,iter-A,1,0.25
Tobias_13,quack quack2127,iter-A,1,0.25
Tobias_13,quack quack2643,iter-A,1,0.25
Tobias_16,eeyore2813,iter-A,1,0.25
Tobias_16,eeyore2816,iter-A,1,0.25
Tobias_16,honk honk2671,iter-A,1,0.25
Tobias_16,honk honk2819,iter-A,1,0.25
Tobias_16,toot toot2130,iter-A,1,0.25
Tobias_16,woof woof2673,iter-A,1,0.25
Tobias_18,eeyore3097,iter-A,1,0.25
Tobias_18,honk honk1803,iter-A,1,0.25
Tobias_18,honk honk2672,iter-A,1,0.25
Tobias_18,honk honk2818,iter-A,1,0.25
Tobias_18,honk honk2819,iter-A,1,0.25
Tobias_18,toot toot2130,iter-A,1,0.25
Tobias_18,woof woof1805,iter-A,1,0.25
Tobias_18,woof woof2673,iter-A,1,0.25
Tobias_18,woof woof2824,iter-A,1,0.25
Tobias_2,honk honk1803,iter-A,1,0.25
Tobias_2,honk honk2671,iter-A,1,0.25
Tobias_2,honk honk2817,iter-A,1,0.25
Tobias_2,honk honk2819,iter-A,1,0.25
Tobias_2,woof woof2823,iter-A,1,0.25
Tobias_20,honk honk2819,iter-A,1,0.25
Tobias_20,woof woof2673,iter-A,1,0.25
Tobias_24,honk honk1803,iter-A,1,0.25
Tobias_28,eeyore2813,iter-A,1,0.25
Tobias_28,eeyore2814,iter-A,1,0.25
Tobias_28,honk honk1803,iter-A,1,0.25
Tobias_28,honk honk2817,iter-A,1,0.25
Tobias_28,honk honk3155,iter-A,1,0.25
Tobias_28,woof woof2824,iter-A,1,0.25
Tobias_29,what's that2821,iter-A,1,0.25
Tobias_29,what's that2822,iter-A,1,0.25
Tobias_3,eeyore2815,iter-A,1,0.25
Tobias_3,honk honk2818,iter-A,1,0.25
Tobias_3,toot toot2130,iter-A,1,0.25
Tobias_3,woof woof2673,iter-A,1,0.25
Tobias_30,eeyore2815,iter-A,1,0.25
Tobias_30,honk honk1803,iter-A,1,0.25
Tobias_30,honk honk2819,iter-A,1,0.25
Tobias_30,quack quack2126,iter-A,1,0.25
Tobias_30,woof woof1805,iter-A,1,0.25
Tobias_30,woof woof2673,iter-A,1,0.25
Tobias_31,eeyore2815,iter-A,1,0.25
Tobias_31,eeyore2816,iter-A,1,0.25
Tobias_31,honk honk2818,iter-A,1,0.25
Tobias_31,neenaw2122,iter-A,1,0.25
Tobias_34,eeyore2814,iter-A,1,0.25
Tobias_34,honk honk1803,iter-A,1,0.25
Tobias_34,honk honk2671,iter-A,1,0.25
Tobias_34,honk honk2818,iter-A,1,0.25
Tobias_34,honk honk3155,iter-A,1,0.25
Tobias_34,woof woof1805,iter-A,1,0.25
Tobias_36,quack quack2125,iter-A,1,0.25
Tobias_36,quack quack2642,iter-A,1,0.25
Tobias_37,honk honk1803,iter-A,1,0.25
Tobias_41,eeyore2813,iter-A,1,0.25
Tobias_41,honk honk2671,iter-A,1,0.25
Tobias_41,honk honk2818,iter-A,1,0.25
Tobias_41,quack quack2126,iter-A,1,0.25
Tobias_41,quack quack2127,iter-A,1,0.25
Tobias_41,quack quack2128,iter-A,1,0.25
Tobias_41,toot toot2130,iter-A,1,0.25
Tobias_41,woof woof1805,iter-A,1,0.25
Tobias_41,woof woof2824,iter-A,1,0.25
Tobias_42,ribbit ribbit3141,iter-A,1,0.25
Tobias_44,honk honk2819,iter-A,1,0.25
Tobias_45,eeyore2121,iter-A,1,0.25
Tobias_45,eeyore2815,iter-A,1,0.25
Tobias_45,honk honk3155,iter-A,1,0.25
Tobias_45,woof woof2673,iter-A,1,0.25
Tobias_47,eeyore3098,iter-A,1,0.25
Tobias_47,honk honk1803,iter-A,1,0.25
Tobias_47,honk honk2817,iter-A,1,0.25
Tobias_47,quack quack2125,iter-A,1,0.25
Tobias_47,quack quack2642,iter-A,1,0.25
Tobias_49,quack quack2124,iter-A,1,0.25
Tobias_49,quack quack2125,iter-A,1,0.25
Tobias_49,quack quack2127,iter-A,1,0.25
Tobias_49,quack quack2643,iter-A,1,0.25
Tobias_49,quack quack2663,iter-A,1,0.25
Tobias_50,eeyore2813,iter-A,1,0.25
Tobias_50,eeyore2816,iter-A,1,0.25
Tobias_50,honk honk2817,iter-A,1,0.25
Tobias_50,honk honk2818,iter-A,1,0.25
Tobias_50,neenaw2122,iter-A,1,0.25
Tobias_50,neenaw2820,iter-A,1,0.25
Tobias_50,toot toot2130,iter-A,1,0.25
Tobias_51,baby2120,iter-A,1,0.25
Tobias_51,tortoise2131,iter-A,1,0.25
Tobias_54,honk honk2817,iter-A,1,0.25
Tobias_54,quack quack2126,iter-A,1,0.25
Tobias_54,quack quack2642,iter-A,1,0.25
Tobias_54,quack quack2663,iter-A,1,0.25
Tobias_54,ribbit ribbit3100,iter-A,1,0.25
Tobias_59,eeyore2121,iter-A,1,0.25
Tobias_59,eeyore2813,iter-A,1,0.25
Tobias_59,honk honk2817,iter-A,1,0.25
Tobias_59,honk honk2819,iter-A,1,0.25
Tobias_61,honk honk2818,iter-A,1,0.25
Tobias_62,quack quack2124,iter-A,1,0.25
Tobias_62,quack quack2127,iter-A,1,0.25
Tobias_62,quack quack2128,iter-A,1,0.25
Tobias_65,eek eek1806,iter-A,1,0.25
Tobias_65,eeyore2814,iter-A,1,0.25
Tobias_65,eeyore3097,iter-A,1,0.25
Tobias_65,honk honk1803,iter-A,1,0.25
Tobias_65,neenaw2122,iter-A,1,0.25
Tobias_65,woof woof2673,iter-A,1,0.25
Tobias_66,honk honk2819,iter-A,1,0.25
Tobias_69,eeyore2121,iter-A,1,0.25
Tobias_69,eeyore2814,iter-A,1,0.25
Tobias_69,honk honk1803,iter-A,1,0.25
Tobias_69,honk honk2672,iter-A,1,0.25
Tobias_69,honk honk2818,iter-A,1,0.25
Tobias_69,honk honk2819,iter-A,1,0.25
Tobias_69,neenaw2122,iter-A,1,0.25
Tobias_70,toot toot2646,iter-A,1,0.25
Tobias_71,eeyore2121,iter-A,1,0.25
Tobias_71,eeyore2816,iter-A,1,0.25
Tobias_71,neenaw2122,iter-A,1,0.25
Tobias_71,woof woof1805,iter-A,1,0.25
Tobias_74,toot toot2647,iter-A,1,0.25
Tobias_75,honk honk2817,iter-A,1,0.25
Tobias_75,quack quack2643,iter-A,1,0.25
Tobias_75,quack quack2663,iter-A,1,0.25
Tobias_76,eeyore2815,iter-A,1,0.25
Tobias_76,eeyore3097,iter-A,1,0.25
Tobias_76,honk honk2818,iter-A,1,0.25
Tobias_76,honk honk2819,iter-A,1,0.25
Tobias_77,eek eek1806,iter-A,1,0.25
Tobias_77,eeyore2814,iter-A,1,0.25
Tobias_77,honk honk1803,iter-A,1,0.25
Tobias_77,honk honk2818,iter-A,1,0.25
Tobias_77,neenaw2122,iter-A,1,0.25
Tobias_77,toot toot2130,iter-A,1,0.25
Tobias_77,woof woof1805,iter-A,1,0.25
Tobias_77,woof woof2824,iter-A,1,0.25
Tobias_79,honk honk2817,iter-A,1,0.25
Tobias_79,quack quack2124,iter-A,1,0.25
Tobias_79,quack quack2127,iter-A,1,0.25
Tobias_79,quack quack2128,iter-A,1,0.25
Tobias_79,ribbit ribbit3100,iter-A,1,0.25
Tobias_81,honk honk1803,iter-A,1,0.25
Tobias_81,quack quack2125,iter-A,1,0.25
Tobias_81,quack quack2663,iter-A,1,0.25
Tobias_82,woof woof2823,iter-A,1,0.25
Tobias_83,honk honk2671,iter-A,1,0.25
Tobias_85,eeyore2816,iter-A,1,0.25
Tobias_85,neenaw2820,iter-A,1,0.25
Tobias_85,woof woof1805,iter-A,1,0.25
Tobias_86,woof woof2824,iter-A,1,0.25
Tobias_9,eeyore3098,iter-A,1,0.25
Tobias_9,quack quack2128,iter-A,1,0.25
Tobias_91,eeyore3098,iter-A,1,0.25
Tobias_91,quack quack2126,iter-A,1,0.25
Tobias_91,quack quack2127,iter-A,1,0.25
Tobias_91,quack quack2642,iter-A,1,0.25
Tobias_91,quack quack2663,iter-A,1,0.25
Tobias_92,eeyore3097,iter-A,1,0.25
Tobias_92,honk honk1803,iter-A,1,0.25
Tobias_92,woof woof2673,iter-A,1,0.25
Tobias_92,woof woof2823,iter-A,1,0.25
Tobias_93,eeyore2815,iter-A,1,0.25
Tobias_93,eeyore2816,iter-A,1,0.25
Tobias_93,honk honk2671,iter-A,1,0.25
Tobias_93,honk honk2819,iter-A,1,0.25
Tobias_93,neenaw2122,iter-A,1,0.25
Tobias_93,neenaw2820,iter-A,1,0.25
Tobias_93,toot toot2130,iter-A,1,0.25
Tobias_93,woof woof2673,iter-A,1,0.25
Tobias_94,quack quack2124,iter-A,1,0.25
Tobias_94,quack quack2128,iter-A,1,0.25
Tobias_94,quack quack2643,iter-A,1,0.25
Tobias_95,eek eek1806,iter-A,1,0.25
Tobias_95,honk honk2671,iter-A,1,0.25
Tobias_96,ribbit ribbit3140,iter-A,1,0.25
Tobias_97,eeyore2815,iter-A,1,0.25
Tobias_97,honk honk1803,iter-A,1,0.25
Tobias_97,honk honk2817,iter-A,1,0.25
Tobias_97,honk honk2819,iter-A,1,0.25
Tobias_97,ribbit ribbit3100,iter-A,1,0.25
Tobias_97,woof woof2823,iter-A,1,0.25
Vincent_1,bravo2992,iter-A,1,0.25
Vincent_1,essaye2997,iter-A,1,0.25
Vincent_1,ici3000,iter-A,1,0.25
Vincent_1,le chien3002,iter-A,1,0.25
Vincent_1,marche pas3121,iter-A,1,0.25
Vincent_1,marche pas3122,iter-A,1,0.25
Vincent_1,marche pas3123,iter-A,1,0.25
Vincent_1,marche pas3125,iter-A,1,0.25
Vincent_10,allô2985,iter-A,1,0.25
Vincent_10,attends2988,iter-A,1,0.25
Vincent_10,bravo2989,iter-A,1,0.25
Vincent_10,le pain3005,iter-A,1,0.25
Vincent_10,marche pas3007,iter-A,1,0.25
Vincent_10,ok3009,iter-A,1,0.25
Vincent_10,super3010,iter-A,1,0.25
Vincent_100,a pas2982,iter-A,1,0.25
Vincent_100,allô2984,iter-A,1,0.25
Vincent_100,allô2985,iter-A,1,0.25
Vincent_100,allô2987,iter-A,1,0.25
Vincent_100,essaye2997,iter-A,1,0.25
Vincent_100,le chien3002,iter-A,1,0.25
Vincent_100,le pain3004,iter-A,1,0.25
Vincent_100,le pain3006,iter-A,1,0.25
Vincent_100,ok3009,iter-A,1,0.25
Vincent_100,super3010,iter-A,1,0.25
Vincent_100,voilà3015,iter-A,1,0.25
Vincent_12,a pas2982,iter-A,1,0.25
Vincent_12,allô2984,iter-A,1,0.25
Vincent_12,allô2987,iter-A,1,0.25
Vincent_12,bravo2989,iter-A,1,0.25
Vincent_12,essaye2997,iter-A,1,0.25
Vincent_12,le chien3002,iter-A,1,0.25
Vincent_12,super3010,iter-A,1,0.25
Vincent_12,un deux3012,iter-A,1,0.25
Vincent_12,un deux3013,iter-A,1,0.25
Vincent_12,voilà3016,iter-A,1,0.25
Vincent_14,allô2987,iter-A,1,0.25
Vincent_14,essaye2997,iter-A,1,0.25
Vincent_14,garage2999,iter-A,1,0.25
Vincent_14,le chien3002,iter-A,1,0.25
Vincent_15,attends2988,iter-A,1,0.25
Vincent_15,bravo2989,iter-A,1,0.25
Vincent_15,bravo2991,iter-A,1,0.25
Vincent_15,entends2996,iter-A,1,0.25
Vincent_15,le pain3003,iter-A,1,0.25
Vincent_15,marche pas3123,iter-A,1,0.25
Vincent_15,micro3008,iter-A,1,0.25
Vincent_18,allô2984,iter-A,1,0.25
Vincent_18,allô2987,iter-A,1,0.25
Vincent_18,bravo2991,iter-A,1,0.25
Vincent_18,essaye2997,iter-A,1,0.25
Vincent_18,le chien3002,iter-A,1,0.25
Vincent_18,le pain3003,iter-A,1,0.25
Vincent_18,un deux3013,iter-A,1,0.25
Vincent_19,allô2984,iter-A,1,0.25
Vincent_19,attends2988,iter-A,1,0.25
Vincent_19,bravo2992,iter-A,1,0.25
Vincent_19,chercher3115,iter-A,1,0.25
Vincent_19,entends2996,iter-A,1,0.25
Vincent_19,ici3001,iter-A,1,0.25
Vincent_19,marche pas3007,iter-A,1,0.25
Vincent_19,micro3008,iter-A,1,0.25
Vincent_19,ok3009,iter-A,1,0.25
Vincent_2,la lune2492,iter-A,1,0.25
Vincent_20,a pas2982,iter-A,1,0.25
Vincent_20,allô2984,iter-A,1,0.25
Vincent_20,allô2985,iter-A,1,0.25
Vincent_20,allô2986,iter-A,1,0.25
Vincent_20,ici3001,iter-A,1,0.25
Vincent_20,le pain3005,iter-A,1,0.25
Vincent_20,micro3008,iter-A,1,0.25
Vincent_20,ok3009,iter-A,1,0.25
Vincent_20,super3010,iter-A,1,0.25
Vincent_20,un deux3012,iter-A,1,0.25
Vincent_20,voilà3015,iter-A,1,0.25
Vincent_21,bravo2989,iter-A,1,0.25
Vincent_21,bravo2992,iter-A,1,0.25
Vincent_21,bravo2993,iter-A,1,0.25
Vincent_21,encore2995,iter-A,1,0.25
Vincent_21,essaye2997,iter-A,1,0.25
Vincent_21,ici3000,iter-A,1,0.25
Vincent_21,le chien3002,iter-A,1,0.25
Vincent_21,le pain3006,iter-A,1,0.25
Vincent_21,micro3008,iter-A,1,0.25
Vincent_21,super3010,iter-A,1,0.25
Vincent_21,un deux3013,iter-A,1,0.25
Vincent_22,a pas2982,iter-A,1,0.25
Vincent_22,bravo2990,iter-A,1,0.25
Vincent_22,bravo2993,iter-A,1,0.25
Vincent_22,encore2995,iter-A,1,0.25
Vincent_22,le pain3004,iter-A,1,0.25
Vincent_22,le pain3006,iter-A,1,0.25
Vincent_22,marche pas3007,iter-A,1,0.25
Vincent_22,marche pas3122,iter-A,1,0.25
Vincent_22,marche pas3123,iter-A,1,0.25
Vincent_22,marche pas3124,iter-A,1,0.25
Vincent_22,super3010,iter-A,1,0.25
Vincent_23,bravo2989,iter-A,1,0.25
Vincent_23,encore2995,iter-A,1,0.25
Vincent_23,le pain3004,iter-A,1,0.25
Vincent_23,un deux3013,iter-A,1,0.25
Vincent_24,la lune2492,iter-A,1,0.25
Vincent_24,là-haut1918,iter-A,1,0.25
Vincent_25,allô2984,iter-A,1,0.25
Vincent_25,allô2987,iter-A,1,0.25
Vincent_25,voilà3014,iter-A,1,0.25
Vincent_25,voilà3015,iter-A,1,0.25
Vincent_26,allô2984,iter-A,1,0.25
Vincent_26,bravo2991,iter-A,1,0.25
Vincent_26,bravo2993,iter-A,1,0.25
Vincent_26,ici3001,iter-A,1,0.25
Vincent_26,marche pas3007,iter-A,1,0.25
Vincent_26,ok3009,iter-A,1,0.25
Vincent_26,voilà3014,iter-A,1,0.25
Vincent_28,bravo2993,iter-A,1,0.25
Vincent_28,encore2995,iter-A,1,0.25
Vincent_28,marche pas3007,iter-A,1,0.25
Vincent_28,un deux3013,iter-A,1,0.25
Vincent_29,a pas2982,iter-A,1,0.25
Vincent_29,allô2707,iter-A,1,0.25
Vincent_29,attends2988,iter-A,1,0.25
Vincent_29,bravo2990,iter-A,1,0.25
Vincent_29,bravo2992,iter-A,1,0.25
Vincent_29,fermé2998,iter-A,1,0.25
Vincent_29,le pain3005,iter-A,1,0.25
Vincent_29,marche pas3120,iter-A,1,0.25
Vincent_29,marche pas3122,iter-A,1,0.25
Vincent_29,marche pas3124,iter-A,1,0.25
Vincent_29,marche pas3125,iter-A,1,0.25
Vincent_3,bravo2992,iter-A,1,0.25
Vincent_3,bravo2993,iter-A,1,0.25
Vincent_3,caché2994,iter-A,1,0.25
Vincent_3,essaye2997,iter-A,1,0.25
Vincent_3,ici3001,iter-A,1,0.25
Vincent_3,le pain3006,iter-A,1,0.25
Vincent_3,super3010,iter-A,1,0.25
Vincent_3,un deux3013,iter-A,1,0.25
Vincent_30,a pas2982,iter-A,1,0.25
Vincent_30,marche pas3124,iter-A,1,0.25
Vincent_30,marche pas3125,iter-A,1,0.25
Vincent_31,allô2707,iter-A,1,0.25
Vincent_31,allô2987,iter-A,1,0.25
Vincent_31,bravo2989,iter-A,1,0.25
Vincent_31,ici3001,iter-A,1,0.25
Vincent_31,le pain3004,iter-A,1,0.25
Vincent_31,micro3008,iter-A,1,0.25
Vincent_31,un deux3012,iter-A,1,0.25
Vincent_31,voilà3015,iter-A,1,0.25
Vincent_32,allô2984,iter-A,1,0.25
Vincent_32,allô2985,iter-A,1,0.25
Vincent_32,attends2988,iter-A,1,0.25
Vincent_32,essaye2997,iter-A,1,0.25
Vincent_32,garage2999,iter-A,1,0.25
Vincent_32,ici3000,iter-A,1,0.25
Vincent_32,un deux3013,iter-A,1,0.25
Vincent_32,voilà3015,iter-A,1,0.25
Vincent_33,bravo2991,iter-A,1,0.25
Vincent_33,caché2994,iter-A,1,0.25
Vincent_33,encore2995,iter-A,1,0.25
Vincent_33,entends2996,iter-A,1,0.25
Vincent_33,le pain3003,iter-A,1,0.25
Vincent_33,le pain3006,iter-A,1,0.25
Vincent_33,marche pas3121,iter-A,1,0.25
Vincent_33,marche pas3122,iter-A,1,0.25
Vincent_33,marche pas3124,iter-A,1,0.25
Vincent_34,allô2984,iter-A,1,0.25
Vincent_34,allô2987,iter-A,1,0.25
Vincent_34,attends2988,iter-A,1,0.25
Vincent_34,bravo2989,iter-A,1,0.25
Vincent_34,bravo2993,iter-A,1,0.25
Vincent_34,ici3000,iter-A,1,0.25
Vincent_34,le pain3003,iter-A,1,0.25
Vincent_34,le pain3004,iter-A,1,0.25
Vincent_34,le pain3006,iter-A,1,0.25
Vincent_34,super3010,iter-A,1,0.25
Vincent_34,un deux3013,iter-A,1,0.25
Vincent_34,voilà3015,iter-A,1,0.25
Vincent_35,le pain3003,iter-A,1,0.25
Vincent_35,le pain3005,iter-A,1,0.25
Vincent_35,marche pas3124,iter-A,1,0.25
Vincent_35,marche pas3125,iter-A,1,0.25
Vincent_36,a pas2982,iter-A,1,0.25
Vincent_36,bravo2989,iter-A,1,0.25
Vincent_36,bravo2992,iter-A,1,0.25
Vincent_36,le pain3004,iter-A,1,0.25
Vincent_36,marche pas3007,iter-A,1,0.25
Vincent_36,micro3008,iter-A,1,0.25
Vincent_36,super3010,iter-A,1,0.25
Vincent_36,un deux3013,iter-A,1,0.25
Vincent_36,voilà3014,iter-A,1,0.25
Vincent_36,voilà3016,iter-A,1,0.25
Vincent_37,voilà3014,iter-A,1,0.25
Vincent_38,a pas2982,iter-A,1,0.25
Vincent_38,le pain3004,iter-A,1,0.25
Vincent_38,le pain3005,iter-A,1,0.25
Vincent_38,marche pas3122,iter-A,1,0.25
Vincent_38,marche pas3123,iter-A,1,0.25
Vincent_38,marche pas3125,iter-A,1,0.25
Vincent_38,super3010,iter-A,1,0.25
Vincent_39,là-haut1915,iter-A,1,0.25
Vincent_39,là-haut1918,iter-A,1,0.25
Vincent_4,a pas2982,iter-A,1,0.25
Vincent_4,allô2707,iter-A,1,0.25
Vincent_4,bravo2989,iter-A,1,0.25
Vincent_4,encore2995,iter-A,1,0.25
Vincent_4,entends2996,iter-A,1,0.25
Vincent_4,ici3000,iter-A,1,0.25
Vincent_4,super3010,iter-A,1,0.25
Vincent_4,un deux3013,iter-A,1,0.25
Vincent_40,allô2707,iter-A,1,0.25
Vincent_40,allô2984,iter-A,1,0.25
Vincent_40,bravo2991,iter-A,1,0.25
Vincent_40,bravo2993,iter-A,1,0.25
Vincent_40,entends2996,iter-A,1,0.25
Vincent_40,ici3000,iter-A,1,0.25
Vincent_40,ici3001,iter-A,1,0.25
Vincent_40,un deux3013,iter-A,1,0.25
Vincent_40,voilà3016,iter-A,1,0.25
Vincent_41,le pain3005,iter-A,1,0.25
Vincent_41,super3010,iter-A,1,0.25
Vincent_42,allô2985,iter-A,1,0.25
Vincent_42,allô2986,iter-A,1,0.25
Vincent_42,allô2987,iter-A,1,0.25
Vincent_42,la lune2490,iter-A,1,0.25
Vincent_42,là-haut1916,iter-A,1,0.25
Vincent_42,là-haut1917,iter-A,1,0.25
Vincent_42,voilà3016,iter-A,1,0.25
Vincent_43,a pas2982,iter-A,1,0.25
Vincent_43,allô2986,iter-A,1,0.25
Vincent_43,attends2988,iter-A,1,0.25
Vincent_43,bravo2989,iter-A,1,0.25
Vincent_43,bravo2991,iter-A,1,0.25
Vincent_43,encore2995,iter-A,1,0.25
Vincent_43,entends2996,iter-A,1,0.25
Vincent_43,essaye2997,iter-A,1,0.25
Vincent_43,le pain3004,iter-A,1,0.25
Vincent_43,le pain3005,iter-A,1,0.25
Vincent_43,super3010,iter-A,1,0.25
Vincent_43,voilà3016,iter-A,1,0.25
Vincent_45,là-haut1915,iter-A,1,0.25
Vincent_46,bravo2990,iter-A,1,0.25
Vincent_46,bravo2991,iter-A,1,0.25
Vincent_46,bravo2992,iter-A,1,0.25
Vincent_46,ici3000,iter-A,1,0.25
Vincent_46,le pain3005,iter-A,1,0.25
Vincent_46,marche pas3007,iter-A,1,0.25
Vincent_46,marche pas3121,iter-A,1,0.25
Vincent_46,marche pas3122,iter-A,1,0.25
Vincent_46,micro3008,iter-A,1,0.25
Vincent_46,super3010,iter-A,1,0.25
Vincent_47,a pas2982,iter-A,1,0.25
Vincent_47,allô2707,iter-A,1,0.25
Vincent_47,fermé2998,iter-A,1,0.25
Vincent_47,le pain3006,iter-A,1,0.25
Vincent_48,caché2994,iter-A,1,0.25
Vincent_48,casser3114,iter-A,1,0.25
Vincent_48,essaye2997,iter-A,1,0.25
Vincent_49,accroche2983,iter-A,1,0.25
Vincent_49,attends2988,iter-A,1,0.25
Vincent_49,bravo2991,iter-A,1,0.25
Vincent_49,bravo2992,iter-A,1,0.25
Vincent_49,bravo2993,iter-A,1,0.25
Vincent_49,ici3000,iter-A,1,0.25
Vincent_49,le chien3002,iter-A,1,0.25
Vincent_49,marche pas3007,iter-A,1,0.25
Vincent_49,super3010,iter-A,1,0.25
Vincent_49,voilà3016,iter-A,1,0.25
Vincent_5,la lune2490,iter-A,1,0.25
Vincent_50,allô2984,iter-A,1,0.25
Vincent_50,allô2986,iter-A,1,0.25
Vincent_50,allô2987,iter-A,1,0.25
Vincent_50,caché2994,iter-A,1,0.25
Vincent_50,essaye2997,iter-A,1,0.25
Vincent_50,ici3001,iter-A,1,0.25
Vincent_50,le pain3003,iter-A,1,0.25
Vincent_50,le pain3005,iter-A,1,0.25
Vincent_50,le pain3006,iter-A,1,0.25
Vincent_50,un deux3012,iter-A,1,0.25
Vincent_50,voilà3015,iter-A,1,0.25
Vincent_51,la lune2491,iter-A,1,0.25
Vincent_52,essaye2997,iter-A,1,0.25
Vincent_53,allô2986,iter-A,1,0.25
Vincent_53,allô2987,iter-A,1,0.25
Vincent_53,là-haut1915,iter-A,1,0.25
Vincent_53,voilà3016,iter-A,1,0.25
Vincent_54,allô2707,iter-A,1,0.25
Vincent_54,allô2987,iter-A,1,0.25
Vincent_54,attends2988,iter-A,1,0.25
Vincent_54,bravo2992,iter-A,1,0.25
Vincent_54,encore2995,iter-A,1,0.25
Vincent_54,essaye3117,iter-A,1,0.25
Vincent_54,un deux3013,iter-A,1,0.25
Vincent_54,voilà3015,iter-A,1,0.25
Vincent_55,a pas2982,iter-A,1,0.25
Vincent_55,le pain3003,iter-A,1,0.25
Vincent_55,le pain3005,iter-A,1,0.25
Vincent_55,le pain3006,iter-A,1,0.25
Vincent_55,marche pas3122,iter-A,1,0.25
Vincent_55,marche pas3123,iter-A,1,0.25
Vincent_56,allô2707,iter-A,1,0.25
Vincent_56,allô2987,iter-A,1,0.25
Vincent_56,bravo2991,iter-A,1,0.25
Vincent_56,bravo2992,iter-A,1,0.25
Vincent_56,bravo2993,iter-A,1,0.25
Vincent_56,caché2994,iter-A,1,0.25
Vincent_56,ici3000,iter-A,1,0.25
Vincent_56,ici3001,iter-A,1,0.25
Vincent_56,le pain3003,iter-A,1,0.25
Vincent_56,marche pas3007,iter-A,1,0.25
Vincent_56,micro3008,iter-A,1,0.25
Vincent_56,ok3009,iter-A,1,0.25
Vincent_56,voilà3014,iter-A,1,0.25
Vincent_57,accroche2983,iter-A,1,0.25
Vincent_57,allô2985,iter-A,1,0.25
Vincent_57,bravo2993,iter-A,1,0.25
Vincent_57,chercher3116,iter-A,1,0.25
Vincent_57,encore2995,iter-A,1,0.25
Vincent_57,ici3001,iter-A,1,0.25
Vincent_57,le pain3005,iter-A,1,0.25
Vincent_57,micro3008,iter-A,1,0.25
Vincent_57,un deux3012,iter-A,1,0.25
Vincent_57,voilà3015,iter-A,1,0.25
Vincent_57,voilà3016,iter-A,1,0.25
Vincent_58,bravo2991,iter-A,1,0.25
Vincent_58,bravo2993,iter-A,1,0.25
Vincent_58,caché2994,iter-A,1,0.25
Vincent_58,entends2996,iter-A,1,0.25
Vincent_58,le pain3003,iter-A,1,0.25
Vincent_58,marche pas3007,iter-A,1,0.25
Vincent_58,marche pas3121,iter-A,1,0.25
Vincent_58,micro3008,iter-A,1,0.25
Vincent_59,chercher3116,iter-A,1,0.25
Vincent_59,le chien3002,iter-A,1,0.25
Vincent_6,bravo2989,iter-A,1,0.25
Vincent_6,bravo2993,iter-A,1,0.25
Vincent_6,entends2996,iter-A,1,0.25
Vincent_6,fermé2998,iter-A,1,0.25
Vincent_6,le chien3002,iter-A,1,0.25
Vincent_6,le pain3005,iter-A,1,0.25
Vincent_6,super3010,iter-A,1,0.25
Vincent_6,un deux3012,iter-A,1,0.25
Vincent_6,voilà3014,iter-A,1,0.25
Vincent_60,la lune2492,iter-A,1,0.25
Vincent_60,la lune2665,iter-A,1,0.25
Vincent_63,allô2986,iter-A,1,0.25
Vincent_63,allô2987,iter-A,1,0.25
Vincent_63,ici3000,iter-A,1,0.25
Vincent_63,ici3001,iter-A,1,0.25
Vincent_63,la lune2492,iter-A,1,0.25
Vincent_63,voilà3014,iter-A,1,0.25
Vincent_63,voilà3015,iter-A,1,0.25
Vincent_64,a pas2982,iter-A,1,0.25
Vincent_64,bravo2991,iter-A,1,0.25
Vincent_64,caché2994,iter-A,1,0.25
Vincent_64,encore2995,iter-A,1,0.25
Vincent_64,le chien3002,iter-A,1,0.25
Vincent_64,le pain3003,iter-A,1,0.25
Vincent_64,le pain3006,iter-A,1,0.25
Vincent_64,marche pas3007,iter-A,1,0.25
Vincent_64,marche pas3125,iter-A,1,0.25
Vincent_65,a pas2982,iter-A,1,0.25
Vincent_65,allô2987,iter-A,1,0.25
Vincent_65,bravo2991,iter-A,1,0.25
Vincent_65,caché2994,iter-A,1,0.25
Vincent_65,chercher3115,iter-A,1,0.25
Vincent_65,chercher3116,iter-A,1,0.25
Vincent_65,entends2996,iter-A,1,0.25
Vincent_65,essaye2997,iter-A,1,0.25
Vincent_65,ici3001,iter-A,1,0.25
Vincent_65,le pain3004,iter-A,1,0.25
Vincent_65,le pain3006,iter-A,1,0.25
Vincent_65,super3010,iter-A,1,0.25
Vincent_66,allô2985,iter-A,1,0.25
Vincent_66,allô2987,iter-A,1,0.25
Vincent_66,attends2988,iter-A,1,0.25
Vincent_66,bravo2992,iter-A,1,0.25
Vincent_66,le pain3003,iter-A,1,0.25
Vincent_66,le pain3006,iter-A,1,0.25
Vincent_66,marche pas3007,iter-A,1,0.25
Vincent_66,un deux3013,iter-A,1,0.25
Vincent_66,voilà3014,iter-A,1,0.25
Vincent_66,voilà3016,iter-A,1,0.25
Vincent_67,voilà3016,iter-A,1,0.25
Vincent_68,attends2988,iter-A,1,0.25
Vincent_68,bravo2992,iter-A,1,0.25
Vincent_68,caché2994,iter-A,1,0.25
Vincent_68,encore2995,iter-A,1,0.25
Vincent_68,entends2996,iter-A,1,0.25
Vincent_68,ici3001,iter-A,1,0.25
Vincent_68,le chien3002,iter-A,1,0.25
Vincent_68,ok3009,iter-A,1,0.25
Vincent_68,un deux3012,iter-A,1,0.25
Vincent_69,bravo2992,iter-A,1,0.25
Vincent_69,bravo2993,iter-A,1,0.25
Vincent_69,caché2994,iter-A,1,0.25
Vincent_69,entends2996,iter-A,1,0.25
Vincent_69,essaye2997,iter-A,1,0.25
Vincent_69,garage2999,iter-A,1,0.25
Vincent_69,ici3000,iter-A,1,0.25
Vincent_69,voilà3015,iter-A,1,0.25
Vincent_7,allô2984,iter-A,1,0.25
Vincent_7,allô2985,iter-A,1,0.25
Vincent_7,bravo2989,iter-A,1,0.25
Vincent_7,bravo2993,iter-A,1,0.25
Vincent_7,caché2994,iter-A,1,0.25
Vincent_7,encore2995,iter-A,1,0.25
Vincent_7,ici3000,iter-A,1,0.25
Vincent_7,un deux3013,iter-A,1,0.25
Vincent_7,voilà3016,iter-A,1,0.25
Vincent_70,allô2985,iter-A,1,0.25
Vincent_70,allô2987,iter-A,1,0.25
Vincent_70,attends2988,iter-A,1,0.25
Vincent_70,bravo2991,iter-A,1,0.25
Vincent_70,bravo2992,iter-A,1,0.25
Vincent_70,casser3114,iter-A,1,0.25
Vincent_70,encore2995,iter-A,1,0.25
Vincent_70,entends2996,iter-A,1,0.25
Vincent_70,le pain3005,iter-A,1,0.25
Vincent_70,marche pas3007,iter-A,1,0.25
Vincent_70,micro3008,iter-A,1,0.25
Vincent_70,un deux3012,iter-A,1,0.25
Vincent_71,allô2707,iter-A,1,0.25
Vincent_71,allô2986,iter-A,1,0.25
Vincent_71,bravo2989,iter-A,1,0.25
Vincent_71,bravo2992,iter-A,1,0.25
Vincent_71,caché2994,iter-A,1,0.25
Vincent_71,entends2996,iter-A,1,0.25
Vincent_71,ici3001,iter-A,1,0.25
Vincent_71,le pain3003,iter-A,1,0.25
Vincent_71,le pain3004,iter-A,1,0.25
Vincent_71,le pain3006,iter-A,1,0.25
Vincent_71,ok3009,iter-A,1,0.25
Vincent_71,super3010,iter-A,1,0.25
Vincent_71,un deux3013,iter-A,1,0.25
Vincent_72,allô2707,iter-A,1,0.25
Vincent_72,bravo2989,iter-A,1,0.25
Vincent_72,caché2994,iter-A,1,0.25
Vincent_72,encore2995,iter-A,1,0.25
Vincent_72,le chien3002,iter-A,1,0.25
Vincent_72,marche pas3007,iter-A,1,0.25
Vincent_72,super3010,iter-A,1,0.25
Vincent_72,un deux3013,iter-A,1,0.25
Vincent_72,voilà3016,iter-A,1,0.25
Vincent_73,allô2707,iter-A,1,0.25
Vincent_73,là-haut1916,iter-A,1,0.25
Vincent_73,là-haut1918,iter-A,1,0.25
Vincent_75,le chien3002,iter-A,1,0.25
Vincent_77,là-haut1915,iter-A,1,0.25
Vincent_78,la lune2491,iter-A,1,0.25
Vincent_79,bravo2993,iter-A,1,0.25
Vincent_79,encore2995,iter-A,1,0.25
Vincent_79,essaye2997,iter-A,1,0.25
Vincent_79,ici3000,iter-A,1,0.25
Vincent_79,ici3001,iter-A,1,0.25
Vincent_79,le pain3005,iter-A,1,0.25
Vincent_79,marche pas3007,iter-A,1,0.25
Vincent_79,ok3009,iter-A,1,0.25
Vincent_79,super3010,iter-A,1,0.25
Vincent_8,allô2984,iter-A,1,0.25
Vincent_8,caché2994,iter-A,1,0.25
Vincent_8,encore2995,iter-A,1,0.25
Vincent_8,entends2996,iter-A,1,0.25
Vincent_8,essaye3117,iter-A,1,0.25
Vincent_8,ici3000,iter-A,1,0.25
Vincent_8,la lune2492,iter-A,1,0.25
Vincent_81,a pas2982,iter-A,1,0.25
Vincent_81,allô2707,iter-A,1,0.25
Vincent_81,allô2984,iter-A,1,0.25
Vincent_81,allô2985,iter-A,1,0.25
Vincent_81,attends2988,iter-A,1,0.25
Vincent_81,bravo2989,iter-A,1,0.25
Vincent_81,fermé2998,iter-A,1,0.25
Vincent_81,le pain3003,iter-A,1,0.25
Vincent_81,le pain3004,iter-A,1,0.25
Vincent_81,le pain3005,iter-A,1,0.25
Vincent_81,micro3008,iter-A,1,0.25
Vincent_81,un deux3012,iter-A,1,0.25
Vincent_81,voilà3014,iter-A,1,0.25
Vincent_81,voilà3015,iter-A,1,0.25
Vincent_82,allô2707,iter-A,1,0.25
Vincent_82,allô2984,iter-A,1,0.25
Vincent_82,allô2986,iter-A,1,0.25
Vincent_82,allô2987,iter-A,1,0.25
Vincent_82,essaye3117,iter-A,1,0.25
Vincent_82,garage2999,iter-A,1,0.25
Vincent_82,la lune3119,iter-A,1,0.25
Vincent_82,le chien3002,iter-A,1,0.25
Vincent_82,voilà3016,iter-A,1,0.25
Vincent_83,allô2707,iter-A,1,0.25
Vincent_83,allô2985,iter-A,1,0.25
Vincent_83,bravo2992,iter-A,1,0.25
Vincent_83,bravo2993,iter-A,1,0.25
Vincent_83,encore2995,iter-A,1,0.25
Vincent_83,garage2999,iter-A,1,0.25
Vincent_83,ici3001,iter-A,1,0.25
Vincent_83,voilà3014,iter-A,1,0.25
Vincent_83,voilà3015,iter-A,1,0.25
Vincent_84,a pas2982,iter-A,1,0.25
Vincent_84,bravo2989,iter-A,1,0.25
Vincent_84,bravo2993,iter-A,1,0.25
Vincent_84,le pain3003,iter-A,1,0.25
Vincent_85,a pas2982,iter-A,1,0.25
Vincent_85,allô2707,iter-A,1,0.25
Vincent_85,attends2988,iter-A,1,0.25
Vincent_85,bravo2989,iter-A,1,0.25
Vincent_85,bravo2992,iter-A,1,0.25
Vincent_85,bravo2993,iter-A,1,0.25
Vincent_85,encore2995,iter-A,1,0.25
Vincent_85,ici3000,iter-A,1,0.25
Vincent_85,le pain3005,iter-A,1,0.25
Vincent_85,le pain3006,iter-A,1,0.25
Vincent_85,ok3009,iter-A,1,0.25
Vincent_85,un deux3013,iter-A,1,0.25
Vincent_85,voilà3016,iter-A,1,0.25
Vincent_87,l'avion2489,iter-A,1,0.25
Vincent_87,la lune2491,iter-A,1,0.25
Vincent_88,allô2985,iter-A,1,0.25
Vincent_88,allô2986,iter-A,1,0.25
Vincent_88,allô2987,iter-A,1,0.25
Vincent_88,attends2988,iter-A,1,0.25
Vincent_88,bravo2993,iter-A,1,0.25
Vincent_88,caché2994,iter-A,1,0.25
Vincent_88,la lune2492,iter-A,1,0.25
Vincent_88,le chien3002,iter-A,1,0.25
Vincent_88,voilà3014,iter-A,1,0.25
Vincent_88,voilà3015,iter-A,1,0.25
Vincent_89,allô2707,iter-A,1,0.25
Vincent_89,allô2984,iter-A,1,0.25
Vincent_89,allô2985,iter-A,1,0.25
Vincent_89,allô2986,iter-A,1,0.25
Vincent_89,casser3114,iter-A,1,0.25
Vincent_89,entends2996,iter-A,1,0.25
Vincent_89,essaye2997,iter-A,1,0.25
Vincent_89,ici3000,iter-A,1,0.25
Vincent_89,le pain3006,iter-A,1,0.25
Vincent_89,ok3009,iter-A,1,0.25
Vincent_90,allô2707,iter-A,1,0.25
Vincent_90,allô2985,iter-A,1,0.25
Vincent_90,allô2987,iter-A,1,0.25
Vincent_90,caché2994,iter-A,1,0.25
Vincent_90,essaye2997,iter-A,1,0.25
Vincent_90,ici3000,iter-A,1,0.25
Vincent_90,le pain3005,iter-A,1,0.25
Vincent_90,le pain3006,iter-A,1,0.25
Vincent_90,micro3008,iter-A,1,0.25
Vincent_90,voilà3014,iter-A,1,0.25
Vincent_91,allô2984,iter-A,1,0.25
Vincent_91,allô2985,iter-A,1,0.25
Vincent_91,allô2987,iter-A,1,0.25
Vincent_91,attends2988,iter-A,1,0.25
Vincent_91,casser3114,iter-A,1,0.25
Vincent_91,entends2996,iter-A,1,0.25
Vincent_91,le chien3002,iter-A,1,0.25
Vincent_91,le pain3006,iter-A,1,0.25
Vincent_91,marche pas3007,iter-A,1,0.25
Vincent_91,micro3008,iter-A,1,0.25
Vincent_91,un deux3012,iter-A,1,0.25
Vincent_92,attends2988,iter-A,1,0.25
Vincent_92,caché2994,iter-A,1,0.25
Vincent_92,ici3000,iter-A,1,0.25
Vincent_92,ici3001,iter-A,1,0.25
Vincent_92,le chien3002,iter-A,1,0.25
Vincent_92,le pain3003,iter-A,1,0.25
Vincent_92,le pain3006,iter-A,1,0.25
Vincent_92,micro3008,iter-A,1,0.25
Vincent_92,ok3009,iter-A,1,0.25
Vincent_92,super3010,iter-A,1,0.25
Vincent_93,allô2984,iter-A,1,0.25
Vincent_93,allô2985,iter-A,1,0.25
Vincent_93,allô2986,iter-A,1,0.25
Vincent_93,attends2988,iter-A,1,0.25
Vincent_93,bravo2989,iter-A,1,0.25
Vincent_93,bravo2992,iter-A,1,0.25
Vincent_93,ici3001,iter-A,1,0.25
Vincent_93,voilà3014,iter-A,1,0.25
Vincent_93,voilà3015,iter-A,1,0.25
Vincent_93,voilà3016,iter-A,1,0.25
Vincent_94,a pas2982,iter-A,1,0.25
Vincent_94,le pain3005,iter-A,1,0.25
Vincent_94,marche pas3121,iter-A,1,0.25
Vincent_94,marche pas3122,iter-A,1,0.25
Vincent_95,accroche2983,iter-A,1,0.25
Vincent_95,allô2985,iter-A,1,0.25
Vincent_95,allô2986,iter-A,1,0.25
Vincent_95,allô2987,iter-A,1,0.25
Vincent_95,voilà3016,iter-A,1,0.25
Vincent_96,bravo2989,iter-A,1,0.25
Vincent_96,bravo2993,iter-A,1,0.25
Vincent_96,entends2996,iter-A,1,0.25
Vincent_96,le chien3002,iter-A,1,0.25
Vincent_96,marche pas3123,iter-A,1,0.25
Vincent_96,marche pas3125,iter-A,1,0.25
Vincent_96,ok3009,iter-A,1,0.25
Vincent_97,la lune2492,iter-A,1,0.25
Vincent_98,a pas2982,iter-A,1,0.25
Vincent_98,allô2984,iter-A,1,0.25
Vincent_98,allô2986,iter-A,1,0.25
Vincent_98,bravo2989,iter-A,1,0.25
Vincent_98,entends2996,iter-A,1,0.25
Vincent_98,fermé2998,iter-A,1,0.25
Vincent_98,le chien3002,iter-A,1,0.25
Vincent_98,le pain3005,iter-A,1,0.25
Vincent_98,voilà3014,iter-A,1,0.25
Vincent_99,la lune2490,iter-A,1,0.25
Vincent_99,la lune2492,iter-A,1,0.25
