Language,Subject,Age,Gloss,IPAtarget,IPAactual1,IPAactual2,IPAactual3,IPAactual4,IPAactual5,IPAactual6,IPAactual7,IPAactual8
French,Charles,18,allo,alo,al:ɔ (*2),alo,al:ɔ (*2),NA,NA,NA,NA,NA
NA,NA,NA,assis,asi,as:a,aç,NA,NA,NA,NA,NA,NA
NA,NA,NA,attend,ata,atæ,aʥm,ʔaʨə,NA,NA,NA,NA,NA
NA,NA,NA,au revoir,ovwaʁ,avwa,vwa,NA,NA,NA,NA,NA,NA
NA,NA,NA,auto (im.),oto,a:to,hɔto,at,NA,NA,NA,NA,NA
NA,NA,NA,balle,bal,pa,NA,NA,NA,NA,NA,NA,NA
NA,NA,NA,boire,bwaʁ,bwa,vwa (*10),vwɜ,v:wa,ɔvwa,ɔv:wa,bya,NA
NA,NA,NA,NA,NA,vwa (*10),vwa (*10),vwa (*10),vwa (*10),vwa (*10),vwa (*10),vwa (*10),NA
NA,NA,NA,NA,NA,vwa (*10),vwa (*10),NA,NA,NA,NA,NA,NA
NA,NA,NA,boum,bum,bum,bøm (*2),b:ym,bøm (*2),NA,NA,NA,NA
NA,NA,NA,ça,sa,z:a,ʃ:a (*3),ʃa,sa,tʃa,ʃ:a (*3),ʃ:a (*3),NA
NA,NA,NA,c'est beau,sebo,abo (im.),habo: (im.),bɔ,NA,NA,NA,NA,NA
NA,NA,NA,c'est bon (im.),sebɔ,habo,NA,NA,NA,NA,NA,NA,NA
NA,NA,NA,chapeau,ʃapo,apo,hapo,a:pø (*3),ha:p:o,a:pø (*3),a:pø (*3),NA,NA
NA,NA,NA,chaud,ʃo,ʃo  (*2),ʃo  (*2),NA,NA,NA,NA,NA,NA
NA,NA,NA,chaussures,ʃosyʁ,ʒaʒo,ɛdʒo,NA,NA,NA,NA,NA,NA
NA,NA,NA,coucou,kuku,tʉtʉ (*2),toto (*3),tʉtʉ (*2),toto (*3),toto (*3),NA,NA,NA
NA,NA,NA,garçon,gaʁ=sɔ,haʒœ (*3),haʐœ,aʐa,haʃɔ,aʃə,haʒœ (*3),haʒœ (*3),NA
NA,NA,NA,lapin,lapɛ,apa (*10),haba,ɦapa,a:pa,apa (*10),apa (*10),apa (*10),NA
NA,NA,NA,NA,NA,apa (*10),apa (*10),apa (*10),apa (*10),apa (*10),apa (*10),NA,NA
NA,NA,NA,les yeux,lezjø,aʒo:,NA,NA,NA,NA,NA,NA,NA
NA,NA,NA,lolo (BT),lolo,ʎoʎo,biʎə,NA,NA,NA,NA,NA,NA
NA,NA,NA,maman,mama,mama (*7),mhamə,mʌma,mɛma,mama (*7),mama (*7),mama (*7),NA
NA,NA,NA,NA,NA,mama (*7),mama (*7),mama (*7),NA,NA,NA,NA,NA
NA,NA,NA,non-non,nɔnɔ,nɔnɔ,hənɔ,nɛna,nono,nəno (*7),nən,ɔno,NA
NA,NA,NA,NA,NA,nəno (*7),nəno (*7),nəno (*7),nəno (*7),nəno (*7),nəno (*7),NA,NA
NA,NA,NA,oiseau,wazo,abo:,apo,NA,NA,NA,NA,NA,NA
NA,NA,NA,papa,papa,papa (*3),papa (*3),papa (*3),NA,NA,NA,NA,NA
NA,NA,NA,poupée,pupe,bapa,NA,NA,NA,NA,NA,NA,NA
NA,NA,NA,tiens,tjɛ,ta (*15),tæ,tə,ʤa,ta (*15),ta (*15),ta (*15),NA
NA,NA,NA,NA,NA,ta (*15),ta (*15),ta (*15),ta (*15),ta (*15),ta (*15),ta (*15),NA
NA,NA,NA,NA,NA,ta (*15),ta (*15),ta (*15),ta (*15),NA,NA,NA,NA
NA,NA,NA,va pas,vapa,apa (*3),hapa (im.),apæ,apa (*3),apa (*3),NA,NA,NA
NA,NA,NA,(à) voire,vwaʁ,vwa,abvwa,av:wa,ɦəva,avwa,NA,NA,NA
NA,NA,NA,miammiam,mjamjam,am (*3),hæm (*2),ʌm,am (*3),am (*3),hæm (*2),NA,NA
NA,Gaël,22,accrocher,akʁɔʃe,xʁoʃe,xoʃe,NA,NA,NA,NA,NA,NA
NA,NA,NA,ballon,balo,lalo:,NA,NA,NA,NA,NA,NA,NA
NA,NA,NA,bébé,bebe,bebe (*12),bebe (*12),bebe (*12),bebe (*12),bebe (*12),bebe (*12),bebe (*12),NA
NA,NA,NA,NA,NA,bebe (*12),bebe (*12),bebe (*12),bebe (*12),bebe (*12),NA,NA,NA
NA,NA,NA,bleu,blø,be:e,blœ,ble:,blœ:e (*2),blœ: (*3),blœ:e (*2),blœ: (*3),NA
NA,NA,NA,NA,NA,blœ: (*3),NA,NA,NA,NA,NA,NA,NA
NA,NA,NA,c'est ça,sesa,esa (*11),es,esa:,əsa (*5),əsea,esa (*11),esa (*11),NA
NA,NA,NA,NA,NA,sesa,esa (*11),esa (*11),esa (*11),esa (*11),esa (*11),esa (*11),NA
NA,NA,NA,NA,NA,esa (*11),esa (*11),əsa (*5),əsa (*5),əsa (*5),əsa (*5),NA,NA
NA,NA,NA,casser,kase,sase,ase,NA,NA,NA,NA,NA,NA
NA,NA,NA,chercher,ʃɛʁ=ʃe,ʃaʃe,aʃe,ase,NA,NA,NA,NA,NA
NA,NA,NA,la dame la,ladam=la,adalə,NA,NA,NA,NA,NA,NA,NA
NA,NA,NA,dedans,dəda,ada,NA,NA,NA,NA,NA,NA,NA
NA,NA,NA,deux,dø,dœ,NA,NA,NA,NA,NA,NA,NA
NA,NA,NA,dodo,dodo,dodo,NA,NA,NA,NA,NA,NA,NA
NA,NA,NA,dormir,doʁ=mi,doʁ,NA,NA,NA,NA,NA,NA,NA
NA,NA,NA,écrit,ekʁi,eχri,iχri,NA,NA,NA,NA,NA,NA
NA,NA,NA,feu,fø,əfœ:,NA,NA,NA,NA,NA,NA,NA
NA,NA,NA,Gael?,gaɛl,gaʔal,NA,NA,NA,NA,NA,NA,NA
NA,NA,NA,grelot,gʁəlo,eχo,NA,NA,NA,NA,NA,NA,NA
NA,NA,NA,gros,gʁo,egro:,egro (*2),egro (*2),NA,NA,NA,NA,NA
NA,NA,NA,grosse,gʁos,egrəs,NA,NA,NA,NA,NA,NA,NA
NA,NA,NA,ici,isi,is,isi,NA,NA,NA,NA,NA,NA
NA,NA,NA,là,la,la (*19),la (*19),la (*19),la (*19),la (*19),la (*19),la (*19),NA
NA,NA,NA,NA,NA,la (*19),la (*19),la (*19),la (*19),la (*19),la (*19),la (*19),NA
NA,NA,NA,NA,NA,la (*19),la (*19),la (*19),la (*19),la (*19),NA,NA,NA
NA,NA,NA,là bas,laba,aba (*2),aba (*2),NA,NA,NA,NA,NA,NA
NA,NA,NA,machine,maʃin,ʃe,aʃe,NA,NA,NA,NA,NA,NA
NA,NA,NA,maman,mama,mama (*3),ma (*2),mama,ama,mama (*3),mama (*3),ma (*2),NA
NA,NA,NA,non,no,no (*2),no (*2),NA,NA,NA,NA,NA,NA
NA,NA,NA,ouais,we,wɛ (*6),we,wɛ (*6),wɛ (*6),wɛ (*6),wɛ (*6),wɛ (*6),NA
NA,NA,NA,oui,wi,wi (*7),we,wi (*7),wi (*7),wi (*7),wi (*7),wi (*7),NA
NA,NA,NA,NA,NA,wi (*7),NA,NA,NA,NA,NA,NA,NA
NA,NA,NA,ouvre,uvʁ,euv,euvr (*2),auvre,vχe,œvre,euvr (*2),NA,NA
NA,NA,NA,ouvrir,uvʁiʁ,oχri,uχri,uvχri (*2),auvri,uvχre,uvχri (*2),NA,NA
NA,NA,NA,papa,papa,papa,epap,pap,NA,NA,NA,NA,NA
NA,NA,NA,pas,pa,epa,apa,NA,NA,NA,NA,NA,NA
NA,NA,NA,plus,ply,aplœ,NA,NA,NA,NA,NA,NA,NA
NA,NA,NA,roue,ʁu,iχu (*2),iχu (*2),NA,NA,NA,NA,NA,NA
NA,NA,NA,rouge,ʁuʒ,rojo,NA,NA,NA,NA,NA,NA,NA
NA,NA,NA,sou,su,esu (*3),esu (*3),esu (*3),NA,NA,NA,NA,NA
NA,NA,NA,tas,ta,ta (*2),ta:,ota (*2),ta (*2),ota (*2),NA,NA,NA
NA,NA,NA,tout seul,tusøl,tusɛ,NA,NA,NA,NA,NA,NA,NA
NA,NA,NA,trax,tʁaks,χras,NA,NA,NA,NA,NA,NA,NA
NA,NA,NA,vert,vɛʁ,vɛ,NA,NA,NA,NA,NA,NA,NA
NA,NA,NA,voiture,vwatyʁ,tɛty (*2),tɛty (*2),NA,NA,NA,NA,NA,NA
NA,Laurent,17,aîe,ai,ʔa:i:,a:jœ,ʔai,a:i,NA,NA,NA,NA
NA,NA,NA,allo,alo,alo,ʔaʔalʌ,ʔøalo,NA,NA,NA,NA,NA
NA,NA,NA,ballon,balɔ,palɔ,bəl,NA,NA,NA,NA,NA,NA
NA,NA,NA,bébé,bebe,bəbə,NA,NA,NA,NA,NA,NA,NA
NA,NA,NA,boire,bwaʁ,ʔø:habʉa:bja,go:mabyao,NA,NA,NA,NA,NA,NA
NA,NA,NA,brosse,bʁɔs,bəla,pʌla,NA,NA,NA,NA,NA,NA
NA,NA,NA,caca,kaka,kɒka,NA,NA,NA,NA,NA,NA,NA
NA,NA,NA,canard coincoin,kanaʁ,kɔɭa,kɔlɔa,kwalakwala,NA,NA,NA,NA,NA
NA,NA,NA,chapeau,ʃapo,bolo (x2),bobo (x5),əbolo,bəbɔbo,mabəmã,NA,NA,NA
NA,NA,NA,NA,NA,pobo,bɔbobo,bɔɟə,bøilø,bølo,NA,NA,NA
NA,NA,NA,chaussures,ʃosyʁ,ʃoʃy,ʒəʃa:tizə,bɛʒɨʒeʒəje,NA,NA,NA,NA,NA
NA,NA,NA,coucou,kuku,kuku,kukɔ:,kɤkɤ,tɤdɤ,NA,NA,NA,NA
NA,NA,NA,coucou là,kukula,kukula,NA,NA,NA,NA,NA,NA,NA
NA,NA,NA,cuillère,kwijɛʁ,kola (x2),kɔja,koləkola,NA,NA,NA,NA,NA
NA,NA,NA,canard dans l'eau,kanaʁ=dalo,balad:alo,watəladlatəlo,NA,NA,NA,NA,NA,NA
NA,NA,NA,de l'eau,dəlo,dəlo,ʔθdəlo,dœɦədəlo,dəldəlo,bəl:o (x2),NA,NA,NA
NA,NA,NA,NA,NA,tola,tøldœlo,pɔlədəlo,pøtɜlo,køvɜlavatølo,NA,NA,NA
NA,NA,NA,NA,NA,bəlo,tølo,NA,NA,NA,NA,NA,NA
NA,NA,NA,Didier,didje,dədjɨ,NA,NA,NA,NA,NA,NA,NA
NA,NA,NA,dodo,dodo,dodɔ,NA,NA,NA,NA,NA,NA,NA
NA,NA,NA,donne nano,dɔn=nano,dəa nona,NA,NA,NA,NA,NA,NA,NA
NA,NA,NA,gateau,gato,tato (x3),təto (x2),tatø,totot,kto,NA,NA,NA
NA,NA,NA,kekette,kekɛt,kake,NA,NA,NA,NA,NA,NA,NA
NA,NA,NA,Kola,kola,kɔla (x4),kəla,kolɛ̃ (x3),xola,kola,NA,NA,NA
NA,NA,NA,la dame là,ladamla,lələdala,NA,NA,NA,NA,NA,NA,NA
NA,NA,NA,maman,mama,mama,mʌmɛ,ama,mamʌ,məmʌʓəla,NA,NA,NA
NA,NA,NA,moi (là),mwa,pɔmaɥa,jemo,əma,məmamʌmʌ,NA,NA,NA,NA
NA,NA,NA,nano,nano,nano (x3),nanʌ,na:nʌ,NA,NA,NA,NA,NA
NA,NA,NA,non,nɔ,na,nəa:ɛ,na:nɔ,na:ø,nɔ,NA,NA,NA
NA,NA,NA,papa,papa,papa (*3),bapa,NA,NA,NA,NA,NA,NA
NA,NA,NA,tiens,tjɛ,ta (*3),ta,NA,NA,NA,NA,NA,NA
NA,NA,NA,voilà,vwala,wal:a,ba:laʔ,ɥala,NA,NA,NA,NA,NA
NA,NA,NA,miam,məma,mənam,ma:m,mʌmɛ,mamæ,mamam,NA,NA,NA
NA,NA,NA,hihan,hiha,apɨ,NA,NA,NA,NA,NA,NA,NA
NA,Noël,18,ballon,balɔ,βan,banɵ,NA,NA,NA,NA,NA,NA
NA,NA,NA,banane,banan,ban:,pɛ,baɖa,bəʤæ,NA,NA,NA,NA
NA,NA,NA,biberon?,bibəʁɔ,baƺabɜnɛ,NA,NA,NA,NA,NA,NA,NA
NA,NA,NA,ça,sa,ta (*2),ʔa,tə,ȶə,ta (*2),NA,NA,NA
NA,NA,NA,canard,kanaʁ,tɛt,tɛta,ətata,tætæ,batæ,NA,NA,NA
NA,NA,NA,chapeaux,ʃapo,pʌpʌ,NA,NA,NA,NA,NA,NA,NA
NA,NA,NA,couches,kuʃ,t:ə,tɵ,ƫɵ (*2),ƫɵ (*2),NA,NA,NA,NA
NA,NA,NA,dodo,dodo,ƫəƫo,NA,NA,NA,NA,NA,NA,NA
NA,NA,NA,donne,dɔn,dʌn,dɔn,NA,NA,NA,NA,NA,NA
NA,NA,NA,fraise,fʁɛz,wʉʒʉ,NA,NA,NA,NA,NA,NA,NA
NA,NA,NA,gateau,gato,taƫɵ,taƫo,tjøtato,tatatɔ,tsəƫato,pəƫaƫə,NA,NA
NA,NA,NA,NA,NA,ʌmtʃpɛtɵ,ƫataƫo (*2),ƫapa:to,tætæto,ƫataƫo (*2),NA,NA,NA
NA,NA,NA,lapin,lapɛ,pəpa,papɛ,papa,pʌp:ɛ,papʌ,papɛm,NA,NA
NA,NA,NA,NA,NA,əpəp:a,pap:əpɜ,papɛ,papɛ,papɛ,papɛ,papɛ,NA
NA,NA,NA,l’eau,lo,ʎo,ʎʌ,lʌ,lɵ,lo:,"ɭo (i, *2)","ɭo (i, *2)",NA
NA,NA,NA,main,mɛ,ma:ɛ,mna,pæma,NA,NA,NA,NA,NA
NA,NA,NA,maman,mama,ʔɛmamæ,hɛmamɜ,amama,mama,NA,NA,NA,NA
NA,NA,NA,non,nɔ,nɔ,nɔ,NA,NA,NA,NA,NA,NA
NA,NA,NA,wouf wouf,wawa,wawa,wowɔ,wawɔ,owowɔ,wø:a,ʉaʉa,NA,NA
NA,NA,NA,NA,NA,ʔɵvwa,ʔawawa,ʔɔwo,wɤwo,pøwa,wøwa,NA,NA
NA,NA,NA,pain,pɛ,pa,pʌ,pʌ,pap,ʔapæ,NA,NA,NA
NA,NA,NA,paletot,pal=to,papa,papapo,pəpapo,NA,NA,NA,NA,NA
NA,NA,NA,papa,papa,papa,NA,NA,NA,NA,NA,NA,NA
NA,NA,NA,par là,paʁ=la,pɜɭa,NA,NA,NA,NA,NA,NA,NA
NA,NA,NA,peinture,pɛtyʁ,pan,papan,pəpal,NA,NA,NA,NA,NA
NA,NA,NA,poire,pwaʁ,pə,pœn,NA,NA,NA,NA,NA,NA
NA,NA,NA,pomme,pɔm,pə,pam,pø,NA,NA,NA,NA,NA
NA,NA,NA,poule,pul,p:aɛ,pɜ:ɛ,NA,NA,NA,NA,NA,NA
NA,NA,NA,poum,pum,pʌm,NA,NA,NA,NA,NA,NA,NA
NA,NA,NA,poupée,pupe,pɜa,pəpe,NA,NA,NA,NA,NA,NA
NA,NA,NA,savon,savɔ,ʔəwə,ə:ɥɵ,NA,NA,NA,NA,NA,NA
NA,NA,NA,tiens,tjɛ,tɛtɛɲ,ten: (*2),ƫɛn (*2),tən,tøn,tʌn (*2),NA,NA
NA,NA,NA,NA,NA,tʌn (*2),tɛn (*3),ten: (*2),ƫɛn (*2),tɛn (*3),tɛn (*3),NA,NA
Estonian,Linda,16,aitäh,ɑittæhːh,ɑit:æːː,NA,NA,NA,NA,NA,NA,NA
NA,NA,NA,alla,alːla,al:ʲa,NA,NA,NA,NA,NA,NA,NA
NA,NA,NA,auto,autto,ɑut:ʲo,oːt:ʲo (2),ot:ʲo,ɑt:ʲo,oːt:ʲo (2),NA,NA,NA
NA,NA,NA,Eddy,etʲi,et:ʲihːh,NA,NA,NA,NA,NA,NA,NA
NA,NA,NA,Emili,emili,emi,em:i (2),em:i (2),NA,NA,NA,NA,NA
NA,NA,NA,emme,emme,m:æ,m:e,emːmeh,NA,NA,NA,NA,NA
NA,NA,NA,hästi,hæsːtʲi,æsːtʲi,NA,NA,NA,NA,NA,NA,NA
NA,NA,NA,issi,issʲi,isːsʲ,NA,NA,NA,NA,NA,NA,NA
NA,NA,NA,jook,joːkː,oːːikʲ (im.),oːːk (im.),o:,NA,NA,NA,NA,NA
NA,NA,NA,juuksed,juːkkset,uːksʲ (im.),NA,NA,NA,NA,NA,NA,NA
NA,NA,NA,käes,kæeːs,kæeː (im.),NA,NA,NA,NA,NA,NA,NA
NA,NA,NA,(kiiga)-kaaga,kɑːkɑ,kɑːkɑ,NA,NA,NA,NA,NA,NA,NA
NA,NA,NA,kinni,kinːnʲi,kinːnʲi,NA,NA,NA,NA,NA,NA,NA
NA,NA,NA,kõik,kɤikː,kɤkːʲ (4),kɤiʲkː (5),kɤkːʲ (4),kɤkːʲ (4),kɤkːʲ (4),NA,NA,NA
NA,NA,NA,NA,NA,kɤiʲkː (5),kɤiʲkː (5),kɤiʲkː (5),kɤiʲkː (5),NA,NA,NA,NA
NA,NA,NA,kukkus,kukːkus,kuk:us,NA,NA,NA,NA,NA,NA,NA
NA,NA,NA,kukuu,kukkuːː,kok:u (im.),NA,NA,NA,NA,NA,NA,NA
NA,NA,NA,külm,kylːm,kulː (im.),NA,NA,NA,NA,NA,NA,NA
NA,NA,NA,kulmud,kulmut,kul:ʲu,kul:ʲ,NA,NA,NA,NA,NA,NA
NA,NA,NA,kuum,kuːːm,puːum,ku:u,NA,NA,NA,NA,NA,NA
NA,NA,NA,liblikas,liplʲikɑs,æp:iʲ,lepi (im.),NA,NA,NA,NA,NA,NA
NA,NA,NA,mõnna,mɤnnʲɑ,mɤnːnʲɑ,mɤn:ʲɑ,NA,NA,NA,NA,NA,NA
NA,NA,NA,naba,nɑpɑ,æɓɓɑ (im.),NA,NA,NA,NA,NA,NA,NA
NA,NA,NA,nämm[-nämm],nʲæmː,æmː,NA,NA,NA,NA,NA,NA,NA
NA,NA,NA,oi,oiːːʲ,oeːː,NA,NA,NA,NA,NA,NA,NA
NA,NA,NA,onu,onu,onʲu,NA,NA,NA,NA,NA,NA,NA
NA,NA,NA,opa,oppɑ,æp:ɑ,NA,NA,NA,NA,NA,NA,NA
NA,NA,NA,pall,pɑlːʲ,pɑlːʲ,NA,NA,NA,NA,NA,NA,NA
NA,NA,NA,palun,pɑlun,pɑ  lu,NA,NA,NA,NA,NA,NA,NA
NA,NA,NA,Paul,pɑuːl,pɑu,NA,NA,NA,NA,NA,NA,NA
NA,NA,NA,pea,peɑ,ɓɑːː (im.),NA,NA,NA,NA,NA,NA,NA
NA,NA,NA,piim,piːːm,ɓihːh,ɓi,ɓiːː,NA,NA,NA,NA,NA
NA,NA,NA,poiss,poisːs,posːsʲ,NA,NA,NA,NA,NA,NA,NA
NA,NA,NA,prõnn,pprɤnːʲ,ɤnːʲ,NA,NA,NA,NA,NA,NA,NA
NA,NA,NA,ruttu,rutːtu,ut:ʲu (5),utːtʲu (2),utːtʲu (2),NA,NA,NA,NA,NA
NA,NA,NA,tädi,tæti,tæt:i,tætːʲ,NA,NA,NA,NA,NA,NA
NA,NA,NA,tiss,tisːs,tesːs,NA,NA,NA,NA,NA,NA,NA
NA,NA,NA,tööle,tøːːle,tøːjæ (Q2),NA,NA,NA,NA,NA,NA,NA
NA,NA,NA,tuttu,tutːtʲu,tutːtʲu,NA,NA,NA,NA,NA,NA,NA
NA,NA,NA,venna,venːɑ,n:ʲɑ,en:ʲɑ (2),NA,NA,NA,NA,NA,NA
NA,NA,NA,võtab,vɤttap,ɤː  t:ɑ,NA,NA,NA,NA,NA,NA,NA
NA,Linda,17,ahv,ɑhv,ɑhv,NA,NA,NA,NA,NA,NA,NA
NA,NA,NA,ai,ɑiːː,ɑiːːʲ,NA,NA,NA,NA,NA,NA,NA
NA,NA,NA,aknast,akknastt,ak:a,NA,NA,NA,NA,NA,NA,NA
NA,NA,NA,auto,autto,ɑt:ɑ,NA,NA,NA,NA,NA,NA,NA
NA,NA,NA,Eddy,etʲi,t:ʲi,etʲi,etʲsʲi,NA,NA,NA,NA,NA
NA,NA,NA,emme,emme,em:æ,NA,NA,NA,NA,NA,NA,NA
NA,NA,NA,hallo,hɑllo,ɑiljo,NA,NA,NA,NA,NA,NA,NA
NA,NA,NA,hästi,hæsːtʲi,æsːtʲi,NA,NA,NA,NA,NA,NA,NA
NA,NA,NA,haugub,hɑukup,ɑuk:u (2),auk:,ɑuk:u (2),NA,NA,NA,NA,NA
NA,NA,NA,issi,issʲi,is:ʲi,NA,NA,NA,NA,NA,NA,NA
NA,NA,NA,käed,kæet,kæːː,NA,NA,NA,NA,NA,NA,NA
NA,NA,NA,kaisa,kɑisɑ,kɑsːs  ɑ,NA,NA,NA,NA,NA,NA,NA
NA,NA,NA,karu,kɑru,kɑlʲu (2),tavu,kɑlʲu (2),NA,NA,NA,NA,NA
NA,NA,NA,käru,kæru,kɑlʲu,kæːlʲu,NA,NA,NA,NA,NA,NA
NA,NA,NA,keel,keːːl,ke̝eːː,NA,NA,NA,NA,NA,NA,NA
NA,NA,NA,kinni,kinːnʲi,kinːnʲi (2),kinːnʲi (2),NA,NA,NA,NA,NA,NA
NA,NA,NA,kleeps,kleːːpps,kip:s,NA,NA,NA,NA,NA,NA,NA
NA,NA,NA,kokku,kokːku,kok:u,kuk:u,kuk:ku,NA,NA,NA,NA,NA
NA,NA,NA,koll,kolːl,koe̝lːl,NA,NA,NA,NA,NA,NA,NA
NA,NA,NA,kombain,kompaiːn,pɑiʲ (10),pɑiʲ (10),pɑiʲ (10),pɑiʲ (10),pɑiʲ (10),NA,NA,NA
NA,NA,NA,NA,NA,pɑiʲ (10),pɑiʲ (10),pɑiʲ (10),pɑiʲ (10),pɑiʲ (10),NA,NA,NA
NA,NA,NA,konn,konːn,konːn,NA,NA,NA,NA,NA,NA,NA
NA,NA,NA,kukk,kukːk,kukːk,NA,NA,NA,NA,NA,NA,NA
NA,NA,NA,kukkus,kukkus,ku-k:u,NA,NA,NA,NA,NA,NA,NA
NA,NA,NA,kuu,kuːː,kuːː (2),kuːː (2),NA,NA,NA,NA,NA,NA
NA,NA,NA,lahti,lahːːtti [Q3],kahːht:i [Q3],NA,NA,NA,NA,NA,NA,NA
NA,NA,NA,mähku,mæhkku,mæhk:u (2),mæhk:u (2),NA,NA,NA,NA,NA,NA
NA,NA,NA,meie,meie,meie [Q2],NA,NA,NA,NA,NA,NA,NA
NA,NA,NA,mürame,myrɑme,mylːʲɑ [Q2],NA,NA,NA,NA,NA,NA,NA
NA,NA,NA,muu,muːː,muːː,NA,NA,NA,NA,NA,NA,NA
NA,NA,NA,oma,oma,oma,NA,NA,NA,NA,NA,NA,NA
NA,NA,NA,õuna,ɤuna,ounɑ,NA,NA,NA,NA,NA,NA,NA
NA,NA,NA,päike,pæikke,pɑːk:e,pæːk:e,NA,NA,NA,NA,NA,NA
NA,NA,NA,pall,pɑlːʲ,pɑlːʲ,NA,NA,NA,NA,NA,NA,NA
NA,NA,NA,pallid,pɑllit,pɑl:i,NA,NA,NA,NA,NA,NA,NA
NA,NA,NA,panda,pɑntɑ,pɑt:ɑ (2),pa:t:a (2),pa:ta,pɑt:ɑ (2),pa:t:a (2),NA,NA,NA
NA,NA,NA,pissu,pissu,pis:ʲu,is:ʲu,NA,NA,NA,NA,NA,NA
NA,NA,NA,pluus,pluːus,puːu,NA,NA,NA,NA,NA,NA,NA
NA,NA,NA,porgandit,porkɑnʲtitt,pok:ɑ (im+spont) (2),puk:a,pup:a,pok:ɑ (im+spont) (2),NA,NA,NA,NA
NA,NA,NA,prõnn,pprɤnːʲ,ɤnːʲ,NA,NA,NA,NA,NA,NA,NA
NA,NA,NA,rattad,rattat,ɑt:ɑ,NA,NA,NA,NA,NA,NA,NA
NA,NA,NA,ruttu,rutːtu,ut:ːʲuːː,NA,NA,NA,NA,NA,NA,NA
NA,NA,NA,seda,setɑ,et:ʲɑ,NA,NA,NA,NA,NA,NA,NA
NA,NA,NA,see,seːː,teːː,NA,NA,NA,NA,NA,NA,NA
NA,NA,NA,siia,siːːɑ,tiːːɑ,NA,NA,NA,NA,NA,NA,NA
NA,NA,NA,siin,siːːn,tiːː (2),tiːː (2),NA,NA,NA,NA,NA,NA
NA,NA,NA,sisse,sisːse,isːʲe,NA,NA,NA,NA,NA,NA,NA
NA,NA,NA,tädi,tæti,tæːtʲi,NA,NA,NA,NA,NA,NA,NA
NA,NA,NA,teine,tteine,tiːni,NA,NA,NA,NA,NA,NA,NA
NA,NA,NA,teise,tteise,tisːe (2),tisːe (2),NA,NA,NA,NA,NA,NA
NA,NA,NA,tööle,tøːːle [Q3],tøːjæ (Q2),NA,NA,NA,NA,NA,NA,NA
NA,NA,NA,traktor,trɑkkːttor,tɑk:ɑ (5),tɑk:ɑ (5),tɑk:ɑ (5),tɑk:ɑ (5),tɑk:ɑ (5),NA,NA,NA
NA,NA,NA,tühjaks,tyhjɑkks,tyhhjɑ,NA,NA,NA,NA,NA,NA,NA
NA,NA,NA,üks,ykks,øk:s,yk:s,NA,NA,NA,NA,NA,NA
NA,NA,NA,vaata,vɑːːtːɑ,ɑːt:tʲɑ,vɑːtːtʲɑ,vɑː  t:tʲɑ,NA,NA,NA,NA,NA
NA,NA,NA,veel,veːːl,eːː,NA,NA,NA,NA,NA,NA,NA
NA,NA,NA,venna,venːɑ,ven:ʲɑ (5),ven:ʲɑ (5),ven:ʲɑ (5),ven:ʲɑ (5),ven:ʲɑ (5),NA,NA,NA
NA,Antsu,20,ai,ɑi,ɑi,æi,NA,NA,NA,NA,NA,NA
NA,NA,NA,aitäh,ɑitæh,ɑitæh,ɑitæːː,NA,NA,NA,NA,NA,NA
NA,NA,NA,aken,ɑkken,ɑk:i,NA,NA,NA,NA,NA,NA,NA
NA,NA,NA,all,ɑlː,ɑlː,NA,NA,NA,NA,NA,NA,NA
NA,NA,NA,ämber,æmper,ɑup:uː,NA,NA,NA,NA,NA,NA,NA
NA,NA,NA,amps,ɑmps,ɑps,NA,NA,NA,NA,NA,NA,NA
NA,NA,NA,Anna,ɑnnɑ,ɑn:ɑ,NA,NA,NA,NA,NA,NA,NA
NA,NA,NA,Antsu (Andreas),ɑntsu,ɑntsu,ɑtsu,NA,NA,NA,NA,NA,NA
NA,NA,NA,auh,ɑuh,auh,NA,NA,NA,NA,NA,NA,NA
NA,NA,NA,auku,ɑukku,ɑuk:u,NA,NA,NA,NA,NA,NA,NA
NA,NA,NA,auto,ɑutto,ɑut:o,ɑut:ɑ,NA,NA,NA,NA,NA,NA
NA,NA,NA,banaanid,pɑnɑːnit,pɑn:i,NA,NA,NA,NA,NA,NA,NA
NA,NA,NA,buss,pusː,pusː,NA,NA,NA,NA,NA,NA,NA
NA,NA,NA,bussi,pusːsi,pus:i,NA,NA,NA,NA,NA,NA,NA
NA,NA,NA,bussiga,pussikɑ,pus:ik:ɑ,NA,NA,NA,NA,NA,NA,NA
NA,NA,NA,ei saa,ei sɑːː,eisɑːː,æisɑːː,NA,NA,NA,NA,NA,NA
NA,NA,NA,ei taha,ei tɑhɑ,ɑt:ːː,eitɑːː,eːtɑhɑːː,NA,NA,NA,NA,NA
NA,NA,NA,Eiki,eiːki,eki,eiːki,NA,NA,NA,NA,NA,NA
NA,NA,NA,emme,emme,em:æ,em:e,æm:æ,NA,NA,NA,NA,NA
NA,NA,NA,Erel,erel,elːle,ele,NA,NA,NA,NA,NA,NA
NA,NA,NA,georg,keork,koːr,NA,NA,NA,NA,NA,NA,NA
NA,NA,NA,hei-hei,hei hei,eie eie,NA,NA,NA,NA,NA,NA,NA
NA,NA,NA,herned,herːnet,enːnen,NA,NA,NA,NA,NA,NA,NA
NA,NA,NA,hüppab,hypːpɑp,op:ɑ,NA,NA,NA,NA,NA,NA,NA
NA,NA,NA,issi,issi,is:i,is:,NA,NA,NA,NA,NA,NA
NA,NA,NA,jalad,jɑlɑt,lɑlɑ,NA,NA,NA,NA,NA,NA,NA
NA,NA,NA,jälle,jælːle,ælːle,NA,NA,NA,NA,NA,NA,NA
NA,NA,NA,jänku,jænkku,jæk:u,NA,NA,NA,NA,NA,NA,NA
NA,NA,NA,käbi,kæpi,kɑp:i,NA,NA,NA,NA,NA,NA,NA
NA,NA,NA,käes,kæeːs,kæeːs,NA,NA,NA,NA,NA,NA,NA
NA,NA,NA,kala,kɑlɑ,kɑlɑ,kɑl:ɑ,NA,NA,NA,NA,NA,NA
NA,NA,NA,kamm,kɑmː,kam:,NA,NA,NA,NA,NA,NA,NA
NA,NA,NA,käru,kæru,kɑuɑ,kɑ  u,NA,NA,NA,NA,NA,NA
NA,NA,NA,kast,kɑsːt,kɑsː,kɑts,NA,NA,NA,NA,NA,NA
NA,NA,NA,kastrul,kɑstrul,kɑs:u,NA,NA,NA,NA,NA,NA,NA
NA,NA,NA,kaugel,kɑukel,kɑu,NA,NA,NA,NA,NA,NA,NA
NA,NA,NA,kell,kelː,kelː,kenː,NA,NA,NA,NA,NA,NA
NA,NA,NA,kes see on?,kes seːː on,kes:eːː,kese,NA,NA,NA,NA,NA,NA
NA,NA,NA,kiikuma,kiːkkumɑ,kiːkɑ,NA,NA,NA,NA,NA,NA,NA
NA,NA,NA,kiisu,kiːsu,kisː,NA,NA,NA,NA,NA,NA,NA
NA,NA,NA,kikerikii,kikerikiːː ?,kak:a,NA,NA,NA,NA,NA,NA,NA
NA,NA,NA,kinni,kinːni,ken:e,NA,NA,NA,NA,NA,NA,NA
NA,NA,NA,kõdi,kɤti,keti,NA,NA,NA,NA,NA,NA,NA
NA,NA,NA,kommi,komːmi,komːmi,NA,NA,NA,NA,NA,NA,NA
NA,NA,NA,konn,konː,konː,NA,NA,NA,NA,NA,NA,NA
NA,NA,NA,kõnnib,kɤnnip,ken:e,NA,NA,NA,NA,NA,NA,NA
NA,NA,NA,kook,koːkː,koːkː,koːkːki,kok:,kukː,NA,NA,NA,NA
NA,NA,NA,kopp-kopp,kopː,kopː,NA,NA,NA,NA,NA,NA,NA
NA,NA,NA,kott,kotː,kot:i,NA,NA,NA,NA,NA,NA,NA
NA,NA,NA,Kristjan,kristjɑn,kist,NA,NA,NA,NA,NA,NA,NA
NA,NA,NA,kukk,kukː,kuk:,NA,NA,NA,NA,NA,NA,NA
NA,NA,NA,kummikud,kummikkut,kum:e,NA,NA,NA,NA,NA,NA,NA
NA,NA,NA,küpsis,kyppsis,kyp:siː,kip:si,kep:seː,NA,NA,NA,NA,NA
NA,NA,NA,kurg,kurːk,kurː,NA,NA,NA,NA,NA,NA,NA
NA,NA,NA,kutsu,kutsu,kuts,ɑuɑ,NA,NA,NA,NA,NA,NA
NA,NA,NA,lill,lilː,lilː,lelː,NA,NA,NA,NA,NA,NA
NA,NA,NA,lutt,lutː [luttu?],ut:u,NA,NA,NA,NA,NA,NA,NA
NA,NA,NA,maal,mɑːːl,pɑːː,NA,NA,NA,NA,NA,NA,NA
NA,NA,NA,maja,mɑjɑ,mɑjɑ,NA,NA,NA,NA,NA,NA,NA
NA,NA,NA,mämm,mæmː,mæmː,NA,NA,NA,NA,NA,NA,NA
NA,NA,NA,mammu,mɑmmu,mɑm:u,NA,NA,NA,NA,NA,NA,NA
NA,NA,NA,mõmmi,mɤmmi,mɤm:i,mum:i,NA,NA,NA,NA,NA,NA
NA,NA,NA,mutionu,muttionu,ot:eː,NA,NA,NA,NA,NA,NA,NA
NA,NA,NA,nämm,næmː,næmː,NA,NA,NA,NA,NA,NA,NA
NA,NA,NA,näu [kassihääl],næu,näu,NA,NA,NA,NA,NA,NA,NA
NA,NA,NA,nina,ninɑ,nin:i,NA,NA,NA,NA,NA,NA,NA
NA,NA,NA,Noo-Noo (tolmuimeja),noːː noːː,noo-noo,NA,NA,NA,NA,NA,NA,NA
NA,NA,NA,notsu,notsu,otsu,NA,NA,NA,NA,NA,NA,NA
NA,NA,NA,nupp,nupː & nuppu?,pup:uːː,NA,NA,NA,NA,NA,NA,NA
NA,NA,NA,onu,onu,onu,on:u,NA,NA,NA,NA,NA,NA
NA,NA,NA,öökull,øːkulː,kul:i,NA,NA,NA,NA,NA,NA,NA
NA,NA,NA,orav,orɑv,oːɑ,olu,NA,NA,NA,NA,NA,NA
NA,NA,NA,"otsa (sai), otsas",otsɑs,ots,NA,NA,NA,NA,NA,NA,NA
NA,NA,NA,otsi,otsi,otsyːː,NA,NA,NA,NA,NA,NA,NA
NA,NA,NA,padi,pɑti,pɑt:i,NA,NA,NA,NA,NA,NA,NA
NA,NA,NA,päike,pæikke,pæk:e,NA,NA,NA,NA,NA,NA,NA
NA,NA,NA,paitab,pɑit:tɑp,pɑiɑ,NA,NA,NA,NA,NA,NA,NA
NA,NA,NA,pall,pɑlː,pɑlː,NA,NA,NA,NA,NA,NA,NA
NA,NA,NA,part,pɑrtː,pɑtː,NA,NA,NA,NA,NA,NA,NA
NA,NA,NA,peseb,pesep,pese,NA,NA,NA,NA,NA,NA,NA
NA,NA,NA,pildi,pilti,pit:i,NA,NA,NA,NA,NA,NA,NA
NA,NA,NA,pilti,pilːtːti,pitːti,pit:i,NA,NA,NA,NA,NA,NA
NA,NA,NA,pissi,pissi,pis:i,pis:,NA,NA,NA,NA,NA,NA
NA,NA,NA,Pitsu,pittsu,pit:su,pet:su,NA,NA,NA,NA,NA,NA
NA,NA,NA,poiss,poisː,posː,NA,NA,NA,NA,NA,NA,NA
NA,NA,NA,rattaga,rɑtːɑkɑ,tɑt:ɑ,NA,NA,NA,NA,NA,NA,NA
NA,NA,NA,saba,sɑpɑ,sɑp:ɑ,NA,NA,NA,NA,NA,NA,NA
NA,NA,NA,saia,sɑiːɑ,sɑiːɑ,NA,NA,NA,NA,NA,NA,NA
NA,NA,NA,sajab,sɑjɑp,sɑj:ɑ,NA,NA,NA,NA,NA,NA,NA
NA,NA,NA,sajajalgne,sɑjɑjɑlkne,ɑlɑ,sɑlɑ,NA,NA,NA,NA,NA,NA
NA,NA,NA,sall,sɑlː,sɑlː,NA,NA,NA,NA,NA,NA,NA
NA,NA,NA,seal,seɑːl,seːː,sieːː,NA,NA,NA,NA,NA,NA
NA,NA,NA,seep,seːːp,seːːp,NA,NA,NA,NA,NA,NA,NA
NA,NA,NA,siia,siːɑ,siːɑ,NA,NA,NA,NA,NA,NA,NA
NA,NA,NA,silm,silːm,silː,simː,silːm,NA,NA,NA,NA,NA
NA,NA,NA,sitikad,sittikkɑt,sit:i,NA,NA,NA,NA,NA,NA,NA
NA,NA,NA,süles,syles,syl:y,NA,NA,NA,NA,NA,NA,NA
NA,NA,NA,sulla-sulla [vann/ujuma?],sullɑ,sulː,NA,NA,NA,NA,NA,NA,NA
NA,NA,NA,sünnipäev,synnipæev,sun:i,NA,NA,NA,NA,NA,NA,NA
NA,NA,NA,sussid,sussit,us:i,usː [ 2 different targets?],NA,NA,NA,NA,NA,NA
NA,NA,NA,suu,suːː,suːː,NA,NA,NA,NA,NA,NA,NA
NA,NA,NA,süüa,syːɑ,syːɑ,syːː,NA,NA,NA,NA,NA,NA
NA,NA,NA,ta-taa,tataa,tɑtɑːː,NA,NA,NA,NA,NA,NA,NA
NA,NA,NA,tädi,tæti,tæti,tæt:i,NA,NA,NA,NA,NA,NA
NA,NA,NA,tähed,tæhet,tæhhø,NA,NA,NA,NA,NA,NA,NA
NA,NA,NA,täis,tæiːs,tæiːs,NA,NA,NA,NA,NA,NA,NA
NA,NA,NA,Tanel,tɑnel,tɑne,NA,NA,NA,NA,NA,NA,NA
NA,NA,NA,tass,tɑsː,tɑsː,NA,NA,NA,NA,NA,NA,NA
NA,NA,NA,tik-tak,tikː tɑkː,ke ke,NA,NA,NA,NA,NA,NA,NA
NA,NA,NA,tita,tittɑ,tit:ɑ,NA,NA,NA,NA,NA,NA,NA
NA,NA,NA,traktor,trɑkːtor,tɑk:o,tɑk:ɑ,tɑktu,NA,NA,NA,NA,NA
NA,NA,NA,tudub,tutup,tutu,tuti,NA,NA,NA,NA,NA,NA
NA,NA,NA,tuttu,tutːtu,tutːtu,NA,NA,NA,NA,NA,NA,NA
NA,NA,NA,uh-huu öökullihääl,uhːuːː,uhːuːː,NA,NA,NA,NA,NA,NA,NA
NA,NA,NA,ujub,ujup,uju,NA,NA,NA,NA,NA,NA,NA
NA,NA,NA,uks,ukːs,ukːs,NA,NA,NA,NA,NA,NA,NA
NA,NA,NA,uss,usː,usː,NA,NA,NA,NA,NA,NA,NA
US,Alice,16,(grand)pa,NONE,pɑ (2),fɑ,pɑ (2),NA,NA,NA,NA,NA
NA,NA,NA,apple,NA,ʔæʔ (2),ʔɑʔ (2),ʔæʔ (2),ʔɑʔ (2),NA,NA,NA,NA
NA,NA,NA,baby,NA,beɪbi (5),əbeɪbi,ʔʌbe:ɪbi,beɪbi (5),beɪbi (5),beɪbi (5),beɪbi (5),NA
NA,NA,NA,bang,NA,pɑ̃i,NA,NA,NA,NA,NA,NA,NA
NA,NA,NA,belly,NA,vei,NA,NA,NA,NA,NA,NA,NA
NA,NA,NA,blanket,NA,kɛt,NA,NA,NA,NA,NA,NA,NA
NA,NA,NA,bottle,NA,bɑdI (4),əbɑdI (2),bɑdiç,pɑ:di (2),bɑ:dI (3),ʌbɑ:ɟi,əbɑ:diʃ,NA
NA,NA,NA,NA,NA,bɑdI (4),bɑdI (4),bɑdI (4),əbɑdI (2),pɑ:di (2),bɑ:dI (3),bɑ:dI (3),NA
NA,NA,NA,bunny,NA,bʊɲ:I (2),beɪŋji,bʊɲ:I (2),NA,NA,NA,NA,NA
NA,NA,NA,bye,NA,bɑɪ,NA,NA,NA,NA,NA,NA,NA
NA,NA,NA,clean,NA,ti:ni,tind,NA,NA,NA,NA,NA,NA
NA,NA,NA,daddy,NA,dɑ:di (2),dɑ:di (2),NA,NA,NA,NA,NA,NA
NA,NA,NA,down,NA,dɑ̃ʊ̃ (2),dɑ̃ʊ̃ (2),NA,NA,NA,NA,NA,NA
NA,NA,NA,duck,NA,tæʔ,NA,NA,NA,NA,NA,NA,NA
NA,NA,NA,egg,NA,ʔeɪ (6),he:I (2),ʔeɪ (6),ʔeɪ (6),ʔeɪ (6),ʔeɪ (6),ʔeɪ (6),NA
NA,NA,NA,NA,NA,he:I (2),NA,NA,NA,NA,NA,NA,NA
NA,NA,NA,elephant,NA,ʔeɪjɪ,ʔɑī:jʌ,ʔɑi:njə,ʔæ:ɪjɪ,NA,NA,NA,NA
NA,NA,NA,eye (x glasses),NA,ʔɑɪ (2),kʔɑɪ:,ɑ:ɪ,ʔɑɪ (2),NA,NA,NA,NA
NA,NA,NA,flowers,NA,pɑ:ji,padi,fa:di,NA,NA,NA,NA,NA
NA,NA,NA,hat,NA,ʔɑ (2),ʔɑ (2),NA,NA,NA,NA,NA,NA
NA,NA,NA,hello (im.),NA,loʊ,NA,NA,NA,NA,NA,NA,NA
NA,NA,NA,iron,NA,ɑ̃ɪ̃jĩ,ʔɑɪŋ:,NA,NA,NA,NA,NA,NA
NA,NA,NA,key,NA,çi,NA,NA,NA,NA,NA,NA,NA
NA,NA,NA,lady,NA,jɛ:ji,ijei,l:ɑ:ti,lɛji,NA,NA,NA,NA
NA,NA,NA,man,NA,mæ̃:,NA,NA,NA,NA,NA,NA,NA
NA,NA,NA,meat,NA,miʔ,NA,NA,NA,NA,NA,NA,NA
NA,NA,NA,milk,NA,m:æ̃,NA,NA,NA,NA,NA,NA,NA
NA,NA,NA,mommy,NA,mɑ:ɲi (2),əmɑ:ɲə,ɪnɑ:ɲɪʔ,ənɑ:ɲi,əmɑ:mi,əmɑɲ:i,ʌ̃mi,NA
NA,NA,NA,NA,NA,ɑʊni,ʌ:ɲi,mɑ:ɲi (2),NA,NA,NA,NA,NA
NA,NA,NA,no,NA,næ,NA,NA,NA,NA,NA,NA,NA
NA,NA,NA,nose,NA,n:æ,NA,NA,NA,NA,NA,NA,NA
NA,NA,NA,Oscar,NA,ʔɑʔ (5),ʔap:,ʔɑʔ (5),ʔɑʔ (5),ʔɑʔ (5),ʔɑʔ (5),NA,NA
NA,NA,NA,plate,NA,pɛɪ,pɛɪ,pɑɪjɪʒ,fɑɪ,NA,NA,NA,NA
NA,NA,NA,shiny,NA,tɑ:ji,daji,hetɑɪɲ,NA,NA,NA,NA,NA
NA,NA,NA,shoe,NA,çi,NA,NA,NA,NA,NA,NA,NA
NA,NA,NA,tea,NA,ti:,NA,NA,NA,NA,NA,NA,NA
NA,NA,NA,up,NA,ʔɑ:p,ʔʌ:p,NA,NA,NA,NA,NA,NA
NA,Deborah,16,A (im.),NA,ei,NA,NA,NA,NA,NA,NA,NA
NA,NA,NA,around&around (im.),NA,waʊwaʊ,waʊwʌ,NA,NA,NA,NA,NA,NA
NA,NA,NA,baa,NA,bɑ:,NA,NA,NA,NA,NA,NA,NA
NA,NA,NA,(see) baby (doll?),NA,be:bi (21),be:bi,xi bebi,bibi,bebi,be:bi (21),NA,NA
NA,NA,NA,NA,NA,be:bi (21),be:bi (21),be:bi (21),be:bi (21),be:bi (21),be:bi (21),NA,NA
NA,NA,NA,NA,NA,be:bi (21),be:bi (21),be:bi (21),be:bi (21),be:bi (21),be:bi (21),NA,NA
NA,NA,NA,NA,NA,be:bi (21),be:bi (21),be:bi (21),be:bi (21),be:bi (21),be:bi (21),NA,NA
NA,NA,NA,NA,NA,be:bi (21),NA,NA,NA,NA,NA,NA,NA
NA,NA,NA,bagel (im.),NA,bʌbu,NA,NA,NA,NA,NA,NA,NA
NA,NA,NA,ball,NA,ɑbɑ,əbɔ:,bɔe,bɔ:əw,ʌwɑ:,bɑ,NA,NA
NA,NA,NA,belly button (im.),NA,zbewə,kIzebʌ,zəbʌ,NA,NA,NA,NA,NA
NA,NA,NA,book,NA,bʌʔ (x2),bʌʔ (x2),NA,NA,NA,NA,NA,NA
NA,NA,NA,bunny (im.),NA,baɪ̃:ɪ,NA,NA,NA,NA,NA,NA,NA
NA,NA,NA,bus,NA,mbʌʔ,bʌbʌ,NA,NA,NA,NA,NA,NA
NA,NA,NA,bye,NA,bɑɪ (x2),gubɑɪ (?),NA,NA,NA,NA,NA,NA
NA,NA,NA,car (it's a ___),NA,kwɑɪ,ʃɪ kɑ,kɑ (x3),kɑ:i,kɑ (x3),kɑ (x3),NA,NA
NA,NA,NA,cheese,NA,tʃi (im.),ki,sʃi (im.),NA,NA,NA,NA,NA
NA,NA,NA,cock-a-doodle-do,NA,dʌʔdu,NA,NA,NA,NA,NA,NA,NA
NA,NA,NA,cow  (im.),NA,kə,NA,NA,NA,NA,NA,NA,NA
NA,NA,NA,cracker,NA,wæwə (im.),ɔki,NA,NA,NA,NA,NA,NA
NA,NA,NA,eye,NA,eɪ (x 2),ʔe,eɪ (x 2),NA,NA,NA,NA,NA
NA,NA,NA,giraffe (mod.),NA,dIdæ,NA,NA,NA,NA,NA,NA,NA
NA,NA,NA,good (im.),NA,gʊ,kʊ,NA,NA,NA,NA,NA,NA
NA,NA,NA,hello,NA,ʌwo,hwo,owə,NA,NA,NA,NA,NA
NA,NA,NA,hi,NA,hɑɪ (x3),ɑɪ,hɑɪ (x3),hɑɪ (x3),NA,NA,NA,NA
NA,NA,NA,hot,NA,ɑ,NA,NA,NA,NA,NA,NA,NA
NA,NA,NA,kittycat (im.),NA,kɪkæ,NA,NA,NA,NA,NA,NA,NA
NA,NA,NA,"mommy, mama",NA,mɑmi,mʌmɑ,NA,NA,NA,NA,NA,NA
NA,NA,NA,more,NA,əmɔ:,NA,NA,NA,NA,NA,NA,NA
NA,NA,NA,my/mine,NA,mɑɪ,NA,NA,NA,NA,NA,NA,NA
NA,NA,NA,okay,NA,gɛ (x2),gɛ (x2),NA,NA,NA,NA,NA,NA
NA,NA,NA,one (im.),NA,wɑɪ (x2),wɑɪ (x2),NA,NA,NA,NA,NA,NA
NA,NA,NA,pickle (im.),NA,bɑbɑ,NA,NA,NA,NA,NA,NA,NA
NA,NA,NA,spaghetti (im.),NA,kIgwɛ,NA,NA,NA,NA,NA,NA,NA
NA,NA,NA,teeth,NA,ti,sθi (im.),NA,NA,NA,NA,NA,NA
NA,NA,NA,two,NA,tu,NA,NA,NA,NA,NA,NA,NA
NA,NA,NA,uh-oh,NA,ʌʔoʊ (x2),ɑ:ʔu,ʌʔo (x2),ʌʔoʊ (x2),ʌʔo (x2),NA,NA,NA
NA,NA,NA,water (im.),NA,bɑwɑwɑ,NA,NA,NA,NA,NA,NA,NA
NA,NA,NA,what's that?,NA,ʌsæ,NA,NA,NA,NA,NA,NA,NA
NA,Emily,15,ɑll gone (im.),NA,kɑ:,ɑ:kɪ,NA,NA,NA,NA,NA,NA
NA,NA,NA,ɑpple,NA,"bɪ: (2, im.)",ɑpi,ɑpi (im.),ɑp:ɪʃɛ,"bɪ: (2, im.)",NA,NA,NA
NA,NA,NA,Bɑmbi,NA,pɑpi,bɑ:əpi (im.),NA,NA,NA,NA,NA,NA
NA,NA,NA,beɑds,NA,pi (2),ʔɪbɪ,ʔʊβi,pi (2),NA,NA,NA,NA
NA,NA,NA,bib,NA,bɪ,pɪ:,NA,NA,NA,NA,NA,NA
NA,NA,NA,Big Bird,NA,pœp:ɪ,bʊ:p:ɛ,NA,NA,NA,NA,NA,NA
NA,NA,NA,box,NA,pɑ:,pɑə,NA,NA,NA,NA,NA,NA
NA,NA,NA,Burt,NA,pœ (5),pœ (5),pœ (5),pœ (5),pœ (5),NA,NA,NA
NA,NA,NA,button,NA,pʌte,bɑ:,pɑ:ti,NA,NA,NA,NA,NA
NA,NA,NA,cɑr,NA,kɑ:,kɑ:ʔɑ,NA,NA,NA,NA,NA,NA
NA,NA,NA,choochoo,NA,tʊtœ,NA,NA,NA,NA,NA,NA,NA
NA,NA,NA,Cookie (Monster),NA,kɛkɛ (im.),həki,NA,NA,NA,NA,NA,NA
NA,NA,NA,Ernie,NA,ɑɪn:ʔ:ə,ʌɪntɛ (im.),hœʌnjʌ,NA,NA,NA,NA,NA
NA,NA,NA,more,NA,mɔə,mœ,mɛ,mʌ (3),mʌ (3),mʌ (3),NA,NA
NA,NA,NA,nine,NA,n:ɑ:,NA,NA,NA,NA,NA,NA,NA
NA,NA,NA,no,NA,no (3),nʌ,nɔ,nɑ: (2),n:ʌ,nono,NA,NA
NA,NA,NA,NA,NA,nænʌ,nəno (2),nənəno,nʌnʌ (3),no (3),no (3),NA,NA
NA,NA,NA,NA,NA,nɑ: (2),nəno (2),nʌnʌ (3),nʌnʌ (3),NA,NA,NA,NA
NA,NA,NA,open (im.),NA,ʔo:ʔ  pɪ,NA,NA,NA,NA,NA,NA,NA
NA,NA,NA,Oscɑr,NA,ɑ:k:e,ʔɑ:kɛ,NA,NA,NA,NA,NA,NA
NA,NA,NA,overɑlls (im.),NA,o:jɪ,o:wɪtɪ,NA,NA,NA,NA,NA,NA
NA,NA,NA,P (letter),NA,pɪhɪ,NA,NA,NA,NA,NA,NA,NA
NA,NA,NA,ten,NA,tɪ̃:,NA,NA,NA,NA,NA,NA,NA
NA,NA,NA,tickle-tickle,NA,kɪtikə,kɪtijʌ (im.),tjøkɨ (im.),tɪtɪzœ,NA,NA,NA,NA
NA,NA,NA,tick-tock,NA,tɪtɪ,tʃɪtɪtɪtɪ,tɪtɪtɪtʃɑɪ (im.),tʃɪtɪtɪ,NA,NA,NA,NA
NA,NA,NA,toes (im.),NA,tɪ,NA,NA,NA,NA,NA,NA,NA
NA,NA,NA,truck,NA,kæk,NA,NA,NA,NA,NA,NA,NA
NA,NA,NA,two (im.),NA,t:ɶ,NA,NA,NA,NA,NA,NA,NA
NA,NA,NA,up,NA,ɑʊ,NA,NA,NA,NA,NA,NA,NA
NA,NA,NA,walking,NA,wɔki,NA,NA,NA,NA,NA,NA,NA
NA,NA,NA,wɑter,NA,wɑ:wi (6),wɑ:mɪ (2),hwɑ:wə,əwɑ:wɪ,wɑ:wi (6),wɑ:wi (6),NA,NA
NA,NA,NA,NA,NA,wɑ:wi (6),wɑ:wi (6),wɑ:wi (6),wɑ:mɪ (2),NA,NA,NA,NA
NA,NA,NA,A,NA,ʔeɪ (x3),e:,ʔeɪ (x3),ʔeɪ (x3),NA,NA,NA,NA
NA,NA,NA,B,NA,pi: (x8),pi: (x8),pi: (x8),pi: (x8),pi: (x8),pi: (x8),NA,NA
NA,NA,NA,NA,NA,pi: (x8),pi: (x8),NA,NA,NA,NA,NA,NA
NA,NA,NA,I,NA,ɑɪ (x8),ɑɪ (x8),ɑɪ (x8),ɑɪ (x8),ɑɪ (x8),ɑɪ (x8),NA,NA
NA,NA,NA,NA,NA,ɑɪ (x8),ɑɪ (x8),NA,NA,NA,NA,NA,NA
NA,NA,NA,C (im.),NA,sɪ,NA,NA,NA,NA,NA,NA,NA
NA,Molly,16,baa,NA,pæ: (2),pæ: (2),NA,NA,NA,NA,NA,NA
NA,NA,NA,baby,NA,pebi (2),pebi (2),NA,NA,NA,NA,NA,NA
NA,NA,NA,bang,NA,pɑn:ə (4),pɑn:ə (4),pɑn:ə (4),pɑn:ə (4),NA,NA,NA,NA
NA,NA,NA,bead(s),NA,pi:,pi (im.),pi(:) (6) (im.),pi(:) (6) (im.),pi(:) (6) (im.),pi(:) (6) (im.),NA,NA
NA,NA,NA,NA,NA,NA,NA,pi(:) (6) (im.),pi(:) (6) (im.),NA,NA,NA,NA
NA,NA,NA,block,NA,pʊk (2),pɑk (3),pɑt (3),pʊk (2),pɑk (3),pɑt (3),NA,NA
NA,NA,NA,NA,NA,pɑt (3),pɑk (3),NA,NA,NA,NA,NA,NA
NA,NA,NA,book  (im.),NA,pʊk (5)  (im.),pʊk (5)  (im.),pʊk (5)  (im.),pʊk (5)  (im.),pʊk (5)  (im.),NA,NA,NA
NA,NA,NA,Brett,NA,pɑt (2),bɑt (2),pɑt (5),pɑt (2),bɑt (2),pɑt (5),NA,NA
NA,NA,NA,NA,NA,pɑt (5),pɑt (5),pɑt (5),NA,NA,NA,NA,NA
NA,NA,NA,camera,NA,kɑmə,kɑm:ə,NA,NA,NA,NA,NA,NA
NA,NA,NA,choochoo,NA,tutu (4) (im.),tut:u (2),tutu (3),tu: tu,tutu (4) (im.),tutu (4) (im.),NA,NA
NA,NA,NA,NA,NA,tutu (4) (im.),tut:u (2),tutu (3),tutu (3),NA,NA,NA,NA
NA,NA,NA,click,NA,kɪk (im.),kɪki (im.),kæki (3),ki (2),kækæ (3),kæk,NA,NA
NA,NA,NA,NA,NA,kæki (3),kæki (3),ki (2),kækæ (3),kækæ (3),NA,NA,NA
NA,NA,NA,down,NA,tɑn:ə (9),dɑn:ə,tɑn:ə (9),tɑn:ə (9),tɑn:ə (9),tɑn:ə (9),NA,NA
NA,NA,NA,NA,NA,tɑn:ə (9),tɑn:ə (9),tɑn:ə (9),tɑn:ə (9),NA,NA,NA,NA
NA,NA,NA,ear,NA,he: (4),he: (4),he: (4),he: (4),NA,NA,NA,NA
NA,NA,NA,glasses,NA,kækæ,kɑki (2) (im.),tɑk:ɪ,tɑk,tɑkɪ (4),kɑk:ɪ (2),NA,NA
NA,NA,NA,NA,NA,kɑt (2),kækæ (2),kɛt,kɑt,kɑk (2),kɑk (3),NA,NA
NA,NA,NA,NA,NA,kɑkɪ,kɑɪk,kɑʔkɪ,kɑki (2) (im.),tɑkɪ (4),tɑkɪ (4),NA,NA
NA,NA,NA,NA,NA,tɑkɪ (4),kɑk:ɪ (2),kɑt (2),kækæ (2),kɑk (2),kɑk (3),NA,NA
NA,NA,NA,NA,NA,kɑk (3),kɑki (2) (im.),NA,NA,NA,NA,NA,NA
NA,NA,NA,good girl (im.),NA,gʊgə: (2) (im.),gʊgə: (2) (im.),NA,NA,NA,NA,NA,NA
NA,NA,NA,gran'ma,NA,mɛʊwʌ,NA,NA,NA,NA,NA,NA,NA
NA,NA,NA,gran'pa,NA,kæpɔ,NA,NA,NA,NA,NA,NA,NA
NA,NA,NA,green (im.),NA,kɤ:ni (2)(im.),gɤn:i (im.),kɤ:ni (2)(im.),NA,NA,NA,NA,NA
NA,NA,NA,hi,NA,ʔɑi (im.),ʔɑɪ: (2),hɑɪ,ʔɑɪ: (2),NA,NA,NA,NA
NA,NA,NA,house (im.),NA,hɑut (2) (im.),hɑut (2) (im.),NA,NA,NA,NA,NA,NA
NA,NA,NA,in (im.),NA,ɪnːi (im.),NA,NA,NA,NA,NA,NA,NA
NA,NA,NA,moo,NA,mu: (5),mɔ: (3) (im.),məʊ:,mœ: (3),mʌː,NA,NA,NA
NA,NA,NA,NA,NA,mu: (5),mu: (5),mu: (5),mu: (5),mɔ: (3) (im.),NA,NA,NA
NA,NA,NA,NA,NA,mɔ: (3) (im.),mœ: (3),mœ: (3),NA,NA,NA,NA,NA
NA,NA,NA,mama,NA,ʔəmæ,mɑmɑ (2),mɑm:ɑ (2),jɛmɑm:a:mi,ʔe:mæmi,NA,NA,NA
NA,NA,NA,NA,NA,mɑmɑ (2),mɑm:ɑ (2),NA,NA,NA,NA,NA,NA
NA,NA,NA,name (im.),NA,nɛm:I (im.),NA,NA,NA,NA,NA,NA,NA
NA,NA,NA,Nicky,NA,ɛn:i,ɪnːi,NA,NA,NA,NA,NA,NA
NA,NA,NA,Nonny,NA,nɑn:i (9),nɑn:ʌ,nɑn:i (9),nɑn:i (9),nɑn:i (9),NA,NA,NA
NA,NA,NA,NA,NA,nɑn:i (9),nɑn:i (9),nɑn:i (9),nɑn:i (9),nɑn:i (9),nɑn:i (9),NA,NA
NA,NA,NA,nose,NA,no:,NA,NA,NA,NA,NA,NA,NA
NA,NA,NA,oink (im.),NA,ho: k (im.),NA,NA,NA,NA,NA,NA,NA
NA,NA,NA,open (im.),NA,hɔpɔ (4) (im.),hɔpɔ (4) (im.),hɔpɔ (4) (im.),hɔpɔ (4) (im.),NA,NA,NA,NA
NA,NA,NA,peek(-a-boo),NA,pik (6),pɪtʃ,pik (6),pik (6),pik (6),pik (6),NA,NA
NA,NA,NA,NA,NA,pik (6),NA,NA,NA,NA,NA,NA,NA
NA,NA,NA,piano,NA,pɑu (2),pɑu (2),NA,NA,NA,NA,NA,NA
NA,NA,NA,picture,NA,pœpœ (3),pœkœ (im.),pœpœ (3),pœpœ (3),NA,NA,NA,NA
NA,NA,NA,pig (im.),NA,pɪk (im.),NA,NA,NA,NA,NA,NA,NA
NA,NA,NA,red (im.),NA,wɑ:t (im.),hwɑʔ (im.),NA,NA,NA,NA,NA,NA
NA,NA,NA,rug (im.),NA,wɑ:k (3) (im.),wɑ:k (3) (im.),wɑ:k (3) (im.),NA,NA,NA,NA,NA
NA,NA,NA,Ruth,NA,hwʊt,wʊt,ʔut,hʊt,hʌt,wʌt,NA,NA
NA,NA,NA,stuck,NA,kɑk (2),kɑk (2),NA,NA,NA,NA,NA,NA
NA,NA,NA,tail (im.),NA,teʊ (2) (im.),tɛʊ (im.),teʊ (7)(im.),te:ʊ (im.),teʊ (2) (im.),NA,NA,NA
NA,NA,NA,NA,NA,teʊ (7)(im.),teʊ (7)(im.),teʊ (7)(im.),teʊ (7)(im.),teʊ (7)(im.),teʊ (7)(im.),NA,NA
NA,NA,NA,that (im.),NA,tɑt (2) (im.),tɑt (2) (im.),NA,NA,NA,NA,NA,NA
NA,NA,NA,three,NA,wi: (2),wi: (2),NA,NA,NA,NA,NA,NA
NA,NA,NA,two,NA,t¸ʊ,t¸ju,NA,NA,NA,NA,NA,NA
NA,NA,NA,vroom,NA,brʌm (im.),br:m (9),bʊm,br:mɛ,br:m (9),br:m (9),NA,NA
NA,NA,NA,NA,NA,br:m (9),br:m (9),br:m (9),br:m (9),br:m (9),br:m (9),NA,NA
NA,NA,NA,walk-walk,NA,hɔkɑ,wɔkæ,wɑkə (2),wɔkə (2),wɑkwɑk (im.),NA,NA,NA
NA,NA,NA,NA,NA,wɑkə (2),wɔkə (2),NA,NA,NA,NA,NA,NA
NA,NA,NA,woof,NA,vu,wu (7)(im.),bu,wu,wu (7)(im.),wu (7)(im.),NA,NA
NA,NA,NA,NA,NA,wu (7)(im.),wu (7)(im.),wu (7)(im.),wu (7)(im.),NA,NA,NA,NA
NA,NA,NA,work (im.),NA,hʌk (6) (im.),hʌk (6) (im.),hʌk (6) (im.),hʌk (6) (im.),hʌk (6) (im.),hʌk (6) (im.),NA,NA
NA,Sean,15,baa,NA,bɑ (2),pɑbɑ,bɑ (2),NA,NA,NA,NA,NA
NA,NA,NA,berries (im.),NA,bɛ:ts,bɛʃ:,bɛbiʃ,NA,NA,NA,NA,NA
NA,NA,NA,bird(s),NA,pɚʃ (2),pɚç,bwɪ:ts,pwɤ:ts,by:ʃ:,bɤ:ʂ:,b(w)il,NA
NA,NA,NA,NA,NA,pɚbwɚ,pɚʃ (2),NA,NA,NA,NA,NA,NA
NA,NA,NA,blocks,NA,pɑk (2),pʌk,pɑt,ɑk,jɑk,kwɑk,tɛnpɤk,NA
NA,NA,NA,NA,NA,bɑ (2),ʔəbæ,pɑk (2),bɑ (2),NA,NA,NA,NA
NA,NA,NA,blue,NA,bwe:,bʊ,bælʊ,NA,NA,NA,NA,NA
NA,NA,NA,book,NA,pɤ:,bɨk,jɛk,tebyk,NA,NA,NA,NA
NA,NA,NA,bug,NA,βɑɪ,βɑɪ,mbʌkl,NA,NA,NA,NA,NA
NA,NA,NA,butterfly,NA,bɑ:ijɑɪ,pʌjʌɪ,NA,NA,NA,NA,NA,NA
NA,NA,NA,cock-a-coodle-do,NA,dəludəlu:,dudldu,NA,NA,NA,NA,NA,NA
NA,NA,NA,cracker,NA,ʔœɑk,dʒɑk,NA,NA,NA,NA,NA,NA
NA,NA,NA,dog,NA,dɑʊ,tɑ,tao,NA,NA,NA,NA,NA
NA,NA,NA,duck,NA,tʌk (3),tæk,tʌk (3),tʌk (3),NA,NA,NA,NA
NA,NA,NA,fish,NA,vəf,fø:tʃ,ɪʃ (im.),jɪʃ (im.),NA,NA,NA,NA
NA,NA,NA,horse,NA,ʔɪʃ(:) (7),ʔɯʃ,tɯʃ,hɪ:ʃ,ʔɪʃ(:) (7),NA,NA,NA
NA,NA,NA,NA,NA,ʔɪʃ(:) (7),ʔɪʃ(:) (7),ʔɪʃ(:) (7),ʔɪʃ(:) (7),ʔɪʃ(:) (7),NA,NA,NA
NA,NA,NA,Ian (im.),NA,ni,ni,NA,NA,NA,NA,NA,NA
NA,NA,NA,look,NA,jɛk (3),ljʊk,jɛk (3),jɛk (3),NA,NA,NA,NA
NA,NA,NA,mama,NA,mɑ(:) (3),mɔ:,mɔmɔ (2),mɑmɑp,ɑmɑm,NA,NA,NA
NA,NA,NA,NA,NA,mɑ(:) (3),mɑ(:) (3),mɔmɔ (2),NA,NA,NA,NA,NA
NA,NA,NA,moo,NA,ʔo: (3),mɔ,mœ:,nomɔ,ʔo: (3),ʔo: (3),NA,NA
NA,NA,NA,more,NA,mɔ(:) (12),mɔʔ (2),mɑ (5),mɔ(:) (12),mɔ(:) (12),mɔ(:) (12),NA,NA
NA,NA,NA,NA,NA,mɔ(:) (12),mɔ(:) (12),mɔ(:) (12),mɔ(:) (12),mɔ(:) (12),mɔ(:) (12),NA,NA
NA,NA,NA,NA,NA,mɔ(:) (12),mɔ(:) (12),mɑ (5),mɑ (5),mɑ (5),mɑ (5),NA,NA
NA,NA,NA,mouse,NA,mɑ(:) (3),mɑʊ̥,mɑ:ɨ,mæ (im.),mɑ:s,NA,NA,NA
NA,NA,NA,NA,NA,mɑ(:) (3),mɑ(:) (3),NA,NA,NA,NA,NA,NA
NA,NA,NA,oh,NA,ʔɔ(:) (4),əo: (im.),ʔɔ(:) (4),ʔɔ(:) (4),ʔɔ(:) (4),NA,NA,NA
NA,NA,NA,quack,NA,ʔɑʔ,ʔɑ:,NA,NA,NA,NA,NA,NA
NA,NA,NA,rabbit,NA,pæts,bɑ:p,plɛp,NA,NA,NA,NA,NA
NA,NA,NA,snowman,NA,mɪmɪ:,NA,NA,NA,NA,NA,NA,NA
NA,NA,NA,stuck (im.),NA,nɑk,NA,NA,NA,NA,NA,NA,NA
NA,NA,NA,this,NA,dɪs (3),dʌɪs,dʒɨdʒɨʃ (im.),dɪs (3),dɪs (3),NA,NA,NA
NA,NA,NA,"woof, wow-wow",NA,wɑʊ,NA,NA,NA,NA,NA,NA,NA
NA,Timmy,unknown,bɑll,NA,bæ:,bæʔ,NA,NA,NA,NA,NA,NA
NA,NA,NA,bɑlloon,NA,bɛ:ʊ,bɛi:,ʔæbæ,bɛ:,bɛbɛ,NA,NA,NA
NA,NA,NA,bee (im.),NA,bi,NA,NA,NA,NA,NA,NA,NA
NA,NA,NA,bicycle (im.),NA,əgɛg:u,NA,NA,NA,NA,NA,NA,NA
NA,NA,NA,boɑt,NA,bɛʔ,NA,NA,NA,NA,NA,NA,NA
NA,NA,NA,bottle / 'bobby',NA,bɑbi,əbɑb:ʊ,əbɑb:i,NA,NA,NA,NA,NA
NA,NA,NA,bubble,NA,bæby (18),ʔæby:,ʔʌbæby:,bæv:y,bɛvy,NA,NA,NA
NA,NA,NA,NA,NA,bɑpy̥,bæb:,bɑb:y,bæbβy,bæb:y,NA,NA,NA
NA,NA,NA,NA,NA,bæby (18),bæby (18),bæby (18),bæby (18),bæby (18),bæby (18),NA,NA
NA,NA,NA,NA,NA,bæby (18),bæby (18),bæby (18),bæby (18),bæby (18),bæby (18),NA,NA
NA,NA,NA,NA,NA,bæby (18),bæby (18),bæby (18),bæby (18),bæby (18),NA,NA,NA
NA,NA,NA,cɑr,NA,kɑ,gɑ,NA,NA,NA,NA,NA,NA
NA,NA,NA,coffee,NA,gɑ:gi,gɑgŋ,NA,NA,NA,NA,NA,NA
NA,NA,NA,computer (im.),NA,kugɪ,NA,NA,NA,NA,NA,NA,NA
NA,NA,NA,dɑddy (im.),NA,dɑd:i:,NA,NA,NA,NA,NA,NA,NA
NA,NA,NA,Drew,NA,du,NA,NA,NA,NA,NA,NA,NA
NA,NA,NA,flower,NA,əv:æ (3),əv:æ (3),əv:æ (3),NA,NA,NA,NA,NA
NA,NA,NA,good boy (im.),NA,gɨb:i:,NA,NA,NA,NA,NA,NA,NA
NA,NA,NA,Heidi (im.),NA,ʔɑd:i:,NA,NA,NA,NA,NA,NA,NA
NA,NA,NA,hi,NA,ʔɑi: (3),ʔɑi: (3),ʔɑi: (3),NA,NA,NA,NA,NA
NA,NA,NA,hot (im.),NA,ʔɑʔ (2),ʔɑʔ (2),NA,NA,NA,NA,NA,NA
NA,NA,NA,juice,NA,"d,u (im.)",əd:u (im.),ədu,NA,NA,NA,NA,NA
NA,NA,NA,key,NA,gɪ (4),gɪ (4),gɪ (4),gɪ (4),NA,NA,NA,NA
NA,NA,NA,"knee ('knee', 'fingers/toes')",NA,ni (5),ən:i (5),əni:,NA,NA,NA,NA,NA
NA,NA,NA,NA,NA,ni (5),ni (5),ni (5),ni (5),NA,NA,NA,NA
NA,NA,NA,NA,NA,ən:i (5),ən:i (5),ən:i (5),ən:i (5),NA,NA,NA,NA
NA,NA,NA,lizɑrd ('cɑterpillɑr'),NA,i:jɑɪjɑɪ,jɑɪjɑʔ,əjɑ:ʤu,əjɑɪjɑɪwə,wɑɪwɑɪwə,NA,NA,NA
NA,NA,NA,money ('coin'),NA,(ə)mɑm:i (2),m:ʌm:ɪ,(ə)mɑm:i (2),NA,NA,NA,NA,NA
NA,NA,NA,moo,NA,mɛʊ:,mʌʊ:,NA,NA,NA,NA,NA,NA
NA,NA,NA,"moon, sun",NA,mɛu:m,NA,NA,NA,NA,NA,NA,NA
NA,NA,NA,Nɑnɑ (im.),NA,nɑn:,NA,NA,NA,NA,NA,NA,NA
NA,NA,NA,neck (im. & spont.),NA,ɪnæ (2),ɪnæ (2),NA,NA,NA,NA,NA,NA
NA,NA,NA,peg,NA,bæ,NA,NA,NA,NA,NA,NA,NA
NA,NA,NA,plum,NA,əv:æ:,əvæ:,NA,NA,NA,NA,NA,NA
NA,NA,NA,Simon,NA,ʔən:ɪm:i,NA,NA,NA,NA,NA,NA,NA
NA,NA,NA,sun,NA,inæ,næ (im.),ijæ̃:(im.),NA,NA,NA,NA,NA
NA,NA,NA,toe (im.),NA,du,NA,NA,NA,NA,NA,NA,NA
NA,NA,NA,owl sound 'hoo-hoo',NA,ʔʊ:bʊ:,ʔʊʔ:u:,NA,NA,NA,NA,NA,NA
NA,NA,NA,quɑck-quɑck,NA,ʔɑkɑ:kɑ,NA,NA,NA,NA,NA,NA,NA
NA,NA,NA,toot-toot,NA,du,dud:u,ʔɛdud:u,dud:u (4),du:dud:u,NA,NA,NA
NA,NA,NA,NA,NA,dud:u (4),dud:u (4),dud:u (4),NA,NA,NA,NA,NA
NA,NA,NA,light,NA,igɑ (5),ɪkæ,jæ:gæ,igɛ:,igɑ (5),NA,NA,NA
NA,NA,NA,NA,NA,igɑ (5),igɑ (5),igɑ (5),igɑ (5),NA,NA,NA,NA
UK,Cara,17,aw (m),NA,ʔɛːː,NA,NA,NA,NA,NA,NA,NA
NA,NA,NA,baba,NA,baba,bəba,NA,NA,NA,NA,NA,NA
NA,NA,NA,baby,NA,mbɑːbe,bæbai,bɛːbeɪ,NA,NA,NA,NA,NA
NA,NA,NA,banana,NA,mɪnːə,mɛːnə (x2),meɪnə,meɪnɛ,mɛːnə (x2),NA,NA,NA
NA,NA,NA,bye bye,NA,bəwɛːpɪːt (im.),bɛbeɪtaɪmpɛː,NA,NA,NA,NA,NA,NA
NA,NA,NA,car,NA,kɑː (im.),kɑːxɑ,kxɑː,NA,NA,NA,NA,NA
NA,NA,NA,cat,NA,kɒʔ (x2),kɒʔ (x2),NA,NA,NA,NA,NA,NA
NA,NA,NA,clock,NA,gɔʔk,NA,NA,NA,NA,NA,NA,NA
NA,NA,NA,crash,NA,tnap,ndan (m),dæːn,dæ̃ːn (im.),dæn (im.),dan (m),NA,NA
NA,NA,NA,NA,NA,tɛːkŋ,dæːkŋ (im.),NA,NA,NA,NA,NA,NA
NA,NA,NA,Daddy,NA,gŋŋ,NA,NA,NA,NA,NA,NA,NA
NA,NA,NA,duck,NA,də̃kː,NA,NA,NA,NA,NA,NA,NA
NA,NA,NA,garden,NA,gɛgŋː,NA,NA,NA,NA,NA,NA,NA
NA,NA,NA,go,NA,gəʊ,NA,NA,NA,NA,NA,NA,NA
NA,NA,NA,hat,NA,həʔ,NA,NA,NA,NA,NA,NA,NA
NA,NA,NA,mama,NA,məːma,mæmæː,mɛmə,mɛmːɛ,mɛmːhə,NA,NA,NA
NA,NA,NA,miaow,NA,wɪjaʊːː,wɛːu,weʊ,peʊ,əwɛːhʊhʊ (im.),NA,NA,NA
NA,NA,NA,no (no),NA,nɛː      (nəʊʔ),neʊ (x6),nɛːnəʊʔ,neʊ (x6),neʊ (x6),neʊ (x6),NA,NA
NA,NA,NA,NA,NA,neʊ (x6),neʊ (x6),NA,NA,NA,NA,NA,NA
NA,NA,NA,rabbit,NA,wɛʔkŋ (x2),wɛʔkŋ (x2),NA,NA,NA,NA,NA,NA
NA,NA,NA,stick / spoon,NA,dɪ̃kː,tɪk,də̃kː (x2i),ʃʉk (m),dʉkː (m),də̃kː (x2i),NA,NA
NA,NA,NA,stone,NA,ʔndəʊ (m),daʊ,təʊː,deʊ (m),NA,NA,NA,NA
NA,NA,NA,there you are,NA,dɪːwaʊ,deəwɛː,deʊpə,NA,NA,NA,NA,NA
NA,NA,NA,woof (woof),NA,hʊ  hʊɸ (im.),ʊ  ʊɪɸ (im.),ʊçː,NA,NA,NA,NA,NA
NA,NA,NA,wow,NA,wɛʊ,NA,NA,NA,NA,NA,NA,NA
NA,Ella,16,apple,NA,æpəʊɫ,NA,NA,NA,NA,NA,NA,NA
NA,NA,NA,baby,NA,beɪ:bi: (*2),beɪbɪn (*2),(hɪ) beɪʔbiç,bejəbi,beɪ:bi: (*2),beɪbɪn (*2),NA,NA
NA,NA,NA,ball,NA,mbaʊ,baʊʔ (*2),mbɑʊʔh,baʊʔ (*2),NA,NA,NA,NA
NA,NA,NA,beep beep,NA,bijə bijεp (peɪ),NA,NA,NA,NA,NA,NA,NA
NA,NA,NA,bed,NA,mεʔt,bεt (im.),bεʷɪ (im.),bεte (m),NA,NA,NA,NA
NA,NA,NA,bottle,NA,bɑta:ɫ (*2),bʷataʉ: (hɪwɪ),bɑtɪɫ,wɑta:ə,mɑtəʊ:,NA,NA,NA
NA,NA,NA,NA,NA,wɑtəl,ʔɑtəl,bɔtɑʉ (wɪ) (im.),bɑtʊɫ (im.),pɑtɜɫ (im.),NA,NA,NA
NA,NA,NA,NA,NA,mbɑtəl (im.),bɑta:ɫ (*2),NA,NA,NA,NA,NA,NA
NA,NA,NA,brush,NA,ʔrɪʃ,ɪsʃɔ: (im.),NA,NA,NA,NA,NA,NA
NA,NA,NA,byebye,NA,ba:ʔaɪ:,baʔbaɪ: (*2),ba:baɪx,ba baɪs,mab baɪ:,baʔbaɪ: (*2),NA,NA
NA,NA,NA,NA,NA,mbaɪ:,baʔdʷaɪ: (im.),baʔbaɪ (im.),NA,NA,NA,NA,NA
NA,NA,NA,cake,NA,kaɪ:ik,ke:ik (im.),keɪ:k (im.),keɪ:ɪk,kekx (im.),ke:ik (im.),NA,NA
NA,NA,NA,NA,NA,keɪ:k (im.),NA,NA,NA,NA,NA,NA,NA
NA,NA,NA,cuddle,NA,ʊdəʊɫ (uʷɪ),NA,NA,NA,NA,NA,NA,NA
NA,NA,NA,cup (cup),NA,pεpʔ (pu) pεp (*2),hʌp(pu) (im.),pεpʔ (pu) pεp (*2),hʌp(pu) (im.),NA,NA,NA,NA
NA,NA,NA,daddy,NA,dadiç,NA,NA,NA,NA,NA,NA,NA
NA,NA,NA,door,NA,dɔx,dɔʔɪ,dɔ: (im.),NA,NA,NA,NA,NA
NA,NA,NA,fall,NA,hʷaʊʔ,NA,NA,NA,NA,NA,NA,NA
NA,NA,NA,glasses,NA,ɪjasi:ç,ijaʃi,aʔsi:,kaʔʃi,ijasʃiju,NA,NA,NA
NA,NA,NA,NA,NA,ɪlasʃɪ,ijaʃ (im.),NA,NA,NA,NA,NA,NA
NA,NA,NA,hair,NA,hæʔ,haʔ (*3),hεə:,ha:ə:a: (im.),haʔ (*3),haʔ (*3),NA,NA
NA,NA,NA,horsey,NA,ɔʃi (*3),ɔʃɸ,hɔhɪʃi:ç,ɔsʃi (*2),ɔʃʷip,NA,NA,NA
NA,NA,NA,NA,NA,ɑsʃi (im.),ɔʃi (*3),ɔʃi (*3),ɔsʃi (*2),NA,NA,NA,NA
NA,NA,NA,hot,NA,hæʔʧu,hæʧu,NA,NA,NA,NA,NA,NA
NA,NA,NA,house,NA,haʊwuz,haʊʷus (*2),haʊwuɬ,haʊ:uʃ,haʊwuʂ (im.),NA,NA,NA
NA,NA,NA,NA,NA,haʊfɸ (im.),həʉʷus (im.),haʊz (im.),haʊʷus (*2),NA,NA,NA,NA
NA,NA,NA,in,NA,ʔwɪn (*3),əwɪnt,əʔwɪnt,wɪnʔ,ʔwi:n,NA,NA,NA
NA,NA,NA,NA,NA,ʔwɪn (*3),ʔwɪn (*3),NA,NA,NA,NA,NA,NA
NA,NA,NA,me,NA,mi,NA,NA,NA,NA,NA,NA,NA
NA,NA,NA,Michelle,NA,ksʃəʊ,ʃəʊ:,sʃəʊ:,ʔʃəʊ:,ʃ:əʊʔ,NA,NA,NA
NA,NA,NA,NA,NA,ʃa:ɪɫ,NA,NA,NA,NA,NA,NA,NA
NA,NA,NA,mummy,NA,mʊmiⁿ,mʊmiç,mʊmis,mʊmi:z,mʊmiʒ,NA,NA,NA
NA,NA,NA,on,NA,ɔn (*3),nɑn,an(nε),ɑn,ɔn (*3),ɔn (*3),NA,NA
NA,NA,NA,open,NA,ɑʔpə:,NA,NA,NA,NA,NA,NA,NA
NA,NA,NA,out,NA,hɪjəʉftɪ,(d)əʉʔte,NA,NA,NA,NA,NA,NA
NA,NA,NA,pap pap (car),NA,mbæʔpa:p,pæʔpap,NA,NA,NA,NA,NA,NA
NA,NA,NA,piggie,NA,pɪgi: (*2),pεpi,pɪdgiç (im.),pɪge (im.),pɪgi: (*2),NA,NA,NA
NA,NA,NA,plate,NA,ja:tə,θleɪ:ts: (im.),fɫets (im.),kəlets (im.),kxə:ʔijeɪts (im.),NA,NA,NA
NA,NA,NA,NA,NA,məje:ʧ (im.),fəleɪʧ (im.),NA,NA,NA,NA,NA,NA
NA,NA,NA,play,NA,pleɪ: (hijε) (*2),pleɪ: (hijε) (*2),NA,NA,NA,NA,NA,NA
NA,NA,NA,rattle,NA,kεlεtɪŋ,hʌʔεtu (im.),ɔtə:ʔwε (im.),NA,NA,NA,NA,NA
NA,NA,NA,spoon,NA,æmu:nε (*2),m:u:n,ɪmu:n,æmu:nε (*2),NA,NA,NA,NA
NA,NA,NA,toast,NA,kəjəʊs,kətəʊɸs (im.),kətəʊɸs (im.),NA,NA,NA,NA,NA
NA,NA,NA,NA,NA,NA,NA,NA,NA,NA,NA,NA,NA
NA,NA,NA,NA,NA,NA,NA,NA,NA,NA,NA,NA,NA
NA,NA,NA,woof woof,NA,ijʌf ɹaf,ijuf (im.),əɹf ɹεfʔwε (im.),əjʌk pɹεp (im.),NA,NA,NA,NA
NA,Flora,18,(on/the) baby,NA,mbibi(ç),bibi (x2),mpeɪbɪ,bipi,bibi (x2),NA,NA,NA
NA,NA,NA,NA,NA,(dɪ)bεɪp (im.),(dɪ)bibi(ç) (m),pεɪp,pipi(ç) (m),NA,NA,NA,NA
NA,NA,NA,NA,NA,pibi(ç) (m),(sʉm)bɪbɪ(ç),(bεnə)bεbε,NA,NA,NA,NA,NA
NA,NA,NA,ball,NA,bo:,NA,NA,NA,NA,NA,NA,NA
NA,NA,NA,balloon,NA,bɪlɔn(ɪ),NA,NA,NA,NA,NA,NA,NA
NA,NA,NA,banana,NA,nɑnɑ,NA,NA,NA,NA,NA,NA,NA
NA,NA,NA,(the) bed,NA,bεɪt,(di)bεtk,(ndε)pɪt,(hi)bεt,NA,NA,NA,NA
NA,NA,NA,NA,NA,(dɪ)bεɪp,NA,NA,NA,NA,NA,NA,NA
NA,NA,NA,(put (the)) bib on,NA,(bɪdɪ)bɪbən,bibɑn,bɪbɑnt,bɪbən (x2),bɪbən (x2),NA,NA,NA
NA,NA,NA,NA,NA,(də)bɪ:bən (x2),(də)bɪban (x2),(də)bɪbə:n,(də)bɪbən (x3),NA,NA,NA,NA
NA,NA,NA,NA,NA,(də)bɪ:bən (x2),(də)bɪban (x2),(də)bɪbən (x3),(də)bɪbən (x3),NA,NA,NA,NA
NA,NA,NA,NA,NA,(də)bɪdə:m,(də)bɪmpʌm,(dɪ)bɪba:nt (im.),(ə)bɪbæn,NA,NA,NA,NA
NA,NA,NA,NA,NA,(hɪ)bɪəbən,(jə)bɪbən (m),(lə)bibən,(nə)bɪ:bən (im.),NA,NA,NA,NA
NA,NA,NA,NA,NA,(nə)biban,(nə)bibən(əmɪʊk),(nə)bɪbət,(hənə)bɪbɑn,NA,NA,NA,NA
NA,NA,NA,NA,NA,(nɪ)bɪbant (im.),(nɪ)bɪbən,(nɪ)bibən (im.),pɪbən,NA,NA,NA,NA
NA,NA,NA,NA,NA,(sə)bɪbən (im.),(ti)bibən,(tɪ)bɪban,(tɪ)bɪntbən (im.),NA,NA,NA,NA
NA,NA,NA,(the) bib,NA,(də)bɪ:p,(də)pɪp,(dʌm)bεɪp (im.),(dε)bɪp,NA,NA,NA,NA
NA,NA,NA,NA,NA,(hnəŋ)bɪp,(mnə)bɪp,(ndə)bεp (m),NA,NA,NA,NA,NA
NA,NA,NA,NA,NA,(ʔmdə)bɪp,(hɪəm)bɪp,bɪp (m),(dətjə)bεp,NA,NA,NA,NA
NA,NA,NA,NA,NA,(zjʉndε)beɪp,NA,NA,NA,NA,NA,NA,NA
NA,NA,NA,blanket (m),NA,tɪbæidnʔɪk,wəbæŋk,NA,NA,NA,NA,NA,NA
NA,NA,NA,boo (well done?),NA,pə:(wεtæ:n),NA,NA,NA,NA,NA,NA,NA
NA,NA,NA,bunny (im.),NA,pʌni,NA,NA,NA,NA,NA,NA,NA
NA,NA,NA,bye,NA,(hnjə)baɪ,NA,NA,NA,NA,NA,NA,NA
NA,NA,NA,(the) cuddles,NA,ɪdɔdɔs,jɪdadəʊs,dɪdɑdɑɪs,(dεtɪ)tatəʉs,NA,NA,NA,NA
NA,NA,NA,NA,NA,(lɪtεnɪp)dədədəs (im.),(nɪ)dadɔs,(nɪ)dɔdɔs,(ndɪ)sada:s,NA,NA,NA,NA
NA,NA,NA,NA,NA,(hɪ)tədəs,(mʘəʔædɪ)dædɔɪs,NA,NA,NA,NA,NA,NA
NA,NA,NA,Elma (im.),NA,ʔəʊmε,NA,NA,NA,NA,NA,NA,NA
NA,NA,NA,giraffe (im.),NA,puwæʊ,puwæɸ,pʊwæf,NA,NA,NA,NA,NA
NA,NA,NA,girl (im.),NA,taʊ:,NA,NA,NA,NA,NA,NA,NA
NA,NA,NA,(the) hat,NA,(ʤɪ)hæt,(hɪ)hat,(də)hæt (im.),(tɪ)tjæt (im.),NA,NA,NA,NA
NA,NA,NA,NA,NA,hæ:t (im.),NA,NA,NA,NA,NA,NA,NA
NA,NA,NA,(the) hat on,NA,(hɪ)hætɪnt,(hɪ)ætən,(hɪ)hætɪn,(hɪ)hætɪt,NA,NA,NA,NA
NA,NA,NA,NA,NA,(də)hætɪn,(hε)hætɪn,hætɪːn (im.),NA,NA,NA,NA,NA
NA,NA,NA,head (im.),NA,hæts,NA,NA,NA,NA,NA,NA,NA
NA,NA,NA,hello,NA,æla:,NA,NA,NA,NA,NA,NA,NA
NA,NA,NA,(the) keys,NA,(çi)tiç,mətiʃ (m),ɪtis (im.),ntis (im.),NA,NA,NA,NA
NA,NA,NA,NA,NA,tsiç (im.),NA,NA,NA,NA,NA,NA,NA
NA,NA,NA,lion,NA,jæjən,jæ:jəʊ:,NA,NA,NA,NA,NA,NA
NA,NA,NA,(the) milk,NA,(dmnæ)mεʊk,(həmɪ)mεʊx,(nəmnɪnə)mɪʊk,(njɔnə)mεʊk,NA,NA,NA,NA
NA,NA,NA,NA,NA,(hə)mɪʊʔx,(nə)mɪʊk,(nə)mɪʊk,(həbədə)mɪʊk,NA,NA,NA,NA
NA,NA,NA,NA,NA,(hɪnə)mɪʊʔ,mɪʊ:(k)(im.),NA,NA,NA,NA,NA,NA
NA,NA,NA,(the) monkey,NA,mɔŋkɪ,bʌŋkεi,hmɔŋkiç,mɔntI (im.),NA,NA,NA,NA
NA,NA,NA,NA,NA,(dəʔ)pɔŋkɪ,(nə)mɔŋkɪ(ç),(hɪ)mɔŋkεɪ,(tɪ)mʊŋki(ç),NA,NA,NA,NA
NA,NA,NA,NA,NA,(də)mɔŋkεɪ (im.),(nə)mɔŋkεɪ (m),(nɪbændɪ)mɔŋ:ki,(bεɪ)bæŋgɪ,NA,NA,NA,NA
NA,NA,NA,NA,NA,(kɪ)mɔŋkɪː,(nε)mɔŋ:ki,(ənɪ)mɔŋkɪ,(nɪ)mɔŋkI (im.),NA,NA,NA,NA
NA,NA,NA,mouse,NA,baʊs,NA,NA,NA,NA,NA,NA,NA
NA,NA,NA,mum,NA,mɔm,mɔm,NA,NA,NA,NA,NA,NA
NA,NA,NA,night night (im.),NA,nənaɪt(ɬ),NA,NA,NA,NA,NA,NA,NA
NA,NA,NA,no,NA,nɪ,nɔː,nɔ,nəʊ,NA,NA,NA,NA
NA,NA,NA,NA,NA,nə,nʌ (im.),hnəʉ,nʌ:,NA,NA,NA,NA
NA,NA,NA,NA,NA,ʔnə,NA,NA,NA,NA,NA,NA,NA
NA,NA,NA,off,NA,ʔʊːʔɔːɸ,ʔɒf (im.),ʔɑʔf (im.),ɑxɸ (im.),NA,NA,NA,NA
NA,NA,NA,NA,NA,(si)hɑ:f,(ʔoh)wɑf (im.),NA,NA,NA,NA,NA,NA
NA,NA,NA,oh/ooh,NA,ʔɔ (x5),ɔʊ,ʔo (x4),ɔʊ,NA,NA,NA,NA
NA,NA,NA,NA,NA,ʔɔʔɔʊ,ʔoʔo:,ʔɔ(h)(im.),ɔ (im.),ʔɔ (x5),NA,NA,NA
NA,NA,NA,NA,NA,ʔo:,ʔɔ (x5),ʔɔ (x5),ʔɔ (x5),NA,NA,NA,NA
NA,NA,NA,on (im.),NA,ʔʌn,NA,NA,NA,NA,NA,NA,NA
NA,NA,NA,oops (im.),NA,ʔɔʔːp,NA,NA,NA,NA,NA,NA,NA
NA,NA,NA,(the) peek-a-boo,NA,(də)bɪxbɔ,piʃəbo: (im.),pɪkɪpo: (im.),pɪkəpo: (im.),NA,NA,NA,NA
NA,NA,NA,NA,NA,(jə)pɪtɪbɔː,bmbɪkəbəʊ: (m),(əjə)bikpo: (im.),(hε)pɪkbo: (m),NA,NA,NA,NA
NA,NA,NA,NA,NA,dəmpkəbo: (im.),pikpo: (im.),pɪkəbɔː (im.),(nə)bɪɣɪbəʊ (im.),NA,NA,NA,NA
NA,NA,NA,push,NA,pʊʃ,NA,NA,NA,NA,NA,NA,NA
NA,NA,NA,rabbit,NA,bæbɪt,NA,NA,NA,NA,NA,NA,NA
NA,NA,NA,sleep,NA,pεɪp,bi:p,(ɪβɔdə)bi:p,NA,NA,NA,NA,NA
NA,NA,NA,snake,NA,tæik,næɪk,NA,NA,NA,NA,NA,NA
NA,NA,NA,story,NA,ʉmɔwɪ(ç),NA,NA,NA,NA,NA,NA,NA
NA,NA,NA,ta,NA,tæ:,NA,NA,NA,NA,NA,NA,NA
NA,NA,NA,there (im.),NA,dε,NA,NA,NA,NA,NA,NA,NA
NA,NA,NA,uh-oh,NA,ʔʊʔɔʊ,ʔæʔɔʊ:,NA,NA,NA,NA,NA,NA
NA,NA,NA,up,NA,(həʔ)wəp,ʔʌpɸpɸ,NA,NA,NA,NA,NA,NA
NA,NA,NA,where (im.),NA,wε:,NA,NA,NA,NA,NA,NA,NA
NA,NA,NA,where did she go,NA,wεdɪdɔː,NA,NA,NA,NA,NA,NA,NA
NA,NA,NA,yeah,NA,jʌː (x2),jε(h) (x7),hjεə(h),jæ(h),NA,NA,NA,NA
NA,NA,NA,NA,NA,çjε(ɑh),jə(h),njə,njε (x2),njε (x2),NA,NA,NA
NA,NA,NA,NA,NA,jɑ(h) (x4),jɑ (im.),mjæ,(h)jε(h),jɑ(h) (x4),NA,NA,NA
NA,NA,NA,NA,NA,ja,(ç)jɑ,jɑ:,jə,jɑ(h) (x4),NA,NA,NA
NA,NA,NA,NA,NA,jε (x2),mjæ,(ŋ)nε:,jɪ(h),jɑ(h) (x4),NA,NA,NA
NA,NA,NA,NA,NA,hnjɑ,jε(h) (x7),jε(h) (x7),jε(h) (x7),jε (x2),NA,NA,NA
NA,NA,NA,NA,NA,jʌː (x2),jε(h) (x7),jε(h) (x7),jε(h) (x7),NA,NA,NA,NA
NA,NA,NA,yes,NA,dɪç,jεʔs,NA,NA,NA,NA,NA,NA
NA,NA,NA,yes please,NA,gəpɪʃ,dɪbɪs,NA,NA,NA,NA,NA,NA
NA,NA,NA,NA,NA,NA,NA,NA,NA,NA,NA,NA,NA
NA,NA,NA,NA,NA,NA,NA,NA,NA,NA,NA,NA,NA
NA,NA,NA,NA,NA,NA,NA,NA,NA,NA,NA,NA,NA
NA,NA,NA,sshh (im.),NA,s:,NA,NA,NA,NA,NA,NA,NA
NA,Ivy,17,baby,NA,babiç (*2),bεbi: (*3),biβiⁿ,dabi: (im.),NA,NA,NA,NA
NA,NA,NA,NA,NA,babiç (*2),bεbi: (*3),bεbi: (*3),NA,NA,NA,NA,NA
NA,NA,NA,bag,NA,beɪ:,baɪⁿ  (im.),NA,NA,NA,NA,NA,NA
NA,NA,NA,balloon,NA,ɪwu:un,NA,NA,NA,NA,NA,NA,NA
NA,NA,NA,bee,NA,bi:ju:m::,NA,NA,NA,NA,NA,NA,NA
NA,NA,NA,bye bye,NA,babaɪç,NA,NA,NA,NA,NA,NA,NA
NA,NA,NA,camel,NA,hibɑbʊɫ,NA,NA,NA,NA,NA,NA,NA
NA,NA,NA,caterpillar,NA,əɹɑbəε,əbε (im.),NA,NA,NA,NA,NA,NA
NA,NA,NA,cinderella,NA,uɪɹa,iju:wiɹε,u:iɹæ (m),aɪjiçhɪɫɹæ (m),NA,NA,NA,NA
NA,NA,NA,daddy,NA,dadiç (*2),dætdiⁿ,dadiç (*2),NA,NA,NA,NA,NA
NA,NA,NA,door,NA,dəʊɸ,dəʊ:: (*3),dəʊʔəʊ:ɦ,dəʊʔoɦ,dijɔ:,NA,NA,NA
NA,NA,NA,NA,NA,dəʊ:: (*3),dəʊ:: (*3),NA,NA,NA,NA,NA,NA
NA,NA,NA,down,NA,daʊʷm,NA,NA,NA,NA,NA,NA,NA
NA,NA,NA,elephant,NA,εjəvɸ,ijəʔu,iju:ʂ,NA,NA,NA,NA,NA
NA,NA,NA,giraffe,NA,əwɑ:ə (*2),hija:əʊɸ,ɪr:a:æ,əwɑ:ə (*2),NA,NA,NA,NA
NA,NA,NA,hat,NA,ɪshε,NA,NA,NA,NA,NA,NA,NA
NA,NA,NA,Jessica,NA,ʊʃɪba:ʔɪ,ʃisʃæ,ʃiçjah:ʔ (im.),NA,NA,NA,NA,NA
NA,NA,NA,jumpy,NA,ʤʊvɔɪⁿ,ʃɑʔʃa:ɪʃijə (im.),ʃɔpʃɪʃ (im.),ʃɑpiç (im.),NA,NA,NA,NA
NA,NA,NA,lion,NA,jɑʔwi (*2),əjæⁿi:ç,ijaɪ:jiç (*2),əja:ə:iç,ijɔʷiⁿ,NA,NA,NA
NA,NA,NA,NA,NA,jɑʔwi (*2),ijaɪ:jiç (*2),NA,NA,NA,NA,NA,NA
NA,NA,NA,miaow,NA,i:ʔjaʊ: (*2),hijaʊ: (*2),ijaʊ:ŋ,i:ʔjaʊ: (*2),hijaʊ: (*2),NA,NA,NA
NA,NA,NA,monkey,NA,m:iç,NA,NA,NA,NA,NA,NA,NA
NA,NA,NA,more,NA,(dɪtdaʊ) məʊ:,m:əʊ (im.),məʊ:ŋ (im.),NA,NA,NA,NA,NA
NA,NA,NA,mummy,NA,mɑmin,mamiç (*2),mεmi (*2),mεmin,mæmiⁿ,NA,NA,NA
NA,NA,NA,NA,NA,mamiç (*2),mεmi (*2),NA,NA,NA,NA,NA,NA
NA,NA,NA,no,NA,dnəʊ,NA,NA,NA,NA,NA,NA,NA
NA,NA,NA,rabbit,NA,ɹaʔwiç,NA,NA,NA,NA,NA,NA,NA
NA,NA,NA,row row,NA,wa:ʔwəʊ:,ɪvɹεə:ɹəʊ: (im.),əɹεhɪvεvɸ (im.),wa:əro: (im.),əraʊ:βaʉ: (im.),NA,NA,NA
NA,NA,NA,NA,NA,əɹa:ɫəɸ (im.),ɪɹavβə:u: (im.),NA,NA,NA,NA,NA,NA
NA,NA,NA,snake,NA,ʃi;jæ,ʃeɪ:jε,NA,NA,NA,NA,NA,NA
NA,NA,NA,star,NA,dɒ:,dɑ:,dɒ:ə,dɑ:ə,NA,NA,NA,NA
NA,NA,NA,teddy,NA,hɪdiç,dεdiç (im.),NA,NA,NA,NA,NA,NA
NA,NA,NA,tractor,NA,daɪʔtε,NA,NA,NA,NA,NA,NA,NA
NA,NA,NA,tree,NA,ɑ:ʧi:ə:i,NA,NA,NA,NA,NA,NA,NA
NA,NA,NA,vroom,NA,vəɹʊm:,NA,NA,NA,NA,NA,NA,NA
NA,NA,NA,what's that?,NA,wʊtsjɪhaʔ,hɔɪʔzæʔ,ɒʔwʊʃjæ (m),wʊʃiçra:ʔ (m),hizjæ (im.),NA,NA,NA
NA,NA,NA,whee,NA,əwi::ç,əwi:n,NA,NA,NA,NA,NA,NA
NA,NA,NA,woof,NA,(ɑzəwiju) wɑɸwəɸʔwε,wəʔɸ (im.),NA,NA,NA,NA,NA,NA
NA,NA,NA,yay!,NA,jaɪç,jəʔaɪ:,NA,NA,NA,NA,NA,NA
NA,NA,NA,yeah,NA,hijε,hijə:,ijæʔə,ijæ,ijæɦ,jə,NA,NA
NA,NA,NA,zebra,NA,wεbə,NA,NA,NA,NA,NA,NA,NA
NA,NA,NA,quack quack,NA,ərɔb:vɔbɔ,əvɒ:,NA,NA,NA,NA,NA,NA
NA,NA,NA,ribbit,NA,wi:əɹi,jəʔiçɹʊg,ʧi:uvaβi,əwi:uɹi (im.),NA,NA,NA,NA
NA,Jude,15,apple,NA,aba,abi,apɪ,aboʊ,NA,NA,NA,NA
NA,NA,NA,baba,NA,baba (x5),bafa,bawa,bɔbɑ,baβaχ,bʌba,NA,NA
NA,NA,NA,NA,NA,baba (x5),bava,baba (x5),pʌbo,baba (x5),baba (x5),NA,NA
NA,NA,NA,ball,NA,bɔ (x6),abɔ (x6),bɒbɔ:,bəʊ (x2),bʌ,ʌbɔɛ,NA,NA
NA,NA,NA,NA,NA,əbɔʊ,ʌbɔ (x3),əmbaʊ,mbɔ,boʊ,pɔ,NA,NA
NA,NA,NA,NA,NA,bɔ (x6),abɔ (x6),bɔ (x6),abɔ (x6),bɔ (x6),abɔ (x6),NA,NA
NA,NA,NA,NA,NA,bɔ (x6),abɔ (x6),bɔ (x6),abɔ (x6),bəʊ (x2),NA,NA,NA
NA,NA,NA,NA,NA,ʌbɔ (x3),ʌbɔ (x3),NA,NA,NA,NA,NA,NA
NA,NA,NA,Barnaby,NA,bɒbɤi,bɑbʷi,NA,NA,NA,NA,NA,NA
NA,NA,NA,blue,NA,bʌ ʔ,ʙʌ,NA,NA,NA,NA,NA,NA
NA,NA,NA,book (im.),NA,bʊ (x3),bʊx,bʊ (x3),bʊ (x3),NA,NA,NA,NA
NA,NA,NA,bubbles,NA,babu,babo,NA,NA,NA,NA,NA,NA
NA,NA,NA,cake,NA,kɪkɪ,kxi:,kχɪ,cɪcçɪ,NA,NA,NA,NA
NA,NA,NA,car (im.),NA,ka:,ta: (x3),ga,da,NA,NA,NA,NA
NA,NA,NA,NA,NA,ta: (x3),ta: (x3),NA,NA,NA,NA,NA,NA
NA,NA,NA,caterpillar,NA,pɪ tɪpʌpkæ,pɪtɪp:kapmpmpmpmpmpmpk,NA,NA,pija,NA,NA,NA
NA,NA,NA,cheese (im.),NA,ki,xi:,NA,NA,NA,NA,NA,NA
NA,NA,NA,chocolate,NA,ʃʊ̥ta,tɕata,ɕɔtə,NA,NA,NA,NA,NA
NA,NA,NA,circle,NA,tsɬu,tstə,t t,tɒtɬju (im.),ktɬʉ (im.),tstə,NA,NA
NA,NA,NA,NA,NA,tʊtʊ,tçtɕ,txtx,tʌtɬʌ,tɬutɬu,tɬ:,NA,NA
NA,NA,NA,NA,NA,tɬ:th,totχo,tʌtɬʌ,cɪcç,tkɪ,NA,NA,NA
NA,NA,NA,dada,NA,dadʑa,NA,NA,NA,NA,NA,NA,NA
NA,NA,NA,daddy,NA,dadə (im.),dati (9) (wh),dati (9) (wh),dati (9) (wh),dati (9) (wh),dati (9) (wh),NA,NA
NA,NA,NA,NA,NA,dati (9) (wh),dati (9) (wh),dati (9) (wh),dati (9) (wh),NA,NA,NA,NA
NA,NA,NA,dinner,NA,nɪnɛ,nɪne (im.),NA,NA,NA,NA,NA,NA
NA,NA,NA,Emma,NA,æmæ,NA,NA,NA,NA,NA,NA,NA
NA,NA,NA,fish,NA,s:,ç:,ɪɕ,NA,NA,NA,NA,NA
NA,NA,NA,flower,NA,la,NA,NA,NA,NA,NA,NA,NA
NA,NA,NA,football,NA,babɔ (im.),pʌbɔ,abaʔ (im.),babo,əbɒ,NA,NA,NA
NA,NA,NA,hello (im.),NA,aijɔ  (im.),NA,NA,NA,NA,NA,NA,NA
NA,NA,NA,hiya,NA,jaija,haje,jaija,aija,haɪəә,NA,NA,NA
NA,NA,NA,in 'ere (there),NA,ɪnɛ (im.),nəna: (im.),nɪnɪnɛ:,ɲɪnɪn:ɛ,ɪjɛ,n:ɛ,NA,NA
NA,NA,NA,mouth,NA,ma,mba,NA,NA,NA,NA,NA,NA
NA,NA,NA,mummy,NA,mʌmi,mami,NA,NA,NA,NA,NA,NA
NA,NA,NA,night-night,NA,naɪn:ə,nәnə,NA,NA,NA,NA,NA,NA
NA,NA,NA,no,NA,nɔ,do:,NA,NA,NA,NA,NA,NA
NA,NA,NA,noddy,NA,nɒnɪ,m:tnɒne,NA,NA,NA,NA,NA,NA
NA,NA,NA,orange,NA,ɒwi,NA,NA,NA,NA,NA,NA,NA
NA,NA,NA,sky,NA,ka,ca,NA,NA,NA,NA,NA,NA
NA,NA,NA,square (im.),NA,wɛ (x2),wɛ (x2),NA,NA,NA,NA,NA,NA
NA,NA,NA,star,NA,da: (x3),ta,da: (x3),da: (x3),NA,NA,NA,NA
NA,NA,NA,stuck,NA,tɕʌ,NA,NA,NA,NA,NA,NA,NA
NA,NA,NA,ta,NA,ta:,m:ta:,NA,NA,NA,NA,NA,NA
NA,NA,NA,teeth,NA,ti:,ti:,NA,NA,NA,NA,NA,NA
NA,NA,NA,there,NA,dɛ:,jɛ:,əwɛ:,ɟɛ,βæ,nlɛ,NA,NA
NA,NA,NA,ticktock,NA,tuta:,tɬæ,ɪɬa,NA,NA,NA,NA,NA
NA,NA,NA,trousers (im.),NA,tə ts:,tәtɕɪ,NA,NA,NA,NA,NA,NA
NA,NA,NA,uh-oh,NA,ʔʌʔʌʔ,aʔau,ʌʔɔ:,ʌʔɔ,NA,NA,NA,NA
NA,NA,NA,yay,NA,jɛə,NA,NA,NA,NA,NA,NA,NA
NA,NA,NA,"yeah, yes",NA,jɛ (x2),wɪjɛ,ja,jɛ:,wəjɛ,jɛ (x2),NA,NA
NA,NA,NA,brum(brum),NA,m: (x3),m: (x 6),m: (x3),m: (x3),NA,NA,NA,NA
NA,NA,NA,NA,NA,m: (x 6),m: (x 6),m: (x 6),m: (x 6),m: (x 6),NA,NA,NA
NA,NA,NA,loveʔhug,NA,a::,NA,NA,NA,NA,NA,NA,NA
NA,NA,NA,meow,NA,wawi,NA,NA,NA,NA,NA,NA,NA
NA,NA,NA,monkey sd.,NA,ʌʔoʊ,NA,NA,NA,NA,NA,NA,NA
NA,NA,NA,quack quack,NA,a a:,a a,NA,NA,NA,NA,NA,NA
NA,NA,NA,sheep sound,NA,wa,NA,NA,NA,NA,NA,NA,NA
NA,NA,NA,tiger roar,NA,ra:,NA,NA,NA,NA,NA,NA,NA
NA,NA,NA,whee,NA,waha:a,NA,NA,NA,NA,NA,NA,NA
NA,NA,NA,woof,NA,u,ɔʔoʊ,NA,NA,NA,NA,NA,NA
NA,Lewis,18,all gone,NA,əgɒːmʔ,ʔɔːvɒmʔ,əːwɒmʔ,ɒɹʌʔ,hʊŋːgamʔ,hɜːgɒmː,əʊgɒʔm,NA
NA,NA,NA,NA,NA,əβːgəm (im.),NA,NA,NA,NA,NA,NA,NA
NA,NA,NA,apple,NA,ʔaʊbɛ,NA,NA,NA,NA,NA,NA,NA
NA,NA,NA,ball,NA,dɒː (x2),dɒːː (x3),dʌː,dɒɣʊ,ʤɒːʊ (im.),dɒː (x2),dɒːː (x3),NA
NA,NA,NA,NA,NA,dɒːː (x3),NA,NA,NA,NA,NA,NA,NA
NA,NA,NA,banana,NA,nːæːːnəʔə,NA,NA,NA,NA,NA,NA,NA
NA,NA,NA,bricks (im.),NA,ɔːəxɪːʔx,kek,NA,NA,NA,NA,NA,NA
NA,NA,NA,cake,NA,kɪʔx,NA,NA,NA,NA,NA,NA,NA
NA,NA,NA,car,NA,dɑʔ,dɑː (x3),taːə,dɑː (x3),dɑː (x3),NA,NA,NA
NA,NA,NA,chair,NA,deə,NA,NA,NA,NA,NA,NA,NA
NA,NA,NA,circle,NA,geːgə,gɜgɛə,gɪːgə (m),tɛːgəː (m),NA,NA,NA,NA
NA,NA,NA,clock,NA,kɒːk,kɒk (x2),kəɒʔx,kʊːk,kɒk (x2),NA,NA,NA
NA,NA,NA,down,NA,ʣamː,NA,NA,NA,NA,NA,NA,NA
NA,NA,NA,gone,NA,gɒmːə,gɒm (x4),gɒm (x4),gɒm (x4),gɒm (x4),NA,NA,NA
NA,NA,NA,hot,NA,hɒk (x2),xɔːk (x2),hɒk (x2),xɔːk (x2),NA,NA,NA,NA
NA,NA,NA,jam,NA,stɜm,NA,NA,NA,NA,NA,NA,NA
NA,NA,NA,juice,NA,tɜːʒ,tsɜːɫɸ,NA,NA,NA,NA,NA,NA
NA,NA,NA,keys,NA,ʃəɪ,gəʔɪ,NA,NA,NA,NA,NA,NA
NA,NA,NA,ladder,NA,dɛːdə,NA,NA,NA,NA,NA,NA,NA
NA,NA,NA,moon,NA,mbβː,bβːːɸː,NA,NA,NA,NA,NA,NA
NA,NA,NA,no,NA,nɔə,nːeəʔ,NA,NA,NA,NA,NA,NA
NA,NA,NA,oh no,NA,ɒːːnɔː,ɑːnɔː,ɒːnɔː,ɔːːnɔːː (x2),ɔːnɔː (2),ɔːnɒwə,ɔːnɔə,NA
NA,NA,NA,NA,NA,ʔɪʊnʊː,ʔʌːnɔː,ɔːnɔə,əːːnɔː,ɜːnɔːː,ɜːʔənɔːː,eʊnɔːː,NA
NA,NA,NA,NA,NA,ɔːːnɔːː (x2),ɔːnɔː (2),NA,NA,NA,NA,NA,NA
NA,NA,NA,pushchair,NA,əwuɸtɛ,NA,NA,NA,NA,NA,NA,NA
NA,NA,NA,shoes,NA,mːː (x2),hʊβːː,mːː (x2),NA,NA,NA,NA,NA
NA,NA,NA,spade (im.),NA,dəːʣ,NA,NA,NA,NA,NA,NA,NA
NA,NA,NA,star,NA,dæː,daɑː,dɑː (x2),dɑː (x2),NA,NA,NA,NA
NA,NA,NA,sun,NA,dɒːʊ,dəʊ,dɒ,NA,NA,NA,NA,NA
NA,NA,NA,there,NA,dɛːjə,dɛː (x2),dɛː (x2),NA,NA,NA,NA,NA
NA,NA,NA,tractor,NA,ɸːɛʔtɛː,ɸaʔtɛːːəː,təwaʔsːa,wɑʔndə,dæːtʊ (im.),NA,NA,NA
NA,NA,NA,train,NA,tɪʊ,NA,NA,NA,NA,NA,NA,NA
NA,NA,NA,truck,NA,tɪwʊ,təwʊːʔt,hɛːːʃʊʔs (im.),NA,NA,NA,NA,NA
NA,NA,NA,uh-oh,NA,ɔəʔɔːː,ɔʔɔːːː,ɜːːːʔɔːː,əʔɔːː,ʊːɒʔɔːː,ʊːʔɔːʔ,ʌʔɔːː,NA
NA,NA,NA,NA,NA,ʊʔɔ (m),ʔɒʔɔː,ʔəʔɔːɸ,ʔɪʔɔːːwʊ,ʔʊʔʊːu,NA,NA,NA
NA,NA,NA,woof woof,NA,wːəwəβː,əwɜweʊ,NA,NA,NA,NA,NA,NA
NA,NA,NA,choo-choo,NA,ʉɸhʊː,fɪstɜː,ʃːʉstʷəːʊ,sːtʊːsəʊ,əʊsʊsːɪ (im.),NA,NA,NA
NA,Patrick,18,baa,NA,ʔba:,NA,NA,NA,NA,NA,NA,NA
NA,NA,NA,baby,NA,beɪbeɪ:i,beɪbi: (im.),NA,NA,NA,NA,NA,NA
NA,NA,NA,ball,NA,bɔn,NA,NA,NA,NA,NA,NA,NA
NA,NA,NA,bath,NA,baʔɪ (*2),baʔɪ (*2),NA,NA,NA,NA,NA,NA
NA,NA,NA,bee,NA,wεbʷi:,bʷi:bʷi: (im.),NA,NA,NA,NA,NA,NA
NA,NA,NA,beebies,NA,bibəwi:,NA,NA,NA,NA,NA,NA,NA
NA,NA,NA,book,NA,bəʷʊʔ (*2),buʔug (im.),bəʊ (im.),bəʷʊʔ (*2),NA,NA,NA,NA
NA,NA,NA,box,NA,bɑʔ,NA,NA,NA,NA,NA,NA,NA
NA,NA,NA,cat,NA,ʔgɑ,ga (*2),gəʔæ (im.),dgaʔ (im.),ga (*2),NA,NA,NA
NA,NA,NA,D2 (R2D2),NA,diç du:: (*2),di:du::,ditdu::,didəʷu,geɪ gu:n,NA,NA,NA
NA,NA,NA,NA,NA,giçdə:u:,digdu:: (im.),ʤədi: du:: (im.),diç du:: (*2),NA,NA,NA,NA
NA,NA,NA,daddy,NA,dadi: (*6),ndadi:,daɪdi::,dagdi:,dadgi:,NA,NA,NA
NA,NA,NA,NA,NA,dadi: (*6),dadi: (*6),dadi: (*6),dadi: (*6),dadi: (*6),NA,NA,NA
NA,NA,NA,Doody (Monty),NA,dəʊdi: (*3),dəʊ:ʔgi:,dudi:,duʔdi,dəʊdi: (*3),dəʊdi: (*3),NA,NA
NA,NA,NA,go,NA,gəʔəʊ (*2),dɔ:u (im.),dəʊ (im.),gəʔəʊ (*2),NA,NA,NA,NA
NA,NA,NA,hat,NA,hæ,hæʔ (*2),haʔ (im.),həʔæ (im.),ɪʔæ (im.),NA,NA,NA
NA,NA,NA,NA,NA,æʔ (m),əɹæʔ,hæʔ (*2),NA,NA,NA,NA,NA
NA,NA,NA,hello,NA,ɹa:ʔəʊ,əɹaʊ: (im.),NA,NA,NA,NA,NA,NA
NA,NA,NA,horsey,NA,ɔʔʷi:,hɔʔgɑʔ,ɔgʷi: (im.),ɔʔi:: (im.),hɔʔhi:: (im.),ɔʔi:: (im.),NA,NA
NA,NA,NA,knee,NA,əni:,ɪnuwi:ⁿ,NA,NA,NA,NA,NA,NA
NA,NA,NA,more,NA,əmɔh,ɪməʊⁿ,mɔ:ɪ,NA,NA,NA,NA,NA
NA,NA,NA,no,NA,ɪnəʊ (*2),ənəʊ (*2),iɳεʊʔ,ənəʊn,nεə:,mneʊʔ,NA,NA
NA,NA,NA,NA,NA,nɑ:h (im.),nεəʊ,nəʊʔ,ɪnəʊ (*2),ənəʊ (*2),NA,NA,NA
NA,NA,NA,off,NA,ɔʔ (*3),ɔ:ʔɸ,ɔhɸ,ɔʔ (*3),ɔʔ (*3),NA,NA,NA
NA,NA,NA,ow,NA,a:ʔ,i:ʔaʉ:,ə:ʔɔ:ʊ,i:ʔə:ʔ,a:ʷəʊ,NA,NA,NA
NA,NA,NA,phone,NA,waʔʊn,waʔeʊn (im.),wa:ʔəʊ (im.),NA,NA,NA,NA,NA
NA,NA,NA,tractor,NA,dakga:h,dæʔɪdə:,NA,NA,NA,NA,NA,NA
NA,NA,NA,uh oh,NA,ʌhʔɑ:əʊ,ɔʔəʊ: (*2),ʌhʔəʊ: (*2),ɔʔəʊ: (*2),ʌhʔəʊ: (*2),NA,NA,NA
NA,NA,NA,water,NA,waʔwɔ: (*3),wɔʔwɑ: (im.),wɔwɔ: (im.),waβwɔ: (im.),waʔwɔ: (*3),waʔwɔ: (*3),wɔʔwɑ: (im.),NA
NA,NA,NA,wheel,NA,nwi əʊ:əʊ,wi:jəʊ: (im.),NA,NA,NA,NA,NA,NA
NA,NA,NA,woof woof,NA,wʊʷuʔ,NA,NA,NA,NA,NA,NA,NA
NA,NA,NA,quack quack,NA,aʔ ɪʔ aʔɪ,ɪ εɢ ɪ a,ɑɢ aʔ,NA,NA,NA,NA,NA
NA,NA,NA,squeak squeak,NA,u:ʔɹi:k,mikəwi: (im.),NA,NA,NA,NA,NA,NA
NA,Rachel,17,all gone (im.),NA,guːgɒː,NA,NA,NA,NA,NA,NA,NA
NA,NA,NA,apple (im.),NA,bɒpɔːʔəʃ,NA,NA,NA,NA,NA,NA,NA
NA,NA,NA,away (im.),NA,waːeɪθ,NA,NA,NA,NA,NA,NA,NA
NA,NA,NA,baa baa black sheep,NA,bɑːbajɪ,NA,NA,NA,NA,NA,NA,NA
NA,NA,NA,baby,NA,bəbiː,beɪbɪʔ (im.),pəbɪː (im.),NA,NA,NA,NA,NA
NA,NA,NA,back (im.),NA,pɜʔt,NA,NA,NA,NA,NA,NA,NA
NA,NA,NA,Beba (im.),NA,bɛbəːts,bebəːθ,NA,NA,NA,NA,NA,NA
NA,NA,NA,beep beep (im.),NA,bɛbiːjə,NA,NA,NA,NA,NA,NA,NA
NA,NA,NA,bike (im.),NA,mːaʔaʔ,NA,NA,NA,NA,NA,NA,NA
NA,NA,NA,biscuits (im.),NA,pɪʔθʷɪʔθ tθ,NA,NA,NA,NA,NA,NA,NA
NA,NA,NA,boo (im.),NA,wɛwʊʔbəʊː,NA,NA,NA,NA,NA,NA,NA
NA,NA,NA,bye,NA,ɸaːːɪ,bɛːiː,baːeɪ (im.),waːeiː (im.),NA,NA,NA,NA
NA,NA,NA,NA,NA,hɜbɑːeɪ (im.),baː  hɪ (im.),baeiː (m),bɑːejɪ (m),NA,NA,NA,NA
NA,NA,NA,cat (im.),NA,kəjə,gaʔtθ,NA,NA,NA,NA,NA,NA
NA,NA,NA,chips (im.),NA,dɪʔθː,NA,NA,NA,NA,NA,NA,NA
NA,NA,NA,cold (im.),NA,kɔːf,NA,NA,NA,NA,NA,NA,NA
NA,NA,NA,cup of tea,NA,gʊkgəwiːː,pəgɒbgɪː,gʊɪ  gɒgʷiː (im.),gɒːkɪː (m),NA,NA,NA,NA
NA,NA,NA,Daisy (im.),NA,dðiː,NA,NA,NA,NA,NA,NA,NA
NA,NA,NA,doggy,NA,əmdəʊʔgɪʔ,gɒgiː,baːgɒgɪː (m),gɒgəwiː (im.),NA,NA,NA,NA
NA,NA,NA,NA,NA,gɒgɪː (im.),gɔgʷɪː (im.),NA,NA,NA,NA,NA,NA
NA,NA,NA,door,NA,dɒ (x4),dɒː (x4),dɒːʔə,tɒx,dɒ (x4),dɒː (x4),NA,NA
NA,NA,NA,NA,NA,daɒx,daːɒ,dɒ (x4),dɒː (x4),dɒ (x4),dɒː (x4),NA,NA
NA,NA,NA,down,NA,dɒʊ,taːʊ (im.),NA,NA,NA,NA,NA,NA
NA,NA,NA,duck,NA,ʊŋkəkx,kʊʔ  k (im.),NA,NA,NA,NA,NA,NA
NA,NA,NA,fish (im.),NA,hɔːθː,hɔwəts,NA,NA,NA,NA,NA,NA
NA,NA,NA,flowers,NA,əwɒːwəsːː,ʊwəʊwaθ (im.),NA,NA,NA,NA,NA,NA
NA,NA,NA,get you (im.),NA,gɒɪjə (im.),NA,NA,NA,NA,NA,NA,NA
NA,NA,NA,go,NA,gəːʊ,gaʊ,NA,NA,NA,NA,NA,NA
NA,NA,NA,gone,NA,gɑʊfːə,NA,NA,NA,NA,NA,NA,NA
NA,NA,NA,hello,NA,aɪjɔ,NA,NA,NA,NA,NA,NA,NA
NA,NA,NA,here you go,NA,həʊhɛːkəʊ,NA,NA,NA,NA,NA,NA,NA
NA,NA,NA,house,NA,ɒwəs,aːʊθ (im.),NA,NA,NA,NA,NA,NA
NA,NA,NA,jump (im.),NA,dəuːp,NA,NA,NA,NA,NA,NA,NA
NA,NA,NA,knees and toes (im.),NA,tɪdʊ  dʊ,NA,NA,NA,NA,NA,NA,NA
NA,NA,NA,Makka Pakka (im.),NA,məmaː,NA,NA,NA,NA,NA,NA,NA
NA,NA,NA,miaow (im.),NA,miːjaʊm,NA,NA,NA,NA,NA,NA,NA
NA,NA,NA,Mummy,NA,əwɛwi,ɜmamːɪː,mɪəwɪ (im.),NA,NA,NA,NA,NA
NA,NA,NA,night night,NA,næːnʔ,naːː (im.),NA,NA,NA,NA,NA,NA
NA,NA,NA,noise,NA,nːɔɪθ,NA,NA,NA,NA,NA,NA,NA
NA,NA,NA,one two three (m),NA,əwɪː  ʊwɜː  tɜʔt,NA,NA,NA,NA,NA,NA,NA
NA,NA,NA,piggy (im.),NA,pəbeɪbɪ,NA,NA,NA,NA,NA,NA,NA
NA,NA,NA,please,NA,bɪtːɪːʔ,pɪθː,meɪθ,pɪːθ,NA,NA,NA,NA
NA,NA,NA,NA,NA,pɪs  pi,peɪθ (im.),NA,NA,NA,NA,NA,NA
NA,NA,NA,quack quack,NA,ɪwa  əwa,əwaʔʊwə (im.),NA,NA,NA,NA,NA,NA
NA,Tania,18,(it's a) bus,NA,pæʃ:,pʌ:s,pæ:s (im.),pa:s (im.),pæs: (im.),pæ:s: (im.) (x3),NA,NA
NA,NA,NA,NA,NA,(ʔɪsə)bə:s: (im.),ps (im.),pçpə(im.),bεs (im.),biʃpəpʉʃ (im.),(bɪxʔɪ)bʊʃ,NA,NA
NA,NA,NA,NA,NA,pʃ (im.) (x2),pæ:s: (im.) (x3),pæ:s: (im.) (x3),pʃ (im.) (x2),NA,NA,NA,NA
NA,NA,NA,(it's a) shoe,NA,(ʔɪsɪ)səʊ,(ʔɪsɪ)səʊ (im.),(sɪ)sʊ: (im.),NA,NA,NA,NA,NA
NA,NA,NA,(it's) asleep,NA,(ɪs)ɪsɪ:,NA,NA,NA,NA,NA,NA,NA
NA,NA,NA,(where)/(there it is) spoon,NA,(æ:h)bʊ,(p)ʊ: (im.),pʊ: (im.) (x2),pæʊ (im.),(dædɪʔ)bʊ,pʊ: (im.),NA,NA
NA,NA,NA,NA,NA,pʉ: (im.),pʉ: (im.),pʊ: (im.) (x2),NA,NA,NA,NA,NA
NA,NA,NA,arm,NA,ʌm,NA,NA,NA,NA,NA,NA,NA
NA,NA,NA,baby (baby),NA,pi:bi,bi:bijabi:bi: (m),NA,NA,NA,NA,NA,NA
NA,NA,NA,bag (im.),NA,bæ:i,bai,bæ,bæi (x3),bijə (x2),bi,NA,NA
NA,NA,NA,NA,NA,bæi (x3),bæi (x3),bijə (x2),NA,NA,NA,NA,NA
NA,NA,NA,ball,NA,pʊə:,pʊ,pʊ,pʉh,pʉɸ (im.),NA,NA,NA
NA,NA,NA,big,NA,pi:,bi:,NA,NA,NA,NA,NA,NA
NA,NA,NA,book (book book),NA,bʊʔ (x2),bʉʔ,bʊ (x4),ba,pʊpʊpʊ,bʊbʊbʊ,NA,NA
NA,NA,NA,NA,NA,bʊʔ (x2),bʊ (x4),bʊ (x4),bʊ (x4),NA,NA,NA,NA
NA,NA,NA,bum,NA,bæm,NA,NA,NA,NA,NA,NA,NA
NA,NA,NA,daddy,NA,tætitε,NA,NA,NA,NA,NA,NA,NA
NA,NA,NA,Daisy,NA,ti,dædi,tεzεdi,tzi,ze:,NA,NA,NA
NA,NA,NA,ear,NA,ʔiʔʊiə,NA,NA,NA,NA,NA,NA,NA
NA,NA,NA,elbow,NA,bε:bo:,NA,NA,NA,NA,NA,NA,NA
NA,NA,NA,eye,NA,æ:i,NA,NA,NA,NA,NA,NA,NA
NA,NA,NA,fish,NA,ʔɪs:ə,ʔəʃ:,NA,NA,NA,NA,NA,NA
NA,NA,NA,Iggle-piggle,NA,ɑgigɔ,igɔligɑ,ɪgɔgigɔgigɔ,ɔgɪgɑ,ɔɣijɔgɔgi (im.),ɔgɪk (im.),NA,NA
NA,NA,NA,NA,NA,əliga (im.),ɔgijɔgigɔ (im.),ɪgægɣjæʔɪgɑ (im.),gənɪgəʊ (im.),igɔgligɑ (im.),kɔlihɔ (im.),NA,NA
NA,NA,NA,NA,NA,gigɔ (im.),ɔgiɔ:ʔɔhgɪgɔgɪgɔ (im.),NA,NA,NA,NA,NA,NA
NA,NA,NA,moo,NA,mʊ:,NA,NA,NA,NA,NA,NA,NA
NA,NA,NA,more,NA,mɑ,məʔ,m:ʌ,NA,NA,NA,NA,NA
NA,NA,NA,mummy,NA,pæmɪ,mʌmɪ (x4),mʉmi,mʌmɪ (x4),mʌmɪ (x4),mʌmɪ (x4),NA,NA
NA,NA,NA,no (no no),NA,no,nɔ,n:ɔ,naʔ (im.),nəʔ (im.),naʔnaʔnaʔ,NA,NA
NA,NA,NA,nose,NA,nəʔnʊ,NA,NA,NA,NA,NA,NA,NA
NA,NA,NA,oh dear,NA,həʊ:di:ʔa:,NA,NA,NA,NA,NA,NA,NA
NA,NA,NA,ow,NA,hæ:ʊʔə,ʔæʊ (x3),ʔæʉ (x2),ʔæʊ (x3),ʔæʊ (x3),ʔæʉ (x2),NA,NA
NA,NA,NA,pig,NA,gi(ʔa),pija(ʔ),pi:(ʔ),NA,NA,NA,NA,NA
NA,NA,NA,push,NA,pʊʃs:,pʊʃ,bɪs,bɪʃ:,bʊçi,pʉç (im.),NA,NA
NA,NA,NA,quack quack quack,NA,jaʔjaʔjaʔ,NA,NA,NA,NA,NA,NA,NA
NA,NA,NA,sofa,NA,ʔəʔəfə,fə,ʔəf:æ (im.),həfə (im.),hæf,fə,NA,NA
NA,NA,NA,stones,NA,dʌ:,tjʊ,NA,NA,NA,NA,NA,NA
NA,NA,NA,there,NA,tæ:,NA,NA,NA,NA,NA,NA,NA
NA,NA,NA,there it is (spoon) (im.),NA,da:dɪʔ,dædi,dæti,dæ:di,dæti:,dædɪʔ(bʊ),NA,NA
NA,NA,NA,tree,NA,di:,NA,NA,NA,NA,NA,NA,NA
NA,NA,NA,where,NA,a:,æ:h,æ:,æ:wə (im.),NA,NA,NA,NA
NA,NA,NA,woof,NA,ʔʊf,NA,NA,NA,NA,NA,NA,NA
NA,NA,NA,yeah,NA,jεh (x2),jε: (x2),ʔjεʔ,jε(h) (x3),jεh (x2),jε: (x2),NA,NA
NA,NA,NA,NA,NA,jε(h) (x3),jε(h) (x3),NA,NA,NA,NA,NA,NA
NA,NA,NA,yes,NA,jεʔs,NA,NA,NA,NA,NA,NA,NA
NA,NA,NA,miaow,NA,jæ:ʊh,NA,NA,NA,NA,NA,NA,NA
NA,Tobias,18,a-boo,NA,wɛbʷʊ,NA,NA,NA,NA,NA,NA,NA
NA,NA,NA,baa,NA,bɒxː,bɒːx (x3),ʙɒː,bəɒ,bɒːx (x3),bɒːx (x3),NA,NA
NA,NA,NA,baby,NA,biːbiːç,bɪːbɪx,bi  sbɪ (im.),NA,NA,NA,NA,NA
NA,NA,NA,ball,NA,pəu,bɪʊ,NA,NA,NA,NA,NA,NA
NA,NA,NA,bear,NA,bɛː (x5),bəɛ,pfɛːɪ,bije (im.),beː (im.),NA,NA,NA
NA,NA,NA,NA,NA,bɛː (x5),bɛː (x5),bɛː (x5),bɛː (x5),NA,NA,NA,NA
NA,NA,NA,blocks,NA,bʷɒʔ,NA,NA,NA,NA,NA,NA,NA
NA,NA,NA,book (im.),NA,bʊʔ,NA,NA,NA,NA,NA,NA,NA
NA,NA,NA,boots,NA,bʊːʔə,NA,NA,NA,NA,NA,NA,NA
NA,NA,NA,box,NA,bːɒʔʃ,NA,NA,NA,NA,NA,NA,NA
NA,NA,NA,bus,NA,baɪst,əbːæ,bəsːː,əbːaɪ (im.),bəθ (im.),mbəː (im.),NA,NA
NA,NA,NA,butterfly,NA,bɒɪsːa,bəɪtsa (im.),NA,NA,NA,NA,NA,NA
NA,NA,NA,cat (im.),NA,ɢaʔ,NA,NA,NA,NA,NA,NA,NA
NA,NA,NA,eeyore,NA,iːjɔː,iːjɔ,iːjʊ,iːjʊwɪ,ijɔː,ɪʔɒʔɔʔ,NA,NA
NA,NA,NA,NA,NA,wiːjʊ,NA,NA,NA,NA,NA,NA,NA
NA,NA,NA,hippo,NA,hɒ  bɔwə,NA,NA,NA,NA,NA,NA,NA
NA,NA,NA,honk honk,NA,ŋːʊ  ŋʊ,ʊ  ɒ,ɒ  ʔəː,ɒː  ɒx,əʊɣ  ɜː,ɒ ɒ ɒ,ʔɒː (im.),NA
NA,NA,NA,miaow,NA,biːja (x5),biːjə (x5),biːjəː,biːjɪ,bijə (x3),bijəː,piʒaʔ,NA
NA,NA,NA,NA,NA,bijə (x3),bijə (x3),biːja (x5),biːja (x5),biːja (x5),biːja (x5),NA,NA
NA,NA,NA,NA,NA,biːjə (x5),biːjə (x5),biːjə (x5),biːjə (x5),NA,NA,NA,NA
NA,NA,NA,monkey,NA,mːəmːi,mːɔːwɪː,NA,NA,NA,NA,NA,NA
NA,NA,NA,moo,NA,mːʊː,ɪmɪ̃ʊ̃ː,ɪ̃mɪ̃ʊ̃,bəmɜːː,NA,NA,NA,NA
NA,NA,NA,mouse (im.),NA,mʊə,NA,NA,NA,NA,NA,NA,NA
NA,NA,NA,neenaw,NA,nĩːja,iːːna,NA,NA,NA,NA,NA,NA
NA,NA,NA,peacock,NA,biʔʧɔʔ,NA,NA,NA,NA,NA,NA,NA
NA,NA,NA,plane,NA,beɪ,beːɪ (im.),NA,NA,NA,NA,NA,NA
NA,NA,NA,quack quack (etc.),NA,ʔaʔaʔaʔ,ʔɒʔɒʔəʔəʔ,ʔaʔaʔ,ʔəʔaʔ,ʔaʔʊʔ,ʔʊʔɒʔ,ʔaʔ (im.),NA
NA,NA,NA,NA,NA,ʔəʔɒʔɒʔ (im.),ʔɒːʔʊʔ (im.),aːʔɒʔɴɒ̃ʔ (im.),NA,NA,NA,NA,NA
NA,NA,NA,ribbit ribbit,NA,ʊwɛʔəwɛʔ,əwɛʔʊwɛʔ,əwɛʔɹɛʔ,NA,NA,NA,NA,NA
NA,NA,NA,snail,NA,sː (x3),əθːː (im.),tsːːː (im.),sːːʃ (m),tθːː (m),NA,NA,NA
NA,NA,NA,NA,NA,sː (x3),sː (x3),NA,NA,NA,NA,NA,NA
NA,NA,NA,spider (im.),NA,mbaːdəja,NA,NA,NA,NA,NA,NA,NA
NA,NA,NA,ta (im.),NA,dʊ,NA,NA,NA,NA,NA,NA,NA
NA,NA,NA,that,NA,daːʔə,dæʔ (x2),daʔ (x5),daʔə,dɪjəʔə,diʔ,ədaʔ (m),NA
NA,NA,NA,NA,NA,əðijaʔ,ndæʔ,sʲaʔ,sʲaʔ,θaʔ,θʉəʔ,NA,NA
NA,NA,NA,NA,NA,dæʔ (x2),daʔ (x5),daʔ (x5),daʔ (x5),daʔ (x5),NA,NA,NA
NA,NA,NA,there,NA,hədɛːʔɪ,dɒɛː,ɪdɛː,NA,NA,NA,NA,NA
NA,NA,NA,tick tock,NA,tiʔdɔʔ,NA,NA,NA,NA,NA,NA,NA
NA,NA,NA,toot toot,NA,ʒʊ  ʒʊː,dʊ  dʊːɹɪ,tʊʔdʊwɪ,dʊʔtɒɪjə,NA,NA,NA,NA
NA,NA,NA,tortoise,NA,bɒːdi,NA,NA,NA,NA,NA,NA,NA
NA,NA,NA,what's that (im.),NA,awɪdsaʔ,ɪzsaʔ,əzɪdɫzʲaʔ,ɪzʲaʔ,ɪzʲaːʔə,NA,NA,NA
NA,NA,NA,woof woof,NA,ʊ,ŋgʊ  ʊ,ɪʊ  ʊɸ,ə̃ ə̃ɸ (im.),NA,NA,NA,NA
NA,NA,NA,eek eek,NA,bʷi  i,NA,NA,NA,NA,NA,NA,NA
NA,NA,NA,hoo hoo,NA,ʊ  ʊːɸ,NA,NA,NA,NA,NA,NA,NA
Italian,Miriam,15,aiuto,NA,ajuto,NA,NA,NA,NA,NA,NA,NA
NA,NA,NA,apri,NA,api (5),api (5),api (5),api (5),api (5),NA,NA,NA
NA,NA,NA,aspetta,NA,pet:a,NA,NA,NA,NA,NA,NA,NA
NA,NA,NA,barbi,NA,bab:i (8),mabi,bab:i (8),bab:i (8),bab:i (8),bab:i (8),NA,NA
NA,NA,NA,NA,NA,bab:i (8),bab:i (8),bab:i (8),NA,NA,NA,NA,NA
NA,NA,NA,basta,NA,at:a (3),at:a (3),at:a (3),NA,NA,NA,NA,NA
NA,NA,NA,bimbo,NA,bimbi (2),mimbo,bimbi (2),NA,NA,NA,NA,NA
NA,NA,NA,bruco,NA,uko,NA,NA,NA,NA,NA,NA,NA
NA,NA,NA,caduto,NA,oduto (4),duto (3),oduto (4),oduto (4),oduto (4),NA,NA,NA
NA,NA,NA,NA,NA,duto (3),duto (3),NA,NA,NA,NA,NA,NA
NA,NA,NA,caffè,NA,kake,NA,NA,NA,NA,NA,NA,NA
NA,NA,NA,chiudi,NA,kudi,NA,NA,NA,NA,NA,NA,NA
NA,NA,NA,ciao,NA,tʃao (2),ao,tʃao (2),NA,NA,NA,NA,NA
NA,NA,NA,ciuccio,NA,tʃiut:ʃo(2),tiuto,tʃiut:ʃo(2),NA,NA,NA,NA,NA
NA,NA,NA,ecco,NA,ɛk:o (12),ɛk:o (12),ɛk:o (12),ɛk:o (12),ɛk:o (12),ɛk:o (12),NA,NA
NA,NA,NA,NA,NA,ɛk:o (12),ɛk:o (12),ɛk:o (12),ɛk:o (12),ɛk:o (12),ɛk:o (12),NA,NA
NA,NA,NA,fatto,NA,fat:o,NA,NA,NA,NA,NA,NA,NA
NA,NA,NA,forchetta,NA,pak:et:a (2),pak:et:a (2),NA,NA,NA,NA,NA,NA
NA,NA,NA,freddo,NA,fed:o,NA,NA,NA,NA,NA,NA,NA
NA,NA,NA,grazie,NA,at:e (5),atie (3),gate (2),at:e (5),at:e (5),at:e (5),NA,NA
NA,NA,NA,NA,NA,at:e (5),atie (3),atie (3),gate (2),NA,NA,NA,NA
NA,NA,NA,lunga,NA,uŋga,NA,NA,NA,NA,NA,NA,NA
NA,NA,NA,macchina,NA,mak:ja (7),maja (2),madia,akja,mapia,mak:ja (7),NA,NA
NA,NA,NA,NA,NA,mak:ja (7),mak:ja (7),mak:ja (7),mak:ja (7),mak:ja (7),maja (2),NA,NA
NA,NA,NA,maialino,NA,maino,NA,NA,NA,NA,NA,NA,NA
NA,NA,NA,majonese,NA,majoneze,NA,NA,NA,NA,NA,NA,NA
NA,NA,NA,mamma,NA,mam:a (2),mam:a (2),NA,NA,NA,NA,NA,NA
NA,NA,NA,mia,NA,mia (2),mia (2),NA,NA,NA,NA,NA,NA
NA,NA,NA,moto,NA,mɔto (2),oto,[ɔ:to],mɔto (2),NA,NA,NA,NA
NA,NA,NA,mucca,NA,muk:a,NA,NA,NA,NA,NA,NA,NA
NA,NA,NA,papà,NA,papa (2),papa (2),NA,NA,NA,NA,NA,NA
NA,NA,NA,pappa,NA,pap:a (4),pap:a (4),pap:a (4),pap:a (4),NA,NA,NA,NA
NA,NA,NA,piange,NA,pan:ʤe (2),pan:ʤe (2),NA,NA,NA,NA,NA,NA
NA,NA,NA,piatti,NA,pjat:i,NA,NA,NA,NA,NA,NA,NA
NA,NA,NA,polpetta,NA,papet:a,NA,NA,NA,NA,NA,NA,NA
NA,NA,NA,qua,NA,kwa (12),kwa (12),kwa (12),kwa (12),kwa (12),kwa (12),NA,NA
NA,NA,NA,NA,NA,kwa (12),kwa (12),kwa (12),kwa (12),kwa (12),kwa (12),NA,NA
NA,NA,NA,questo,NA,kwet:o (3),et:o (2),kwet:o (3),kwet:o (3),et:o (2),NA,NA,NA
NA,NA,NA,rotto,NA,ot:o (3),ot:o (3),ot:o (3),NA,NA,NA,NA,NA
NA,NA,NA,scarpe,NA,bap:e,NA,NA,NA,NA,NA,NA,NA
NA,NA,NA,seggiola,NA,ola,NA,NA,NA,NA,NA,NA,NA
NA,NA,NA,terra,NA,te:a (3),te:a (3),te:a (3),NA,NA,NA,NA,NA
NA,NA,NA,uscito,NA,atito,NA,NA,NA,NA,NA,NA,NA
NA,NA,NA,uva,NA,uva (5),ua (3),ua (3),ua (3),NA,NA,NA,NA
NA,NA,NA,NA,NA,uva (5),uva (5),uva (5),uva (5),NA,NA,NA,NA
NA,NA,NA,vola,NA,voa,NA,NA,NA,NA,NA,NA,NA
NA,Adele,21,acqua,NA,ak:a (3),ak:a (3),ak:a (3),NA,NA,NA,NA,NA
NA,NA,NA,ancora,NA,anko:a (2),anko:a (2),NA,NA,NA,NA,NA,NA
NA,NA,NA,aspetta,NA,pet:a (2),pet:a (2),NA,NA,NA,NA,NA,NA
NA,NA,NA,bicchiere,NA,jele,NA,NA,NA,NA,NA,NA,NA
NA,NA,NA,bimba,NA,bimba,NA,NA,NA,NA,NA,NA,NA
NA,NA,NA,bistecca,NA,tek:a (2),tek:a (2),NA,NA,NA,NA,NA,NA
NA,NA,NA,bolle,NA,bol:e,NA,NA,NA,NA,NA,NA,NA
NA,NA,NA,buco,NA,buko,NA,NA,NA,NA,NA,NA,NA
NA,NA,NA,buona,NA,bwɔjo,NA,NA,NA,NA,NA,NA,NA
NA,NA,NA,caldo,NA,kad:o,NA,NA,NA,NA,NA,NA,NA
NA,NA,NA,cari,NA,kai,NA,NA,NA,NA,NA,NA,NA
NA,NA,NA,carota,NA,kao:ta (2),kalɔta,kao:ta (2),NA,NA,NA,NA,NA
NA,NA,NA,chiavi,NA,kja:i,NA,NA,NA,NA,NA,NA,NA
NA,NA,NA,ciao,NA,a:o,NA,NA,NA,NA,NA,NA,NA
NA,NA,NA,ciccia,NA,tʃit:ʃa,NA,NA,NA,NA,NA,NA,NA
NA,NA,NA,ciuccio,NA,tʃiut:ʃo (2),tʃiut:ʃo (2),NA,NA,NA,NA,NA,NA
NA,NA,NA,cosa,NA,kɔsa,NA,NA,NA,NA,NA,NA,NA
NA,NA,NA,cucchiaino,NA,kino,NA,NA,NA,NA,NA,NA,NA
NA,NA,NA,ecco,NA,ɛk:o (6),ɛk:o (6),ɛk:o (6),ɛk:o (6),ɛk:o (6),ɛk:o (6),NA,NA
NA,NA,NA,eccolo,NA,ɛk:olo (4),ɛk:olo (4),ɛk:olo (4),ɛk:olo (4),NA,NA,NA,NA
NA,NA,NA,grazie,NA,gat:ʃe (5),at:ʃe (2),gat:ʃe (5),gat:ʃe (5),gat:ʃe (5),gat:ʃe (5),NA,NA
NA,NA,NA,NA,NA,at:ʃe (2),NA,NA,NA,NA,NA,NA,NA
NA,NA,NA,guarda,NA,gad:a (3),gad:a (3),gad:a (3),NA,NA,NA,NA,NA
NA,NA,NA,latte,NA,lat:e,NA,NA,NA,NA,NA,NA,NA
NA,NA,NA,mamma,NA,mam:a (5),mam:a (5),mam:a (5),mam:a (5),mam:a (5),NA,NA,NA
NA,NA,NA,mio,NA,mio (6),mio (6),mio (6),mio (6),mio (6),mio (6),NA,NA
NA,NA,NA,palla,NA,pal:a (2),pal:a (2),NA,NA,NA,NA,NA,NA
NA,NA,NA,papà,NA,papa (9),papa (9),papa (9),papa (9),papa (9),papa (9),NA,NA
NA,NA,NA,NA,NA,papa (9),papa (9),papa (9),NA,NA,NA,NA,NA
NA,NA,NA,pappa,NA,pap:a (3),pap:a (3),pap:a (3),NA,NA,NA,NA,NA
NA,NA,NA,pesce,NA,pese (2),pese (2),NA,NA,NA,NA,NA,NA
NA,NA,NA,piselli,NA,pɛl:i,NA,NA,NA,NA,NA,NA,NA
NA,NA,NA,porta,NA,pɔt:a (3),pɔlta,pɔt:a (3),pɔt:a (3),NA,NA,NA,NA
NA,NA,NA,prego,NA,pego (2),pego (2),NA,NA,NA,NA,NA,NA
NA,NA,NA,prendo,NA,pendo (2),plendo,pendo (2),NA,NA,NA,NA,NA
NA,NA,NA,qua,NA,kwa (5),kwa (5),kwa (5),kwa (5),kwa (5),NA,NA,NA
NA,NA,NA,quello,NA,ɛl:o(5),kwel:o (3),kwet:o (10),kwel:o (3),kwel:o (3),kwet:o (10),NA,NA
NA,NA,NA,NA,NA,ɛl:o(5),ɛl:o(5),ɛl:o(5),ɛl:o(5),kwet:o (10),kwet:o (10),NA,NA
NA,NA,NA,NA,NA,kwet:o (10),kwet:o (10),kwet:o (10),kwet:o (10),kwet:o (10),kwet:o (10),NA,NA
NA,NA,NA,questa,NA,et:o (20),ket:o (12),et:o (20),et:o (20),et:o (20),et:o (20),NA,NA
NA,NA,NA,NA,NA,et:o (20),et:o (20),et:o (20),et:o (20),et:o (20),et:o (20),NA,NA
NA,NA,NA,NA,NA,et:o (20),et:o (20),et:o (20),et:o (20),et:o (20),et:o (20),NA,NA
NA,NA,NA,NA,NA,et:o (20),et:o (20),et:o (20),ket:o (12),ket:o (12),ket:o (12),NA,NA
NA,NA,NA,NA,NA,ket:o (12),ket:o (12),ket:o (12),ket:o (12),ket:o (12),ket:o (12),NA,NA
NA,NA,NA,NA,NA,ket:o (12),ket:o (12),NA,NA,NA,NA,NA,NA
NA,NA,NA,scarpe,NA,kap:e,NA,NA,NA,NA,NA,NA,NA
NA,NA,NA,tutto,NA,tut:o (2),tut:o (2),NA,NA,NA,NA,NA,NA
NA,Alessia,21,altro,NA,at:o,NA,NA,NA,NA,NA,NA,NA
NA,NA,NA,apri,NA,api,NA,NA,NA,NA,NA,NA,NA
NA,NA,NA,basta,NA,bat:a (2),bat:a (2),NA,NA,NA,NA,NA,NA
NA,NA,NA,bella,NA,bɛl:a,NA,NA,NA,NA,NA,NA,NA
NA,NA,NA,bimba,NA,bimba (3),bimba (3),bimba (3),NA,NA,NA,NA,NA
NA,NA,NA,brava,NA,bava (2),bava (2),NA,NA,NA,NA,NA,NA
NA,NA,NA,buona,NA,bwɔna (5),bwɔna (5),bwɔna (5),bwɔna (5),bwɔna (5),NA,NA,NA
NA,NA,NA,capretta,NA,pet:a,NA,NA,NA,NA,NA,NA,NA
NA,NA,NA,ciccia,NA,tit:ʃa,NA,NA,NA,NA,NA,NA,NA
NA,NA,NA,cipolla,NA,pol:a,NA,NA,NA,NA,NA,NA,NA
NA,NA,NA,ciuccio,NA,tʃiut:ʃo (8),tʃiut:ʃo (8),tʃiut:ʃo (8),tʃiut:ʃo (8),tʃiut:ʃo (8),tʃiut:ʃo (8),NA,NA
NA,NA,NA,NA,NA,tʃiut:ʃo (8),tʃiut:ʃo (8),NA,NA,NA,NA,NA,NA
NA,NA,NA,ecco,NA,ɛk:o (2),ɛk:o (2),NA,NA,NA,NA,NA,NA
NA,NA,NA,Emilio,NA,miljo,NA,NA,NA,NA,NA,NA,NA
NA,NA,NA,forte,NA,fɔt:e (3),fɔt:e (3),fɔt:e (3),NA,NA,NA,NA,NA
NA,NA,NA,freddo,NA,fed:o,NA,NA,NA,NA,NA,NA,NA
NA,NA,NA,macchinina,NA,ina (2),ina (2),NA,NA,NA,NA,NA,NA
NA,NA,NA,mamma,NA,mam:a (6),mam:a (6),mam:a (6),mam:a (6),mam:a (6),mam:a (6),NA,NA
NA,NA,NA,mio,NA,mio (2),mio (2),NA,NA,NA,NA,NA,NA
NA,NA,NA,moto,NA,mɔto (4),mɔto (4),mɔto (4),mɔto (4),NA,NA,NA,NA
NA,NA,NA,nanna,NA,nan:a (4),nan:a (4),nan:a (4),nan:a (4),NA,NA,NA,NA
NA,NA,NA,nera,NA,ne:a,NA,NA,NA,NA,NA,NA,NA
NA,NA,NA,niente,NA,njente (3),njente (3),njente (3),NA,NA,NA,NA,NA
NA,NA,NA,nonna,NA,nɔn:a,NA,NA,NA,NA,NA,NA,NA
NA,NA,NA,panna,NA,pan:a,NA,NA,NA,NA,NA,NA,NA
NA,NA,NA,papà,NA,papa (7),papa (7),papa (7),papa (7),papa (7),papa (7),NA,NA
NA,NA,NA,NA,NA,papa (7),NA,NA,NA,NA,NA,NA,NA
NA,NA,NA,pappa,NA,pap:a (6),pap:a (6),pap:a (6),pap:a (6),pap:a (6),pap:a (6),NA,NA
NA,NA,NA,pecorella,NA,ɛl:a,NA,NA,NA,NA,NA,NA,NA
NA,NA,NA,pila,NA,pila,NA,NA,NA,NA,NA,NA,NA
NA,NA,NA,Pino,NA,pino,NA,NA,NA,NA,NA,NA,NA
NA,NA,NA,pippo,NA,pip:o,NA,NA,NA,NA,NA,NA,NA
NA,NA,NA,porta,NA,pɔt:a (2),pɔt:a (2),NA,NA,NA,NA,NA,NA
NA,NA,NA,quella,NA,kwel:a,NA,NA,NA,NA,NA,NA,NA
NA,NA,NA,questo,NA,kwet:o,et:o,NA,NA,NA,NA,NA,NA
NA,NA,NA,rotto,NA,ot:o,NA,NA,NA,NA,NA,NA,NA
NA,NA,NA,scotta,NA,kot:a,NA,NA,NA,NA,NA,NA,NA
NA,NA,NA,tazza,NA,tat:a,NA,NA,NA,NA,NA,NA,NA
NA,NA,NA,testa,NA,tet:a (2),tet:a (2),NA,NA,NA,NA,NA,NA
NA,NA,NA,tieni,NA,teni (3),teni (3),teni (3),NA,NA,NA,NA,NA
NA,NA,NA,trattore,NA,tore,NA,NA,NA,NA,NA,NA,NA
NA,NA,NA,tutto,NA,tut:o,NA,NA,NA,NA,NA,NA,NA
NA,NA,NA,via,NA,via,NA,NA,NA,NA,NA,NA,NA
NA,NA,NA,viene,NA,vjene (2),vjene (2),NA,NA,NA,NA,NA,NA
NA,Alice,15,altro,NA,at:o,NA,NA,NA,NA,NA,NA,NA
NA,NA,NA,ancora,NA,kora,NA,NA,NA,NA,NA,NA,NA
NA,NA,NA,apro,NA,apo (3),apo (3),apo (3),NA,NA,NA,NA,NA
NA,NA,NA,bambola,NA,bambola,NA,NA,NA,NA,NA,NA,NA
NA,NA,NA,bambolotto,NA,bambot:o,NA,NA,NA,NA,NA,NA,NA
NA,NA,NA,barbi,NA,bab:i (2),bab:i (2),NA,NA,NA,NA,NA,NA
NA,NA,NA,bello,NA,bɛl:o,NA,NA,NA,NA,NA,NA,NA
NA,NA,NA,bere,NA,bee,NA,NA,NA,NA,NA,NA,NA
NA,NA,NA,bimba,NA,bimba (3),bimba (3),bimba (3),NA,NA,NA,NA,NA
NA,NA,NA,bottiglia,NA,bot:ja,NA,NA,NA,NA,NA,NA,NA
NA,NA,NA,bravo,NA,bavo,NA,NA,NA,NA,NA,NA,NA
NA,NA,NA,caffè,NA,keke,NA,NA,NA,NA,NA,NA,NA
NA,NA,NA,carne,NA,caje,NA,NA,NA,NA,NA,NA,NA
NA,NA,NA,cavallo,NA,jal:o (2),jal:o (2),NA,NA,NA,NA,NA,NA
NA,NA,NA,chiavi,NA,cjai,NA,NA,NA,NA,NA,NA,NA
NA,NA,NA,coperchio,NA,pek:o,NA,NA,NA,NA,NA,NA,NA
NA,NA,NA,cucchiaio,NA,cjajo (2),cjajo (2),NA,NA,NA,NA,NA,NA
NA,NA,NA,dopo,NA,dopo (2),dopo (2),NA,NA,NA,NA,NA,NA
NA,NA,NA,forchetta,NA,ket:a,NA,NA,NA,NA,NA,NA,NA
NA,NA,NA,Germania,NA,emania,NA,NA,NA,NA,NA,NA,NA
NA,NA,NA,gioco,NA,doko (9),dʒoki (3),oko (3),dʒoki (3),oko (3),doko (9),NA,NA
NA,NA,NA,NA,NA,dʒoki (3),oko (3),doko (9),doko (9),doko (9),doko (9),NA,NA
NA,NA,NA,NA,NA,doko (9),doko (9),doko (9),NA,NA,NA,NA,NA
NA,NA,NA,grosso,NA,gɔs:o,NA,NA,NA,NA,NA,NA,NA
NA,NA,NA,guarda,NA,ad:a,NA,NA,NA,NA,NA,NA,NA
NA,NA,NA,macchina,NA,mak:a,mak:ea,NA,NA,NA,NA,NA,NA
NA,NA,NA,mamma,NA,mam:a (8),mam:a (8),mam:a (8),mam:a (8),mam:a (8),mam:a (8),NA,NA
NA,NA,NA,NA,NA,mam:a (8),mam:a (8),NA,NA,NA,NA,NA,NA
NA,NA,NA,mescola,NA,mekola,NA,NA,NA,NA,NA,NA,NA
NA,NA,NA,metti,NA,met:i,NA,NA,NA,NA,NA,NA,NA
NA,NA,NA,moto,NA,mɔto (2),mɔto (2),NA,NA,NA,NA,NA,NA
NA,NA,NA,nanna,NA,nan:a,NA,NA,NA,NA,NA,NA,NA
NA,NA,NA,nonno,NA,nɔn:o (2),nɔn:o (2),NA,NA,NA,NA,NA,NA
NA,NA,NA,padella,NA,pɛl:a,NA,NA,NA,NA,NA,NA,NA
NA,NA,NA,papà,NA,papa (4),papa (4),papa (4),papa (4),NA,NA,NA,NA
NA,NA,NA,pappa,NA,pap:a (6),pap:a (6),pap:a (6),pap:a (6),pap:a (6),pap:a (6),NA,NA
NA,NA,NA,pentola,NA,petola (3),petola (3),petola (3),NA,NA,NA,NA,NA
NA,NA,NA,pettine,NA,pɛt:je,NA,NA,NA,NA,NA,NA,NA
NA,NA,NA,piatto,NA,pjat:o,NA,NA,NA,NA,NA,NA,NA
NA,NA,NA,piselli,NA,pizei,NA,NA,NA,NA,NA,NA,NA
NA,NA,NA,prendo,NA,pendo,NA,NA,NA,NA,NA,NA,NA
NA,NA,NA,sacchetto,NA,kit:o,NA,NA,NA,NA,NA,NA,NA
NA,NA,NA,stacca,NA,tak:a (5),tak:a (5),tak:a (5),tak:a (5),tak:a (5),NA,NA,NA
NA,NA,NA,tanto,NA,tanto,NA,NA,NA,NA,NA,NA,NA
NA,NA,NA,tutti,NA,tut:i,NA,NA,NA,NA,NA,NA,NA
NA,Angelica,21,alto,NA,at:o,NA,NA,NA,NA,NA,NA,NA
NA,NA,NA,apri,NA,api,NA,NA,NA,NA,NA,NA,NA
NA,NA,NA,barbie,NA,bab:i (2),bab:i (2),NA,NA,NA,NA,NA,NA
NA,NA,NA,basta,NA,bat:a,NA,NA,NA,NA,NA,NA,NA
NA,NA,NA,brucia,NA,buˈtʃa (3),buˈtʃa (3),buˈtʃa (3),NA,NA,NA,NA,NA
NA,NA,NA,cavallo,NA,kal:o,NA,NA,NA,NA,NA,NA,NA
NA,NA,NA,ciuccio,NA,tʃiut:ʃo (6),tʃiut:ʃo (6),tʃiut:ʃo (6),tʃiut:ʃo (6),tʃiut:ʃo (6),tʃiut:ʃo (6),NA,NA
NA,NA,NA,dentro,NA,dento (2),dento (2),NA,NA,NA,NA,NA,NA
NA,NA,NA,ecco,NA,ɛk:o (2),ɛk:o (2),NA,NA,NA,NA,NA,NA
NA,NA,NA,gabriele,NA,gabjele,NA,NA,NA,NA,NA,NA,NA
NA,NA,NA,gioco,NA,gɔko (2),dʒoki,gɔko (2),NA,NA,NA,NA,NA
NA,NA,NA,grazie,NA,at:e (2),gat:ʃe,at:e (2),NA,NA,NA,NA,NA
NA,NA,NA,guarda,NA,gwad:a,NA,NA,NA,NA,NA,NA,NA
NA,NA,NA,latte,NA,lat:e (5),lat:e (5),lat:e (5),lat:e (5),lat:e (5),NA,NA,NA
NA,NA,NA,mamma,NA,mam:a (12),mam:a (12),mam:a (12),mam:a (12),mam:a (12),mam:a (12),NA,NA
NA,NA,NA,NA,NA,mam:a (12),mam:a (12),mam:a (12),mam:a (12),mam:a (12),mam:a (12),NA,NA
NA,NA,NA,metto,NA,met:o,NA,NA,NA,NA,NA,NA,NA
NA,NA,NA,mia,NA,mia (13),mia (13),mia (13),mia (13),mia (13),mia (13),NA,NA
NA,NA,NA,NA,NA,mia (13),mia (13),mia (13),mia (13),mia (13),mia (13),NA,NA
NA,NA,NA,NA,NA,mia (13),NA,NA,NA,NA,NA,NA,NA
NA,NA,NA,moto,NA,mɔto (6),mɔto (6),mɔto (6),mɔto (6),mɔto (6),mɔto (6),NA,NA
NA,NA,NA,nanna,NA,nan:a (15),nan:a (15),nan:a (15),nan:a (15),nan:a (15),nan:a (15),NA,NA
NA,NA,NA,NA,NA,nan:a (15),nan:a (15),nan:a (15),nan:a (15),nan:a (15),nan:a (15),NA,NA
NA,NA,NA,NA,NA,nan:a (15),nan:a (15),nan:a (15),NA,NA,NA,NA,NA
NA,NA,NA,niente,NA,njente,NA,NA,NA,NA,NA,NA,NA
NA,NA,NA,pane,NA,pane (2),pane (2),NA,NA,NA,NA,NA,NA
NA,NA,NA,papà,NA,papa (7),papa (7),papa (7),papa (7),papa (7),papa (7),NA,NA
NA,NA,NA,NA,NA,papa (7),NA,NA,NA,NA,NA,NA,NA
NA,NA,NA,pappa,NA,pap:a (2),pap:a (2),NA,NA,NA,NA,NA,NA
NA,NA,NA,qua,NA,kwa (4),kwa (4),kwa (4),kwa (4),NA,NA,NA,NA
NA,NA,NA,quella,NA,ɛl:a (2),kel:a,ɛl:a (2),NA,NA,NA,NA,NA
NA,NA,NA,questo,NA,kwet:o (4),et:o (2),et:o (2),kwet:o (4),kwet:o (4),kwet:o (4),NA,NA
NA,NA,NA,scopa,NA,kopa,NA,NA,NA,NA,NA,NA,NA
NA,NA,NA,scotta,NA,kɔt:a,NA,NA,NA,NA,NA,NA,NA
NA,NA,NA,sotto,NA,sot:o,NA,NA,NA,NA,NA,NA,NA
NA,NA,NA,tata,NA,tata,NA,NA,NA,NA,NA,NA,NA
NA,NA,NA,tutto,NA,tut:o,NA,NA,NA,NA,NA,NA,NA
NA,NA,NA,via,NA,via (2),via (2),NA,NA,NA,NA,NA,NA
NA,Carolina,21,adesso,NA,aˈdɛs:o,NA,NA,NA,NA,NA,NA,NA
NA,NA,NA,altro,NA,at:o (2),at:o (2),NA,NA,NA,NA,NA,NA
NA,NA,NA,andata,NA,adata (3),adata (3),adata (3),NA,NA,NA,NA,NA
NA,NA,NA,animaletti,NA,let:i (2),amalet:i,let:i (2),NA,NA,NA,NA,NA
NA,NA,NA,aspetta,NA,pet:a (3),pet:a (3),pet:a (3),NA,NA,NA,NA,NA
NA,NA,NA,bella,NA,bɛl:a (2),bɛl:a (2),NA,NA,NA,NA,NA,NA
NA,NA,NA,biscotto,NA,bikɔt:o,NA,NA,NA,NA,NA,NA,NA
NA,NA,NA,caldo,NA,kaldo,NA,NA,NA,NA,NA,NA,NA
NA,NA,NA,colorata,NA,kooata,NA,NA,NA,NA,NA,NA,NA
NA,NA,NA,coltello,NA,kotɛl:o,NA,NA,NA,NA,NA,NA,NA
NA,NA,NA,cosa,NA,ɔza (2),ɔza (2),NA,NA,NA,NA,NA,NA
NA,NA,NA,cucchiaino,NA,kino (2),kuk:aino,kino (2),NA,NA,NA,NA,NA
NA,NA,NA,dato,NA,dato,NA,NA,NA,NA,NA,NA,NA
NA,NA,NA,dentro,NA,dento (3),dento (3),dento (3),NA,NA,NA,NA,NA
NA,NA,NA,dormire,NA,dom:ire,NA,NA,NA,NA,NA,NA,NA
NA,NA,NA,dove,NA,dove (6),dove (6),dove (6),dove (6),dove (6),dove (6),NA,NA
NA,NA,NA,ecco,NA,ɛk:o (3),ɛk:o (3),ɛk:o (3),NA,NA,NA,NA,NA
NA,NA,NA,gialla,NA,dʒal:a (2),dʒal:a (2),NA,NA,NA,NA,NA,NA
NA,NA,NA,guarda,NA,gwad:a (3),gwad:a (3),gwad:a (3),NA,NA,NA,NA,NA
NA,NA,NA,letto,NA,lɛt:o,NA,NA,NA,NA,NA,NA,NA
NA,NA,NA,macchinina,NA,mak:inina,NA,NA,NA,NA,NA,NA,NA
NA,NA,NA,maiale,NA,maja,NA,NA,NA,NA,NA,NA,NA
NA,NA,NA,mamma,NA,mam:a (2),mam:a (2),NA,NA,NA,NA,NA,NA
NA,NA,NA,metto,NA,met:o,NA,NA,NA,NA,NA,NA,NA
NA,NA,NA,mio,NA,mio (3),mio (3),mio (3),NA,NA,NA,NA,NA
NA,NA,NA,motocicletta,NA,patet:a,kapet:a,NA,NA,NA,NA,NA,NA
NA,NA,NA,nanna,NA,nan:a (2),nan:a (2),NA,NA,NA,NA,NA,NA
NA,NA,NA,niente,NA,ne:nte,NA,NA,NA,NA,NA,NA,NA
NA,NA,NA,papà,NA,papa (7),papa (7),papa (7),papa (7),papa (7),papa (7),NA,NA
NA,NA,NA,NA,NA,papa (7),NA,NA,NA,NA,NA,NA,NA
NA,NA,NA,pappa,NA,pap:a,NA,NA,NA,NA,NA,NA,NA
NA,NA,NA,paura,NA,pawa,NA,NA,NA,NA,NA,NA,NA
NA,NA,NA,perché,NA,pek:ɛ,NA,NA,NA,NA,NA,NA,NA
NA,NA,NA,porta,NA,pɔt:a,NA,NA,NA,NA,NA,NA,NA
NA,NA,NA,qua,NA,kwa (2),kwa (2),NA,NA,NA,NA,NA,NA
NA,NA,NA,questa,NA,ket:a (3),et:a,ket:a (3),ket:a (3),NA,NA,NA,NA
NA,NA,NA,regalo,NA,legalo,NA,NA,NA,NA,NA,NA,NA
NA,NA,NA,seggiola,NA,sedʒ:ola,NA,NA,NA,NA,NA,NA,NA
NA,NA,NA,siedo,NA,sedo (2),sedo (2),NA,NA,NA,NA,NA,NA
NA,NA,NA,sono,NA,sɔno (3),sɔno (3),sɔno (3),NA,NA,NA,NA,NA
NA,NA,NA,spazzolina,NA,spas:olina,NA,NA,NA,NA,NA,NA,NA
NA,NA,NA,tata,NA,tata (3),tata (3),tata (3),NA,NA,NA,NA,NA
NA,NA,NA,tavolo,NA,tavolo,NA,NA,NA,NA,NA,NA,NA
NA,NA,NA,torta,NA,tot:a,NA,NA,NA,NA,NA,NA,NA
NA,NA,NA,vado,NA,vado,NA,NA,NA,NA,NA,NA,NA
NA,NA,NA,vedere,NA,vedee,NA,NA,NA,NA,NA,NA,NA
NA,NA,NA,vieni,NA,veni,NA,NA,NA,NA,NA,NA,NA
NA,NA,NA,voglio,NA,vojo (2),vojo (2),NA,NA,NA,NA,NA,NA
NA,Giovanni,21,akwa,NA,ak:a,NA,NA,NA,NA,NA,NA,NA
NA,NA,NA,alto,NA,at:o,NA,NA,NA,NA,NA,NA,NA
NA,NA,NA,apri,NA,api (2),api (2),NA,NA,NA,NA,NA,NA
NA,NA,NA,bimba,NA,bimba (5),bimba (5),bimba (5),bimba (5),bimba (5),NA,NA,NA
NA,NA,NA,biscotti,NA,bikot:i,NA,NA,NA,NA,NA,NA,NA
NA,NA,NA,bolle,NA,bol:e,NA,NA,NA,NA,NA,NA,NA
NA,NA,NA,braccio,NA,bat:ʃo,NA,NA,NA,NA,NA,NA,NA
NA,NA,NA,caduta,NA,kaduta,duta,NA,NA,NA,NA,NA,NA
NA,NA,NA,camicia,NA,kaˈmitʃa,NA,NA,NA,NA,NA,NA,NA
NA,NA,NA,ciccia,NA,tʃit:ʃa (2),tʃit:ʃa (2),NA,NA,NA,NA,NA,NA
NA,NA,NA,ecco,NA,ɛk:o (2),ɛk:o (2),NA,NA,NA,NA,NA,NA
NA,NA,NA,grazie,NA,at:ʃe (6),at:ʃe (6),at:ʃe (6),at:ʃe (6),at:ʃe (6),at:ʃe (6),NA,NA
NA,NA,NA,là,NA,la,NA,NA,NA,NA,NA,NA,NA
NA,NA,NA,latte,NA,at:e,NA,NA,NA,NA,NA,NA,NA
NA,NA,NA,letto,NA,et:o (2),et:o (2),NA,NA,NA,NA,NA,NA
NA,NA,NA,mamma,NA,mam:a,NA,NA,NA,NA,NA,NA,NA
NA,NA,NA,mio,NA,mio,NA,NA,NA,NA,NA,NA,NA
NA,NA,NA,moto,NA,mɔto,NA,NA,NA,NA,NA,NA,NA
NA,NA,NA,nuove,NA,no:e,NA,NA,NA,NA,NA,NA,NA
NA,NA,NA,occhio,NA,ok:o,NA,NA,NA,NA,NA,NA,NA
NA,NA,NA,papà,NA,papa (7),papa (7),papa (7),papa (7),papa (7),papa (7),NA,NA
NA,NA,NA,NA,NA,papa (7),NA,NA,NA,NA,NA,NA,NA
NA,NA,NA,pappa,NA,pap:a (7),pap:a (7),pap:a (7),pap:a (7),pap:a (7),pap:a (7),NA,NA
NA,NA,NA,NA,NA,pap:a (7),NA,NA,NA,NA,NA,NA,NA
NA,NA,NA,piccolo,NA,pik:olo,NA,NA,NA,NA,NA,NA,NA
NA,NA,NA,posso,NA,pot:ʃo,NA,NA,NA,NA,NA,NA,NA
NA,NA,NA,prego,NA,pego (5),pego (5),pego (5),pego (5),pego (5),NA,NA,NA
NA,NA,NA,qua,NA,kwa (2),kwa (2),NA,NA,NA,NA,NA,NA
NA,NA,NA,quello,NA,ɛl:o (2),ɛl:o (2),NA,NA,NA,NA,NA,NA
NA,NA,NA,questo,NA,et:o,NA,NA,NA,NA,NA,NA,NA
NA,NA,NA,rosso,NA,os:o,NA,NA,NA,NA,NA,NA,NA
NA,NA,NA,rotto,NA,ot:o (3),ot:o (3),ot:o (3),NA,NA,NA,NA,NA
NA,NA,NA,tappo,NA,tap:o (2),tap:o (2),NA,NA,NA,NA,NA,NA
NA,NA,NA,tutta,NA,tuta:a,NA,NA,NA,NA,NA,NA,NA
NA,NA,NA,via,NA,via,NA,NA,NA,NA,NA,NA,NA
NA,Giulia,21,alto,NA,alto (3),alto (3),alto (3),NA,NA,NA,NA,NA
NA,NA,NA,apri,NA,api,NA,NA,NA,NA,NA,NA,NA
NA,NA,NA,bimba,NA,bimba (4),bimba (4),bimba (4),bimba (4),NA,NA,NA,NA
NA,NA,NA,caffè,NA,kape,NA,NA,NA,NA,NA,NA,NA
NA,NA,NA,cavallo,NA,kal:o,NA,NA,NA,NA,NA,NA,NA
NA,NA,NA,Chicco,NA,kik:o,NA,NA,NA,NA,NA,NA,NA
NA,NA,NA,ciao,NA,tʃao (3),tʃao (3),tʃao (3),NA,NA,NA,NA,NA
NA,NA,NA,ecco,NA,ɛk:o,NA,NA,NA,NA,NA,NA,NA
NA,NA,NA,forchetta,NA,et:a,NA,NA,NA,NA,NA,NA,NA
NA,NA,NA,Giulia,NA,dula,dʒula (3),dʒula (3),dʒula (3),NA,NA,NA,NA
NA,NA,NA,grazie,NA,gat:ʃe (2),gat:ʃe (2),NA,NA,NA,NA,NA,NA
NA,NA,NA,latte,NA,tat:e (2),at:e,tat:e (2),NA,NA,NA,NA,NA
NA,NA,NA,libro,NA,lib:o,NA,NA,NA,NA,NA,NA,NA
NA,NA,NA,mamma,NA,mam:a (3),mam:a (3),mam:a (3),NA,NA,NA,NA,NA
NA,NA,NA,moto,NA,mɔto,NA,NA,NA,NA,NA,NA,NA
NA,NA,NA,nanna,NA,nan:a,NA,NA,NA,NA,NA,NA,NA
NA,NA,NA,nonna,NA,nɔn:a,NA,NA,NA,NA,NA,NA,NA
NA,NA,NA,pala,NA,pala,NA,NA,NA,NA,NA,NA,NA
NA,NA,NA,palla,NA,pal:a,NA,NA,NA,NA,NA,NA,NA
NA,NA,NA,papà,NA,papa (5),papa (5),papa (5),papa (5),papa (5),NA,NA,NA
NA,NA,NA,pappa,NA,pap:a,NA,NA,NA,NA,NA,NA,NA
NA,NA,NA,paura,NA,paua (3),paua (3),paua (3),NA,NA,NA,NA,NA
NA,NA,NA,quello,NA,kwel:o,kel:a,NA,NA,NA,NA,NA,NA
NA,NA,NA,questo,NA,kwet:o,NA,NA,NA,NA,NA,NA,NA
NA,NA,NA,stacca,NA,tak:a (3),tak:a (3),tak:a (3),NA,NA,NA,NA,NA
NA,NA,NA,taglia,NA,taja,NA,NA,NA,NA,NA,NA,NA
NA,NA,NA,tappo,NA,tap:o (2),tap:o (2),NA,NA,NA,NA,NA,NA
NA,NA,NA,tata,NA,tata (11),tata (11),tata (11),tata (11),tata (11),tata (11),NA,NA
NA,NA,NA,NA,NA,tata (11),tata (11),tata (11),tata (11),tata (11),NA,NA,NA
NA,NA,NA,Titti,NA,tit:i,NA,NA,NA,NA,NA,NA,NA
NA,NA,NA,tjeni,NA,teni,NA,NA,NA,NA,NA,NA,NA
NA,NA,NA,trattore,NA,tat:oe (2),tat:oe (2),NA,NA,NA,NA,NA,NA
NA,NA,NA,tutti,NA,tut:i,NA,NA,NA,NA,NA,NA,NA
Finnish,Atte,20,ääni,NA,æ:ni,NA,NA,NA,NA,NA,NA,NA
NA,NA,NA,äiti,NA,æit:i (*7),æiti  (*2),æiti,æiti  (*2),æit:i (*7),æit:i (*7),NA,NA
NA,NA,NA,NA,NA,æit:i (*7),æit:i (*7),æit:i (*7),æit:i (*7),NA,NA,NA,NA
NA,NA,NA,aja,NA,aj:a (*2),aj:a (*2),NA,NA,NA,NA,NA,NA
NA,NA,NA,api(na),NA,api (*5),api (*5),api (*5),api (*5),api (*5),NA,NA,NA
NA,NA,NA,ankka,NA,ak:a,ank:a,aik:a,ag:a,NA,NA,NA,NA
NA,NA,NA,A(n)tti,NA,at:i (*9),at(ti),at:i (*9),at:i (*9),at:i (*9),at:i (*9),NA,NA
NA,NA,NA,NA,NA,at:i (*9),at:i (*9),at:i (*9),at:i (*9),NA,NA,NA,NA
NA,NA,NA,auto,NA,auto (*20),autoa,aut:o (*11),auto:,au,aut:o (*11),NA,NA
NA,NA,NA,NA,NA,auto (*20),auto (*20),auto (*20),auto (*20),auto (*20),auto (*20),NA,NA
NA,NA,NA,NA,NA,auto (*20),auto (*20),auto (*20),auto (*20),auto (*20),auto (*20),NA,NA
NA,NA,NA,NA,NA,auto (*20),auto (*20),auto (*20),auto (*20),auto (*20),auto (*20),NA,NA
NA,NA,NA,NA,NA,aut:o (*11),aut:o (*11),aut:o (*11),aut:o (*11),aut:o (*11),auto (*20),NA,NA
NA,NA,NA,NA,NA,aut:o (*11),aut:o (*11),aut:o (*11),aut:o (*11),NA,NA,NA,NA
NA,NA,NA,(ba)naani,NA,nana,NA,NA,NA,NA,NA,NA,NA
NA,NA,NA,heppa,NA,ep:a,NA,NA,NA,NA,NA,NA,NA
NA,NA,NA,isi,NA,içi (*6),aiçi,ihi,içi (*6),içi (*6),içi (*6),NA,NA
NA,NA,NA,NA,NA,içi (*6),içi (*6),NA,NA,NA,NA,NA,NA
NA,NA,NA,kaksi,NA,tati,NA,NA,NA,NA,NA,NA,NA
NA,NA,NA,kala,NA,ala,NA,NA,NA,NA,NA,NA,NA
NA,NA,NA,kello,NA,el:o (*2),ol:o,el:o (*2),NA,NA,NA,NA,NA
NA,NA,NA,kippaa,NA,pip:a,bip:a,NA,NA,NA,NA,NA,NA
NA,NA,NA,loppu,NA,op:u (*4),op:u (*4),op:u (*4),op:u (*4),NA,NA,NA,NA
NA,NA,NA,matto,NA,tat:o (*2),atat:o:,tat:oa,tat:o (*2),NA,NA,NA,NA
NA,NA,NA,Minni,NA,nin:i (*4),nin:i (*4),nin:i (*4),nin:i (*4),NA,NA,NA,NA
NA,NA,NA,nalle,NA,al:e (*2),al:e (*2),NA,NA,NA,NA,NA,NA
NA,NA,NA,pallo,NA,al:o (*2),hal:o,al:o (*2),NA,NA,NA,NA,NA
NA,NA,NA,pappa,NA,pop:a,apop:a,NA,NA,NA,NA,NA,NA
NA,NA,NA,pupu,NA,pupu,NA,NA,NA,NA,NA,NA,NA
NA,NA,NA,ralliauto,NA,lu:liauto (*2),lu:liauto (*2),NA,NA,NA,NA,NA,NA
NA,NA,NA,sammui,NA,am:u.auto (*5),autum (*5),am:u (*2),am:u.auto (*5),am:u.auto (*5),NA,NA,NA
NA,NA,NA,NA,NA,autum (*5),autum (*5),am:u (*2),am:u.auto (*5),am:u.auto (*5),NA,NA,NA
NA,NA,NA,NA,NA,autum (*5),autum (*5),NA,NA,NA,NA,NA,NA
NA,NA,NA,tippui,NA,pip:u,NA,NA,NA,NA,NA,NA,NA
NA,NA,NA,trakto(ri),NA,kak:o (*6),gak:oa,kak:o (*6),kak:o (*6),kak:o (*6),kak:o (*6),NA,NA
NA,NA,NA,NA,NA,kak:o (*6),NA,NA,NA,NA,NA,NA,NA
NA,NA,NA,ukko,NA,uk:o (*3),æk:o,uk:on,uk:o:,auk:o,NA,NA,NA
NA,NA,NA,NA,NA,uk:o (*3),uk:o (*3),NA,NA,NA,NA,NA,NA
NA,Eelis,20,ankka,NA,ak:a (*6),ak:a:,ak:a (*6),ak:a (*6),ak:a (*6),ak:a (*6),NA,NA
NA,NA,NA,NA,NA,ak:a (*6),NA,NA,NA,NA,NA,NA,NA
NA,NA,NA,anna,NA,an:a,NA,NA,NA,NA,NA,NA,NA
NA,NA,NA,aukasta,NA,ak:a,NA,NA,NA,NA,NA,NA,NA
NA,NA,NA,bää,NA,bo (*2),bo (*2),NA,NA,NA,NA,NA,NA
NA,NA,NA,Eetu,NA,e:tu (*2),et:u (im.),e:tu (*2),NA,NA,NA,NA,NA
NA,NA,NA,ei,NA,ei,NA,NA,NA,NA,NA,NA,NA
NA,NA,NA,heppa,NA,hep:a (*9),hep:o,ep:a (*3),he:p:a:,he:p:a (*2),hep:a (*9),NA,NA
NA,NA,NA,NA,NA,hep:a (*9),hep:a (*9),hep:a (*9),hep:a (*9),hep:a (*9),hep:a (*9),NA,NA
NA,NA,NA,NA,NA,hep:a (*9),ep:a (*3),ep:a (*3),he:p:a (*2),NA,NA,NA,NA
NA,NA,NA,Hippi,NA,ip:i: (*3),ip:i: (*3),ip:i: (*3),NA,NA,NA,NA,NA
NA,NA,NA,istuu,NA,it:u: (*3),it:u (*2),it:u: (*3),it:u: (*3),it:u (*2),NA,NA,NA
NA,NA,NA,itkee,NA,ik:e:,NA,NA,NA,NA,NA,NA,NA
NA,NA,NA,kakka,NA,kak:a (*4),kak:a (*4),kak:a (*4),kak:a (*4),NA,NA,NA,NA
NA,NA,NA,kiikkaa,NA,ki:k:a (*6),ki:,kik:a,gi:k:a (*2),ki:k:oa,ki:k:a (*6),NA,NA
NA,NA,NA,NA,NA,ki:k:a (*6),ki:k:a (*6),ki:k:a (*6),ki:k:a (*6),gi:k:a (*2),NA,NA,NA
NA,NA,NA,kiinni,NA,ki: (*6),ki,gi:,ki: (*6),ki: (*6),ki: (*6),NA,NA
NA,NA,NA,NA,NA,ki: (*6),ki: (*6),NA,NA,NA,NA,NA,NA
NA,NA,NA,kiitos,NA,gi:,NA,NA,NA,NA,NA,NA,NA
NA,NA,NA,kukka,NA,kak:a,kak:a:,NA,NA,NA,NA,NA,NA
NA,NA,NA,loppu,NA,çpu (*2),op:u,çpu (*2),NA,NA,NA,NA,NA
NA,NA,NA,makkara (i.),NA,ak:a,NA,NA,NA,NA,NA,NA,NA
NA,NA,NA,mamma,NA,mam:a,NA,NA,NA,NA,NA,NA,NA
NA,NA,NA,mamma,NA,mum:u,NA,NA,NA,NA,NA,NA,NA
NA,NA,NA,nappi (i.),NA,ap:i,NA,NA,NA,NA,NA,NA,NA
NA,NA,NA,noin,NA,noi (*2),noin  (*2),noi (*2),noin  (*2),NA,NA,NA,NA
NA,NA,NA,omppu,NA,çpu,op:u,NA,NA,NA,NA,NA,NA
NA,NA,NA,pää,NA,po,NA,NA,NA,NA,NA,NA,NA
NA,NA,NA,pappa,NA,bap:a,NA,NA,NA,NA,NA,NA,NA
NA,NA,NA,pipi,NA,pip:i (*2),pipi,pip:i (*2),NA,NA,NA,NA,NA
NA,NA,NA,pois,NA,boi (*6),poi (*2),boi (*6),boi (*6),boi (*6),NA,NA,NA
NA,NA,NA,NA,NA,boi (*6),boi (*6),poi (*2),NA,NA,NA,NA,NA
NA,NA,NA,poppa,NA,pçpa,popo,NA,NA,NA,NA,NA,NA
NA,NA,NA,puu,NA,pu:,NA,NA,NA,NA,NA,NA,NA
NA,NA,NA,räppäa (i.),NA,opo,NA,NA,NA,NA,NA,NA,NA
NA,NA,NA,rikki,NA,ik:i (*2),ik:i (*2),NA,NA,NA,NA,NA,NA
NA,NA,NA,suu,NA,u: (*3),u: (*3),u: (*3),NA,NA,NA,NA,NA
NA,NA,NA,tuo,NA,tu: (*2),tu: (*2),NA,NA,NA,NA,NA,NA
NA,NA,NA,tuu,NA,tu:,NA,NA,NA,NA,NA,NA,NA
NA,Eliisa,15,bää,NA,pää (*3),pää (*3),pää (*3),NA,NA,NA,NA,NA
NA,NA,NA,"haloo, hallo",NA,a.o,a.o:,NA,NA,NA,NA,NA,NA
NA,NA,NA,hauva,NA,hau.u,ha.u,hauvau,aua,aua:,au,hau:,NA
NA,NA,NA,isi,NA,içi (*11),ihi,içi (*11),içi (*11),içi (*11),içi (*11),içi (*11),NA
NA,NA,NA,NA,NA,içi (*11),içi (*11),içi (*11),içi (*11),NA,NA,içi (*11),NA
NA,NA,NA,istu,NA,it:u,NA,NA,NA,NA,NA,NA,NA
NA,NA,NA,juusto,NA,u:stu (*8),u:hto,u:sto (*2),u:stu (*8),u:stu (*8),u:stu (*8),u:stu (*8),NA
NA,NA,NA,NA,NA,u:stu (*8),u:stu (*8),u:stu (*8),u:sto (*2),NA,NA,NA,NA
NA,NA,NA,kakalla,NA,kaka (*2),kaka (*2),NA,NA,NA,NA,NA,NA
NA,NA,NA,kakku (i.),NA,kak:o,NA,NA,NA,NA,NA,NA,NA
NA,NA,NA,kiikkuu,NA,ki:k:u (*5),ki:ku,ki:k:o,ki:,ki:k:u (*5),ki:k:u (*5),ki:k:u (*5),NA
NA,NA,NA,NA,NA,ki:k:u (*5),NA,NA,NA,NA,NA,NA,NA
NA,NA,NA,kirja,NA,ki:a (*2),ki:,ki:a (*2),NA,NA,NA,NA,NA
NA,NA,NA,kissa,NA,iç:a (*4),iç:i,iç:a (*4),iç:a (*4),iç:a (*4),NA,NA,NA
NA,NA,NA,kukka,NA,kuk:a,NA,NA,NA,NA,NA,NA,NA
NA,NA,NA,kukkia,NA,kuk:ia (*2),kuk:ia (*2),NA,NA,NA,NA,NA,NA
NA,NA,NA,li(n)tu,NA,titu (*4),tito (*2),tito (*2),titu (*4),titu (*4),titu (*4),NA,NA
NA,NA,NA,mummu /muumu,NA,mum:u,mçm,mu:mu,muumu,NA,NA,NA,NA
NA,NA,NA,muumi,NA,mu:i (*2),mu:i (*2),NA,NA,NA,NA,NA,NA
NA,NA,NA,nukke,NA,kuk:e (*2),kuk:e (*2),NA,NA,NA,NA,NA,NA
NA,NA,NA,nukkuu,NA,kuk:u,kuk:u:,NA,NA,NA,NA,NA,NA
NA,NA,NA,oho,NA,oho (*3),uhu,oho (*3),oho (*3),NA,NA,NA,NA
NA,NA,NA,pallo,NA,pap:u (*2),pap:u (*2),NA,NA,NA,NA,NA,NA
NA,NA,NA,paperi,NA,pape,papa (*2),papa (*2),NA,NA,NA,NA,NA
NA,NA,NA,pappa,NA,pap:a (*4),pap:a (*4),pap:a (*4),pap:a (*4),NA,NA,NA,NA
NA,NA,NA,piiloon,NA,i.o:,NA,NA,NA,NA,NA,NA,NA
NA,NA,NA,pomppi,NA,pop:i,pop:i:,NA,NA,NA,NA,NA,NA
NA,NA,NA,pupu,NA,pupo (*2),pupu,pupo (*2),NA,NA,NA,NA,NA
NA,NA,NA,rikki,NA,kik:i,NA,NA,NA,NA,NA,NA,NA
NA,NA,NA,"tippu, tippuu",NA,pip:u (*2),pip:u (*2),NA,NA,NA,NA,NA,NA
NA,NA,NA,tuo,NA,tuo (*3),tu:,tu,tuo (*3),tuo (*3),NA,NA,NA
NA,NA,NA,tyttö,NA,tyt:o (*10),t:o,tyt:o (*10),tyt:o (*10),tyt:o (*10),tyt:o (*10),NA,NA
NA,NA,NA,NA,NA,tyt:o (*10),tyt:o (*10),tyt:o (*10),tyt:o (*10),tyt:o (*10),NA,NA,NA
NA,NA,NA,vettä,NA,tito,NA,NA,NA,NA,NA,NA,NA
NA,Mira,17,ei,NA,ei (*2),ei (*2),NA,NA,NA,NA,NA,NA
NA,NA,NA,häntä,NA,nen:æ (*3),nen:æ (*3),nen:æ (*3),NA,NA,NA,NA,NA
NA,NA,NA,jalka,NA,gala,lala,NA,NA,NA,NA,NA,NA
NA,NA,NA,juna,NA,nuna,NA,NA,NA,NA,NA,NA,NA
NA,NA,NA,juustoa,NA,tut:oa,NA,NA,NA,NA,NA,NA,NA
NA,NA,NA,kaataa,NA,ka:ta,ka:ka,NA,NA,NA,NA,NA,NA
NA,NA,NA,kala,NA,ʎaʎa,kata,NA,NA,NA,NA,NA,NA
NA,NA,NA,kenkä,NA,nenæ (*2),nenæ (*2),NA,NA,NA,NA,NA,NA
NA,NA,NA,kukka,NA,kak:ʰa,NA,NA,NA,NA,NA,NA,NA
NA,NA,NA,kuu,NA,ku:,NA,NA,NA,NA,NA,NA,NA
NA,NA,NA,lintu,NA,tito,NA,NA,NA,NA,NA,NA,NA
NA,NA,NA,loppu,NA,pop:u,NA,NA,NA,NA,NA,NA,NA
NA,NA,NA,luumu,NA,mu:mu,mum:u,NA,NA,NA,NA,NA,NA
NA,NA,NA,miao,NA,au: (*2),au (*2),au: (*2),au (*2),NA,NA,NA,NA
NA,NA,NA,mummu,NA,mum:u,NA,NA,NA,NA,NA,NA,NA
NA,NA,NA,Muumi/Moomin,NA,mam:a (*9),mama,mam:a:,mam:a (*9),mam:a (*9),NA,NA,NA
NA,NA,NA,NA,NA,mam:a (*9),mam:a (*9),mam:a (*9),mam:a (*9),mam:a (*9),mam:a (*9),NA,NA
NA,NA,NA,[Muumi]pappa,NA,pap:a,NA,NA,NA,NA,NA,NA,NA
NA,NA,NA,Myy,NA,mʉ:,NA,NA,NA,NA,NA,NA,NA
NA,NA,NA,nalle,NA,ʎaʎ:a,NA,NA,NA,NA,NA,NA,NA
NA,NA,NA,napa,NA,papa (*2),papa (*2),NA,NA,NA,NA,NA,NA
NA,NA,NA,nenä,NA,nenæ,NA,NA,NA,NA,NA,NA,NA
NA,NA,NA,paapaa,NA,pa:pa:,NA,NA,NA,NA,NA,NA,NA
NA,NA,NA,pelle,NA,pel:oe,NA,NA,NA,NA,NA,NA,NA
NA,NA,NA,piiloon,NA,pi:lo,NA,NA,NA,NA,NA,NA,NA
NA,NA,NA,setä,NA,tetæ,NA,NA,NA,NA,NA,NA,NA
NA,NA,NA,täällä,NA,æ:læ,NA,NA,NA,NA,NA,NA,NA
NA,NA,NA,tonttu,NA,təto (*2),tyto,təto (*2),NA,NA,NA,NA,NA
NA,NA,NA,tyttö,NA,tyt:o (*2),tit:o,tʉ:o,tyt:o (*2),NA,NA,NA,NA
NA,NA,NA,tyyny,NA,ny:ny,nʉ:n,NA,NA,NA,NA,NA,NA
NA,Sini,15,yhtään,NA,yt:æ:,NA,NA,NA,NA,NA,NA,NA
NA,NA,NA,ei,NA,ei,NA,NA,NA,NA,NA,NA,NA
NA,NA,NA,ei ole,NA,eio,eio:,NA,NA,NA,NA,NA,NA
NA,NA,NA,heihei,NA,ei.ei,NA,NA,NA,NA,NA,NA,NA
NA,NA,NA,heppa,NA,ep:a,NA,NA,NA,NA,NA,NA,NA
NA,NA,NA,istuu,NA,it:u:,NA,NA,NA,NA,NA,NA,NA
NA,NA,NA,jugurtti(a) (im.),NA,uku,NA,NA,NA,NA,NA,NA,NA
NA,NA,NA,juna,NA,u.a,NA,NA,NA,NA,NA,NA,NA
NA,NA,NA,kakku (im.),NA,kak:a,NA,NA,NA,NA,NA,NA,NA
NA,NA,NA,kiikkaa,NA,ki:k:a:,ki:k:u:,kik:a:,NA,NA,NA,NA,NA
NA,NA,NA,kirahvi,NA,ki:.a,ki.a,NA,NA,NA,NA,NA,NA
NA,NA,NA,kirja,NA,ki:a,ki:,NA,NA,NA,NA,NA,NA
NA,NA,NA,korkki,NA,kok:i,ko:k:i (im.),ku:k:i (im.),NA,NA,NA,NA,NA
NA,NA,NA,korva (im.),NA,ko:a,NA,NA,NA,NA,NA,NA,NA
NA,NA,NA,koti (im.),NA,koki,NA,NA,NA,NA,NA,NA,NA
NA,NA,NA,kukka,NA,kuk:a,NA,NA,NA,NA,NA,NA,NA
NA,NA,NA,kuppi (im.),NA,kuk:i,NA,NA,NA,NA,NA,NA,NA
NA,NA,NA,kynä,NA,ku.a,NA,NA,NA,NA,NA,NA,NA
NA,NA,NA,laukku (im.),NA,auk:u,NA,NA,NA,NA,NA,NA,NA
NA,NA,NA,leipä (im.),NA,eipæ,NA,NA,NA,NA,NA,NA,NA
NA,NA,NA,loppu,NA,op:u,ap:u,top:u,pop:u,ep:u,NA,NA,NA
NA,NA,NA,lusikka,NA,uk:a,NA,NA,NA,NA,NA,NA,NA
NA,NA,NA,minun (im.),NA,mi.u,NA,NA,NA,NA,NA,NA,NA
NA,NA,NA,mummi,NA,m:i,NA,NA,NA,NA,NA,NA,NA
NA,NA,NA,nami(a),NA,ami,NA,NA,NA,NA,NA,NA,NA
NA,NA,NA,napa,NA,apa,NA,NA,NA,NA,NA,NA,NA
NA,NA,NA,nappi,NA,pap:i,pa:pi,ap:i (im.),NA,NA,NA,NA,NA
NA,NA,NA,oppista,NA,op:i,NA,NA,NA,NA,NA,NA,NA
NA,NA,NA,pallo,NA,pa:,bal:o,pa:.o,NA,NA,NA,NA,NA
NA,NA,NA,paperi (im.),NA,papi,NA,NA,NA,NA,NA,NA,NA
NA,NA,NA,piilo(ssa),NA,pi:.o,NA,NA,NA,NA,NA,NA,NA
NA,NA,NA,pois,NA,poiç,NA,NA,NA,NA,NA,NA,NA
NA,NA,NA,pupu,NA,pupu,pəpə,NA,NA,NA,NA,NA,NA
NA,NA,NA,puu,NA,pu:,NA,NA,NA,NA,NA,NA,NA
NA,NA,NA,puuro (im.),NA,pu:.o,NA,NA,NA,NA,NA,NA,NA
NA,NA,NA,pyörä (im.),NA,pu:.æ,NA,NA,NA,NA,NA,NA,NA
NA,NA,NA,rikki,NA,kik:i,ik:i,NA,NA,NA,NA,NA,NA
NA,NA,NA,roska,NA,ok:a,NA,NA,NA,NA,NA,NA,NA
NA,NA,NA,sakset (im.),NA,kak:i,NA,NA,NA,NA,NA,NA,NA
NA,NA,NA,setä (im.),NA,tetæ,NA,NA,NA,NA,NA,NA,NA
NA,NA,NA,suklaa (im.),NA,uk:a,NA,NA,NA,NA,NA,NA,NA
NA,NA,NA,tässä (im.),NA,tæ,NA,NA,NA,NA,NA,NA,NA
NA,NA,NA,täti,NA,tæti,NA,NA,NA,NA,NA,NA,NA
NA,NA,NA,tipahti,NA,pipa,NA,NA,NA,NA,NA,NA,NA
NA,NA,NA,tutti,NA,tut:i,NA,NA,NA,NA,NA,NA,NA
NA,NA,NA,tyttö,NA,tut:o,tut:o,tut:o (im.),NA,NA,NA,NA,NA
NA,NA,NA,ukki,NA,uk:i,NA,NA,NA,NA,NA,NA,NA
NA,NA,NA,vettä,NA,et:æ,NA,NA,NA,NA,NA,NA,NA
NA,NA,NA,viili (im.),NA,i:.i,NA,NA,NA,NA,NA,NA,NA
NA,NA,NA,hauhau,NA,au.au,NA,NA,NA,NA,NA,NA,NA
NA,NA,NA,kvaak-kvaak,NA,ka:k-ka:k,NA,NA,NA,NA,NA,NA,NA
NA,NA,NA,tiktak,NA,ki.kak,NA,NA,NA,NA,NA,NA,NA
NA,NA,NA,nam-nam,NA,mam.mam,NA,NA,NA,NA,NA,NA,NA
Japanese,Hiromi,21,foot,anjo,aija (*2),aija (*2),NA,NA,NA,NA,NA,NA
NA,NA,NA,Barney (dinosaur),baːniː,baːi,NA,NA,NA,NA,NA,NA,NA
NA,NA,NA,baby,beːbiː,beːbi,NA,NA,NA,NA,NA,NA,NA
NA,NA,NA,ball,boːɾɯ,boː (*2),boː (*2),NA,NA,NA,NA,NA,NA
NA,NA,NA,"car (BT), vroom",bɯbːɯː,bɯb:ɯː,bɯːbɯː,NA,NA,NA,NA,NA,NA
NA,NA,NA,fish [ENG],fiɕːɯ,piʃ,NA,NA,NA,NA,NA,NA,NA
NA,NA,NA,eight,haʨi,hacɕi,NA,NA,NA,NA,NA,NA,NA
NA,NA,NA,hippopotamus,kaba,kaba,NA,NA,NA,NA,NA,NA,NA
NA,NA,NA,duck,kakːa,kaka,NA,NA,NA,NA,NA,NA,NA
NA,NA,NA,turtle,kame,kaβa,NA,NA,NA,NA,NA,NA,NA
NA,NA,NA,cute,kawaiː,kai (*2),kai (*2),NA,NA,NA,NA,NA,NA
NA,NA,NA,cake,keːki,kiki (*3),kiki (*3),kiki (*3),NA,NA,NA,NA,NA
NA,NA,NA,this,koɾe,koɾe,koe (*2),kɤɛ,goe,koe neː (*4),kɤe neː,koe (*2),NA
NA,NA,NA,NA,NA,koe neː (*4),koe neː (*4),koe neː (*4),NA,NA,NA,NA,NA
NA,NA,NA,this (Hello) Kitty,koɾe kitiː,koə cɕic:ɕi,NA,NA,NA,NA,NA,NA,NA
NA,NA,NA,mom,mama,mama (*4),mapa,mɔma,mama (*4),mama (*4),mama (*4),NA,NA
NA,NA,NA,ear,mimi,meme (*3),meme (*3),meme (*3),NA,NA,NA,NA,NA
NA,NA,NA,neko 'cat,neko,neko (*2),neːko (*3),neko (*2),neːko (*3),neːko (*3),NA,NA,NA
NA,NA,NA,sleep,nenːe,nen:e (*4),nen:e (*4),nen:e (*4),nen:e (*4),NA,NA,NA,NA
NA,NA,NA,panda,pan=da,paː (*2),baː,paː (*2),NA,NA,NA,NA,NA
NA,NA,NA,daddy,papa,baba,papa (*4),bapa,bɔpa,papa (*4),papa (*4),papa (*4),NA
NA,NA,NA,butterfly,ʨoːʨo,cʲuccʲu,cʏc:ɕʏ,NA,NA,NA,NA,NA,NA
NA,NA,NA,doggie,waŋwaŋ jo,wow:oː jo (*2),wow:oː jo (*2),NA,NA,NA,NA,NA,NA
NA,NA,NA,(peek-a-) boo,baː,baː,NA,NA,NA,NA,NA,NA,NA
NA,NA,NA,sh,ɕiː,ɕiː (*3),ɕiː (*3),ɕiː (*3),NA,NA,NA,NA,NA
NA,NA,NA,roar,gao,gao (*7),gao,gao (*7),gao (*7),gao (*7),gao (*7),gao (*7),NA
NA,NA,NA,NA,NA,gao (*7),NA,NA,NA,NA,NA,NA,NA
NA,NA,NA,tooth,ha,aː,NA,NA,NA,NA,NA,NA,NA
NA,NA,NA,good,iː,iː,NA,NA,NA,NA,NA,NA,NA
NA,NA,NA,eye,me,meː (*5),meh,meː (*5),meː (*5),meː (*5),meː (*5),NA,NA
NA,NA,NA,moo,moː,moː (*4),moː (*4),moː (*4),moː (*4),NA,NA,NA,NA
NA,NA,NA,"all gone, isn't any",nai,naæ,NA,NA,NA,NA,NA,NA,NA
NA,NA,NA,kiss,ʨɯ,cʲu (*3),cʲu (*3),cʲu (*3),NA,NA,NA,NA,NA
NA,NA,NA,hand,te,teː (*3),teː (*3),teː (*3),NA,NA,NA,NA,NA
NA,NA,NA,baby (dim.),bebiːʨaŋ,biːbiːteː,NA,NA,NA,NA,NA,NA,NA
NA,NA,NA,jump-jump,ʥam=pɯʥam=pɯ,dæpdæ,NA,NA,NA,NA,NA,NA,NA
NA,NA,NA,peek-a-boo,inai inai baː,nænæ baː,noːnoːɲo baː,NA,NA,NA,NA,NA,NA
NA,NA,NA,kangaroo,kaŋ=gaɾɯː,kaːjɯ,gaː,NA,NA,NA,NA,NA,NA
NA,NA,NA,here-here,koko koko,kokokoko,NA,NA,NA,NA,NA,NA,NA
NA,NA,NA,horsie (BT),pakapaka,pakapaka,NA,NA,NA,NA,NA,NA,NA
NA,NA,NA,foot +dm1,aŋjo jo,aijo jo,NA,NA,NA,NA,NA,NA,NA
NA,NA,NA,foot +dm2,aŋjo ne:,aijaː ne,NA,NA,NA,NA,NA,NA,NA
NA,NA,NA,cute +dm,kawaiː neː,kaːiː neː (*2),a kaːi nee,kaːiː neː (*2),NA,NA,NA,NA,NA
NA,NA,NA,this ball,koɾe boːɾɯ,koe boː,NA,NA,NA,NA,NA,NA,NA
NA,NA,NA,this Kitty,koɾe kitiː,koə cɕic:ɕi,NA,NA,NA,NA,NA,NA,NA
NA,NA,NA,this,koɾe ne,kojə ne,koe ne (*3),koɛ ne,koɛ neː (*3),kɤɛ,koɾe neː,NA,NA
NA,NA,NA,NA,NA,koe ne (*3),koe ne (*3),koɛ neː (*3),koɛ neː (*3),NA,NA,NA,NA
NA,NA,NA,sleep (dm),nenːe jo,nen:eː joː (*3),nen:eː joː (*3),nen:eː joː (*3),NA,NA,NA,NA,NA
NA,Takeru,21,ah,NA,a:a,a:a,NA,NA,NA,NA,NA,NA
NA,NA,NA,aye-aye (lemur),NA,aiai,aijai,NA,NA,NA,NA,NA,NA
NA,NA,NA,open,NA,akete,kakete,NA,NA,NA,NA,NA,NA
NA,NA,NA,that,NA,aɾe,ae (*3),ae (*3),ae (*3),NA,NA,NA,NA
NA,NA,NA,found it,NA,atːa,at:æː,aʑaː,NA,NA,NA,NA,NA
NA,NA,NA,Barney,NA,baːniː,baː,NA,NA,NA,NA,NA,NA
NA,NA,NA,ball,NA,boːɾɯ,bʌːi,boːwɯ,bʷoːʌ,NA,NA,NA,NA
NA,NA,NA,vroom,NA,bɯː,bɯː (*2),bɯː (*2),NA,NA,NA,NA,NA
NA,NA,NA,choochoo,NA,ɕɯɕːɯː,içʔʝi,ıɕʔʑi (im.),NA,NA,NA,NA,NA
NA,NA,NA,who,NA,daɾe,dæjɛ,dedæ,daɟʑe,NA,NA,NA,NA
NA,NA,NA,did it,NA,dekita (*3),detaː,dekita (*3),dekita (*3),NA,NA,NA,NA
NA,NA,NA,please,NA,doːzo,dɤʑɤ,daːzʲo,NA,NA,NA,NA,NA
NA,NA,NA,juice,NA,ʥɯːsɯ,dʲɯː,ʑʲɯː,ʑʉː,NA,NA,NA,NA
NA,NA,NA,combine,NA,gatːai (*2),dat:ai,gatːai (*2),NA,NA,NA,NA,NA
NA,NA,NA,go go,NA,goː goː,gog:oː,NA,NA,NA,NA,NA,NA
NA,NA,NA,yes,NA,hai [*11],ai (*3),hai [*11],hai [*11],hai [*11],hai [*11],hai [*11],NA
NA,NA,NA,NA,NA,ai (*3),ai (*3),hai [*11],hai [*11],hai [*11],hai [*11],hai [*11],NA
NA,NA,NA,flower,NA,hana,ana,NA,NA,NA,NA,NA,NA
NA,NA,NA,good (d.m.),NA,iː ne (im.),iː ne,niː ne,NA,NA,NA,NA,NA
NA,NA,NA,ouch,NA,itai,tai,NA,NA,NA,NA,NA,NA
NA,NA,NA,don't want to,NA,jada,bat:ʲa,NA,NA,NA,NA,NA,NA
NA,NA,NA,hooray,NA,jatːaː,wætaː,jat:ʲaː,NA,NA,NA,NA,NA
NA,NA,NA,do it!,NA,jatːe,aːte,at:e,NA,NA,NA,NA,NA
NA,NA,NA,mom,NA,kakːa,kɑk:aː,gag:a,NA,NA,NA,NA,NA
NA,NA,NA,yellow,NA,kiːɾo (im.),kiːdo,NA,NA,NA,NA,NA,NA
NA,NA,NA,train,NA,kiɕa,ciga,cikæ,cigʲa,NA,NA,NA,NA
NA,NA,NA,it broke,NA,kowaɾeta (im.),joːtæː,NA,NA,NA,NA,NA,NA
NA,NA,NA,name of mythical creature,NA,makːɯɾokɯɾosɯke,mak:ʊː,NA,NA,NA,NA,NA,NA
NA,NA,NA,food,NA,mamːa  (*3),mam:a,mamːa  (*3),mamːa  (*3),NA,NA,NA,NA
NA,NA,NA,wait!,NA,matːe,mat:æː,NA,NA,NA,NA,NA,NA
NA,NA,NA,look!,NA,mite,mitɛː,NA,NA,NA,NA,NA,NA
NA,NA,NA,moo/cow,NA,moː,moː,NA,NA,NA,NA,NA,NA
NA,NA,NA,one more,NA,moːikːo,dok:o,nɔk:o,mok:o (*2),lok:o,lak:o,lɔk:o,NA
NA,NA,NA,NA,NA,mok:o (*2),NA,NA,NA,NA,NA,NA,NA
NA,NA,NA,more,NA,motːo,moː,NA,NA,NA,NA,NA,NA
NA,NA,NA,"gone, isn't any",NA,nai,nai (*2),nai (*2),NA,NA,NA,NA,NA
NA,NA,NA,all gone,NA,nai nai (*3),nainai,nai nai (*3),nai nai (*3),NA,NA,NA,NA
NA,NA,NA,what,NA,nani,nanı (*14),nanɛ (*2),næni,nanɛ (*2),nanı (*14),nanı (*14),NA
NA,NA,NA,NA,NA,nanı (*14),nanı (*14),nanı (*14),nanı (*14),nanı (*14),nanı (*14),nanı (*14),NA
NA,NA,NA,NA,NA,nanı (*14),nanı (*14),nanı (*14),nanı (*14),NA,NA,NA,NA
NA,NA,NA,what color,NA,nani iɾo,nani nə,NA,NA,NA,NA,NA,NA
NA,NA,NA,discourse marker,NA,neː,nɛː,NA,NA,NA,NA,NA,NA
NA,NA,NA,big,NA,oːkiː,ɔk:iː,NA,NA,NA,NA,NA,NA
NA,NA,NA,put it there,NA,oite,agegʲe,NA,NA,NA,NA,NA,NA
NA,NA,NA,whoops,NA,otːo,got:oː,NA,NA,NA,NA,NA,NA
NA,NA,NA,bread,NA,papːaː,bap:aː,pap:a (*4),pap:a (*4),pap:a (*4),pap:a (*4),NA,NA
NA,NA,NA,pigeon (BT),NA,popːo,pɑp:ɤ,pop:o: (im.),pʷop:o,pop:oː,NA,NA,NA
NA,NA,NA,take,NA,totːe,tʊtæː,ʔotæː,tot:e (*3),tot:æ,tot:e (*3),tot:e (*3),NA
NA,NA,NA,NA,NA,tot:ʲe (*2),tot:ʲe (*2),totæː,NA,NA,NA,NA,NA
NA,NA,NA,daddy,NA,totːoː (*3),dot:oː,NA,NA,NA,NA,NA,NA
NA,NA,NA,Totoro (animation character),NA,totoɾo,tot:ɛt:o,dototo,totota,tototɔ,NA,NA,NA
NA,NA,NA,stuck,NA,tsɯita,cɕɯitaː,ʑidaː,NA,NA,NA,NA,NA
NA,NA,NA,doggie (BT),NA,waɴwaɴ,waːwæː (*2),waːwæː (*2),NA,NA,NA,NA,NA
NA,NA,NA,elephant,NA,zoːsaɴ,dʲoʑɤ,NA,NA,NA,NA,NA,NA
NA,Haruo,20,foot,açi,ʔɔʤɪ:,ʰʌçɪ:,ʌttjʰɪ:,NA,NA,NA,NA,NA
NA,NA,NA,"what's up, this is odd'",aɾe,aɾe: (*3),aja::,aɾa:,ʔʌdɛ:,ʔʌɾɛ:,aɾe: (*3),aɾe: (*3),NA
NA,NA,NA,"here it is, found it",at:a,atta [wh],at:ʰa,NA,NA,NA,NA,NA,NA
NA,NA,NA,hot,aʨ:i (im.),ʌt:ɕi: (*3),ʌt:ɕi: (*3),ʌt:ɕi: (*3),NA,NA,NA,NA,NA
NA,NA,NA,byebye,baibai,baba:,bɔba::,wawa:ɪ,NA,NA,NA,NA,NA
NA,NA,NA,cheers (hands up),baŋ=zai   (im.),dɑba:ɪ,dæba:ɪ,NA,NA,NA,NA,NA,NA
NA,NA,NA,baby,bebi,ɪdɛ:bɪ:,NA,NA,NA,NA,NA,NA,NA
NA,NA,NA,car,bɯbɯ,bʊb:ɯ:,βɯβɯ:,zigɯ:,ʊ:,bʊ,NA,NA,NA
NA,NA,NA,hold me,dak:o (im.),ʔak:a,ʔʌʔkʔa,ʔʌ:daʔ,NA,NA,NA,NA,NA
NA,NA,NA,don't,dame (im.),mɛ:,NA,NA,NA,NA,NA,NA,NA
NA,NA,NA,telephone,deŋ=wa,daba:,NA,NA,NA,NA,NA,NA,NA
NA,NA,NA,please,do:zo,dʲɔ:dʲɔ:,NA,NA,NA,NA,NA,NA,NA
NA,NA,NA,where,doko,do.ko,NA,NA,NA,NA,NA,NA,NA
NA,NA,NA,fall-down sound,doŋ,dʌm,dɔn,dæ:,NA,NA,NA,NA,NA
NA,NA,NA,jump,dʑam=pɯ,dʲap:ɯ: (im.),dʲʌ:n,danpɯ:,dʲanp,dʰæ::pɯʰ,dæmp,NA,NA
NA,NA,NA,juice,ʥɯ:sɯ,ʧʊʃ:ʊ,dʲʊtʲʊ: (*4),ʧɯʧɯ:,jʊt:'ʊ,dʲʊtʲʊ: (*4),dʲʊtʲʊ: (*4),dʲʊtʲʊ: (*4),NA
NA,NA,NA,hello (telephone),haɾo:,hɯ:,NA,NA,NA,NA,NA,NA,NA
NA,NA,NA,I want it,hoɕi: (im.),hotçi:,hotʨi:,NA,NA,NA,NA,NA,NA
NA,NA,NA,"no, don't want to",ija,ɪja (wh) (*2),ɪjɔ:,ɪjaɔ,ja:,ɪ:jaʰ,ɪja (wh) (*2),NA,NA
NA,NA,NA,peek-a-boo,inaiinai,naɪnaɪ (*3),ⁿdænaɪ,næna:ɪ (*2),nɑna:ɪ (*2),nəna:ɪja:,naɪnaɪ (*3),naɪnaɪ (*3),NA
NA,NA,NA,NA,NA,næna:ɪ (*2),nɑna:ɪ (*2),NA,NA,NA,NA,NA,NA
NA,NA,NA,I'm not here,inaijo,naɪjʌ:,naɪjɔ:,maɪjʌ:,naɪjɛ:,NA,NA,NA,NA
NA,NA,NA,ouch,itai,ito:ⁿi,ɪta:ɪ:,ətɑ:ɪ,ɪda:ɪ,ɪ:daɪ,NA,NA,NA
NA,NA,NA,please no!,jadajo,jædæjʌ::,NA,NA,NA,NA,NA,NA,NA
NA,NA,NA,effort sound,joiɕo,jəʃ,hɯʃ,ʃɯ,ɪʃ,ʔəʃɯ,NA,NA,NA
NA,NA,NA,here,koko,koko,koxo,NA,NA,NA,NA,NA,NA
NA,NA,NA,this,koɾe,koʀe,NA,NA,NA,NA,NA,NA,NA
NA,NA,NA,shoes,kɯk:ɯ,kɔk:ɔ: (*2),kɔk:ɔ: (*2),NA,NA,NA,NA,NA,NA
NA,NA,NA,mummy,mama,wawa:,NA,NA,NA,NA,NA,NA,NA
NA,NA,NA,moo,mo:,mo:,NA,NA,NA,NA,NA,NA,NA
NA,NA,NA,gone,nai,na:ɪ,na:ɪ:,naɪ,NA,NA,NA,NA,NA
NA,NA,NA,all gone,nainai,nɑnaɪ,naɪnʌʔ,na:naʔ,naɪnaɪ,dænɑɪ,nanɑ:ɪ (*2),NA,NA
NA,NA,NA,NA,NA,nænɑ:ɪ,nanɑ:ɪ (*2),nɑnɑ:ʔ,nənɑ:jɑ,nəɪnæ:ɪ,NA,NA,NA
NA,NA,NA,take off clothes,nɯgɯ,nɯgɯ,NA,NA,NA,NA,NA,NA,NA
NA,NA,NA,fell down,oʨiʨat:a,ɑʔdʑidʑʲat:a:,NA,NA,NA,NA,NA,NA,NA
NA,NA,NA,it's over,owaʨ:at:a,ɔdɛda:,NA,NA,NA,NA,NA,NA,NA
NA,NA,NA,horsey/gallop sd.,pakapaka,n:bak:abɯkabɯkabɯkabɯxa,NA,NA,NA,NA,NA,NA,NA
NA,NA,NA,choochoo,pop:o (im.),pʰapa:,bɯ:bɯ:,NA,NA,NA,NA,NA,NA
NA,NA,NA,stand up!,taʨ:I (im.),tʰæ:tʰʊ,ʔʌtʧʊ,NA,NA,NA,NA,NA,NA
NA,NA,NA,doggie,waŋwaŋ (im.),wʌwan,NA,NA,NA,NA,NA,NA,NA
NA,NA,NA,banana (child's word),namɯnamɯ,naməna,NA,NA,NA,NA,NA,NA,NA
NA,NA,NA,roar sound,gao (im.),gɯa:ɔ,NA,NA,NA,NA,NA,NA,NA
NA,NA,NA,rolling sound? lying down?,goɾoŋ (im.),gɯ:m (*2),gɯ:m (*2),NA,NA,NA,NA,NA,NA
NA,NA,NA,no (pulls on vest),no:,nɔnɔɾɔnɔnɔ,NA,NA,NA,NA,NA,NA,NA
NA,Kazuko,15,shake hands,akushu,hækʊ:tʲʊʔ,ɑ:kʊtʰʊ,ɑ::kɯtʰʊ,ɑ:kɯʧʊʔ (*2),ɑ:kɯʧʊʔ (*2),NA,NA,NA
NA,NA,NA,rain,ame,ɑmʰɪʔ,ɑmɪʰ,ʌmɪ (*2),ʌmɪ (*2),NA,NA,NA,NA
NA,NA,NA,thank you,arigato (im.),tʰɔ,NA,NA,NA,NA,NA,NA,NA
NA,NA,NA,foot,ashi,ʔɑʤi (*2),ʔɑci (*2),ʔɑɪʃi,hɑdʲ:e,haʤ:ɪʔ,ʔɑʤi (*2),ʔɑci (*2),NA
NA,NA,NA,foot,ashi,haɪʤɪʔ,ʔɑʤi,ɑʧɪʔ (*4),ɑʤɪʔ,agʰiʔ,ɑʧɪʔ (*4),ɑʧɪʔ (*4),NA
NA,NA,NA,NA,NA,ɑ:ʤɪʔ (*3),ɑ:ʤɪʔ (*3),ɑkʰɪʔ (*2),ɑ:kʰɪʔ (*2),NA,NA,NA,NA
NA,NA,NA,foot,ashi,ɑ:ʤɪʔ (*3),ɑkʰɪʔ (*2),agɪʔ,ɑ:kʰɪʔ (*2),ʌkʰɪʔ,ɑʧɪʔ (*4),NA,NA
NA,NA,NA,foot,ashi,ʌʧɪn,ɑʧıʔ (im.),ʌʧɪnŋɔʔ,ʌʧɪ:,ʌɟɪ:,NA,NA,NA
NA,NA,NA,foot,ashi,ɑkʰɪ:,adʲɪʔ,hɑʤɪ: (*2),ɑ:ʧɪ (*2),hɑ:kʰɪʔ,NA,NA,NA
NA,NA,NA,foot,ashi,hɑ:ʧʰɪʔ,hɑʤɪ: (*2),ɑ:ʧɪ (*2),NA,NA,NA,NA,NA
NA,NA,NA,baby,bebitʃan,bebetæn,bebetan (*2),ɔbebetʰɑ,bebetɑ,bebedæn,bebetan (*2),NA,NA
NA,NA,NA,baby,bebitʃan,bebedaʔ,bi:bedan,bɯbɪtən,bɪbɪtʰɑ,bɪbɪtæn (*9),bɪbɪtæn (*9),bɪbɪtæn (*9),NA
NA,NA,NA,NA,NA,NA,bɪbɪtæn (*9),bɪbɪtæn (*9),bɪbɪtæn (*9),bɪbɪtæn (*9),bɪbɪtæn (*9),bɪbɪtæn (*9),NA
NA,NA,NA,baby,bebitʃan,bəɪbɪtan,bɛbɪtɐn,bɪbɪtɒ:n,bɛbɪtɔ,bebetɑ,NA,NA,NA
NA,NA,NA,NA,NA,bɪbɪtʌn (*6),bɪbɪtʌn (*6),bɪbɪtʌn (*6),bɪbɪtʌn (*6),bɪbɪtʌn (*6),bɛbɪtɑ (*2),NA,NA
NA,NA,NA,baby,bebitʃan,bɛbɪtɑ (*2),bɪbɪtʌn (*6),bɪbɪʤʌn,bɪbɪtɑ,bɛbɪʧɑn,bɛbɪtɑ (*2),NA,NA
NA,NA,NA,baby,bebitʃan,bɪtʌn,bebetɑŋ,NA,NA,NA,NA,NA,NA
NA,NA,NA,Big Bird,big+bɜ:d,bʊʔkbæ:ʔ,bʊʔkɑbæ:,NA,NA,NA,NA,NA,NA
NA,NA,NA,hat,bo:shi,bɑ:ʤi,bɔ:ʧɪ:,bɔti: (*3),bɔʔtiwɔ,bɔ:ʧʰɪ: (*4),bɔti: (*3),bɔti: (*3),NA
NA,NA,NA,NA,NA,NA,NA,bɔ:ʧʰɪ: (*4),bɔ:ʧʰɪ: (*4),bɔ:ʧʰɪ: (*4),NA,NA,NA
NA,NA,NA,car,bubu,bœbœ (*3),bʊ:bʊ,bɯbɯ (*2),bɯ:bʊʰ,bʊ:,bɯbɯ (*2),bœbœ (*3),NA
NA,NA,NA,car,bubu,bʊ,bʊbʊʔ,bʊ:bɯʔ,bʊ:bʊʔ,bœbœ (*3),NA,NA,NA
NA,NA,NA,pig,buta (im.),bʊ,bɯ:bɯʔ,bʊ:bʊʔ,NA,NA,NA,NA,NA
NA,NA,NA,hold me,dak:o,tɔk:o:,gʌk:ɔ:,NA,NA,NA,NA,NA,NA
NA,NA,NA,telephone,den=wa,ʧɪ::wɑ,gɪ̃wɑʔ,gɪ::dwɑ̃ʔ,gʰɪnjʌʔ,gɪ:nwʌ?,NA,NA,NA
NA,NA,NA,please,do:zo,dɔ:zo,dɔ:dɔʔ,dʊ::ɬɔʔ,ⁿdɔ:dɔʔ,NA,NA,NA,NA
NA,NA,NA,milk,gjɯːɲjɯː,ɯʔkɑ:njʊ,NA,NA,NA,NA,NA,NA,NA
NA,NA,NA,chattering,gotogoto,gʰotogoto,NA,NA,NA,NA,NA,NA,NA
NA,NA,NA,here you are,hai,hɑɪ,hɑɪ (*2),hɑʰɪʔ,hɑɪʔ (*2),hɑɪ (*2),hɑɪʔ (*2),NA,NA
NA,NA,NA,hello,haɾo:,haɔ:,haɾɔ:,hæjɔ,həlɔ:,ʌl:ɔ: (*3),ʌl:ɔ: (*3),ʌl:ɔ: (*3),NA
NA,NA,NA,hello,haɾo:,ʔɑlɔ: (*4),adɔ:,ʌdɔ:,hʌd:ʲɔ:,hʌdɔʌʔ,ʔɑlɔ: (*4),ʔɑlɔ: (*4),NA
NA,NA,NA,hello,haɾo:,hʌdɔ:,aɾɔ:,hɑlɔ,NA,NA,NA,ʔɑlɔ: (*4),NA
NA,NA,NA,people,hito (im.),hɪʔ (*2),hɪʔ (*2),NA,NA,NA,NA,NA,NA
NA,NA,NA,doesn't exist,inai (im.),nɑ:ɪ,NA,NA,NA,NA,NA,NA,NA
NA,NA,NA,pouring liquid sound,jaa,da:,NA,NA,NA,NA,NA,NA,NA
NA,NA,NA,ticktock,kotʃikotʃi,kɔdikɔci,NA,NA,NA,NA,NA,NA,NA
NA,NA,NA,mouth,kutʃi (im.),ʰʌkʊʧɪʔ,kɯʧɪʔ,NA,NA,NA,NA,NA,NA
NA,NA,NA,Mr. Bear,kumatʃan,kɯm:ɑtɔ,kʊmʌtæn,gʊmɑtən,ŋgʊmətən,kɯm:ɑtɑn,NA,NA,NA
NA,NA,NA,Mr. Bear,kumatʃan,gʊmɑtan,NA,NA,NA,NA,NA,NA,NA
NA,NA,NA,cloud,kumo,tʰɯmɔ,kʰɯmɔʔ,ŋkɯ::mɔ,NA,NA,NA,NA,NA
NA,NA,NA,comb,kushi (im.),kʊc:ɪ,NA,NA,NA,NA,NA,NA,NA
NA,NA,NA,ear,mimitʃan,mɛmɛtʌ,memetʌ,m:mɛmɛta,memetɑʰ (*2),mɨtɑ,memetɑʰ (*2),NA,NA
NA,NA,NA,ear,mimi,mɪmɪtɑ (*2),mɪmɪ (*2),ɑmɛmɛ (im.),ɔmɪmɛʔ,mɪmɪtɑ (*2),mɪmɪ (*2),NA,NA
NA,NA,NA,NA,NA,NA,NA,NA,NA,NA,NA,NA,NA
NA,NA,NA,chewing sound,mushamusha (im.),mi:tæmʊtɑmʊtɑ,NA,NA,NA,NA,NA,NA,NA
NA,NA,NA,"all gone, put away",nainai,n:ɑ,njɑ,nɑ:nɑʔ (im.),nɑɪnɔ:ɪ,NA,NA,NA,NA
NA,NA,NA,sleeping,nen:e,nɛn:e (*2),nen:e (*3),næn:i,nɛn:i,nɛn:ɛ,nɛn:e (*2),nen:e (*3),NA
NA,NA,NA,sleeping,nen:e,nɛn:ɛ:,nɛn:ɛ,nen:e (*3),NA,NA,NA,NA,NA
NA,NA,NA,kitty,nyan:yan,nænɑ (*2),nɑn:ɑ,nɑnɑʔ (*2),nɒnʌ,njənɑʰ,nænɑ (*2),nɑnɑʔ (*2),NA
NA,NA,NA,kitty,nyan:yan (chan),nɑnɑʰ (*2),nænataʔ (im.),nɑnɑʰ (*2),NA,NA,NA,NA,NA
NA,NA,NA,granny,obaatʃama,ɔbɑʧɑmɑ (im.),bʌt:ʌmʌ,bɑ:taʰ,NA,NA,NA,NA,NA
NA,NA,NA,naval,oheso,ʌʔɪ:tɔʔ,ɔhɪt'oʔ (im.),ɔɪʤɔʔ,ɔh:ɪtɔʔ,ɔhɪβɪtɔʔ,NA,NA,NA
NA,NA,NA,naval,oheso,ʌɪtʰɔʔ,ɔɪ:tɔʔ,hɔɪt'ɔ,ɾɔʒɪŋtɔ,ɔʰɛʧɔ,NA,NA,NA
NA,NA,NA,naval,oheso,hɔnətʌ:,hɔnɪtɔ,ɔʔhetɔʔ,ʌʔɛtɔ,ɔʔhɛtɔʔ,NA,NA,NA
NA,NA,NA,eyes,omeme,ʌnme:meʔ (im.),eməmə,ɔmɛmeʔ,"ɑmɪmɪʔ (*3, i)",ɔmɪmɪ,"ɑmɪmɪʔ (*3, i)","ɑmɪmɪʔ (*3, i)",NA
NA,NA,NA,eyes,omeme,jɔʔmehɪ:,bɪ:mɪʔ,NA,NA,NA,NA,NA,NA
NA,NA,NA,daiper,omutsu (im.),ɔʊmuʈɯʔ,ɔmʊʔ,ɔmɯʧʊ,NA,NA,NA,NA,NA
NA,NA,NA,dolly,oniŋg=jotʃan,ɔnɪtjɑ:n,ɔtʰɔʔn,NA,NA,NA,NA,NA,NA
NA,NA,NA,plate,osara,ɔʧʊɾaʔ,NA,NA,NA,NA,NA,NA,NA
NA,NA,NA,Mr. Horsie,oumatʃan,ɔm:ataʔ,am:ata,am:aʧa,oʊəoʊəta,oʊata (*2),oʊata (*2),NA,NA
NA,NA,NA,Mr. Horsie,oumatʃan,oʊmatjɔ,ɔʊmɑta,ɔʊmɑtɑo,ɔʊmɑdɑo:,omɑdɑ,NA,NA,NA
NA,NA,NA,Mr. Horsie,oumatʃan,oʊmɑtɔmɑtɑ,ɑɔmɑtʰɔʔ,ɔm:ædɑ,oʊmɑtaʔ (*3),ɑʊmadɑʔ,oʊmɑtaʔ (*3),oʊmɑtaʔ (*3),NA
NA,NA,NA,Mr. Horsie,oumatʃan,ɑmɑdʌʔ (*2),əʊmətamɑtɑ,ɔʊmʌta,ɔɪʔtʰɔʔ,ʔmʌtʰɑ (*2),ʔmʌtʰɑ (*2),ɑmɑdʌʔ (*2),NA
Urdu,Afan,22,mama,mama,m:ə m:a:  (x8),ma  (x2),m:ə m:a:  (x8),m:ə m:a:  (x8),m:ə m:a:  (x8),m:ə m:a:  (x8),NA,NA
NA,NA,NA,NA,NA,m:ə m:a:  (x8),m:ə m:a:  (x8),m:ə m:a:  (x8),ma  (x2),NA,NA,NA,NA
NA,NA,NA,ajao,a:dʒao,au,NA,NA,NA,NA,NA,NA,NA
NA,NA,NA,baba,baba,ba: b:a,NA,NA,NA,NA,NA,NA,NA
NA,NA,NA,NA,NA,a:  (x9),a:  (x9),a:  (x9),a:  (x9),a:  (x9),a:  (x9),NA,NA
NA,NA,NA,han,ha:,a:  (x9),a:  (x9),a:  (x9),NA,NA,NA,NA,NA
NA,NA,NA,NA,NA,de: (x8),d: (x5),de: (x8),de: (x8),de: (x8),de: (x8),NA,NA
NA,NA,NA,yay,je:,d: (x5),d: (x5),d: (x5),de: (x8),de: (x8),de: (x8),d: (x5),NA
NA,NA,NA,na/ nahin,nahi,na (x5),nəi (x2),na:,na (x5),na (x5),na (x5),na (x5),NA
NA,NA,NA,do,do,do,du:,NA,NA,NA,NA,NA,NA
NA,NA,NA,phool,pu:l,pu: (x5),pu: (x5),pu: (x5),pu: (x5),pu: (x5),NA,NA,NA
NA,NA,NA,Saima,səmi:na,i:n:a (x2),nin:a,i:n:a (x2),NA,NA,NA,NA,NA
NA,NA,NA,"mimmi BT, (o)",m:immi,mi,m:i:m:i,NA,NA,NA,NA,NA,NA
NA,NA,NA,Bazil,bazil,bad:e (x2),bade (x2),NA,NA,NA,NA,NA,NA
NA,NA,NA,AUNTI,anti,ənti,ət:i,NA,NA,NA,NA,NA,NA
NA,NA,NA,idhar,idar,da:,id:e,əd:ə,NA,NA,NA,NA,NA
NA,NA,NA,bhaye,bai,bai,NA,NA,NA,NA,NA,NA,NA
NA,NA,NA,bhow bhow(o),bəu bəu,baba: (x2),NA,NA,NA,NA,NA,NA,NA
NA,NA,NA,gaye,gəi,gəi,gi,NA,NA,NA,NA,NA,NA
NA,NA,NA,chunti,tʃunʈi,tunti,tənti (x2),tənti (x2),NA,NA,NA,NA,NA
NA,NA,NA,ta,ta:,ta:,NA,NA,NA,NA,NA,NA,NA
NA,NA,NA,anda,ənɖɑ,ənɖɑ (x2),ənɖɑ (x2),NA,NA,NA,NA,NA,NA
NA,NA,NA,JUICE,dʒu:s,dʒu:,NA,NA,NA,NA,NA,NA,NA
NA,NA,NA,chai (im.),tʃa:i,ta:e:,tʃai,da:i,NA,NA,NA,NA,NA
NA,NA,NA,jaaee (im.),dʒa:e,da:e,NA,NA,NA,NA,NA,NA,NA
NA,NA,NA,Durrain,durri,dud:i,dəd:i,NA,NA,NA,NA,NA,NA
NA,NA,NA,dawaye,də va:i,da:i (x3),da:i (x3),da:i (x3),NA,NA,NA,NA,NA
NA,NA,NA,COW (im.),kau,ka:o (x2),ka:o (x2),NA,NA,NA,NA,NA,NA
NA,NA,NA,DOGGY BT,dɔggi,dodʒi,NA,NA,NA,NA,NA,NA,NA
NA,NA,NA,UNCLE,ʌŋkal,ənka (x6),ənkəl,ənka (x6),ənka (x6),ənka (x6),ənka (x6),ənka (x6),NA
NA,NA,NA,ganda (im.),gandə,gad:ə,NA,NA,NA,NA,NA,NA,NA
NA,NA,NA,baal(im.),ba:l,ba: (x2),ba: (x2),NA,NA,NA,NA,NA,NA
NA,NA,NA,udhar,udʰar,ud:ɛ,NA,NA,NA,NA,NA,NA,NA
NA,NA,NA,pani,panni,ma:n:i (x2),ma:ni,ma:n:i (x2),NA,NA,NA,NA,NA
NA,NA,NA,mam BT,mam,ma:m,NA,NA,NA,NA,NA,NA,NA
NA,NA,NA,vo,vo,vo,NA,NA,NA,NA,NA,NA,NA
NA,NA,NA,dada,dada,da:d:a (x2),da:d:a (x2),NA,NA,NA,NA,NA,NA
NA,NA,NA,chacha,tʃa:tʃə,ta:ta:,NA,NA,NA,NA,NA,NA,NA
NA,NA,NA,Rabia,ra:bja,bija,NA,NA,NA,NA,NA,NA,NA
NA,NA,NA,ooper,u:pər,up:a,NA,NA,NA,NA,NA,NA,NA
NA,NA,NA,yay hai,je he:,je: œ,NA,NA,NA,NA,NA,NA,NA
NA,NA,NA,JUICE do,dʒu:s do,dʒu:d:o,NA,NA,NA,NA,NA,NA,NA
NA,NA,NA,maon ajao,ma:o adʒao,mau ədau  (x2),mau ədau  (x2),NA,NA,NA,NA,NA,NA
NA,NA,NA,"aunti gaye hai, aunti gaye",anti gəi,ənti gəi,NA,NA,NA,NA,NA,NA,NA
NA,Radia,19,BALL,bɔl,ba:l,ba:,NA,NA,NA,NA,NA,NA
NA,NA,NA,dhakan,ɖʰakən,da:kən,NA,NA,NA,NA,NA,NA,NA
NA,NA,NA,band,bʌnd,ba:n,NA,NA,NA,NA,NA,NA,NA
NA,NA,NA,daal,ɖa:l,da:l,NA,NA,NA,NA,NA,NA,NA
NA,NA,NA,chalo,tʃallo,tʃal:əu,NA,NA,NA,NA,NA,NA,NA
NA,NA,NA,BOTTLE,bɒtəl,ba:de,ba:təl    (im.),NA,NA,NA,NA,NA,NA
NA,NA,NA,MAMA,mamma,ma:m:a:,m:am:a,NA,NA,NA,NA,NA,NA
NA,NA,NA,bismillah,bismilla,bi:ʃəla:,bi:ʃəl:a:,NA,NA,NA,NA,NA,NA
NA,NA,NA,aur,ɔr,a:l,NA,NA,NA,NA,NA,NA,NA
NA,NA,NA,"one, two, three",wən tu: tʰri:,ti:,NA,NA,NA,NA,NA,NA,NA
NA,NA,NA,nahin,nəhi,nəi,NA,NA,NA,NA,NA,NA,NA
NA,NA,NA,khana,kʰa:na,ka:nə,NA,NA,NA,NA,NA,NA,NA
NA,NA,NA,Allah,əlla,əl:a,NA,NA,NA,NA,NA,NA,NA
NA,NA,NA,toba,tɔbba,to:b:a,NA,NA,NA,NA,NA,NA,NA
NA,NA,NA,machar,mətʃʰər,mətʃəl,mu:tʃəl,NA,NA,NA,NA,NA,NA
NA,NA,NA,PILLOW,pilo,pil:i:,ʃole (im.),NA,NA,NA,NA,NA,NA
NA,NA,NA,ganda,gəndə,ganda,NA,NA,NA,NA,NA,NA,NA
NA,NA,NA,Allahuakbar,əllahuakbar,əl:auk,NA,NA,NA,NA,NA,NA,NA
NA,NA,NA,daalu,ɖa:llu,da:l:e,NA,NA,NA,NA,NA,NA,NA
NA,NA,NA,Allahhafiz,əlla hafiz,əl:aviz,əl:abi:tʃ,NA,NA,NA,NA,NA,NA
NA,NA,NA,vava BT,va:hva,va:va,va:va,NA,NA,NA,NA,NA,NA
NA,NA,NA,utaro,uta:ro,ta:le,da:d o,ta:l:e:,NA,NA,NA,NA,NA
NA,NA,NA,dadi,da:di,da:di,da:de,NA,NA,NA,NA,NA,NA
NA,NA,NA,oho!,oho:,əxo,NA,NA,NA,NA,NA,NA,NA
NA,NA,NA,BASKET,ba:skit,ba:ket,NA,NA,NA,NA,NA,NA,NA
NA,NA,NA,Allahhu,əllahu,əl:avu,əl:aku,ol:avu,NA,NA,NA,NA,NA
NA,NA,NA,nino BT,ni:no,ni:no,ni:nəu,NA,NA,NA,NA,NA,NA
NA,NA,NA,yay,je,je:,NA,NA,NA,NA,NA,NA,NA
NA,NA,NA,acha,ətʃə,əʃə,NA,NA,NA,NA,NA,NA,NA
NA,NA,NA,kapra,kəpɽa,ki:la,NA,NA,NA,NA,NA,NA,NA
NA,NA,NA,davayee,dəva:i,da:i:,NA,NA,NA,NA,NA,NA,NA
NA,NA,NA,ayee!,a:i:,a:i,NA,NA,NA,NA,NA,NA,NA
NA,NA,NA,kharab hogya (im.),xəra:b ho gja,ka:ba:ge,NA,NA,NA,NA,NA,NA,NA
NA,NA,NA,daal dya (im.),ɖa:l dija,da:li,da:dəi,NA,NA,NA,NA,NA,NA
NA,NA,NA,gir gaya,gir gja,ge:ge,NA,NA,NA,NA,NA,NA,NA
NA,NA,NA,so rahi (im.),so rəhi,ʃoli,NA,NA,NA,NA,NA,NA,NA
NA,NA,NA,"kha lo,kha lun",kʰalo,ka:lu,NA,NA,NA,NA,NA,NA,NA
NA,NA,NA,theek hai,tʰi:k hæ,ʈi:kə,NA,NA,NA,NA,NA,NA,NA
NA,NA,NA,kya bat hai? (im.),kjaba:thæ,kaba:ke,NA,NA,NA,NA,NA,NA,NA
NA,NA,NA,sona,sona,ʃol:a,ʃole,ʃolu,NA,NA,NA,NA,NA
NA,Shazim,25,BALL,bɔl,ba:l,ta:l,da:l,NA,NA,NA,NA,NA
NA,NA,NA,yay,je,te:,de:,e:,je:,di:,ti:,NA,NA
NA,NA,NA,ayee! (o),a:i:,a:i,əi:,a:i:,NA,NA,NA,NA,NA
NA,NA,NA,CATTY BT,kœti,ka:ti:,tʃa:ti,ta:t:i,kœt:i,ta:ti:,NA,NA,NA
NA,NA,NA,AUNTI,a:nti,a:t:i,a:t:i,a:n:i,NA,NA,NA,NA,NA
NA,NA,NA,miyon(o) BT,mi:jəo:,mao,NA,NA,NA,NA,NA,NA,NA
NA,NA,NA,TRACTOR,trœktər,ta:t:u,NA,NA,NA,NA,NA,NA,NA
NA,NA,NA,EYES,a:iz,a:i:,a:ja:,NA,NA,NA,NA,NA,NA
NA,NA,NA,aur,ɔr,a:i,əi,NA,NA,NA,NA,NA,NA
NA,NA,NA,nano,na:no:,na:nu,NA,NA,NA,NA,NA,NA,NA
NA,NA,NA,khala,kʰala,lala,lal:a,NA,NA,NA,NA,NA,NA
NA,NA,NA,bhayee,bʰa:i,ba:i:,NA,NA,NA,NA,NA,NA,NA
NA,NA,NA,duddu BT,duddu,dud:u,NA,NA,NA,NA,NA,NA,NA
NA,NA,NA,JUICE,dʒu:s,di:ʃ,NA,NA,NA,NA,NA,NA,NA
NA,NA,NA,MAMA,mam:a,ma:m:a,ma:m a,ma:m: a,NA,NA,NA,NA,NA
NA,NA,NA,ajao(im.),a:dʒao,a:t:u,a:du,NA,NA,NA,NA,NA,NA
NA,NA,NA,baow baow(o)BT,bʰəu bʰəu,bu:bu:,NA,NA,NA,NA,NA,NA,NA
NA,NA,NA,chuchu(o) BT,tʃu:tʃu,tot:u,NA,NA,NA,NA,NA,NA,NA
NA,NA,NA,LION,lain,la:,NA,NA,NA,NA,NA,NA,NA
NA,NA,NA,Kashmir,kaʃmir,i:ʃ,NA,NA,NA,NA,NA,NA,NA
NA,NA,NA,AEROPLANE,æːropleɪn,aoplæn,a:ple:n,NA,NA,NA,NA,NA,NA
NA,NA,NA,mamu,ma:mu,m:a:mu,m:a:m:u,NA,NA,NA,NA,NA,NA
NA,NA,NA,COW,ka:o,ta:u,tʃa:o,qao,NA,NA,NA,NA,NA
NA,NA,NA,CAKE(im.),ke:k,ti: ti,NA,NA,NA,NA,NA,NA,NA
NA,NA,NA,baba,baba,ba:ba,ba:b:a,ba:b:ə,NA,NA,NA,NA,NA
NA,NA,NA,HORSE,hɔːrs,a:ʃ,NA,NA,NA,NA,NA,NA,NA
NA,NA,NA,billi,bil:i,bəl:i,NA,NA,NA,NA,NA,NA,NA
NA,NA,NA,DOGGY BT,dɒɡi,dat:i,NA,NA,NA,NA,NA,NA,NA
NA,NA,NA,chunti,tʃu:nʈi,tu:ti,NA,NA,NA,NA,NA,NA,NA
NA,NA,NA,"ajjan (o), BT",əj:a:,əj:a:,NA,NA,NA,NA,NA,NA,NA
NA,NA,NA,NO,no,nũ:,NA,NA,NA,NA,NA,NA,NA
NA,NA,NA,phuppo,pʰup:o,pup:o,NA,NA,NA,NA,NA,NA,NA
NA,NA,NA,abbu jee,əbbu dʒi,a:budʒi,NA,NA,NA,NA,NA,NA,NA
NA,NA,NA,dado,dad:o,dad:o,NA,NA,NA,NA,NA,NA,NA
NA,NA,NA,chachu,tʃa:tʃu,ta:t:u,NA,NA,NA,NA,NA,NA,NA
NA,NA,NA,yay kya hai,je: kja he,e:tʃiə e,atla:,e:ta:,e:tja:,ta:tja,idja:,i:tja e,NA
NA,NA,NA,yay maon hai,je: mao he:,i: məu,NA,NA,NA,NA,NA,NA,NA
NA,NA,NA,AUNTI nay diya hai(im.),a:nti ne dija he:,a:t:i ne da: e (im.),NA,NA,NA,NA,NA,NA,NA
NA,NA,NA,MAMA ko ai ho gaye( i),mama ko a:i ho gəi,m:amə ai:,m:ama: a:i,NA,NA,NA,NA,NA,NA
French,Basile,20,ah,NA,a (*2),a (*2),NA,NA,NA,NA,NA,NA
NA,NA,NA,badaboum,NA,pu ba,NA,NA,NA,NA,NA,NA,NA
NA,NA,NA,balayer (im.),NA,pəele,NA,NA,NA,NA,NA,NA,NA
NA,NA,NA,barbe à papa,NA,baba (*6),maba baba,bamba a,papa (*2),maba (*2),papa (*2),NA,NA
NA,NA,NA,NA,NA,baba (*6),baba (*6),baba (*6),baba (*6),baba (*6),maba (*2),NA,NA
NA,NA,NA,beurk (im.),NA,ke,NA,NA,NA,NA,NA,NA,NA
NA,NA,NA,bisou,NA,bu,NA,NA,NA,NA,NA,NA,NA
NA,NA,NA,bottes,NA,bo (im.),po (im.),bo (*2),bo (*2),NA,NA,NA,NA
NA,NA,NA,boum,NA,bu (im.),pu,NA,NA,NA,NA,NA,NA
NA,NA,NA,bravo,NA,babo (*2),babo (*2),NA,NA,NA,NA,NA,NA
NA,NA,NA,ça,NA,dʒa,ʒa (*10),aʒa (*6),əʒa (*3),əɬa,əða,ʒa (*10),NA
NA,NA,NA,NA,NA,ʒa (*10),ʒa (*10),ʒa (*10),ʒa (*10),ʒa (*10),ʒa (*10),ʒa (*10),NA
NA,NA,NA,NA,NA,ʒa (*10),aʒa (*6),aʒa (*6),aʒa (*6),aʒa (*6),aʒa (*6),əʒa (*3),əʒa (*3)
NA,NA,NA,canapé (im.),NA,mate,NA,NA,NA,NA,NA,NA,NA
NA,NA,NA,canard/coin-coin,NA,kaka (*2),akɔ,əka,ka,kaka (*2),NA,NA,NA
NA,NA,NA,cassé (im.),NA,atʃe,NA,NA,NA,NA,NA,NA,NA
NA,NA,NA,coucou,NA,kuku (*2),kuku (*2),NA,NA,NA,NA,NA,NA
NA,NA,NA,divan (im.),NA,vəvə,NA,NA,NA,NA,NA,NA,NA
NA,NA,NA,doux  (im.),NA,tu,NA,NA,NA,NA,NA,NA,NA
NA,NA,NA,encore,NA,ko (im.),ɔkɔ,ako,NA,NA,NA,NA,NA
NA,NA,NA,hou,NA,ə vu vu,NA,NA,NA,NA,NA,NA,NA
NA,NA,NA,joue,NA,lu,NA,NA,NA,NA,NA,NA,NA
NA,NA,NA,est là,NA,e la,la (im.),əla (im.),NA,NA,NA,NA,NA
NA,NA,NA,l'eau,NA,lo (*5),elu,ə lo,lo lo,lo (*5),lo (*5),lo (*5),lo (*5)
NA,NA,NA,loup,NA,ə lo,ə lə,lo (im.),NA,NA,NA,NA,NA
NA,NA,NA,lequel (im.),NA,əke,NA,NA,NA,NA,NA,NA,NA
NA,NA,NA,lit (im.),NA,ə li,NA,NA,NA,NA,NA,NA,NA
NA,NA,NA,livre,NA,lə lə,lə (*3),ələ,le (*2),əle,li (*2),lə (*3),lə (*3)
NA,NA,NA,NA,NA,le (*2),li (*2),NA,NA,NA,NA,NA,NA
NA,NA,NA,maman,NA,mamɑ (*6),nama,a mamɑ,e mamɑ,ema,NA,ə lø,NA
NA,NA,NA,NA,NA,mamɑ (*6),mamɑ (*6),mamɑ (*6),mamɑ (*6),mamɑ (*6),NA,NA,NA
NA,NA,NA,mouton (im.),NA,ətə,NA,NA,NA,NA,NA,NA,NA
NA,NA,NA,musique,NA,keke (*3),kəkə,kəke,keke (*3),keke (*3),NA,NA,NA
NA,NA,NA,nonnon,NA,nɔnɔ,ɔ,NA,NA,NA,NA,NA,NA
NA,NA,NA,oh,NA,o (*3),pa (im.),o (*3),o (*3),NA,NA,NA,NA
NA,NA,NA,ouh,NA,u,NA,NA,NA,NA,NA,NA,NA
NA,NA,NA,paf,NA,pa (*4),pa,pa (*4),pa (*4),pa (*4),NA,NA,NA
NA,NA,NA,page,NA,pa (im.) (*7),papapa,papo,pa (im.) (*7),pa (im.) (*7),pa (im.) (*7),pa (im.) (*7),pa (im.) (*7)
NA,NA,NA,NA,NA,pa (im.) (*7),NA,NA,NA,NA,NA,NA,NA
NA,NA,NA,pan,NA,po,NA,NA,NA,NA,NA,NA,NA
NA,NA,NA,papa,NA,papa (*3),pa pə,papa (*3),papa (*3),NA,NA,NA,NA
NA,NA,NA,pin pon,NA,pa pu,pu (*3),apo (im?),po (*2),pu (*3),pu (*3),po (*2),NA
NA,NA,NA,poire/pomme,NA,pu (im.) (*2),pu (im.) (*2),NA,NA,NA,NA,NA,NA
NA,NA,NA,puzzle (im.),NA,ulə,NA,NA,NA,NA,NA,NA,NA
NA,NA,NA,t'aide,NA,ati,tu tu (wh),NA,NA,NA,NA,NA,NA
NA,NA,NA,tchou,NA,ə tu,NA,NA,NA,NA,NA,NA,NA
NA,NA,NA,teuton (im.),NA,tøto,NA,NA,NA,NA,NA,NA,NA
NA,NA,NA,tricoter (im.),NA,kote,NA,NA,NA,NA,NA,NA,NA
NA,NA,NA,voiture,NA,ɛvu,wu vu,NA,NA,NA,NA,NA,NA
NA,NA,NA,vroum,NA,βu,NA,NA,NA,NA,NA,NA,NA
NA,Julien,19,Ah,NA,a (*2),a (*2),NA,NA,NA,NA,NA,NA
NA,NA,NA,Boubou,NA,bubu,babuə,bubə,NA,NA,NA,NA,NA
NA,NA,NA,Clé(s),NA,ke (*2),kˡe,ke (*2),NA,NA,NA,NA,NA
NA,NA,NA,Corinne,NA,ləɬe,NA,NA,NA,NA,NA,NA,NA
NA,NA,NA,cot cot,NA,ku ku,NA,NA,NA,NA,NA,NA,NA
NA,NA,NA,croco,NA,koko,a gogo,koko,kokə,NA,NA,NA,NA
NA,NA,NA,Cubes,NA,a ke,NA,NA,NA,NA,NA,NA,NA
NA,NA,NA,les deux,NA,ə de,NA,NA,NA,NA,NA,NA,NA
NA,NA,NA,plus grand (im.),NA,pu χə,NA,NA,NA,NA,NA,NA,NA
NA,NA,NA,Là,NA,wa (*3),wa (*3),wa (*3),NA,NA,NA,NA,NA
NA,NA,NA,Maman,NA,mamɑ,NA,NA,NA,NA,NA,NA,NA
NA,NA,NA,Meuh,NA,əmø,NA,NA,NA,NA,NA,NA,NA
NA,NA,NA,Miaou,NA,mau (*2),maum,maɔ,mau (*2),NA,NA,NA,NA
NA,NA,NA,Nana,NA,nana,NA,NA,NA,NA,NA,NA,NA
NA,NA,NA,Non,NA,nɔ (*5),da,na,nɑ,nɔ (*5),nɔ (*5),nɔ (*5),nɔ (*5)
NA,NA,NA,Oh,NA,o,NA,NA,NA,NA,NA,NA,NA
NA,NA,NA,ouais,NA,we (*3),we (*3),we (*3),NA,NA,NA,NA,NA
NA,NA,NA,Papa,NA,papa (*3),papa (*3),papa (*3),NA,NA,NA,NA,NA
NA,NA,NA,Pas,NA,pa,NA,NA,NA,NA,NA,NA,NA
NA,NA,NA,Petit,NA,aopti,NA,NA,NA,NA,NA,NA,NA
NA,NA,NA,Pin pon,NA,pa po,pa fo,a pa po,NA,NA,NA,NA,NA
NA,NA,NA,Piou,NA,ə pə pə,NA,NA,NA,NA,NA,NA,NA
NA,NA,NA,Plein,NA,ka ka,NA,NA,NA,NA,NA,NA,NA
NA,NA,NA,Popi,NA,pətɛ,NA,NA,NA,NA,NA,NA,NA
NA,NA,NA,Tonton,NA,kɔkɔ (*2),kɔkɔ (*2),NA,NA,NA,NA,NA,NA
NA,Romuald,21,à bientôt (im.),NA,tato (i. toy),NA,NA,NA,NA,NA,NA,NA
NA,NA,NA,ah,NA,a (*5),a (*5),a (*5),a (*5),a (*5),NA,NA,NA
NA,NA,NA,allô,NA,əlo,NA,NA,NA,NA,NA,NA,NA
NA,NA,NA,alors,NA,alɔː,ajɔ dadapa,NA,NA,NA,NA,NA,NA
NA,NA,NA,l'avion,NA,lajø,NA,NA,NA,NA,NA,NA,NA
NA,NA,NA,ballon,NA,galo,NA,NA,NA,NA,NA,NA,NA
NA,NA,NA,bobo,NA,bobo (*2),bobobo (*2),bobo (*2),bobobo (*2),NA,NA,NA,NA
NA,NA,NA,boum,NA,bu (im.),bu,NA,NA,NA,NA,NA,NA
NA,NA,NA,ça,NA,ɕa (*4),ʃa,n tʃa,a (?),ka,NA,NA,NA
NA,NA,NA,NA,NA,ɕa (*4),ɕa (*4),ɕa (*4),NA,NA,NA,NA,NA
NA,NA,NA,cassé,NA,kace (*4),kake (*2 i),katə,katːa,ake,kake,NA,NA
NA,NA,NA,NA,NA,kace (*4),kace (*4),kace (*4),kake (*2 i),NA,NA,NA,NA
NA,NA,NA,cheval (im.),NA,tləla (im.),NA,NA,NA,NA,NA,NA,NA
NA,NA,NA,cochon (im.),NA,təso,təto,NA,NA,NA,NA,NA,NA
NA,NA,NA,dominos (im.),NA,ominə,NA,NA,NA,NA,NA,NA,NA
NA,NA,NA,fait dodo,NA,de dəto,NA,NA,NA,NA,NA,NA,NA
NA,NA,NA,hop,NA,ɔp (*7),ɔp (im.),ɔp (*7),ɔp (*7),ɔp (*7),ɔp (*7),ɔp (*7),ɔp (*7)
NA,NA,NA,hop-là,NA,ɔp a (*12),ap a,tətətətə ɔp a,ap,NA,NA,NA,NA
NA,NA,NA,là,NA,la (*4),ə la,dʲa,ti la la,da,la (*4),la (*4),la (*4)
NA,NA,NA,la tête,NA,ta te,NA,NA,NA,NA,NA,NA,NA
NA,NA,NA,la vache,NA,vavam,NA,NA,NA,NA,NA,NA,NA
NA,NA,NA,mouton,NA,əto (*2),ɔto,to (*2),əto (*2),to (*2),NA,NA,NA
NA,NA,NA,non,NA,nɔ (*15),nɔcəco,do,dɔ,nɔ (*15),nɔ (*15),nɔ (*15),nɔ (*15)
NA,NA,NA,NA,NA,nɔ (*15),nɔ (*15),nɔ (*15),nɔ (*15),nɔ (*15),nɔ (*15),nɔ (*15),nɔ (*15)
NA,NA,NA,NA,NA,nɔ (*15),nɔ (*15),NA,NA,NA,NA,NA,NA
NA,NA,NA,non pas ça,NA,nɔba da,NA,NA,NA,NA,NA,NA,NA
NA,NA,NA,papa,NA,papa,NA,NA,NA,NA,NA,NA,NA
NA,NA,NA,pas,NA,pa,NA,NA,NA,NA,NA,NA,NA
NA,NA,NA,un livre (im.),NA,də li,gə li,NA,NA,NA,NA,NA,NA
NA,NA,NA,voilà,NA,ela,NA,NA,NA,NA,NA,NA,NA
NA,Vincent,18,non,NA,nɔ (*4),ə nɔ,nɑ (*5),nɑ (*5),nɑ (*5),NA,NA,NA
NA,NA,NA,NA,NA,nɔ (*4),nɔ (*4),nɔ (*4),nɑ (*5),nɑ (*5),NA,NA,NA
NA,NA,NA,train,NA,ə kʁɛ,kʁɛ (*4),tʁɛ,oe tʁɛ,a kʁɛ (*4),NA,NA,NA
NA,NA,NA,NA,NA,kʁɛ (*4),kʁɛ (*4),kʁɛ (*4),a kʁɛ (*4),a kʁɛ (*4),a kʁɛ (*4),NA,NA
NA,NA,NA,a pas,NA,a pɛ,NA,NA,NA,NA,NA,NA,NA
NA,NA,NA,accroche,NA,aʃoʃ,NA,NA,NA,NA,NA,NA,NA
NA,NA,NA,allô,NA,alɔ (*2),alo,alə,ao,alɔ (*2),NA,NA,NA
NA,NA,NA,attends,NA,atə,NA,NA,NA,NA,NA,NA,NA
NA,NA,NA,boum,NA,bum (*3),bum (*3),bum (*3),NA,NA,NA,NA,NA
NA,NA,NA,bravo,NA,avo (*4),awo,avo (*4),avo (*4),avo (*4),NA,NA,NA
NA,NA,NA,caché,NA,a hahɛ,aɕe,NA,NA,NA,NA,NA,NA
NA,NA,NA,casser,NA,a taɕe,NA,NA,NA,NA,NA,NA,NA
NA,NA,NA,chercher,NA,əʃəʃy,əʃəʃi,NA,NA,NA,NA,NA,NA
NA,NA,NA,encore,NA,atə,NA,NA,NA,NA,NA,NA,NA
NA,NA,NA,entends,NA,atɑ,NA,NA,NA,NA,NA,NA,NA
NA,NA,NA,essaye (là),NA,eɕɛ,ebə la,NA,NA,NA,NA,NA,NA
NA,NA,NA,est parti,NA,a paty,NA,NA,NA,NA,NA,NA,NA
NA,NA,NA,fermé,NA,ame,NA,NA,NA,NA,NA,NA,NA
NA,NA,NA,garage,NA,alaʃ,NA,NA,NA,NA,NA,NA,NA
NA,NA,NA,hop,NA,ap (*2),ap (*2),NA,NA,NA,NA,NA,NA
NA,NA,NA,ici,NA,isi,iʃi,NA,NA,NA,NA,NA,NA
NA,NA,NA,"l'autre, autres",NA,l etʁ,ot,NA,NA,NA,NA,NA,NA
NA,NA,NA,l'avion,NA,j ajɔ (*2),a n ajɔ,j ajɔ (*2),NA,NA,NA,NA,NA
NA,NA,NA,là,NA,la (*3),la,əla,la (*3),la (*3),NA,NA,NA
NA,NA,NA,la lune,NA,la lylə,la lyjəjə,la lyl (*2),ja jy,la lydelə,a la ly,la ly,NA
NA,NA,NA,NA,NA,la lyl (*2),NA,NA,NA,NA,NA,NA,NA
NA,NA,NA,la voiture,NA,a taty (*8),ə taty,a katy,a taty (*8),a taty (*8),a taty (*8),a taty (*8),NA
NA,NA,NA,NA,NA,a taty (*8),a taty (*8),a taty (*8),NA,NA,NA,NA,NA
NA,NA,NA,là-haut,NA,lao (*4),lao (*4),lao (*4),lao (*4),NA,NA,NA,NA
NA,NA,NA,le biberon,NA,ə meɔ,NA,NA,NA,NA,NA,NA,NA
NA,NA,NA,le chien,NA,a ʃø,NA,NA,NA,NA,NA,NA,NA
NA,NA,NA,le pain,NA,ə pɛ (*2),a pɛ (*2),ə pɛ (*2),a pɛ (*2),NA,NA,NA,NA
NA,NA,NA,marche pas,NA,afa,af pa (*6),af pa (*6),af pa (*6),af pa (*6),af pa (*6),af pa (*6),NA
NA,NA,NA,micro,NA,ikʁɔ,NA,NA,NA,NA,NA,NA,NA
NA,NA,NA,non ici,NA,nɔ ɕi,NA,NA,NA,NA,NA,NA,NA
NA,NA,NA,ok,NA,okɛ,NA,NA,NA,NA,NA,NA,NA
NA,NA,NA,ouais,NA,vɛ (*2),wɛ (*3),vɛ (*2),wɛ (*3),wɛ (*3),NA,NA,NA
NA,NA,NA,rouge,NA,wuʃ,luʃ (*3),luʃ (*3),luʃ (*3),NA,NA,NA,NA
NA,NA,NA,super,NA,əpɛ,NA,NA,NA,NA,NA,NA,NA
NA,NA,NA,tête,NA,a tetɛt,NA,NA,NA,NA,NA,NA,NA
NA,NA,NA,un autre,NA,a n ot,NA,NA,NA,NA,NA,NA,NA
NA,NA,NA,un deux,NA,a dø (*2),a dø (*2),NA,NA,NA,NA,NA,NA
NA,NA,NA,vert,NA,vɛ (*2),vɛ (*2),NA,NA,NA,NA,NA,NA
NA,NA,NA,voilà,NA,ala (*3),ala (*3),ala (*3),NA,NA,NA,NA,NA
Japanese,Taro,23,"oh, gone",aiʨ:at:a,ʌɪdʲəd:a,ʨɪt:a,NA,NA,NA,NA,NA,NA
NA,NA,NA,"hey, what's this?",anandakoɾe,ʌnʌndʌkɔɛ,NA,NA,NA,NA,NA,NA,NA
NA,NA,NA,hot,at:sɯi (im.),aʔʨʊɪ,NA,NA,NA,NA,NA,NA,NA
NA,NA,NA,baby,bebi:,da:bi,abebi,bibiʔ,bebɪ,be:bɪ:,NA,NA,NA
NA,NA,NA,ball,bo:ɾɯ,bɔ,bɔʔ,pom (*2),pom (*2),NA,NA,NA,NA
NA,NA,NA,car,bɯbɯ,əbʊ:bʊ,NA,NA,NA,NA,NA,NA,NA
NA,NA,NA,train,den=ɕa,dʑɛ:dʑaʔ,dɛ:dʑaʔ,dɛdʑa,dʌʃaʔ (*2),dʌʃaʔ (*2),NA,NA,NA
NA,NA,NA,bath/sound of pouring water,dʑadʑa,ʝeʝaʰə,dʲədʲə,ʤɯʤɯʔ,ʝaʝaʔ,ʤəʤəʔ,NA,NA,NA
NA,NA,NA,"pencil, writing",dʑidʑi,dʑɪɕɪʔ,NA,NA,NA,NA,NA,NA,NA
NA,NA,NA,juice,dʑɯ:sɯ,ʝɨʝɨ,dɔ:tʲə,ʝɯʝɯʔ,NA,NA,NA,NA,NA
NA,NA,NA,here you are,hai,haɪ,haɪ (wh),NA,NA,NA,NA,NA,NA
NA,NA,NA,went in,hait:a,haɪt:a,NA,NA,NA,NA,NA,NA,NA
NA,NA,NA,book,hon  (im.),həʔ (*3),həʔ (*3),həʔ (*3),NA,NA,NA,NA,NA
NA,NA,NA,ouch,itai,ʌɪta:ɪ,ʌɪtaʔ,NA,NA,NA,NA,NA,NA
NA,NA,NA,found (s'th),itai,aɪta:,NA,NA,NA,NA,NA,NA,NA
NA,NA,NA,here,koko,gɔ:kɔ,NA,NA,NA,NA,NA,NA,NA
NA,NA,NA,cookie,kɯk:i:,tʲʊk:ʊ (wh),tʲʊk:ə,NA,NA,NA,NA,NA,NA
NA,NA,NA,shoes,kɯtsɯ,guʨ:ʊ (*3),kʊʨ:ʊ,gʊʨ:ɪ,gʊʨ:ʊʔ,guʨ:ʊ (*3),guʨ:ʊ (*3),NA,NA
NA,NA,NA,all gone,nainai,nʲænʲɛ,NA,NA,NA,NA,NA,NA,NA
NA,NA,NA,what's this?,nanikoɾe,naɪkɔɛ,NA,NA,NA,NA,NA,NA,NA
NA,NA,NA,sleep,nen:e,əneneʔ,nen:e,njɛn:ɛʔ (*3),nɛn:ɛ,nʲɛn:eʔ,njɛn:ɛʔ (*3),njɛn:ɛʔ (*3),NA
NA,NA,NA,cat/meow,njan,njæ (*3),njæ (*3),njæ (*3),NA,NA,NA,NA,NA
NA,NA,NA,got up,ok:iɕita (im.),taʔ,NA,NA,NA,NA,NA,NA,NA
NA,NA,NA,eyes,omeme (im.),m:emɛʔ,NA,NA,NA,NA,NA,NA,NA
NA,NA,NA,fish,ototo,ɔtɔtɔ,NA,NA,NA,NA,NA,NA,NA
NA,NA,NA,biting sound,pakɯn,hapŋ (*5),apŋ (*7),hapŋ (*5),hapŋ (*5),hapŋ (*5),hapŋ (*5),NA,NA
NA,NA,NA,NA,NA,apŋ (*7),apŋ (*7),apŋ (*7),apŋ (*7),apŋ (*7),apŋ (*7),NA,NA
NA,NA,NA,daddy,papa,pɑp:ɑ: (im.),pʊp:ɑʔ,NA,NA,NA,NA,NA,NA
NA,NA,NA,bird,pipi,pʰipiʔ,NA,NA,NA,NA,NA,NA,NA
NA,NA,NA,splashing sound,piʨapiʨa,pɪtæpɪtɪ (wh),tæpt:æ,NA,NA,NA,NA,NA,NA
NA,NA,NA,apple,ɾiŋ=go,niŋgɔ (*3),niŋgɔ (*3),niŋgɔ (*3),NA,NA,NA,NA,NA
NA,NA,NA,alligator,wani,waɪ (*7),waɪ (*4),wʌ:ɪ,ʰɯwʌɪ,hɯwaɪ,wa:,NA,NA
NA,NA,NA,NA,NA,waɪ (*7),waɪ (*7),waɪ (*7),waɪ (*7),waɪ (*7),waɪ (*7),NA,NA
NA,NA,NA,NA,NA,waɪ (*4),waɪ (*4),waɪ (*4),NA,NA,NA,NA,NA
NA,NA,NA,doggy,wanwan,wawa,wawa (wh),wawa,NA,NA,NA,NA,NA
Welsh,Gwyn,17,adar,NA,ʔada,ʔaʰda:,NA,NA,NA,NA,NA,NA
NA,NA,NA,babi,NA,bab:i (x3),bab:i:,bab:i (x3),bab:i (x3),NA,NA,NA,NA
NA,NA,NA,blodau,NA,blab:la: (x4),blala,abʊla,blɒb:la:,blab:la,NA,NA,NA
NA,NA,NA,NA,NA,blab:la: (x4),blab:la: (x4),blab:la: (x4),NA,NA,NA,NA,NA
NA,NA,NA,Bwgan,NA,mbʊʔgan,həgam,NA,NA,NA,NA,NA,NA
NA,NA,NA,bwyd,NA,bʷʊid,bwid,NA,NA,NA,NA,NA,NA
NA,NA,NA,cadw (im.),NA,bʰad:ʊ,NA,NA,NA,NA,NA,NA,NA
NA,NA,NA,cloc,NA,klɒk,NA,NA,NA,NA,NA,NA,NA
NA,NA,NA,clown (im.),NA,glʊ,glʊi,NA,NA,NA,NA,NA,NA
NA,NA,NA,cwaccwac,NA,gʊag:ak,gagag:a:k,gaga:: (im.),NA,NA,NA,NA,NA
NA,NA,NA,dad,NA,dad (x3),dad (x3),dad (x3),NA,NA,NA,NA,NA
NA,NA,NA,dau,NA,daɪ (x2),dai,daɪ (x2),NA,NA,NA,NA,NA
NA,NA,NA,"dau, tri",NA,daidi (x2),daɪdə:dri,daɪdi (x2),daidi (x2),daɪdi (x2),NA,NA,NA
NA,NA,NA,diolch,NA,djaʊx,djaʊ,ʔaʊx,dijax,dɪjaʊf,NA,NA,NA
NA,NA,NA,NA,NA,tʃaʊx,dijaʊx,djaʊkx,NA,NA,NA,NA,NA
NA,NA,NA,eh-oh,NA,ʔah:aʊ,NA,NA,NA,NA,NA,NA,NA
NA,NA,NA,eliffant,NA,ʔeɪjʌ,NA,NA,NA,NA,NA,NA,NA
NA,NA,NA,giraffe,NA,dija,djɪaf,dʒaʔθija:f,NA,NA,NA,NA,NA
NA,NA,NA,glaw,NA,glaʊ,gl̩̩aʊ,NA,NA,NA,NA,NA,NA
NA,NA,NA,Guto,NA,xlʊda:,NA,NA,NA,NA,NA,NA,NA
NA,NA,NA,helo,NA,ʔalo:,ʔaləʊ:,ʔalu:,ʔalu,NA,NA,NA,NA
NA,NA,NA,hyp,NA,ʔʌp,NA,NA,NA,NA,NA,NA,NA
NA,NA,NA,Jac-y-Jwc (im.),NA,duʔdjʊk,NA,NA,NA,NA,NA,NA,NA
NA,NA,NA,lala(la),NA,lal:ala,lal:al,dɪlalal:a,NA,NA,NA,NA,NA
NA,NA,NA,lawr,NA,laʊ,NA,NA,NA,NA,NA,NA,NA
NA,NA,NA,llaw (im.),NA,laʊ,NA,NA,NA,NA,NA,NA,NA
NA,NA,NA,Lucy,NA,lʊi (x2),lʊi (x2),NA,NA,NA,NA,NA,NA
NA,NA,NA,mam,NA,mam: (x3),mam: (x3),mam: (x3),NA,NA,NA,NA,NA
NA,NA,NA,moo,NA,mu::,NA,NA,NA,NA,NA,NA,NA
NA,NA,NA,mwnci,NA,mʊŋki,gʊg:i,mʊŋgi,mʊk:i,NA,NA,NA,NA
NA,NA,NA,NA,NA,mukgi,mʊŋki:,mʊʔdʒi,mukdʒi,NA,NA,NA,NA
NA,NA,NA,mwy,NA,mʊi (x2),mʊi,mbʊi,mʊi (x2),NA,NA,NA,NA
NA,NA,NA,nain  (im.),NA,naɪ:n,naɪ:,NA,NA,NA,NA,NA,NA
NA,NA,NA,Noa,NA,nɔa,NA,NA,NA,NA,NA,NA,NA
NA,NA,NA,pain (im.),NA,bai,NA,NA,NA,NA,NA,NA,NA
NA,NA,NA,plop,NA,blab,NA,NA,NA,NA,NA,NA,NA
NA,NA,NA,sbinc-sbanc,NA,bɪʔdan,NA,NA,NA,NA,NA,NA,NA
NA,NA,NA,Smot,NA,map (x5),mʌp,map (x5),map (x5),map (x5),map (x5),NA,NA
NA,NA,NA,taid,NA,daɪd (x2),daɪd (x2),NA,NA,NA,NA,NA,NA
NA,NA,NA,tedi,NA,dɛd:i,NA,NA,NA,NA,NA,NA,NA
NA,NA,NA,Tinky-La-La,NA,dixkildadə,NA,NA,NA,NA,NA,NA,NA
NA,NA,NA,tri,NA,dʒi:,NA,NA,NA,NA,NA,NA,NA
NA,NA,NA,wy (im.),NA,ʔʊi,NA,NA,NA,NA,NA,NA,NA
NA,Carys,18,da,NA,da,NA,NA,NA,NA,NA,NA,NA
NA,NA,NA,aw,NA,ʔaʊ (x4),ʔaʊ (x4),ʔaʊ (x4),ʔaʊ (x4),NA,NA,NA,NA
NA,NA,NA,chwech,NA,dax,NA,NA,NA,NA,NA,NA,NA
NA,NA,NA,coch (im.),NA,ka:x,NA,NA,NA,NA,NA,NA,NA
NA,NA,NA,dad (im.),NA,tat,NA,NA,NA,NA,NA,NA,NA
NA,NA,NA,dau tri pedwar,NA,daɪtʃibi,NA,NA,NA,NA,NA,NA,NA
NA,NA,NA,do,NA,da,NA,NA,NA,NA,NA,NA,NA
NA,NA,NA,eira,NA,ʔɛɪja  (im.),wija,NA,NA,NA,NA,NA,NA
NA,NA,NA,eisio,NA,iʃɪɑ,ʔɪsɛʊ,NA,NA,NA,NA,NA,NA
NA,NA,NA,gaggag,NA,ga:gakʰ,NA,NA,NA,NA,NA,NA,NA
NA,NA,NA,glas  (im.),NA,gax,NA,NA,NA,NA,NA,NA,NA
NA,NA,NA,hiya,NA,haɪja,aɪa,NA,NA,NA,NA,NA,NA
NA,NA,NA,hwnna,NA,hʊna,ʊna,NA,NA,NA,NA,NA,NA
NA,NA,NA,ia,NA,iʌ,NA,NA,NA,NA,NA,NA,NA
NA,NA,NA,La-La,NA,ʊaʊa,NA,NA,NA,NA,NA,NA,NA
NA,NA,NA,lorry (im.),NA,lali,NA,NA,NA,NA,NA,NA,NA
NA,NA,NA,Lucy,NA,ditli,NA,NA,NA,NA,NA,NA,NA
NA,NA,NA,mam,NA,mam,mæ:m (x2),ma:m,mæ:m (x2),NA,NA,NA,NA
NA,NA,NA,Meira,NA,mija,mi:ʌʔ,meia,NA,NA,NA,NA,NA
NA,NA,NA,na,NA,na: (x2),n:a:,ʔə::na:,na: (x2),NA,NA,NA,NA
NA,NA,NA,nain  (im.),NA,nain,NA,NA,NA,NA,NA,NA,NA
NA,NA,NA,paid (im.),NA,baɪ:,NA,NA,NA,NA,NA,NA,NA
NA,NA,NA,plis (im.),NA,pis,NA,NA,NA,NA,NA,NA,NA
NA,NA,NA,pws,NA,pus,NA,NA,NA,NA,NA,NA,NA
NA,NA,NA,taid  (im.),NA,gab,NA,NA,NA,NA,NA,NA,NA
NA,NA,NA,tata (im.),NA,dada,χada,ata,NA,NA,NA,NA,NA
NA,NA,NA,tedi,NA,tɪdi:,dʒɪdʒ:ɨ,tʃɪd:ɨ,NA,NA,NA,NA,NA
NA,NA,NA,tractor,NA,ax,NA,NA,NA,NA,NA,NA,NA
NA,NA,NA,tri,NA,dɪ::,NA,NA,NA,NA,NA,NA,NA
NA,NA,NA,tyrd,NA,tʰɪd,NA,NA,NA,NA,NA,NA,NA
NA,Fflur,17,da,NA,tθa: (x2),θa,tθa: (x2),NA,NA,NA,NA,NA
NA,NA,NA,afal,NA,ʌwo,NA,NA,NA,NA,NA,NA,NA
NA,NA,NA,aw,NA,ʔaʊ (x3),ʔax,ʔaʊ:tθ,ʊaʊ,ʔaʊ (x3),ʔaʊ (x3),NA,NA
NA,NA,NA,banana,NA,nam:a,NA,NA,NA,NA,NA,NA,NA
NA,NA,NA,beic,NA,gɛg,NA,NA,NA,NA,NA,NA,NA
NA,NA,NA,blodyn,NA,goðan,NA,NA,NA,NA,NA,NA,NA
NA,NA,NA,boch,NA,ʔɒx,NA,NA,NA,NA,NA,NA,NA
NA,NA,NA,bwni,NA,ʔɛɲ:ɛ (x2),hʊni,ʔʌn:a,ʔʌɲ:ɛ,ʔʌnɛ,ʔʌn:a,NA,NA
NA,NA,NA,NA,NA,ʔʌŋe,nane:,ʔɛɲ:ɛ (x2),ʔʌn:e:,ʔʌnɛ,NA,NA,NA
NA,NA,NA,crocodeil,NA,gog:og:ʊan,NA,NA,NA,NA,NA,NA,NA
NA,NA,NA,cwaccwac,NA,gagak,NA,NA,NA,NA,NA,NA,NA
NA,NA,NA,diod,NA,ʔɒd,dad,NA,NA,NA,NA,NA,NA
NA,NA,NA,do,NA,dɔ,NA,NA,NA,NA,NA,NA,NA
NA,NA,NA,drwg,NA,dakx,gʊk,kʊx,gox,gʊɔk,gok,NA,NA
NA,NA,NA,dwr,NA,kʰʊx,NA,NA,NA,NA,NA,NA,NA
NA,NA,NA,eto,NA,tʰɒ,ʔəθax,ʔəθdox,NA,NA,NA,NA,NA
NA,NA,NA,fan’cw,NA,kʰux,klʊ,NA,NA,NA,NA,NA,NA
NA,NA,NA,fanna,NA,na,ma,NA,NA,NA,NA,NA,NA
NA,NA,NA,ffork,NA,gaʊk,NA,NA,NA,NA,NA,NA,NA
NA,NA,NA,fyna,NA,ʔɛn:æ:,ʔəm:a,ʔʌm:ə,NA,NA,NA,NA,NA
NA,NA,NA,gwag,NA,ŋgak (x3),ŋgak (x3),ŋgak (x3),NA,NA,NA,NA,NA
NA,NA,NA,gwallt,NA,ʔax,NA,NA,NA,NA,NA,NA,NA
NA,NA,NA,hwnna,NA,henɛ,ʔəɲa,ʔɔn:a,NA,NA,NA,NA,NA
NA,NA,NA,llaw,NA,ʔaʊ,NA,NA,NA,NA,NA,NA,NA
NA,NA,NA,mam,NA,mam,mam,xa:m,NA,NA,NA,NA,NA
NA,NA,NA,moron,NA,ʔɒwan,həwɛn,ʔɒvɛn,ʔəvɛd,bɔɪðlʌn,ʔɒuon,ʔəwʌn,NA
NA,NA,NA,mwnci,NA,gʌg:ɪ,kiʰte,kʰʌg:ɪʔ,NA,NA,NA,NA,NA
NA,NA,NA,na,NA,na,na,NA,NA,NA,NA,NA,NA
NA,NA,NA,pêl,NA,bɛn,ʔɛn,NA,NA,NA,NA,NA,NA
NA,NA,NA,Po,NA,xɔ,hɔa:,NA,NA,NA,NA,NA,NA
NA,NA,NA,pws,NA,ʔɒθ,ʔaʌ:s,ʔʊ:v,ʔɪə ð,NA,NA,NA,NA
NA,NA,NA,rhein,NA,mɛn,NA,NA,NA,NA,NA,NA,NA
NA,NA,NA,sos goch,NA,ɔʔɔx,NA,NA,NA,NA,NA,NA,NA
NA,NA,NA,styc,NA,ʔmkɔkx,NA,NA,NA,NA,NA,NA,NA
NA,NA,NA,syrthio,NA,ʔʌs:a,ʔəzɒ,ʔəsui,tθ:iɒ,NA,NA,NA,NA
NA,NA,NA,tê,NA,nda,NA,NA,NA,NA,NA,NA,NA
NA,Elen,18,Bryn,NA,həʊbbɪn,NA,NA,NA,NA,NA,NA,NA
NA,NA,NA,baba fyna,NA,baba:əʊa,NA,NA,NA,NA,NA,NA,NA
NA,NA,NA,babi,NA,baba,babab (x4),bəbab,babab (x4),babab (x4),babab (x4),NA,NA
NA,NA,NA,beic,NA,gakʰ,NA,NA,NA,NA,NA,NA,NA
NA,NA,NA,biscuit,NA,gɪt,NA,NA,NA,NA,NA,NA,NA
NA,NA,NA,Bryn (im.),NA,bɪn,NA,NA,NA,NA,NA,NA,NA
NA,NA,NA,ceg,NA,dɪtʰ,NA,NA,NA,NA,NA,NA,NA
NA,NA,NA,choochoo (im.),NA,dʊʔtʃɪɔ:,NA,NA,NA,NA,NA,NA,NA
NA,NA,NA,cloc,NA,gɒkʰ,NA,NA,NA,NA,NA,NA,NA
NA,NA,NA,da/diolch,NA,da:,NA,NA,NA,NA,NA,NA,NA
NA,NA,NA,dad,NA,dat,datʰ,NA,NA,NA,NA,NA,NA
NA,NA,NA,"dau, tri",NA,daitxi:,daɪ:ʃɹɪ:,hʊdatsi:,daχi:,NA,NA,NA,NA
NA,NA,NA,"dau, tri, pedwar",NA,daɪ:tʃidida,daɪ:dzigogak,daɪ:ʃwitʰiba,NA,NA,NA,NA,NA
NA,NA,NA,Dipsi,NA,dɪsi:,NA,NA,NA,NA,NA,NA,NA
NA,NA,NA,geegee,NA,thidi,gɪdʒi,NA,NA,NA,NA,NA,NA
NA,NA,NA,gwgalu,NA,gʊgələʊ:,NA,NA,NA,NA,NA,NA,NA
NA,NA,NA,hello,NA,ələʊ,ʔʊəu,hələʊ:,NA,NA,NA,NA,NA
NA,NA,NA,hiya,NA,heɪjʌ,ʃeɪja,NA,NA,NA,NA,NA,NA
NA,NA,NA,hwnna,NA,hʊwɑ,NA,NA,NA,NA,NA,NA,NA
NA,NA,NA,tedi,NA,tʰide,NA,NA,NA,NA,NA,NA,NA
NA,NA,NA,ie,NA,ijə (x2),hijə,ijə (x2),NA,NA,NA,NA,NA
NA,NA,NA,La-La,NA,ɥawa (x2),awa,ɥawa (x2),NA,NA,NA,NA,NA
NA,NA,NA,llwy fana,NA,ɬivana,NA,NA,NA,NA,NA,NA,NA
NA,NA,NA,llyga(dau),NA,gʌga,ɬaxa,NA,NA,NA,NA,NA,NA
NA,NA,NA,oh god,NA,hɒ:ga:t,ʔʊʔə:gɒ:tʰ,aʰgɔ:d,NA,NA,NA,NA,NA
NA,NA,NA,pêl,NA,pa:l,NA,NA,NA,NA,NA,NA,NA
NA,NA,NA,pêl fyna,NA,bal.əla,pal.əla,pəl.əla,NA,NA,NA,NA,NA
NA,NA,NA,pen,NA,bən (x2),pən,bən (x2),NA,NA,NA,NA,NA
NA,NA,NA,pen fyna,NA,pənəna,NA,NA,NA,NA,NA,NA,NA
NA,NA,NA,Po,NA,pəʊ,NA,NA,NA,NA,NA,NA,NA
NA,NA,NA,seesaw,NA,mʌsɪsɪjɔ,NA,NA,NA,NA,NA,NA,NA
NA,NA,NA,tata,NA,dəda:,NA,NA,NA,NA,NA,NA,NA
NA,NA,NA,tedi,NA,tʰədi,tsədi,NA,NA,NA,NA,NA,NA
NA,NA,NA,trwyn,NA,tʰʊna,səʊ,NA,NA,NA,NA,NA,NA
NA,NA,NA,uh-oh,NA,haʔəʊ:,ʔʊʔəʊ:,ʔʊʔ:əʊ,NA,NA,NA,NA,NA
French,Adeline,25,au revoir,oʁəvwaʁ,ova,NA,NA,NA,NA,NA,NA,NA
NA,NA,NA,NA,NA,ova,NA,NA,NA,NA,NA,NA,NA
NA,NA,NA,NA,NA,bwa,NA,NA,NA,NA,NA,NA,NA
NA,NA,NA,NA,NA,ɔpa,NA,NA,NA,NA,NA,NA,NA
NA,NA,NA,NA,NA,ovwa,NA,NA,NA,NA,NA,NA,NA
NA,NA,NA,NA,NA,o va (*2),NA,NA,NA,NA,NA,NA,NA
NA,NA,NA,NA,NA,o pa,NA,NA,NA,NA,NA,NA,NA
NA,NA,NA,NA,NA,o va (*2),NA,NA,NA,NA,NA,NA,NA
NA,NA,NA,bain,bɛ,da,NA,NA,NA,NA,NA,NA,NA
NA,NA,NA,NA,NA,adla (i),NA,NA,NA,NA,NA,NA,NA
NA,NA,NA,bisou,bizu,ado,NA,NA,NA,NA,NA,NA,NA
NA,NA,NA,NA,NA,ɛdu,NA,NA,NA,NA,NA,NA,NA
NA,NA,NA,NA,NA,atu (*2),NA,NA,NA,NA,NA,NA,NA
NA,NA,NA,NA,NA,ətu,NA,NA,NA,NA,NA,NA,NA
NA,NA,NA,NA,NA,atu (*2),NA,NA,NA,NA,NA,NA,NA
NA,NA,NA,bobo,bobo,aboβo,NA,NA,NA,NA,NA,NA,NA
NA,NA,NA,NA,NA,abobu (*2),NA,NA,NA,NA,NA,NA,NA
NA,NA,NA,NA,NA,abobu (*2),NA,NA,NA,NA,NA,NA,NA
NA,NA,NA,boum,bum,bu (*6),NA,NA,NA,NA,NA,NA,NA
NA,NA,NA,NA,NA,ɔpu,NA,NA,NA,NA,NA,NA,NA
NA,NA,NA,NA,NA,a bu,NA,NA,NA,NA,NA,NA,NA
NA,NA,NA,NA,NA,apu,NA,NA,NA,NA,NA,NA,NA
NA,NA,NA,NA,NA,pu (*3),NA,NA,NA,NA,NA,NA,NA
NA,NA,NA,NA,NA,bubu,NA,NA,NA,NA,NA,NA,NA
NA,NA,NA,NA,NA,pu (*3),NA,NA,NA,NA,NA,NA,NA
NA,NA,NA,NA,NA,pu (*3),NA,NA,NA,NA,NA,NA,NA
NA,NA,NA,NA,NA,bu (*6),NA,NA,NA,NA,NA,NA,NA
NA,NA,NA,NA,NA,bu (*6),NA,NA,NA,NA,NA,NA,NA
NA,NA,NA,NA,NA,bu (*6),NA,NA,NA,NA,NA,NA,NA
NA,NA,NA,NA,NA,bu (*6),NA,NA,NA,NA,NA,NA,NA
NA,NA,NA,NA,NA,bu (*6),NA,NA,NA,NA,NA,NA,NA
NA,NA,NA,brosse,bʁɔs,ə gʁɔ,NA,NA,NA,NA,NA,NA,NA
NA,NA,NA,champs (i),ʃɑ,otɔ,NA,NA,NA,NA,NA,NA,NA
NA,NA,NA,chapeau,ʃapo,apo (*4),NA,NA,NA,NA,NA,NA,NA
NA,NA,NA,NA,NA,apo (*4),NA,NA,NA,NA,NA,NA,NA
NA,NA,NA,NA,NA,apo (*4),NA,NA,NA,NA,NA,NA,NA
NA,NA,NA,NA,NA,apo (*4),NA,NA,NA,NA,NA,NA,NA
NA,NA,NA,NA,NA,ə apu,NA,NA,NA,NA,NA,NA,NA
NA,NA,NA,NA,NA,apu (*2),NA,NA,NA,NA,NA,NA,NA
NA,NA,NA,NA,NA,abo,NA,NA,NA,NA,NA,NA,NA
NA,NA,NA,NA,NA,afo,NA,NA,NA,NA,NA,NA,NA
NA,NA,NA,NA,NA,apu (*2),NA,NA,NA,NA,NA,NA,NA
NA,NA,NA,chat,ʃa,va (*2),NA,NA,NA,NA,NA,NA,NA
NA,NA,NA,NA,NA,ə a va,NA,NA,NA,NA,NA,NA,NA
NA,NA,NA,NA,NA,va (*2),NA,NA,NA,NA,NA,NA,NA
NA,NA,NA,NA,NA,ala va,NA,NA,NA,NA,NA,NA,NA
NA,NA,NA,NA,NA,ba,NA,NA,NA,NA,NA,NA,NA
NA,NA,NA,NA,NA,pa a va,NA,NA,NA,NA,NA,NA,NA
NA,NA,NA,NA,NA,a ba,NA,NA,NA,NA,NA,NA,NA
NA,NA,NA,NA,NA,a va (i),NA,NA,NA,NA,NA,NA,NA
NA,NA,NA,NA,NA,la va,NA,NA,NA,NA,NA,NA,NA
NA,NA,NA,NA,NA,o va,NA,NA,NA,NA,NA,NA,NA
NA,NA,NA,NA,NA,va ba ba,NA,NA,NA,NA,NA,NA,NA
NA,NA,NA,coucou,kuku,kuku (*6),NA,NA,NA,NA,NA,NA,NA
NA,NA,NA,NA,NA,kuku (*6),NA,NA,NA,NA,NA,NA,NA
NA,NA,NA,NA,NA,kuku (*6),NA,NA,NA,NA,NA,NA,NA
NA,NA,NA,NA,NA,kuku (*6),NA,NA,NA,NA,NA,NA,NA
NA,NA,NA,NA,NA,kuku (*6),NA,NA,NA,NA,NA,NA,NA
NA,NA,NA,NA,NA,kuku (*6),NA,NA,NA,NA,NA,NA,NA
NA,NA,NA,NA,NA,kuɣu,NA,NA,NA,NA,NA,NA,NA
NA,NA,NA,NA,NA,ə kohko,NA,NA,NA,NA,NA,NA,NA
NA,NA,NA,NA,NA,a kugu,NA,NA,NA,NA,NA,NA,NA
NA,NA,NA,NA,NA,aku (i),NA,NA,NA,NA,NA,NA,NA
NA,NA,NA,dodo (i),dodo,tutu,NA,NA,NA,NA,NA,NA,NA
NA,NA,NA,en dehors (i),ɑdəɔʁ,o da,NA,NA,NA,NA,NA,NA,NA
NA,NA,NA,encore,ɑkɔʁ,ɔkɔ (*10),NA,NA,NA,NA,NA,NA,NA
NA,NA,NA,NA,NA,ɔkɔ (*10),NA,NA,NA,NA,NA,NA,NA
NA,NA,NA,NA,NA,ɔkɔ (*10),NA,NA,NA,NA,NA,NA,NA
NA,NA,NA,NA,NA,ɔkɔ (*10),NA,NA,NA,NA,NA,NA,NA
NA,NA,NA,NA,NA,ɔkɔ (*10),NA,NA,NA,NA,NA,NA,NA
NA,NA,NA,NA,NA,ɔkɔ (*10),NA,NA,NA,NA,NA,NA,NA
NA,NA,NA,NA,NA,ɔkɔ (*10),NA,NA,NA,NA,NA,NA,NA
NA,NA,NA,NA,NA,ɔkɔ (*10),NA,NA,NA,NA,NA,NA,NA
NA,NA,NA,NA,NA,ɔkɔ (*10),NA,NA,NA,NA,NA,NA,NA
NA,NA,NA,NA,NA,ɔkɔ (*10),NA,NA,NA,NA,NA,NA,NA
NA,NA,NA,NA,NA,ako,NA,NA,NA,NA,NA,NA,NA
NA,NA,NA,NA,NA,okɔ,NA,NA,NA,NA,NA,NA,NA
NA,NA,NA,NA,NA,kɔ,NA,NA,NA,NA,NA,NA,NA
NA,NA,NA,NA,NA,ɔlkɔ,NA,NA,NA,NA,NA,NA,NA
NA,NA,NA,lave,lav,la,NA,NA,NA,NA,NA,NA,NA
NA,NA,NA,là,la,la (*4),NA,NA,NA,NA,NA,NA,NA
NA,NA,NA,NA,NA,la (*4),NA,NA,NA,NA,NA,NA,NA
NA,NA,NA,NA,NA,la (*4),NA,NA,NA,NA,NA,NA,NA
NA,NA,NA,NA,NA,la (*4),NA,NA,NA,NA,NA,NA,NA
NA,NA,NA,NA,NA,da,NA,NA,NA,NA,NA,NA,NA
NA,NA,NA,NA,NA,da ta,NA,NA,NA,NA,NA,NA,NA
NA,NA,NA,maman,mamɑ,mamɑ,NA,NA,NA,NA,NA,NA,NA
NA,NA,NA,NA,NA,mamɑ,NA,NA,NA,NA,NA,NA,NA
NA,NA,NA,NA,NA,mamɑ,NA,NA,NA,NA,NA,NA,NA
NA,NA,NA,miaou,mjau,vau (*2),NA,NA,NA,NA,NA,NA,NA
NA,NA,NA,NA,NA,vau (*2),NA,NA,NA,NA,NA,NA,NA
NA,NA,NA,NA,NA,mau,NA,NA,NA,NA,NA,NA,NA
NA,NA,NA,moi,mwa,ma,NA,NA,NA,NA,NA,NA,NA
NA,NA,NA,non,nɔ,no (*2),NA,NA,NA,NA,NA,NA,NA
NA,NA,NA,NA,NA,no (*2),NA,NA,NA,NA,NA,NA,NA
NA,NA,NA,oh,o,o (*3),NA,NA,NA,NA,NA,NA,NA
NA,NA,NA,NA,NA,o (*3),NA,NA,NA,NA,NA,NA,NA
NA,NA,NA,oh,o,o (*3),NA,NA,NA,NA,NA,NA,NA
NA,NA,NA,oiseau (i),wazo,əʒlo,NA,NA,NA,NA,NA,NA,NA
NA,NA,NA,papa,papa,papa (*2),NA,NA,NA,NA,NA,NA,NA
NA,NA,NA,NA,NA,papa (*2),NA,NA,NA,NA,NA,NA,NA
NA,NA,NA,NA,NA,a papa,NA,NA,NA,NA,NA,NA,NA
NA,NA,NA,parti (i),paʁti,ate,NA,NA,NA,NA,NA,NA,NA
NA,NA,NA,tiens,tjɛ,ta (*4),NA,NA,NA,NA,NA,NA,NA
NA,NA,NA,NA,NA,ta (*4),NA,NA,NA,NA,NA,NA,NA
NA,NA,NA,NA,NA,ta (*4),NA,NA,NA,NA,NA,NA,NA
NA,NA,NA,NA,NA,ta (*4),NA,NA,NA,NA,NA,NA,NA
NA,NA,NA,trois (i),tʁwa,ka,NA,NA,NA,NA,NA,NA,NA
NA,NA,NA,vachou (i),vaʃu,oʒu,NA,NA,NA,NA,NA,NA,NA
NA,NA,NA,voilà,vwala,wala,NA,NA,NA,NA,NA,NA,NA
NA,NA,NA,NA,NA,ala,NA,NA,NA,NA,NA,NA,NA
NA,NA,NA,voiture (i),vwatyʁ,atu (*2),NA,NA,NA,NA,NA,NA,NA
NA,NA,NA,NA,NA,atu (*2),NA,NA,NA,NA,NA,NA,NA
NA,NA,NA,vroum,vʁum,wu,NA,NA,NA,NA,NA,NA,NA
